scopus_id,doi,year,journal,title,sample_us_label,evidence_field,evidence_quote,rationale,us_and_non_us_samples_reported,metadata_sha256,abstract_sha256,reviewer,reviewer_type,review_date,human_validated,annotation_version,article_url,credited_authids,credited_researchers,n_credited_researchers,metadata_sample_us_label,source_review,fulltext_filename,fulltext_page,fulltext_source_sha256
77955164049,10.1111/j.1741-3737.2010.00736.x,2010,Journal of Marriage and Family,Migration decisions within dual-earner partnerships: A test of bargaining theory,non_us,abstract,European couples,The experimental respondents are explicitly European couples.,false,6a39094d618e281d43326b7172018e48fe7253312a5a7384d09a80731c94326e,2e3fcdd211e29b9df742dfc248dbe9fb8206eb82989ebc05245d066301d98112,Codex (GPT-6),AI_assisted,2026-09-09,false,top100_2010_metadata_v1,https://doi.org/10.1111/j.1741-3737.2010.00736.x,17345249500|7003772257,Martin Abraham; Thomas Hinz,2,non_us,metadata,,,
77956761607,10.1080/1533015X.2010.510025,2010,Applied Environmental Education and Communication,Feeling good and doing good for the environment: The use of emotional appeals in pro- environmental public service announcements,unclear,abstract,Using a survey experiment,Environmental appeals do not identify respondents' country.,false,2876446386b24260d48e737243a1e3e5c01a113701a554a3299d08910f0abee1,dc6206d476b8da029dcab0079f056e5c04b113c2c968888d4111754765f3c380,Codex (GPT-6),AI_assisted,2026-09-09,false,top100_2010_metadata_v1,https://doi.org/10.1080/1533015X.2010.510025,57203655130,Kathleen Searles,1,unclear,metadata,,,
80051637855,10.1007/s11577-011-0136-3,2011,Kolner Zeitschrift Fur Soziologie Und Sozialpsychologie,Choice-experiments and the measurement of behavioral decisions in sociology,not_applicable,abstract,choice experiments are introduced in their main features,Methods exposition; no identifiable original experimental sample in the metadata.,false,b0643aa0ef1aa6c91cbda9956d3987a9b7fa5debcdfc66e78200ade819d8bb5b,4cd3ec0e597013883889b9973ce60d5ae543da2faa9fb709e6d8c5dfbcfe794e,Codex (GPT-6),AI_assisted,2026-09-09,false,top100_2010_metadata_v1,https://doi.org/10.1007/s11577-011-0136-3,23982874600|17345075500,Ulf Liebe; Katrin Auspurg,2,not_applicable,metadata,,,
80052366764,10.1007/s11127-010-9655-0,2011,Public Choice,The limited effects of testimony on political persuasion,us_inferred,abstract,congressional or court testimony,Experiments address persuasion by congressional testimony in a US institutional context; participant country is inferred.,false,95bedd0477d6ff8886d88892a22e3b0e4829665c975559559d60a8f031b3f56b,b6fce239c6742ba98b0130430d806e05cc10806fc100f27c8aa23d2b68fd052d,Codex (GPT-6),AI_assisted,2026-09-09,false,top100_2010_metadata_v1,https://doi.org/10.1007/s11127-010-9655-0,35759060800,Brendan Nyhan,1,us_inferred,metadata,,,
80054939891,10.1017/S1049096511001247,2011,PS Political Science and Politics,Are financial or moral scandals worse? It depends,unclear,abstract,an experiment embedded in a national survey,The country of the national survey is unspecified.,false,3ed0d23543c7ac42c33b7bcea0d090322e3260de7e544027e2299420d3d3a17d,3c92a3951cf40bd6182fb283a5604d70dca7f2794f1f1a40706809629784ddfb,Codex (GPT-6),AI_assisted,2026-09-09,false,top100_2010_metadata_v1,https://doi.org/10.1017/S1049096511001247,35745930100,David Doherty,1,unclear,metadata,,,
84857236813,10.1016/j.electstud.2011.07.003,2012,Electoral Studies,Testing the power of arguments in referendums: A Bradley-Terry approach,non_us,abstract,"Ontario, Canada",The experiment was conducted during an Ontario referendum.,false,a54374050ed09e2fadfcb84ac50c941c64d15c2fa498ad1091e2a079699e6200,f472a477546f524cd9a1ee36c5dfa63e79092b399062e079695ac67ff8ddb06d,Codex (GPT-6),AI_assisted,2026-09-09,false,top100_2010_metadata_v1,https://doi.org/10.1016/j.electstud.2011.07.003,15757402700,Peter John Loewen,1,non_us,metadata,,,
84861746768,10.1177/1043463112440684,2012,Rationality and Society,A simple mobility game for couples' migration decisions and some quasi-experimental evidence,non_us,full_text,A total of 303 Swiss and German couples,The original factorial survey recruited couples in Switzerland and Germany.,false,b759bbdcd4cbfbb238bf7c99afc7e18a7c9c4b6b8578139a84fbf538fc043d27,80dfe29e873a24462d29be3d33402b435ed3a7caccf16253f609d87a0db86b46,Codex (GPT-6),AI_assisted,2026-09-09,false,top100_2010_metadata_v1,https://doi.org/10.1177/1043463112440684,17345249500,Martin Abraham,1,unclear,full_text,84861746768.pdf,13,62a743f59ef6de1470c8746191c5828667a41e393d9cbcc5e9675afdd63c5ea7
84868652825,10.1177/1532440012442912,2012,State Politics and Policy Quarterly,Familiar Choices: Reconsidering the Institutional Effects of the Direct Initiative,us_inferred,abstract,voters in initiative states,Initiative-state versus noninitiative-state voters and ballot-measure framing support a US electoral-context inference.,false,bc838a8d9bac2b7d025c76d9e74164647cffc4c3b09d760e046557748db19a8b,36b6aee9ebfcf119a7e1b62eaed49afa483189cc4b440d4f6b53d33c96337d36,Codex (GPT-6),AI_assisted,2026-09-09,false,top100_2010_metadata_v1,https://doi.org/10.1177/1532440012442912,55461249300,Craig M. Burnett,1,us_inferred,metadata,,,
84870179613,10.1093/poq/nfs048,2012,Public Opinion Quarterly,How Citizens Respond to Combat Casualties,us_inferred,abstract,casualty from their home state,Home-state military casualties and Afghanistan war opinion support a US public-context inference.,false,4741a05da4ae2d90e205eaeba5da49b8e08f0c23f2e7016c46a88fc0b98d04d9,edf31958e4d9e8fff6364fdcfc27810bf972e635b657b0a4fb580e8460b7f977,Codex (GPT-6),AI_assisted,2026-09-09,false,top100_2010_metadata_v1,https://doi.org/10.1093/poq/nfs048,12767146800,Douglas L. Kriner,1,us_inferred,metadata,,,
84871858111,10.1097/NMD.0b013e31827ab283,2013,Journal of Nervous and Mental Disease,Stigma and adolescents with psychosis in the middle east: Implications for engaging in mental health treatment,non_us,abstract,One hundred four Jordanians,Respondents are explicitly Jordanian.,false,01e20abdc7c25b48fcf2952a3f914fe4a33475f2ccd7712ece22d1ca8a8df1d0,4f5eae7eb1cc8fef1da6e2ead3fbb02b8caf5044954ed9a36c9fb010440f9662,Codex (GPT-6),AI_assisted,2026-09-09,false,top100_2010_metadata_v1,https://doi.org/10.1097/NMD.0b013e31827ab283,14832646600,Robin E. Gearing,1,non_us,metadata,,,
84872322437,,2012,Zeitschrift Fur Familienforschung,Why commuting is no perfect solution: Preferences for different mobility forms in dual career couples,unclear,abstract,dual career couples,No country is identified for the couples in the experiment.,false,f7bfb69b299f454650ed7f28a49181686f8a6197914effcbfd7513cd81a30f9f,21ccae8f5dfc3aaaa90c62b4085ed2384c07c3497a1c7f4de11b3c5e40a6d043,Codex (GPT-6),AI_assisted,2026-09-09,false,top100_2010_metadata_v1,https://www.scopus.com/record/display.uri?eid=2-s2.0-84872322437,17345249500,Martin Abraham,1,unclear,metadata,,,
84874501501,10.1017/S0003055412000500,2013,American Political Science Review,How elite partisan polarization affects public opinion formation,us_inferred,abstract,U.S. politics,The experiment addresses opinion formation under US party polarization; location is inferred from the study context.,false,efc533adec234e2425ea84555f6ccf471499227d4bb935945ca7b33bb8d9adfd,42df1aff22e0627a9ed5beac76c26139fb01dc2ca96bdd2c3d692a49ee71abb9,Codex (GPT-6),AI_assisted,2026-09-09,false,top100_2010_metadata_v1,https://doi.org/10.1017/S0003055412000500,6603696960,James N. Druckman,1,us_inferred,metadata,,,
84876049317,10.1016/j.childyouth.2013.02.002,2013,Children and Youth Services Review,Is program structure related to stigma and community acceptance of justice-involved adolescents?,non_us,abstract,"A street survey of adults was conducted in Amman, Jordan.","Respondents were recruited in Amman, Jordan.",false,91bb2b3d3ff18f13a5f56c343e0b4a2e570e3d6b286de747706bc1a732f6b25e,74cf5ceb33b49f59f7e30b835e386e52cb7523927fcf63738905291e603eacef,Codex (GPT-6),AI_assisted,2026-09-09,false,top100_2010_metadata_v1,https://doi.org/10.1016/j.childyouth.2013.02.002,14832646600,Robin E. Gearing,1,non_us,metadata,,,
84878013138,10.1016/j.gloenvcha.2013.01.001,2013,Global Environmental Change,Effects of civil society involvement on popular legitimacy of global environmental governance,us_explicit,full_text,U.S. and Indian participants,"The sampling section identifies participants from the United States, India, and additional countries.",true,6c5452e72bca341ec4ce01e86420ff952f687e90e320d15115dbf237bf4087d8,989231bbb4be543ede65b229ff941d06d312403ec838186c3c681ecda2c0a7a6,Codex (GPT-6),AI_assisted,2026-09-09,false,top100_2010_metadata_v1,https://doi.org/10.1016/j.gloenvcha.2013.01.001,6602110388,Thomas Bernauer,1,unclear,full_text,84878013138.pdf,4,bd04b4a248ad6d15e845df5356b6597e73b3f4721ee064bfa933c39add039312
84878482584,10.1177/0003122413484923,2013,American Sociological Review,The Shadow of Indebtedness: Bridewealth and Norms Constraining Female Reproductive Autonomy,non_us,abstract,rural women in the Volta Region of Ghana,The vignette sample consists of women in Ghana.,false,946fa5444992cade54f629b99f9a805985be9bf6ab923e3bd6b99d18c7826a1e,bbd9f27bceacfbc9311a41915fc84a7013e05b04c489799d3228c8b52541030c,Codex (GPT-6),AI_assisted,2026-09-09,false,top100_2010_metadata_v1,https://doi.org/10.1177/0003122413484923,7102611306,Christine Horne,1,non_us,metadata,,,
84878661854,10.1080/01973533.2013.785402,2013,Basic and Applied Social Psychology,"A Further Test of the ""Party Over Policy"" Effect: Political Leadership and Ethnic Minority Policies",non_us,abstract,the native population in the Netherlands,The representative experimental survey sampled the Netherlands.,false,e82ccf5d39c04b328ae8b50960c691a6ed8a8c6ea23e7d02789a9dce3645a101,893d7ebfebb3b707b204d43d35c63f4dbffccdedc1b8b5182fe61c6c4c1f0014,Codex (GPT-6),AI_assisted,2026-09-09,false,top100_2010_metadata_v1,https://doi.org/10.1080/01973533.2013.785402,7006059165,Maykel Verkuyten,1,non_us,metadata,,,
84878955277,10.1002/pam.21702,2013,Journal of Policy Analysis and Management,An Experimental Test of the Expectancy-Disconfirmation Theory of Citizen Satisfaction,unclear,abstract,Participants in an Internet panel,The Internet panel's country is unspecified.,false,da56b5887b92ea30fd50da3ff444d3765250e6933fc016a8532fc4606994b0e6,3347c5b7b8a144b1f136828548879c8000c3de5bb880a3c55e02a440ff2698ad,Codex (GPT-6),AI_assisted,2026-09-09,false,top100_2010_metadata_v1,https://doi.org/10.1002/pam.21702,7003787305,Gregg G. Van Ryzin,1,unclear,metadata,,,
84881086329,10.1371/journal.pone.0071452,2013,Plos One,Impact of Contextual Factors and Substance Characteristics on Perspectives toward Cognitive Enhancement,non_us,abstract,Students in four German universities,The experimental respondents attended German universities.,false,9166edbd4d8c942dc880cdd17961c44e25826c40a64d8e29d77c555f9101035c,1fd94f6dc18b069fba0ec122e17d026bd2a70d01d79a2d28eeb13de9ba3fdd0b,Codex (GPT-6),AI_assisted,2026-09-09,false,top100_2010_metadata_v1,https://doi.org/10.1371/journal.pone.0071452,56063862300,Sebastian Sattler,1,non_us,metadata,,,
84884806119,10.2753/PMR1530-9576370104,2013,Public Performance and Management Review,The credibility of government performance reporting,us_inferred,abstract,Local governments in the United States,"The experiment evaluates US local-government performance reporting, supporting a US citizen-context inference.",false,bf80f8ca06a8a557be47876f1a8592d1b30c4b8d940dc036cc8c4e690d6ebf7d,d3a7f4d3de2405b2e2e4998087a8ef12fa202c6c7ca9eadcfbb7aaa6b3cf34b4,Codex (GPT-6),AI_assisted,2026-09-09,false,top100_2010_metadata_v1,https://doi.org/10.2753/PMR1530-9576370104,7003787305,Gregg G. Van Ryzin,1,us_inferred,metadata,,,
84887527789,10.1177/1065912912471203,2013,Political Research Quarterly,"Religious Value Priming, Threat, and Political Tolerance",unclear,abstract,data gathered in a survey experiment,Religious values and tolerance do not identify respondent geography.,false,30ad61628839c60df9b661a0a5c6bf9680c92550b4866850300bae2c55ad8176,e7016d9efa3cec24276f94823b24e9fc4f6da7d717b65cc454ac26dc6f75194f,Codex (GPT-6),AI_assisted,2026-09-09,false,top100_2010_metadata_v1,https://doi.org/10.1177/1065912912471203,24474160700,Brian R. Calfano,1,unclear,metadata,,,
84890418441,10.1007/s11109-013-9262-0,2015,Political Behavior,Ricochet: How Elite Discourse Politicizes Racial and Ethnic Identities,us_inferred,abstract,eligible but unregistered Latino voters,"Latino registration, immigration discourse and the presidential election support a US electoral-context inference.",false,af6dbe3abb865d32d116e65d6be7c4146514e8aa61dab46a10e540edd63a2f29,22cb9a0e054b8b0bfcc88e8587999b44ad1a6eca18bd3533fd246527e57b0c5f,Codex (GPT-6),AI_assisted,2026-09-09,false,top100_2010_metadata_v1,https://doi.org/10.1007/s11109-013-9262-0,35183713000,Efrén O. Pérez,1,us_inferred,metadata,,,
84891492083,10.1111/ajps.12054,2014,American Journal of Political Science,Informing the electorate? How party cues and policy information affect public opinion about initiatives,us_explicit,full_text,Our sample resembles California’s population,"The methods identify 1,000 Californian YouGov respondents in the initiative experiment.",false,8d12d379d29d2b15b34a3b3cee68997af1a0ae4a4bce2047253b6e8e387b5276,72bee2774034469dd2894553f87f61b09228735140ee10209452e926b2faf0e6,Codex (GPT-6),AI_assisted,2026-09-09,false,top100_2010_metadata_v1,https://doi.org/10.1111/ajps.12054,25654666600|35233806200,Cheryl Boudreau; Scott A. MacKenzie,2,unclear,full_text,84891492083.pdf,6,30b6ab653c7d5a80c55c7eeea9f75f6037a9a3d7190b54f1bbfc5fb1343461d3
84891494021,10.1111/1467-856X.12009,2014,British Journal of Politics and International Relations,"Prudence, principle and minimal heuristics: British public opinion toward the use of military force in Afghanistan and Libya",non_us,abstract,British survey respondents,The respondents and military-policy context are explicitly British.,false,45635362dbaac557294390524374724e4bc309db113e6f09fe48b0f90856ae95,800bf9dd018883c22398a0d063688e4e04959fa044988ea56ef0b7d30e8ef5ec,Codex (GPT-6),AI_assisted,2026-09-09,false,top100_2010_metadata_v1,https://doi.org/10.1111/1467-856X.12009,14034772300,Jason Reifler,1,non_us,metadata,,,
84892498539,10.1093/pan/mpt024,2014,Political Analysis,Causal inference in conjoint analysis: Understanding multidimensional choices via stated preference experiments,unclear,abstract,empirical applications to voter decision making and attitudes toward immigrants,The reported empirical applications do not locate their participants.,false,a1dca5fb2e047b37a6a01b7c30047f6ef33aabd135cf2cd2249a96361704ef0e,19a3d85598b04e5ebfff9923f2e1e4c9d6924c4d269132e2352f92c24e9277c5,Codex (GPT-6),AI_assisted,2026-09-09,false,top100_2010_metadata_v1,https://doi.org/10.1093/pan/mpt024,36159270600,Teppei Yamamoto,1,unclear,metadata,,,
84894064305,10.1186/1747-597X-9-8,2014,Substance Abuse Treatment Prevention and Policy,"Evaluating the drivers of and obstacles to the willingness to use cognitive enhancement drugs: The influence of drug characteristics, social environment, and personal characteristics",non_us,abstract,German universities,The web-based factorial survey sampled students at German universities.,false,f6d989f07f2bfd55ebfc4b7b5edbbe353be4793d7be9a4c8bf8f75d2cf0f6d38,58aca167999c2368f0fe0365aff866310f1fff3fb279e8c024883ed4b4382f7c,Codex (GPT-6),AI_assisted,2026-09-09,false,top100_2010_metadata_v1,https://doi.org/10.1186/1747-597X-9-8,56063862300,Sebastian Sattler,1,non_us,metadata,,,
84894591630,10.1080/00224545.2013.872595,2014,Journal of Social Psychology,With a little help from my friends: Bystander context and children's attitude toward peer helping,unclear,abstract,A total of 1246 children,The children's country is unspecified.,false,9bf65d8a574e1f74d927a926505bca12e975361d82727906b9a696e5907b12ed,b5f33939578fe45f3463648b67ebb55ee18cf367932d7ef9ce86cd1559aa3f36,Codex (GPT-6),AI_assisted,2026-09-09,false,top100_2010_metadata_v1,https://doi.org/10.1080/00224545.2013.872595,7006059165,Maykel Verkuyten,1,unclear,metadata,,,
84897032731,10.1017/S0022381613001436,2014,Journal of Politics,Understanding the party brand: Experimental evidence on the role of valence,us_inferred,abstract,both voters and state legislators,State-legislature party leadership and voter experiments support a US institutional-context inference.,false,1135d5fcfe1c822c3d5252bcb997d854565642ddc0518bcc9fc41d4c8591649a,8d7200e6eaf52849b6fc5e038f98bf6da9b1996ccaad1893cf9fd04d75b68dfd,Codex (GPT-6),AI_assisted,2026-09-09,false,top100_2010_metadata_v1,https://doi.org/10.1017/S0022381613001436,7401620196,Daniel M. Butler,1,us_inferred,metadata,,,
84897075398,10.1017/S0022381613001448,2014,Journal of Politics,"Investigating the president: Committee probes and presidential approval, 1953-2006",us_inferred,abstract,public support for the White House,The experimental intervention concerns congressional investigations of the US president.,false,d67eea3d6fc57df99e1abbee0af896ce446c4ea27e423cf4c9e7b16857f1921a,dca52d1e3d2318fa73d1b6857ef6c3710785a8e92faba7a59c2e2106f59fef35,Codex (GPT-6),AI_assisted,2026-09-09,false,top100_2010_metadata_v1,https://doi.org/10.1017/S0022381613001448,12767146800,Douglas L. Kriner,1,us_inferred,metadata,,,
84897780635,10.1007/s11577-013-0244-3,2014,Kolner Zeitschrift Fur Soziologie Und Sozialpsychologie,"Job-related migration decisions within partnerships. An experimental test of bargaining theory, frame-selection and low-cost-thesis",non_us,abstract,"PASS (Panel ""Arbeitsmarkt und soziale Sicherung"", 2011)",The named German labour-market and social-security panel identifies a German study setting.,false,a4aef6a1a7fd61a4eb912539c5bcbbf6a6cf66f261b3aa6265e1e66df8cceecb,899e548f01dff2c43b59137010ba2b25e9150eebe35ada7623587b3e1fbf59b5,Codex (GPT-6),AI_assisted,2026-09-09,false,top100_2010_metadata_v1,https://doi.org/10.1007/s11577-013-0244-3,17345075500|7003772257,Katrin Auspurg; Thomas Hinz,2,non_us,metadata,,,
84898753023,10.1542/peds.2013-2365,2014,Pediatrics,Effective messages in vaccine promotion: A randomized trial,us_explicit,abstract,residing in the United States,Experimental participants are explicitly US-resident parents.,false,b39a19385544a2f002d93861d4c31352aabc77676575732cafbeaf69a0236f24,0cb29e0a20600889fd015b5399404ca828e711b7fdb6be4bf89ea1f98dbf9b52,Codex (GPT-6),AI_assisted,2026-09-09,false,top100_2010_metadata_v1,https://doi.org/10.1542/peds.2013-2365,35759060800,Brendan Nyhan,1,us_explicit,metadata,,,
84901037027,10.1007/s11109-013-9238-0,2014,Political Behavior,The Influence of Partisan Motivated Reasoning on Public Opinion,us_explicit,full_text,representative of the U.S. population,The survey experiment used an Internet sample representing the US population.,false,b290a8f7dd9efcc67ddd20f34e333a44093c8011b612631dcc0bf59d453a8ac8,8dd866f2021d3d2593943e2ab7fad02d91dbbd1c0c4301b3e48735ba7b5e11e2,Codex (GPT-6),AI_assisted,2026-09-09,false,top100_2010_metadata_v1,https://doi.org/10.1007/s11109-013-9238-0,12794521600,Toby Bolsen,1,unclear,full_text,84901037027.pdf,10,546b18bc27792fbf9d46cb9ed3274ed39c1c2e38312aaeab6223bf98f7f500fa
84901278220,10.1177/1532440014529290,2014,State Politics and Policy Quarterly,Gubernatorial endorsements and ballot measure approval,us_inferred,abstract,gubernatorial endorsement,Governor endorsements of state ballot measures support a US state-election inference; no participant country is explicit.,false,4075c330b4910620ee1781d826bf229620bce1d57d2bf27968d9ab5fb6cf2608,099b5b7db172096fc2977221847ebd83cbe63c1ebb6fad9e54ef6bc5680d2738,Codex (GPT-6),AI_assisted,2026-09-09,false,top100_2010_metadata_v1,https://doi.org/10.1177/1532440014529290,55461249300,Craig M. Burnett,1,us_inferred,metadata,,,
84907224761,10.1126/science.1255484,2014,Science,Publication bias in the social sciences: Unlocking the file drawer,not_applicable,abstract,analyzing a known population of conducted studies,Publication-bias analysis of existing TESS studies; no original respondent experiment is identified in this article's metadata.,false,58accdc3c93c0fea36cabff480658d7ad6376f95c0b9ae6ef88e8262a88c6d52,301e83e04808692f57da9ea24b8a085f364669443f2a1630ae3a502b74b9ed8e,Codex (GPT-6),AI_assisted,2026-09-09,false,top100_2010_metadata_v1,https://doi.org/10.1126/science.1255484,55135830500,Gábor Simonovits,1,not_applicable,metadata,,,
84907224950,10.1177/0022002713492638,2014,Journal of Conflict Resolution,Reassessing American Casualty Sensitivity: The Mediating Influence of Inequality,us_explicit,abstract,Americans from states that suffered high casualty rates,The experimental results explicitly concern American respondents and their home states.,false,75baffdb88b058e619199ff14042887bfe0d5067b613fbea0091bc206ae8f11f,f98888009a3a340d8fbcc0ccdda4256db529b552b08ef51dde3aa80eae3bd2ef,Codex (GPT-6),AI_assisted,2026-09-09,false,top100_2010_metadata_v1,https://doi.org/10.1177/0022002713492638,12767146800,Douglas L. Kriner,1,us_explicit,metadata,,,
84907487526,10.1016/j.ssresearch.2014.08.017,2015,Social Science Research,Three experimental approaches to measure the social context dependence of prejudice communication and discriminatory behavior,unclear,abstract,Results of empirical studies,The methods article reports empirical studies without identifying sample countries.,false,ae56e16fec43ed1afda168cb9032986481e571ccbc524ed215e6c323cf256598,5ae8614a9f7db0292924736e270dfb1db77ad534326c7a840cb1e08e83c67ddd,Codex (GPT-6),AI_assisted,2026-09-09,false,top100_2010_metadata_v1,https://doi.org/10.1016/j.ssresearch.2014.08.017,23982874600,Ulf Liebe,1,unclear,metadata,,,
84908021986,10.1016/j.econlet.2014.09.020,2014,Economics Letters,Is ethnic discrimination due to distaste or statistics?,unclear,abstract,Employing a vignette experiment,Ethnic hiring discrimination does not by itself locate employers.,false,f6a8efea748ec3887106d770d40eedc4329171c1d00265e5e50b8d3b373e8da4,ee7291b0b35ba442fc09bab1a8cddc5c6d2cd668ed0a9734c9d9bbdf9de80cb9,Codex (GPT-6),AI_assisted,2026-09-09,false,top100_2010_metadata_v1,https://doi.org/10.1016/j.econlet.2014.09.020,55746145800,Stijn Baert,1,unclear,metadata,,,
84908554750,10.1177/0899764013487800,2014,Nonprofit and Voluntary Sector Quarterly,Impact of Government Funding on Donations to Arts Organizations: A Survey Experiment,us_inferred,abstract,National Endowment for the Arts,A US federal arts-funding treatment and dollar donations support a US policy-context inference.,false,cfe367cae5b4536c6f8f95ba15785d42ab77ed93d44c098adab65eca6c961229,f0cbe2e363957923c0baccb3bc911f3fafefca8fc1e56aeabb5db4eb2301ac56,Codex (GPT-6),AI_assisted,2026-09-09,false,top100_2010_metadata_v1,https://doi.org/10.1177/0899764013487800,7003787305,Gregg G. Van Ryzin,1,us_inferred,metadata,,,
84911475468,10.1177/0003122414555886,2014,American Sociological Review,Formal Rights and Informal Privileges for Same-Sex Couples: Evidence from a National Survey Experiment,us_inferred,abstract,individuals in the United States,The stated US population of interest and national survey support a US sample inference.,false,429609c2bd0420d69c89ba28065678c75147e702c4190e3baab404072c2ecf7f,f35d864146b63d3e9ea445d5972b76f8410a55eaadc10fc3a1974a5030008970,Codex (GPT-6),AI_assisted,2026-09-09,false,top100_2010_metadata_v1,https://doi.org/10.1177/0003122414555886,55636964600,Long Doan,1,us_inferred,metadata,,,
84918780367,10.1080/14719037.2013.798027,2015,Public Management Review,Benchmarks and Citizen Judgments of Local Government Performance: Findings from a survey experiment,unclear,abstract,fourth-grade reading proficiency of an elementary school,Grade terminology and state comparisons do not establish which country's panel was sampled.,false,bc88e10a78ac0c6489b00614bb9c3e8992ef182fc054b6f5dd424fb45192cc9a,96bb39091a059fa062a08bfc23c00669c082028c1d1e35d554ec2189758bf7a7,Codex (GPT-6),AI_assisted,2026-09-09,false,top100_2010_metadata_v1,https://doi.org/10.1080/14719037.2013.798027,7003787305,Gregg G. Van Ryzin,1,unclear,metadata,,,
84921455919,10.1016/j.ssresearch.2014.12.003,2015,Social Science Research,"Privacy, technology, and norms: The case of Smart Meters",us_explicit,full_text,we restricted the location to U.S. accounts,The researchers restricted Mechanical Turk eligibility to US accounts.,false,1f9452703ed94bcfc81d1f4474efe95bcc9ae39e39ea3b4d8624426889aa275c,2efe98c1a19ceaf0a1742e4168a44e3fdae65b27c301c63af247cc469a58d815,Codex (GPT-6),AI_assisted,2026-09-09,false,top100_2010_metadata_v1,https://doi.org/10.1016/j.ssresearch.2014.12.003,7102611306,Christine Horne,1,unclear,full_text,84921455919.pdf,5,13a1cecac32fb133a1f60bf40523d7165ff490243127c43b64200f52634fee83
84921984369,10.1016/j.vaccine.2014.11.017,2015,Vaccine,Does correcting myths about the flu vaccine work? An experimental evaluation of the effects of corrective information,us_inferred,abstract,in the United States,"The US influenza-vaccination problem, national survey and CDC intervention jointly support a US sample inference.",false,5c9ce1360f585d8cc10c8db20175c518ca785c781cd3b4578aefd842ce129a9b,4e697c7927991e43b52de211720ba29cb50c424b4ebbef77ed6dc578d1272442,Codex (GPT-6),AI_assisted,2026-09-09,false,top100_2010_metadata_v1,https://doi.org/10.1016/j.vaccine.2014.11.017,14034772300|35759060800,Jason Reifler; Brendan Nyhan,2,us_inferred,metadata,,,
84922321696,10.1080/10584609.2014.894160,2015,Political Communication,When Does Ballot Language Influence Voter Choices? Evidence from a Survey Experiment,us_inferred,keywords,Proposition 8,"The author keyword identifies California's Proposition 8 ballot contest, supporting a US electoral-context inference.",false,c9cae44de002e66b46ce22888ac32240931e974347c40c9d17236c05ec7a5cd4,08fed7ec798af24b3cf2c898a799f5c942d178448f193d801e2bd6853430683e,Codex (GPT-6),AI_assisted,2026-09-09,false,top100_2010_metadata_v1,https://doi.org/10.1080/10584609.2014.894160,55461249300,Craig M. Burnett,1,us_inferred,metadata,,,
84922551432,10.1111/bjdp.12065,2015,British Journal of Developmental Psychology,In-group bias in children's intention to help can be overpowered by inducing empathy,unclear,abstract,among children (8-13 years),No country is specified for the participating children.,false,eea6fddfe219463c78dd97854acfad0ca64434982f60d8d7b43ea44a44323ee6,6b6ab77a41bfc7a925e9438cc84ce54bcf7e818726c2afd1f6d9b874a21fad7e,Codex (GPT-6),AI_assisted,2026-09-09,false,top100_2010_metadata_v1,https://doi.org/10.1111/bjdp.12065,7006059165,Maykel Verkuyten,1,unclear,metadata,,,
84922814039,10.1177/0002716214555066,2015,Annals of the American Academy of Political and Social Science,Questionnaire Design Effects in Climate Change Surveys: Implications for the Partisan Divide,us_explicit,abstract,U.S. Democrats and Republicans,The experiment explicitly sampled US Democrats and Republicans.,false,f8e2b9f7d533e23cc6d3bedab24787b3588fa2753b35e6a3e47a452e30a68ad1,e523555705107c752f686b82a9b6adad749a2549fc06aa755670307dcfd054ed,Codex (GPT-6),AI_assisted,2026-09-09,false,top100_2010_metadata_v1,https://doi.org/10.1177/0002716214555066,25226021600,Jonathon P. Schuldt,1,us_explicit,metadata,,,
84922883219,10.1177/1532673X14548477,2015,American Politics Research,Party Labels and Vote Choice in Judicial Elections,us_inferred,abstract,a low-visibility state appellate court,State judicial elections with party labels identify a US institutional context; participant location is inferred.,false,7ab2696a720f95b28f572113c496a6d64c5eff423f5f8a05c4289d20ebf77b13,6768cc8adb2e05778464916a3a875c3c71e9b2af0634d9ac7521ce4a51890880,Codex (GPT-6),AI_assisted,2026-09-09,false,top100_2010_metadata_v1,https://doi.org/10.1177/1532673X14548477,55461249300,Craig M. Burnett,1,us_inferred,metadata,,,
84923552574,10.1073/pnas.1416587112,2015,Proceedings of the National Academy of Sciences of the United States of America,Validating vignette and conjoint survey experiments against real-world behavior,non_us,abstract,a natural experiment in Switzerland,The survey sample comes from the same Swiss population as the natural-experiment benchmark.,false,535fabdcf18ff0f6d1cf06d9c6beebbaac3a004ae8e648a645800aced367533d,eab05673024250bcdee5f8566c77c11a428c55f1582f79d38a4bfcf9b2af74a8,Codex (GPT-6),AI_assisted,2026-09-09,false,top100_2010_metadata_v1,https://doi.org/10.1073/pnas.1416587112,36159270600,Teppei Yamamoto,1,non_us,metadata,,,
84924257526,10.1017/S0007123413000343,2013,British Journal of Political Science,An 'a' for effort: Experimental evidence on UN security council engagement and support for US military action in Japan,non_us,abstract,"approximately 2,000 respondents in Japan",The US military-policy topic was evaluated by explicitly Japanese respondents.,false,00174befc6c70f9cd5492566d1ea45b12b090c5cac3510d13930ce216e07306f,fb77b236e70fc54a3563f2b7057ae27ec6ce798be99b2d9dc210159417c90e07,Codex (GPT-6),AI_assisted,2026-09-09,false,top100_2010_metadata_v1,https://doi.org/10.1017/S0007123413000343,55917294300,Atsushi Tago,1,non_us,metadata,,,
84927910242,10.1111/1467-923X.12128,2015,Political Quarterly,What do voters want from their local MP?,non_us,abstract,a national sample of British voters,The experimental respondents are explicitly British voters.,false,59053d17ed794397d821842a3196e2ba34986be1898ac9e6143b83bbff77af0a,35dbecf64d0a79701246cf63d1ccedf324d5da14f96d75436a44866cbe9f877d,Codex (GPT-6),AI_assisted,2026-09-09,false,top100_2010_metadata_v1,https://doi.org/10.1111/1467-923X.12128,37065230200,Markus Wagner,1,non_us,metadata,,,
84929260244,10.1111/puar.12387,2016,Public Administration Review,How Not to Increase Participation in Local Government: The Advantages of Experiments When Testing Policy Interventions,unclear,abstract,,Local government experiment without country.,false,5ae0ecb75656ce843c6058658719c31a1fc00e8fdd1a3c12dab815e5f239170e,889cb83b972d2a24a459cf4a3fe978322863bf7d3719474b6a1a2fd9cd66ac08,Codex (GPT-6),AI_assisted,2026-09-08,false,top100_metadata_v1,https://doi.org/10.1111/puar.12387,7401620196,Daniel M. Butler,1,unclear,metadata,,,
84929578243,10.1111/lsq.12074,2015,Legislative Studies Quarterly,How policy and procedure shape citizens' evaluations of senators,us_inferred,abstract,filibustering,State representation in the Senate and filibuster procedure support a US institutional-context inference.,false,ff03c4a8224a71821ff9c184391a0e1ef6001b941425cf06d2c80d07594618c8,da62a8bdb6893fdec5f73dc2367272804cb983f42d5488ec2ebfd328f34bd730,Codex (GPT-6),AI_assisted,2026-09-09,false,top100_2010_metadata_v1,https://doi.org/10.1111/lsq.12074,35745930100,David Doherty,1,us_inferred,metadata,,,
84929675895,10.1093/pan/mpv006,2015,Political Analysis,Underreporting in political science survey experiments: Comparing questionnaires to published results,not_applicable,abstract,examines published survey experiments,This article audits reporting of existing studies rather than identifying an original respondent experiment.,false,b3cd5f8aad5dd8f1d06732918dc778d4baf84196e2a69281cf87bf39261018d0,4c4595147c93da4ac9d37caf8519e533b7d8c2c0b9cce968bb2ccf6a1040f6b3,Codex (GPT-6),AI_assisted,2026-09-09,false,top100_2010_metadata_v1,https://doi.org/10.1093/pan/mpv006,55135830500,Gábor Simonovits,1,not_applicable,metadata,,,
84930584663,10.1177/1532673X14557273,2015,American Politics Research,Perceived Motives in the Political Arena,us_inferred,abstract,Joe Biden,The national surveys and motive experiments are embedded in a US political discussion including Biden's presidential candidacy.,false,c1f6cbb9e06f7dd22fd44121af328f96fa1cdd9fa7077d468c7cf6088924c8cf,b0db17972c53a18b2ee5b0807f276f9fa3a5a4117050bc8f15ec08c2530a0355,Codex (GPT-6),AI_assisted,2026-09-09,false,top100_2010_metadata_v1,https://doi.org/10.1177/1532673X14557273,35745930100,David Doherty,1,us_inferred,metadata,,,
84931077293,10.1111/puar.12406,2016,Public Administration Review,Interpreting Performance Information: Motivated Reasoning or Unbiased Comprehension,non_us,full_text,representative sample of Danish citizens,Both experiments recruited Danish citizens from an Internet panel.,false,5e60bcc92fdf84fbcee4ab9728e0b526e7cb7885e0683e0962ae8ab057f1c05e,903279b3242ba9ff6baff7c2aca90b2bf89701492e09304cdbbe392890c21d0b,Codex (GPT-6),AI_assisted,2026-09-09,false,top100_metadata_v1,https://doi.org/10.1111/puar.12406,35309171200,Martin Bækgaard,1,unclear,full_text,84931077293.pdf,11,365e70c9e74a283e1dd72de7564b1d3f81cc61764f4897ff007d540867bf6969
84931440609,10.1080/10967494.2015.1024905,2015,International Public Management Journal,Conducting Experiments in Public Management Research: A Practical Guide,not_applicable,abstract,provides advice on how to meet the practical challenges,Practical methods guide without an identifiable original experimental sample.,false,aa48cdbb3597608013061d820a75c30f6213e472784d30bcac821e7bbaecaf4c,fb04ba6a8e0ad379aa44598889db4cebbae0ab780d071660ac8bc9c0367052b4,Codex (GPT-6),AI_assisted,2026-09-09,false,top100_2010_metadata_v1,https://doi.org/10.1080/10967494.2015.1024905,35309171200,Martin Bækgaard,1,not_applicable,metadata,,,
84938501817,10.1111/ajps.12206,2016,American Journal of Political Science,How Politicians Discount the Opinions of Constituents with Whom They Disagree,unclear,abstract,,State and local officials without named country.,false,9ebb1797eebea590647575615e5289d5b6d47b151ecdd4bb982d33aaa0707718,7aa8cbb3767ca718edbab171b1b5365457365b02a20dfe9486bf4043263691c5,Codex (GPT-6),AI_assisted,2026-09-08,false,top100_metadata_v1,https://doi.org/10.1111/ajps.12206,7401620196,Daniel M. Butler,1,unclear,metadata,,,
84938946159,10.1016/j.envsci.2015.07.010,2015,Environmental Science and Policy,How robust is public support for unilateral climate policy?,us_explicit,abstract,India and the United States,Representative experimental surveys explicitly include both India and the US.,true,99c729cb7ce995adcbff34a0dad7684876010f43c64c012b431ea38c891241da,8db7c761498ccf39313a5a4ce3ac5e3102ed9a77cd92659fa79bcc7845a3ece5,Codex (GPT-6),AI_assisted,2026-09-09,false,top100_2010_metadata_v1,https://doi.org/10.1016/j.envsci.2015.07.010,6602110388,Thomas Bernauer,1,us_explicit,metadata,,,
84940214050,10.1111/puar.12325,2015,Public Administration Review,Activating the Forces of Public Service Motivation: Evidence from a Low-Intensity Randomized Survey Experiment,unclear,abstract,528 law students,The law students' country is unspecified.,false,13515cd0f8326dd893c99610fcc60d362ec7c905313e2a1681de6fd9a0f3f589,37ba0a95aaa67dd962e7514703948418744a6b54d565d0bee98bce2cdf5adcb3,Codex (GPT-6),AI_assisted,2026-09-09,false,top100_2010_metadata_v1,https://doi.org/10.1111/puar.12325,56734108300,Mogens Jin Pedersen,1,unclear,metadata,,,
84940822479,10.1093/jopart/mut051,2015,Journal of Public Administration Research and Theory,"Performance information, blame avoidance, and politicians' attitudes to spending and reform: Evidence from an experiment",non_us,abstract,844 Danish city councilors,The experiment explicitly sampled Danish city councilors.,false,897574042e6b5806f54114a1459e3ce805d415aa3027ac9164da9e53fc374fd1,e5cf3f6261f3d850e43fd4ab1833f3880a184281c37d5ac7887f23fc940b2374,Codex (GPT-6),AI_assisted,2026-09-09,false,top100_2010_metadata_v1,https://doi.org/10.1093/jopart/mut051,35309171200,Martin Bækgaard,1,non_us,metadata,,,
84941353207,10.1080/10584609.2015.1055526,2016,Political Communication,Elite Polarization and Public Opinion: How Polarization Is Communicated and Its Effects,us_inferred,abstract,American politics,Experiments follow analysis of US partisan polarization; sample location unstated.,false,13df597ba1ca1907e6a194f73239732d36158cfc1758793f13ae7871d616096a,3a6072976b3ec3949ce9a31de578cd04f0d0cc7843b7c0579e967fef77a183ab,Codex (GPT-6),AI_assisted,2026-09-08,false,top100_metadata_v1,https://doi.org/10.1080/10584609.2015.1055526,37063497400|56329786700,Kevin J. Mullinix; Joshua Robison,2,us_inferred,metadata,,,
84943199945,10.1111/jcom.12171,2015,Journal of Communication,Counteracting the Politicization of Science,us_explicit,full_text,a nationally representative survey in the United States,Both energy-technology experiments were embedded in the US survey.,false,fcfd036a32ef41edd19466dae6eaec157767aeadff7add48e756672baa856d36,d390e52c2079ec54fb93d0ff6fb995c8695a46a5787fb5bffbd97d59c0b0ad97,Codex (GPT-6),AI_assisted,2026-09-09,false,top100_2010_metadata_v1,https://doi.org/10.1111/jcom.12171,12794521600|6603696960,Toby Bolsen; James N. Druckman,2,unclear,full_text,84943199945.pdf,12,d0db313fe9b9782776dd39d500649a2e8078130866c445936251447b26079d82
84943222917,10.1093/sf/sov047,2015,Social Forces,The power of love: The role of emotional attributions and standards in Heterosexuals' attitudes toward lesbian and gay couples,us_explicit,abstract,American heterosexuals,The original survey experiment explicitly studies American heterosexual respondents.,false,f186cd8b76e6f7dbd5b122b68502c15c8e67abf4d7e926736977e171a6de45eb,bc1d07b23e4a963109c33a63acd7c560581e1e287957344d6b8eec5215cc78ac,Codex (GPT-6),AI_assisted,2026-09-09,false,top100_2010_metadata_v1,https://doi.org/10.1093/sf/sov047,55636964600,Long Doan,1,us_explicit,metadata,,,
84943355793,10.1111/ajps.12197,2015,American Journal of Political Science,Backing Out or Backing In? Commitment and Consistency in Audience Costs Theory,unclear,abstract,the president's decision,Audience costs and an unnamed president do not establish participant country.,false,d1b22b76851662c76e7e7429b436477ee87150d469ac0723853161b8fc8c72a0,44a498fcfa9f2e1b08ad54c9d262fe11cc954367c7771df0861c0c02546d45c9,Codex (GPT-6),AI_assisted,2026-09-09,false,top100_2010_metadata_v1,https://doi.org/10.1111/ajps.12197,24554597700,Geoffrey P. R. Wallace,1,unclear,metadata,,,
84943817918,10.1111/sode.12128,2015,Social Development,First Arrival and Collective Land Ownership: How Children Reason About Who Owns the Land,unclear,abstract,children (9-12 years),The child participants' country is unspecified.,false,8ad7de2dd8b392080d83642d3f88fb0a60211d735407e56fa8b67102b178bb17,20f9ffce1dd15d3232465c2bd71bdf316b8b98d73cf2740e6ae1496d4fd25bfb,Codex (GPT-6),AI_assisted,2026-09-09,false,top100_2010_metadata_v1,https://doi.org/10.1111/sode.12128,7006059165,Maykel Verkuyten,1,unclear,metadata,,,
84944081200,10.1080/15309576.2016.1071160,2016,Public Performance and Management Review,Uncovering the circumstances of performance information use findings from an experiment,unclear,abstract,,Budget scenarios without sample country.,false,53a24f6fa7ec19e36cc02a3100c87cd54fea4ae26176128a28e4e7515e33afa7,82257637a5026828cf1fa1b84760e627eb6922ec8e30088410e00beb63f153cf,Codex (GPT-6),AI_assisted,2026-09-08,false,top100_metadata_v1,https://doi.org/10.1080/15309576.2016.1071160,56354967100,Donald P. Moynihan,1,unclear,metadata,,,
84944232504,10.1016/j.ssresearch.2015.09.004,2016,Social Science Research,From the general to the specific: How social trust motivates relational trust,unclear,abstract,,MTurk and university students do not establish country.,false,8c22003975161111b70f2eb936c1f81604229bccab43ca21b3093a2e4a678d4d,42c579f0a031ded2b4658ad5d029aad0fcf2c56f2e4820315f2b6c8b8b7bc460,Codex (GPT-6),AI_assisted,2026-09-08,false,top100_metadata_v1,https://doi.org/10.1016/j.ssresearch.2015.09.004,36775562800,Blaine G. Robbins,1,unclear,metadata,,,
84945162574,10.1080/17430437.2015.1096250,2016,Sport in Society,The influence of race on attitudes about college athletics,us_explicit,abstract,African-Americans,Abstract reports experimental results for African-American respondents.,false,fac987f6c1ac03bab99606856137d4766f9298b99b7f418966f7545feb932a2e,d68fe3544b30d5c7add23dc57b8a8ad7a19aa3af119fa17b5e322051e0d22398,Codex (GPT-6),AI_assisted,2026-09-08,false,top100_metadata_v1,https://doi.org/10.1080/17430437.2015.1096250,6603696960,James N. Druckman,1,us_explicit,metadata,,,
84945247501,10.1007/s11109-015-9321-9,2016,Political Behavior,When is Changing Policy Positions Costly for Politicians? Experimental Evidence,unclear,abstract,,Candidate policy changes without country-specific context.,false,cb4b4e38222c95965f0f18ace872b70075e9f523b0a9469a5a6635b4ceeab85f,6fb24c00b3bc2364f9c8a7bbdeec761cfc3fd4e773ea5fd006ecc50d47e1ddac,Codex (GPT-6),AI_assisted,2026-09-08,false,top100_metadata_v1,https://doi.org/10.1007/s11109-015-9321-9,35745930100,David Doherty,1,unclear,metadata,,,
84946070200,10.1111/psq.12115,2014,Presidential Studies Quarterly,The Contemporary Presidency Obama's Authorization Paradox: Syria and Congress's Continued Relevance in Military Affairs,us_inferred,abstract,American politics,"The experiment evaluates President Obama's request for congressional authorization, supporting a US public-context inference.",false,bade094a3b80b1323ae8e690945cb28ec8ea3d150e65586ce000a4cc9dc36a78,c2df0d49615b6d8e66a62a43d2c796a0ace720dc8df8a5309dff572ed5f52666,Codex (GPT-6),AI_assisted,2026-09-09,false,top100_2010_metadata_v1,https://doi.org/10.1111/psq.12115,12767146800,Douglas L. Kriner,1,us_inferred,metadata,,,
84946492047,10.1007/s11109-015-9303-y,2015,Political Behavior,An Experimental Approach to Economic Voting,unclear,abstract,presidential approval,An unnamed president and economic voting do not identify the country of the samples.,false,2c4f991a95c02a3000cae814400507d5c55baa7e74b910f5dc509cbf922848a3,436f01e8bf9286e1e2550d586dfcc26f69edcb46438beaaf629aa117c9e06022,Codex (GPT-6),AI_assisted,2026-09-09,false,top100_2010_metadata_v1,https://doi.org/10.1007/s11109-015-9303-y,55135830500,Gábor Simonovits,1,unclear,metadata,,,
84955616709,10.1007/s11109-015-9329-1,2016,Political Behavior,Rolling off the Tongue into the Top-of-the-Head: Explaining Language Effects on Public Opinion,us_explicit,abstract,two U.S. surveys,"Metadata directly identifies a US experimental population, setting, or findings attributed to Americans.",false,6e608c2f633d5ec99d8b4a0f25e45ff4a341f7a11d0ffc1853c5911df902e76c,477e2673310dc43127e444bbd96a5d2e3391b0df966dda684c6eab73640db56c,Codex (GPT-6),AI_assisted,2026-09-08,false,top100_metadata_v1,https://doi.org/10.1007/s11109-015-9329-1,35183713000,Efrén O. Pérez,1,us_explicit,metadata,,,
84957805398,10.1111/pops.12186,2015,Political Psychology,"Emotional, Sensitive, and Unfit for Office? Gender Stereotype Activation and Support Female Candidates",unclear,abstract,a survey experiment and observational analysis,Female-candidate stereotypes do not locate the experimental respondents.,false,f8e750dea0e3090b778293ec2026f6947804e2afc6689f2998f9d4bf18d839af,12a7aa1273c2bdd17e6c759e35400ce5d89f76248517d3c006ef6264a590d2d4,Codex (GPT-6),AI_assisted,2026-09-09,false,top100_2010_metadata_v1,https://doi.org/10.1111/pops.12186,54881904100,Nichole M. Bauer,1,unclear,metadata,,,
84959343624,10.3390/rel7030021,2016,Religions,Remembering to ask the boss: Priming and the dynamics of priest reliance on bishop cues,us_explicit,abstract,national sample of US Catholic priests,"Abstract explicitly identifies Americans, US respondents, or a US study setting.",false,7c4f6a6aec6991e8fba38926c12af64ee737daff7a513e4b2f5954966974cace,8632962834268599800e5922d3b35a3d6f6001e0753ecf6149f56c5b961e8a2a,Codex (GPT-6),AI_assisted,2026-09-08,false,top100_metadata_v1,https://doi.org/10.3390/rel7030021,24474160700,Brian R. Calfano,1,us_explicit,metadata,,,
84959905263,10.1080/15348423.2015.1131041,2016,Journal of Media and Religion,Muslim Mistrust: The Resilience of Negative Public Attitudes after Complimentary Information,us_inferred,abstract,American electorate,National surveys address US electorate and Fox News; sampling location unstated.,false,b5fcc7a97584b97401dd0581619069f0e207290be373ea154c908de4e4b830f8,a2d728c1c3858ebc02b9676509acfa2bc4100713ad148b4b614772788f024bde,Codex (GPT-6),AI_assisted,2026-09-08,false,top100_metadata_v1,https://doi.org/10.1080/15348423.2015.1131041,24474160700,Brian R. Calfano,1,us_inferred,metadata,,,
84960092229,10.1007/s10584-016-1631-3,2016,Climatic Change,The role of race and ethnicity in climate change polarization: evidence from a U.S. national survey experiment,us_explicit,abstract,2041 U.S. adults,"Metadata directly identifies a US experimental population, setting, or findings attributed to Americans.",false,ee0f640fb024f2f4f80d70a6ca6c23cccb3db8a962759bb334b597f2284f1236,7cab46ed48678b2b100f9465b9705c89e27dfb0d0c94aab936e6bd86396b3534,Codex (GPT-6),AI_assisted,2026-09-08,false,top100_metadata_v1,https://doi.org/10.1007/s10584-016-1631-3,25226021600,Jonathon P. Schuldt,1,us_explicit,metadata,,,
84960115436,10.1016/j.socnet.2015.12.004,2016,Social Networks,The role of social capital in the job-related regional mobility decisions of unemployed individuals,non_us,abstract,"German ""Labour market and social security""",Metadata identifies a non-US population or study setting; no US experimental sample is reported.,false,2967aed0ff39cbb4540454f5c8702294bbd2c42e9f3df987b939094e469c82d8,8a56a16df491c4d727d0ae525851d24f7c98433338adaf520450fa7225a0c206,Codex (GPT-6),AI_assisted,2026-09-08,false,top100_metadata_v1,https://doi.org/10.1016/j.socnet.2015.12.004,17345249500,Martin Abraham,1,non_us,metadata,,,
84961187162,10.1016/j.gloenvcha.2016.03.003,2016,Global Environmental Change,"Here and now, there and then: How ""departure dates"" influence climate change engagement",us_explicit,abstract,among U.S. and Singapore participants,Mixed countries.,true,771fa56caa151a1cfb9a0e08eb8a67b0f577ab535785e912726b904cbe5664aa,e256c4bc5272d4a6f482e770d456a85cb4bf17e9fd5946552a1d8ee2b7cd5178,Codex (GPT-6),AI_assisted,2026-09-08,false,top100_metadata_v1,https://doi.org/10.1016/j.gloenvcha.2016.03.003,25226021600,Jonathon P. Schuldt,1,us_explicit,metadata,,,
84962730593,10.1177/1866802x1500700102,2015,Journal of Politics in Latin America,Political corruption and partisan engagement: Evidence from Brazil,non_us,abstract,an original survey experiment in Brazil,The experiment was conducted in Brazil.,false,34953e1d97f48a641bbbe91b7bba031993a721d6f4f4c63c347e28d8e59fd2ca,a29f97556b428100d688632896326722b2d02c3a66b6f082af698508cc55c675,Codex (GPT-6),AI_assisted,2026-09-09,false,top100_2010_metadata_v1,https://doi.org/10.1177/1866802x1500700102,35861891200,Matthew S. Winters,1,non_us,metadata,,,
84963994831,10.1080/10967494.2016.1143425,2017,International Public Management Journal,"How Citizens Respond to Outputs, Outcomes, and Costs: A Survey Experiment About an HIV/AIDS Program",unclear,abstract,,HIV programme without sample location.,false,3428521b0a633dd3984df5f9317120a8698e45e04d2b6e2e886ddf19ff4538fe,a0cfbab4c7858f25b0b90a265f473e38cc186166ce34749435b5390bd7ff9329,Codex (GPT-6),AI_assisted,2026-09-08,false,top100_metadata_v1,https://doi.org/10.1080/10967494.2016.1143425,7003787305,Gregg G. Van Ryzin,1,unclear,metadata,,,
84967215008,10.1177/1065912916634897,2016,Political Research Quarterly,Who’s in Charge Here? Direct and Indirect Accusations and Voter Punishment of Corruption,non_us,abstract,nationally representative survey in Brazil,Study population or findings explicitly situated outside the US.,false,277cd3817ae837fc56a3af4250ce8595bbd9be40a41ca1e7c1d26715d4f2a246,fc71f009de379ea73a1c3f9a5d50b3eb198dd34d8a76a14aa97fe98661a6c534,Codex (GPT-6),AI_assisted,2026-09-08,false,top100_metadata_v1,https://doi.org/10.1177/1065912916634897,35861891200,Matthew S. Winters,1,non_us,metadata,,,
84973462486,10.1515/zfsoz-2015-0204,2015,Zeitschrift Fur Soziologie,Precarious Employment and Bargaining Power: Results of a Factorial Survey Analysis,non_us,abstract,the German panel study,The factorial experiment was embedded in Germany's PASS panel.,false,1cf1c1e308d5b98c5f8428f974bc6121e0820f3b5c35295987117906f6d947a8,497fd3572c1b47933ed28932d691283c131bfa9bae298cd5532ef13de5f334de,Codex (GPT-6),AI_assisted,2026-09-09,false,top100_2010_metadata_v1,https://doi.org/10.1515/zfsoz-2015-0204,17345075500,Katrin Auspurg,1,non_us,metadata,,,
84975048512,10.1515/zfsoz-2015-1005,2016,Zeitschrift Fur Soziologie,You can take some of it with you!,non_us,abstract,accepted by German employers,Metadata identifies a non-US population or study setting; no US experimental sample is reported.,false,04aec363d73baa1bf08708f0b125439d6af3f42af0471adf57fa946b78992ee2,8fa6af7aa2b5e5a7d73f60ace9dc040e49acae0411f1ed0d2dced5bba6911310,Codex (GPT-6),AI_assisted,2026-09-08,false,top100_metadata_v1,https://doi.org/10.1515/zfsoz-2015-1005,17345249500,Martin Abraham,1,non_us,metadata,,,
84975459634,10.1016/j.gloenvcha.2016.06.001,2016,Global Environmental Change,Could more civil society involvement increase public support for climate policy-making? Evidence from a survey experiment in China,non_us,abstract,survey experiment in China,Study population or findings explicitly situated outside the US.,false,1d735db05118b4417dcba6594d25db9bbf432d0d12eea60df03e00d96a3366f8,6094b329b8c5c6448582788520ec92696c581fa34ce88fc3c18165386190b3e0,Codex (GPT-6),AI_assisted,2026-09-08,false,top100_metadata_v1,https://doi.org/10.1016/j.gloenvcha.2016.06.001,6602110388,Thomas Bernauer,1,non_us,metadata,,,
84975770291,10.1177/0894439314563916,2016,Social Science Computer Review,Improving Survey Response Rates in Online Panels: Effects of Low-Cost Incentives and Cost-Free Text Appeal Interventions,unclear,abstract,,Online panel location unstated.,false,f593b5f344fc6ff95c236b61ea0d503c72778589e8af55e2f7b6325ef365d9af,60070733b628b6ec604ea36d1fc9ceffb3690d0a11f4f3c5d22e8b4aeed34930,Codex (GPT-6),AI_assisted,2026-09-08,false,top100_metadata_v1,https://doi.org/10.1177/0894439314563916,56734108300,Mogens Jin Pedersen,1,unclear,metadata,,,
84975789795,10.1038/nclimate2948,2016,Nature Climate Change,Simple reframing unlikely to boost public support for climate policy,us_explicit,full_text,with participants from the United States,Two survey-embedded framing experiments explicitly used US participants.,false,f633590948352dce59cf31a4d6c1d438f3581f0f2e1b84bda02afaa2d17cdeb5,dbe4df603dad02853f0a31b7009a4b74fe012075d896fdff352ecedff09d00f7,Codex (GPT-6),AI_assisted,2026-09-09,false,top100_metadata_v1,https://doi.org/10.1038/nclimate2948,6602110388|57203434746,Thomas Bernauer; Liam F. Beiser-McGrath,2,unclear,full_text,84975789795.pdf,1,e32007e599f49b7b72fa12c93b88c196ab04b345ee70eb12667c122ee972d2e1
84976408149,10.1007/s11109-016-9351-y,2017,Political Behavior,Centrist by Comparison: Extremism and the Expansion of the Political Spectrum,us_inferred,abstract,American politics,Six experiments examine US policy-spectrum perceptions; participant country is inferred from this stated context.,false,1a148560197b9228bbd2d7a352526ed193a1cc12536cf6a32544ff2a78f850ff,f8684123269e1d55f42a9fdfee8e5587c9c26dcedb8aec11f5a8c380b06ca4d1,Codex (GPT-6),AI_assisted,2026-09-09,false,top100_2010_metadata_v1,https://doi.org/10.1007/s11109-016-9351-y,55135830500,Gábor Simonovits,1,us_inferred,metadata,,,
84977676153,10.1111/pbaf.12091,2016,Public Budgeting and Finance,Causes of Fiscal Illusion: Lack of Information or Lack of Attention?,non_us,full_text,both based on a representative sample of Danish citizens,The two experimental surveys use Danish citizens.,false,0876c4564b70c4275c3283d794b78824580de1c94e3dff02421f8ec2d7d9ddc9,0610cf3f1942cb72f0bbc2310c18787d3fa200799221be28336c0028e3b53fda,Codex (GPT-6),AI_assisted,2026-09-09,false,top100_metadata_v1,https://doi.org/10.1111/pbaf.12091,35309171200,Martin Bækgaard,1,unclear,full_text,84977676153.pdf,22,338399de4bd4fa5a0509c8f7fe6576176824291f86419a0b95642fc943ce86c0
84978085703,10.1080/03050629.2016.1200572,2017,International Interactions,"Seeing the Lexus for the Olive Trees? Public Opinion, Economic Interdependence, and Interstate Conflict",non_us,abstract,respondents in Japan,Study population or findings explicitly situated outside the US.,false,1192917b2fd193ec9e8a1a8af1bf7518152a5eb225b800b7877fe5a250431080,3d809ee27ec20abb7f100b3741495de9b7b3ff9a796734beebaabccd031fdf96,Codex (GPT-6),AI_assisted,2026-09-08,false,top100_metadata_v1,https://doi.org/10.1080/03050629.2016.1200572,57205672554,Seiki Tanaka,1,non_us,metadata,,,
84978176832,10.1017/S1755048316000377,2016,Politics and Religion,"Islam's Political Disadvantage: Corruption and Religiosity in Quetta, Pakistan",non_us,abstract,"survey experiment in Quetta, Balochistan",Metadata identifies a non-US population or study setting; no US experimental sample is reported.,false,4f04117cda4c46aed3ea79c8ebcc2ebc5d1749e7d359f82c07df5392bf83e510,b42bcec3bdf7c05b4a45ff2b1c28b9583f2a55eefe1fa37646b37631fc877a80,Codex (GPT-6),AI_assisted,2026-09-08,false,top100_metadata_v1,https://doi.org/10.1017/S1755048316000377,57200795890,Niloufer A. Siddiqui,1,non_us,metadata,,,
84978906427,10.1177/1369148116632181,2016,British Journal of Politics and International Relations,The elasticity of reality and British support for the war in Afghanistan,non_us,abstract,among Britons,Study population or findings explicitly situated outside the US.,false,645632345f276776cb35c77f14c5b782a9ccd19d6921d404f537f49b60d41faa,b159505dda97095e2bf9764af857df8e7a5894e4fa89cceeb92fa519c9dbb603,Codex (GPT-6),AI_assisted,2026-09-08,false,top100_metadata_v1,https://doi.org/10.1177/1369148116632181,12767146800,Douglas L. Kriner,1,non_us,metadata,,,
84980034387,10.1080/14719037.2016.1210905,2017,Public Management Review,Rational planning and politicians’ preferences for spending and reform: replication and extension of a survey experiment,non_us,abstract,Flemish city councillors,Belgian local politicians.,false,87b3b172b30d18fef1f4e0044165846fb81d6061089dd502d88b16a31f98b726,7e55445f6b00a328592161cd6e9ca69680bfaa1e16eb5c6e7b3107a7617a49ab,Codex (GPT-6),AI_assisted,2026-09-08,false,top100_metadata_v1,https://doi.org/10.1080/14719037.2016.1210905,35309171200,Martin Bækgaard,1,non_us,metadata,,,
84980398257,10.1080/10584609.2016.1200700,2017,Political Communication,"To Denounce, or Not To Denounce: Survey Experiments on Diplomatic Quarrels",us_explicit,full_text,follow-up experiments in the United States and South Korea,The paper reports experiments in both the United States and South Korea.,true,cd0c5768898b87635ccfc1b8ad95eb1bd382248ef4f10d9733df663062eb1637,1d0e180a9e01aa226501231d03da7bdede6f84b46c9553e387f8826075b83ed6,Codex (GPT-6),AI_assisted,2026-09-09,false,top100_metadata_v1,https://doi.org/10.1080/10584609.2016.1200700,55917294300,Atsushi Tago,1,unclear,full_text,84980398257.pdf,10,2774cfaa5fdcbf91b908d67cfae3b0da6d18a3734f855e9d7a08be2199c81cb3
84981249322,10.1017/S1755048316000444,2016,Politics and Religion,"For You Were Strangers in the Land of Egypt: Clergy, Religiosity, and Public Opinion toward Immigration Reform in the United States",us_inferred,title,Immigration Reform in the United States,The US immigration topic and named Cooperative Congressional Election Study support a US sample inference.,false,71622824ffa41ae87f928583c2055273b6bc5113dcad77bb365eed9d56a9b397,e36dd002cd9b5a7e27c09f962052ef6918b44adde0fd13f1b4d7616dfbf50e35,Codex (GPT-6),AI_assisted,2026-09-09,false,top100_2010_metadata_v1,https://doi.org/10.1017/S1755048316000444,55454468300,Tatishe M. Nteta,1,us_inferred,metadata,,,
84983314158,10.1177/0190272516657546,2016,Social Psychology Quarterly,"Probing the Links Between Trustworthiness, Trust, and Emotion: Evidence From Four Survey Experiments",unclear,abstract,,MTurk and university students do not establish country.,false,2d327e01dc021057cf0e468a5fb2600b8f4aadf1dd9689e8b3893f98cd50bdb2,8efbcb1c52f51a95082d9f584c3b23903e6f6e905cf60efeb78382bd05bff807,Codex (GPT-6),AI_assisted,2026-09-08,false,top100_metadata_v1,https://doi.org/10.1177/0190272516657546,36775562800,Blaine G. Robbins,1,unclear,metadata,,,
84989249038,10.1177/0003122416659248,2016,American Sociological Review,From “Different” to “Similar”: An Experimental Approach to Understanding Assimilation,us_explicit,abstract,white Americans simultaneously view,"Metadata directly identifies a US experimental population, setting, or findings attributed to Americans.",false,61139354275c4963a5fe910c1dbb6573aa0e679625599047d7127aaa6b4c7c0e,9121caa80bacfb459b8c4b5e873de8cd58b833f870533f4ce05f514816577645,Codex (GPT-6),AI_assisted,2026-09-08,false,top100_metadata_v1,https://doi.org/10.1177/0003122416659248,49861923700,Ariela Schachter,1,us_explicit,metadata,,,
84989282236,10.1027/1864-9335/a000279,2016,Social Psychology,Majority members' feelings about political representation of muslim immigrants,non_us,abstract,national samples of the native Dutch,Study population or findings explicitly situated outside the US.,false,051fab6a71fbbbc89036ba164d8f92202474df1f97dcc59942e6e4baf56959b0,f81aa7998b2ea095784e01dc94644bf58a18ef53bc98d5e8bdd26ff2a02b718d,Codex (GPT-6),AI_assisted,2026-09-08,false,top100_metadata_v1,https://doi.org/10.1027/1864-9335/a000279,7006059165,Maykel Verkuyten,1,non_us,metadata,,,
84992092827,10.1177/1065912916668412,2016,Political Research Quarterly,Recruitment and Perceptions of Gender Bias in Party Leader Support,unclear,abstract,,Municipal officeholders without country.,false,46bd806293ea81e10012b3bde984d937b2667e43ccda4d568af9c75efc324b0c,99e1d0cf0b2cec95c435b31bc5fc81e4c3b5ec9d833e018316d92bea9fd13077,Codex (GPT-6),AI_assisted,2026-09-08,false,top100_metadata_v1,https://doi.org/10.1177/1065912916668412,7401620196,Daniel M. Butler,1,unclear,metadata,,,
84992341283,10.1080/09644016.2016.1244964,2017,Environmental Politics,Do global climate summits influence public awareness and policy preferences concerning climate change?,us_explicit,full_text,2000 participants from the US,"The longitudinal experiment recruited 2,000 US participants.",false,7f509bbb48a5a576d00b25101bac9b3234772779fb31192bb17ab51209358907,5c4f81fa999a8a12a5e220b94da137e63d002e24a55964623786900000e587f9,Codex (GPT-6),AI_assisted,2026-09-09,false,top100_metadata_v1,https://doi.org/10.1080/09644016.2016.1244964,6602110388,Thomas Bernauer,1,unclear,full_text,84992341283.pdf,10,833f86afa2a334da822235687ad8a68a8262d93136e5a130228f2abb79c47e73
84992655159,10.1177/0738894215581330,2016,Conflict Management and Peace Science,The microfoundations of territorial disputes: Evidence from a survey experiment in Japan,non_us,abstract,experimental approach within Japan,Study population or findings explicitly situated outside the US.,false,5aacd9e24fe869637de719604602bfa034097ac19bc94217de0152e621fed59b,0b2be4da9d04c6f1c995ef485ae6c3df51e670920c28619d130052b66098c1e1,Codex (GPT-6),AI_assisted,2026-09-08,false,top100_metadata_v1,https://doi.org/10.1177/0738894215581330,57205672554,Seiki Tanaka,1,non_us,metadata,,,
84995444937,10.1177/0022343316657405,2016,Journal of Peace Research,"International law, military effectiveness, and public support for drone strikes",us_explicit,abstract,nationally representative sample of the United States,"Abstract explicitly identifies Americans, US respondents, or a US study setting.",false,824e367fe32a539bc443a5331e021d549659ee0e1cbc8161f14569c10382c962,90b12194050fad584247fc23e783c33c6f83cb77c412a3691588f53880aa611d,Codex (GPT-6),AI_assisted,2026-09-08,false,top100_metadata_v1,https://doi.org/10.1177/0022343316657405,35725744600|24554597700,Sarah E. Kreps; Geoffrey P. R. Wallace,2,us_explicit,metadata,,,
84995578409,10.1111/ajps.12262,2017,American Journal of Political Science,Constitutional Qualms or Politics as Usual? The Factors Shaping Public Support for Unilateral Action,us_explicit,abstract,we examine the extent to which Americans,"Abstract explicitly identifies Americans, US respondents, or a US study setting.",false,a2e4c6b63ddddceee7c1d7e47abc6210eb41d2cf44976557cc9cf1d713f4718c,595855da9e8b8d72325b2a76cfc90d5b4658cf9907bd314b50f178a315ddfff7,Codex (GPT-6),AI_assisted,2026-09-08,false,top100_metadata_v1,https://doi.org/10.1111/ajps.12262,12767146800,Douglas L. Kriner,1,us_explicit,metadata,,,
84995760092,10.1017/XPS.2015.5,2015,Journal of Experimental Political Science,"It's a Mad, Mad World: Using Emotion Inductions in a Survey",unclear,abstract,an adult sample,The student/adult emotion-induction studies do not specify country.,false,15b26779670aef65a5d2fa1ef39e9261f2c3ac38620ff61922e6fb84a6455b82,c73f43e8d38acfa0772b88aa34d08eb89d006eddd63a48462f36c743f7d3af62,Codex (GPT-6),AI_assisted,2026-09-09,false,top100_2010_metadata_v1,https://doi.org/10.1017/XPS.2015.5,57203655130,Kathleen Searles,1,unclear,metadata,,,
84998915284,10.1177/2053168014536533,2014,Research and Politics,Flying under the radar: A study of public attitudes towards unmanned aerial vehicles,us_inferred,abstract,American foreign policy,"The experiment addresses domestic opinion about US drone policy, supporting a US-context inference.",false,c2c5108122755adfc98f2b3c914cf31916849f91ac79b1046ccad5c0a4bc2c51,d63acceae9536c6ea5abf860ab2dca776a06b4f49655a1b77e5065adc4515265,Codex (GPT-6),AI_assisted,2026-09-09,false,top100_2010_metadata_v1,https://doi.org/10.1177/2053168014536533,35725744600,Sarah E. Kreps,1,us_inferred,metadata,,,
85003864913,10.1088/1748-9326/11/11/114001,2016,Environmental Research Letters,Measuring and explaining the willingness to pay for forest conservation: Evidence from a survey experiment in Brazil,non_us,abstract,nationwide survey experiment in Brazil,Study population or findings explicitly situated outside the US.,false,0bad3de712eefb8d6ff9815e853b1132d29056d96a12ee4903e37c001ce38f7a,eb2e6aa7e0df31096f4ec5ae0e57245c1726be51b551e2a23b82588ff03651f0,Codex (GPT-6),AI_assisted,2026-09-08,false,top100_metadata_v1,https://doi.org/10.1088/1748-9326/11/11/114001,6602110388,Thomas Bernauer,1,non_us,metadata,,,
85007439389,10.1007/s10584-016-1893-9,2017,Climatic Change,Brief exposure to Pope Francis heightens moral beliefs about climate change,us_explicit,abstract,national probability survey experiment of U.S. adults,"Metadata directly identifies a US experimental population, setting, or findings attributed to Americans.",false,36c7b333fc49f09b605b313e8debc505aafd6b068158477fc67375302cea6ddb,9d1229286012ed06b278c44281878e27470b46ec9ab21918b5463982b9cbbeef,Codex (GPT-6),AI_assisted,2026-09-08,false,top100_metadata_v1,https://doi.org/10.1007/s10584-016-1893-9,25226021600,Jonathon P. Schuldt,1,us_explicit,metadata,,,
85008246775,10.1017/xps.2014.2,2014,Journal of Experimental Political Science,Communication and Collective Actions: A Survey Experiment on Motivating Energy Conservation in the U.S.,us_explicit,title,in the U.S.,The title explicitly locates the energy-conservation survey experiment in the US.,false,d08e6c16d6f75013bd2a4728373be94bf6572be3564540896a055f54213efd87,cc8a42a81cbb11e3dfcd5d56d2dc116cbea7f7b4786893101066455f722c93f7,Codex (GPT-6),AI_assisted,2026-09-09,false,top100_2010_metadata_v1,https://doi.org/10.1017/xps.2014.2,12794521600,Toby Bolsen,1,us_explicit,metadata,,,
85011497605,10.1017/S1742058X11000580,2012,Du Bois Review,"Something in common? Elite Messages, Partisanship, and Latino Perceptions of Commonality with African Americans",us_inferred,abstract,Latino Decisions Tracking Poll,"The Latino tracking poll, US parties and African-American intergroup context support a US sample inference.",false,88dc110d1048032851cb4c67db68a100f23603642668185f531515d9281f43a9,7dbb65c2f8eacb0c93daadd25a42b2092f59ed7808775bd974ce3c8da0f3b5d2,Codex (GPT-6),AI_assisted,2026-09-09,false,top100_2010_metadata_v1,https://doi.org/10.1017/S1742058X11000580,55454468300,Tatishe M. Nteta,1,us_inferred,metadata,,,
85011629108,10.1177/0003122416683393,2017,American Sociological Review,Why Should Women Get Less? Evidence on the Gender Pay Gap from Multifactorial Survey Experiments,non_us,abstract,"approximately 1,600 German residents",The factorial survey explicitly sampled German residents.,false,3920f7815d9f8c607113761615198d5e6a3645a8c3af12b4f3fd7903f63efa4a,a08312528d929908cb084725960dc1bf49f36d144b329d0d67a4b651a3cfbd27,Codex (GPT-6),AI_assisted,2026-09-09,false,top100_2010_metadata_v1,https://doi.org/10.1177/0003122416683393,17345075500,Katrin Auspurg,1,non_us,metadata,,,
85012118612,10.1175/WCAS-D-16-0012.1,2017,Weather Climate and Society,The conditional nature of the local warming effect,unclear,abstract,,No country-specific sampling information.,false,5ae357994ca602a483850053a784c768e186d44c97efdf3fa73df92b67e2c164,3c59dcb80949b9243008d9622a6a83512e753d2cd9abb391a2583b44619a9b4a,Codex (GPT-6),AI_assisted,2026-09-08,false,top100_metadata_v1,https://doi.org/10.1175/WCAS-D-16-0012.1,6603696960,James N. Druckman,1,unclear,metadata,,,
85012122035,10.1017/XPS.2015.19,2015,Journal of Experimental Political Science,The Generalizability of Survey Experiments,us_explicit,full_text,"polling places in Evanston, Illinois and Ann Arbor, Michigan",One of the five experimental samples was recruited at polling places in these two US cities; the design also includes a US TESS sample.,false,6660144e911c56c910c8034879598b52c95bc05e1e7f51f88cf0595379cdae2d,c88b90784dc2b3beb432d80a03a13d44ae88d594074c2108c8dd774ae1262c64,Codex (GPT-6),AI_assisted,2026-09-09,false,top100_2010_metadata_v1,https://doi.org/10.1017/XPS.2015.19,37063497400,Kevin J. Mullinix,1,unclear,full_text,85012122035.pdf,9,bbf8eb9ce5e27107844597fb38a2ec06e42a412283b5d5e69dad75e77894f4ea
85012297251,10.1086/687287,2017,Journal of Politics,"Can citizens discern? Information credibility, political sophistication, and the punishment of corruption in Brazil",non_us,abstract,original survey experiment in Brazil,Study population or findings explicitly situated outside the US.,false,dd14cfec524bf443de2a4397e3de76106b1e860bbb3336640de7c9a7355fff94,5def812014960d68686cbe930df7b88829c2ec0916a64bef9a94f7bc24881c80,Codex (GPT-6),AI_assisted,2026-09-08,false,top100_metadata_v1,https://doi.org/10.1086/687287,35861891200,Matthew S. Winters,1,non_us,metadata,,,
85012893728,10.1016/j.ssresearch.2017.01.003,2017,Social Science Research,Housework share between partners: Experimental evidence on gender-specific preferences,non_us,full_text,the UK Household Longitudinal Study,The experiment was embedded in the UK-based Understanding Society Innovation Panel.,false,9af781cb814fd6c30a3738c1a473db7018b75e29df88c0d1e0a5027a56f9ee30,0cbcc92c6b257e1f952cd12c6900ab4d05ee1b0ee367a35476cbe01a99f377f4,Codex (GPT-6),AI_assisted,2026-09-09,false,top100_2010_metadata_v1,https://doi.org/10.1016/j.ssresearch.2017.01.003,17345075500,Katrin Auspurg,1,unclear,full_text,85012893728.pdf,6,6627e05871435923826555fb3652f0b0a10e7ce7cc9a4ce91d41fe4ad8e7b45f
85014540568,10.1080/1554477X.2016.1268875,2018,Journal of Women Politics and Policy,"Untangling the Relationship between Partisanship, Gender Stereotypes, and Support for Female Candidates",us_inferred,abstract,Republican female candidates,Democratic versus Republican candidates imply US electoral context.,false,26d34a25475a348a3f2956a8bad5b0e00660b711b156e14297933fee481b5fde,3c884491996323c397a8ad3c3abaf584283cd0e14bbbc227d93bb2a4bcbf087a,Codex (GPT-6),AI_assisted,2026-09-08,false,top100_metadata_v1,https://doi.org/10.1080/1554477X.2016.1268875,54881904100,Nichole M. Bauer,1,us_inferred,metadata,,,
85014593137,10.1177/1075547016688325,2017,Science Communication,"Building Public Support for Science Spending: Misinformation, Motivated Reasoning, and the Power of Corrections",us_explicit,abstract,we find that most Americans,"Abstract explicitly identifies Americans, US respondents, or a US study setting.",false,90fe1d1ea321c39adc20ecdd733cae4f8282c1ef29e9de362135c2e9818e9254,9316b3549622ce1b47c760b4df4453d1886298aa7ac609e9e288c32d2546df0b,Codex (GPT-6),AI_assisted,2026-09-08,false,top100_metadata_v1,https://doi.org/10.1177/1075547016688325,12767146800,Douglas L. Kriner,1,us_explicit,metadata,,,
85014596724,10.1093/jopart/muw049,2017,Journal of Public Administration Research and Theory,Motivated reasoning about public performance: An experimental study of how citizens judge the affordable care act,us_explicit,abstract,sample of US adults,"Abstract explicitly identifies Americans, US respondents, or a US study setting.",false,e6bb7baebae5595deb03c8644627f894c5120f12cd1c63ee3f4a1c0df9c93dd4,4fbbd5c91ec2f7a120b0f5daf185a05b2c7925c98b5a024d9db9323d5b574cc9,Codex (GPT-6),AI_assisted,2026-09-08,false,top100_metadata_v1,https://doi.org/10.1093/jopart/muw049,7003787305|7102332636,Gregg G. Van Ryzin; Oliver James,2,us_explicit,metadata,,,
85014649599,10.1111/ajps.12298,2017,American Journal of Political Science,Mobilizing the Public Against the President: Congress and the Political Costs of Unilateral Action,us_inferred,abstract,Congress's ability,Congressional checks on unilateral presidential power imply US context.,false,88296b048625e55136632b39dba24637984c09056ed2e70e247b9497d581f6bf,586d0b11948fe7ab58bc51302864e5c723dcb50cbb34370512f2bfef3bc555ea,Codex (GPT-6),AI_assisted,2026-09-08,false,top100_metadata_v1,https://doi.org/10.1111/ajps.12298,12767146800,Douglas L. Kriner,1,us_inferred,metadata,,,
85014922403,10.1016/j.enpol.2017.03.002,2017,Energy Policy,"Costs, benefits, and the malleability of public support for “Fracking”",us_inferred,abstract,U.S. energy market,National opinion experiment framed around American public and US fracking.,false,42852852bacfbb3429be1e17f38d0cf69974b7f5078b6705cd0291d263a0b757,231aff7c2bcd2a785181a331fbb2361f6e0ba2415d041145098ae44b21163fb0,Codex (GPT-6),AI_assisted,2026-09-08,false,top100_metadata_v1,https://doi.org/10.1016/j.enpol.2017.03.002,12767146800,Douglas L. Kriner,1,us_inferred,metadata,,,
85016025310,10.17645/pag.v4i3.650,2016,Politics and Governance,Unilateral or reciprocal climate policy? Experimental evidence from China,non_us,abstract,fielded a survey experiment in China,Study population or findings explicitly situated outside the US.,false,1f9c1c477486766b9668b2aae16b1edab423c23bec63428fd793718dca4367d4,bb5ef2bbcfd0322a4ec8e622ae261377072b95150da59fa88faaea5e1a5f5532,Codex (GPT-6),AI_assisted,2026-09-08,false,top100_metadata_v1,https://doi.org/10.17645/pag.v4i3.650,6602110388,Thomas Bernauer,1,non_us,metadata,,,
85017479115,10.1007/s11292-017-9287-1,2017,Journal of Experimental Criminology,Punishment and solidarity? An experimental test of the educative-moralizing effects of legal sanctions,us_explicit,abstract,sample of 5042 Americans,"Abstract explicitly identifies Americans, US respondents, or a US study setting.",false,d5b2c71427a50133dbde2c6d080c65d802557bd386876f82c931ee1e4b488893,407954505da9cd901ae638481b290a5cb4c1d391ef37986ce64b3cb7bb3d0798,Codex (GPT-6),AI_assisted,2026-09-08,false,top100_metadata_v1,https://doi.org/10.1007/s11292-017-9287-1,38061940400,Justin T. Pickett,1,us_explicit,metadata,,,
85018788745,10.1016/j.enpol.2017.04.043,2017,Energy Policy,A turbine is not only a turbine: The role of social context and fairness characteristics for the local acceptance of wind power,non_us,abstract,wind turbine developments in Germany and Poland,Metadata identifies a non-US population or study setting; no US experimental sample is reported.,false,0d7bd45dd6f879c8740d6df15d69e6c8957fee815d0115cbb83f6bd93d11facb,a00ee81ec027ac98c7ae736484a2ebec6befd827b376c26656602dd49f9745cc,Codex (GPT-6),AI_assisted,2026-09-08,false,top100_metadata_v1,https://doi.org/10.1016/j.enpol.2017.04.043,23982874600,Ulf Liebe,1,non_us,metadata,,,
85019003064,10.1177/0032321716667956,2017,Political Studies,Legitimacy from Decision-Making Influence and Outcome Favourability: Results from General Population Survey Experiments,unclear,abstract,,Decision-making experiments without country.,false,d70e2c5d9f6240cdab3f2c953cf0d5da44017b9aa9622e5ffe21b7b49db62778,6c8b3bb038bcfc1b13531f61d0c747ef3d609051eade0f1b8306b8e5de84ef11,Codex (GPT-6),AI_assisted,2026-09-08,false,top100_metadata_v1,https://doi.org/10.1177/0032321716667956,50861069700,Sveinung Arnesen,1,unclear,metadata,,,
85019021043,10.1111/padm.12324,2017,Public Administration,Prospect theory and public service outcomes: Examining risk preferences in relation to public sector reforms,us_explicit,abstract,"1,680 US MTurkers",US and Danish data; experiments do not necessarily equal independent samples.,true,e13f837e20d7053e7dbda2d93c3997e61c29676a8a614ff9eee101d0f13041f1,f8cbab59077398f8e7b715ba26d1fb1556e042665124d24d2679a308ec672fd7,Codex (GPT-6),AI_assisted,2026-09-08,false,top100_metadata_v1,https://doi.org/10.1111/padm.12324,35309171200,Martin Bækgaard,1,us_explicit,metadata,,,
85019041831,10.1007/s11109-017-9404-x,2018,Political Behavior,Presidents Shaping Public Opinion in Parliamentary Democracies: A Survey Experiment in Turkey,non_us,abstract,population-based survey experiment in Turkey,Study population or findings explicitly situated outside the US.,false,02d29e9fa22e6d2fd3836bdd39e279a11559aa23720e63f3811a6957aaeadb00,cce1df73a57ec3b1b44958577055c1795a7808015610fc14151c97d8ebefcb67,Codex (GPT-6),AI_assisted,2026-09-08,false,top100_metadata_v1,https://doi.org/10.1007/s11109-017-9404-x,56448439600,Selim Erdem Aytaç,1,non_us,metadata,,,
85019456641,10.1017/XPS.2014.31,2015,Journal of Experimental Political Science,Foreign Aid and Government Legitimacy,non_us,abstract,a sample of Indian respondents,The experiment explicitly sampled Indian respondents.,false,55def2704ea38e59dcd7ad2896945490c78ae715dd206ff756426bcc77e26249,2508cdabcdef23867471e5248cb883c6024dfe41a413c0258ab87e7df7295248,Codex (GPT-6),AI_assisted,2026-09-09,false,top100_2010_metadata_v1,https://doi.org/10.1017/XPS.2014.31,35861891200,Matthew S. Winters,1,non_us,metadata,,,
85019676280,10.1093/jopart/muw060,2017,Journal of Public Administration Research and Theory,How do politicians attribute bureaucratic responsibility for performance? Negativity bias and interest group advocacy,unclear,abstract,,Elected officials without country.,false,59d74aee8083103e7f96d1ddcff6731931774bba7447703f901fa68ec7db0eec,1d014026d3ad203b7ac62a2b164aff02ca5dbdc53991b120a25dd44cc0c3f9a4,Codex (GPT-6),AI_assisted,2026-09-08,false,top100_metadata_v1,https://doi.org/10.1093/jopart/muw060,56354967100,Donald P. Moynihan,1,unclear,metadata,,,
85019749197,10.1007/s10584-017-1993-1,2017,Climatic Change,Does the label really matter? Evidence that the US public continues to doubt “global warming” more than “climate change”,us_explicit,abstract,1461 US adults,"Metadata directly identifies a US experimental population, setting, or findings attributed to Americans.",false,b9de6a4cf815574cc31baa85309a24fc19f1a841842692c313241b4248c58ef8,332591c6a642dbd7097f2d24dc7be067c72ca3f7cb26d1740081bb2edbd1b523,Codex (GPT-6),AI_assisted,2026-09-08,false,top100_metadata_v1,https://doi.org/10.1007/s10584-017-1993-1,25226021600,Jonathon P. Schuldt,1,us_explicit,metadata,,,
85019942117,10.15288/jsad.2017.78.415,2017,Journal of Studies on Alcohol and Drugs,Public stigma toward people with drug addiction: A factorial survey,non_us,abstract,a German online access panel,The factorial survey explicitly used a German online panel.,false,600b6f59fd0249c7af355b50bfe28e1d0b57e3edd64fc1797e39ed9d3ad8746e,4b186afbb91a97618e331a36a36dab8624f49987d7a2c42b5eddc2c6986fc2bd,Codex (GPT-6),AI_assisted,2026-09-09,false,top100_2010_metadata_v1,https://doi.org/10.15288/jsad.2017.78.415,56063862300,Sebastian Sattler,1,non_us,metadata,,,
85020188394,10.1111/ajps.12314,2017,American Journal of Political Science,A Bottom-Up Theory of Public Opinion about Foreign Policy,unclear,abstract,,Foreign policy topic without identifiable sample country.,false,2fecce2aa1d945bd179ec57860fd6e8f9ff3079cecc3ad36abab467148cbe668,fa5408e8e779b808a3f13b27a90a1c61db7ddf9df38110895e114a8abaddac78,Codex (GPT-6),AI_assisted,2026-09-08,false,top100_metadata_v1,https://doi.org/10.1111/ajps.12314,35492113000,Thomas Zeitzoff,1,unclear,metadata,,,
85020522370,10.1007/s11109-017-9414-8,2018,Political Behavior,Candidate Choice Without Party Labels:: New Insights from Conjoint Survey Experiments,us_inferred,abstract,Republicans respond to the removal of partisan information,US party context.,false,7c7b7226ed22f42741158fbf4d45849b8a326076f61d687f1a5d2a90bfd4a30e,3df2d8a5fa525867d5722b09c49040dc4a5ad9cf4d4829b13f857624885b9ebd,Codex (GPT-6),AI_assisted,2026-09-08,false,top100_metadata_v1,https://doi.org/10.1007/s11109-017-9414-8,56590030100,Alexander Coppock,1,us_inferred,metadata,,,
85020961104,10.1093/isq/sqv024,2016,International Studies Quarterly,"Selecting partner countries for preferential trade agreements: Experimental evidence from Costa Rica, Nicaragua, and Vietnam",non_us,abstract,"national surveys in Costa Rica, Nicaragua, and Vietnam",Metadata identifies a non-US population or study setting; no US experimental sample is reported.,false,85ac692118a05c0286faee4df3f61fbac6108c7a6b4c13be262a37c2a93d1813,e783a0bf1961dee9e109e421644b63e52a1ab389ef39ca35193e09d52d6d2231,Codex (GPT-6),AI_assisted,2026-09-08,false,top100_metadata_v1,https://doi.org/10.1093/isq/sqv024,36676605900,Gabriele Spilker,1,non_us,metadata,,,
85021736860,10.1111/ajps.12290,2017,American Journal of Political Science,Language Shapes People's Time Perspective and Support for Future-Oriented Policies,non_us,abstract,Estonian/Russian bilinguals,Estonian bilingual political context.,false,bf58d2cb75db9f453f2854d4c84bc9a84511b685bbdd1f78da0ebca8631f1a4c,380c60f18593c4179b82aa13a71253871a7b67066f96cb70269eb1f3ea97ba26,Codex (GPT-6),AI_assisted,2026-09-08,false,top100_metadata_v1,https://doi.org/10.1111/ajps.12290,35183713000,Efrén O. Pérez,1,non_us,metadata,,,
85024131036,10.1177/0049124115591016,2017,Sociological Methods and Research,First Equals Most Important? Order Effects in Vignette-Based Measurement,unclear,abstract,a web survey of 300 students,The student sample's country is unspecified.,false,f05e8dbaca92b93b9b12464fa32bc4e8b54a19e9da391e4973de9710720dba16,3798b8bf7295034ff70ed55f465781adf90cd9d9b93e247d6b16b56995f9b0f6,Codex (GPT-6),AI_assisted,2026-09-09,false,top100_2010_metadata_v1,https://doi.org/10.1177/0049124115591016,17345075500,Katrin Auspurg,1,unclear,metadata,,,
85029279527,10.1093/isq/sqw019,2017,International Studies Quarterly,Sanction consequences and citizen support: A survey experiment,us_explicit,full_text,All respondents were self-reported U.S. residents,The sanctions experiment explicitly restricted participants to US residents.,false,a9f177e747ba8f9134504961495d08f5eb22bc536c16f00ccd0c302356fe0e2d,e947e02a7ae4f4827046561006329200b2dd545c8cf9ffa892ed5e2e1613dd6f,Codex (GPT-6),AI_assisted,2026-09-09,false,top100_metadata_v1,https://doi.org/10.1093/isq/sqw019,55603014300,Tobias Heinrich,1,unclear,full_text,85029279527.pdf,18,a9edffc622e792b1ca290e8acf76fc79a80ef7d459a0e6d737eee816120f58e4
85029796805,10.1093/poq/nfx017,2017,Public Opinion Quarterly,The Interdependence of Perceived Ideological Positions,non_us,abstract,three survey experiments in Israel,The experiments were conducted in Israel.,false,d6522c4552163ad62ce682c54e2cd8d2a6eaafbe55bf96edf13f7fb0cd41daab,6e16de681477cc8ccb768fd143e1ed3cb45514595ade3fdbbb3be9c81715566b,Codex (GPT-6),AI_assisted,2026-09-09,false,top100_2010_metadata_v1,https://doi.org/10.1093/poq/nfx017,55135830500,Gábor Simonovits,1,non_us,metadata,,,
85030544249,10.1111/1745-9125.12153,2018,Criminology,TOWARD A BIFURCATED THEORY OF EMOTIONAL DETERRENCE,unclear,abstract,,Nationwide sample without country.,false,64dda4050c6ad42c314371e06dbceb192cff2a1edcbb0d978e000f5bb22692bf,ba4f7603a989015b5ded7ce27aaa85bd0b59eaf925047bf69dea8d61b92077da,Codex (GPT-6),AI_assisted,2026-09-08,false,top100_metadata_v1,https://doi.org/10.1111/1745-9125.12153,38061940400,Justin T. Pickett,1,unclear,metadata,,,
85033378563,10.1017/S002081831700042X,2018,International Organization,Authoritarian Public Opinion and the Democratic Peace,non_us,abstract,mass publics in an authoritarian regime - China,Metadata identifies a non-US population or study setting; no US experimental sample is reported.,false,df4f1d2a98f4ed6b53b7f410f5c28af01c929ec020eb218e9971c6642c0fd0ac,743d92330ab23238644c7d8b6312d0695415732f07b670beef717bbae94a99cd,Codex (GPT-6),AI_assisted,2026-09-08,false,top100_metadata_v1,https://doi.org/10.1017/S002081831700042X,56868425000,Kai Quek,1,non_us,metadata,,,
85033714347,10.1177/1065912917719501,2017,Political Research Quarterly,Economic inequality and public support for organized labor,unclear,abstract,,National survey without country; labour politics not uniquely American.,false,b5e8b918ba2fcf84a68a6dbaa0be48bf1759df3986c7b84799dd03e826ff283f,2551c67517cf0600a61f18488c83f25325fd918b1c81c1f0fa67a9f7df895d92,Codex (GPT-6),AI_assisted,2026-09-08,false,top100_metadata_v1,https://doi.org/10.1177/1065912917719501,56611317200,John V. Kane,1,unclear,metadata,,,
85033780100,10.1177/1043463117734179,2017,Rationality and Society,"Status, identity, and ability in the formation of trust",unclear,abstract,,MTurk and university students do not establish country.,false,157300add59f377bebbda8e5aa45185fcbec3ec20b61099edf83353887240bf5,ba7ce0ca1ceec51f601a9e2e96f9366472d40391748ad23a0f3a44ba330b0868,Codex (GPT-6),AI_assisted,2026-09-08,false,top100_metadata_v1,https://doi.org/10.1177/1043463117734179,36775562800,Blaine G. Robbins,1,unclear,metadata,,,
85033788510,10.1177/2378023116667360,2016,Socius,When Social Constraints Increase Trust: Considering Causal Attributions as a Source of Treatment Effect Heterogeneity,unclear,abstract,,Crowdsourced samples without country.,false,c14134685cf58925af861c1ae5503bc682436c2d0ff86cdbb0a2dacf385f1997,6f59c04e94b9e0ec3fe0b9d0aef4fc3b9847a665530115544e41de8f8bbea518,Codex (GPT-6),AI_assisted,2026-09-08,false,top100_metadata_v1,https://doi.org/10.1177/2378023116667360,36775562800,Blaine G. Robbins,1,unclear,metadata,,,
85034662474,10.1111/pops.12362,2017,Political Psychology,Ratio Bias and Policy Preferences: How Equivalency Framing of Numbers Can Affect Attitudes,non_us,full_text,representative of the Danish population,The experimental methods explicitly identify the respondent sample as Danish.,false,cc3786f622466aec17d2a5d88af27eb21d0941ed9e12ff933ad649add43a5034,3987c2f6820e5357b10f421ef5c6458fe87b13edc17aa088d60b845d4465a7bf,Codex (GPT-6),AI_assisted,2026-09-09,false,top100_metadata_v1,https://doi.org/10.1111/pops.12362,25224644900,Rasmus Tue Pedersen,1,unclear,full_text,85034662474.pdf,6,37d458b13c4c28cf548005dc5516b564546896ab22b9d25dcc185edf79549968
85035364736,10.1080/03050629.2018.1408012,2018,International Interactions,Attitudes toward Consent-Based and Non-Consent-Based International Law in a Regional Power Context,non_us,abstract,Brazilian public opinion,Study population or findings explicitly situated outside the US.,false,b3ac001a167923f26621c9ea87e62be1843f91bbb48be0b1cadf03be3ae78625,96e5d71b53149ea6417b504a52062bb76b6435fcdbdfd86bb3d60b791ccbf88b,Codex (GPT-6),AI_assisted,2026-09-08,false,top100_metadata_v1,https://doi.org/10.1080/03050629.2018.1408012,35861891200,Matthew S. Winters,1,non_us,metadata,,,
85037044153,10.1177/0275074016657179,2018,American Review of Public Administration,Internal Management and Perceived Managerial Trustworthiness: Evidence From a Survey Experiment,us_explicit,abstract,"1,829 U.S. residents","Abstract explicitly identifies Americans, US respondents, or a US study setting.",false,1cc91fa0f55f72ee921ea26c466ade17ae020488d25934654dce199f7c50bc26,0ededf13d87382e3d23e39cd0845cf158436797511e874cdb01a15e566d3d4eb,Codex (GPT-6),AI_assisted,2026-09-08,false,top100_metadata_v1,https://doi.org/10.1177/0275074016657179,56734108300,Mogens Jin Pedersen,1,us_explicit,metadata,,,
85037647979,10.1177/1532673X17715258,2018,American Politics Research,Conflict and Candidate Selection: Game Framing Voter Choice,us_inferred,abstract,Donald Trump and Bernie Sanders,Nationwide voter experiment about US presidential candidates.,false,58626140eb38d2c3f39bf2ac2becd373a59cc4ece1202b60b8b9e84983b60ea9,46cd74f3ed62b3a95732858815d21af62e3d0b091a194a22893cefa7df880459,Codex (GPT-6),AI_assisted,2026-09-08,false,top100_metadata_v1,https://doi.org/10.1177/1532673X17715258,24474160700,Brian R. Calfano,1,us_inferred,metadata,,,
85037698515,10.1080/00224545.2017.1409188,2018,Journal of Social Psychology,Racial bias in sport medical staff’s perceptions of others’ pain,us_inferred,abstract,National Collegiate Athletic Association (NCAA) Division 1,US college sports staffing context; country not stated.,false,949574b2867c147f476c98ee616124f7097398002b31efa8aedc73fada60e770,6083c81a82f8a8a40036e732e8ff638b156b50f65ac54a5dfe439b2c19d2fdd1,Codex (GPT-6),AI_assisted,2026-09-08,false,top100_metadata_v1,https://doi.org/10.1080/00224545.2017.1409188,6603696960,James N. Druckman,1,us_inferred,metadata,,,
85038355714,10.1111/padm.12363,2017,Public Administration,Behavioural and experimental public administration: Emerging contributions and new directions,not_applicable,abstract,The nine articles of the symposium,Overview of others' experiments; no original sample described.,false,ef65d5cd8f8ea5415477ef0ae206fae8a33746d9ce3cb61e9c8b6649bb65b932,4d974e0a16fb3c12896875bd39a7372acbffc2a5cc53ebc498afb16bd7381513,Codex (GPT-6),AI_assisted,2026-09-08,false,top100_metadata_v1,https://doi.org/10.1111/padm.12363,7003787305|7102332636,Gregg G. Van Ryzin; Oliver James,2,not_applicable,metadata,,,
85038356713,10.1111/padm.12353,2017,Public Administration,Citizen perceptions of procedural fairness and the moderating roles of ‘belief in a just world’ and ‘public service motivation’ in public hiring,us_explicit,abstract,823 US citizens,"Abstract explicitly identifies Americans, US respondents, or a US study setting.",false,37ed53ede711a2e80ea0f4242504df01ca0854ad0b67a41f6b541a1e0d1e1685,2e814ca6a3db1b1b29a306224fc531dc74ded859592496da680f1a942cca8747,Codex (GPT-6),AI_assisted,2026-09-08,false,top100_metadata_v1,https://doi.org/10.1111/padm.12353,56734108300,Mogens Jin Pedersen,1,us_explicit,metadata,,,
85039933179,10.1126/sciadv.1700812,2017,Science Advances,Explaining opposition to refugee resettlement: The role of NIMBYism and perceived threats,us_explicit,abstract,understand American citizens’ attitudes,"Abstract explicitly identifies Americans, US respondents, or a US study setting.",false,51df15039f2e17891311f5994bcb9f997a4d26a668da109eceab1bbb434aff11,69f6336faab17983accb7c0a7c27239a2f7b6433efc148f0f64984201fdf1cce,Codex (GPT-6),AI_assisted,2026-09-08,false,top100_metadata_v1,https://doi.org/10.1126/sciadv.1700812,24168107200,Yusaku Horiuchi,1,us_explicit,metadata,,,
85040085886,10.1177/0738894215611133,2018,Conflict Management and Peace Science,"Self-interest, partisanship, and the conditional influence of taxation on support for war in the USA",us_explicit,abstract,Americans incorporate information,"Abstract explicitly identifies Americans, US respondents, or a US study setting.",false,35381675660d80f95ba181bd8d9a4cce907284b4d5c33da41d4d90ecb55ff18c,c8f4a25a68e157c21b880b51b77a45023bff0c0c87a188dfada9e425674606b6,Codex (GPT-6),AI_assisted,2026-09-08,false,top100_metadata_v1,https://doi.org/10.1177/0738894215611133,12767146800,Douglas L. Kriner,1,us_explicit,metadata,,,
85040459526,10.1177/0095399715584638,2018,Administration and Society,More Similar Than Different: Experimental Evidence on the (In) Significance of Gender for the Effect of Different Incentives on Compliance Behavior,unclear,abstract,,Adult population without country.,false,566e9153a2fe14854a1145f3833204cdbbc908a834e7ae5fe8dfa9ca46842162,8d9d4bf2b2d0be8c437d9dc04b10a4c671c6b6cb898ed436963ff2887cf0badb,Codex (GPT-6),AI_assisted,2026-09-08,false,top100_metadata_v1,https://doi.org/10.1177/0095399715584638,56734108300,Mogens Jin Pedersen,1,unclear,metadata,,,
85041214633,10.1017/pan.2017.40,2018,Political Analysis,The Number of Choice Tasks and Survey Satisficing in Conjoint Experiments,unclear,abstract,,MTurk and SSI vendors do not establish sampling country.,false,190c59364f837f055c6aefed6a88f79a17772afb4571cdb036091dac6bee3d28,c6589dc45e86c548f5a234cd8ff39ad266f1fc3921fa225274a743eb187b29d0,Codex (GPT-6),AI_assisted,2026-09-08,false,top100_metadata_v1,https://doi.org/10.1017/pan.2017.40,36159270600,Teppei Yamamoto,1,unclear,metadata,,,
85041371053,10.1177/1948550617708016,2018,Social Psychological and Personality Science,The Struggle Over Political Power: Evaluating Immigrants’ Political Party Representation,non_us,abstract,national sample of the native Dutch,Study population or findings explicitly situated outside the US.,false,c567c135cb75576e70756d70c837970c1bbd227b30b95c3db5c4444812c11cdf,4ca8da9267941417ff31f470b61f624efe66b32d1e3853fcbd7d190baf0e3491,Codex (GPT-6),AI_assisted,2026-09-08,false,top100_metadata_v1,https://doi.org/10.1177/1948550617708016,7006059165,Maykel Verkuyten,1,non_us,metadata,,,
85041497842,10.1177/0894439317731721,2018,Social Science Computer Review,Do Polls Influence Opinions? Investigating Poll Feedback Loops Using the Novel Dynamic Response Feedback Experimental Procedure,unclear,abstract,,Probability online panel without country.,false,8aa1c80024f231e92e97aa88067097440b964614cb23a5fa65b1b5a497dd884d,664c38145278e0017b2e3ab4a3961f1e0fd48271bb19472b5b835595a1f2b86d,Codex (GPT-6),AI_assisted,2026-09-08,false,top100_metadata_v1,https://doi.org/10.1177/0894439317731721,50861069700,Sveinung Arnesen,1,unclear,metadata,,,
85041537528,10.1080/10584609.2018.1426663,2018,Political Communication,Do Bilinguals Respond More Favorably to Candidate Advertisements in English or in Spanish?,us_explicit,abstract,samples of both monolingual and bilingual Americans,"Metadata directly identifies a US experimental population, setting, or findings attributed to Americans.",false,1ee4497c9fe8a987e1cdcc5612688d5777a9322da0f0aba207ad8baa4dfee57a,023d3c9b7ebaeb8bbcdec941c0cb5773a66fffc8dc61a54483cba5eced2e5eef,Codex (GPT-6),AI_assisted,2026-09-08,false,top100_metadata_v1,https://doi.org/10.1080/10584609.2018.1426663,56590030100,Alexander Coppock,1,us_explicit,metadata,,,
85041603336,10.1177/1065912917729037,2018,Political Research Quarterly,Civic Duty and Political Preference Formation,unclear,abstract,,Tax and education topics not uniquely American.,false,72a7d4034e9f376e781d4d533798f3d18cedbd1a6a8f96ad2891a808ba6b2dfa,b602e05402bbef245a64a0c357d03599d0aa5421d40d1f4543073d38ce41c0fd,Codex (GPT-6),AI_assisted,2026-09-08,false,top100_metadata_v1,https://doi.org/10.1177/1065912917729037,37063497400,Kevin J. Mullinix,1,unclear,metadata,,,
85041617753,10.1086/694649,2018,Journal of Politics,"Corruption, accountability, and gender: Do female politicians face higher standards in public life?",non_us,abstract,fielded in the United Kingdom,Study population or findings explicitly situated outside the US.,false,dc12426f2db9f71c9274fdf99703e94cb340e112603e2a40a715d35b876bb7ed,49f8adccbbe9637e4dd6ab10e4a73e07cca36a3b2a40adb1956335f7bd3e089c,Codex (GPT-6),AI_assisted,2026-09-08,false,top100_metadata_v1,https://doi.org/10.1086/694649,37065230200,Markus Wagner,1,non_us,metadata,,,
85041625323,10.1177/1369148117745860,2018,British Journal of Politics and International Relations,"Congress, public opinion, and an informal constraint on the commander-in-chief",us_inferred,abstract,US presidents,National opinion experiments concern US congressional war powers.,false,61db1693bbe8bb52c6c0381b6b3342a6343ed0695b891eaa0e4910602320f540,ba7d0a849d7a88150c60e42c297f19bb25aa207aec441797584fc8d1ae2c691c,Codex (GPT-6),AI_assisted,2026-09-08,false,top100_metadata_v1,https://doi.org/10.1177/1369148117745860,12767146800,Douglas L. Kriner,1,us_inferred,metadata,,,
85042078394,10.1177/0010414017720702,2018,Comparative Political Studies,"The Legitimacy of Representation: How Descriptive, Formal, and Responsiveness Representation Affect the Acceptability of Political Decisions",non_us,abstract,In a Norwegian survey experiment,Metadata identifies a non-US population or study setting; no US experimental sample is reported.,false,0a01712007a2241613a1382145de5976472b8b913194668686d3cf637bb598a1,7de29d20ad749cd88095828ecdc465fb9aea1e952db576411d00df27b12bca61,Codex (GPT-6),AI_assisted,2026-09-08,false,top100_metadata_v1,https://doi.org/10.1177/0010414017720702,50861069700,Sveinung Arnesen,1,non_us,metadata,,,
85042090180,10.1177/0022002717704890,2018,Journal of Conflict Resolution,Mechanisms of Morality: Sources of Support for Humanitarian Intervention,us_inferred,abstract,US foreign policy,Humanitarian intervention experiment framed around US public obligations.,false,39129838522dc212a52cc344342afe3acefde2ce12659f816d2a0f2daf21d35d,e59dbb77911efeac5771aa2ccc9a85c9633bdfe4d5cabcf7efc4f702465b9965,Codex (GPT-6),AI_assisted,2026-09-08,false,top100_metadata_v1,https://doi.org/10.1177/0022002717704890,35725744600|57188971604,Sarah E. Kreps; Sarah R. Maxey,2,us_inferred,metadata,,,
85042184003,10.1177/0022343317748719,2018,Journal of Peace Research,"Refugees, xenophobia, and domestic conflict: Evidence from a survey experiment in Turkey",non_us,abstract,survey-experiment in the summer of 2014 in Turkey,Study population or findings explicitly situated outside the US.,false,d065dcdd75d169af4b4a190723c756c4b2dd59987aa6ddfe00f339d291cf9623,85d14f79bd753b60d236ae7d63c9bad58a7d1d9261a4fcfa21d63359a38080d5,Codex (GPT-6),AI_assisted,2026-09-08,false,top100_metadata_v1,https://doi.org/10.1177/0022343317748719,35492113000,Thomas Zeitzoff,1,non_us,metadata,,,
85042721612,10.1017/S0007123417000503,2020,British Journal of Political Science,How Do People Evaluate Foreign Aid To 'Nasty' Regimes?,us_inferred,full_text,Respondents from MTurk do not represent a random sample of the US population,"The authors target the US population, reweight their sample to its demographics, and ask about US aid; this supports contextual inference. Design compatibility remains separate.",false,c1cfbc4c47b82733b686a51a00afa3e40dc5567ef8f0a461f5e820b536012e83,ba6f70255ea9b0504418a7680279f3f6c1861726e1238d2e59fd4493dcb2c243,Codex (GPT-6),AI_assisted,2026-09-09,false,top100_metadata_v1,https://doi.org/10.1017/S0007123417000503,55603014300,Tobias Heinrich,1,unclear,full_text,85042721612.pdf,11,3ddc22a01722949d31e45679c28c85db1c2553c6f5df773de26fe0b8888f1884
85043332442,10.1177/1065912917738579,2018,Political Research Quarterly,Visual Information and Candidate Evaluations: The Influence of Feminine and Masculine Images on Support for Female Candidates,unclear,abstract,,Candidate images and gender without country-specific context.,false,0a8ebf561bf28ce364a44214c06510fe1a329a459eeadbcfd7b862e95ebb600f,47dde0d48d6a00408f090bdc42cdd9f74eb1a521bd288ec80b98837a47f29714,Codex (GPT-6),AI_assisted,2026-09-08,false,top100_metadata_v1,https://doi.org/10.1177/1065912917738579,54881904100,Nichole M. Bauer,1,unclear,metadata,,,
85044032298,10.1177/1043463118759671,2018,Rationality and Society,Legitimate authorities and rational taxpayers: An investigation of voluntary compliance and method effects in a survey experiment of income tax evasion,unclear,abstract,,University undergraduates without sample country.,false,fbe7b5a18184baefddc0797f28fc928574631e75b1bcd9b89f87981bf51b450d,753ac2684473e2273fc73f69785ce68131b7805b3ef4855da36f3de2d04cfe12,Codex (GPT-6),AI_assisted,2026-09-08,false,top100_metadata_v1,https://doi.org/10.1177/1043463118759671,36775562800,Blaine G. Robbins,1,unclear,metadata,,,
85044370343,10.1177/1368430217737855,2018,Group Processes and Intergroup Relations,Do partisanship and politicization undermine the impact of a scientific consensus message about climate change?,us_inferred,abstract,the American public remains divided,Nationally representative experiment follows US climate opinion framing.,false,bfcc31c1f0759d169546d72b322d8e79af7da6ab92ec6054f7625aed38745cc5,184a9ba04ca206f74d34304adb397c50f79e171dc62dad71b31167c1bd61c405,Codex (GPT-6),AI_assisted,2026-09-08,false,top100_metadata_v1,https://doi.org/10.1177/1368430217737855,12794521600|6603696960,Toby Bolsen; James N. Druckman,2,us_inferred,metadata,,,
85044835879,10.1177/1532673X17715620,2018,American Politics Research,Assessing the Electoral Impact of the 2010 Oregon Citizens’ Initiative Review,us_explicit,abstract,influenced Oregon voters’ values,"Metadata directly identifies a US experimental population, setting, or findings attributed to Americans.",false,c9af827868b50840cd16611b58eb444b483cb6ef66452b5f53f629f8268c4d3c,948b36ac8b9f4b0a72e1b9c135f2ff5dfa8291248eb9a65ccc3afb0896d0f13a,Codex (GPT-6),AI_assisted,2026-09-08,false,top100_metadata_v1,https://doi.org/10.1177/1532673X17715620,6601956224,John Gastil,1,us_explicit,metadata,,,
85044846087,10.1561/100.00016112,2018,Quarterly Journal of Political Science,The long-lasting e ects of newspaper Op-Eds on public opinion,us_inferred,abstract,"Democrats, Republicans, and independents",US partisan composition in op-ed experiment.,false,4c19f13ba7b4cfccc760074cd29b32f5acf16b80c8af980bca5d45d684541a19,36a3cae3c2e6248d6fb410ef0b3f97d63c1a08c44417cdd4df7e86aa2c80902a,Codex (GPT-6),AI_assisted,2026-09-08,false,top100_metadata_v1,https://doi.org/10.1561/100.00016112,56590030100,Alexander Coppock,1,us_inferred,metadata,,,
85045047689,10.1177/1065912918761009,2018,Political Research Quarterly,Political Gender Stereotypes in a List-PR System with a High Share of Women MPs: Competent Men versus Leftist Women?,non_us,abstract,conducted in Flanders (Belgium),US mentioned as prior research.,false,544f18f2f5eee2aa553156bcaa449e83abea5d00e7b857363780b14ca4c94fba,cc72da803400e0fbe27da13c6c7705dcd898e6c543d3458da7921401d8f289fd,Codex (GPT-6),AI_assisted,2026-09-08,false,top100_metadata_v1,https://doi.org/10.1177/1065912918761009,57196390820,Robin Devroe,1,non_us,metadata,,,
85045341632,10.1007/s11577-018-0515-0,2018,Kolner Zeitschrift Fur Soziologie Und Sozialpsychologie,Confounded Results due to an Experimental Main Effect Design?: A Comment on the Vignette Analysis “Who is Welcome in Germany” by C. Czymara and A. Schmidt-Catran,not_applicable,abstract,In this comment,Methodological critique of another article's experiment; no original respondent sample is identified.,false,9b01a5fb169a21b5cb7b5dfaafe578ec658ef4e90bb18138b89f11585fceb776,0fa9fb294938c33ad02378b4f6df888646a4119ed0ba095cbc7dda62e1bca161,Codex (GPT-6),AI_assisted,2026-09-09,false,top100_2010_metadata_v1,https://doi.org/10.1007/s11577-018-0515-0,17345075500,Katrin Auspurg,1,not_applicable,metadata,,,
85046533072,10.1017/S0020818318000188,2018,International Organization,A dispositional theory of reputation costs,us_explicit,full_text,589 registered American voters,The main survey experiment sampled registered American voters through SSI.,false,d3ecdc68bd7ccefcc8178df08b8c52b6462b5c378e77583ae9ba0fdb6bfbb779,25fe09ee1fb614fa6bab4afab17986ca6bbeddd41ee568ff3e5b61af5c7b5106,Codex (GPT-6),AI_assisted,2026-09-09,false,top100_metadata_v1,https://doi.org/10.1017/S0020818318000188,56556884300,Ryan Brutger,1,unclear,full_text,85046533072.pdf,11,ff01574ba12a826a576e738a9f401f2c6985871db1eba340910f85f7a75ddaa6
85046645518,10.1017/XPS.2017.7,2017,Journal of Experimental Political Science,Politicians Appear More Competent When Using Numerical Rhetoric,unclear,abstract,,Numerical political rhetoric without sample country.,false,e1db95d1a6247d4799a496246806f0999a19706d2b757588bf987cc13119ac32,4b307bafb69d30139c7bef7fa21e25ef5e2c703970415f1de7c0d84ef4e4fd94,Codex (GPT-6),AI_assisted,2026-09-08,false,top100_metadata_v1,https://doi.org/10.1017/XPS.2017.7,25224644900,Rasmus Tue Pedersen,1,unclear,metadata,,,
85046690233,10.1017/XPS.2017.15,2017,Journal of Experimental Political Science,Individual Preferences for FDI in Developing Countries: Experimental Evidence from China,non_us,abstract,Chinese citizens' attitudes toward FDI,Metadata identifies a non-US population or study setting; no US experimental sample is reported.,false,ea1a34de7f88032f0faa038c3f78da2eaa0d4d79b7b46926f723fd7329f864e4,054a3585595612508fb8f98df8e3d914d126bf68bef71ac4d3d8fe213edf7f64,Codex (GPT-6),AI_assisted,2026-09-08,false,top100_metadata_v1,https://doi.org/10.1017/XPS.2017.15,56924059300,Xiaojun Li,1,non_us,metadata,,,
85047370379,10.1080/10584609.2018.1467517,2018,Political Communication,Media Coverage and Public Approval of the U.S. Supreme Court,us_inferred,abstract,the U.S. Supreme Court,"The experiment concerns US citizens' acceptance of Supreme Court decisions, supporting a US institutional-context inference.",false,d6246cb0fc3edd3d193c8ac005307508197c41b4a8d093f3b4eeabb9b1bc85dc,1d94c0c183aac32326cd0dafa47e86e8fc1378d1b4112799381f6a740eb22efc,Codex (GPT-6),AI_assisted,2026-09-09,false,top100_2010_metadata_v1,https://doi.org/10.1080/10584609.2018.1467517,57203655130,Kathleen Searles,1,us_inferred,metadata,,,
85047444290,10.1111/ssqu.12406,2018,Social Science Quarterly,Burying the Hatchet? Elite Influence and White Opinion on the Washington Redskins Controversy*,us_explicit,abstract,white Americans,The stated respondents of interest are white Americans in an experiment embedded in the CCES.,false,dde3e305600abe94cd7b2cbc868f7caf0f19334e3d61371b088454fecbedf3fa,0aefaee21d75e7f220bf3b2d5213acffc332f0c898238486269cda0447ec702d,Codex (GPT-6),AI_assisted,2026-09-09,false,top100_2010_metadata_v1,https://doi.org/10.1111/ssqu.12406,55454468300,Tatishe M. Nteta,1,us_explicit,metadata,,,
85047666016,10.1086/694784,2018,Journal of Politics,Wanting what is fair: How party cues and information about income inequality affect public support for taxes,us_inferred,abstract,Income inequality has risen dramatically in the United States,US income inequality and tax-policy electoral setting.,false,ae1185c1f83c50b7316550db08dd646e38f1df37a40e6ede8050c7c011f3ed49,88550658f5cb3892066eaf848a054344f601c03534223487bda35eee2b74e5ee,Codex (GPT-6),AI_assisted,2026-09-08,false,top100_metadata_v1,https://doi.org/10.1086/694784,25654666600|35233806200,Cheryl Boudreau; Scott A. MacKenzie,2,us_inferred,metadata,,,
85047792819,10.1177/1065912918775252,2019,Political Research Quarterly,"Accountability, Framing Effects, and Risk-Seeking by Elected Representatives: An Experimental Study with American Local Politicians",us_explicit,abstract,440 incumbent local politicians from across the United States,"Metadata directly identifies a US experimental population, setting, or findings attributed to Americans.",false,05607fc6d061bdc824174ecdcdab0a734c4ad6c53df47a0849e5ae5e0806cd1c,713d47b4c52494f5dece557756c16d62f0677ac7ba48f647962a3ea07c84e5b3,Codex (GPT-6),AI_assisted,2026-09-08,false,top100_metadata_v1,https://doi.org/10.1177/1065912918775252,15757402700,Peter John Loewen,1,us_explicit,metadata,,,
85047903545,10.1111/pops.12449,2018,Political Psychology,"Fighting the Past: Perceptions of Control, Historical Misperceptions, and Corrective Information in the Israeli-Palestinian Conflict",non_us,abstract,Jewish Israelis who were asked,Study population or findings explicitly situated outside the US.,false,420eadfe275999a63f934dd79ca4d524fb475517999a5aa1159abc4fa9f0cd7c,42bc0676b83cec666043e997fff066bb69bb802d857d934c295be9fa4587d506,Codex (GPT-6),AI_assisted,2026-09-08,false,top100_metadata_v1,https://doi.org/10.1111/pops.12449,35759060800|35492113000,Brendan Nyhan; Thomas Zeitzoff,2,non_us,metadata,,,
85048299227,10.1177/0032321718780516,2019,Political Studies,Numbers and Attitudes towards Welfare State Generosity,non_us,abstract,survey experiment conducted in the UK,Metadata identifies a non-US population or study setting; no US experimental sample is reported.,false,8b165ab378575b372f345c8b3a9960d5331a8e17c606ac9c8f8f2ae6248c570c,a4dcfd793a9c830e081e4eaeb4a61a6238e81015bdc0bc2117828bb8943bad27,Codex (GPT-6),AI_assisted,2026-09-08,false,top100_metadata_v1,https://doi.org/10.1177/0032321718780516,56534303500,Anthony Kevins,1,non_us,metadata,,,
85048742659,10.1007/s11109-018-9475-3,2019,Political Behavior,The Effects of Partisan Trespassing Strategies Across Candidate Sex,us_inferred,abstract,Democrats and Republicans,Experimental candidate strategies in US party system.,false,e8aa24f5713923a8683a7bc377a5d4546505a575cb755cb805db99fa940cef0d,e944b62fed4614f5b1882744148862197529e609ee19ba60a9e0c2f3de121439,Codex (GPT-6),AI_assisted,2026-09-08,false,top100_metadata_v1,https://doi.org/10.1007/s11109-018-9475-3,54881904100,Nichole M. Bauer,1,us_inferred,metadata,,,
85048745799,10.1177/2053168016654326,2016,Research and Politics,Exploring the difference in participants’ factual knowledge between online and in-person survey modes,unclear,title,online and in-person survey modes,Survey mode and factual-knowledge comparisons do not locate the participants.,false,c1c6ac45b19e19666b21369b923f23718cf127a7e9be6444f15283ac1ebb02d5,ec562bc7824a8351b2a8c6ac4413755353d3e0aba0592d6b0f888351f8fc1070,Codex (GPT-6),AI_assisted,2026-09-09,false,top100_2010_metadata_v1,https://doi.org/10.1177/2053168016654326,55461249300,Craig M. Burnett,1,unclear,metadata,,,
85049075124,10.1086/698663,2018,Journal of Politics,Conspiracy and misperception belief in the Middle East and North Africa,non_us,abstract,examining conspiracy beliefs in the MENA region,Study population or findings explicitly situated outside the US.,false,6f6a1d56a278a7eb22e6cf11e60f87ab0370e5f27acd897d8889fec3a226da1b,db6bd8c3dfdb6e9157d9910d803c7b94ea0ca406f2c26510ef49c4413496cb54,Codex (GPT-6),AI_assisted,2026-09-08,false,top100_metadata_v1,https://doi.org/10.1086/698663,35759060800|35492113000,Brendan Nyhan; Thomas Zeitzoff,2,non_us,metadata,,,
85049693637,10.1177/0049124118782536,2021,Sociological Methods and Research,"Uncovering the Nexus Between Attitudes, Preferences, and Behavior in Sociological Applications of Stated Choice Experiments",unclear,abstract,,Ethical consumption experiment without country.,false,59c4644e82ef1b661b6e39b72591f6ce58e1b049830023569c70db36069962d8,433bfada2fdd04a760963ea4f012afbc3c3ca296fe20fbacc023c7a83cb87b0c,Codex (GPT-6),AI_assisted,2026-09-08,false,top100_metadata_v1,https://doi.org/10.1177/0049124118782536,23982874600,Ulf Liebe,1,unclear,metadata,,,
85050296213,10.1007/s11109-018-9480-6,2019,Political Behavior,Roadmaps to Representation: An Experimental Study of How Voter Education Tools Affect Citizen Decision Making,us_explicit,full_text,we mailed letters to 5000 District 1 residents,The recruitment paragraph identifies registered voters in District 1 of the city; PDF pages 9–10 explicitly identify that city as San Francisco. Original survey experiments used these residents.,false,6773c53aaf5db48516ca3e9c37f1c170f33a9b7e4f181be65dfbf96ceabf838f,d97c923e8aee877d9033fd0ce390ff2e713d468e3520a48b008088cf85d243f3,Codex (GPT-6),AI_assisted,2026-09-09,false,top100_metadata_v1,https://doi.org/10.1007/s11109-018-9480-6,25654666600|35233806200,Cheryl Boudreau; Scott A. MacKenzie,2,unclear,full_text,85050296213.pdf,12,5ed99ada65263665aef0920de2e5370cf3dd583fef358d98883680600cc0bdc6
85051013258,10.1111/psq.12273,2016,Presidential Studies Quarterly,"Control, Accountability, and Constraints: Rethinking Perceptions of Presidential Responsibility for the Economy",unclear,abstract,,Presidential accountability alone does not distinguish the US from other presidential systems.,false,8e15f519797d538e32f16adbd4c8b31945fa9c5c9a417ac71d9b71c193cf7ced,a6998c72ae4042283f8d5747789911a00cdbae129dd5d98b56620d4bdf0aa1a0,Codex (GPT-6),AI_assisted,2026-09-08,false,top100_metadata_v1,https://doi.org/10.1111/psq.12273,56611317200,John V. Kane,1,unclear,metadata,,,
85052006071,10.1080/10410236.2018.1504656,2019,Health Communication,How Communicating Misleading Information Dilutes Public Understanding of Weight Loss Mechanisms,unclear,abstract,,National nutrition sample without country.,false,ea59078d2c03b9ac1668e6e25d16b69dbabce8dd6ea59234abafca16d4ca7624,9a5b6569bbcf529f36c4e78124ed22f190a30ee9f9a63e37f7dd1118b145d67d,Codex (GPT-6),AI_assisted,2026-09-08,false,top100_metadata_v1,https://doi.org/10.1080/10410236.2018.1504656,6601956224,John Gastil,1,unclear,metadata,,,
85052056398,10.1177/0032321718791373,2019,Political Studies,The Road to Cynicism: The Political Consequences of Online Satire Exposure in China,non_us,abstract,Our online survey experiment on young Chinese Internet users,Metadata identifies a non-US population or study setting; no US experimental sample is reported.,false,e194c5d859c5ca4b12471467aff13b4c324b57d6b92b532a3be90e659fa1abc3,246ac443e0e7f811c4b54275ddcb52176c3e2c6d64e01c1c85a9cef6d9bd55ae,Codex (GPT-6),AI_assisted,2026-09-08,false,top100_metadata_v1,https://doi.org/10.1177/0032321718791373,57226745341,Li Shao,1,non_us,metadata,,,
85052060424,10.1177/0022002718789751,2019,Journal of Conflict Resolution,A Clash of Norms? How Reciprocity and International Humanitarian Law affect American Opinion on the Treatment of POWs,us_explicit,abstract,Survey experiments fielded in the United States,"Abstract explicitly identifies Americans, US respondents, or a US study setting.",false,cdf73d514161468924a7fc7d1309c922e7839108460a25b32900627da9b6a6bd,0ff9cf06043efcdf1e520ca3443d12c43e915ab0a893c8e8c660aea7ff22ed88,Codex (GPT-6),AI_assisted,2026-09-08,false,top100_metadata_v1,https://doi.org/10.1177/0022002718789751,57203528227,Jonathan A. Chu,1,us_explicit,metadata,,,
85052331497,10.1093/sf/soy046,2018,Social Forces,Privilege on the precipice: Perceived racial status threats lead white americans to oppose welfare programs,us_inferred,abstract,Barack Obama's successful presidential candidacy,"US racial and welfare context; named ANES data are observational, not direct sampling evidence for experiments.",false,3ffb153f3fd8dcea4763911f0107efab36569f643ddbf40bc9546ec2f0fc0935,81fd564a78822b952f78785f9fba54bf77eb4b6e8d0482bb62d2520f2974410b,Codex (GPT-6),AI_assisted,2026-09-08,false,top100_metadata_v1,https://doi.org/10.1093/sf/soy046,16305967100,Robb Willer,1,us_inferred,metadata,,,
85052633160,10.1111/jomf.12526,2019,Journal of Marriage and Family,Partner Characteristics and Perceptions of Responsibility for Housework and Child Care,us_explicit,abstract,Americans' normative beliefs,The experiment's reported conclusions explicitly concern American respondents' household-labour judgments.,false,4f304355506713e61f1f1c5b247ced90a46c14509f9f228dd242b1bbd86ad979,55e0b7957a43f0b436454984f25ff8fc4aa7b4717e3bf98fe6a1de96cbf7eb5f,Codex (GPT-6),AI_assisted,2026-09-09,false,top100_2010_metadata_v1,https://doi.org/10.1111/jomf.12526,55636964600,Long Doan,1,us_explicit,metadata,,,
85052643404,10.1017/psrm.2018.26,2020,Political Science Research and Methods,Identifying voter preferences for politicians' personal attributes: A conjoint experiment in Japan,non_us,abstract,using the case of Japan,Study population or findings explicitly situated outside the US.,false,ab797d211cea222675e6af23f15bf367d82e13be2e9000f4531fcebea6d5452c,cf4841d99883f3924571338cfa66295de09654c3a5d34116570f59e9b279ba4c,Codex (GPT-6),AI_assisted,2026-09-08,false,top100_metadata_v1,https://doi.org/10.1017/psrm.2018.26,24168107200|36159270600,Yusaku Horiuchi; Teppei Yamamoto,2,non_us,metadata,,,
85053017516,10.1017/S0007123418000248,2020,British Journal of Political Science,"Beyond Opportunity Costs: Campaign Messages, Anger and Turnout among the Unemployed",us_explicit,abstract,survey experiment involving unemployed Americans,"Abstract explicitly identifies Americans, US respondents, or a US study setting.",false,be3c33dd7111083d3c3c078d0f120125c3edd06ee5c21a94e8d358be35b0be09,714bf21853e71cbe3d4d6adfa115cd3eca83ea7bbdeb2f78dfbaffce52be8470,Codex (GPT-6),AI_assisted,2026-09-08,false,top100_metadata_v1,https://doi.org/10.1017/S0007123418000248,56448439600,Selim Erdem Aytaç,1,us_explicit,metadata,,,
85053221139,10.1111/jssr.12540,2018,Journal for the Scientific Study of Religion,The Influence of Institutional Salience on Political Attitudes and Activism among Catholic Priests in the United States,us_explicit,abstract,Roman Catholic priests in the United States,"Abstract explicitly identifies Americans, US respondents, or a US study setting.",false,e46c18fbbaf0cbeb2aa01afe09fca87283f3af0e3c428ffaa2d22f046e6d141b,a65faa016f4ad2b446f05686455304fd8c2df8b035759e2e7db39c3b286a4bc3,Codex (GPT-6),AI_assisted,2026-09-08,false,top100_metadata_v1,https://doi.org/10.1111/jssr.12540,24474160700,Brian R. Calfano,1,us_explicit,metadata,,,
85053299605,10.1177/1065912918793946,2019,Political Research Quarterly,"Pulled-Over Rates, Causal Attributions, and Trust in Police",us_inferred,abstract,American criminal justice system,US racial disparities in police stops frame the experiments.,false,de8b2d3ef0b82274c4cafb95a8af4d105497e86fcfb3324a9c93d48fa498d37a,2439481be5ad94125173d977d4e0036670795b76d5e85596125d2260bf600b35,Codex (GPT-6),AI_assisted,2026-09-08,false,top100_metadata_v1,https://doi.org/10.1177/1065912918793946,37063497400,Kevin J. Mullinix,1,us_inferred,metadata,,,
85053490407,10.1080/17524032.2018.1508046,2018,Environmental Communication,Exploring the Adaptation-mitigation Relationship: Does Information on the Costs of Adapting to Climate Change Influence Support for Mitigation?,us_explicit,abstract,"2,000 US-based respondents","Abstract explicitly identifies Americans, US respondents, or a US study setting.",false,29a842d9f79212c0a03fea293ba627ff819840963f86f408a455ee10aa4b3fe5,cd7b9c40d836ca0e6d4db3bce6ee301d36a8ed9518e8013e731782a625929ad3,Codex (GPT-6),AI_assisted,2026-09-08,false,top100_metadata_v1,https://doi.org/10.1080/17524032.2018.1508046,7202316609,Aseem Prakash,1,us_explicit,metadata,,,
85053509639,10.1080/09644016.2018.1517917,2019,Environmental Politics,Explaining support for renewable energy: commitments to self-sufficiency and communion,us_explicit,abstract,representative sample of American households,"Abstract explicitly identifies Americans, US respondents, or a US study setting.",false,10ae2688b4eb57d13f0e8da924a45aa3fb6cbada9830aa274389f0d6ba4a5cb1,99824882d6def5018b125c2c44100d8e899884bc57c316e4a4bb301872ab6e7b,Codex (GPT-6),AI_assisted,2026-09-08,false,top100_metadata_v1,https://doi.org/10.1080/09644016.2018.1517917,7102611306,Christine Horne,1,us_explicit,metadata,,,
85053519754,10.1177/0738894217697458,2019,Conflict Management and Peace Science,Supplying protection: The United Nations and public support for humanitarian intervention,us_explicit,abstract,representative sample of the US public,"Metadata directly identifies a US experimental population, setting, or findings attributed to Americans.",false,b3f5b233fb79353511e3ec1557daf688ca834b3efe4a592e20355016cf93dd97,17e0a677ffd9869afacbfe0d93a5f10056dd435b7f90df2fc00fe39f7824eb15,Codex (GPT-6),AI_assisted,2026-09-08,false,top100_metadata_v1,https://doi.org/10.1177/0738894217697458,24554597700,Geoffrey P. R. Wallace,1,us_explicit,metadata,,,
85053665784,10.1111/pops.12495,2019,Political Psychology,The Scope of Partisan Influence on Policy Opinion,unclear,abstract,,Party cues without country-specific context.,false,f0635c5681ccb065a685ef083b6a6af03283b3e8713a270f13cef3de09b70acc,dbde3e89603434c232d6a7840b3cbeadb3e0a3951a1468f806bce1d74884ac9a,Codex (GPT-6),AI_assisted,2026-09-08,false,top100_metadata_v1,https://doi.org/10.1111/pops.12495,55612017400,Erik Peterson,1,unclear,metadata,,,
85053749730,10.1177/0003122418794635,2018,American Sociological Review,Who are the “Illegals”? The Social Construction of Illegality in the United States,us_explicit,abstract,"1,515 non-Hispanic white U.S. adults","Metadata directly identifies a US experimental population, setting, or findings attributed to Americans.",false,8ccbbd5cd14f3d1938465003aa6887b96951522f029f40a5dd646cfb2739d02c,609d3b38fdcb8d2007e72569b8a90b20b0499837905b6ce2a9b19a61a7696173,Codex (GPT-6),AI_assisted,2026-09-08,false,top100_metadata_v1,https://doi.org/10.1177/0003122418794635,49861923700,Ariela Schachter,1,us_explicit,metadata,,,
85054474475,10.1093/jopart/muy018,2018,Journal of Public Administration Research and Theory,Punishment on the frontlines of public service delivery: Client ethnicity and caseworker sanctioning decisions in a Scandinavian welfare state,non_us,abstract,Using Danish employment agencies as our empirical setting,Study population or findings explicitly situated outside the US.,false,333af1a988f4f525ecee52b9e39f1d4dec3f749713497a8bb6595442ae29ba7e,7b5ed19c13e81d10d117f56686f4d95e67517050fa2df736f92c79895654ad84,Codex (GPT-6),AI_assisted,2026-09-08,false,top100_metadata_v1,https://doi.org/10.1093/jopart/muy018,56734108300,Mogens Jin Pedersen,1,non_us,metadata,,,
85054952173,10.1017/psrm.2018.41,2020,Political Science Research and Methods,Do voters prefer gender stereotypic candidates? evidence from a conjoint survey experiment in Japan,non_us,abstract,Our conjoint experiment results in Japan,Study population or findings explicitly situated outside the US.,false,84a2eb755cd94a546019aaf5128651588b82077188b3a24f55963af7eb8953aa,9849278d3152b6224628767690a958b64c779a10a5d46e20e26a6663717d5ed1,Codex (GPT-6),AI_assisted,2026-09-08,false,top100_metadata_v1,https://doi.org/10.1017/psrm.2018.41,55091186500,Yoshikuni Ono,1,non_us,metadata,,,
85055564646,10.1080/1369118X.2018.1534985,2020,Information Communication and Society,Don’t read the comments: the effects of abusive comments on perceptions of women authors’ credibility,unclear,abstract,two additional survey experiments,Online abusive comments and journalist gender do not identify participant country.,false,8c32fc0fde72dac95d20f2d67f14189e3235967eff5b6b51f8847a2807de7da7,03b4f2c12f8574bf30db5d92879fe26a1627d019d00861141bf56fc9180d1c88,Codex (GPT-6),AI_assisted,2026-09-09,false,top100_2010_metadata_v1,https://doi.org/10.1080/1369118X.2018.1534985,57203655130,Kathleen Searles,1,unclear,metadata,,,
85055870318,10.1007/s11109-018-9511-3,2020,Political Behavior,Has Trump Damaged the U.S. Image Abroad? Decomposing the Effects of Policy Messages on Foreign Public Opinion,non_us,abstract,we used Japan as a case,"Trump and US topics, but respondents in Japan.",false,4d661d9090728998df00cb58456359734bb8813abb559d3461e650bc9a051514,b8b4eed5806e46e83dd5d601bce858a24bd644f64237b8beb5fb40cc5b147d01,Codex (GPT-6),AI_assisted,2026-09-08,false,top100_metadata_v1,https://doi.org/10.1007/s11109-018-9511-3,24168107200,Yusaku Horiuchi,1,non_us,metadata,,,
85056201830,10.1016/j.electstud.2018.10.005,2019,Electoral Studies,Do citizens make inferences from political candidate characteristics when aiming for substantive representation?,non_us,abstract,probability-based online panel of the Norwegian electorate,Metadata identifies a non-US population or study setting; no US experimental sample is reported.,false,a6a423f6bcb61fb239711000e2f225f8fd65f228cb9cd466b6554479d839a0e8,d9609feb37b9f022c7506a61d37044fd2938e3bbc77a07e90bb1ae74ddd6b4e5,Codex (GPT-6),AI_assisted,2026-09-08,false,top100_metadata_v1,https://doi.org/10.1016/j.electstud.2018.10.005,50861069700,Sveinung Arnesen,1,non_us,metadata,,,
85056771847,10.1057/s41269-018-0124-y,2020,Acta Politica,Does high on the ballot means highly competent? Explaining the ballot position effect in list-PR systems,non_us,full_text,a representative sample of the Flemish population,The experiment sampled the Flemish population of Belgium; US references concern other studies.,false,300f3a3e9d97b004e2798e336af2f6ae4a6cb5368c801789588baa03b263b709,dd7a48d420404550ebf079f2e52a84da3f1391785e195bfb4826352cd4f812ef,Codex (GPT-6),AI_assisted,2026-09-09,false,top100_metadata_v1,https://doi.org/10.1057/s41269-018-0124-y,57196390820,Robin Devroe,1,unclear,full_text,85056771847.pdf,2,8baed0c703b6208c117360abc453fb366fd1edfa5f3fd568a56b9fe472bf7a5b
85056907668,10.1093/esr/jcy039,2018,European Sociological Review,Why are employers put off by long spells of unemployment?,non_us,full_text,"vignette experiment conducted in Flanders, Belgium","The study recruited people involved in hiring in Flanders, Belgium.",false,a929c6c8505c0a87fdf43074e5f45487426e78cd15087bf310b0157f6f763ed9,e5b91a490be30cae4b56c64afe86d8f252f6a8d8a5f606b6cde37712b2c5555a,Codex (GPT-6),AI_assisted,2026-09-09,false,top100_metadata_v1,https://doi.org/10.1093/esr/jcy039,55746145800,Stijn Baert,1,unclear,full_text,85056907668.pdf,3,761ecf6b970ca53597d35ccfc007b540ab88b0aa7022baf4ccf2bd05786d40a5
85057148304,10.1016/j.enpol.2018.11.013,2019,Energy Policy,Korean perceptions of transboundary air pollution and domestic coal development: Two framing experiments,non_us,abstract,residents living in the Seoul Metropolitan area,Study population or findings explicitly situated outside the US.,false,9326d337f2027aa94cf86e3f59a9fc19469146e4ef813937b119f0c1530e662a,ab5e454f416fb62642369ccb5d58f8ad2f2f54b8c9106428b3be4703de280f53,Codex (GPT-6),AI_assisted,2026-09-08,false,top100_metadata_v1,https://doi.org/10.1016/j.enpol.2018.11.013,12794521600,Toby Bolsen,1,non_us,metadata,,,
85057578602,10.1073/pnas.1808083115,2018,Proceedings of the National Academy of Sciences of the United States of America,Generalizability of heterogeneous treatment effect estimates across samples,us_explicit,full_text,online mode on samples of US residents,The paper explicitly limits the evaluated experiments to online studies of US residents.,false,d7466900b2d865d5fc967912b57e126751ab14feb1fe7f7ba9c270b235810ac0,6f1d98b845cc8243d681aee828a289eee59fe1cc1e4b7a271f9a799e60024018,Codex (GPT-6),AI_assisted,2026-09-09,false,top100_metadata_v1,https://doi.org/10.1073/pnas.1808083115,37063497400|56590030100,Kevin J. Mullinix; Alexander Coppock,2,unclear,full_text,85057578602.pdf,5,8aac74304338c8f1c0884c23afbf4cd4201ce924f4ff602381017df3fbd49d46
85057946678,10.1177/0192512117696333,2019,International Political Science Review,Ethnicity and religiosity-based prejudice in Turkey: Evidence from a survey experiment,non_us,abstract,prejudicial attitudes in Turkey,Study population or findings explicitly situated outside the US.,false,62452bdcd4166af4456fa602b678c278015bd5e4e6eee7466628272ec15261a9,26c8f3ec2f29e9dd076046d1880e037afa0f51b273a6479e8e2150a315bde653,Codex (GPT-6),AI_assisted,2026-09-08,false,top100_metadata_v1,https://doi.org/10.1177/0192512117696333,56448439600,Selim Erdem Aytaç,1,non_us,metadata,,,
85058068103,10.1086/699912,2019,Journal of Politics,How incivility on partisan media (De)polarizes the electorate,us_inferred,abstract,"MSNBC for Democrats, Fox News for Republicans",US partisan media and electorate context.,false,db7ca406e49efbdddbbcb85c9dca05c5b676e03a1a8f51a1aa8cd85ebf82b858,c9164d0a8d06198b6974b28933725f568b5e5dd9dbbc7ceac1f7d8f02562eec5,Codex (GPT-6),AI_assisted,2026-09-08,false,top100_metadata_v1,https://doi.org/10.1086/699912,6603696960,James N. Druckman,1,us_inferred,metadata,,,
85058618008,10.1177/0190272518804532,2018,Social Psychology Quarterly,The Conditionality of Norms: The Case of Bridewealth,non_us,abstract,bridewealth norms in Africa,African setting; specific sample country unstated.,false,3b04fc2cb82cb774ba0b4d73110d6113119f3f2ad592500024ef74e8d5dfd9c6,f348b9f78ec8602f5a8f88896efbb8c84524e4a4c20a93adc4f0a6e2e72a5515,Codex (GPT-6),AI_assisted,2026-09-08,false,top100_metadata_v1,https://doi.org/10.1177/0190272518804532,7102611306,Christine Horne,1,non_us,metadata,,,
85058698012,10.1177/1086026618803729,2020,Organization and Environment,"How Can Consumer Trust in Energy Utilities be Increased? The Effectiveness of Prosocial, Proenvironmental, and Service-Oriented Investments as Signals of Trustworthiness",us_inferred,abstract,"in the United States, consumers’ trust in utilities is low",US consumer context frames energy utility experiments.,false,6939e0962add91c756f8101aa4fdf0f68653973145a0d1b96d3939f9c9400ae6,4020e4b63e4b002c08c7df2c665e6932bea0e024f07b651ea3e0b2ec7eef8f27,Codex (GPT-6),AI_assisted,2026-09-08,false,top100_metadata_v1,https://doi.org/10.1177/1086026618803729,7102611306,Christine Horne,1,us_inferred,metadata,,,
85059103503,10.1177/1532673X18803887,2019,American Politics Research,Information and Issue Constraints on Party Cues,unclear,abstract,,Ideological party cues not uniquely American.,false,b370aade979f5dd398dedca526f0f12fdf3f46e3131357f0893c851b21db05e3,5148bf2763f94a0081ff082b17c6e769e1def37ec26849ed8b63ebf73b085de6,Codex (GPT-6),AI_assisted,2026-09-08,false,top100_metadata_v1,https://doi.org/10.1177/1532673X18803887,37063497400,Kevin J. Mullinix,1,unclear,metadata,,,
85059252534,10.1111/puar.13012,2019,Public Administration Review,Biased Altruism: Islamophobia and Donor Support for Global Humanitarian Organizations,us_explicit,abstract,survey experiment conducted in the United States,"Abstract explicitly identifies Americans, US respondents, or a US study setting.",false,549387cdd9f1235ead79633502d86d4c65c08960dd2b4a73d43d2587d96a9c13,f9680412d37d466f2c8c588fdb604ddb144e097c3293ede5cea70636e349c4ef,Codex (GPT-6),AI_assisted,2026-09-08,false,top100_metadata_v1,https://doi.org/10.1111/puar.13012,7202316609,Aseem Prakash,1,us_explicit,metadata,,,
85059905845,10.1080/10967494.2018.1461152,2020,International Public Management Journal,Those Who Understand It will not be Persuaded: A Performance Information Paradox,non_us,full_text,Danish citizens recruited from an Internet panel,The two survey experiments use Danish citizens recruited by Userneeds.,false,5ad092f8d476b8cdb6e2e8a1477a9ea74ebab46b34af1c2d30d197f78f789efa,f6adaba45f9265235a24c478d854e1ccd0b9d061627e285b782e94598a81e6f4,Codex (GPT-6),AI_assisted,2026-09-09,false,top100_metadata_v1,https://doi.org/10.1080/10967494.2018.1461152,35309171200,Martin Bækgaard,1,unclear,full_text,85059905845.pdf,11,f748465394897e35c8fb073ddae821fc2b4ba1a0bc33b5fc454b7284b65b824f
85059946018,10.1561/100.00018066,2019,Quarterly Journal of Political Science,How private politics alters legislative responsiveness,us_inferred,abstract,both Republican and Democratic legislators,US state legislators; country unstated.,false,839839ac32a0530692cbe5d369582b714cc844da9baad4d63f746c508d436ca1,03c66fca3a6996f9205018add3dd08a01e26686443575bd67e7524085fbe24fe,Codex (GPT-6),AI_assisted,2026-09-08,false,top100_metadata_v1,https://doi.org/10.1561/100.00018066,6603696960,James N. Druckman,1,us_inferred,metadata,,,
85060580173,10.1177/1532673X18821359,2019,American Politics Research,Should I Cast an Ill-Informed Ballot? Examining the Contours of the Normative Obligation to Vote,us_inferred,full_text,2009 Cooperative Congressional Election Study (CCES),"The original vignette experiments are explicitly embedded in the CCES, supporting US sample inference. The explicit US-resident passage on PDF page 11 describes an ancillary survey and is not used as direct location evidence for the experiments.",false,4d2933bac5bb6ede4f705e8dea67848368d3ab10ed6621234dce6e1d5bcd3245,58b72d0d4e7617f9297e9256b61250c1b24409600fd381364857e88f9cfa33c3,Codex (GPT-6),AI_assisted,2026-09-09,false,top100_metadata_v1,https://doi.org/10.1177/1532673X18821359,57217457882|35745930100,Gregory A. Huber; David Doherty,2,unclear,full_text,85060580173.pdf,5,41b0076e1b369e8701ca846308cc986fa4d023bf2981b3ba8c4b23966fb31d2a
85060845910,10.1017/XPS.2018.15,2019,Journal of Experimental Political Science,Does shared social disadvantage cause black-Latino political commonality?,us_explicit,abstract,"survey experiment of 1,200 African Americans","Metadata directly identifies a US experimental population, setting, or findings attributed to Americans.",false,47928dc1e2e7cc15e3a6ad03c500b9fe480aa367f9a90155fddd502f532ec5d0,b6b81d834940ed0f16a1fc20e66afb922815ef056c330c5998e6ededf3756a01,Codex (GPT-6),AI_assisted,2026-09-08,false,top100_metadata_v1,https://doi.org/10.1017/XPS.2018.15,49861923700,Ariela Schachter,1,us_explicit,metadata,,,
85060859151,10.1177/2053168018822174,2019,Research and Politics,"Validating the demographic, political, psychological, and experimental results obtained from a new source of online survey respondents",us_inferred,abstract,findings on Lucid track well with US national benchmarks,US benchmark comparison and Affordable Care Act treatment imply US samples.,false,d653ca70247302ed542dc717d4b92a23b8e39526782f4c621eb00870eb3e437e,f090b65f8a2b0ab55ea6cb8537e1b75c0edb67089f4222b662a2c85213af3855,Codex (GPT-6),AI_assisted,2026-09-08,false,top100_metadata_v1,https://doi.org/10.1177/2053168018822174,56590030100,Alexander Coppock,1,us_inferred,metadata,,,
85060884767,10.1080/07418825.2018.1531142,2020,Justice Quarterly,"Prospect Theory and Criminal Choice: Experiments Testing Framing, Reference Dependence, and Decision Weights",unclear,abstract,,Three samples without country.,false,ecadf0a6aaf0726ea6973f0a42d745a9b05c6664071fd4c6b76158cab6c8aa31,d66881ffb9b86ffa91a2e480606ac65e92c7a8e29535e5bf9f43a15922392872,Codex (GPT-6),AI_assisted,2026-09-08,false,top100_metadata_v1,https://doi.org/10.1080/07418825.2018.1531142,38061940400,Justin T. Pickett,1,unclear,metadata,,,
85061035641,10.1111/gove.12386,2019,Governance,Work disincentive perceptions and welfare state attitudes: A survey experiment in South Korea,non_us,abstract,original survey experiment in South Korea,Study population or findings explicitly situated outside the US.,false,4dfd084acb2ef1b9034e19dc104deb30ac1034401862e1e1229fe25e28d0983c,5539ec4c49bcb72ff572887404e0d02ad91e2364aff413776e43e966f7f96ae5,Codex (GPT-6),AI_assisted,2026-09-08,false,top100_metadata_v1,https://doi.org/10.1111/gove.12386,57205672554,Seiki Tanaka,1,non_us,metadata,,,
85061188236,10.1177/1065912919827106,2020,Political Research Quarterly,Fight Clubs: Media Coverage of Party (Dis)unity and Citizens’ Selective Exposure to It,us_inferred,abstract,throughout the Obama presidency,US partisan news setting and Democratic/Republican respondents.,false,b8c9c49031ae4523092fc94ad63ab8c5607d16ce197fc07cf88a7e82cdc8a635,8b45c71acff24a85b04ca9957dc3ac4ecd9f15236e72f3e45aae612148d5052c,Codex (GPT-6),AI_assisted,2026-09-08,false,top100_metadata_v1,https://doi.org/10.1177/1065912919827106,56611317200,John V. Kane,1,us_inferred,metadata,,,
85061209721,10.1111/ajps.12416,2019,American Journal of Political Science,"Violence, Nonviolence, and the Effects of International Human Rights Law",non_us,abstract,"survey experiments in India, Israel, and Argentina",Metadata identifies a non-US population or study setting; no US experimental sample is reported.,false,d93c885aee945cc3512f948069153bd0c8acd898e7d0fd480f73772664fdcefa,41014065a567c0c87baa2720da569f7a2fc94b4c8438f5606c776b35d69f0538,Codex (GPT-6),AI_assisted,2026-09-08,false,top100_metadata_v1,https://doi.org/10.1111/ajps.12416,24554597700,Geoffrey P. R. Wallace,1,non_us,metadata,,,
85061311427,10.1016/j.chb.2019.01.023,2019,Computers in Human Behavior,Loneliness and online gambling-community participation of young social media users,us_explicit,abstract,U.S. (N = 1212) adolescents and young adults,Mixed with Finland.,true,40c4fad7ce5ab88c7990e9665550f9921bed5cae13cf9e2c56ff61cb4579c92f,d675a909d66a2aff7cc522be4dcb0e2bab9b153d7506669ea98a8598d290beb5,Codex (GPT-6),AI_assisted,2026-09-08,false,top100_metadata_v1,https://doi.org/10.1016/j.chb.2019.01.023,42161868700,Atte Oksanen,1,us_explicit,metadata,,,
85061912024,10.1177/0022343318809786,2019,Journal of Peace Research,Negative surprise in UN Security Council authorization: Do the UK and French vetoes influence the general public’s support of US military action?,us_inferred,abstract,US interest in a proposed military action,Domestic support for US military intervention suggests US audience; sampling location unstated.,false,43495958d78dee445ca9bc511b329d2a7c94fd515cb61f46b25d126a483605f5,af91a8f67f16d130fb1a17c102478ce131c87100eab658c131f115707a80f7b8,Codex (GPT-6),AI_assisted,2026-09-08,false,top100_metadata_v1,https://doi.org/10.1177/0022343318809786,55917294300,Atsushi Tago,1,us_inferred,metadata,,,
85061936887,10.1111/1467-9477.12135,2019,Scandinavian Political Studies,Attitudes on the Size of Unemployment Benefits: Ideology and Numbers,non_us,abstract,Danish voters’ attitudes,Study population or findings explicitly situated outside the US.,false,87f2765102f64d1c6fe38af909090c128e16a3ccfc2e8e84b8fbce5f874d4427,61eadbf6251a484023cbf8cffe5c4acfa5ba7f3b673cd480e5e919575ee59051,Codex (GPT-6),AI_assisted,2026-09-08,false,top100_metadata_v1,https://doi.org/10.1111/1467-9477.12135,25224644900,Rasmus Tue Pedersen,1,non_us,metadata,,,
85062085474,10.1038/s41558-019-0414-z,2019,Nature Climate Change,Commitment failures are unlikely to undermine public support for the Paris agreement,us_explicit,abstract,"United States (n = 3,007)",Also Chinese participants.,true,ca5c96af572439fcae9a771f94df4d909873e327cb2d4312fa5ebc5b963414f7,0b579b668d6953a35b697a5bc9067598bcc22986ccaf339f4f95c5bb60941f9b,Codex (GPT-6),AI_assisted,2026-09-08,false,top100_metadata_v1,https://doi.org/10.1038/s41558-019-0414-z,6602110388|57203434746,Thomas Bernauer; Liam F. Beiser-McGrath,2,us_explicit,metadata,,,
85062262291,10.1093/jopart/muy035,2019,Journal of Public Administration Research and Theory,Acceptance or disapproval: Performance information in the eyes of public frontline employees,non_us,full_text,survey experiment on Danish public high school teachers,The original experimental participants are Danish public high-school teachers.,false,10739ff6f12779d17f08610872611495b8dfd2bb896c9fa7eea4d32fd7ea42d8,b801dad2593a1c3806e6944d614c03fc5c3c691c8e05ce595878192e63c20591,Codex (GPT-6),AI_assisted,2026-09-09,false,top100_metadata_v1,https://doi.org/10.1093/jopart/muy035,57203170141,Niels Bjørn Grund Petersen,1,unclear,full_text,85062262291.pdf,22,e2413ef5a028323ce202afd06874318f8b5ade01a67146ecf15bc2918ace9fb9
85062479527,10.1177/0095327X18824665,2021,Armed Forces and Society,Student Attitudes Toward Campus Diversity at the U.S. Naval Academy: Evidence From Conjoint Survey Experiments,us_explicit,abstract,midshipmen at the U.S. Naval Academy,"Abstract explicitly identifies Americans, US respondents, or a US study setting.",false,782360a7832936171b1d94e15781397b97a6ed00ed535713fd2c8d69a15add45,6788c49bcce4443a8560eb25f260a1f4aa35dc7bdbe3c9b0966cf0c170aabead,Codex (GPT-6),AI_assisted,2026-09-08,false,top100_metadata_v1,https://doi.org/10.1177/0095327X18824665,24168107200,Yusaku Horiuchi,1,us_explicit,metadata,,,
85062659420,10.1017/S000842391800080X,2019,Canadian Journal of Political Science,Misperceptions of Chinese Investments in Canada and Their Correction: Evidence from a Survey Experiment,non_us,abstract,survey experiments in Canada,Metadata identifies a non-US population or study setting; no US experimental sample is reported.,false,b7a3e511e6ec0bb55007acad494e4f6971291c0b51e899c118188e3730081c0b,0e713c664430e50a4657b582742b551c971ee962b70586ff4daa2b6c1f88a61f,Codex (GPT-6),AI_assisted,2026-09-08,false,top100_metadata_v1,https://doi.org/10.1017/S000842391800080X,56924059300,Xiaojun Li,1,non_us,metadata,,,
85062681263,10.1007/s11109-019-09534-z,2020,Political Behavior,Do Means of Program Delivery and Distributional Consequences Affect Policy Support? Experimental Evidence About the Sources of Citizens’ Policy Opinions,us_inferred,abstract,government programs in the United States,National sample evaluating US benefit programmes.,false,86c00e310dd21380f7a50843d184c7a248e1762c839b1727cc82426ae7308731,c48420e045708e2101a6eb18fb7e4523f24731805826c6f6e98eb6885a54e11b,Codex (GPT-6),AI_assisted,2026-09-08,false,top100_metadata_v1,https://doi.org/10.1007/s11109-019-09534-z,57217457882,Gregory A. Huber,1,us_inferred,metadata,,,
85062719018,10.1177/1075547019834565,2019,Science Communication,Counteracting Climate Science Politicization With Effective Frames and Imagery,unclear,abstract,,Climate change experiment without country.,false,0beea15235d9c1e319863a35531a8dfd82a5a67de4a4be9653fade7c3e9bab5e,0be2a843414a78b9c430dbd6c46a6c11c00b76c293d2c7e3815a38ddfb2ea770,Codex (GPT-6),AI_assisted,2026-09-08,false,top100_metadata_v1,https://doi.org/10.1177/1075547019834565,12794521600,Toby Bolsen,1,unclear,metadata,,,
85063107433,10.1177/0197918319833924,2020,International Migration Review,Who Gets to Have a DREAM? Examining Public Support for Immigration Reform,us_explicit,abstract,nationally representative US sample,"Metadata directly identifies a US experimental population, setting, or findings attributed to Americans.",false,938f69cfc54aa10b593de9b4532948d84a070d5926214c34064fe53d36466f1b,9a4546ba0676ffaeba331cf8eddc80f77e07191862065d91b6536bf6d9c0c2a1,Codex (GPT-6),AI_assisted,2026-09-08,false,top100_metadata_v1,https://doi.org/10.1177/0197918319833924,24554597700,Geoffrey P. R. Wallace,1,us_explicit,metadata,,,
85063151938,10.1177/1354068817749777,2020,Party Politics,Who do you believe? Political parties and conspiracy theories in Pakistan,non_us,abstract,survey experiment carried out in Pakistan,Metadata identifies a non-US population or study setting; no US experimental sample is reported.,false,f29d23dcc82f587296a9fac42092358c1f0dbef9d4f7ead57f010e3fbf3d95e7,30c3368df1cd25ad54ed9cd65f86aeabffbaf356191fa436bcfbbaf1f1f012fb,Codex (GPT-6),AI_assisted,2026-09-08,false,top100_metadata_v1,https://doi.org/10.1177/1354068817749777,57200795890,Niloufer A. Siddiqui,1,non_us,metadata,,,
85063328286,10.1017/S026021051900007X,2019,Review of International Studies,Institutional sources of legitimacy for international organisations: Beyond procedure versus performance,us_explicit,full_text,"Germany, the Philippines, South Africa, and the US",The survey experiment sampled each of these four countries.,true,2a30b7d1076e070a06011ba066a85e3708c0aab60aa28b24e90381afb3ac0276,33746af0e2a20dc9e745712d7fee59619ca7c6c17080db3fbf80d09e602009f5,Codex (GPT-6),AI_assisted,2026-09-09,false,top100_metadata_v1,https://doi.org/10.1017/S026021051900007X,6602533817,Jonas Tallberg,1,unclear,full_text,85063328286.pdf,3,848fc96c10d3aad2fa8d9e047bc9f9e44017c90601f75c04a8d2cb1c1e63cc5e
85063679523,10.1093/jopart/muy038,2018,Journal of Public Administration Research and Theory,Equal access to the top? Representative bureaucracy and politicians’ recruitment preferences for top administrative staff,non_us,abstract,"1,688 Flemish local politicians",Belgium.,false,0d70731fc3a4a744ac1e2604ffa19442a0492ffbf9b2bdba4eb17dcfa4a08202,d2d19ae91d55ccaf021c2c73eea039a6f144d75edb85fe42f1e349cb402e3e28,Codex (GPT-6),AI_assisted,2026-09-08,false,top100_metadata_v1,https://doi.org/10.1093/jopart/muy038,35309171200,Martin Bækgaard,1,non_us,metadata,,,
85064259638,10.1177/1532673X19835780,2019,American Politics Research,"Partisan Alignment, Performance, and Citizen Approval of Political Actors",unclear,abstract,,Available metadata does not locate the experimental sample.,false,97225963097a6c18ede468a32e9728484000403228a34a2a188071f88dcb4335,f38771f1b03ba6fd69010c759c2af82e30d7b6a572f19b2f875cc5aabfbb04c4,Codex (GPT-6),AI_assisted,2026-09-08,false,top100_metadata_v1,https://doi.org/10.1177/1532673X19835780,35784707400,Susan M. Miller,1,unclear,metadata,,,
85064539825,10.1111/ajps.12430,2019,American Journal of Political Science,On the Meaning of Survey Reports of Roll-Call “Votes”,unclear,abstract,,Roll-call votes and Supreme Court without named country; these institutions are not unique to US.,false,a8a27134e46940ea27e49505b0b07f2ecc83cfd4e716d08965beaaa330f2cb1b,b72acaa3da864f9f38ef1f4ed917c04b7a305e8eda96fc3627520d2a2d55133f,Codex (GPT-6),AI_assisted,2026-09-08,false,top100_metadata_v1,https://doi.org/10.1111/ajps.12430,57217457882,Gregory A. Huber,1,unclear,metadata,,,
85064636420,10.1007/s11558-019-09354-0,2020,Review of International Organizations,Do citizens evaluate international cooperation based on information about procedural and outcome quality?,non_us,abstract,survey experiments in Germany and the United Kingdom,Study population or findings explicitly situated outside the US.,false,70414ac66e61a1cc9f0211d29922864e391d4ce38bd54f2508d8e577cc1d2c5f,84c113582589721f753713ec3a32e06b0efae3faf01f1f01f0fc9b09e3f84869,Codex (GPT-6),AI_assisted,2026-09-08,false,top100_metadata_v1,https://doi.org/10.1007/s11558-019-09354-0,6602110388,Thomas Bernauer,1,non_us,metadata,,,
85064805724,10.1017/S0003055418000837,2019,American Political Science Review,Demand effects in survey experiments: An empirical assessment,unclear,abstract,,Replication experiments without sample countries.,false,9e7c9b60ceccb7731b6bedd677c82a5bdcdd99fe366780a6c176e372a8b6db8e,ea97d96a37ad543a488d3bb4ef74bc198bd1f46c098b47e9c0d2ed7f718e7295,Codex (GPT-6),AI_assisted,2026-09-08,false,top100_metadata_v1,https://doi.org/10.1017/S0003055418000837,55612017400,Erik Peterson,1,unclear,metadata,,,
85065436110,10.1017/psrm.2019.13,2021,Political Science Research and Methods,Beyond the breaking point? Survey satisficing in conjoint experiments,us_inferred,abstract,hypothetical candidates for US Senate,US Senate candidate evaluation suggests US respondents; vendor names alone do not locate participants.,false,609b1a2d7d99e98eb1e7bdc1034a111faa500ca9f0467c52a120a3476030718b,17db9f7821f8b337f2ef970c034e6499c75504b471a2ad20933cac22117e76fa,Codex (GPT-6),AI_assisted,2026-09-08,false,top100_metadata_v1,https://doi.org/10.1017/psrm.2019.13,36159270600,Teppei Yamamoto,1,us_inferred,metadata,,,
85065670412,10.1111/pops.12591,2020,Political Psychology,Tracing the Boundaries of Motivated Reasoning: How Deliberative Minipublics Can Improve Voter Knowledge,unclear,abstract,,Available metadata does not locate the experimental sample.,false,92fa0d1dc1b238cd7f49d13bc9c34777bf302708e5ae494a2d9ff9bd31fa0e3b,7b57116d2aee01e9d903f5e44c0e1aaeb67ffd8595ea4d0f382d247a657bf334,Codex (GPT-6),AI_assisted,2026-09-08,false,top100_metadata_v1,https://doi.org/10.1111/pops.12591,6601956224,John Gastil,1,unclear,metadata,,,
85065801512,10.1086/703131,2019,Journal of Politics,Why friends and neighbors? Explaining the electoral appeal of local roots,non_us,abstract,survey experiments fielded in Britain,Study population or findings explicitly situated outside the US.,false,3c285473004fc63b03fc3a466dde8715e7a4772be772ffb5fa209474d11b79f8,f3c111d83cbe795d83b09de78c07cf5abf249a0f79ead527b79102a40b0fcc92,Codex (GPT-6),AI_assisted,2026-09-08,false,top100_metadata_v1,https://doi.org/10.1086/703131,37065230200,Markus Wagner,1,non_us,metadata,,,
85066605513,10.1017/XPS.2018.27,2019,Journal of Experimental Political Science,Language Heightens the Political Salience of Ethnic Divisions,non_us,full_text,two phone surveys in Estonia,Both randomized language experiments sampled bilingual adults in Estonia.,false,f1dbc9c977b0c06b056af8475b3965c3bf1b07ff40498263db849c905c195aff,edcb7ddae826ac5fc71a16a50f11088ee8d0e8c77b1acf3eb49fbfac1897d4c8,Codex (GPT-6),AI_assisted,2026-09-09,false,top100_metadata_v1,https://doi.org/10.1017/XPS.2018.27,35183713000,Efrén O. Pérez,1,unclear,full_text,85066605513.pdf,3,cc6c7df84d0945e597e9cf94a9b17fc51353b4c491158d072915b68f79bf0d53
85066606469,10.1017/XPS.2018.26,2019,Journal of Experimental Political Science,Violence Exposure and Support for State Use of Force in a Non-Democracy,non_us,abstract,national sample of Chinese citizens,Metadata identifies a non-US population or study setting; no US experimental sample is reported.,false,985c074f2448c03bd22f0c402961d38d0af80231a4c4bc4fbd680b149bc11504,81516cbff56e0c26f17af3e2740a3eb528d6a6f9dbac98b0332e06c7cafcb02c,Codex (GPT-6),AI_assisted,2026-09-08,false,top100_metadata_v1,https://doi.org/10.1017/XPS.2018.26,56868425000,Kai Quek,1,non_us,metadata,,,
85066842117,10.1177/0022343319832641,2019,Journal of Peace Research,"Backing up, not backing down: Mitigating audience costs through policy substitution",unclear,abstract,,Available metadata does not locate the experimental sample.,false,d33ebea7a66fe016df3b38a1f1a6e979d568a908973c81673b8fab845cc0a291,3cff6a9e02dbfd0a5890bfc84b094b7f0c39b4b48a25480fdc34f07b0b9ff4e3,Codex (GPT-6),AI_assisted,2026-09-08,false,top100_metadata_v1,https://doi.org/10.1177/0022343319832641,23479932300,Erik Lin-Greenberg,1,unclear,metadata,,,
85066959974,10.1177/0049124119852371,2022,Sociological Methods and Research,Measuring Generalized Trust: Two New Approaches,unclear,abstract,,Qualtrics panel without country.,false,e99d0ea9ce4a4ebc81413af6f328744f2a8588234c9e7705f9dac19f3eee5679,2c16476e77bf6b9009865e2d51979b3b5f69cf4651d48b824b2f0d300ec48377,Codex (GPT-6),AI_assisted,2026-09-08,false,top100_metadata_v1,https://doi.org/10.1177/0049124119852371,36775562800,Blaine G. Robbins,1,unclear,metadata,,,
85067057847,10.1007/s11292-019-09360-7,2020,Journal of Experimental Criminology,Framing innocence: an experimental test of the effects of wrongful convictions on public opinion,us_inferred,abstract,criminal justice in the USA,Experiments test innocence framing in US criminal justice context.,false,a66e3db763b12931ceccb8bb9a3a370095971732bd87c49d254ee73a2484a47d,93cdad622174181d9bfc131cec7b7953f3201cfe0198b0529f7275c0bb4681fc,Codex (GPT-6),AI_assisted,2026-09-08,false,top100_metadata_v1,https://doi.org/10.1007/s11292-019-09360-7,37063497400,Kevin J. Mullinix,1,us_inferred,metadata,,,
85067352245,10.1017/S1743923X19000084,2020,Politics and Gender,A Feminine Advantage? Delineating the Effects of Feminine Trait and Feminine Issue Messages on Evaluations of Female Candidates,us_inferred,abstract,Democratic and Republican female candidates,US party system.,false,ea04e6e0f8317e99c7189f4ca6f37cde8288a6a67ea1b27f5a198906b8833855,be95a1f15416cca0277de73fde80e80575a36dd77cab3ffe3f693237649e8c68,Codex (GPT-6),AI_assisted,2026-09-08,false,top100_metadata_v1,https://doi.org/10.1017/S1743923X19000084,54881904100,Nichole M. Bauer,1,us_inferred,metadata,,,
85067395049,10.1017/S0143814X19000151,2020,Journal of Public Policy,Holding agencies accountable: Exploring the effect of oversight on citizens' approval of members of Congress,us_inferred,title,members of Congress,US congressional oversight evaluations suggest a US electorate.,false,8e43b009f58e95e42e66682054a82ff46df25f0299b6d8c2f09824853c650515,8c5bc61825b8e8da75fa4d28148222f7752b6cac1f52ace043cea15b9cf4fdaa,Codex (GPT-6),AI_assisted,2026-09-08,false,top100_metadata_v1,https://doi.org/10.1017/S0143814X19000151,35784707400,Susan M. Miller,1,us_inferred,metadata,,,
85067402720,10.1017/S000712341700014X,2019,British Journal of Political Science,"Organized Labor as the New Undeserving Rich?: Mass Media, Class-Based Anti-Union Rhetoric and Public Support for Unions in the United States",us_inferred,title,"Organized Labor as the New Undeserving Rich?: Mass Media, Class-Based Anti-Union Rhetoric and Public Support for Unions in the United States",Title locates the study population or setting in the United States; abstract alone did not locate the sample.,false,bebf223874c8d9c2826df89535926f0501071af99db19cab0945b5f34e72e250,5bdac084d7c6ee3eafcba67d00cee7a0a5d330ac6a43c211324b784f052a96c7,Codex (GPT-6),AI_assisted,2026-09-08,false,top100_metadata_v1,https://doi.org/10.1017/S000712341700014X,56611317200,John V. Kane,1,us_inferred,metadata,,,
85067407501,10.1017/S0007123417000084,2019,British Journal of Political Science,The Role of Evidence in Politics: Motivated Reasoning and Persuasion among Politicians,non_us,abstract,954 Danish politicians,Also Danish citizens.,false,d4e34adbe8ee44f2c2912fc59770679c2599108865ad1cdeb7d804bbccf2ec0f,81711340724f7654796896585b67f743d250cbf25d57c948bd368c41cca4fb47,Codex (GPT-6),AI_assisted,2026-09-08,false,top100_metadata_v1,https://doi.org/10.1017/S0007123417000084,57203170141|35309171200,Niels Bjørn Grund Petersen; Martin Bækgaard,2,non_us,metadata,,,
85067581830,10.1080/14719037.2019.1619812,2019,Public Management Review,Coproduction and trust in government: evidence from survey experiments,unclear,abstract,,Coproduction experiments without country.,false,8838df775927551320116855e0054d94b87a2d6b6bad386afb3b34a2651949cb,334b9905e66d34e5fe69d9151fced4d5d156cccc5297c49efca3da33a806ba67,Codex (GPT-6),AI_assisted,2026-09-08,false,top100_metadata_v1,https://doi.org/10.1080/14719037.2019.1619812,7003787305,Gregg G. Van Ryzin,1,unclear,metadata,,,
85067680513,10.1080/09644016.2019.1629171,2020,Environmental Politics,"Public support for environmental policy depends on beliefs concerning effectiveness, intrusiveness, and fairness",non_us,abstract,Switzerland is the empirical focus,Study population or findings explicitly situated outside the US.,false,f750f41abaf19daa27f7c71bd6e3c099e409d93a2315b514848154152e2b904f,4b2d30eac883a3b0ef602deffe2312a84ff2e526b60d27e7c1322f0ee61022db,Codex (GPT-6),AI_assisted,2026-09-08,false,top100_metadata_v1,https://doi.org/10.1080/09644016.2019.1629171,6602110388,Thomas Bernauer,1,non_us,metadata,,,
85067788122,10.1037/pac0000407,2020,Peace and Conflict,Experimental evidence on determinants of support for nuclear use in response to threats of nuclear retaliation,us_explicit,abstract,representative samples of U.S. and South Korean citizens,"Metadata directly identifies a US experimental population, setting, or findings attributed to Americans.",true,71869156922c8ee29f3cbaa2b0a0ede55ba1e10bb961b7b4de5fa4f999b756ce,8673a60382cfa85c91bebf661a1adeb0519158608debb1157731c2d7c08ae753,Codex (GPT-6),AI_assisted,2026-09-08,false,top100_metadata_v1,https://doi.org/10.1037/pac0000407,57188880644,Lauren Sukin,1,us_explicit,metadata,,,
85067897137,10.1177/1065912919852169,2020,Political Research Quarterly,The Power of Humanitarian Narratives: A Domestic Coalition Theory of Justifications for Military Action,us_inferred,abstract,US presidents have provided humanitarian explanations,US presidential intervention support and Chicago Council surveys suggest US respondents.,false,c65ad9e536d20b7e66e124c06cf104d06b99bc8bcf28775c36b068e7aeb84bc5,9beb4595f5b0369bc8377c8656fdc559ab160e7d4bcfcd47a2afe2041ef3549d,Codex (GPT-6),AI_assisted,2026-09-08,false,top100_metadata_v1,https://doi.org/10.1177/1065912919852169,57188971604,Sarah R. Maxey,1,us_inferred,metadata,,,
85067962902,10.1017/S1468109919000082,2019,Japanese Journal of Political Science,Partisan motivated reasoning and misinformation in the media: Is news from ideologically uncongenial sources more suspicious?,us_inferred,abstract,partisans (Democrats and Republicans),"US parties, CNN and Fox News frame experimental responses.",false,57c2eb58ebc89f4eb48be13529589697094a62e999481a1096d7cd185a1aecd4,c9fe5e3a1f7847a3c6f506a062ef31a280fe8ca277a3e98a460a0deedd419586,Codex (GPT-6),AI_assisted,2026-09-08,false,top100_metadata_v1,https://doi.org/10.1017/S1468109919000082,24168107200,Yusaku Horiuchi,1,us_inferred,metadata,,,
85068002083,10.1111/1467-9477.12146,2019,Scandinavian Political Studies,Rewarding the Top: Citizens' Opposition to Higher Pay for Politicians,non_us,full_text,permanent residence in Denmark,Statistics Denmark sampled adults permanently residing in Denmark.,false,cb7b5be880b70689f69453dbb9af3fcdba62955e1a5b42bfb03eb4305cee15f7,022c6a51f614604e56087a08cc6e0170ccc26b2769bb25136a785ca2485e33c3,Codex (GPT-6),AI_assisted,2026-09-09,false,top100_metadata_v1,https://doi.org/10.1111/1467-9477.12146,25224644900,Rasmus Tue Pedersen,1,unclear,full_text,85068002083.pdf,11,22d76ca439cad54b96eee58b3a7997aa8b8fb11f54844b0844c1a73034ecdc33
85068049998,10.1111/ssqu.12686,2019,Social Science Quarterly,Representation Imperatives in the Public Mind,us_explicit,abstract,Americans value each of the three modes of representation,"Metadata directly identifies a US experimental population, setting, or findings attributed to Americans.",false,5b49b9f7acc4cbd3891fa89e041a55ae3b776351a425b1d7e88680376ad99e7a,bc27a95f1c6aede1768a1bd4898dec80cf0aa544adbda2113205b9c3040ce0e8,Codex (GPT-6),AI_assisted,2026-09-08,false,top100_metadata_v1,https://doi.org/10.1111/ssqu.12686,35745930100,David Doherty,1,us_explicit,metadata,,,
85068387044,10.1017/S0007123418000479,2021,British Journal of Political Science,"In the Shadow of Conflict: How Emotions, Threat Perceptions and Victimization Influence Foreign Policy Attitudes",non_us,abstract,survey experiment in Georgia,"Country Georgia in conflict with Russia, not US state.",false,a2b5abd3a93e8af00e0ed46c603a668a18949ff0a169343cf895b64f817323a5,282633d2eee90c0decaafbafbee63d7ecab92961265e849465a8dba8d86e41aa,Codex (GPT-6),AI_assisted,2026-09-08,false,top100_metadata_v1,https://doi.org/10.1017/S0007123418000479,35492113000,Thomas Zeitzoff,1,non_us,metadata,,,
85069682610,10.1016/j.polgeo.2019.102036,2019,Political Geography,"The allure of distant war drums: Refugees, geography, and foreign policy preferences in Turkey",non_us,abstract,survey experiment in Turkey,Study population or findings explicitly situated outside the US.,false,d2f5f2f3dd30edf75e0691c22cc10cb739f71980df455b215bf05ae0b780eefa,fa15cb0822890f8d0fdcbf1232ad118ba0266a033c3dfd238625cb0d9dfa0cf3,Codex (GPT-6),AI_assisted,2026-09-08,false,top100_metadata_v1,https://doi.org/10.1016/j.polgeo.2019.102036,35492113000,Thomas Zeitzoff,1,non_us,metadata,,,
85069695771,10.1111/lsq.12252,2020,Legislative Studies Quarterly,The Effects of Blaming Others for Legislative Inaction on Individual and Collective Evaluations,unclear,abstract,,Available metadata does not locate the experimental sample.,false,637747a37a56a4fd55eb53187e10669a3b8b29c075e8885206d4e934cf2bda55,e3f7b3b75da2067b35e9c2666b8b8c037a521be59e07824a293e16e8f40c3f39,Codex (GPT-6),AI_assisted,2026-09-08,false,top100_metadata_v1,https://doi.org/10.1111/lsq.12252,35745930100,David Doherty,1,unclear,metadata,,,
85069886131,10.1111/ecpo.12140,2019,Economics and Politics,Labor markets and cultural values: Evidence from Japanese and American views about caregiving immigrants,us_explicit,abstract,American and Japanese respondents,US and Japan.,true,dc2b996446b0b62d77aee7ed9fd2487b0fd006cefea4acb4739a88c5633442d2,26881d3ff12692f9cae1d56413a1f8c2fd1827de90b82762ad91ac293d5e2ed1,Codex (GPT-6),AI_assisted,2026-09-08,false,top100_metadata_v1,https://doi.org/10.1111/ecpo.12140,57205672554,Seiki Tanaka,1,us_explicit,metadata,,,
85070298879,10.1177/1075547019863154,2019,Science Communication,The Impact of Message Source on the Effectiveness of Communications About Climate Change,us_inferred,abstract,"Republican Party leaders, Democratic Party leaders",US national security and party cues.,false,57c6a29a00fdfaf31e0d287b2729a4bf626e92caf65628cced567b00841634f6,25b7bcb60c83f7d4236e303fdf33a5890ed0eb1bdd9660bc4a4eed05dc9fcb6e,Codex (GPT-6),AI_assisted,2026-09-08,false,top100_metadata_v1,https://doi.org/10.1177/1075547019863154,12794521600,Toby Bolsen,1,us_inferred,metadata,,,
85070813530,10.1111/gove.12440,2020,Governance,Fairness matters when responding to disasters: An experimental study of government legitimacy,non_us,abstract,"Data were collected from the Netherlands, France, Poland, Ukraine, and Russia",Study population or findings explicitly situated outside the US.,false,34a3d577823a38e5b0128a2f24fc717f09160401c2ef6783361ca06f4c5a254b,681c69834d7e464b2d8e77acbf494182ce5ffe977f2b2031438bdd5cd240a59a,Codex (GPT-6),AI_assisted,2026-09-08,false,top100_metadata_v1,https://doi.org/10.1111/gove.12440,57189074265,Honorata Mazepus,1,non_us,metadata,,,
85070986430,10.1016/j.electstud.2019.102066,2019,Electoral Studies,Voter reactions to candidate background characteristics depend on candidate policy positions,non_us,full_text,the Danish population,The Voxmeter recruitment paragraph identifies the Danish population as the source of the experimental sample.,false,bfb92fc69bc632095d606eef7ce2f4ba9a0d59277e4d8df784f8f1cd632a6580,68a251a3ab171fbf60c0a53de5c97b5a1149421f30c08400494742e4f325e4cd,Codex (GPT-6),AI_assisted,2026-09-09,false,top100_metadata_v1,https://doi.org/10.1016/j.electstud.2019.102066,25224644900,Rasmus Tue Pedersen,1,unclear,full_text,85070986430.pdf,4,fb762120b0119ceabd961f7c50f6260864e3171cbcdfcd78c8c502af7e3560ca
85071196692,10.1111/ssqu.12719,2020,Social Science Quarterly,Economic Downturns and Hardline Public Opinion,non_us,abstract,Japanese participants,Metadata identifies a non-US population or study setting; no US experimental sample is reported.,false,8e631f0ffccf2ac18937dda0a68fc97e4365862a813ee0df642ff523659ec741,e21198611ba62047ad209f0e6f4ac5704e40fa308e10db732dbaa7b8b7a9122e,Codex (GPT-6),AI_assisted,2026-09-08,false,top100_metadata_v1,https://doi.org/10.1111/ssqu.12719,55917294300,Atsushi Tago,1,non_us,metadata,,,
85071235282,10.1017/psrm.2018.18,2019,Political Science Research and Methods,Attitudes toward economic inequality: The illusory agreement,us_explicit,abstract,novel survey experiment in the United States,40-country observational survey is separate.,false,5601fe0ef12365ae8e4db7fb70392ac23123a568d7bf2c50b540e19317449fff,7b0c30a0e1abf0149548c30e422889d0bf47572fb5d45f4564f484047f964955,Codex (GPT-6),AI_assisted,2026-09-08,false,top100_metadata_v1,https://doi.org/10.1017/psrm.2018.18,25224644900,Rasmus Tue Pedersen,1,us_explicit,metadata,,,
85071372063,10.4054/DEMRES.2019.40.53,2019,Demographic Research,Gender differences in willingness to move for interregional job offers,non_us,abstract,large household survey from Germany,"US research is a comparison to earlier results, not a newly described US sample.",false,0db40b1d04a7c7b1d91ce6e8efa0eeb7c04540c98a50dd7726294f360b346a44,695ea4709c186f4c67b4e4ea460b0fd0d933405bd37dcf3869fdaae8187b599f,Codex (GPT-6),AI_assisted,2026-09-08,false,top100_metadata_v1,https://doi.org/10.4054/DEMRES.2019.40.53,17345249500,Martin Abraham,1,non_us,metadata,,,
85071419972,10.1177/0022002719867473,2020,Journal of Conflict Resolution,Confronting Wartime Sexual Violence: Public Support for Survivors in Bosnia,non_us,abstract,In survey experiments in Bosnia,Study population or findings explicitly situated outside the US.,false,8c56d4e33a988b813877378346dc918558bbd55360f0e8ec4d2f43ff0cb00d26,4d5e44ae015c6d6e3cde5a87aced1caf7374d9390214cf3ad0c056c5965887c6,Codex (GPT-6),AI_assisted,2026-09-08,false,top100_metadata_v1,https://doi.org/10.1177/0022002719867473,23010864600,Samuel Whitt,1,non_us,metadata,,,
85073310147,10.1111/psq.12392,2017,Presidential Studies Quarterly,The Specter of Supreme Court Criticism: Public Opinion and Unilateral Action,us_inferred,full_text,2014 Cooperative Con- gressional Election Study,The immigration experiment is embedded in the CCES and evaluates President Obama and the US Supreme Court; US sample location follows from the named US election study and context.,false,2edcfb5dec4926268e85dd09814fba1628560038d5e7530e5c286b237915a0f7,8364ad4ac283bcece00a37d9fcadc48c4f2b538fca66f39a7206e4b2503dabe6,Codex (GPT-6),AI_assisted,2026-09-09,false,top100_metadata_v1,https://doi.org/10.1111/psq.12392,12767146800,Douglas L. Kriner,1,unclear,full_text,85073310147.pdf,14,e8161944cc95bd50540cc3aacef1613721301eb1477b3d3cdd56af36f5f02312
85073767137,10.1017/XPS.2019.12,2019,Journal of Experimental Political Science,Overseas Credit Claiming and Domestic Support for Foreign Aid,non_us,abstract,experiment conducted in the United Kingdom,Study population or findings explicitly situated outside the US.,false,d66a1990fe117c3a045244900f2fcf904df06252b07fe7f4c67aaba2a11681d2,ffe747cf3f1b2127afc49657fceeca5d0d182ac8f006f2a39ad526ee2343c277,Codex (GPT-6),AI_assisted,2026-09-08,false,top100_metadata_v1,https://doi.org/10.1017/XPS.2019.12,35861891200,Matthew S. Winters,1,non_us,metadata,,,
85073946170,10.1093/jopart/muz012,2020,Journal of Public Administration Research and Theory,The political psychology of citizen satisfaction: Does functional responsibility matter?,non_us,abstract,panel survey of Danish voters,Study population or findings explicitly situated outside the US.,false,9dcfb3d864609c26680279f9b36aef2bbb3bc853c8e53d4d57dcf652f09d23db,92234db2cd77a4120b0eb5cda032581e0db879883316ea83b5c8d9bd0827f85f,Codex (GPT-6),AI_assisted,2026-09-08,false,top100_metadata_v1,https://doi.org/10.1093/jopart/muz012,35309171200,Martin Bækgaard,1,non_us,metadata,,,
85073950357,10.1177/1368430219872809,2020,Group Processes and Intergroup Relations,Dual citizenship and the perceived loyalty of immigrants,non_us,abstract,n<inf>Finland</inf>,"Samples in Finland, Netherlands and Germany.",false,16d949cd18f1c13bced1934170075958c0990a5be09872ad2cd22beec17b974b,fb92ed1d9d3c8f85e50ef18a973c2f63091ba3b965411f3b18e909f4dc68bf0a,Codex (GPT-6),AI_assisted,2026-09-08,false,top100_metadata_v1,https://doi.org/10.1177/1368430219872809,7006059165,Maykel Verkuyten,1,non_us,metadata,,,
85074017190,10.1111/padm.12622,2020,Public Administration,Bureaucratic decision-making: A multi-method study of gender similarity bias and gender stereotype beliefs,non_us,abstract,child visitation in Denmark,Study population or findings explicitly situated outside the US.,false,1711660c7909d9dab430104e5b626299c94cc0f8e9a26daf38606ed713cf65ef,fbadd696f36732bf9fee6827a16455c0ba2afaa298e78e1b3f377b2da7a9b14b,Codex (GPT-6),AI_assisted,2026-09-08,false,top100_metadata_v1,https://doi.org/10.1111/padm.12622,56734108300,Mogens Jin Pedersen,1,non_us,metadata,,,
85074029219,10.1080/14719037.2019.1668469,2021,Public Management Review,Disciplining the strong? Discrimination of service users and the moderating role of PSM and ability to cope,non_us,abstract,ethnic Danish clients,Danish social-caseworker context inferred; sample location unstated.,false,a7cfa52888a7c93ba266dbd79a6078ecb76b2bd62422bee97261fe624b1647a2,79420bdea66a84d761e0cf9e340a8a74ed8244b60a7eef35b63cf33338d08a75,Codex (GPT-6),AI_assisted,2026-09-08,false,top100_metadata_v1,https://doi.org/10.1080/14719037.2019.1668469,57203170141,Niels Bjørn Grund Petersen,1,non_us,metadata,,,
85074603977,10.1080/1369118X.2019.1684542,2021,Information Communication and Society,Technology use and norm change in online privacy: experimental evidence from vignette studies,us_explicit,full_text,a convenience sample of US residents,Study 1 uses US residents and Study 2 a representative US adult sample.,false,8918d7e6a89e445cf0a8aac2d2ac12a6869e30032bde69916fdfa351c68b6d97,f5f0bc0a724761f1d730f17af966f9e78759728effdc4a9a34aa7c7d9c4f7009,Codex (GPT-6),AI_assisted,2026-09-09,false,top100_metadata_v1,https://doi.org/10.1080/1369118X.2019.1684542,7102611306,Christine Horne,1,unclear,full_text,85074603977.pdf,3,a1531d814198f2b162b3f3c28aa7b400caa3854a8e4262d71c29f7c4d63ad747
85074743455,10.1080/09692290.2019.1642232,2019,Review of International Political Economy,Self-interest versus sociotropic considerations: an information-based perspective to understanding individuals’ trade preferences,us_explicit,abstract,representative national survey in the U.S.,"Metadata directly identifies a US experimental population, setting, or findings attributed to Americans.",false,5b315e81d48d1e4663857873c63fba665a3e2361604c9a626d784c785a997fdc,7f4ff44f1fb1199b9e587e0639f0c4edc32d46470a3deed39e9f5da2b84b08ef,Codex (GPT-6),AI_assisted,2026-09-08,false,top100_metadata_v1,https://doi.org/10.1080/09692290.2019.1642232,36676605900,Gabriele Spilker,1,us_explicit,metadata,,,
85075374121,10.1177/1525822X19886827,2020,Field Methods,"Different Order, Different Results? The Effects of Dimension Order in Factorial Survey Experiments",non_us,full_text,citizens of the German city of Konstanz,The experiment uses the Konstanz citizen panel in Germany.,false,71e49aa4c58e88515d5bd7944b478ef70acd8ec9cc4ac2e8832e7bd85cb1e987,cfebc4d939860dd411b20442088924481e9b0111d2f8b04b3b5dbc7d6edec7a1,Codex (GPT-6),AI_assisted,2026-09-09,false,top100_2010_metadata_v1,https://doi.org/10.1177/1525822X19886827,7003772257,Thomas Hinz,1,unclear,full_text,85075374121.pdf,4,90310a4aa424368b6aea1b1dabd9144dc5dc5e7aa17dfbf91515eba023d59cdb
85075548198,10.1027/1864-9335/a000404,2020,Social Psychology,Interculturalism and the Acceptance of Minority Groups: The Role of Political Orientation,non_us,abstract,survey experiment conducted in the Netherlands,Study population or findings explicitly situated outside the US.,false,0b3e3b27e1814561902d5d1b99b005758dff063d5b628df2e7d058bf7326f7fd,3d46ad4ed80f56dacc88388b4f2ee66b39df62f145876e2296100b312b6438d0,Codex (GPT-6),AI_assisted,2026-09-08,false,top100_metadata_v1,https://doi.org/10.1027/1864-9335/a000404,7006059165,Maykel Verkuyten,1,non_us,metadata,,,
85075750267,10.1080/1554477X.2019.1603004,2019,Journal of Women Politics and Policy,A Woman’s Place? An Experimental Study on the Interaction of Gender and List-Position Cues in a System with Gender Quotas,non_us,abstract,Flanders (Belgium),Non-US study population or setting identified in the full abstract; no US experimental sample reported.,false,a2adc7e30b5a251d1c6431381a8327902f5916c9af0dab036f485281de4303fa,006881cb700d69efa636e2de9d89d9172dc8a802585c99f644c412bd3d57e311,Codex (GPT-6),AI_assisted,2026-09-08,false,top100_metadata_v1,https://doi.org/10.1080/1554477X.2019.1603004,57196390820,Robin Devroe,1,non_us,metadata,,,
85076027417,10.1086/705817,2020,Journal of Politics,Shifting standards: How voters evaluate the qualifications of female and male candidates,unclear,abstract,,Candidate qualifications without country.,false,89d3bd3262f92b9fde361cc1f95d84aacbcb7a70e9108db465ee55ce8a236411,3ecdb594041ced5c0d73698c88db9bd0f781bbe69cb3b47cfa83edfa408ce6a1,Codex (GPT-6),AI_assisted,2026-09-08,false,top100_metadata_v1,https://doi.org/10.1086/705817,54881904100,Nichole M. Bauer,1,unclear,metadata,,,
85076167276,10.1177/1078087418770807,2020,Urban Affairs Review,Running Local: Gender Stereotyping and Female Candidates in Local Elections,us_inferred,abstract,Republican female candidates,National experiments in US party context.,false,d7583e5612bd080407ec49cf3e399ddda70f3c3d5893327eec70059fef3b350f,8121fd91c4f9c258b3ccfe6a68c573bd407d1d8b2873196d25c17cfd2ef293e6,Codex (GPT-6),AI_assisted,2026-09-08,false,top100_metadata_v1,https://doi.org/10.1177/1078087418770807,54881904100,Nichole M. Bauer,1,us_inferred,metadata,,,
85076169910,10.1017/S0020818319000341,2020,International Organization,Public Opinion and Decisions about Military Force in Democracies,us_explicit,abstract,asking citizens in Israel and the US,"Metadata directly identifies a US experimental population, setting, or findings attributed to Americans.",true,b78b424c5067dba53769bd4db7a2eff0bfc090e5a029ac586b0e9945d90c866b,f4c0885b27743b4122414724035614d5615cff1a25aed4bff9e598de1de541ec,Codex (GPT-6),AI_assisted,2026-09-08,false,top100_metadata_v1,https://doi.org/10.1017/S0020818319000341,6505910383,Michael Tomz,1,us_explicit,metadata,,,
85076359084,10.1111/dar.13010,2020,Drug and Alcohol Review,Young people and gambling content in social media: An experimental insight,non_us,abstract,two samples of young Finnish people,Metadata identifies a non-US population or study setting; no US experimental sample is reported.,false,5fafc6fbb86f80309358990dfde1d908fa7767bc6c302a6967be1e9a309f969e,5b89c2f95c8a60a271c70bd7af8f2f506cc89c01cfeafca41cdc522e67f7008b,Codex (GPT-6),AI_assisted,2026-09-08,false,top100_metadata_v1,https://doi.org/10.1111/dar.13010,42161868700,Atte Oksanen,1,non_us,metadata,,,
85076495848,10.1093/poq/nfz031,2019,Public Opinion Quarterly,"Enemy or Ally? Elites, Base Relations, and Partisanship in America",us_inferred,abstract,American partisanship and public opinion,US executive-party relationships frame survey experiments.,false,a005f5dd5b7d7a1a6e8288e233ae837e66943a4f1fddbe9a0d71dfbc0cf86c3b,13a05de30edd24b503645169aa7f49c66f0eee990b9d1131d8812d0e134ad64e,Codex (GPT-6),AI_assisted,2026-09-08,false,top100_metadata_v1,https://doi.org/10.1093/poq/nfz031,56611317200,John V. Kane,1,us_inferred,metadata,,,
85076524004,10.1080/10967494.2019.1699214,2020,International Public Management Journal,How the source of performance information matters to learning on the front-lines: evidence from a survey experiment,non_us,abstract,public high school teachers in Denmark,Study population or findings explicitly situated outside the US.,false,bd0ae616f418598ca172c793b41195392d96bd5abcfa246e754237d5a2a99dcd,492910900718c1ab62cfafd381aae03d954f12a21491c661c57db0a1a3834e5c,Codex (GPT-6),AI_assisted,2026-09-08,false,top100_metadata_v1,https://doi.org/10.1080/10967494.2019.1699214,57203170141,Niels Bjørn Grund Petersen,1,non_us,metadata,,,
85076712061,10.1086/706047,2020,Journal of Politics,Historical ownership and territorial disputes,non_us,abstract,survey experiment implemented in China,Metadata identifies a non-US population or study setting; no US experimental sample is reported.,false,d4f09e2f180d3245df393266e83a8b7a5df1786aaa96e71d1e54a459e11860df,583d582b49c8c8d5d482f8be8972b04b30abd516e2195b8b8036f9e0b795e348,Codex (GPT-6),AI_assisted,2026-09-08,false,top100_metadata_v1,https://doi.org/10.1086/706047,56924059300,Xiaojun Li,1,non_us,metadata,,,
85077022750,10.1111/puar.13133,2020,Public Administration Review,Does Administrative Burden Influence Public Support for Government Programs? Evidence from a Survey Experiment,us_inferred,abstract,Temporary Assistance for Needy Families (TANF),Evaluation of a specifically US welfare program suggests US respondents.,false,134faac546ef25839b49b76c0f3fb99d1e78916984667c459cb61c90577ffa1a,de64afc90e4cc27168111f47e5ace092a21821448265c752022c72c3e779bb60,Codex (GPT-6),AI_assisted,2026-09-08,false,top100_metadata_v1,https://doi.org/10.1111/puar.13133,35784707400,Susan M. Miller,1,us_inferred,metadata,,,
85077074496,10.1080/09644016.2019.1705056,2020,Environmental Politics,International commitments and domestic opinion: the effect of the Paris Agreement on public support for policies to address climate change,us_explicit,abstract,effect of the Paris Agreement on the American public,"Metadata directly identifies a US experimental population, setting, or findings attributed to Americans.",false,c31c0f5e43edb4c772a1ec5aa765df1dd5d04ab033b4bec0905acabd042f1492,7e0a0d0d410dc73ce70812079c699c2be903b93dbd27e0b2a875a95034e72ccf,Codex (GPT-6),AI_assisted,2026-09-08,false,top100_metadata_v1,https://doi.org/10.1080/09644016.2019.1705056,6505910383,Michael Tomz,1,us_explicit,metadata,,,
85077113602,,2018,International Journal of Communication,How propaganda moderates the influence of opinion leaders on social media in china,non_us,abstract,"1,326 Internet users in Beijing",Metadata identifies a non-US population or study setting; no US experimental sample is reported.,false,b5b58eabc373bb27d4a2f920733112b7741a73db1384b8b89853f2c1bc71def6,f284412f77c156fbe3c9aa04c59bb773850d6a8ae3b1d5a4e61587b38f5fbc4b,Codex (GPT-6),AI_assisted,2026-09-08,false,top100_metadata_v1,https://www.scopus.com/record/display.uri?eid=2-s2.0-85077113602,57226745341,Li Shao,1,non_us,metadata,,,
85077144076,10.1177/0022002719888689,2020,Journal of Conflict Resolution,Credible Nuclear Security Commitments Can Backfire: Explaining Domestic Support for Nuclear Weapons Acquisition in South Korea,non_us,abstract,representative samples of South Korean citizens,Metadata identifies a non-US population or study setting; no US experimental sample is reported.,false,53d51525fc8404725e905e3a919cfaf6a27d64d64c0b3c148373f66f8817774b,52b4ee19da2630c457541bc4802cc456bd4d8c9396688d4c5a136d3f32269897,Codex (GPT-6),AI_assisted,2026-09-08,false,top100_metadata_v1,https://doi.org/10.1177/0022002719888689,57188880644,Lauren Sukin,1,non_us,metadata,,,
85077597096,10.1177/0738894217724568,2020,Conflict Management and Peace Science,"National identity, religious tolerance, and group conflict: Insights from a survey experiment in Pakistan",non_us,title,survey experiment in Pakistan,Metadata identifies a non-US population or study setting; no US experimental sample is reported.,false,8742adbe8c67b42a4fa1841eba8e424d5e2d81cc66bf9cfb26b7683d898676b1,3049c566ded1c07ab26c7bc7a08f5dcca998836e01d2c40f0bf0464d72635f82,Codex (GPT-6),AI_assisted,2026-09-08,false,top100_metadata_v1,https://doi.org/10.1177/0738894217724568,57200795890,Niloufer A. Siddiqui,1,non_us,metadata,,,
85077691868,10.1177/0049124117729707,2020,Sociological Methods and Research,"Using Factorial Survey Experiments to Measure Attitudes, Social Norms, and Fairness Concerns in Developing Countries",non_us,abstract,technology adoption in Benin,Non-US study population or setting identified in the full abstract; no US experimental sample reported.,false,78ec7a97f323b7b58e7fe272426906e46e8be057db284e9d1a03b4180edb3565,6a2c3999ea9efe22c314ebee3216928a13018d4fd93472d6b616216eb7843019,Codex (GPT-6),AI_assisted,2026-09-08,false,top100_metadata_v1,https://doi.org/10.1177/0049124117729707,23982874600,Ulf Liebe,1,non_us,metadata,,,
85078201451,10.1177/0022002719896838,2020,Journal of Conflict Resolution,Foreign Policy as Pork-barrel Spending: Incentives for Legislator Credit Claiming on Foreign Aid,us_explicit,abstract,novel survey experiment of US citizens,"Abstract explicitly identifies Americans, US respondents, or a US study setting.",false,c373c3e6c5e7c8fa1323e43332fceefd9bfce85a2eac54d32cebdc08e28a4625,973bac24fe9456228fc6c953aba8b247760f45d3236bc25b79528ccb9606f729,Codex (GPT-6),AI_assisted,2026-09-08,false,top100_metadata_v1,https://doi.org/10.1177/0022002719896838,55603014300,Tobias Heinrich,1,us_explicit,metadata,,,
85078899431,10.1007/s11109-020-09595-5,2021,Political Behavior,Conformity and Individuals’ Response to Information About Aggregate Turnout,non_us,abstract,representative sample of the UK population,Metadata identifies a non-US population or study setting; no US experimental sample is reported.,false,1653980bb6441489dc77afed3177adf0b810ae7d62a1bd85d6dafca7549e1ed2,5322fa38f220dbb87047eb810f933aff89b5af52f60644f57872a2cdf794ade6,Codex (GPT-6),AI_assisted,2026-09-08,false,top100_metadata_v1,https://doi.org/10.1007/s11109-020-09595-5,7006126634,André Blais,1,non_us,metadata,,,
85078960506,10.1126/sciadv.aaw7449,2020,Science Advances,The effects of corrective information about disease epidemics and outbreaks: Evidence from Zika and yellow fever in Brazil,non_us,abstract,yellow fever outbreak in Brazil,National survey and epidemic experiments in Brazilian context.,false,49af0be659c18a7101cde8d672b2caf8d9c07d7f0e5d88cd578e00cd7015cb2c,216b0aa2a89e069891f364fc396b7279dfa2e04b1d58219330ed76eb84279e8b,Codex (GPT-6),AI_assisted,2026-09-08,false,top100_metadata_v1,https://doi.org/10.1126/sciadv.aaw7449,35492113000,Thomas Zeitzoff,1,non_us,metadata,,,
85079670115,10.1017/S0007123419000620,2021,British Journal of Political Science,Elite Communication and the Popular Legitimacy of International Organizations,us_explicit,full_text,"three countries: Germany, the UK and the US",The experiments use samples from all three named countries.,true,926f05a4beb9698507b5eeb06479faf3376ee046736bca0ffa97bce78f27e1f3,a47a8b96f4cd886867c0b55ac229a94d435362a6e378b05b9d2209fcb22e0876,Codex (GPT-6),AI_assisted,2026-09-09,false,top100_metadata_v1,https://doi.org/10.1017/S0007123419000620,6602533817,Jonas Tallberg,1,unclear,full_text,85079670115.pdf,2,90b78a916dc59b6a06383187f15561110b9e03d6fb3f2f1ceae12b2481d5c85f
85081592258,10.1177/1065912919900012,2021,Political Research Quarterly,"Driving a Wedge? Republicans, Immigration, and the Impact of Substantive Appeals on African American Vote Choice",us_inferred,abstract,the 2016 Cooperative Congressional Election Study,The CCES experiment concerns Black voters responding to Republican immigration appeals in the US.,false,cf8ea81648ca0a0169aae84118450ecfbb4e5e3e33f24c0a6fb0eebd6b55b90e,ec635dabb3103bdfb87efa0a69ed92635135aea29c22ae5c4d9c135fa1eadafd,Codex (GPT-6),AI_assisted,2026-09-09,false,top100_2010_metadata_v1,https://doi.org/10.1177/1065912919900012,55454468300,Tatishe M. Nteta,1,us_inferred,metadata,,,
85081613400,10.1016/j.econedurev.2020.101979,2020,Economics of Education Review,What do student jobs on graduate CVs signal to employers?,non_us,full_text,employers in Flanders,The recruitment description locates the employers in the Dutch-speaking region of Belgium.,false,cda29fa7c287889b044109ca23e9736015d25d8574d9b9fdbbbbf37e87887c66,a5368936e1ad19687aa73deceee3e5d38c509fa9937e9dc12964decd3a7ffb8f,Codex (GPT-6),AI_assisted,2026-09-09,false,top100_metadata_v1,https://doi.org/10.1016/j.econedurev.2020.101979,55746145800,Stijn Baert,1,unclear,full_text,85081613400.pdf,3,e062b295561a4044a3a2dc65357d4c32f841dd7d9c7be1bc248d234dccbd9685
85082114477,10.1177/0738894220906374,2021,Conflict Management and Peace Science,"Public opinion, international reputation, and audience costs in an authoritarian regime",non_us,abstract,responses from 5375 Chinese adults,Metadata identifies a non-US population or study setting; no US experimental sample is reported.,false,6bc6199ab8c6e84c011fd5be682ca4d4dbb8f729363d5477c8b04a4e168f8a27,8b3f02983346f19b542fb48b84d0fe2f87f55a5e53fd95a9867929498a875391,Codex (GPT-6),AI_assisted,2026-09-08,false,top100_metadata_v1,https://doi.org/10.1177/0738894220906374,56924059300,Xiaojun Li,1,non_us,metadata,,,
85082410038,10.1177/0022002720912323,2020,Journal of Conflict Resolution,The Impact of Economic Coercion on Public Opinion: The Case of US–China Currency Relations,non_us,abstract,survey experiment of Chinese internet users,US policy is treatment topic; respondents Chinese.,false,b147fa8d6bffd4240f8297046676c7d2215abc09997152bbfa024909a2223320,b6b59fe75cfa0b206d676ac51fd3629eee996272a16c2bef36100811543a803f,Codex (GPT-6),AI_assisted,2026-09-08,false,top100_metadata_v1,https://doi.org/10.1177/0022002720912323,24339564700,David A. Steinberg,1,non_us,metadata,,,
85082430134,10.1080/14693062.2020.1736490,2020,Climate Policy,"Political populism, responsiveness, and public support for climate mitigation",us_explicit,abstract,fielded representative US surveys,"Abstract explicitly identifies Americans, US respondents, or a US study setting.",false,b286614c27fef3393e49ba413bcb53737fb8869073d202ad6dcb069164a76afa,b849bd3d96acdafee8ea443b80e2e6421c9d373fae8ac54af36b16b6ae737d98,Codex (GPT-6),AI_assisted,2026-09-08,false,top100_metadata_v1,https://doi.org/10.1080/14693062.2020.1736490,6602110388,Thomas Bernauer,1,us_explicit,metadata,,,
85083358513,10.1177/0032321719850073,2020,Political Studies,Citizen Attitudes on Politicians’ Pay: Trust Issues Are Not Solved by Delegation,non_us,full_text,representative of the adult Danish population,The experimental sample is explicitly compared with Denmark’s adult population.,false,fe172e52d673f50a9752844d98ab7c5b794898f3d50befa861ad1b07b1ad66fb,c6ccd67a71f0a224bb663ec0027f869807ef6b894968b3ed0b9bfe97e3c53f7a,Codex (GPT-6),AI_assisted,2026-09-09,false,top100_metadata_v1,https://doi.org/10.1177/0032321719850073,25224644900,Rasmus Tue Pedersen,1,unclear,full_text,85083358513.pdf,10,50d951b6fe68d4d6ec8d7ebdc16b2f283cf98ff42d7110c9909960179b4b5da5
85083672997,10.1093/ijpor/edy020,2019,International Journal of Public Opinion Research,Putting a number on preferences: How numerical attitudes are shaped by ideology and equivalency framing,unclear,abstract,,Numerical preferences without sample country.,false,67d036fd75d7f67640a52bcbcb00011ab77bcbbaf76d9998ad8e599dcf62c122,079f7f686049caccb3abdfd99a3fa1de084bba33f6ba3286f546862dbff0bf05,Codex (GPT-6),AI_assisted,2026-09-08,false,top100_metadata_v1,https://doi.org/10.1093/ijpor/edy020,25224644900,Rasmus Tue Pedersen,1,unclear,metadata,,,
85083720807,10.1371/journal.pone.0231052,2020,Plos One,"Impulsivity, internalizing symptoms, and online group behavior as determinants of online hate",non_us,abstract,collected from Finnish adolescents and young adults,Finnish sample for study 1; no US experimental sample identified and study 2 location not separately stated.,false,26f8d0ca2f965c6d7f6ceb7ea0d56f00f673855d4f62d5cee62b9fdc31806c57,6b8516d2196493763abbd61c48781df565fa55038f803442db8338a290fba60c,Codex (GPT-6),AI_assisted,2026-09-08,false,top100_metadata_v1,https://doi.org/10.1371/journal.pone.0231052,42161868700,Atte Oksanen,1,non_us,metadata,,,
85083863861,10.1080/13501763.2020.1751244,2021,Journal of European Public Policy,Voluntary business initiatives can reduce public pressure for regulating firm behaviour abroad,non_us,abstract,national referendum on this issue in Switzerland,Study population or findings explicitly situated outside the US.,false,67c3af8c66f5ba69d003f8bbb9cccd3712b96420f49fae94e95a10b4e838f8d0,6bdeb4cec348608a848bc00fe4950025bc8971cb2794336101791c6978926b70,Codex (GPT-6),AI_assisted,2026-09-08,false,top100_metadata_v1,https://doi.org/10.1080/13501763.2020.1751244,6602110388,Thomas Bernauer,1,non_us,metadata,,,
85084071067,10.1016/j.trd.2020.102363,2020,Transportation Research Part D Transport and Environment,The social acceptance of airport expansion scenarios: A factorial survey experiment,non_us,abstract,Frankfurt (Germany) and Zurich (Switzerland),Metadata identifies a non-US population or study setting; no US experimental sample is reported.,false,442cf5ffd66c9380a503fe354850a9f6e38fcb437da9da3a39b34ddac20be2d9,36ef5846a706395269f4a7a9efd0360b275bdfd8ab90afb21b131817c46ffa8b,Codex (GPT-6),AI_assisted,2026-09-08,false,top100_metadata_v1,https://doi.org/10.1016/j.trd.2020.102363,23982874600,Ulf Liebe,1,non_us,metadata,,,
85084324260,10.1177/2378023118821836,2019,Socius,Men’s Overpersistence and the Gender Gap in Science and Mathematics,unclear,abstract,,National longitudinal survey and diverse adult sample without countries.,false,8d284959532461cae5700f6db216a30e45f2659a4fa3c52b1815bd1122fa9d86,14638314a198fe7db6b15f90471c7b7a6324f230161962a8a910fa72add8bdbc,Codex (GPT-6),AI_assisted,2026-09-08,false,top100_metadata_v1,https://doi.org/10.1177/2378023118821836,16305967100,Robb Willer,1,unclear,metadata,,,
85084494184,10.1093/jopart/muz028,2020,Journal of Public Administration Research and Theory,Service professionals' response to volunteer involvement in service production,unclear,abstract,,Available metadata does not locate the experimental sample.,false,771809074d9970e7885e9978b755628f77962f813e3796ff85328c53e7dd0733,1efd17a4a9b75136bd140a297be17e885cacf666a38c3fc76d5a9088ff200f3f,Codex (GPT-6),AI_assisted,2026-09-08,false,top100_metadata_v1,https://doi.org/10.1093/jopart/muz028,56689411500,Mette Kjærgaard Thomsen,1,unclear,metadata,,,
85085764776,10.1016/j.poetic.2020.101448,2020,Poetics,Accidental environmentalist or ethical elite? The moral dimensions of environmental impact,us_explicit,abstract,nationally-representative sample of US households,"Abstract explicitly identifies Americans, US respondents, or a US study setting.",false,ad2bb3e6f3ffba873ff8ba3318adb1960f490a1834b43ef8226efd35c150b20d,a9a93aa1e94801d1c1a8ef3c2c25a5ac598cb12090af944f9310e8bd0f0318a8,Codex (GPT-6),AI_assisted,2026-09-08,false,top100_metadata_v1,https://doi.org/10.1016/j.poetic.2020.101448,7102611306,Christine Horne,1,us_explicit,metadata,,,
85085952101,10.1177/0032321720924808,2021,Political Studies,"Stereotypes, Who to Blame? Exploring Individual-Level Determinants of Flemish Voters’ Political Gender Stereotypes",non_us,abstract,representative sample of the Flemish (Belgian) population,Metadata identifies a non-US population or study setting; no US experimental sample is reported.,false,7e9f18012fd7c6c62d2fba3fd52eabfc19e1fb2ee48d6d48946b32994f5979b6,3c3be79900e03ddd1bfbe251f61ed1c86d0f329faf713b9281f0ba94b0d77434,Codex (GPT-6),AI_assisted,2026-09-08,false,top100_metadata_v1,https://doi.org/10.1177/0032321720924808,57196390820,Robin Devroe,1,non_us,metadata,,,
85086600850,10.1017/XPS.2019.2,2020,Journal of Experimental Political Science,Campaign mailers and intent to turnout: Do similar field and survey experiments yield the same conclusions?,unclear,abstract,,Available metadata does not locate the experimental sample.,false,4a23eb2b3366fa79251a779d7ad7ef7f76904cda0976ed8293557b7413a3c0c8,e3b0c44298fc1c149afbf4c8996fb92427ae41e4649b934ca495991b7852b855,Codex (GPT-6),AI_assisted,2026-09-08,false,top100_metadata_v1,https://doi.org/10.1017/XPS.2019.2,35745930100,David Doherty,1,unclear,metadata,,,
85086771184,10.1038/s41558-020-0805-1,2020,Nature Climate Change,Attitudes of urban residents towards environmental migration in Kenya and Vietnam,non_us,abstract,individuals in Vietnam and Kenya,Metadata identifies a non-US population or study setting; no US experimental sample is reported.,false,a9f0d7c6a0a522fa4948f10cee8a1e3ad6c8d9f208b1814442e4c30c30943cc2,e5137013199487bf65dd88446a6a3fafcb74e2e1b3b5f969e2ee395ca1e82d35,Codex (GPT-6),AI_assisted,2026-09-08,false,top100_metadata_v1,https://doi.org/10.1038/s41558-020-0805-1,36676605900,Gabriele Spilker,1,non_us,metadata,,,
85087093352,10.1086/708504,2020,Journal of Politics,Can institutions make voters care about corruption?,non_us,abstract,the Israeli Supreme Court,Non-US study population or setting identified in the full abstract; no US experimental sample reported.,false,02cfca669f293940fbacbfe82907e37ec5b346e42f29061b275bc983f80dc8a4,1f0553668fa084416b47acaca98c4fcde09b35683f7bc881820ef4f340e41653,Codex (GPT-6),AI_assisted,2026-09-08,false,top100_metadata_v1,https://doi.org/10.1086/708504,56196951600,Omer Yair,1,non_us,metadata,,,
85087287708,10.1111/irel.12258,2020,Industrial Relations,Student Access to Apprenticeships: Evidence from a Vignette Experiment,non_us,abstract,human resources professionals in Belgium,Metadata identifies a non-US population or study setting; no US experimental sample is reported.,false,a01b2ec244ec2fafaa71ed4ee31600078e18f07849440ce0e453e13f165bc3ef,1c2eb561d724408ef3b5cc700412392ea133d2bc11f4fc17dcd6c9a88873d362,Codex (GPT-6),AI_assisted,2026-09-08,false,top100_metadata_v1,https://doi.org/10.1111/irel.12258,55746145800,Stijn Baert,1,non_us,metadata,,,
85087378517,10.1111/padm.12657,2020,Public Administration,Policy design and public support for carbon tax: Evidence from a 2018 US national online survey experiment,us_explicit,abstract,"1,606 US respondents","Abstract explicitly identifies Americans, US respondents, or a US study setting.",false,21fbbd70a0a29f8094c22abdb08280f0b05077813373dc017680dd6e88ecc6bd,cba93b71c461f0ead2d5564d48319d63ab1042b4dacdc2bc4e50a522ef4016c1,Codex (GPT-6),AI_assisted,2026-09-08,false,top100_metadata_v1,https://doi.org/10.1111/padm.12657,7202316609,Aseem Prakash,1,us_explicit,metadata,,,
85087880256,10.1093/jopart/muaa008,2020,Journal of Public Administration Research and Theory,Whoever Has Will be Given More: The Effect of Performance Information on Frontline Employees' Support for Managerial Policy Initiatives,non_us,abstract,caseworkers working in Danish employment agencies,Study population or findings explicitly situated outside the US.,false,3f79da0487733a8b162799304f60df62c915820b9d972952d387d62bf470b957,e1ef3e8a0fb52ea6f24a79b96d190541e850d21f7b4c185040429b4c6c1c326d,Codex (GPT-6),AI_assisted,2026-09-08,false,top100_metadata_v1,https://doi.org/10.1093/jopart/muaa008,57203170141,Niels Bjørn Grund Petersen,1,non_us,metadata,,,
85087950052,10.1016/j.giq.2020.101497,2020,Government Information Quarterly,Latent transparency and trust in government: Unexpected findings from two survey experiments,us_explicit,abstract,samples of US adults,"Abstract explicitly identifies Americans, US respondents, or a US study setting.",false,4a3eb7688ae4d34c1a39e4ccbc6720f0f5f148bc3191f70e58db635d5f1c3315,385ff963188cf8b16420df6a4fd727d7e5afcc7182aad6f8cc3f077b094daf8a,Codex (GPT-6),AI_assisted,2026-09-08,false,top100_metadata_v1,https://doi.org/10.1016/j.giq.2020.101497,7003787305,Gregg G. Van Ryzin,1,us_explicit,metadata,,,
85088578914,10.1177/1354068820945156,2021,Party Politics,Do (many) voters like ranking?,non_us,abstract,"Austria, England, Ireland and Sweden",Metadata identifies a non-US population or study setting; no US experimental sample is reported.,false,d459597b1cca0c07d22e7c8be3b16f4ba24d3df876a929b17efb54da2107cac2,48aad54e9cb3eb892161c963679d8d79776cecef4ccbc78dfb971e4d59da294a,Codex (GPT-6),AI_assisted,2026-09-08,false,top100_metadata_v1,https://doi.org/10.1177/1354068820945156,7006126634,André Blais,1,non_us,metadata,,,
85088856469,10.1080/14719037.2020.1798708,2022,Public Management Review,Reporting multiple dimensions of public service performance: information order effects on citizens’ willingness to use services,unclear,abstract,,Available metadata does not locate the experimental sample.,false,134173464a00689c41c6ba8e8da2f268771a7004bcbf37cafd7cee6cff90154d,2e12178ffe0a44fba4222b408af141979798243d0a226f8938779bbf2a8cf15a,Codex (GPT-6),AI_assisted,2026-09-08,false,top100_metadata_v1,https://doi.org/10.1080/14719037.2020.1798708,7102332636,Oliver James,1,unclear,metadata,,,
85089290541,10.1016/j.ssresearch.2020.102448,2020,Social Science Research,"State coercion, moral attitudes, and tax compliance: Evidence from a national factorial survey experiment of income tax evasion",us_explicit,abstract,nationally representative random sample of U.S. adults,"Abstract explicitly identifies Americans, US respondents, or a US study setting.",false,da25270a8f61f5708665e7fa4402a3a03675c476be36b77e8b02d28140f9c5b5,4704ed746046e22b4e0355f4aca6c359d50687150296e1059228bda79d551eb0,Codex (GPT-6),AI_assisted,2026-09-08,false,top100_metadata_v1,https://doi.org/10.1016/j.ssresearch.2020.102448,36775562800,Blaine G. Robbins,1,us_explicit,metadata,,,
85089319442,10.1177/2378023119852015,2019,Socius,Americans’ Perceptions of Transgender People’s Sex: Evidence from a National Survey Experiment,us_explicit,abstract,Americans’ perceptions,The national vignette experiment explicitly concerns Americans' perceptions of transgender people's sex.,false,e337948d802b6b4710066f8a6ecfbd75f151031118a84c4c52729ffe1c3dbad0,f9d275f04e8e6f8592b1b511655cee58bf877fff14b88196245904b31715aa36,Codex (GPT-6),AI_assisted,2026-09-09,false,top100_2010_metadata_v1,https://doi.org/10.1177/2378023119852015,55636964600,Long Doan,1,us_explicit,metadata,,,
85089815116,10.1177/2053168020950080,2020,Research and Politics,Heuristics and political accountability in complex governance: An experimental test,us_explicit,abstract,1105 US adults,"Abstract explicitly identifies Americans, US respondents, or a US study setting.",false,cee901dd312a0c9bff05509080ab75c902a24c67cec3dfdd6e5f1e20e65dfd5e,c52de852871bdc21419ee2e68c4a297e0ab6ad0608f559f242195f7320487e17,Codex (GPT-6),AI_assisted,2026-09-08,false,top100_metadata_v1,https://doi.org/10.1177/2053168020950080,7003787305,Gregg G. Van Ryzin,1,us_explicit,metadata,,,
85089985354,10.1111/puar.13271,2021,Public Administration Review,"Do More Options Always Benefit the Users of Public Services? An Experimental Study of School Choice, Performance, and Satisfaction",unclear,abstract,,Available metadata does not locate the experimental sample.,false,b2dae29e3d5ea2cfa058666a6b73a4c6b128551502a0236cc994f8a8024d0893,fa7254fe09823a1fac7aa4337437e40a0d10c68e2873da3f6c9208e13563dc02,Codex (GPT-6),AI_assisted,2026-09-08,false,top100_metadata_v1,https://doi.org/10.1111/puar.13271,7102332636,Oliver James,1,unclear,metadata,,,
85090934478,10.1177/0032321720956327,2022,Political Studies,Input from Whom? Public Reactions to Consultation Measures,us_explicit,abstract,US public opinion on this issue using a national survey experiment,"Metadata directly identifies a US experimental population, setting, or findings attributed to Americans.",false,5c4e91ba8346661ef3c65e08df242dc59ae9b5354d611234959e7fa9a88c5abd,18f1c40a9719415ce66c5a7486d8350c4418be8a4f003ce06f51233b6b90a977,Codex (GPT-6),AI_assisted,2026-09-08,false,top100_metadata_v1,https://doi.org/10.1177/0032321720956327,56534303500,Anthony Kevins,1,us_explicit,metadata,,,
85091048531,10.1177/0010414020957684,2021,Comparative Political Studies,Does Class-Based Campaigning Work? How Working Class Appeals Attract and Polarize Voters,us_explicit,abstract,survey experiments conducted in the United States and Denmark,"Metadata directly identifies a US experimental population, setting, or findings attributed to Americans.",true,0695733db865747116687745745129120d6d1bcd590bacca759040f7a876c842,ae4ceed0c93c736a99f1ea5a2b1aad8452375200ca514ef5d78c039b894e4d2c,Codex (GPT-6),AI_assisted,2026-09-08,false,top100_metadata_v1,https://doi.org/10.1177/0010414020957684,56329786700,Joshua Robison,1,us_explicit,metadata,,,
85091181242,10.1080/15309576.2020.1817109,2021,Public Performance and Management Review,Laying a Ghost to Rest? The Role of Employee Involvement in the Selection of Performance Goals,non_us,abstract,public caseworkers working in Danish employment agencies,Study population or findings explicitly situated outside the US.,false,ed420a10437cc2c849febdba102b10e8df50adbc3473a6b0c108736ccdb5ed36,a5b86a19488ee5d3356597c13cac0fe1e96063e65ca0141421528c1dd801814f,Codex (GPT-6),AI_assisted,2026-09-08,false,top100_metadata_v1,https://doi.org/10.1080/15309576.2020.1817109,57203170141,Niels Bjørn Grund Petersen,1,non_us,metadata,,,
85091202562,10.1080/07418825.2020.1821086,2022,Justice Quarterly,Body-Worn Cameras and Transparency: Experimental Evidence of Inconsistency in Police Executive Decision-Making,unclear,abstract,,National police executive sample without country.,false,7c615323215944d0100cd5dc8b990eae6c7bfb1fb0db03992b9b796ea86d847e,1e4c14b83abaa9cbcdd724878e260046753d3bac2c0c4c1fdcf091e5db53b7cf,Codex (GPT-6),AI_assisted,2026-09-08,false,top100_metadata_v1,https://doi.org/10.1080/07418825.2020.1821086,38061940400,Justin T. Pickett,1,unclear,metadata,,,
85091348291,10.1111/pops.12688,2021,Political Psychology,"Who Should Get a Say? Race, Law Enforcement Guidelines, and Systems of Representation",us_explicit,abstract,how Americans respond,"Metadata directly identifies a US experimental population, setting, or findings attributed to Americans.",false,4d072259698bf0d57e755f55fd45a862f755f0ae9c41dd8781464f156b4b9548,2616b3e41c4e6003aa1e33c75470c74c72f382af2a929325c210e1d9a2e245ce,Codex (GPT-6),AI_assisted,2026-09-08,false,top100_metadata_v1,https://doi.org/10.1111/pops.12688,56534303500|56329786700,Anthony Kevins; Joshua Robison,2,us_explicit,metadata,,,
85091439364,10.1177/0022002720961517,2021,Journal of Conflict Resolution,Limited Spin: When the Public Punishes Leaders Who Lie about Military Action,us_inferred,abstract,Republican leaders primarily concerned with their base,Republican presidents and domestic accountability for military action suggest US respondents.,false,a1705a19243a78ff2c19ca508ceb24b6724be17a13e58396409324b4196e739a,a99961451062050f5c552477e86072bd28534dc11e30d983e10fbbb19b740cdb,Codex (GPT-6),AI_assisted,2026-09-08,false,top100_metadata_v1,https://doi.org/10.1177/0022002720961517,57188971604,Sarah R. Maxey,1,us_inferred,metadata,,,
85091718485,10.1177/2378023120959547,2020,Socius,Judgments of Economic Fairness Are Based More on Perceived Economic Mobility Than Perceived Inequality,us_explicit,abstract,Our studies suggest that Americans’ optimism,Results directly described as Americans' views.,false,2d75a9c0b2527280cdfb2287a504280ceb53ea06a488126b2ad8506173c4c092,681e28f784beb94fa6ce277b357f87ec88cf5b17ccd68ee15d6e767b360f4667,Codex (GPT-6),AI_assisted,2026-09-08,false,top100_metadata_v1,https://doi.org/10.1177/2378023120959547,16305967100,Robb Willer,1,us_explicit,metadata,,,
85092367680,10.1017/S0007123420000320,2021,British Journal of Political Science,Voter responses to fiscal austerity,non_us,abstract,"survey experiments in Spain, Portugal, Italy, the UK and Germany",Study population or findings explicitly situated outside the US.,false,905074942c024032f23b99f047a64df01a023cadc25ce08c3ef4e62d12e2a2a0,084643f605a5128a3ea6c102a93f446d6fa0db518da3e82536819ae424555a60,Codex (GPT-6),AI_assisted,2026-09-08,false,top100_metadata_v1,https://doi.org/10.1017/S0007123420000320,37065230200,Markus Wagner,1,non_us,metadata,,,
85092499524,10.1007/s11292-020-09447-6,2022,Journal of Experimental Criminology,Selling effective violence prevention policies to the public: a nationally representative framing experiment,us_inferred,abstract,several US cities,US violence-prevention policy and Republican respondents.,false,a24c59854b9b929e4ac0b1f785d663b08fd26afc45e14f7ac1ebb995a85f1350,e81a295e9a315486cc50b4b8316e53355cfddf8d4a4eb345aed0a201ffef1115,Codex (GPT-6),AI_assisted,2026-09-08,false,top100_metadata_v1,https://doi.org/10.1007/s11292-020-09447-6,38061940400,Justin T. Pickett,1,us_inferred,metadata,,,
85092586367,10.1111/puar.13297,2021,Public Administration Review,Creaming among Caseworkers: Effects of Client Competence and Client Motivation on Caseworkers’ Willingness to Help,non_us,abstract,"1,595 Danish caseworkers",Study population or findings explicitly situated outside the US.,false,d117de49e29efde7d44dd3cb61faabc7401543b01efeaace81dc54f746c8cc8c,b9362b3c35dec9db35a8a0e04782ee74e63f40bc52a66709706a0df1241cbc8b,Codex (GPT-6),AI_assisted,2026-09-08,false,top100_metadata_v1,https://doi.org/10.1111/puar.13297,57203170141,Niels Bjørn Grund Petersen,1,non_us,metadata,,,
85092904088,10.3390/su12198084,2020,Sustainability Switzerland,Measurement of fairness perceptions in energy transition research: A factorial survey approach,non_us,abstract,biomass in Germany,German renewable-energy project setting; sample location not independently stated.,false,4fa3b4020ed20036e2770ae798a047ce3bcef1cde381ba2bcf103bbbfc310a3f,4278cb1a6a988df7c490dbc5464cfdb46c7524253d940f43e78120f4934c3539,Codex (GPT-6),AI_assisted,2026-09-08,false,top100_metadata_v1,https://doi.org/10.3390/su12198084,23982874600,Ulf Liebe,1,non_us,metadata,,,
85094221120,10.1126/sciadv.abd4563,2020,Science Advances,"Model uncertainty, political contestation, and public trust in science: Evidence from the COVID-19 pandemic",us_explicit,abstract,attitudes of more than 6000 Americans,"Abstract explicitly identifies Americans, US respondents, or a US study setting.",false,d5164145619f3b1524fa200aae447f52e1d15b1f2d3d72e44fdbcfce155ae6fd,8723094c841fb058dc07dd0d40a51aec0fe69e77462dfd35302879e82aaa2525,Codex (GPT-6),AI_assisted,2026-09-08,false,top100_metadata_v1,https://doi.org/10.1126/sciadv.abd4563,12767146800|35725744600,Douglas L. Kriner; Sarah E. Kreps,2,us_explicit,metadata,,,
85094558347,10.1016/j.electstud.2020.102240,2020,Electoral Studies,Voters’ evaluation of (contra-)prototypical political candidates. An experimental test of the interaction of candidate gender and policy positions cues in Flanders (Belgium),non_us,abstract,issue competence stereotypes in Flanders (Belgium),Metadata identifies a non-US population or study setting; no US experimental sample is reported.,false,d4666f99a87252302418cf1e8b2912632bdde379ef9148b41d4c55ce336b6e7d,ac20ad1379fb8ab738b93c8accc2a2d5bd9e3b915999395fe72356ca0b1100a3,Codex (GPT-6),AI_assisted,2026-09-08,false,top100_metadata_v1,https://doi.org/10.1016/j.electstud.2020.102240,57196390820,Robin Devroe,1,non_us,metadata,,,
85095117105,10.1017/S1743923X20000604,2020,Politics and Gender,Women Leaders and Policy Compliance during a Public Health Crisis,us_explicit,abstract,survey experiment with American citizens,"Abstract explicitly identifies Americans, US respondents, or a US study setting.",false,2563b77d4e2e538d6a67c5125c8f7b311cc247351ddca50220594f9fee922951,d4c7446a7957c7569f7c72b8fa10e83e4ef2e936cf7105bb957267b8610a5bfc,Codex (GPT-6),AI_assisted,2026-09-08,false,top100_metadata_v1,https://doi.org/10.1017/S1743923X20000604,54881904100,Nichole M. Bauer,1,us_explicit,metadata,,,
85095133927,10.1177/2378023120967199,2020,Socius,When Is Retaliation Respected? Status and Vengefulness in Intergroup and Interpersonal Contexts,unclear,abstract,four online survey experiments,The online conflict-status experiments do not locate their respondents.,false,e57e9d8a6c261a8dcd963ab07621437cba3665150f19f8debea9ac60867216fb,2e4f930be27d31ccd0154a37ad1868e7caa0dc204ecf9961b78d12cf41041d45,Codex (GPT-6),AI_assisted,2026-09-09,false,top100_2010_metadata_v1,https://doi.org/10.1177/2378023120967199,55636964600,Long Doan,1,unclear,metadata,,,
85095755893,10.1111/padm.12670,2020,Public Administration,Marketization reforms and co-production: Does ownership of service delivery structures and customer language matter?,us_explicit,abstract,three survey experiments in the United States,"Metadata directly identifies a US experimental population, setting, or findings attributed to Americans.",false,d89a0f4b35e62a27a03291cfa6bbdb8babeb76114c2b66f1093fdb937826dbff,beedf4fb2649fb03ecaa73d4542fffe60cbcda9c02f3d4412a186d83fb7e3c0d,Codex (GPT-6),AI_assisted,2026-09-08,false,top100_metadata_v1,https://doi.org/10.1111/padm.12670,7102332636,Oliver James,1,us_explicit,metadata,,,
85096111198,10.1080/15309576.2020.1835679,2021,Public Performance and Management Review,Evidence of an Output Bias in the Judgment of Public Performance: A Replication and Extension,unclear,abstract,,Programme examples without country; name of intervention alone insufficient.,false,ba6632ed2ac6529fcc94bb35eced571130061a60acf674777d3e64d6d39127d8,1446166f2b0d83d44068d6bbbadd75a7297b1ca76510091a07dc3e1dddf8ed24,Codex (GPT-6),AI_assisted,2026-09-08,false,top100_metadata_v1,https://doi.org/10.1080/15309576.2020.1835679,7003787305,Gregg G. Van Ryzin,1,unclear,metadata,,,
85096219826,10.1016/j.enpol.2020.111944,2021,Energy Policy,Does the “NIMBY syndrome” undermine public support for nuclear power in Japan?,non_us,abstract,surveyembedded experiment in Japan,Metadata identifies a non-US population or study setting; no US experimental sample is reported.,false,87abd9a74b60aad96b17727efd9ca7cac3d35a194464dbb343470b3ed2bf414b,27fa28765e125e810b48ea388b6b9a30ca468a525a4cb7c06fdd856105cc1259,Codex (GPT-6),AI_assisted,2026-09-08,false,top100_metadata_v1,https://doi.org/10.1016/j.enpol.2020.111944,57206937457,Azusa Uji,1,non_us,metadata,,,
85096694153,10.1017/S0043887120000192,2021,World Politics,The Power of Compromise,us_inferred,abstract,In the US case,"US presidents and partisan audiences in reported findings, without direct sampling statement.",false,74f87f93495f21df0e7a27efd2b7ccf68c70e6abeaabe4a3ab8a38020bc9ac15,4cd14bbf5945bbc9b3ff85471e1dcb1207642db04692a1bd1af8dc4959b97279,Codex (GPT-6),AI_assisted,2026-09-08,false,top100_metadata_v1,https://doi.org/10.1017/S0043887120000192,56556884300,Ryan Brutger,1,us_inferred,metadata,,,
85096834370,10.1093/esr/jcaa020,2020,European Sociological Review,What signals do employers use when hiring? Evidence from a survey experiment in the apprenticeship market,non_us,abstract,survey experiment in Switzerland,Metadata identifies a non-US population or study setting; no US experimental sample is reported.,false,b5cabf157b4ba57243d4c5605c9cf1b4d0c00fcac7863e7dd2bdbb0f25b693d1,9249351be6e73f6d98704bb991d3d8ec1d394c67da66ba1333aa9662d26ba036,Codex (GPT-6),AI_assisted,2026-09-08,false,top100_metadata_v1,https://doi.org/10.1093/esr/jcaa020,6602698051,Giuliano Bonoli,1,non_us,metadata,,,
85096893189,10.1093/jopart/muaa001,2020,Journal of Public Administration Research and Theory,The Psychological Costs of Citizen Coproduction,non_us,abstract,representative sample of Danish citizens,Metadata identifies a non-US population or study setting; no US experimental sample is reported.,false,f15fdbacc880307a6fd3e0cc21fca63be453c5f6f7476e4952fd5aec987614e4,4a476829710a45bd27ed447d69d00c04fe78f56ba937e87f11d55a5dac4ac40f,Codex (GPT-6),AI_assisted,2026-09-08,false,top100_metadata_v1,https://doi.org/10.1093/jopart/muaa001,56689411500,Mette Kjærgaard Thomsen,1,non_us,metadata,,,
85096943476,10.1111/psq.12687,2021,Presidential Studies Quarterly,"Contemporary Presidency: Going Public in an Era of Social Media: Tweets, Corrections, and Public Opinion",us_inferred,abstract,among Democrats but backfired among Republicans,US presidential tweets and party system.,false,6d5b8f2cfcd20bf317910838742abcc9685ea8d56fd1f36194593e65e8cff64a,c658315330964db473a577d37e5933eacce36d5eef4620f172b01c854085bbfe,Codex (GPT-6),AI_assisted,2026-09-08,false,top100_metadata_v1,https://doi.org/10.1111/psq.12687,12767146800,Douglas L. Kriner,1,us_inferred,metadata,,,
85097264174,10.1177/2378023120977722,2020,Socius,Mapping the Production and Mobilization Functions of Collective Action,unclear,abstract,,University students without country.,false,e86cf02d7672a063cee99ba48be262922754285bb3e523d8786301de05df7103,65e21808490c36857bfa6a743918d42d28269f6eb9f1430be93c91d2e503b5c6,Codex (GPT-6),AI_assisted,2026-09-08,false,top100_metadata_v1,https://doi.org/10.1177/2378023120977722,36775562800,Blaine G. Robbins,1,unclear,metadata,,,
85097381620,10.1016/j.electstud.2020.102246,2021,Electoral Studies,Evaluations of candidates’ non-policy characteristics from issue positions: Evidence of valence spillover,us_inferred,keywords,Congressional elections,Congressional elections keyword and partisan candidate-evaluation experiment suggest a US electorate.,false,29b8e0a8e2efdcbf724c8a9f7a3376b12301c49fe7916a452552314b2dc87936,14922326401c6aa201be7f352f4cb18cd219e7c2aab93e9f22d36f7cb80e8d1b,Codex (GPT-6),AI_assisted,2026-09-08,false,top100_metadata_v1,https://doi.org/10.1016/j.electstud.2020.102246,57217457882,Gregory A. Huber,1,us_inferred,metadata,,,
85099391391,10.1111/1745-9133.12535,2021,Criminology and Public Policy,What does the public want police to do during pandemics? A national experiment,us_explicit,abstract,national sample of 1068 U.S. adults,"Abstract explicitly identifies Americans, US respondents, or a US study setting.",false,3822fac133ff97968b9a2092645a6fc12afda065afd6dbd5c1d31a27801fe22c,23012913e19cd0ddfe62290f795c25278e64797791a822d2f8b8c9d2d0f675b5,Codex (GPT-6),AI_assisted,2026-09-08,false,top100_metadata_v1,https://doi.org/10.1111/1745-9133.12535,38061940400,Justin T. Pickett,1,us_explicit,metadata,,,
85099406266,10.1016/j.enpol.2020.112098,2021,Energy Policy,"U.S. public support for biofuels tax credits: Cost frames, local fuel prices, and the moderating influence of partisanship",us_explicit,abstract,Americans' support for federal tax credits,"Abstract explicitly identifies Americans, US respondents, or a US study setting.",false,51976fe43e4f60f544077b6f586cd25fc3384d27517cbc9398649a0cd314ed63,a42cd046b60305e192fadccc9b7c81d4aa93f056fe6950feebb01c8f27ef7183,Codex (GPT-6),AI_assisted,2026-09-08,false,top100_metadata_v1,https://doi.org/10.1016/j.enpol.2020.112098,12767146800,Douglas L. Kriner,1,us_explicit,metadata,,,
85099962519,10.1017/S0003055420001082,2021,American Political Science Review,Pride amid Prejudice: The Influence of LGBT+ Rights Activism in a Socially Conservative Society,non_us,abstract,"Sarajevo, Bosnia and Herzegovina",Local and national surveys around Pride in Bosnia.,false,b02bf51ec7ccc3b44e98f7d9ce75f4ffd60d356259eae1ab625f68a2b932b957,dbc459c43734a38e5e318d8eb691c36b7d522a6d37b1ea1b8efc598978c8ec56,Codex (GPT-6),AI_assisted,2026-09-08,false,top100_metadata_v1,https://doi.org/10.1017/S0003055420001082,23010864600,Samuel Whitt,1,non_us,metadata,,,
85099984460,10.1017/S0003055420001124,2021,American Political Science Review,When Unfamiliarity Breeds Contempt: How Partisan Selective Exposure Sustains Oppositional Media Hostility,unclear,abstract,,Partisan media without named parties or country.,false,78782ef519391705cac3743cbc8d59e125b1b198b2680a785ed7231ec34cf19f,4f5ad599b158363449bc412212a48c5ccaaa299c8d328b37b2a5b0718bdec6e2,Codex (GPT-6),AI_assisted,2026-09-08,false,top100_metadata_v1,https://doi.org/10.1017/S0003055420001124,55612017400,Erik Peterson,1,unclear,metadata,,,
85100598411,10.1177/0030222821991313,2023,Omega United States,Suicide in China: Community Attitudes and Stigma,non_us,abstract,"In Shanghai, China 186 adults were recruited",Study population or findings explicitly situated outside the US.,false,8e6438c42d5c2a53baaf879b1aa8385bd5f58fd9fb196e49f227662507846ed8,bc7a9bd9fb229d865826ab5f893fe5b22a013f57b99444a1cec92ebd8cdbd688,Codex (GPT-6),AI_assisted,2026-09-08,false,top100_metadata_v1,https://doi.org/10.1177/0030222821991313,14832646600,Robin E. Gearing,1,non_us,metadata,,,
85100751141,10.1177/0022002720987285,2021,Journal of Conflict Resolution,Private Eyes in the Sky: Emerging Technology and the Political Consequences of Eroding Government Secrecy,unclear,abstract,,Available metadata does not locate the experimental sample.,false,98ad001a7148dcb6387347bba7b0eab5dfecc361fedf640e6748570c2a61579a,a0717224494ec352aa6930596d2658d74540716d0643c73588623bf4fc68649f,Codex (GPT-6),AI_assisted,2026-09-08,false,top100_metadata_v1,https://doi.org/10.1177/0022002720987285,23479932300,Erik Lin-Greenberg,1,unclear,metadata,,,
85100970268,10.1080/15377857.2021.1884166,2023,Journal of Political Marketing,Click to Count: The Effects of Nonpartisan Cue Endorsements in Selecting Political Information,us_inferred,abstract,the League of Women Voters,US electoral organization and election-information context; sampling country unstated.,false,37922b84b0ce6ba4f3be61a013e19d73f53f6025dc397381315ec4ab1530171c,48c5e889c67489a23c4249361fb8b5eb2f67fc0c4a082e52e4c4b194739318fd,Codex (GPT-6),AI_assisted,2026-09-08,false,top100_metadata_v1,https://doi.org/10.1080/15377857.2021.1884166,24474160700,Brian R. Calfano,1,us_inferred,metadata,,,
85101015159,10.1177/1065912921990744,2021,Political Research Quarterly,TRENDS: Following the Money? How Donor Information Affects Public Opinion about Initiatives,us_explicit,full_text,"Our analyses use a sample of 1,409 Californians",The experimental treatment and control groups were drawn from a California SSI sample.,false,47cc44d52988a200cf3ad9129f2eab4f5d7659b3df24d9dafbd936065f6ccf32,199451c428ec33080bb96953e0999c39c40653827b491b4b081ccdaf16292920,Codex (GPT-6),AI_assisted,2026-09-09,false,top100_metadata_v1,https://doi.org/10.1177/1065912921990744,25654666600|35233806200,Cheryl Boudreau; Scott A. MacKenzie,2,unclear,full_text,85101015159.pdf,7,956c55b3d94641854de132505143378c1f1f07408d3901e5e43f241fedf0cf53
85101022632,10.1016/j.tele.2021.101582,2021,Telematics and Informatics,Online identities and social influence in social media gambling exposure: A four-country study on young people,us_explicit,abstract,the United States (n = 1212),"Metadata directly identifies a US experimental population, setting, or findings attributed to Americans.",true,a0dda941a23f16e7323c4fd034da3e98b63651946c41c515a9cc0c5ddca95ca6,8d7bc50f535937f2c517281daa08751d1c45524d9c660fcce6bdffb886efedcd,Codex (GPT-6),AI_assisted,2026-09-08,false,top100_metadata_v1,https://doi.org/10.1016/j.tele.2021.101582,42161868700,Atte Oksanen,1,us_explicit,metadata,,,
85101050843,10.1093/fpa/orab001,2021,Foreign Policy Analysis,Voters and Foreign Policy: Evidence from a Conjoint Experiment in Pakistan,non_us,abstract,"1,990 respondents in Pakistan",Metadata identifies a non-US population or study setting; no US experimental sample is reported.,false,884cda739fa60d25c31bdb778bd1c12fcb1d3957a5994e3d1601f4859f3b10e5,af60a6766dbe799ce205e76f9464ddd9bc542aff4c82bcedeed66f31df634ddd,Codex (GPT-6),AI_assisted,2026-09-08,false,top100_metadata_v1,https://doi.org/10.1093/fpa/orab001,57200795890,Niloufer A. Siddiqui,1,non_us,metadata,,,
85101069099,10.17645/mac.v9i1.3519,2021,Media and Communication,"You’re definitely wrong, maybe: Correction style has minimal effect on corrections of misinformation online",us_explicit,full_text,"American national distribution on age, gender, ethnicity",The authors explicitly describe their own sample as quota matched to the American population.,false,b1cc9dc7333cbdb12670ec02e0d5bcf66f847acb51f3bde2cedb794cca244a8a,5899432771ccf6c076fbaf74849cf1d81d72abdb00fe815cfa8f73a936c7a5a6,Codex (GPT-6),AI_assisted,2026-09-09,false,top100_metadata_v1,https://doi.org/10.17645/mac.v9i1.3519,23095594600,David G. Rand,1,unclear,full_text,85101069099.pdf,11,7197e68e93b2250e296104c257fd7a66af42b79e9014cb51e4c25d4467a0ecfc
85101177545,10.1017/S000712342000071X,2022,British Journal of Political Science,Can Elites Escape Blame by Explaining Themselves? Suspicion and the Limits of Elite Explanations,us_inferred,full_text,demographic profile of the US adult population,The sampling discussion identifies the US adult population as the intended comparison and the treatments concern US party elites; residence eligibility is not stated directly.,false,207a25b1f00035c6f72c2deb21df112fe68fb738d121ee651c851f9c6c5f91d7,ce9276e9f5466c4b29d6f91278172f6b90a0dbeecde95ee70ca5a25fc62bcdfc,Codex (GPT-6),AI_assisted,2026-09-09,false,top100_metadata_v1,https://doi.org/10.1017/S000712342000071X,56329786700,Joshua Robison,1,unclear,full_text,85101177545.pdf,5,fc8f7f0792525e4afeefde716b368e58f7c75c55bc3bd3220d5d89964852972f
85101215653,10.1177/1065912921993552,2022,Political Research Quarterly,Varieties of Public Attitudes toward Immigration: Evidence from Survey Experiments in Japan,non_us,abstract,Our original surveys conducted in Japan,Study population or findings explicitly situated outside the US.,false,f8909b7a8d4f7f9d4e094f92b9701ed6a85b90e70234be28d056877c3199e39b,a8f99eb75d51b625b64298adc9139b6a16293d7bb975c718ebb22a9320233bb1,Codex (GPT-6),AI_assisted,2026-09-08,false,top100_metadata_v1,https://doi.org/10.1177/1065912921993552,57205672554,Seiki Tanaka,1,non_us,metadata,,,
85101368479,10.1016/j.electstud.2021.102313,2021,Electoral Studies,Support for electoral system reform among voters and politicians: Studying information effects through survey experiments,non_us,abstract,Norwegian parliamentary electoral system,Non-US study population or setting identified in the full abstract; no US experimental sample reported.,false,70688252dad55af8b127273310f953225bc49078b1a595c8fae548854a5ded0b,49012fe9393d689f6ae756535f86e3a997a38f89411caf9ab368484a95a979fc,Codex (GPT-6),AI_assisted,2026-09-08,false,top100_metadata_v1,https://doi.org/10.1016/j.electstud.2021.102313,50861069700,Sveinung Arnesen,1,non_us,metadata,,,
85101463174,10.1093/poq/nfaa023,2020,Public Opinion Quarterly,Do voters respond to relative economic performance? Evidence from survey experiments,non_us,abstract,"fielded in the United Kingdom and in Istanbul, Turkey",Study population or findings explicitly situated outside the US.,false,6b0618da07bce7baffdcad85b05a389161739d786c874afc4eb2c6fb31275bb0,daeda4f8fcbd52acae40cec3941d4f2bf58b317a149c51e9c550c11984960aa7,Codex (GPT-6),AI_assisted,2026-09-08,false,top100_metadata_v1,https://doi.org/10.1093/poq/nfaa023,56448439600,Selim Erdem Aytaç,1,non_us,metadata,,,
85101803291,10.1111/pops.12737,2022,Political Psychology,Candidate Aggression and Gendered Voter Evaluations,unclear,abstract,,Candidate aggression without country-specific context.,false,b0c1f0bc0042192db7f5f22f9b4bb65024bc6b33d3411f4be7776a7bab10207a,898e04a353347a8f5b51c92f889c11429c881eae70a0858b550bff289857e2e4,Codex (GPT-6),AI_assisted,2026-09-08,false,top100_metadata_v1,https://doi.org/10.1111/pops.12737,54881904100,Nichole M. Bauer,1,unclear,metadata,,,
85101865548,10.1080/10967494.2021.1878314,2021,International Public Management Journal,"Testing Hirschman’s exit, voice, and loyalty model: citizen and provider responses to decline in public health services",non_us,abstract,publicly funded doctors’ services in the UK,Metadata identifies a non-US population or study setting; no US experimental sample is reported.,false,dc1b93f221a22ccbe7df32f3f7aefd6b20a747d0911068b59a396f2076e89ef8,f19509676f5052caf99d39d8c2fcd8acc04dd453822b98657caba98870bbc8b4,Codex (GPT-6),AI_assisted,2026-09-08,false,top100_metadata_v1,https://doi.org/10.1080/10967494.2021.1878314,7102332636,Oliver James,1,non_us,metadata,,,
85101964602,10.1016/j.electstud.2021.102315,2021,Electoral Studies,The inconsequence of negative statehouse evaluations on ballot measures: Evidence from survey experiments,us_inferred,abstract,American political cynicism,"Statehouse endorsements, legislative referrals and the explicitly American political context support a US sample inference.",false,57e949bcab27294239eba4240783f9b2d72b9f33e312092e33313bf31ac9e7c5,305dcf3b2b50c36a4be04336601137b2e5b5a0e5c2f397b431209f51ab972bf4,Codex (GPT-6),AI_assisted,2026-09-09,false,top100_2010_metadata_v1,https://doi.org/10.1016/j.electstud.2021.102315,55461249300,Craig M. Burnett,1,us_inferred,metadata,,,
85102071850,10.1016/j.worlddev.2021.105452,2021,World Development,Preferences for traditional and formal sector justice institutions to address land disputes in rural Mali,non_us,abstract,sample of rural Malians,Study population or findings explicitly situated outside the US.,false,a75de8245326a6255e42554c52669d484f322f51257c08c71ec0a55ba3880cfb,b3d252c89e802f81883557b22a0d86ade2e9b7be29ebaad5545f59cdced5916a,Codex (GPT-6),AI_assisted,2026-09-08,false,top100_metadata_v1,https://doi.org/10.1016/j.worlddev.2021.105452,35861891200,Matthew S. Winters,1,non_us,metadata,,,
85102185208,10.1111/pops.12734,2021,Political Psychology,Learning Facts About Migration: Politically Motivated Learning of Polarizing Information About Refugees,non_us,keywords,Germany,Germany keyword locates the refugee-attitude study context; no US sample identified.,false,8de249730b3d672c2d39a1803df64d73507f42e872e0817ab80dd598851d1e37,9ff49a80ce73ce1b4ac056eb3aa88bdd0353a92bdcc1b9df5e27e35ca8f109ae,Codex (GPT-6),AI_assisted,2026-09-08,false,top100_metadata_v1,https://doi.org/10.1111/pops.12734,37065230200,Markus Wagner,1,non_us,metadata,,,
85102991968,10.1007/s11109-021-09688-9,2023,Political Behavior,When are Explicit Racial Appeals Accepted? Examining the Role of Racial Status Threat,us_inferred,abstract,racial appeal disparaging African Americans,White respondents evaluating anti-African-American electoral appeals suggest US sampling.,false,44738e4cc6d34e27ee3dc6d5dbe6e1bef4e9affc22583cc72e0e72821b035ea6,ac99a344f1eb5d0033b789da505e6a2ac89c284c7d0e3b1457bddf493a44cbdd,Codex (GPT-6),AI_assisted,2026-09-08,false,top100_metadata_v1,https://doi.org/10.1007/s11109-021-09688-9,55175754800,Leah Christiani,1,us_inferred,metadata,,,
85103049149,10.1038/s41586-021-03344-2,2021,Nature,Shifting attention to accuracy can reduce misinformation online,us_explicit,full_text,Americans recruited from MTurk,The accuracy-prompt experiments explicitly recruited Americans.,false,00adeba6c5d0bf772395fcc445a99655e5a71117a9ad5750d2d3a562ebc5e893,14df7f24596c3e29ab6284b3ba39825bf52b29da3e97f8f0274b633a12a90b8b,Codex (GPT-6),AI_assisted,2026-09-09,false,top100_metadata_v1,https://doi.org/10.1038/s41586-021-03344-2,23095594600,David G. Rand,1,unclear,full_text,85103049149.pdf,7,e41d48620e853b6211e46d6d015e111842381616bab0d956e2f7fe5e6f266e85
85103173621,10.1093/jopart/muaa033,2021,Journal of Public Administration Research and Theory,"Why Do Policymakers Support Administrative Burdens? The Roles of Deservingness, Political Ideology, and Personal Experience",non_us,abstract,Danish local politicians,Study population or findings explicitly situated outside the US.,false,49f816c373c3269d7ddfbeaa1eeff48ac4f759e521f6b16d360b501cb33e4574,627439b7a520411c0b91d153bb364c546bfa82e86b9c2398931022c211be6a92,Codex (GPT-6),AI_assisted,2026-09-08,false,top100_metadata_v1,https://doi.org/10.1093/jopart/muaa033,35309171200|56689411500,Martin Bækgaard; Mette Kjærgaard Thomsen,2,non_us,metadata,,,
85103382393,10.1080/03050629.2021.1898955,2021,International Interactions,Commanding Support: Values and Interests in the Rhetoric of Alliance Politics,us_explicit,abstract,survey experiments fielded in the United States,"Abstract explicitly identifies Americans, US respondents, or a US study setting.",false,39324692bb337067788eb50fcac4b1ba5d6b0dcbb06fef351c8b0920465be032,ad6540beec31c535b9f9ae40773f6ddabea20b779fca2747946e00a0b5d88823,Codex (GPT-6),AI_assisted,2026-09-08,false,top100_metadata_v1,https://doi.org/10.1080/03050629.2021.1898955,57203528227,Jonathan A. Chu,1,us_explicit,metadata,,,
85103645348,10.1016/j.gloenvcha.2021.102266,2021,Global Environmental Change,The role and limits of strategic framing for promoting sustainable consumption and policy,us_explicit,abstract,"survey respondents from China, Germany, and the United States",Multiple countries including US.,true,8fcb533fced1748f5468607552e0cf5b8b2e205544365249db70af3c7b1d4c3e,4e24272f104fba781fd0810a644bf468c9ed223305b52eb2e8b50a4b81b12ce3,Codex (GPT-6),AI_assisted,2026-09-08,false,top100_metadata_v1,https://doi.org/10.1016/j.gloenvcha.2021.102266,6602110388,Thomas Bernauer,1,us_explicit,metadata,,,
85103905289,10.1177/07311214211005493,2021,Sociological Perspectives,Testing an Integrated Theory: Distancing Norms in the Early Months of Covid-19,us_inferred,full_text,in late April 2020 in the United States,The study locates its empirical test in the United States; the vignettes reference participants’ state governors and US party groups. Prolific alone is not the basis for inference.,false,0757ed0d8fb88710870222c5c0d2e3e2b6037f5b825e3db0b0d810d86b4f975e,69c7a0ecd742b35b833e41a140054c913a5678a494020035a6aba97361b849f2,Codex (GPT-6),AI_assisted,2026-09-09,false,top100_metadata_v1,https://doi.org/10.1177/07311214211005493,7102611306,Christine Horne,1,unclear,full_text,85103905289.pdf,4,e15cdda6f3822853abb7dbf30939b1fa69581620f872d3111367f907efcd7721
85104056574,10.1016/j.gloenvcha.2021.102226,2021,Global Environmental Change,Citizen preferences on private-public co-regulation in environmental governance: Evidence from Switzerland,non_us,abstract,Survey experiments in Switzerland,Study population or findings explicitly situated outside the US.,false,22b75452a1fca567ce5418c4e397bc9f4684ea053ad4288232fc55dac0389b1d,fbcf96e942d3561a13ce59ba432a4025d326422ff38d6a20a425d217a2d55eee,Codex (GPT-6),AI_assisted,2026-09-08,false,top100_metadata_v1,https://doi.org/10.1016/j.gloenvcha.2021.102226,6602110388,Thomas Bernauer,1,non_us,metadata,,,
85104593177,10.1371/journal.pone.0249315,2021,Plos One,"Willingness to help climate migrants: A survey experiment in the Korail slum of Dhaka, Bangladesh",non_us,abstract,Dhaka slum-dwellers,Bangladesh.,false,ca54ecb402c0b1259c0e367acffb447f01e65f886dec0789c346dd85a514abfc,edf4933940dc0d44e99b319a82d09e9de329c15258deb86b6fa2bd3e5e31971a,Codex (GPT-6),AI_assisted,2026-09-08,false,top100_metadata_v1,https://doi.org/10.1371/journal.pone.0249315,7202316609,Aseem Prakash,1,non_us,metadata,,,
85104712462,10.1080/03050629.2021.1898957,2021,International Interactions,The (still) mysterious case of agricultural protectionism,us_explicit,abstract,two countries: Switzerland and the United States,"Abstract explicitly identifies Americans, US respondents, or a US study setting.",true,8d2098afbee6c214533a05ff2a77d44f389a833532bc9f9f4e24fa0d7fe23305,74ee5bc729d0e9d4abba17861025321850b8607d0ff372a4890cd881165cf954,Codex (GPT-6),AI_assisted,2026-09-08,false,top100_metadata_v1,https://doi.org/10.1080/03050629.2021.1898957,6602110388,Thomas Bernauer,1,us_explicit,metadata,,,
85104756695,10.1080/14719037.2021.1906934,2022,Public Management Review,"Representation, reputation and expectations towards bureaucracy: experimental findings from a favela in Brazil",non_us,abstract,survey experiment in a Brazilian favela,Study population or findings explicitly situated outside the US.,false,5888b2b5c7fa8508e6d2b4b5840af7be98f82003bcaf8ed681b7dfe453712655,ce9127769356ecf6609d20c5158fc8eb85490870e78d37348127a8b79a75ccbe,Codex (GPT-6),AI_assisted,2026-09-08,false,top100_metadata_v1,https://doi.org/10.1080/14719037.2021.1906934,7003787305,Gregg G. Van Ryzin,1,non_us,metadata,,,
85106176160,10.1017/S0143814X21000039,2022,Journal of Public Policy,Pass the buck or the buck stops here? The public costs of claiming and deflecting blame in managing crises,unclear,abstract,,Available metadata does not locate the experimental sample.,false,d6af4dcbd3b0e4155a4d18c99e918c0b322c71c71bdca1cf6f08d0d7f4ed30d5,71b57ca12c66026d180d722ae28691b5a2396788caf743ae35b8e4636dacee41,Codex (GPT-6),AI_assisted,2026-09-08,false,top100_metadata_v1,https://doi.org/10.1017/S0143814X21000039,55494876700,David R. Miller,1,unclear,metadata,,,
85106197207,10.1086/714215,2021,American Journal of Sociology,"Ancestry, color, or culture? How whites racially classify others in the U.S.",us_inferred,title,How whites racially classify others in the U.S.,Title explicitly locates racial classification in the US; respondent location is inferred from this study setting.,false,65cf211d1d6a1c85b8685ebf82661ce289f0bbc77c9298fde792521304d25442,5ce8ac5ef3626327ee37a36015fd86b65c0470ebc8821e108c7cc484e6a13b82,Codex (GPT-6),AI_assisted,2026-09-08,false,top100_metadata_v1,https://doi.org/10.1086/714215,49861923700,Ariela Schachter,1,us_inferred,metadata,,,
85106419798,10.1093/fpa/orab009,2021,Foreign Policy Analysis,"Soldiers, pollsters, and international crises: Public opinion and the military's advice on the use of force",us_explicit,abstract,survey experiment fielded on US military officers,"Metadata directly identifies a US experimental population, setting, or findings attributed to Americans.",false,12a5efa92c37e13fea3a4c968f44d6931e3ebf8b3b6eb45749d032806314a01b,5518dd8d7aa7335e03cf4bd62725b0ed6ddb89bf6788072e8f0e8d127963f0d4,Codex (GPT-6),AI_assisted,2026-09-08,false,top100_metadata_v1,https://doi.org/10.1093/fpa/orab009,23479932300,Erik Lin-Greenberg,1,us_explicit,metadata,,,
85106697357,10.1017/XPS.2021.18,2023,Journal of Experimental Political Science,The Effects of Unsubstantiated Claims of Voter Fraud on Confidence in Elections,us_inferred,abstract,2020 US presidential election,Nationwide post-midterm survey with Republican and Trump-supporter results.,false,643e053817c6680033d4b1ea35af02ee1e7e061bbbaf7ccd1e860a2e4a916dc3,942869b370ee90ba8016c62a8314cb29efeee08647a0615e5dff5da83d865489,Codex (GPT-6),AI_assisted,2026-09-08,false,top100_metadata_v1,https://doi.org/10.1017/XPS.2021.18,14034772300,Jason Reifler,1,us_inferred,metadata,,,
85106950513,10.1177/20531680211014980,2021,Research and Politics,The limited effects of partisan and consensus messaging in correcting science misperceptions,unclear,abstract,,Available metadata does not locate the experimental sample.,false,a7a23362620af583a4ddd76435052cd001b22bba1e8d34b9e3a9be09f80ca8d7,27ea49b14442df5ad444c5604ccdb68c49a8083f51df753ee9fa57854a344a63,Codex (GPT-6),AI_assisted,2026-09-08,false,top100_metadata_v1,https://doi.org/10.1177/20531680211014980,35759060800,Brendan Nyhan,1,unclear,metadata,,,
85107306214,10.1017/pan.2020.34,2021,Political Analysis,Publication Biases in Replication Studies,us_explicit,abstract,institutions in the United States,"Metadata directly identifies a US experimental population, setting, or findings attributed to Americans.",false,d5d7d255882e24c5574afcc71dd61bd3f4b36e51d6bee5998c512aee837baab9,b85feba6f61ddb136d87fb9c3772915adce6972b212a30f639c2b2e629374f9b,Codex (GPT-6),AI_assisted,2026-09-08,false,top100_metadata_v1,https://doi.org/10.1017/pan.2020.34,36159270600,Teppei Yamamoto,1,us_explicit,metadata,,,
85107869445,10.1017/S0043887121000083,2021,World Politics,The Impact of Political Apologies on Public Opinion,us_explicit,abstract,survey experiments in Japan and the United States,"Abstract explicitly identifies Americans, US respondents, or a US study setting.",true,d330f1628bb36ef5207296c74d4b3f3d105afa301c1ab7e578e6ec0d9b2a11aa,38f25c197755b38dcbbb270077faebeadc25e3152f9bf098e4de7b383ab80882,Codex (GPT-6),AI_assisted,2026-09-08,false,top100_metadata_v1,https://doi.org/10.1017/S0043887121000083,57203528227,Jonathan A. Chu,1,us_explicit,metadata,,,
85108140441,10.1017/psrm.2021.24,2022,Political Science Research and Methods,Are voters' views about proportional outcomes shaped by partisan preferences? A survey experiment in the context of a real election,non_us,abstract,2019 Canadian federal election campaign,Metadata identifies a non-US population or study setting; no US experimental sample is reported.,false,894253c553a07fd563705d65868f0397ad221395c4240619d5040bc7005558b5,b02e7ef84d2f81429ba6057991392546ee9a5dad26edf33bccb382829d708662,Codex (GPT-6),AI_assisted,2026-09-08,false,top100_metadata_v1,https://doi.org/10.1017/psrm.2021.24,7006126634,André Blais,1,non_us,metadata,,,
85108557459,10.1093/isq/sqab022,2021,International Studies Quarterly,Public Tolerance of Retributive Violence against Insurgencies,non_us,abstract,ordinary civilians in Mosul,Iraqi civilians and displaced ISIS-affiliated families.,false,3add677bdf39a7b8822f0aa5fb549daf1d6f4d4ce1c9abfeed39c36aababb949,7edfb06772bba44dba6a2b21d94b0bf901afbf4067dbba1b8b1823ec9694035c,Codex (GPT-6),AI_assisted,2026-09-08,false,top100_metadata_v1,https://doi.org/10.1093/isq/sqab022,23010864600,Samuel Whitt,1,non_us,metadata,,,
85109104338,10.1007/s10584-021-03137-6,2021,Climatic Change,Understanding public support for domestic contributions to global collective goods: Results from a survey experiment on carbon taxation in Japan,non_us,title,survey experiment on carbon taxation in Japan,Metadata identifies a non-US population or study setting; no US experimental sample is reported.,false,e1abfea4b4bbb5c712d6962efd5f13478f94563f4bf5c26e7bc970f736d7595c,119f0e4973fec79c63ec7dc88215927548df7014f83836eabce1f06fe49945d1,Codex (GPT-6),AI_assisted,2026-09-08,false,top100_metadata_v1,https://doi.org/10.1007/s10584-021-03137-6,57203434746|57206937457,Liam F. Beiser-McGrath; Azusa Uji,2,non_us,metadata,,,
85109276344,10.1017/S0003055421000587,2021,American Political Science Review,Effectiveness of Incumbent's Strategic Communication during Economic Crisis under Electoral Authoritarianism: Evidence from Turkey,non_us,abstract,recent economic crisis in Turkey,Population-based experiment in Turkish electoral setting.,false,282f33955d8a8c58f2e428e0a43a72f7d6919616755a841ab8f1ae2f4a717dc9,1d86e74948ec5d67886b0863fe3a92f1983010a6511cdf2bbb3476f8015f0b5e,Codex (GPT-6),AI_assisted,2026-09-08,false,top100_metadata_v1,https://doi.org/10.1017/S0003055421000587,56448439600,Selim Erdem Aytaç,1,non_us,metadata,,,
85109308295,10.1177/10659129211027658,2022,Political Research Quarterly,"Technology Threats to Employment, Issues, and Candidate and Party Preferences in the United States",us_inferred,abstract,In the United States which we examine here,US jobs and partisan electoral context; sampling location unstated.,false,1e01b8829cffb24683c8d5a5d6fa95bb1f5517037c78ee12169037b10619a268,30b476ea4fdf955be309720e5bbe746d1f9ec9e7a454176c057ea4578de223d8,Codex (GPT-6),AI_assisted,2026-09-08,false,top100_metadata_v1,https://doi.org/10.1177/10659129211027658,55603014300,Tobias Heinrich,1,us_inferred,metadata,,,
85109571277,10.1016/j.socscimed.2021.114115,2021,Social Science and Medicine,"Vaccine hesitancy, state bias, and Covid-19: Evidence from a survey experiment using Phase-3 results announcement by BioNTech and Pfizer",us_explicit,abstract,survey experiment in Germany and the United States,"Abstract explicitly identifies Americans, US respondents, or a US study setting.",true,529c89e3a3b135344306f805794a25c9468053ab33cc9f3064e3a9280ce909c2,797a330fd14d9e163c2897418c936fe601ceee5a528b7d39af26bb64e49bcbf4,Codex (GPT-6),AI_assisted,2026-09-08,false,top100_metadata_v1,https://doi.org/10.1016/j.socscimed.2021.114115,55603014300,Tobias Heinrich,1,us_explicit,metadata,,,
85110788543,10.1080/10967494.2021.1948468,2022,International Public Management Journal,Defending your public kin: public sector identification and street-level bureaucrats’ perceptions of performance,unclear,abstract,,Public high-school teachers without country.,false,2d7e1ad804b184352cb4cbf5d5a9729abf538c9d00eb1c8e61735bc35fc77fa9,cde271900fa12296b0facfaa2c7a1488aafd06052af5c2c74fad04b664b10168,Codex (GPT-6),AI_assisted,2026-09-08,false,top100_metadata_v1,https://doi.org/10.1080/10967494.2021.1948468,57203170141,Niels Bjørn Grund Petersen,1,unclear,metadata,,,
85110876599,10.1080/17457289.2021.1952209,2024,Journal of Elections Public Opinion and Parties,"Political predispositions, not popularity: people’s propensity to interact with political content on Facebook",non_us,abstract,survey deployed in Denmark,Study population or findings explicitly situated outside the US.,false,2252d4ac76ab858717185d0b33c7472fa2e559baeeda9c1b8dcca44608ce72ee,c27f2a496288d9bac5c4f6701a4c9014ca5e5db13ad918e8e283c942d44fe9ee,Codex (GPT-6),AI_assisted,2026-09-08,false,top100_metadata_v1,https://doi.org/10.1080/17457289.2021.1952209,25224644900,Rasmus Tue Pedersen,1,non_us,metadata,,,
85111099207,10.1177/00104140211024284,2022,Comparative Political Studies,"Parliament, People or Technocrats? Explaining Mass Public Preferences on Delegation of Policymaking Authority",non_us,abstract,"survey experiments in Germany, Switzerland and the United Kingdom",Metadata identifies a non-US population or study setting; no US experimental sample is reported.,false,80483a6c02f75d38bda350981e00296667fad7965d6fad46bcc2871ce1842f46,1fdbe837a5db1aa4457b697763a99f031511fd87a081fcaf4cae1a21f164305c,Codex (GPT-6),AI_assisted,2026-09-08,false,top100_metadata_v1,https://doi.org/10.1177/00104140211024284,57203434746,Liam F. Beiser-McGrath,1,non_us,metadata,,,
85111715301,10.1016/j.socscimed.2021.114238,2021,Social Science and Medicine,Public attitudes toward pandemic triage: Evidence from conjoint survey experiments in Switzerland,non_us,abstract,survey experiments conducted in Switzerland,Metadata identifies a non-US population or study setting; no US experimental sample is reported.,false,f41ce38fd8ffc628e6656bd8b1fa47cf16ba0b42f02b67fa132cb2a028dfe7b1,d036d533dacb99659a8990da1ab9a2e2c99145c38f7055aad4b671d9a6b79be6,Codex (GPT-6),AI_assisted,2026-09-08,false,top100_metadata_v1,https://doi.org/10.1016/j.socscimed.2021.114238,6602698051,Giuliano Bonoli,1,non_us,metadata,,,
85111820523,10.1177/2378023119836330,2019,Socius,Do Green Behaviors Earn Social Status?,us_inferred,abstract,politically polarized views on environmentalism in the United States,US political-consumer context frames vignette experiment.,false,5c7f4a6b58e3248a07537eea3751f931d47de7e6639ac8a85363f2006cc4a3ac,fc2bfba3690b2a60584cc6b4334733445aee882b39a081933ab10f54c52bf3c2,Codex (GPT-6),AI_assisted,2026-09-08,false,top100_metadata_v1,https://doi.org/10.1177/2378023119836330,7102611306,Christine Horne,1,us_inferred,metadata,,,
85111834004,10.1080/23251042.2021.1958545,2022,Environmental Sociology,Understanding the rebound: normative evaluations of energy use in the United States,us_explicit,abstract,experiment with United States (US) residents,"Abstract explicitly identifies Americans, US respondents, or a US study setting.",false,eb942a0b0ad9806e8a39735d6ff72269785f5c52489e399f894c57aafe0db0ae,24fed7cc9f21105984cd4dba7ef3f1955b639f528aafe337d94f6d3a602c9791,Codex (GPT-6),AI_assisted,2026-09-08,false,top100_metadata_v1,https://doi.org/10.1080/23251042.2021.1958545,7102611306,Christine Horne,1,us_explicit,metadata,,,
85111979067,10.1073/pnas.2106559118,2021,Proceedings of the National Academy of Sciences of the United States of America,Elite party cues increase vaccination intentions among Republicans,us_inferred,abstract,self-identified Republicans,Biden/Trump vaccination appeals to Republicans in US context.,false,1264e4067e0088aa5d22d02e0a9acdef4acbbd3d014f7b3f45ffc0a326d642a9,f555508058d9692f1b0cabe0d0b4f12f306f16b0451bbbb34e0bd64b387f4a23,Codex (GPT-6),AI_assisted,2026-09-08,false,top100_metadata_v1,https://doi.org/10.1073/pnas.2106559118,16305967100,Robb Willer,1,us_inferred,metadata,,,
85112265805,10.1007/s11109-021-09742-6,2023,Political Behavior,Do Voters Trust Deliberative Minipublics? Examining the Origins and Impact of Legitimacy Perceptions for the Citizens’ Initiative Review,us_explicit,abstract,minipublics in three US states,"Metadata directly identifies a US experimental population, setting, or findings attributed to Americans.",false,4d258165eb20c862c1d43e379ba5f337be3abf2b545e9e944ac639371c9ce9ce,cceb21b9996ec4a4449b5f690eb2a30ec933b402479ee237c40cee5c981abb8a,Codex (GPT-6),AI_assisted,2026-09-08,false,top100_metadata_v1,https://doi.org/10.1007/s11109-021-09742-6,6601956224,John Gastil,1,us_explicit,metadata,,,
85112316568,10.1111/puar.13412,2021,Public Administration Review,The Perceived Fairness of Active Representation: Evidence From a Survey Experiment,us_explicit,abstract,online sample of U.S. adults,"Abstract explicitly identifies Americans, US respondents, or a US study setting.",false,98b9cd74b6ecc416dbb8a99a63d9346c00dd094a4107f0c5f495aa57f34f0b52,724484d925050109d6442a177b7880e6a21702ea87bc4b78407e6894310865a4,Codex (GPT-6),AI_assisted,2026-09-08,false,top100_metadata_v1,https://doi.org/10.1111/puar.13412,7003787305,Gregg G. Van Ryzin,1,us_explicit,metadata,,,
85112464435,10.1162/glep_a_00607,2021,Global Environmental Politics,Environmental impacts and public opinion about international trade: Experimental evidence from six oecd countries,us_explicit,full_text,"Switzerland, and the United States",The experimental samples cover six countries including the United States.,true,10aebb9eb9761ced6913199babd350500dbb179bfbd49c96a92a39ba8b39e74c,5a4b2a336b61fa61e2354b2f3cf05d67bc7ca2ea8c693d5cfa1996ab2b599f71,Codex (GPT-6),AI_assisted,2026-09-09,false,top100_metadata_v1,https://doi.org/10.1162/glep_a_00607,6602110388,Thomas Bernauer,1,unclear,full_text,85112464435.pdf,3,e7f8d78ddb3c89cabbf667a6c687f40b6abf63f766654f21386c9bf4e0aa53d7
85113190278,10.1007/s11205-021-02774-9,2022,Social Indicators Research,A Recast Framework for Welfare Deservingness Perceptions,us_explicit,abstract,Germany and the United States in 2019,"Metadata directly identifies a US experimental population, setting, or findings attributed to Americans.",true,6950bfeae78504218a3e4a60dbe1ea04bcaf0db42e265745b74275619349b713,c72601838eb2490d1038f7f95275eddd849a002b595d2792973be18185d9c8c3,Codex (GPT-6),AI_assisted,2026-09-08,false,top100_metadata_v1,https://doi.org/10.1007/s11205-021-02774-9,6602698051,Giuliano Bonoli,1,us_explicit,metadata,,,
85113622220,10.1080/1369183X.2021.1971959,2023,Journal of Ethnic and Migration Studies,How does marriage demand stimulate support for immigration in Asia?,non_us,abstract,"3,000 adults in China",Metadata identifies a non-US population or study setting; no US experimental sample is reported.,false,2cf2eb619c7e2e159c7a62d74712e4d0a716a9ec1d3a2ecab18f4223dea50e53,847934cbf2dfbfa101c2564482c80a3444c0ca864901dd74e382440bf6b73d48,Codex (GPT-6),AI_assisted,2026-09-08,false,top100_metadata_v1,https://doi.org/10.1080/1369183X.2021.1971959,57226745341,Li Shao,1,non_us,metadata,,,
85113720597,10.1086/715073,2021,Journal of Politics,Evade and deceive? Citizen responses to surveillance,non_us,abstract,online survey experiment conducted in Japan,Metadata identifies a non-US population or study setting; no US experimental sample is reported.,false,50fd9e7e4c74e0571d71497fdac92d72ac31e14ade584d6e62c41d15daecf864,2e2a1256f0087953bfe424ef7f379a149a991379106222392308ea9d86cabc91,Codex (GPT-6),AI_assisted,2026-09-08,false,top100_metadata_v1,https://doi.org/10.1086/715073,55917294300,Atsushi Tago,1,non_us,metadata,,,
85113817293,10.1111/imig.12916,2022,International Migration,The effects of negative and positive information on attitudes towards immigration,unclear,abstract,,Immigration experiment without country-specific sampling information.,false,990724d938c17e30d7cbe09a65bfeaf926d7bcce0494f119df36bd029f32efb3,27ba09e90916e163c0ca5b54a074c9a6da0f49fbd9f466a638c4840cf6165821,Codex (GPT-6),AI_assisted,2026-09-08,false,top100_metadata_v1,https://doi.org/10.1111/imig.12916,55091186500,Yoshikuni Ono,1,unclear,metadata,,,
85114350257,10.1016/j.vaccine.2021.08.047,2021,Vaccine,Evaluating the effects of vaccine messaging on immunization intentions and behavior: Evidence from two randomized controlled trials in Vermont,us_explicit,abstract,sample of parents in Vermont,"Metadata directly identifies a US experimental population, setting, or findings attributed to Americans.",false,803948b5260bca46796ed6c32660a4ddf6dcd064e7a95dceef5f2abc8e7e7afc,e5654143b60534a0b8ad6e77384b9382ce7410bded161259a89ecb1c3293ca7a,Codex (GPT-6),AI_assisted,2026-09-08,false,top100_metadata_v1,https://doi.org/10.1016/j.vaccine.2021.08.047,35759060800,Brendan Nyhan,1,us_explicit,metadata,,,
85114860836,10.1177/10776990211042595,2022,Journalism and Mass Communication Quarterly,Look Who’s Writing: How Gender Affects News Credibility and Perceptions of News Relevance,unclear,abstract,three survey experiments,Reporter gender and news credibility do not identify participant country.,false,695c7967be6d0db765eee74d8b94c493e645a6eba79183cf35497a19905256da,059769bd493cac388f8a9e608b3c5a9df816fa64b1b866eda358c91f980242c7,Codex (GPT-6),AI_assisted,2026-09-09,false,top100_2010_metadata_v1,https://doi.org/10.1177/10776990211042595,57203655130,Kathleen Searles,1,unclear,metadata,,,
85115188399,10.1017/pan.2021.30,2022,Political Analysis,Does Conjoint Analysis Mitigate Social Desirability Bias?,us_inferred,abstract,preferences about congressional candidates,Congressional candidate experiment suggests US electoral context; second study's country unstated.,false,de83b59ad78a5a4614baf037eef0c7710ce27f386b090da518fdf572fdcab2dc,b08a78168b4af502b69341c6dc7c627732fbea7cd5d4b9b988d9812864983798,Codex (GPT-6),AI_assisted,2026-09-08,false,top100_metadata_v1,https://doi.org/10.1017/pan.2021.30,24168107200|36159270600,Yusaku Horiuchi; Teppei Yamamoto,2,us_inferred,metadata,,,
85115789865,10.1007/s11109-021-09751-5,2023,Political Behavior,"Do Public Consultations Reduce Blame Attribution? The Impact of Consultation Characteristics, Gender, and Gender Attitudes",us_explicit,abstract,nationally representative samples of US respondents,"Metadata directly identifies a US experimental population, setting, or findings attributed to Americans.",false,e4c9214d5039972a94768249431308d661fea1d64a1d2fa2160b1f15db8e3975,24b402d881c7ec2195ca4d594d415ffe493398f706d34082e8ba8bc98f63e428,Codex (GPT-6),AI_assisted,2026-09-08,false,top100_metadata_v1,https://doi.org/10.1007/s11109-021-09751-5,56534303500,Anthony Kevins,1,us_explicit,metadata,,,
85115941650,10.1016/j.electstud.2021.102393,2021,Electoral Studies,An experimental investigation of voter myopia in economic evaluations,non_us,abstract,population-based survey experiment from Turkey,Study population or findings explicitly situated outside the US.,false,37e0ac69e7ede85ecab4651b21faecdf3357716bebd5fe7625a0f9d63fb5acfd,57da8399c0a8e5793ae3699597afbbd9675f1f00747dbeb8ceec91c4010f9848,Codex (GPT-6),AI_assisted,2026-09-08,false,top100_metadata_v1,https://doi.org/10.1016/j.electstud.2021.102393,56448439600,Selim Erdem Aytaç,1,non_us,metadata,,,
85116162897,10.1017/S0020818321000394,2022,International Organization,The Effects of Naming and Shaming on Public Support for Compliance with International Agreements: An Experimental Analysis of the Paris Agreement,us_explicit,abstract,national samples in the United States,"Metadata directly identifies a US experimental population, setting, or findings attributed to Americans.",false,c9ee785d13a9df85438557d45346fbacc25fc1e488b05924d0b445575c1230fc,e3afde5103cc9f22360bc3a54c427acbc0c52ac0130a45c363b540784f90311c,Codex (GPT-6),AI_assisted,2026-09-08,false,top100_metadata_v1,https://doi.org/10.1017/S0020818321000394,6505910383,Michael Tomz,1,us_explicit,metadata,,,
85116875533,10.1016/j.econedurev.2021.102176,2021,Economics of Education Review,Bias in education disability accommodations,us_explicit,abstract,staff who work in disability services at U.S. colleges,"Abstract explicitly identifies Americans, US respondents, or a US study setting.",false,a88b9601ed5bcd861e26991192f84835ce477517d1af6f46930cd384b86e5e19,1fd398c84df96b7a810e492163dae99f39ebf90629eb344dfa9bc2566c556029,Codex (GPT-6),AI_assisted,2026-09-08,false,top100_metadata_v1,https://doi.org/10.1016/j.econedurev.2021.102176,6603696960,James N. Druckman,1,us_explicit,metadata,,,
85117389176,10.1016/j.ssresearch.2021.102668,2022,Social Science Research,Demand-side consequences of unemployment and horizontal skill mismatches across national contexts: An employer-based factorial survey experiment,non_us,abstract,employer survey experiment in Switzerland and Greece,Metadata identifies a non-US population or study setting; no US experimental sample is reported.,false,108ae23dbe38d3227464da3ad7a62aef2e24914677aa3983d6ad2dd8bcd6ce42,599a7072cc64cf578c9e40d34aba04f4528c329d569092b66161ff10d1255062,Codex (GPT-6),AI_assisted,2026-09-08,false,top100_metadata_v1,https://doi.org/10.1016/j.ssresearch.2021.102668,57264879500,Senhu Wang,1,non_us,metadata,,,
85117594438,10.1057/s41311-021-00354-9,2022,International Politics,Finding the water’s edge: when negative partisanship influences foreign policy attitudes,us_inferred,abstract,US presidents have historically rallied public support,US presidential election and intervention-support context suggests US respondents.,false,bbfe180ab28be916085e40470e11236cf9e5128dda7dfbdca89145c259b71eff,dbbff2f65657a188437869b68d2a1034ff795b55556b352a2265aa26e63c4f4e,Codex (GPT-6),AI_assisted,2026-09-08,false,top100_metadata_v1,https://doi.org/10.1057/s41311-021-00354-9,57188971604,Sarah R. Maxey,1,us_inferred,metadata,,,
85117921915,10.37016/mr-2020-71,2021,Harvard Kennedy School Misinformation Review,Developing an accuracy-prompt toolkit to reduce COVID-19 misinformation online,us_explicit,full_text,"quota matched to the U.S. on age, gender, race, and geographic region",The methods identify a US quota sample supplied by Lucid.,false,2d77ac9b634565e0c0130faa9ce1b6a5079f19e4dd5612fa7c064b3b48352768,bc7e024aea6c10c5b0574da445be4128d68b59007af75a4d6335e8d27df0c001,Codex (GPT-6),AI_assisted,2026-09-09,false,top100_metadata_v1,https://doi.org/10.37016/mr-2020-71,23095594600,David G. Rand,1,unclear,full_text,85117921915.pdf,8,41eb31cfea32ce5c943485f39d165a65bac9669612a38c7a7144b24805684887
85118144335,10.1093/jopart/muab011,2021,Journal of Public Administration Research and Theory,Reducing Compliance Demands in Government Benefit Programs Improves the Psychological Well-Being of Target Group Members,non_us,abstract,Danish unemployment insurance recipients,Study population or findings explicitly situated outside the US.,false,8006eef280ac2f704100875e226b01d3423afbae9c5b9e2418c78559ecd2817a,ecc9c60f61817d3314c89f8374feea65c28f8931d04b5b4c77be6fbc4c264bb9,Codex (GPT-6),AI_assisted,2026-09-08,false,top100_metadata_v1,https://doi.org/10.1093/jopart/muab011,35309171200,Martin Bækgaard,1,non_us,metadata,,,
85118477821,10.1007/s11109-021-09756-0,2023,Political Behavior,The Role of Public Broadcasting in Media Bias: Do People React Differently to Pro-government Bias in Public and Private Media?,non_us,abstract,under-examined case of Japan,Study population or findings explicitly situated outside the US.,false,7d20ba408bd5db1eca39c70b4d62d89bf1b6c8112dbedb7fa716bc0336c39512,4c5ed7257d02965b69d34fe0a682483c06634de633a528e19ddbf0e4a4b8d7de,Codex (GPT-6),AI_assisted,2026-09-08,false,top100_metadata_v1,https://doi.org/10.1007/s11109-021-09756-0,57205672554,Seiki Tanaka,1,non_us,metadata,,,
85118791111,10.1086/713930,2022,Economic Development and Cultural Change,Helping Us or Helping Them? What Makes Foreign Aid Popular with Donor Publics?,non_us,full_text,"online sample of 4,160 Aus- tralians",The preregistered experiment recruited Australian participants through Ipsos Mori.,false,72beabe7c6a619180adafb961d73ef98798841d18dc9af78053a1a0fbedb2b09,e1fa598b5194060025167e84c6bf26590b320ebab8a35e54003983429f0daf5a,Codex (GPT-6),AI_assisted,2026-09-09,false,top100_metadata_v1,https://doi.org/10.1086/713930,57226018577,Christopher Hoy,1,unclear,full_text,85118791111.pdf,6,9bd10a2cf23692cd8a35cf749ef6ff0937f40be5bbe42fef9b0634083963e99f
85118939204,10.1017/S0003055421001234,2022,American Political Science Review,The Influence of Unknown Media on Public Opinion: Evidence from Local and Foreign News Sources,us_inferred,full_text,newspaper from their state,"US state-specific news sources, the 2020 US election, and nationally calibrated Lucid sampling support US participant inference; the article does not directly state a residence screen.",false,efd466b37bde57bb843a5b2b57ba0dc324d31982fdc82d6ff2ebff2708eaf477,15818063c2d284e4a85e1225bd44b047a1d00d16b59e9da327e1acfbe310467d,Codex (GPT-6),AI_assisted,2026-09-09,false,top100_metadata_v1,https://doi.org/10.1017/S0003055421001234,55612017400,Erik Peterson,1,unclear,full_text,85118939204.pdf,6,8e4f832aa41cfe9351c834a52aa1942af466d9d32ca7f083ddbbae63044b55c3
85119018835,10.1016/j.vaccine.2021.10.039,2021,Vaccine,Persuasive messaging to increase COVID-19 vaccine uptake intentions,us_explicit,abstract,nationally representative sample of Americans,"Abstract explicitly identifies Americans, US respondents, or a US study setting.",false,24c1ce2adcd347c7868a7ecd0fe36a538f3d99457445c789d9feb59719f33aee,899a20ca6fa61ad7507af7265258995088b76014906b02a3e3149af80d240e12,Codex (GPT-6),AI_assisted,2026-09-08,false,top100_metadata_v1,https://doi.org/10.1016/j.vaccine.2021.10.039,57217457882,Gregory A. Huber,1,us_explicit,metadata,,,
85119058426,10.1257/pol.20190276,2021,American Economic Journal Economic Policy,Why Are Relatively Poor People Not More Supportive of Redistribution? Evidence from a Randomized Survey Experiment across Ten Countries†,unclear,abstract,,Available metadata does not locate the experimental sample.,false,aa6926b2eef7c00ddd461b9fa4361a75c41d92d66fcc79075b2d6fc7c3e235cc,fa5b033c419ad8a602159cfef82b01286df0d9afdf925b422ce7eb7e6dc49a31,Codex (GPT-6),AI_assisted,2026-09-08,false,top100_metadata_v1,https://doi.org/10.1257/pol.20190276,57226018577,Christopher Hoy,1,unclear,metadata,,,
85119060624,10.1016/j.jebo.2021.10.024,2021,Journal of Economic Behavior and Organization,American exceptionalism? Differences in the elasticity of preferences for redistribution between the United States and Western Europe,us_explicit,abstract,"respondents in the United States, the United Kingdom, Spain, the Netherlands and Denmark","Metadata directly identifies a US experimental population, setting, or findings attributed to Americans.",true,60241a00a4c9bcefc5a673d206084a30a49153bd3209c72a7e67fbb6aab4a3d1,95bbf3102841648c8ec42c7d146db6ce9a37c7d7e2bb2cdf44b9763dc886c7bf,Codex (GPT-6),AI_assisted,2026-09-08,false,top100_metadata_v1,https://doi.org/10.1016/j.jebo.2021.10.024,57226018577,Christopher Hoy,1,us_explicit,metadata,,,
85119401868,10.1017/S0007123421000417,2022,British Journal of Political Science,How Open Lists Undermine the Electoral Support of Cohesive Parties,non_us,abstract,presenting German voters,Study population or findings explicitly situated outside the US.,false,7ef9240a135277627b21689ad289883a4c4b42f1353e7f05b7cef22cda38246f,d104a3329df0694c57cf4135f8244dc864cc48f3fa1be1717d8b7dbb71deb734,Codex (GPT-6),AI_assisted,2026-09-08,false,top100_metadata_v1,https://doi.org/10.1017/S0007123421000417,57190806413,Lukas Rudolph,1,non_us,metadata,,,
85119426755,10.1111/spsr.12493,2021,Swiss Political Science Review,Do Citizens use Sociodemographic Characteristics as Cues to Infer Candidate Issue Positions?,non_us,abstract,Swiss parliamentary elections of 2019,Representative voter survey in Swiss election context.,false,7c57b0d6db3e9a5240afdeb938a30d6c9aeabf68b68b30588dd0d7cc2e2eee20,d40a45020100dcf8401e05947f7387e46e54be563a3b414ce36b7834c12b8802,Codex (GPT-6),AI_assisted,2026-09-08,false,top100_metadata_v1,https://doi.org/10.1111/spsr.12493,57190806413,Lukas Rudolph,1,non_us,metadata,,,
85119977511,10.1093/socpro/spaa059,2022,Social Problems,"How Information about Inequality Impacts Belief in Meritocracy: Evidence from a Randomized Survey Experiment in Australia, Indonesia and Mexico",non_us,abstract,"representative populations in Australia, Indonesia, and Mexico",Metadata identifies a non-US population or study setting; no US experimental sample is reported.,false,c7c1fbe92ed94288d636466ff373abe8f76c6ce6a64fd26eae6ca7b9f5b6915e,41ace55af442126283d82db14810d4043a7d659d272b0f6834976951fb3b1011,Codex (GPT-6),AI_assisted,2026-09-08,false,top100_metadata_v1,https://doi.org/10.1093/socpro/spaa059,57226018577,Christopher Hoy,1,non_us,metadata,,,
85120323140,10.1073/pnas.2114388118,2021,Proceedings of the National Academy of Sciences of the United States of America,The (minimal) persuasive advantage of political video over text,us_explicit,abstract,"total n = 7,609 Americans","Abstract explicitly identifies Americans, US respondents, or a US study setting.",false,d0b4d84ddbd33b16279ba0c15d28c0dabda4094469416946d7d680b3f25149ac,d901adcfd539e89e023c202b3975c64f295ff0be0321d1159cb058ab87910723,Codex (GPT-6),AI_assisted,2026-09-08,false,top100_metadata_v1,https://doi.org/10.1073/pnas.2114388118,23095594600,David G. Rand,1,us_explicit,metadata,,,
85120491400,10.1177/09637214211054761,2022,Current Directions in Psychological Science,Field Experiments on Social Media,not_applicable,abstract,Here we review recent innovations,Review of experimental methods; no original sample described.,false,4353d6175d3056a95fc0a39548f28580e4daa43d2977c95dbb0f6f01b1b5435d,bac3fb74f3b076c50c19457e99e1f8b25a59f86c7f70ea93e3ff24570290b028,Codex (GPT-6),AI_assisted,2026-09-08,false,top100_metadata_v1,https://doi.org/10.1177/09637214211054761,23095594600,David G. Rand,1,not_applicable,metadata,,,
85120781136,10.1088/1748-9326/ac3531,2021,Environmental Research Letters,Is resale anxiety an obstacle to electric vehicle adoption? Results from a survey experiment in Switzerland,non_us,abstract,vignette experiments in Switzerland,Study population or findings explicitly situated outside the US.,false,efa3bc45204e7c8a0f55927744e6c9d325fd911769fa3656d3016f045d2e91e4,564d0a0b6e529d033cace634e06c6761bfd847451446ff92aa447651ac0f7b88,Codex (GPT-6),AI_assisted,2026-09-08,false,top100_metadata_v1,https://doi.org/10.1088/1748-9326/ac3531,6602110388,Thomas Bernauer,1,non_us,metadata,,,
85120875984,10.1073/pnas.2114762118,2021,Proceedings of the National Academy of Sciences of the United States of America,Persuading US White evangelicals to vaccinate for COVID-19: Testing message effectiveness in fall 2020 and spring 2021,us_inferred,abstract,"In the United States, White evangelicals",Experiments framed around US evangelical vaccine attitudes; sampling location unstated.,false,bf4bc947fe261524a6dc8f3c002398af43e69dfc325fbb50ddbd6d2a31d070ba,550bb820105ed1d6fe827aff5cda92d15d647d18a38f39de9d2716d2722a8a1f,Codex (GPT-6),AI_assisted,2026-09-08,false,top100_metadata_v1,https://doi.org/10.1073/pnas.2114762118,57217457882,Gregory A. Huber,1,us_inferred,metadata,,,
85120876506,10.1177/20531680211062668,2021,Research and Politics,Do people want smarter ballots?,us_inferred,abstract,Super Tuesday Democratic primaries,Experimental voting at US Democratic primaries suggests a US electorate.,false,358a17538214f55f5a6608a72c23800390afd0c99dae4d006123c63cad3a815e,9a06797e85ff3635f5c57fd8f7d9f95e122a84508155efbff28d4c5759741b40,Codex (GPT-6),AI_assisted,2026-09-08,false,top100_metadata_v1,https://doi.org/10.1177/20531680211062668,7006126634,André Blais,1,us_inferred,metadata,,,
85120885789,10.1073/pnas.2106481118,2021,Proceedings of the National Academy of Sciences of the United States of America,Religious identity cues increase vaccination intentions and trust in medical experts among American Christians,us_explicit,abstract,sample of unvaccinated American Christians,"Abstract explicitly identifies Americans, US respondents, or a US study setting.",false,8c6fcd1f00af37cceb8fb57a51a2cdce6db09d4c8a8ab8df20a15a1df836d78b,70eb7793694f54e3513b3121bfef43ab14fe3aa3f82b38070ed811b447aaef04,Codex (GPT-6),AI_assisted,2026-09-08,false,top100_metadata_v1,https://doi.org/10.1073/pnas.2106481118,16305967100,Robb Willer,1,us_explicit,metadata,,,
85121376619,10.1017/psrm.2021.66,2023,Political Science Research and Methods,Do constituents know (or care) about the lawmaking effectiveness of their representatives?,us_inferred,abstract,members of the US Congress,"Constituents evaluate their own members of US Congress, suggesting a US sample.",false,bc0b31719472d4989c551cec80b00a8f167e74e9494f2afd916473e82dbf3107,3e0b42de84b1fe104891cae85bbfff91cda1a4390c41f0e19981c001573f0720,Codex (GPT-6),AI_assisted,2026-09-08,false,top100_metadata_v1,https://doi.org/10.1017/psrm.2021.66,7401620196,Daniel M. Butler,1,us_inferred,metadata,,,
85121452284,10.1177/00104140211060285,2022,Comparative Political Studies,Standing up for Democracy? Explaining Citizens’ Support for Democratic Checks and Balances,non_us,abstract,Our experiment in Ukraine,26-country observational survey separate.,false,f926e70dc00a79d99ae2d70d84b42c19a0c882709d1ef3ed2e2c0267c4056e19,d5f09dbe1576ce5162a46f378f18aca655ef987a4f918ff82a9aa685cd9848cd,Codex (GPT-6),AI_assisted,2026-09-08,false,top100_metadata_v1,https://doi.org/10.1177/00104140211060285,57189074265,Honorata Mazepus,1,non_us,metadata,,,
85121628744,10.1016/j.ssresearch.2021.102692,2022,Social Science Research,Belief change in times of crisis: Providing facts about COVID-19-induced inequalities closes the partisan divide but fuels intra-partisan polarization about inequality,us_explicit,abstract,original survey experiment in the United States,"Metadata directly identifies a US experimental population, setting, or findings attributed to Americans.",false,ed845a986fba40a518311515474265b329771941b84f68c36ea436934a43574f,cb662d21e76da48d3aacd8a6116706697e2debd47578197893248c24f19738cb,Codex (GPT-6),AI_assisted,2026-09-08,false,top100_metadata_v1,https://doi.org/10.1016/j.ssresearch.2021.102692,22836955000,Jeroen van der Waal,1,us_explicit,metadata,,,
85122139505,10.1017/XPS.2020.7,2021,Journal of Experimental Political Science,Inferring Intentions from Consequences: How Moral Judgments Shape Citizen Perceptions of Wartime Conduct,unclear,abstract,,Wartime conduct experiments without sample country.,false,4e5bf1ab0a2058d8b2537d82212f75159eb03be26c96089a1ef4d9e21596229c,034788ef8cc496dcb7814201f5699a006f97298cd06daa541e17fe70af62a7fb,Codex (GPT-6),AI_assisted,2026-09-08,false,top100_metadata_v1,https://doi.org/10.1017/XPS.2020.7,57203528227,Jonathan A. Chu,1,unclear,metadata,,,
85122479991,10.1093/poq/nfab035,2021,Public Opinion Quarterly,The Hostile Mediator Phenomenon,unclear,abstract,,US-related observational findings and Israeli studies are reported; the abstract does not identify where the embedded experiment was conducted.,false,daf940140154a22c40229109f663db50d1de1f58a916aa02dc5f1fbb1973b446,2aef70257a4a7c7583afedc452fff4e0556cb4aa18aecdfc7e81caddbc5a5948,Codex (GPT-6),AI_assisted,2026-09-08,false,top100_metadata_v1,https://doi.org/10.1093/poq/nfab035,56196951600,Omer Yair,1,unclear,metadata,,,
85122529325,10.1016/j.ssresearch.2021.102687,2022,Social Science Research,"Nothing funnier than the news: Assessing Johnny Carson's comedic effect, past and present",us_inferred,abstract,President Richard Nixon's Gallup approval,National survey on Johnny Carson's US presidential political comedy.,false,7fe2003126e085d77375239954008091bea96ab8e8314f36b59521e3a4cb7b7b,110acf76924938f4574b9329f9cade1695f6b68ea9b192954930b7998aee633f,Codex (GPT-6),AI_assisted,2026-09-08,false,top100_metadata_v1,https://doi.org/10.1016/j.ssresearch.2021.102687,24474160700,Brian R. Calfano,1,us_inferred,metadata,,,
85122571011,10.1088/1748-9326/ac3b7b,2021,Environmental Research Letters,Public support for climate adaptation aid and migrants: A conjoint experiment in Japan,non_us,abstract,We examine public support in Japan,Study population or findings explicitly situated outside the US.,false,7c7734050e5b1dcd9bb8d4a6d1b65b01be9b27ee021b735b58036eb39a49f597,5c0e60580f41cef3bb9811d91c9b68f29e01d67f8789f1be87a05e57d5f0578e,Codex (GPT-6),AI_assisted,2026-09-08,false,top100_metadata_v1,https://doi.org/10.1088/1748-9326/ac3b7b,7202316609|57206937457,Aseem Prakash; Azusa Uji,2,non_us,metadata,,,
85122780387,10.1177/19401612211072697,2023,International Journal of Press Politics,The Intersection of Candidate Gender and Ethnicity: How Voters Respond to Campaign Messages from Latinas,us_inferred,abstract,elected political office in the U.S.,Latina representation in US elections frames experiment.,false,6e82ef4f4bf7a3d35d8c4554aca190bd3ced4266efd202270b52dd5523ff40b1,8ccc1725cb391f855347353f155c0bcb857dd1898d0e143bd0d8273dabdc7868,Codex (GPT-6),AI_assisted,2026-09-08,false,top100_metadata_v1,https://doi.org/10.1177/19401612211072697,54881904100,Nichole M. Bauer,1,us_inferred,metadata,,,
85123476525,10.1007/s11109-022-09771-9,2023,Political Behavior,Partisanship and Support for Restricting the Civil Liberties of Suspected Terrorists,us_explicit,abstract,targeted sample of U.S. military servicemembers,Other national samples also described but only military country explicit.,false,fa928a78ee8b90cb926d5f2652848534282e2c15fe87c3bb6c21fe22fb8e3fde,57e486a257ea88d443f2c0b1d768fa0ebe96dde362f8288e4ee6b94fbfa3cec2,Codex (GPT-6),AI_assisted,2026-09-08,false,top100_metadata_v1,https://doi.org/10.1007/s11109-022-09771-9,37063497400,Kevin J. Mullinix,1,us_explicit,metadata,,,
85123914954,10.1086/715991,2022,Journal of Politics,Same as It Ever Was? The Impact of Racial Resentment on White Juror Decision-Making,us_inferred,abstract,an African American defendant,White juror evaluations of African-American defendants and racial resentment support a US jury-context inference.,false,8cd5253d9c5498d79f6d1d777fbd6111f0609ab40b23e41f0babf406e611b8a3,0df56b38649ca067fec30a94d626c2f3cafad5bae9b7b210f417318a08929a2d,Codex (GPT-6),AI_assisted,2026-09-09,false,top100_2010_metadata_v1,https://doi.org/10.1086/715991,55454468300,Tatishe M. Nteta,1,us_inferred,metadata,,,
85123926675,10.1017/XPS.2021.33,2023,Journal of Experimental Political Science,Do Identity Frames Impact Support for Multiracial Candidates? The Case of Kamala Harris,us_inferred,abstract,Kamala Harris,US vice-presidential nomination and inauguration frame opinion experiments.,false,c2c30d72b80aef27e72dce222d880d1be5c5796416b8fe923e53459dc9c97915,0cea4d857b98d7d82d9c10f05be5e67157eb982d68ff1d812ba01214fba7dc72,Codex (GPT-6),AI_assisted,2026-09-08,false,top100_metadata_v1,https://doi.org/10.1017/XPS.2021.33,24168107200,Yusaku Horiuchi,1,us_inferred,metadata,,,
85123945835,10.1215/00703370-9624150,2022,Demography,Family Policy Awareness and Marital Intentions: A National Survey Experimental Study,non_us,abstract,national survey of young unmarried individuals in Japan,Metadata identifies a non-US population or study setting; no US experimental sample is reported.,false,6685c3474960f206cbe27fffcf1fa12167c1de586bc1d6f344a9247fc7eb7ed0,fbe6c483192092c56274684a7e3a1d0558930c606d0b14acf6ee4786369d4d83,Codex (GPT-6),AI_assisted,2026-09-08,false,top100_metadata_v1,https://doi.org/10.1215/00703370-9624150,57264879500,Senhu Wang,1,non_us,metadata,,,
85124121558,10.1093/isq/sqab032,2021,International Studies Quarterly,Validating Threat: IO Approval and Public Support for Joining Military Counterterrorism Coalitions,unclear,abstract,,Three sample countries not named; American reference is a cited prior study.,false,866e2ace2ee5af9de1d2adb268d5091f99970c51bf61fe8a6604706103a74eea,b50b160e49481e3a56a78957ce22fe10705888de785d846f3dd329f0085f76c5,Codex (GPT-6),AI_assisted,2026-09-08,false,top100_metadata_v1,https://doi.org/10.1093/isq/sqab032,57203528227,Jonathan A. Chu,1,unclear,metadata,,,
85124140550,10.1038/s41562-021-01278-3,2022,Nature Human Behaviour,"The ephemeral effects of fact-checks on COVID-19 misperceptions in the United States, Great Britain and Canada",us_explicit,abstract,"survey experiments in the United States, Great Britain and Canada","Abstract explicitly identifies Americans, US respondents, or a US study setting.",true,a46d614f0027bc5e9f026fee551b9a563388ab480548efceabb31bfabb554c52,8f0dee985afc136aad55fd27e9f6359396da7450aa9b5400158ab6ee19cf87bc,Codex (GPT-6),AI_assisted,2026-09-08,false,top100_metadata_v1,https://doi.org/10.1038/s41562-021-01278-3,14034772300,Jason Reifler,1,us_explicit,metadata,,,
85124170048,10.1093/isq/sqab062,2021,International Studies Quarterly,Liberal Ideology and Foreign Opinion on China,unclear,abstract,,Foreign perceptions of China without experiment sample countries.,false,4074e8a7db2c06fe64afca2e0ffdaccb6ec0f6e8f5bd04ed640dcfdef1bb53f5,7ff493ffb4917a4c5e8c24ac0d1e59a7c2857ee3b60d17d7a69a25d0b6001f55,Codex (GPT-6),AI_assisted,2026-09-08,false,top100_metadata_v1,https://doi.org/10.1093/isq/sqab062,57203528227,Jonathan A. Chu,1,unclear,metadata,,,
85124196620,10.1162/glep_a_00612,2022,Global Environmental Politics,Domestic Provision of Global Public Goods: How Other Countries’ Behavior Affects Public Support for Climate Policy,us_explicit,abstract,Using survey experiments in China and the United States,"Abstract explicitly identifies Americans, US respondents, or a US study setting.",true,225a7dee54de37d39cb6dcaa8ff9fcedea947c05de2624135776160a3cd9f761,8e9f042cfce1afa7c76124f8f37240ba7799719d2b774121722151dc4d86521d,Codex (GPT-6),AI_assisted,2026-09-08,false,top100_metadata_v1,https://doi.org/10.1162/glep_a_00612,6602110388|57203434746,Thomas Bernauer; Liam F. Beiser-McGrath,2,us_explicit,metadata,,,
85124455446,10.1038/s43016-022-00460-8,2022,Nature Food,"Policy framing, design and feedback can increase public support for costly food waste regulation",non_us,abstract,"3,329 citizens from a high-income country, Switzerland",Study population or findings explicitly situated outside the US.,false,9a29df48b6e92b7247e750c92eb461e02ee6a9b8d5a961260815453165855983,d669250a285599ef90e65d39093b199112593302217415a383ae2acfb74c0631,Codex (GPT-6),AI_assisted,2026-09-08,false,top100_metadata_v1,https://doi.org/10.1038/s43016-022-00460-8,6602110388,Thomas Bernauer,1,non_us,metadata,,,
85124909847,10.1017/S0047279421001070,2023,Journal of Social Policy,Conditional Solidarity - Attitudes Towards Support for Others During the 2020 COVID-19 Pandemic,non_us,abstract,online panel in Switzerland,Metadata identifies a non-US population or study setting; no US experimental sample is reported.,false,57aebdbca0b73380063a0f0e36178c125d343f521b5a99dbecfb41167126a9fc,c41be00bd5f0b52ca5868acd5a1b4f0079b715a0faf2430652082fc7a8c6d7b4,Codex (GPT-6),AI_assisted,2026-09-08,false,top100_metadata_v1,https://doi.org/10.1017/S0047279421001070,6602698051,Giuliano Bonoli,1,non_us,metadata,,,
85124994501,10.1080/08838151.2022.2036153,2022,Journal of Broadcasting and Electronic Media,Bad Impressions: How Journalists as “Storytellers” Diminish Public Confidence in Media,us_explicit,abstract,"national sample of 2,133 US adults","Abstract explicitly identifies Americans, US respondents, or a US study setting.",false,377511b10ef83c0c603ec25b76bd701727943b6eb53c25a90d3cc273f734af8a,ec802aa355b624d0ffb32723539adc2a27a4d788ea6c8eb8d2ecb5aa3bda5353,Codex (GPT-6),AI_assisted,2026-09-08,false,top100_metadata_v1,https://doi.org/10.1080/08838151.2022.2036153,24474160700,Brian R. Calfano,1,us_explicit,metadata,,,
85125126673,10.1016/j.vaccine.2022.02.033,2022,Vaccine,The correlates and dynamics of COVID-19 vaccine-specific hesitancy,unclear,abstract,,Available metadata does not locate the experimental sample.,false,1478e6126e7044f6243d8b4e3381a44dc63862204367c0a99959ae6513744130,e64aa2b383b7b72875e461fab4ea1a3283aaa918c37b0c8158d95a278fb026e6,Codex (GPT-6),AI_assisted,2026-09-08,false,top100_metadata_v1,https://doi.org/10.1016/j.vaccine.2022.02.033,15757402700,Peter John Loewen,1,unclear,metadata,,,
85125280963,10.1086/716294,2022,Journal of Politics,Do Belief Systems Exhibit Dynamic Constraint?,unclear,abstract,,Available metadata does not locate the experimental sample.,false,8eaa1a2268504fb90c773c1b41c03d6342e7d33314ef85070f8257ca499080b4,8cc996d17661790801c0aec0767ee5be41fb7e015e16c57a2897312b02fbea88,Codex (GPT-6),AI_assisted,2026-09-08,false,top100_metadata_v1,https://doi.org/10.1086/716294,56590030100,Alexander Coppock,1,unclear,metadata,,,
85125415127,10.1093/ssjj/jyab037,2022,Social Science Japan Journal,Country Risks and Brain Drain: The Emigration Potential of Japanese Skilled Workers,non_us,abstract,Japanese skilled workers,Respondents considering emigration from Japan.,false,6774ba8be941bb2bf6fcb2439326d16e86f23dbd0121b5acbd5bfea5382660a5,8f04e836c9488f9a969aa7e16964b439c5a3f0a820599ec8d1fa756c60dae881,Codex (GPT-6),AI_assisted,2026-09-08,false,top100_metadata_v1,https://doi.org/10.1093/ssjj/jyab037,24168107200,Yusaku Horiuchi,1,non_us,metadata,,,
85125441524,10.1093/ijpor/edab034,2022,International Journal of Public Opinion Research,Citizens' Aversion to Pay Raises for Politicians: The Risk of Self-Interest Matter More Than the Promise of Competence,unclear,abstract,,Politicians' salaries without sample country.,false,5fcee2536e818e53672b8ecc779b0fe24e430f14cd132a57764aa88fdab07f0d,5bda813d4f0a0901543e48de0aa27e86ef39a8e02afd0af8beb2080503cbfdb6,Codex (GPT-6),AI_assisted,2026-09-08,false,top100_metadata_v1,https://doi.org/10.1093/ijpor/edab034,25224644900,Rasmus Tue Pedersen,1,unclear,metadata,,,
85125698803,10.1016/j.vaccine.2022.02.083,2022,Vaccine,How do COVID-19 vaccine mandates affect attitudes toward the vaccine and participation in mandate-affected activities? Evidence from the United States,us_explicit,abstract,"nationally representative sample of 1,245 Americans","Abstract explicitly identifies Americans, US respondents, or a US study setting.",false,bfb1daf6fe510034a246900a92a33a43c2d13b451fd27b0ba2e4a8fdd934bd2c,3e3f3f355595dba45df23ec2df8afe42750efdbfbf579ba2acf5500c88d4e475,Codex (GPT-6),AI_assisted,2026-09-08,false,top100_metadata_v1,https://doi.org/10.1016/j.vaccine.2022.02.083,12767146800|35725744600,Douglas L. Kriner; Sarah E. Kreps,2,us_explicit,metadata,,,
85125774527,10.1086/716290,2022,Journal of Politics,What Have We Learned about Gender from Candidate Choice Experiments? A Meta-Analysis of Sixty-Seven Factorial Survey Experiments,not_applicable,title,A Meta-Analysis of Sixty-Seven Factorial Survey Experiments,"Meta-analysis of existing experiments, without an original experimental sample identified.",false,01330c7e9436480cfb22e2bc73ba07b762f257302bd880bcfb855be1aa59aa9e,4942b4af674d7d52d4d98a2848768ac30fa5c64113cf09cfd30f9be2820d16df,Codex (GPT-6),AI_assisted,2026-09-08,false,top100_metadata_v1,https://doi.org/10.1086/716290,56590030100,Alexander Coppock,1,not_applicable,metadata,,,
85125920680,10.1080/10584609.2022.2039979,2022,Political Communication,“Stick to Sports”: Evidence from Sports Media on the Origins and Consequences of Newly Politicized Attitudes,us_inferred,abstract,ESPN,US sports-media politicization context; sampling location unstated.,false,de31f799fb65278da49abc39765d3ff3aa1acd573e6144cd4e33d8780216cfce,51809619fbb82319020ac0e40cc0c5d71f04612f54eb67c11a4abbebff99b5af,Codex (GPT-6),AI_assisted,2026-09-08,false,top100_metadata_v1,https://doi.org/10.1080/10584609.2022.2039979,55612017400,Erik Peterson,1,us_inferred,metadata,,,
85126184203,10.1177/00031224221080960,2022,American Sociological Review,Assessing the Deinstitutionalization of Marriage Thesis: An Experimental Test,us_explicit,abstract,disproportionate stratified random sample of U.S. adults,"Abstract explicitly identifies Americans, US respondents, or a US study setting.",false,c1785fc23517d5d67ef7f5ace3294b11a216b6663e70213e879024518889ced2,d6e7506374fde132c153db6ccf08b0e10fb5208adbebeeafa1fecb0602f5d626,Codex (GPT-6),AI_assisted,2026-09-08,false,top100_metadata_v1,https://doi.org/10.1177/00031224221080960,36775562800,Blaine G. Robbins,1,us_explicit,metadata,,,
85126304810,10.1177/00031224221082233,2022,American Sociological Review,Factors Affecting Public Opinion on the Denial of Healthcare to Transgender Persons,us_inferred,abstract,"a racialized, free-market logic",The national experiment's racial categories and religious/free-market justifications for refusing transgender healthcare support a US policy-context inference; country is not explicit.,false,86a4807a1b837ea31e19b783afc405561a87afe04126ddfba8b171771666c639,19a932c872753e7745ae937e8f1306d4b6382f610d37830792b74f3ced4fc613,Codex (GPT-6),AI_assisted,2026-09-09,false,top100_2010_metadata_v1,https://doi.org/10.1177/00031224221082233,55636964600,Long Doan,1,us_inferred,metadata,,,
85126369047,10.1017/S0020818322000030,2022,International Organization,Relative Gains in the Shadow of a Trade War,us_explicit,full_text,a national survey in the US,The randomized trade-vignette study explicitly uses a US national survey.,false,3448fcd0ea0244081f244d2e2dd2079378367a54723de95ae81fbc8a10a078fa,e66d6241e72339b30743c4e89406217083151a16063f587fa8bd3519db6d58fc,Codex (GPT-6),AI_assisted,2026-09-09,false,top100_metadata_v1,https://doi.org/10.1017/S0020818322000030,56868425000,Kai Quek,1,unclear,full_text,85126369047.pdf,8,7931e8009ae256cef6d20f9866681db499b58e2dca2aa59d08d7b9b9ad128cb7
85126450365,10.1111/psq.12393,2017,Presidential Studies Quarterly,Attitudes Toward Delegation to Presidential Commissions,unclear,abstract,,Available metadata does not locate the experimental sample.,false,4a88863aa38a6b6a6a69d98a539dbf34cde841678a06b301c2885351dd8ad98e,6799356f3550ddb71a5da910d48b96091ffdb31cd54f2f1460342cafbd7dca46,Codex (GPT-6),AI_assisted,2026-09-08,false,top100_metadata_v1,https://doi.org/10.1111/psq.12393,55494876700,David R. Miller,1,unclear,metadata,,,
85126806972,10.1016/j.enpol.2022.112883,2022,Energy Policy,Distributional concerns and public opinion: EV subsidies in the U.S. and Japan,us_explicit,abstract,In both countries,Public preferences and respondents explicitly linked to US and Japan.,true,de2c8c674b0ce41f5ec269e3e455d8ba54c6630f829ecf16e175130669c3b26d,886347e625fdf069f29f6661738807d01ac2c6014d52719a4a2b249f0ed59348,Codex (GPT-6),AI_assisted,2026-09-08,false,top100_metadata_v1,https://doi.org/10.1016/j.enpol.2022.112883,57205672554,Seiki Tanaka,1,us_explicit,metadata,,,
85127190236,10.1177/10659129211073319,2023,Political Research Quarterly,Priming Norms to Combat Affective Polarization,us_explicit,abstract,U.S. military service members,"Abstract explicitly identifies Americans, US respondents, or a US study setting.",false,893967578feaac2da19997bc5eccb08a08b8b45e94f6c37f4fa8b5560159acbc,25d5d44f67906e7a7bbe348e2b998993b0e834df3c738a99b74c18cdccf0cd22,Codex (GPT-6),AI_assisted,2026-09-08,false,top100_metadata_v1,https://doi.org/10.1177/10659129211073319,37063497400,Kevin J. Mullinix,1,us_explicit,metadata,,,
85127205226,10.1093/jopart/muaa019,2021,Journal of Public Administration Research and Theory,Representative Bureaucracy and Attitudes Toward Automated Decision Making,unclear,abstract,,Available metadata does not locate the experimental sample.,false,5c2c9cc246f775fba28554a014db73698509d8e6667d4da320effe48db23e3e6,330f930ff05bf462dae3cfa300e695749c093ca81ad03c0af8a77d0b95d8526a,Codex (GPT-6),AI_assisted,2026-09-08,false,top100_metadata_v1,https://doi.org/10.1093/jopart/muaa019,35784707400,Susan M. Miller,1,unclear,metadata,,,
85127254828,10.1371/journal.pone.0265011,2022,Plos One,Communication about vaccine efficacy and COVID-19 vaccine choice: Evidence from a survey experiment in the United States,us_explicit,abstract,"survey of 1,194 US adults","Abstract explicitly identifies Americans, US respondents, or a US study setting.",false,90d7a2775938a134825b6b62cbc6e60c5077a9cfba5a4d912ca05430e29c9f8f,2c7a83533762da40e30baa9669be7d9187d557459e89e9e809a09e94d97bbac3,Codex (GPT-6),AI_assisted,2026-09-08,false,top100_metadata_v1,https://doi.org/10.1371/journal.pone.0265011,12767146800|35725744600,Douglas L. Kriner; Sarah E. Kreps,2,us_explicit,metadata,,,
85127296015,10.1093/fpa/orac003,2022,Foreign Policy Analysis,Cheerleading in Cyberspace: How the American Public Judges Attribution Claims for Cyberattacks,us_explicit,abstract,How does the US public evaluate claims,"Metadata directly identifies a US experimental population, setting, or findings attributed to Americans.",false,4f172273869cde9bd06435ada1b796fdbf7f10e77d403e13e016bda7125edf2f,42673ea3a6c8a0d7786cf216b73de85b33d4e6d974e5f82ccc71af9407dae0fb,Codex (GPT-6),AI_assisted,2026-09-08,false,top100_metadata_v1,https://doi.org/10.1093/fpa/orac003,36713939500,Paul Musgrave,1,us_explicit,metadata,,,
85127315034,10.1177/10659129211045020,2023,Political Research Quarterly,Gender Bias in Policy Representation in Post-Conflict Societies,non_us,abstract,post-conflict setting: Bosnia,Metadata identifies a non-US population or study setting; no US experimental sample is reported.,false,303cdd44a5006d7881b7b1a2aff022460c90588da53a82d2a7e402da3b41e23a,87c65e746377f5f5393d5d539880dba84ef7c9f59e1ce10b4f288e96f4667808,Codex (GPT-6),AI_assisted,2026-09-08,false,top100_metadata_v1,https://doi.org/10.1177/10659129211045020,7401620196,Daniel M. Butler,1,non_us,metadata,,,
85127581823,10.1093/poq/nfab075,2022,Public Opinion Quarterly,The COVID-19 Infodemic and the Efficacy of Interventions Intended to Reduce Misinformation,us_inferred,abstract,America's pandemic response,Experiments interpreted within American pandemic-politicization setting.,false,f02c37b89b442e79892e766a896f7379b61a8a500694326bb188c4ccc343bbd3,ee1adb15f88b26bcd95b1ed8e42a28a132737c4d6711c68f5d7738047996c0ab,Codex (GPT-6),AI_assisted,2026-09-08,false,top100_metadata_v1,https://doi.org/10.1093/poq/nfab075,12767146800|35725744600,Douglas L. Kriner; Sarah E. Kreps,2,us_inferred,metadata,,,
85127649210,10.1086/719009,2022,Journal of Politics,Democratic Hypocrisy and Out-Group Threat: Explaining Citizen Support for Democratic Erosion,us_explicit,abstract,the American public,The experimental findings explicitly concern the American public.,false,78f393c9e8b07f01b432a93a5756e4571e310bb34473eca2263a787872aef4d2,13272f07d77a0f944d5602e621172af5208fce733efbb553bda5b80a3d712f41,Codex (GPT-6),AI_assisted,2026-09-09,false,top100_2010_metadata_v1,https://doi.org/10.1086/719009,55135830500,Gábor Simonovits,1,us_explicit,metadata,,,
85127696366,10.1086/719007,2022,Journal of Politics,Does Public Opinion Affect the Preferences of Foreign Policy Leaders? Experimental Evidence from the UK Parliament,non_us,abstract,101 British members of Parliament,Study population or findings explicitly situated outside the US.,false,03a0c957da50721aa343b7db3ac4260ba28ea6a5587d41436eda59081a243643,66f8442a7e1f57fae28f200f615ad84e540337b4f876f4f77dac41c95376f19c,Codex (GPT-6),AI_assisted,2026-09-08,false,top100_metadata_v1,https://doi.org/10.1086/719007,57203528227,Jonathan A. Chu,1,non_us,metadata,,,
85127735283,10.37016/mr-2020-001,2020,Harvard Kennedy School Misinformation Review,Emphasizing publishers does not effectively reduce susceptibility to misinformation on social media,us_explicit,abstract,"Survey experiments with nearly 7,000 Americans","Abstract explicitly identifies Americans, US respondents, or a US study setting.",false,804df0240112bdd4a8c345696b06bccd40d64d5da357fa680d6257b26ac52d44,aca7cf33439c9301e86831db79aed8d3671e8a62885504e9bedd29a97603d35d,Codex (GPT-6),AI_assisted,2026-09-08,false,top100_metadata_v1,https://doi.org/10.37016/mr-2020-001,23095594600,David G. Rand,1,us_explicit,metadata,,,
85127783017,10.1177/10659129221076143,2023,Political Research Quarterly,How Wide is the Arc of Racial Solidarity? People of Color and Middle Easterners and North Africans,us_inferred,abstract,a minoritized group with deep U.S. roots,US racial-solidarity context involving MENA and Latino adults suggests US sampling.,false,058c7dedc0755fefb07729d354c4cd5e482f12bdf1051044353ada0e5abb0125,5776a56eb2f4fa6809c12819da2b661d260f926153a15c42f697a05c1cae475e,Codex (GPT-6),AI_assisted,2026-09-08,false,top100_metadata_v1,https://doi.org/10.1177/10659129221076143,35183713000,Efrén O. Pérez,1,us_inferred,metadata,,,
85127841667,10.1017/XPS.2022.1,2023,Journal of Experimental Political Science,Can Appeals for Peace Promote Tolerance and Mitigate Support for Extremism? Evidence from an Experiment with Adolescents in Burkina Faso,non_us,abstract,school-age respondents in Burkina Faso,Metadata identifies a non-US population or study setting; no US experimental sample is reported.,false,60db6edbfe6454588b81e878f1a4aaf4d9769adf790731e3b1836001c62237df,7773bf3747668e245ed58d65afe9c504d55c03960fcbe0d6c08caa9f2db117a1,Codex (GPT-6),AI_assisted,2026-09-08,false,top100_metadata_v1,https://doi.org/10.1017/XPS.2022.1,57200795890,Niloufer A. Siddiqui,1,non_us,metadata,,,
85127895187,10.1093/poq/nfab065,2022,Public Opinion Quarterly,Public Attitudes toward Internal and Foreign Migration,non_us,abstract,national survey in Mainland China,Metadata identifies a non-US population or study setting; no US experimental sample is reported.,false,f5e860806fc9b8c677312183496910a1246a72472baff9013802c6fcc8bd00e7,54ca42e3aa162fcf5b19f865715b2fd057183537cea675f1d5673c9ab67df0e0,Codex (GPT-6),AI_assisted,2026-09-08,false,top100_metadata_v1,https://doi.org/10.1093/poq/nfab065,56868425000,Kai Quek,1,non_us,metadata,,,
85128241944,10.1093/isq/sqab042,2021,International Studies Quarterly,Public Opinion and Crisis Behavior in a Nuclearized South Asia,non_us,abstract,"1,823 respondents in Punjab, Pakistan",Metadata identifies a non-US population or study setting; no US experimental sample is reported.,false,5a8637c0f1a0e9b99b0ac30502946cefe16b4f64b3e2c8a972c83692149d2967,1c6189235adb2a3ecba9e01000d092f51e21bfbdf80526247558f448740f3813,Codex (GPT-6),AI_assisted,2026-09-08,false,top100_metadata_v1,https://doi.org/10.1093/isq/sqab042,57200795890,Niloufer A. Siddiqui,1,non_us,metadata,,,
85128583393,10.1177/20531680221093433,2022,Research and Politics,Multilateralism and public support for drone strikes,us_explicit,abstract,nationally representative samples in France and the United States,"Abstract explicitly identifies Americans, US respondents, or a US study setting.",true,346bd827f478f302908a0f05777d2240508cc1d8ec4157f5bf42924ddfc11bf2,3dd536b4d7ca98f3b256080b686638d2b5dcd18150bb44828a2d419f2a794d55,Codex (GPT-6),AI_assisted,2026-09-08,false,top100_metadata_v1,https://doi.org/10.1177/20531680221093433,35725744600,Sarah E. Kreps,1,us_explicit,metadata,,,
85129014294,10.1177/00220027221081925,2022,Journal of Conflict Resolution,"International Investment Disputes, Media Coverage, and Backlash Against International Law",us_explicit,abstract,national survey experiments fielded in the United States and Canada,"Abstract explicitly identifies Americans, US respondents, or a US study setting.",true,b4fdd6aec1825217a384bbaab14ac94a50a198cb5ae412aa160c09b368112ef5,56e3f3c070a2c770e67987510f05b397637259c73af060868fdf2a999ebbefb0,Codex (GPT-6),AI_assisted,2026-09-08,false,top100_metadata_v1,https://doi.org/10.1177/00220027221081925,56556884300,Ryan Brutger,1,us_explicit,metadata,,,
85129159055,10.1177/20531680221091439,2022,Research and Politics,Why do citizens prefer high-skilled immigrants to low-skilled immigrants? Identifying causal mechanisms of immigration preferences with a survey experiment,unclear,abstract,,Immigration experiment without sample country.,false,b649918c24ca2632bd37f7d86a78ef0b1e4c91d6d20561ec349f39659e60c20d,c97f498601309d82f778cc722f054cc46d64a9bdac6cdea63b4f3cd75cdbff5b,Codex (GPT-6),AI_assisted,2026-09-08,false,top100_metadata_v1,https://doi.org/10.1177/20531680221091439,55091186500,Yoshikuni Ono,1,unclear,metadata,,,
85129226690,10.1080/10967494.2022.2056276,2022,International Public Management Journal,Cognitive bias in citizens’ perceptions of government performance in response to COVID-19: Evidence from a large-scale survey experiment in China,non_us,abstract,"with 4,102 Chinese citizens",Study population or findings explicitly situated outside the US.,false,0c6dc985d4dec1b27a7a21191f622b3f0de22e32f3e4df01fd31ce894ca4ba13,930941efbb3705598c0c42b8f9256360a803150e85c75700f3437472a08375cc,Codex (GPT-6),AI_assisted,2026-09-08,false,top100_metadata_v1,https://doi.org/10.1080/10967494.2022.2056276,57191360465,Jinfeng Zhang,1,non_us,metadata,,,
85129300276,10.1177/00220027221085072,2022,Journal of Conflict Resolution,"Institutional Design, Information Transmission, and Public Opinion: Making the Case for Trade",us_explicit,abstract,the US public is more supportive,Experimental results explicitly attributed to US public.,false,1386c28ce689d6dbe6f6e832f7458613a5cb39d31dc6b45f5630172c66d5b75f,56e2e43fc0680636eec3850f0715c00c32bb199dceea970faf870b00aee75e74,Codex (GPT-6),AI_assisted,2026-09-08,false,top100_metadata_v1,https://doi.org/10.1177/00220027221085072,56556884300,Ryan Brutger,1,us_explicit,metadata,,,
85129722512,10.1086/717085,2022,Journal of Politics,Partisan Influence in Suspicious Times,us_explicit,full_text,underlying US adult population,Experiment 3 uses quotas to approximate the US adult population; the methods directly specify its population target.,false,40574f1f0fde0cd35ceda80e45c0ac0c02ef76561a0325e3f814ccc0b23d6391,7703ab68b8bca8cc897701bbb832d56d3a711ee17a1080e392b7930c5784d4ec,Codex (GPT-6),AI_assisted,2026-09-09,false,top100_metadata_v1,https://doi.org/10.1086/717085,56329786700,Joshua Robison,1,unclear,full_text,85129722512.pdf,11,b82fe0078d80d4857c2398288c51f7fbb15246e135d41bcb9190d05b6155c0ec
85130062680,10.1177/10659129221097156,2023,Political Research Quarterly,"Finding the missing link? The impact of co-ethnicity, pan-ethnicity, and cross-ethnicity on Latino vote choice",us_inferred,abstract,the 2016 Cooperative Congressional Election Study,The named CCES and congressional-candidate contest support a US electorate inference.,false,fa29336926b78e1aa089c4a708e3e04cb2d83473450ac69bcbd7de0cf1ce02a4,262e329f879688daf05bbd35f6837aad56500050d7055bb8aa9d0c0a06bf63a1,Codex (GPT-6),AI_assisted,2026-09-09,false,top100_2010_metadata_v1,https://doi.org/10.1177/10659129221097156,55454468300,Tatishe M. Nteta,1,us_inferred,metadata,,,
85130585909,10.37016/mr-2020-83,2021,Harvard Kennedy School Misinformation Review,Digital literacy is associated with more discerning accuracy judgments but not sharing intentions,us_explicit,full_text,"a survey of 1,341 Americans",The article identifies the actual respondents as Americans and describes random assignment to headline-rating conditions.,false,f5130c1addf541df40cc6dcf047c92683962c7465fe3daab1cd8c77803188300,f76873583cfd42b3b9452c2cd1dc22ea3add580ed7ab29a5f759e77ad8745dc7,Codex (GPT-6),AI_assisted,2026-09-09,false,top100_metadata_v1,https://doi.org/10.37016/mr-2020-83,23095594600,David G. Rand,1,unclear,full_text,85130585909.pdf,2,7dc5d8c9d35dc0925e33eb53d68fc7851dd97abd306949bec8923dd1338cfff7
85130612333,10.1037/pac0000601,2022,Peace and Conflict,Autonomous Weapons and Ethical Judgments: Experimental Evidence on Attitudes Toward the Military Use of “Killer Robots”,us_explicit,abstract,experimental survey of U.S. citizens,"Metadata directly identifies a US experimental population, setting, or findings attributed to Americans.",false,5ed2967d99d48d72e565f1fd92c018565fcfc37b4696c471fec25e12193ddbad,5fe6980d5edcff2d00f4df85d260e0b5f25f008c6464f5e2d8f412174a4e5938,Codex (GPT-6),AI_assisted,2026-09-08,false,top100_metadata_v1,https://doi.org/10.1037/pac0000601,57220041117,Ondřej Rosendorf,1,us_explicit,metadata,,,
85130733510,10.3389/fenvs.2022.850514,2022,Frontiers in Environmental Science,How Negative Frames Can Undermine Public Support for Studying Solar Geoengineering in the U.S,us_inferred,title,How Negative Frames Can Undermine Public Support for Studying Solar Geoengineering in the U.S,Title locates the study population or setting in the United States; abstract alone did not locate the sample.,false,aa7c8ff456afb916a0859c5b03dd3fe27a76922561c32ccd71fcf0093a26dc11,a24a6023e7cb66669bb4e1ad63d5324ba385c07bdee6ac7597421b98e86028df,Codex (GPT-6),AI_assisted,2026-09-08,false,top100_metadata_v1,https://doi.org/10.3389/fenvs.2022.850514,12794521600,Toby Bolsen,1,us_inferred,metadata,,,
85130898035,10.1111/ajps.12710,2023,American Journal of Political Science,Abstraction and Detail in Experimental Design,unclear,abstract,,Replication experiments without sample countries.,false,8229d307150597a542eeb6cade859de219236c3411debc27892212d51f6b4470,e6c467925b9d97a9a7790a0285e73dc772b162526d609772d550be411b2d0114,Codex (GPT-6),AI_assisted,2026-09-08,false,top100_metadata_v1,https://doi.org/10.1111/ajps.12710,56556884300,Ryan Brutger,1,unclear,metadata,,,
85131278479,10.1093/esr/jcaa038,2021,European Sociological Review,The Role of Reciprocity in the Creation of Reputation,non_us,abstract,209 managers from a German business cluster,Metadata identifies a non-US population or study setting; no US experimental sample is reported.,false,fd616fae18acc6f906127311253ae58b12adca6a67a94671497b99da532d752e,607d0ed1b9706887ae02aa26c5fd73326b22d7ea2ea4f19b977712b4b9e4197c,Codex (GPT-6),AI_assisted,2026-09-08,false,top100_metadata_v1,https://doi.org/10.1093/esr/jcaa038,17345249500,Martin Abraham,1,non_us,metadata,,,
85131358788,10.1177/01461672221099709,2023,Personality and Social Psychology Bulletin,Intolerance of Transgressive Protest Actions: The Differential Roles of Deontological and Utilitarian Morality,non_us,abstract,"Germany, Netherlands",Study population or findings explicitly situated outside the US.,false,229bc6b63d597820f291a6b829cfa4a5ad44cd545b6e5f3010783f522d10f3a7,cc366f38a29f45f3ea3da324613ab01429d8f5df131f76c826753885069d14dc,Codex (GPT-6),AI_assisted,2026-09-08,false,top100_metadata_v1,https://doi.org/10.1177/01461672221099709,7006059165,Maykel Verkuyten,1,non_us,metadata,,,
85131524653,10.1177/07388942221094761,2023,Conflict Management and Peace Science,Crafting international apologies that work: A conjoint analysis approach,non_us,abstract,survey experiment in Japan,Metadata identifies a non-US population or study setting; no US experimental sample is reported.,false,eb29bab4429b68dce66c02686b04f5dd450d5d58dc5cd8fdd418c98ae78a8fe6,fe0ae018c3518e9914d5802bf56c88eb46fd1a520cf67d84bc53332dce286383,Codex (GPT-6),AI_assisted,2026-09-08,false,top100_metadata_v1,https://doi.org/10.1177/07388942221094761,55917294300,Atsushi Tago,1,non_us,metadata,,,
85131571257,10.1007/s11558-022-09468-y,2023,Review of International Organizations,Public responses to foreign protectionism: Evidence from the US-China trade war,non_us,abstract,survey experiments in the country most affected by US protectionism: China,"Additional Argentine experiment; US is policy actor, not sample.",false,7fc2a612f4bce1b40ada8b5a4ee05c3ada4f7a3d90b5e736b50857e745701774,0c7185822a2ccaa05ef1fd50b03d3e56d4523f61133723026e1ec8018535f31f,Codex (GPT-6),AI_assisted,2026-09-08,false,top100_metadata_v1,https://doi.org/10.1007/s11558-022-09468-y,24339564700,David A. Steinberg,1,non_us,metadata,,,
85131596715,10.1177/00220027221106960,2022,Journal of Conflict Resolution,Wargame of Drones: Remotely Piloted Aircraft and Crisis Escalation,us_explicit,full_text,an expert sample of 158 U.S. military officers,A separate survey experiment validating the wargames explicitly sampled US military officers.,false,c6a7529e1958a9e3ea08d4f8aa4e39a759ca08eeaeaf2c8d04b6f9d529850899,d605dee463176efd7487faf689bad8187d8ed2cd65df4bd25255f77b7ffa9b26,Codex (GPT-6),AI_assisted,2026-09-09,false,top100_metadata_v1,https://doi.org/10.1177/00220027221106960,23479932300,Erik Lin-Greenberg,1,unclear,full_text,85131596715.pdf,29,94092ab4b8a1ea13cb5fb9c6660241b0657045005df96af9401b0963ba0fbd21
85131738044,10.1007/s11558-022-09464-2,2023,Review of International Organizations,Trade Wars and Election Interference,us_explicit,abstract,national survey experiment in the United States,"Abstract explicitly identifies Americans, US respondents, or a US study setting.",false,93be4e5a6fcc538044578c2656d0d3ecbca838f84a6a41e35cb3fed9fd22e803,9ccf3b4904ec9d113dde1a66635a0638eafab217fdee6c9d655bfb00da1c4c1d,Codex (GPT-6),AI_assisted,2026-09-08,false,top100_metadata_v1,https://doi.org/10.1007/s11558-022-09464-2,56556884300,Ryan Brutger,1,us_explicit,metadata,,,
85132650412,10.1086/718353,2022,Journal of Politics,Aiding War or Peace? The Insiders’ View on Aid to Postconflict Transitions,unclear,abstract,,Global expert sample without a country breakdown; US participation cannot be assumed.,false,abbb955d5b0732e3287c7a49cb6d00b9cf138eb6d53bbf1b1391cabcc353f59a,d1c5ab4ce96637aa805f915a566ee8a4155fbb2e2e111de86df2c86854f11a7e,Codex (GPT-6),AI_assisted,2026-09-08,false,top100_metadata_v1,https://doi.org/10.1086/718353,36676605900,Gabriele Spilker,1,unclear,metadata,,,
85132755374,10.1177/00220027221093401,2022,Journal of Conflict Resolution,"Due Process and Accountability Under Transitional Justice: Evidence from Mosul, Iraq",non_us,abstract,survey of Mosul residents,"Iraq, including displaced families.",false,cdf6febe0c481f9345db452a85815c9263b0e491c2c1853fdf06ed289c132bb6,1fa1e0b4e03e61931181b14f7a0a0636e50cf102f63c19470a60c0cc5aeb1f15,Codex (GPT-6),AI_assisted,2026-09-08,false,top100_metadata_v1,https://doi.org/10.1177/00220027221093401,23010864600,Samuel Whitt,1,non_us,metadata,,,
85132885156,10.1111/pops.12851,2023,Political Psychology,Projection in the Face of Centrism: Voter Inferences About Candidates' Party Affiliation in Low-Information Contexts,us_explicit,abstract,"survey experiment fielded in Canada, the United Kingdom, and the United States","Metadata directly identifies a US experimental population, setting, or findings attributed to Americans.",true,480c9b0b013e4cb365ea80c82e19a3f89da76f8359874952cf8bd79c20202eb6,3cbc4d8abe45fc056746fed048d07e26f85d9870a1ad524645bead86966242bb,Codex (GPT-6),AI_assisted,2026-09-08,false,top100_metadata_v1,https://doi.org/10.1111/pops.12851,56534303500,Anthony Kevins,1,us_explicit,metadata,,,
85132896321,10.1093/poq/nfab062,2021,Public Opinion Quarterly,Measuring Misperceptions: LIMITS OF PARTY-SPECIFIC STEREOTYPE REPORTS,us_inferred,abstract,composition of the Democratic and Republican parties,Experiments measure US party stereotypes; Americans mentioned for prior research.,false,3a1fd4e2baae31c1261d50380a98201f08f9a56e9f6d96e00e27c4d9477a891b,7f4ef12d12bf5fccd791d3511da090c94b0fb6fe22f35de6c5bafcc2224f597c,Codex (GPT-6),AI_assisted,2026-09-08,false,top100_metadata_v1,https://doi.org/10.1093/poq/nfab062,57217457882,Gregory A. Huber,1,us_inferred,metadata,,,
85133863087,10.1177/01902725221107594,2022,Social Psychology Quarterly,Rationales and Support for Norms in the Context of Covid-19,us_inferred,abstract,Covid-19 pandemic in the United States,US masking and distancing context; sampling location unstated.,false,930ae4a53ff1252202110deb75eec37161a19f215271f4c8daee5b4617d6cfec,c4e32961718e523147dc14fd9df3611a85cf4cba036a287a8443f07519eac74f,Codex (GPT-6),AI_assisted,2026-09-08,false,top100_metadata_v1,https://doi.org/10.1177/01902725221107594,7102611306,Christine Horne,1,us_inferred,metadata,,,
85133919585,10.1177/20531680221093440,2022,Research and Politics,Public support for assistance for workers displaced by technology,us_explicit,abstract,survey experiment on a nationally representative sample in the United States,"Abstract explicitly identifies Americans, US respondents, or a US study setting.",false,91d02e878d88e396f012a11600f515e529dcd66eb707c810cc8ddf3ae9d3c1cf,8c05de487a518ef7b3bff5be90299ff209a5468ddcfe7cd94ca9305cff1e0aca,Codex (GPT-6),AI_assisted,2026-09-08,false,top100_metadata_v1,https://doi.org/10.1177/20531680221093440,55603014300,Tobias Heinrich,1,us_explicit,metadata,,,
85133968124,10.1037/xap0000429,2022,Journal of Experimental Psychology Applied,Deliberative Thinking Increases Tolerance of Minority Group Practices: Testing a Dual-Process Model of Tolerance,non_us,abstract,nationally representative samples of Dutch majority members,Study population or findings explicitly situated outside the US.,false,45b7f07e49cb8c1e30d978b3f5d3aeea94355f92f82d697315af9f6283a1141f,e19e0a132bcd6497d59b9ad6849c73025f36fe2581ae940a107cd1672fbc0132,Codex (GPT-6),AI_assisted,2026-09-08,false,top100_metadata_v1,https://doi.org/10.1037/xap0000429,7006059165,Maykel Verkuyten,1,non_us,metadata,,,
85134236669,10.1016/j.wsif.2022.102619,2022,Women S Studies International Forum,"Women's blame, men's merit? The effect of gender on voters' evaluation of ministers' governing performance",non_us,abstract,voters' evaluation of their governing performance in Flanders (Belgium),Metadata identifies a non-US population or study setting; no US experimental sample is reported.,false,bffb5c51f6c37c7537cbfdfc8fc46b7a8307fd20ad98c7377fdfe17f3c7b7a52,cc675508b86031756c479f6fa23debc80b56c5c3add9f67dbac9a7eefcdbcb60,Codex (GPT-6),AI_assisted,2026-09-08,false,top100_metadata_v1,https://doi.org/10.1016/j.wsif.2022.102619,57196390820,Robin Devroe,1,non_us,metadata,,,
85134747070,10.1037/sah0000400,2022,Stigma and Health,Suicide Stigma in Jewish Communities in the United States,us_explicit,title,Suicide Stigma in Jewish Communities in the United States,Title locates the study population or setting in the United States; abstract alone did not locate the sample.,false,681b090dcab8eb9dcfc578d6074358fc40df9e5584febc79a2ec03ca1563f41a,438c9dcafeb30bc5facdbae452636e3f99017ed598e05f20a0b9b772c813b4f7,Codex (GPT-6),AI_assisted,2026-09-08,false,top100_metadata_v1,https://doi.org/10.1037/sah0000400,14832646600,Robin E. Gearing,1,us_explicit,metadata,,,
85135349631,10.1086/718355,2022,Journal of Politics,You and Whose Army? How Civilian Leaders Leverage the Military’s Prestige to Shape Public Opinion,unclear,abstract,,Available metadata does not locate the experimental sample.,false,1be89aedad9178b0d91f4e788b07be96c231083d8cd8dc840c08c45e5ba56433,1e7d069d9f470456a4561fd98bfa78915af85a79b5c2aad53825b3ae62c681a8,Codex (GPT-6),AI_assisted,2026-09-08,false,top100_metadata_v1,https://doi.org/10.1086/718355,57188971604,Sarah R. Maxey,1,unclear,metadata,,,
85135789153,10.1177/00220027221118815,2023,Journal of Conflict Resolution,From Moscow With a Mushroom Cloud? Russian Public Attitudes to the Use of Nuclear Weapons in a Conflict With NATO,non_us,abstract,representative sample of Russian citizens,Metadata identifies a non-US population or study setting; no US experimental sample is reported.,false,cb8d2038a50d7fd537ab1f6fe43e4863505e6e81a5b20371ec533bd0fd69d9f1,d38f0cdf5b86edcb48834dc3ca19883712e909d102ca8b65e891be7480b1c9c7,Codex (GPT-6),AI_assisted,2026-09-08,false,top100_metadata_v1,https://doi.org/10.1177/00220027221118815,55672957800,Michal Smetana,1,non_us,metadata,,,
85135896371,10.1111/jasp.12916,2022,Journal of Applied Social Psychology,Neoliberal ideology and negative attitudes toward immigrants: Evidence from a survey and survey experiment in Japan,non_us,abstract,we used the case of Japan,Study population or findings explicitly situated outside the US.,false,bd7c5a43ce6a8b5f2a32631a48c17d361e80ba08adfcaaf519055509c0ec85b7,d5ea635f13813fb056968c51b0922c8edd4aa47cc8f919e626c4e3b171c917e8,Codex (GPT-6),AI_assisted,2026-09-08,false,top100_metadata_v1,https://doi.org/10.1111/jasp.12916,55091186500,Yoshikuni Ono,1,non_us,metadata,,,
85136473193,10.1177/00223433221079455,2023,Journal of Peace Research,Susceptibility to threatening information and attitudes toward refugee resettlement: The case of Japan,non_us,abstract,we conducted a survey experiment in Japan,"US mentioned as earlier research, not current sample.",false,a41b51bc825038de0f793fd362a7843c4caef3af7d9d107dd347e05005ae0883,0c7b26813d2d315dab6fde56dc3b8d36385f9139d32d24dd20dfedea17bb5697,Codex (GPT-6),AI_assisted,2026-09-08,false,top100_metadata_v1,https://doi.org/10.1177/00223433221079455,24168107200|55091186500,Yusaku Horiuchi; Yoshikuni Ono,2,non_us,metadata,,,
85136531185,10.1177/23780231221115408,2022,Socius,The Norm of Wage Negotiations in the United States,us_explicit,abstract,quota sample of U.S. adults,"Abstract explicitly identifies Americans, US respondents, or a US study setting.",false,505e155afb6e8d9447f784efd68f2ae76355f64dac1eca41073a2cc27f6482af,ccea28410693159cb948f67af9f48c1923799a8535aaff51643fe7859b282921,Codex (GPT-6),AI_assisted,2026-09-08,false,top100_metadata_v1,https://doi.org/10.1177/23780231221115408,36775562800,Blaine G. Robbins,1,us_explicit,metadata,,,
85136587321,10.1177/14789299221113188,2023,Political Studies Review,What Lies Beneath: Mediators of Public Support for International Economic Cooperation,us_explicit,abstract,survey-embedded experiment conducted in the United States and Germany,"Metadata directly identifies a US experimental population, setting, or findings attributed to Americans.",true,12e2134b3dc6d08a19adae4a248420f8616c9b5efb881faa4bfebb1bea17f547,3d32c6aa3017811e06bf81b07f224ecef3df4423af69d6e201cdf0ee79ff87fa,Codex (GPT-6),AI_assisted,2026-09-08,false,top100_metadata_v1,https://doi.org/10.1177/14789299221113188,36676605900,Gabriele Spilker,1,us_explicit,metadata,,,
85136722514,10.1093/jogss/ogac017,2022,Journal of Global Security Studies,"Citizens to Soldiers: Mobilization, Cost Perceptions, and Support for Military Action",us_inferred,abstract,in the US context,US military manpower policies frame experiment.,false,2914c2fa663316a62eea5b6f4b4d3331a31a4a32ff39700826f4d4fc43f38e7a,ddbaa93569d0e13a9916bfcd023ee4e5515a99c747050560808da7420ad4bceb,Codex (GPT-6),AI_assisted,2026-09-08,false,top100_metadata_v1,https://doi.org/10.1093/jogss/ogac017,12767146800,Douglas L. Kriner,1,us_inferred,metadata,,,
85137333494,10.1111/padm.12879,2023,Public Administration,The effect of human versus automated interaction on willingness to participate in government programs: The role of representation,unclear,abstract,,Available metadata does not locate the experimental sample.,false,f8592654e5e043c71d31ac4b90d2888c097601e0accf1ce114d73dc8b7d0da6b,e10d8c064929134d027579b2d8000666d885dcd47494ed4785ffdcc03c43dc6a,Codex (GPT-6),AI_assisted,2026-09-08,false,top100_metadata_v1,https://doi.org/10.1111/padm.12879,35784707400,Susan M. Miller,1,unclear,metadata,,,
85138248657,10.1080/10584609.2022.2109085,2022,Political Communication,The Fiscal Politics of Immigration: Expert Information and Concerns over Fiscal Drain,non_us,abstract,Original survey experiments in Japan,Study population or findings explicitly situated outside the US.,false,fd7cafec67d02da6408a3d2fd3d5c96168d043c99cc4a55d24013607ec99e476,cf34f4e6f2895d16b3a866cc157e68e7b3468a1c6a29dd4439597e10618d7d5a,Codex (GPT-6),AI_assisted,2026-09-08,false,top100_metadata_v1,https://doi.org/10.1080/10584609.2022.2109085,57205672554,Seiki Tanaka,1,non_us,metadata,,,
85138250666,10.1177/00220027221121139,2023,Journal of Conflict Resolution,Targeting and Public Opinion: An Experimental Analysis in Ukraine,non_us,abstract,survey experiment in the Donbas region of Ukraine,Metadata identifies a non-US population or study setting; no US experimental sample is reported.,false,b9b767b5fc5ad52f4776460854ccb12b52bad1ce25ea7495933f1c84c7c3a425,787cc886ec03b9f5c983443484a08556c56556da557ad2c87d753c9126524f47,Codex (GPT-6),AI_assisted,2026-09-08,false,top100_metadata_v1,https://doi.org/10.1177/00220027221121139,24554597700,Geoffrey P. R. Wallace,1,non_us,metadata,,,
85138320659,10.1177/14648849221125412,2024,Journalism,Is news for men?: Effects of women’s participation in news-making on audience perceptions and behaviors,unclear,abstract,Results from a survey experiment,News avoidance and journalist gender do not identify respondent country.,false,4b1bdd05309aa70f0cad80715aa15eb28d1e06f39c73317b63730893c16e4d6f,821f43da0d2dd95d78135b5b37c9c68af9f25799ee3681a69f166de79dcf3b42,Codex (GPT-6),AI_assisted,2026-09-09,false,top100_2010_metadata_v1,https://doi.org/10.1177/14648849221125412,57203655130,Kathleen Searles,1,unclear,metadata,,,
85138434242,10.1177/07388942221124515,2023,Conflict Management and Peace Science,The lesser evil? Experimental evidence on the strength of nuclear and chemical weapon “taboos”,us_explicit,abstract,2350 American and British citizens,"Metadata directly identifies a US experimental population, setting, or findings attributed to Americans.",true,e8fa59a06f01dde6b48efeb5cd63a297f44733115f9b2927bd769261bde41d43,0c424b6cdea45a3c590eb2d69c37c36f46c935d467261d04614834dd85444f87,Codex (GPT-6),AI_assisted,2026-09-08,false,top100_metadata_v1,https://doi.org/10.1177/07388942221124515,55672957800|57220041117,Michal Smetana; Ondřej Rosendorf,2,us_explicit,metadata,,,
85139216162,10.1177/20531680221130695,2022,Research and Politics,Does affirming Black and Latino people as American weaken racial solidarity? A surprising “no” from two pre-registered experiments,us_inferred,abstract,Black and Latino individuals as American,US cultural identity and racial-solidarity experiment suggests US respondents.,false,33e69e0e03f316d06b6b66b505e243a51f466c11a7d2d50b075d3f918dfad45e,7d498bcfa975b34729cc80bfcf64b142ca754835c3ba8f6f0a29c1354c140335,Codex (GPT-6),AI_assisted,2026-09-08,false,top100_metadata_v1,https://doi.org/10.1177/20531680221130695,35183713000,Efrén O. Pérez,1,us_inferred,metadata,,,
85140277195,10.1521/soco.2022.40.4.396,2022,Social Cognition,DOES DELIBERATIVE THINKING INCREASE TOLERANCE? POLITICAL TOLERANCE TOWARD INDIVIDUALS WITH DUAL CITIZENSHIP,non_us,abstract,nationally representative sample of Dutch majority members,Study population or findings explicitly situated outside the US.,false,227330c6de49011f03d6d80cc2e7c1762c70fc1dd2e5c2261fe99f9a7df8a63f,c02223e2b03e380b51f069110ba5eeea3204025b993e7e8fd4ae3c02fcc51ba5,Codex (GPT-6),AI_assisted,2026-09-08,false,top100_metadata_v1,https://doi.org/10.1521/soco.2022.40.4.396,7006059165,Maykel Verkuyten,1,non_us,metadata,,,
85140278720,10.1017/XPS.2022.17,2023,Journal of Experimental Political Science,The Impact of Emotional versus Instrumental Reasons for Dual Citizenship on the Perceived Loyalty and Political Tolerance of Immigrant-Origin Minorities,non_us,abstract,nationally representative sample of native-born Dutch,Study population or findings explicitly situated outside the US.,false,59b925a2d69d60c935d0104b645c43e685ca909be3949ab67808cb6443edf5a9,79fe3454d62e90215017ada2462f5dfaf8d3bbb9d683f6f49e1a744c696a94f5,Codex (GPT-6),AI_assisted,2026-09-08,false,top100_metadata_v1,https://doi.org/10.1017/XPS.2022.17,7006059165,Maykel Verkuyten,1,non_us,metadata,,,
85140292533,10.1093/sf/soab004,2021,Social Forces,Intersecting Boundaries: Comparing Stereotypes of Native- and Foreign-Born Members of Ethnoracial Groups,us_explicit,abstract,survey experiment to compare Americans' stereotypes,"Metadata directly identifies a US experimental population, setting, or findings attributed to Americans.",false,3dd537e09f08142fd658e7f95c16700e6c8b7c3f18fac7e585bf86461e72b0cd,5c9e846e0929dd39fce76498dd1f0bf6952bd8c1b151fdb6453400109285a46f,Codex (GPT-6),AI_assisted,2026-09-08,false,top100_metadata_v1,https://doi.org/10.1093/sf/soab004,49861923700,Ariela Schachter,1,us_explicit,metadata,,,
85141125749,10.1007/s11109-022-09827-w,2024,Political Behavior,"Supporting Veterans: Source Cues, Issue Ownership,and the Electoral Benefits of Military Service",us_inferred,abstract,electoral value of veteran status in American politics,US candidate evaluation setting suggests US respondents.,false,b45c0b4346b169a4283c1e8b72003815dd7542c40430f9be23351878f04f34fe,5e93d75e3678e8a75b4e302e3a0119b32bda98dc283e749608cbd498485ba60c,Codex (GPT-6),AI_assisted,2026-09-08,false,top100_metadata_v1,https://doi.org/10.1007/s11109-022-09827-w,57952558700,Peter T. McLaughlin,1,us_inferred,metadata,,,
85141374427,10.1038/s41893-022-00984-8,2023,Nature Sustainability,Cross-national public acceptance of sustainable global supply chain policy instruments,us_inferred,abstract,12 largest OECD,US inclusion inferred from coverage of the 12 largest OECD importing countries; country list not given.,true,0b0c5d1479f3d9c37a686fe2f4ffb04bd8c37de0118fd650132732e5da40bca5,ccaf8311328769609591ae4e460cad90ee87e2d180dfc8df94f1ead361985e81,Codex (GPT-6),AI_assisted,2026-09-08,false,top100_metadata_v1,https://doi.org/10.1038/s41893-022-00984-8,6602110388,Thomas Bernauer,1,us_inferred,metadata,,,
85141907351,10.1017/XPS.2021.17,2022,Journal of Experimental Political Science,The Generalizability of Online Experiments Conducted During the COVID-19 Pandemic,us_explicit,abstract,13 quota samples of Americans,"Metadata directly identifies a US experimental population, setting, or findings attributed to Americans.",false,d898e9ab72f57afd7abab6f3d21680b456c227f3e4191dde01a5b16b3ea41965,caedb070d81d30cf03268dbe74403600bab6a961731992a63fb68912e86e4d03,Codex (GPT-6),AI_assisted,2026-09-08,false,top100_metadata_v1,https://doi.org/10.1017/XPS.2021.17,56590030100,Alexander Coppock,1,us_explicit,metadata,,,
85142142962,10.1371/journal.pone.0277493,2022,Plos One,Addressing vaccine hesitancy in developing countries: Survey and experimental evidence,non_us,abstract,both run in Papua New Guinea,Metadata identifies a non-US population or study setting; no US experimental sample is reported.,false,08aa55320bc2b11b306658f2825b14966949baedbd22167255f1fc88df617f1d,cdfc09827465c1a5fb7ebda3db750ffa4d1fa5d108c3451682e8b2606b47c92b,Codex (GPT-6),AI_assisted,2026-09-08,false,top100_metadata_v1,https://doi.org/10.1371/journal.pone.0277493,57226018577,Christopher Hoy,1,non_us,metadata,,,
85142750388,10.1016/j.ssmph.2022.101295,2022,Ssm Population Health,Receptive to an authoritative voice? Experimental evidence on how patronizing language and stressing institutional sources affect public receptivity to nutrition information,non_us,abstract,high-quality Dutch probability sample,Metadata identifies a non-US population or study setting; no US experimental sample is reported.,false,f52814778ecee7407eff5ea00a3f14e3bbb9b7ac7e0928ce7f20766107b67558,2a16e1221e0f78d1b37f2c506de5a66ea84f3dc7960cbbc053102aa02faf389b,Codex (GPT-6),AI_assisted,2026-09-08,false,top100_metadata_v1,https://doi.org/10.1016/j.ssmph.2022.101295,22836955000,Jeroen van der Waal,1,non_us,metadata,,,
85143226704,10.1007/s11558-022-09484-y,2023,Review of International Organizations,"International rankings and public opinion: Compliance, dismissal, or backlash?",non_us,abstract,Israeli public’s response,Israeli attitudes toward US rankings do not imply US participants.,false,99f801230d9727a468befb42a8d3c9503709f5fc38541bd8f3e1cfd74288ddc8,e7d80792e7694ea5a33d475c82761f914baab89923854074b21165790a5f4989,Codex (GPT-6),AI_assisted,2026-09-08,false,top100_metadata_v1,https://doi.org/10.1007/s11558-022-09484-y,56196951600,Omer Yair,1,non_us,metadata,,,
85143234663,10.1093/poq/nfac026,2022,Public Opinion Quarterly,The Domestic Impact of International Shaming,non_us,abstract,survey experiment in Sweden,Metadata identifies a non-US population or study setting; no US experimental sample is reported.,false,1095d2c9056f79c52d5857e9a45fd2565959a0ca65cc66bdafc01b18e350d28d,c26c7abaa79610a5784240b37ecfbf8fed24dff45312fb3084b7560f21bd7289,Codex (GPT-6),AI_assisted,2026-09-08,false,top100_metadata_v1,https://doi.org/10.1093/poq/nfac026,6602533817,Jonas Tallberg,1,non_us,metadata,,,
85143607111,10.1017/rep.2022.18,2022,Journal of Race Ethnicity and Politics,Can Light Contact with the Police Motivate Political Participation? Evidence from Traffic Stops,unclear,abstract,,Available metadata does not locate the experimental sample.,false,eedb35d971216521364e4e6f69daf1655af2223d7c8a702860679fb4b9893a5c,ae64da3a3d4b9515698968d8ad63184be50a48529015524b5a82c42691356d56,Codex (GPT-6),AI_assisted,2026-09-08,false,top100_metadata_v1,https://doi.org/10.1017/rep.2022.18,55175754800,Leah Christiani,1,unclear,metadata,,,
85144761803,10.1016/j.ssresearch.2022.102839,2023,Social Science Research,Justice perceptions of sanctions for unemployed welfare recipients,non_us,abstract,factorial survey that asked German citizens,Metadata identifies a non-US population or study setting; no US experimental sample is reported.,false,aad1fae9abbcd87b2b59fbbba617b1f51392a8767890eab298675b41ff334d20,90a424bf20fa72f5412c5cca29b130fca4214b8b19ad6c815facaf183d1cc9d8,Codex (GPT-6),AI_assisted,2026-09-08,false,top100_metadata_v1,https://doi.org/10.1016/j.ssresearch.2022.102839,17345249500,Martin Abraham,1,non_us,metadata,,,
85144972223,10.1093/isq/sqac069,2022,International Studies Quarterly,Algorithms and Influence Artificial Intelligence and Crisis Decision-Making,us_explicit,abstract,sample of US national security experts,"Metadata directly identifies a US experimental population, setting, or findings attributed to Americans.",false,75e2c92a487db003089cead9cde147bde51c5027dc79f924074a32f20bd29432,57a9b650b364af94a48c18374693c45ce98e8df816b3ad503d51fb5911634b51,Codex (GPT-6),AI_assisted,2026-09-08,false,top100_metadata_v1,https://doi.org/10.1093/isq/sqac069,23479932300,Erik Lin-Greenberg,1,us_explicit,metadata,,,
85145200849,10.1093/jogss/ogac024,2022,Journal of Global Security Studies,New Questions for an Old Alliance: NATO in Cyberspace and American Public Opinion,us_explicit,abstract,survey experiments to test American public opinion,"Metadata directly identifies a US experimental population, setting, or findings attributed to Americans.",false,b3b65205a82d9384b3c2a72b920a200f124d73abe0bcd8a80a38ed731cf02cdb,956f9e2f4f22153f446466e0ad41e52c3e11c30764dfdc6555441ae631dd82a6,Codex (GPT-6),AI_assisted,2026-09-08,false,top100_metadata_v1,https://doi.org/10.1093/jogss/ogac024,36713939500,Paul Musgrave,1,us_explicit,metadata,,,
85145327725,10.1007/s11109-022-09849-4,2024,Political Behavior,Perceived Motives of Public Diplomacy Influence Foreign Public Opinion,us_explicit,abstract,decrease American citizens’ support,"Abstract explicitly identifies Americans, US respondents, or a US study setting.",false,7ea2c825c3a473ec05beb9b8714ab8e8d26fdc3120c0e666eaa38d5b34397407,4090ec47b1bf610aa4eed50e68b5059f9a90f6dfd7fdded2bd1b775b18532592,Codex (GPT-6),AI_assisted,2026-09-08,false,top100_metadata_v1,https://doi.org/10.1007/s11109-022-09849-4,24168107200,Yusaku Horiuchi,1,us_explicit,metadata,,,
85145409036,10.1177/13540661221143214,2023,European Journal of International Relations,Does Russian election interference damage support for US alliances? The case of Japan,non_us,abstract,survey experiment fielded in Japan,US democracy is treatment topic; Japanese sample.,false,d61e2670389a882d90b952396f4f07bdac8b2b0be6bd8d815f04c590b76b1336,a420869be1db376daa8d30b0c87c2e213148eaeaffd11d5ae5ccfb493d1d9a10,Codex (GPT-6),AI_assisted,2026-09-08,false,top100_metadata_v1,https://doi.org/10.1177/13540661221143214,24168107200,Yusaku Horiuchi,1,non_us,metadata,,,
85145825392,10.1007/s10597-022-01075-w,2023,Community Mental Health Journal,Public Stigma Toward Schizophrenia Within Latino Communities in the United States,us_explicit,title,Public Stigma Toward Schizophrenia Within Latino Communities in the United States,Title locates the study population or setting in the United States; abstract alone did not locate the sample.,false,d785374b8ac8f7be0b04a394bd285ce2be44bf0205cab3b925d69b08373ba33a,3935e6be035de654aff65d72071532b543332402e159fd1b607ff847ac49c8f8,Codex (GPT-6),AI_assisted,2026-09-08,false,top100_metadata_v1,https://doi.org/10.1007/s10597-022-01075-w,14832646600,Robin E. Gearing,1,us_explicit,metadata,,,
85146083795,10.1177/10776990221148987,2023,Journalism and Mass Communication Quarterly,Online Harassment and Hate Among Media Professionals: Reactions to One’s Own and Others’ Victimization,non_us,abstract,experiences of Finnish media professionals,Non-US study population or setting identified in the full abstract; no US experimental sample reported.,false,f3382a4010f483c7af7c8a97331f9e391265168c186f0a0277e441583bc1ebcd,fccba698ee54885514a94b6df8110065d19a52503bf95d6b7d056c5e3ab61e0f,Codex (GPT-6),AI_assisted,2026-09-08,false,top100_metadata_v1,https://doi.org/10.1177/10776990221148987,42161868700,Atte Oksanen,1,non_us,metadata,,,
85146218802,10.1080/1369183X.2023.2165485,2023,Journal of Ethnic and Migration Studies,Racial and gender stereotypes in immigration attitudes: evidence from China,non_us,title,immigration attitudes: evidence from China,Metadata identifies a non-US population or study setting; no US experimental sample is reported.,false,428b3e39fce2177ed9d50d1acb17965a8e25b17a81671d16574d7e4d924e16a9,f218efb0fad8d5b5e006023c3961f0ccf88f95ecbd6507da1fb9bf5037569889,Codex (GPT-6),AI_assisted,2026-09-08,false,top100_metadata_v1,https://doi.org/10.1080/1369183X.2023.2165485,57226745341,Li Shao,1,non_us,metadata,,,
85146502704,10.1177/00223433221123369,2024,Journal of Peace Research,From plastic to peace: Overcoming public antipathy through environmental cooperation,non_us,abstract,Japanese respondents,Korean and Japanese participant responses are reported; no US sample identified.,false,f9890a7dc3bf8f5b2ce5f081cc13141510644ad223909f06563374845def5f5e,89c6b488155247ce9e09d818f718d7cb2e1b41644d292051b5bcaf71ab70ec0b,Codex (GPT-6),AI_assisted,2026-09-08,false,top100_metadata_v1,https://doi.org/10.1177/00223433221123369,57206937457,Azusa Uji,1,non_us,metadata,,,
85146833340,10.3389/fpsyg.2022.1064442,2023,Frontiers in Psychology,Cooperative behavior in the workplace: Empirical evidence from the agent-deed-consequences model of moral judgment,non_us,abstract,a Germany-wide sample of employed respondents,The workplace experiment explicitly sampled employed people in Germany.,false,5c6f7b05675b3d8be456bb8834bf9ef38727c26079f21b8d84c9ddc872eb4c21,e9f76f86c3c74624334eccbcf6e72ef6c6f8e5ec85471a8fc27a43da27ba09c3,Codex (GPT-6),AI_assisted,2026-09-09,false,top100_2010_metadata_v1,https://doi.org/10.3389/fpsyg.2022.1064442,56063862300,Sebastian Sattler,1,non_us,metadata,,,
85146866960,,2022,International Journal of Communication,Job Satisfaction and Social Media Use: Cognitive Reflection and Journalists’ Utilization in Egypt and the United States,us_explicit,abstract,journalists’ job satisfaction in Egypt and the United States,Comparative journalist samples in both countries.,true,02f804b7f5b5f6c4e3a36bb90886a83ee962a0645b89d308a8462dd7e570df51,4c4bd659e32b6674a444ac0e60047af08c09c0bdf05a8a8d3915475cb48bae61,Codex (GPT-6),AI_assisted,2026-09-08,false,top100_metadata_v1,https://www.scopus.com/record/display.uri?eid=2-s2.0-85146866960,24474160700,Brian R. Calfano,1,us_explicit,metadata,,,
85147143671,10.1097/NMD.0000000000001578,2023,Journal of Nervous and Mental Disease,Mental Health Public Stigma in US Jewish Communities,us_explicit,abstract,This study examines the stigma within the US Jewish communities,"Abstract explicitly identifies Americans, US respondents, or a US study setting.",false,25b3c13c6a68ce0cf75b603445f2f10026585fe50ae38e703f5719a24ed0818b,adf92355b7fc57616bd139abba1eaaadbab0c78c645850a7429ecd321304f5ee,Codex (GPT-6),AI_assisted,2026-09-08,false,top100_metadata_v1,https://doi.org/10.1097/NMD.0000000000001578,14832646600,Robin E. Gearing,1,us_explicit,metadata,,,
85147209656,10.1111/pops.12882,2023,Political Psychology,Motivated to Forgive? Partisan Scandals and Party Supporters,non_us,abstract,2019 Canadian election,Metadata identifies a non-US population or study setting; no US experimental sample is reported.,false,d2d9206e2118a01a95c739ae14a355c9101736d3ab691f169e4220d3e72039a3,54d7a2816bb524362d6e197a885d4bffdd43cb7d89fa99a3e00b7858bd2dcd8a,Codex (GPT-6),AI_assisted,2026-09-08,false,top100_metadata_v1,https://doi.org/10.1111/pops.12882,15757402700,Peter John Loewen,1,non_us,metadata,,,
85147286875,10.1177/00220027231153580,2023,Journal of Conflict Resolution,Responding to Uncertainty: The Importance of Covertness in Support for Retaliation to Cyber and Kinetic Attacks,unclear,abstract,,Available metadata does not locate the experimental sample.,false,bad448ec9a72616b3f856de0b0095517c0312b8b02a3419ca00e371f4953420f,fd8ddfa3ea73b51f6d062f5488735686262bd24c28936f8e3dd8f92588c35f9f,Codex (GPT-6),AI_assisted,2026-09-08,false,top100_metadata_v1,https://doi.org/10.1177/00220027231153580,57188880644,Lauren Sukin,1,unclear,metadata,,,
85147434032,10.1080/13501763.2023.2171091,2023,Journal of European Public Policy,A widening authority–legitimacy gap in EU regulatory governance? An experimental study of the European Medicines Agency’s legitimacy in health security regulation,non_us,abstract,survey experiment with Dutch local politicians,Study population or findings explicitly situated outside the US.,false,146a3d13355b5c0adf3cdb1f18184e42a634b3833ed6cec1c92cfe858e9e4cd2,8e803733084117ad25e17eef41fcf7d616b7bfb7da58368f101c7976bb340514,Codex (GPT-6),AI_assisted,2026-09-08,false,top100_metadata_v1,https://doi.org/10.1080/13501763.2023.2171091,57189074265,Honorata Mazepus,1,non_us,metadata,,,
85147509395,10.1111/gwao.12963,2024,Gender Work and Organization,Gender-role preference matters: How family policy dissemination affects marriage/fertility intentions,non_us,abstract,marriage and fertility intentions of Japanese young individuals,Metadata identifies a non-US population or study setting; no US experimental sample is reported.,false,6af49a47f6ebaee17a1bf9bfc67856b0b37f9ad2283e1d0dd8a4335544dfd881,27b99f04d85f3665bb2ecc031d997c109bebce209f15bf4639ea2937b84793d6,Codex (GPT-6),AI_assisted,2026-09-08,false,top100_metadata_v1,https://doi.org/10.1111/gwao.12963,57264879500,Senhu Wang,1,non_us,metadata,,,
85147713538,10.1080/1369183X.2023.2172716,2023,Journal of Ethnic and Migration Studies,The impact of immigrants’ characteristics on anti-immigrant sentiment among the Jewish majority and the Arab minority in Israel,non_us,abstract,two national representative samples of the Jewish (majority) and of the Arab (minority) populations in Israel,Both experimental populations are explicitly in Israel.,false,9c3cfc34440361f13e2ffbe7265dcc6231e0264e10866fe5198f17a10ab146e0,c8fa761a10653490090bf61f0bce5a91c65ef9de2f7e90620bc791ea4ed0dcf8,Codex (GPT-6),AI_assisted,2026-09-09,false,top100_2010_metadata_v1,https://doi.org/10.1080/1369183X.2023.2172716,7003772257,Thomas Hinz,1,non_us,metadata,,,
85147720720,10.1073/pnas.2210666120,2023,Proceedings of the National Academy of Sciences of the United States of America,Resolving content moderation dilemmas between free speech and harmful misinformation,us_explicit,abstract,US respondents,"Abstract explicitly identifies Americans, US respondents, or a US study setting.",false,ab3598d686123dd2801dfc5f7fc5c0cfa3716a6f84ea793236bcce40573637fe,746a7376e846e1b7aa9f62c25a6c501730efbd37b7c7c55f40597f5cd365b2f7,Codex (GPT-6),AI_assisted,2026-09-08,false,top100_metadata_v1,https://doi.org/10.1073/pnas.2210666120,14034772300,Jason Reifler,1,us_explicit,metadata,,,
85148945547,10.1007/s11109-023-09863-0,2024,Political Behavior,"Shared Status, Shared Politics? Evaluating a New Pathway to Black Solidarity with Other People of Color",us_inferred,abstract,coalition-building among racially minoritized groups in US politics,US racial solidarity and Border Patrol policy context suggest US respondents.,false,892f3c04294856c98c516368b9fbd886dbdadcac243760282cfffc4c1532f9d8,27a5c9a137465cafc5bcdad3f7ae5002098f861a8cff0392b740aacb91df5d00,Codex (GPT-6),AI_assisted,2026-09-08,false,top100_metadata_v1,https://doi.org/10.1007/s11109-023-09863-0,35183713000,Efrén O. Pérez,1,us_inferred,metadata,,,
85149118557,10.1038/s41562-023-01551-7,2023,Nature Human Behaviour,Partisans’ receptivity to persuasive messaging is undiminished by countervailing party leader cues,us_explicit,abstract,We test whether American partisans’ receptivity,"Abstract explicitly identifies Americans, US respondents, or a US study setting.",false,598cf8811e87eac407387c21040188512958895db4842e1cc728fa14e2efca09,f98fc6afc09452f6d4c007c82cd5dd2e589956675b811397d3d7a3ead75a7bc8,Codex (GPT-6),AI_assisted,2026-09-08,false,top100_metadata_v1,https://doi.org/10.1038/s41562-023-01551-7,23095594600,David G. Rand,1,us_explicit,metadata,,,
85149816643,10.1017/S104909652200138X,2023,PS Political Science and Politics,Your Honor's Misdeeds: The Consequences of Judicial Scandal on Specific and Diffuse Support,us_inferred,full_text,Justice Brett Kavanaugh’s alleged misconduct,"Three MTurk/Lucid experiments ask about US federal judges, Supreme Court confirmation and Kavanaugh; this supports US context inference, not a verified residence criterion.",false,5ebd6aea3ea18f2c8ab19cd0c76e990da26183623aee8cd368b0a5f901bf55ad,3d609d8f461f17254d828c7865ffe32071f0432b4a2877f7d69423040d970b3a,Codex (GPT-6),AI_assisted,2026-09-09,false,top100_metadata_v1,https://doi.org/10.1017/S104909652200138X,55494876700,David R. Miller,1,unclear,full_text,85149816643.pdf,3,9da4b81ed051e7faf9df2f54f5030eacdc576d7973cb269bdfe14d3e90edd62d
85150347085,10.1017/XPS.2023.8,2023,Journal of Experimental Political Science,The Commitment Trap Revisited: Experimental Evidence on Ambiguous Nuclear Threats,us_explicit,abstract,"sample of 1,000 U.S. citizens","Metadata directly identifies a US experimental population, setting, or findings attributed to Americans.",false,1adcdfaac2abf6880900eb5c1a1030535af29bf41c9d1d3c697d1d012024beeb,38177566f4622e54c17a42df73f997483b2d720cb814076b8ce615880a806f9c,Codex (GPT-6),AI_assisted,2026-09-08,false,top100_metadata_v1,https://doi.org/10.1017/XPS.2023.8,55672957800|57220041117,Michal Smetana; Ondřej Rosendorf,2,us_explicit,metadata,,,
85150416542,10.1017/S0305741022001370,2023,China Quarterly,Opportunistic Bargaining: Negotiating Distribution in China,non_us,abstract,opportunistic bargaining is widely accepted by Chinese citizens,Metadata identifies a non-US population or study setting; no US experimental sample is reported.,false,d423947066b33e6c1b65ef38bae08061420cd8acd80d44b6a5458bab26590b5a,fef52b0170a8dddc059ffcb8a7338c24951f12b0f176f9ea6494339e31cf0bcb,Codex (GPT-6),AI_assisted,2026-09-08,false,top100_metadata_v1,https://doi.org/10.1017/S0305741022001370,57226745341,Li Shao,1,non_us,metadata,,,
85150666256,10.1186/s12889-023-15234-5,2023,BMC Public Health,Stigmatization in the context of the COVID-19 pandemic: a survey experiment using attribution theory and the familiarity hypothesis,non_us,abstract,in Germany,The vignette experiment was conducted in Germany.,false,3c7ffd0f363b6dcb1da1aef590ab08c870a614b55a09871dc86ecc8856b61968,dba1fda32ec1ce8adc9fa40ef687d98b752a2b9225897ca550e839dc21927a7b,Codex (GPT-6),AI_assisted,2026-09-09,false,top100_2010_metadata_v1,https://doi.org/10.1186/s12889-023-15234-5,56063862300,Sebastian Sattler,1,non_us,metadata,,,
85150819039,10.1371/journal.pone.0282308,2023,Plos One,Information battleground: Conflict perceptions motivate the belief in and sharing of misinformation about the adversary,non_us,abstract,sample of Ukrainians,"Russia, EU and Tanzania are treatment topics.",false,636978bdf721e84d950803e7e3a7467a20a262a01784289b260a11f0d508ae76,e8c5679472287d5a09e9ceae4140bf8189358d32f2ffb0795d5a1161de7ea8ce,Codex (GPT-6),AI_assisted,2026-09-08,false,top100_metadata_v1,https://doi.org/10.1371/journal.pone.0282308,57189074265,Honorata Mazepus,1,non_us,metadata,,,
85151429736,10.1111/1467-9477.12246,2023,Scandinavian Political Studies,Priming citizens to think about public participation initiatives: Does it impact their view of government?,unclear,abstract,,Available metadata does not locate the experimental sample.,false,9458c8a60c0b6aab33d29f87e9849f629f8e5cbfd28a9a917c8e742d62b3655a,3b7e2b49805aeebaf464eb014bf1ebc774db17c1b21a0a1bfaadd5ba539ba85f,Codex (GPT-6),AI_assisted,2026-09-08,false,top100_metadata_v1,https://doi.org/10.1111/1467-9477.12246,56689411500,Mette Kjærgaard Thomsen,1,unclear,metadata,,,
85152296772,10.1177/00104140231169016,2023,Comparative Political Studies,Credit Claiming by Labeling,non_us,abstract,survey experiment in Argentina,Study population or findings explicitly situated outside the US.,false,9a0a85dc725ccbcff7d6c679431268415ab079152fab512b7bf7c4beded26d1a,82ac43e3b3ef16a98f154a1d987b124e62f9fa98393f3c17d01bf512079d93a7,Codex (GPT-6),AI_assisted,2026-09-08,false,top100_metadata_v1,https://doi.org/10.1177/00104140231169016,35861891200,Matthew S. Winters,1,non_us,metadata,,,
85156243509,10.18148/srm/2023.v17i1.8010,2023,Survey Research Methods,"Puzzling Answers to Crosswise Questions: Examining Overall Prevalence Rates, Response Order Effects, and Learning Effects",unclear,abstract,a general population survey,The general-population survey's country is unspecified.,false,ae02b489fa0a6c40331325f02b17b9394fd9e27b0a404c7c25ef8187962faf26,85160b556a985d29f4f165340d2f3ad700099beb90e34177ed5642c65d69c022,Codex (GPT-6),AI_assisted,2026-09-09,false,top100_2010_metadata_v1,https://doi.org/10.18148/srm/2023.v17i1.8010,7003772257,Thomas Hinz,1,unclear,metadata,,,
85158001358,10.1111/padm.12932,2024,Public Administration,Promoting Citizens' willingness to participate in coproduction in public service through information frames,unclear,abstract,,Waste sorting experiments without sample country.,false,7b20a115ab599c41a48eee2f71e2c21d9451d037993e7315323112542b7eeb30,f073dd5d42e38f117f07af653c8377eba0f9c79dfd8a3bf3d5f6f53e17370452,Codex (GPT-6),AI_assisted,2026-09-08,false,top100_metadata_v1,https://doi.org/10.1111/padm.12932,57191360465,Jinfeng Zhang,1,unclear,metadata,,,
85158112186,10.1017/S1468109922000354,2023,Japanese Journal of Political Science,Voter responses to female candidates' voice pitch: Experimental evidence from Japan,non_us,abstract,we conducted an original survey experiment in Japan,"US mentioned for prior work, not current sample.",false,9dd9f8206284eeacd0200633d69a41f9014d8a7017c111ebb97c3f19d50c3132,14d3046da20fb000a10575bed62a5b0498b8897a2804b890158ab4772646ebb7,Codex (GPT-6),AI_assisted,2026-09-08,false,top100_metadata_v1,https://doi.org/10.1017/S1468109922000354,57205672554,Seiki Tanaka,1,non_us,metadata,,,
85159180192,10.1111/lsq.12425,2024,Legislative Studies Quarterly,Experimental Evidence of the Benefits and Risks of Credit Claiming and Pork Busting,us_inferred,abstract,overall approval of an unnamed member of Congress,US congressional credit claiming and constituency evaluations suggest a US electorate.,false,78164d88f0043dec3dda05fd63f9d0abf68b685f41ce6b131becdf890b14e3ed,c392351b45bb131270793c3df62e60151b7f87b982d5d7064a57188ae3fc301a,Codex (GPT-6),AI_assisted,2026-09-08,false,top100_metadata_v1,https://doi.org/10.1111/lsq.12425,57952558700,Peter T. McLaughlin,1,us_inferred,metadata,,,
85159235309,10.1016/j.envsci.2023.04.019,2023,Environmental Science and Policy,"Factual information on the environmental impacts of consumption abroad increases citizens' problem awareness, but not support for mitigating such impacts",non_us,abstract,representative survey (N = 8’000) in Switzerland,Study population or findings explicitly situated outside the US.,false,ff7ccf9a15734bdc1e32f7cfeca7cc2a053d7d09cd4ac9ea401713dbf7b46d32,082a719b408c127ab5384a0aac015de77e553388a0b24872e7504d2f7f732077,Codex (GPT-6),AI_assisted,2026-09-08,false,top100_metadata_v1,https://doi.org/10.1016/j.envsci.2023.04.019,6602110388,Thomas Bernauer,1,non_us,metadata,,,
85159334579,10.1017/S0007123422000175,2023,British Journal of Political Science,Public Demand for Extraterritorial Environmental and Social Public Goods Provision,non_us,abstract,real-world referendum in Switzerland,Representative voters in Swiss referendum.,false,25115c0d43a49fd25e08f41d3f45db1314ded4a857bbb6a79613ee6f1d686ede,1b86c91b97f2b7a20bbd1a406e6d7c45d36706f658ee959057392f8cb082645b,Codex (GPT-6),AI_assisted,2026-09-08,false,top100_metadata_v1,https://doi.org/10.1017/S0007123422000175,6602110388|57190806413,Thomas Bernauer; Lukas Rudolph,2,non_us,metadata,,,
85159582567,10.1093/isq/sqac060,2023,International Studies Quarterly,Environmental Concern Leads to Trade Skepticism on the Political Left and Right,non_us,abstract,population-based survey experiment in Switzerland,Study population or findings explicitly situated outside the US.,false,af4829d037741c8ba25d1aa138d31d37b7a149bc3c0457538db211332e352d1e,9e8dd34a0b1156ab0b3251e5e041671346f1bb0c2407a70d9583f91338c092ee,Codex (GPT-6),AI_assisted,2026-09-08,false,top100_metadata_v1,https://doi.org/10.1093/isq/sqac060,6602110388|57190806413,Thomas Bernauer; Lukas Rudolph,2,non_us,metadata,,,
85159594856,10.1093/isq/sqac080,2023,International Studies Quarterly,Framing States: Unitary Actor Language and Public Support for Coercive Foreign Policy,us_explicit,abstract,survey experiments on US adults,"Abstract explicitly identifies Americans, US respondents, or a US study setting.",false,956a9cb4d78f450eaaf672d8ff9ca3779b9bad7bf270883560b27c003eea3282,d5d5f7f752dfaa688b862ff37cff7a38a0da952af75da1c84a83eab4012f78ee,Codex (GPT-6),AI_assisted,2026-09-08,false,top100_metadata_v1,https://doi.org/10.1093/isq/sqac080,56611317200,John V. Kane,1,us_explicit,metadata,,,
85160106921,10.1093/isq/sqad012,2023,International Studies Quarterly,Where Should Multinationals Pay Taxes?,us_explicit,abstract,"survey experiments in Brazil, France, and the United States","Metadata directly identifies a US experimental population, setting, or findings attributed to Americans.",true,8795e242d59e18d99e25c88b8b78a8cf9fcb049f282a91c94a24b781f97d55ee,83b9ea0321b70b4ccfb148c544a3a049cfbd97f1943783eb21610325bb5cedd3,Codex (GPT-6),AI_assisted,2026-09-08,false,top100_metadata_v1,https://doi.org/10.1093/isq/sqad012,7006126634,André Blais,1,us_explicit,metadata,,,
85160547976,10.1016/j.worlddev.2023.106305,2023,World Development,Foreign pressure and public opinion in target states,non_us,abstract,"Myanmar, Nepal, and Indonesia",Study population or findings explicitly situated outside the US.,false,e73154a018fb1c719b50e2345398fb73f1ec2e2e7a09ce6e1c8680b7722d8b3f,0350656d6b5a5a0b53a3f6113fe8061a0815e6cd1fa410c307384bda6666adb8,Codex (GPT-6),AI_assisted,2026-09-08,false,top100_metadata_v1,https://doi.org/10.1016/j.worlddev.2023.106305,35861891200,Matthew S. Winters,1,non_us,metadata,,,
85160596820,10.1073/pnas.2301836120,2023,Proceedings of the National Academy of Sciences of the United States of America,Correcting misperceptions of out-partisans decreases American legislators’ support for undemocratic practices,us_inferred,abstract,democratic backsliding in the United States,Survey of state legislators in US democratic-backsliding setting.,false,4f2a79c16bebbeee0128aa29910d6e0ad88e2e1a96f19f1c15f621ce2cf03efa,a3bed72082ae0308a973e402fbf6116e54ee8112c73a5e542ef9964046e6a4d2,Codex (GPT-6),AI_assisted,2026-09-08,false,top100_metadata_v1,https://doi.org/10.1073/pnas.2301836120,6603696960|16305967100,James N. Druckman; Robb Willer,2,us_inferred,metadata,,,
85160802270,10.1016/j.electstud.2023.102629,2023,Electoral Studies,Look to Denmark or not? An experimental study of the Social Democrats’ strategic choices,non_us,abstract,support for the Norwegian Labour party,Metadata identifies a non-US population or study setting; no US experimental sample is reported.,false,1ae0423c339f7fc0dbf8c181c103d6c78426ccf33c485696463ad8584a5dbc0d,111eb9c22b3d486faa221a87e8dccb3389ce34c5df717b819fbdf8463bf3c2d7,Codex (GPT-6),AI_assisted,2026-09-08,false,top100_metadata_v1,https://doi.org/10.1016/j.electstud.2023.102629,50861069700,Sveinung Arnesen,1,non_us,metadata,,,
85160835182,10.1017/S0143814X22000319,2023,Journal of Public Policy,The effect of psychological bias on public officials' attitudes towards the implementation of policy instruments: Evidence from survey experiments,non_us,abstract,"1,024 Chinese public officials",Study population or findings explicitly situated outside the US.,false,56b5fcea70c1c672c91596d072327371b448477a382d44cde8d757e922cab909,3ae3fc1d0a276e13e895f080b90e5923c227f94b95ac07daac672a0732d44fca,Codex (GPT-6),AI_assisted,2026-09-08,false,top100_metadata_v1,https://doi.org/10.1017/S0143814X22000319,57191360465,Jinfeng Zhang,1,non_us,metadata,,,
85161446266,10.1080/14719037.2023.2220002,2024,Public Management Review,Encourage or impede? The relationship between trust in government and coproduction,non_us,abstract,urban governance scenarios in China,Study population or findings explicitly situated outside the US.,false,f8076c1d82eb57b7a27dcdab2159e9278c42590bd9ce8fb56c3970a27348def7,8bcb67d2b8c1224a62d9002e1b3acfb8f0987f1c61bd1eb92b61cbc6f43ab924,Codex (GPT-6),AI_assisted,2026-09-08,false,top100_metadata_v1,https://doi.org/10.1080/14719037.2023.2220002,57191360465,Jinfeng Zhang,1,non_us,metadata,,,
85162185399,10.37016/mr-2020-103,2022,Harvard Kennedy School Misinformation Review,Legislator criticism of a candidate’s conspiracy beliefs reduces support for the conspiracy but not the candidate: Evidence from Marjorie Taylor Greene and QAnon,us_inferred,abstract,Marjorie Taylor Greene,US congressional candidate and QAnon context.,false,a4145de9ad383e8b1ff83cae69148bc5f7c580cdcf8dc7d0df474b9e82e87f1e,0064b7aa6b207c6101143fe545173618399cb35d71cfe43a3033e5ccbe9614d5,Codex (GPT-6),AI_assisted,2026-09-08,false,top100_metadata_v1,https://doi.org/10.37016/mr-2020-103,14034772300,Jason Reifler,1,us_inferred,metadata,,,
85162663710,10.1080/10242694.2023.2225401,2024,Defence and Peace Economics,Should we sell arms to human rights violators? What the public thinks,non_us,abstract,survey experiment in Israel,Metadata identifies a non-US population or study setting; no US experimental sample is reported.,false,02160fbdded866a4a3e793e408de4c26aafedea2a01c327879e861fcac9b4633,7b93e630fd85e3387499dfe6c69870c5625b415fe79c915d5ccbb8db64683f16,Codex (GPT-6),AI_assisted,2026-09-08,false,top100_metadata_v1,https://doi.org/10.1080/10242694.2023.2225401,56196951600,Omer Yair,1,non_us,metadata,,,
85162677133,10.1177/19485506231180650,2024,Social Psychological and Personality Science,Manifold Threats to White Identity and Their Political Effects on White Partisans,us_inferred,abstract,White Democrats and Republicans,"US partisan racial-identity setting, corroborated by the U.S. partisanship keyword, suggests US respondents.",false,ffecc4dcb0538e824bbc8506c06f3909db39fda7a6915968524c4dfbcb33321d,eea6f557f89a5d91800a8cb5fc189351a27509050d138772a25ea8fc3364a405,Codex (GPT-6),AI_assisted,2026-09-08,false,top100_metadata_v1,https://doi.org/10.1177/19485506231180650,35183713000,Efrén O. Pérez,1,us_inferred,metadata,,,
85162955443,10.1177/0734371X231162028,2024,Review of Public Personnel Administration,"Doing Good Work in a Crisis: Views of Pay and the COVID-19 Pandemic in the Public, Nonprofit, and For-Profit Sectors",unclear,abstract,,Available metadata does not locate the experimental sample.,false,4a2885323bc713d55f79d619f4a959a009e906c9c3287de3e0d5d0e63a38d6a6,76d6fce7ad70d79629537e48ce502d17c17cead212a63e7b694a81746446532a,Codex (GPT-6),AI_assisted,2026-09-08,false,top100_metadata_v1,https://doi.org/10.1177/0734371X231162028,35784707400,Susan M. Miller,1,unclear,metadata,,,
85162979593,10.1080/01402382.2023.2214878,2024,West European Politics,Not the mode of allocation but refugees’ right to work drives European citizens’ preferences on refugee policy,non_us,title,European citizens’ preferences,Metadata identifies a non-US population or study setting; no US experimental sample is reported.,false,141817c1c460413945aa0ef5f54a56fccb3f98f2d028e2580e74027d4e8b5f89,7ffde8c19892f2e920d7a71b58f17979200fff6fb6f9990e30428f49a008aba1,Codex (GPT-6),AI_assisted,2026-09-08,false,top100_metadata_v1,https://doi.org/10.1080/01402382.2023.2214878,23982874600,Ulf Liebe,1,non_us,metadata,,,
85163212575,10.1073/pnas.2216261120,2023,Proceedings of the National Academy of Sciences of the United States of America,Quantifying the potential persuasive returns to political microtargeting,us_inferred,abstract,U.S. policy issue advertising,US issue-advertising survey experiments; sampling country unstated.,false,12fb2321da74b36fa6ceffdbea634ebba4ddec3ad81f26f900037284d1fe7de3,8fadbf015fcd8aefe325c5a150fc9682a2e97916c5cc97a8edb1e612dfe51a68,Codex (GPT-6),AI_assisted,2026-09-08,false,top100_metadata_v1,https://doi.org/10.1073/pnas.2216261120,23095594600,David G. Rand,1,us_inferred,metadata,,,
85165352675,10.1007/s10198-023-01618-2,2024,European Journal of Health Economics,Disclosing the ‘Big C’: what does cancer survivorship signal to employers?,us_explicit,abstract,American and British professionals recruited via Prolific,"Metadata directly identifies a US experimental population, setting, or findings attributed to Americans.",true,199b346428d262db651bef2890ebc9e64449804c936a4f6d4c1b9b393f61be8b,b47f72f50a702794432bc35fa61e222341b833c044e88c11735be66a1ce24ff1,Codex (GPT-6),AI_assisted,2026-09-08,false,top100_metadata_v1,https://doi.org/10.1007/s10198-023-01618-2,55746145800,Stijn Baert,1,us_explicit,metadata,,,
85165518545,10.1371/journal.pone.0288109,2023,Plos One,Exploring the artificial intelligence “Trust paradox”: Evidence from a survey experiment in the United States,us_explicit,title,Exploring the artificial intelligence “Trust paradox”: Evidence from a survey experiment in the United States,Title locates the study population or setting in the United States; abstract alone did not locate the sample.,false,805f7f42f500f819c0126b6ad975cb96f4307279367df19ff875d7752b6d8c40,ce69937df96aff8e147e711b7607f0293b51805231af36e0c9af301bae94dd6d,Codex (GPT-6),AI_assisted,2026-09-08,false,top100_metadata_v1,https://doi.org/10.1371/journal.pone.0288109,35725744600,Sarah E. Kreps,1,us_explicit,metadata,,,
85165893967,10.1371/journal.pone.0288188,2023,Plos One,Deliberative panels as a source of public knowledge: A large-sample test of the Citizens’ Initiative Review,us_inferred,abstract,Evolving US media and political systems,US ballot-measure deliberation and Citizens' Initiative Review context suggest US voters; pooled studies may reuse earlier data.,false,43c4244a5de8be805b490b166eb40f035f4ea8af8ebb049b6d19fb9d3bf42ce4,ce43004e3e97832ee4c1d46984cec222795e94cb5adb12f9ece58acba03b66f3,Codex (GPT-6),AI_assisted,2026-09-08,false,top100_metadata_v1,https://doi.org/10.1371/journal.pone.0288188,6601956224,John Gastil,1,us_inferred,metadata,,,
85166000414,10.1016/j.jcrimjus.2023.102092,2023,Journal of Criminal Justice,Weeding out the Truth: A Survey Experiment on the Role of Scientific Evidence in Shaping Public Opinion on Marijuana Policy,us_explicit,abstract,heads of households in South Carolina,"Metadata directly identifies a US experimental population, setting, or findings attributed to Americans.",false,5697d4a98372f0d4d2ddb3cc9986d158b38b61aabb033dfb656921bb33b449a5,0c735a4ae0a13630f463b4ccf24b4e231e98b7c79cc9b0436db370df4e66658a,Codex (GPT-6),AI_assisted,2026-09-08,false,top100_metadata_v1,https://doi.org/10.1016/j.jcrimjus.2023.102092,57211410814,Hunter M. Boehme,1,us_explicit,metadata,,,
85166589138,10.1111/1475-6765.12617,2024,European Journal of Political Research,Deontological and consequentialist preferences towards arms exports: A comparative conjoint experiment in France and Germany,non_us,abstract,in Germany and France,Study population or findings explicitly situated outside the US.,false,5162af1e3b4caee1359304cfb8fba37723c461dfe99251287ebb37fced2c5970,eb44189fb2ec55e8f9d50955f2ad29a2f689d8c6089bd92d4032a3546843e2c2,Codex (GPT-6),AI_assisted,2026-09-08,false,top100_metadata_v1,https://doi.org/10.1111/1475-6765.12617,57190806413,Lukas Rudolph,1,non_us,metadata,,,
85166922041,10.1177/02750740231191286,2023,American Review of Public Administration,Can Managerial Communication Reduce Ambiguity Among Service Professionals About Volunteer Roles in Coproduction? An Experimental Test,non_us,abstract,240 professionals employed at nursing homes in Denmark,Metadata identifies a non-US population or study setting; no US experimental sample is reported.,false,d26e043496c882f469a90ec052e5651482ee9d1c175586b05d2a509a18377fd9,bc7f2e6257451e9b3bca07dc464addb3014f2676205568df7442ada674ef61d3,Codex (GPT-6),AI_assisted,2026-09-08,false,top100_metadata_v1,https://doi.org/10.1177/02750740231191286,56689411500,Mette Kjærgaard Thomsen,1,non_us,metadata,,,
85167408025,10.1007/s10584-023-03575-4,2023,Climatic Change,Public response to solar geoengineering: how media frames about stratospheric aerosol injection affect opinions,us_explicit,abstract,affect the American public’s beliefs,"Abstract explicitly identifies Americans, US respondents, or a US study setting.",false,196d66ed7593860dce09722b03d6a582f530865066731c65b174243414244125,3798563592a7ace48e2f97d7316b324b71e7d0051ae2e7c93c48e4bd9abac86a,Codex (GPT-6),AI_assisted,2026-09-08,false,top100_metadata_v1,https://doi.org/10.1007/s10584-023-03575-4,12794521600,Toby Bolsen,1,us_explicit,metadata,,,
85167522555,10.1007/s10584-023-03594-1,2023,Climatic Change,Public recognition of climate change inequities within the United States,us_explicit,abstract,surveys of US adults,"Metadata directly identifies a US experimental population, setting, or findings attributed to Americans.",false,db795660b4a476a8685119a7d14c875030c27920f45e83090cd175e5e647dbfd,55132eafa8c2928ba9851f6cd78cadca5256455bc3c275d563199eff6fc7c99e,Codex (GPT-6),AI_assisted,2026-09-08,false,top100_metadata_v1,https://doi.org/10.1007/s10584-023-03594-1,25226021600,Jonathon P. Schuldt,1,us_explicit,metadata,,,
85167655087,10.1080/14719037.2023.2245841,2025,Public Management Review,"Pay-for-performance, job attraction, and the prospects of bureaucratic representation in public organizations: evidence from a conjoint experiment",us_explicit,abstract,conjoint experiment among US residents,"Abstract explicitly identifies Americans, US respondents, or a US study setting.",false,e98b38fb45a346ca0e8039c77bec5d5347b518f2cc04370c5ba53d9473ad200f,8ed0fdb2293e8cabe664e8046632b7145e4d931c10b88d8323dfe04f15ed6b2e,Codex (GPT-6),AI_assisted,2026-09-08,false,top100_metadata_v1,https://doi.org/10.1080/14719037.2023.2245841,56734108300,Mogens Jin Pedersen,1,us_explicit,metadata,,,
85168004718,10.1093/fpa/orad017,2023,Foreign Policy Analysis,The Tripwire Effect: Experimental Evidence Regarding U.S. Public Opinion,us_explicit,abstract,evaluate its operation and magnitude among Americans,"Metadata directly identifies a US experimental population, setting, or findings attributed to Americans.",false,6ef07072fce9cbf178ae73fcad55594f6d4d345f9fda26bf899ecebb2eb9c007,18b89ee4f51aca13dc80965e1c8521ec05ebbba669e649b42fe74e2e20e7c17a,Codex (GPT-6),AI_assisted,2026-09-08,false,top100_metadata_v1,https://doi.org/10.1093/fpa/orad017,36713939500,Paul Musgrave,1,us_explicit,metadata,,,
85168162046,10.1177/00223433231178849,2024,Journal of Peace Research,Nationalist propaganda and support for war in an authoritarian context: Evidence from China,non_us,abstract,two online survey experiments with textual and musical propaganda materials in mainland China,Metadata identifies a non-US population or study setting; no US experimental sample is reported.,false,805733b4082e8a7426df4fb4825a05496d0acf67f8dbea1dc23c2e3950ed4fee,4ec40c62fd42c30633af1a1c97169c6d6f9a26e3bddb6ed8ed3cf62a308d6902,Codex (GPT-6),AI_assisted,2026-09-08,false,top100_metadata_v1,https://doi.org/10.1177/00223433231178849,57226745341,Li Shao,1,non_us,metadata,,,
85168483699,10.1007/s12116-023-09399-8,2025,Studies in Comparative International Development,Economic Insecurity and Voter Attitudes about Currency Crises,non_us,abstract,follow-up survey experiment in Turkey,Argentina is an additional observational survey.,false,65d0528a3f6e084bdac258d513fff13592e1117c8613d2b337af556b90479078,556be53702fbecc7d2b8ae82cc2fb03b92b08cad73ac1832bf16fe781e47a135,Codex (GPT-6),AI_assisted,2026-09-08,false,top100_metadata_v1,https://doi.org/10.1007/s12116-023-09399-8,56448439600|24339564700,Selim Erdem Aytaç; David A. Steinberg,2,non_us,metadata,,,
85168585934,10.1111/padm.12955,2024,Public Administration,Coproduction of core and complementary tasks in times of service decline: Experimental evidence,non_us,abstract,Using elderly care in Denmark as empirical setting,Metadata identifies a non-US population or study setting; no US experimental sample is reported.,false,cdc6fdc44466da2713710cf54ed98d700f8d635413512d867f4c1846243a79ff,57225aea7a3189b72e2e69818b7cb3f51faed3798b8ccdd6d929c9cea6a4adab,Codex (GPT-6),AI_assisted,2026-09-08,false,top100_metadata_v1,https://doi.org/10.1111/padm.12955,56689411500,Mette Kjærgaard Thomsen,1,non_us,metadata,,,
85169836117,10.1080/01402382.2023.2250163,2024,West European Politics,Explaining the educational gradient in trust in politicians: a video-vignette survey experiment,non_us,abstract,representative panel in the strategic case of the Netherlands,Metadata identifies a non-US population or study setting; no US experimental sample is reported.,false,04fc8e91f73dd31fbdeabaeeb2d04396b2e71bd9ae67671bca8652cf392e2529,90eceb73aa9e918a154fbb0f58eb45cca4ead307a5f97ed50d21322c5a5325cd,Codex (GPT-6),AI_assisted,2026-09-08,false,top100_metadata_v1,https://doi.org/10.1080/01402382.2023.2250163,22836955000,Jeroen van der Waal,1,non_us,metadata,,,
85170289998,10.1093/fpa/orad018,2023,Foreign Policy Analysis,"Malicious Motives or Innocent Intentions? How Moral Reactions to ""Collateral Damage"" Shape Perceptions of Intent in Wartime Conduct",unclear,abstract,,Wartime conduct without sample country.,false,477a051079be267b92028d018ba6797a2e12f2140871c836e25e34a12b35b0d2,950007ecf1de1f78b1ec7dec2a386af917313df848e3cf1093fd457997c5b947,Codex (GPT-6),AI_assisted,2026-09-08,false,top100_metadata_v1,https://doi.org/10.1093/fpa/orad018,57203528227,Jonathan A. Chu,1,unclear,metadata,,,
85170631568,10.1093/pnasnexus/pgac031,2022,Pnas Nexus,Minimal effects from injunctive norm and contentiousness treatments on COVID-19 vaccine intentions: evidence from 3 countries,us_explicit,abstract,the state of New Hampshire in the United States,Also Great Britain and Canada.,true,60e2777ff7fa44fed4fc06b0f77b892efad5117ae89ad6e37198cb4166bceedb,0f5b921d35054ba49fe73a06c35169840dab71caa4eee8a0a130c72facdf23e4,Codex (GPT-6),AI_assisted,2026-09-08,false,top100_metadata_v1,https://doi.org/10.1093/pnasnexus/pgac031,14034772300,Jason Reifler,1,us_explicit,metadata,,,
85170705867,10.1017/psrm.2023.33,2024,Political Science Research and Methods,Affective polarization and coalition signals,non_us,abstract,Using a survey experiment in Austria,Study population or findings explicitly situated outside the US.,false,d46a03723c954f00968b02f3c0c97032928ca37891541789bd399db45d0c4182,8477ac990d454da8f4366d868bdfc5630c312e1f54d0aa4db6294801b43952de,Codex (GPT-6),AI_assisted,2026-09-08,false,top100_metadata_v1,https://doi.org/10.1017/psrm.2023.33,37065230200,Markus Wagner,1,non_us,metadata,,,
85171738080,10.1017/pan.2022.16,2023,Political Analysis,Using Conjoint Experiments to Analyze Election Outcomes: The Essential Role of the Average Marginal Component Effect,not_applicable,abstract,show that the average marginal component effect,Methodological analysis of estimands; no original experimental sample identified in the abstract.,false,4210b14efa88de8a5020a3ab7553ae92af262f23ea85b483213e59d2332ab2bc,1ef1f0aaf31d603cc9c4f5a1b240277794829027e5d2978f3c4392eedc376114,Codex (GPT-6),AI_assisted,2026-09-08,false,top100_metadata_v1,https://doi.org/10.1017/pan.2022.16,36159270600,Teppei Yamamoto,1,not_applicable,metadata,,,
85171793730,10.1017/XPS.2023.30,2024,Journal of Experimental Political Science,Police Shooting Statistics and Public Support for Police Reforms,us_explicit,abstract,"2,600 residents of 10 large US cities","Metadata directly identifies a US experimental population, setting, or findings attributed to Americans.",false,2d02de715f4f6068f877c654add22845d597fd16c43cb1e5500e723b77c63c6c,4ba61b8b4e2c29dab774c1105ee9fd16529b83130abf7cd867e8589908cb11b3,Codex (GPT-6),AI_assisted,2026-09-08,false,top100_metadata_v1,https://doi.org/10.1017/XPS.2023.30,57220203816,Kaylyn Jackson Schiff,1,us_explicit,metadata,,,
85172009271,10.1111/1745-9133.12644,2024,Criminology and Public Policy,Does scientific research change minds? Linking criminology and public perceptions of policing,unclear,abstract,,Available metadata does not locate the experimental sample.,false,b5c3e68312f95679dbc9b01f0550f4080dadb314f32945d1a03e03fad52eaed9,7fa9c19721b4f5a4294e622c6cd097c03cab0c95ff3eb5ed899a31f1a8898ee1,Codex (GPT-6),AI_assisted,2026-09-08,false,top100_metadata_v1,https://doi.org/10.1111/1745-9133.12644,57211410814,Hunter M. Boehme,1,unclear,metadata,,,
85172783788,10.1080/09636412.2023.2250259,2024,Security Studies,Algorithmic Aversion? Experimental Evidence on the Elasticity of Public Attitudes to “Killer Robots”,us_explicit,abstract,survey experiment with a large sample of Americans,"Metadata directly identifies a US experimental population, setting, or findings attributed to Americans.",false,b11865e97a4258b074813a2257d1b06f49883af43930d4b04e2e8ab709d7ff80,4b65edf3cff940f0db4a2db0a9838300c52d3f87989b2caea0025fe2f74cead7,Codex (GPT-6),AI_assisted,2026-09-08,false,top100_metadata_v1,https://doi.org/10.1080/09636412.2023.2250259,57220041117,Ondřej Rosendorf,1,us_explicit,metadata,,,
85172870189,10.1086/724960,2023,Journal of Politics,Media Measurement Matters: Estimating the Persuasive Effects of Partisan Media with Survey and Behavioral Data,unclear,abstract,,Available metadata does not locate the experimental sample.,false,44bff6ae4e6ee23d78052b77548290e2777995a34703f49475f3e51e9bd21905,982f9712d071fe8be593af57399a977f89b94132f288226a150dfc8da882fb6b,Codex (GPT-6),AI_assisted,2026-09-08,false,top100_metadata_v1,https://doi.org/10.1086/724960,36159270600,Teppei Yamamoto,1,unclear,metadata,,,
85172898837,10.1017/spq.2023.6,2023,State Politics and Policy Quarterly,Public Support for Professional Legislatures,us_explicit,full_text,an elite sample of Michigan policy- makers,The study reports Michigan mass-public and policymaker experimental samples.,false,fa4a46f545f45b831250aacd5e7e0bc67524e659425936d380de8c6f4ff5aaab,55b6b5d7ceb03c39f2cc32aca67a0da4525af282f922f4c0cfda22a2ff9ef32a,Codex (GPT-6),AI_assisted,2026-09-09,false,top100_metadata_v1,https://doi.org/10.1017/spq.2023.6,57220203816,Kaylyn Jackson Schiff,1,unclear,full_text,85172898837.pdf,6,0667fb8546a75e445b6e51c87a5208c378d7c67735391a813a7c017a81679b2f
85174000856,10.1017/XPS.2022.19,2023,Journal of Experimental Political Science,The Civic Option? Using Experiments to Estimate the Effects of Consuming Information in Local Elections,us_explicit,full_text,"we sent emails to 66,645 San Francisco residents",The study recruited registered voters residing in San Francisco into its original experiment.,false,229481f7e025f2c8604b2d2cbb497aee4ff0a2cc02220b99356c9e914e2ba863,d940f8be0d9c468f5755bde2f6ab382bb2102ccd3bdf4bac54b62a68382f19d1,Codex (GPT-6),AI_assisted,2026-09-09,false,top100_metadata_v1,https://doi.org/10.1017/XPS.2022.19,25654666600|35233806200,Cheryl Boudreau; Scott A. MacKenzie,2,unclear,full_text,85174000856.pdf,6,8c6efb96c9d3ffa5e21978463ece0ab48876ca6bd2f5a0c264eb83f47529e4c2
85174056404,10.1017/XPS.2022.20,2023,Journal of Experimental Political Science,Partisanship Unmasked? the Role of Politics and Social Norms in COVID-19 Mask-Wearing Behavior,us_inferred,abstract,Americans may be especially,US masking and co-partisan norms frame experimental study.,false,9a34f047daf6c9e28b594a1036e886d6111fafc5d4f2af868a0f13b64b745244,cd5f38addf45eb1f778670108f98f2501e322b6f78c333d0b708669f873480f2,Codex (GPT-6),AI_assisted,2026-09-08,false,top100_metadata_v1,https://doi.org/10.1017/XPS.2022.20,14034772300,Jason Reifler,1,us_inferred,metadata,,,
85174062271,10.1177/00104140231204229,2024,Comparative Political Studies,Voters and the IMF: Experimental Evidence From European Crisis Countries,non_us,abstract,"survey experiments in Greece, Ireland, Portugal, and Spain",Study population or findings explicitly situated outside the US.,false,f9496cb1969aba52cbc6b25aef04830527d8b89790f164d4bcbae21b541dedf5,816e17470b73e50c2a84236a366f5b9a72ecf9b27f4255562eda3d609bbbad4b,Codex (GPT-6),AI_assisted,2026-09-08,false,top100_metadata_v1,https://doi.org/10.1177/00104140231204229,37065230200,Markus Wagner,1,non_us,metadata,,,
85174071113,10.1007/s10903-023-01550-w,2024,Journal of Immigrant and Minority Health,Why Culture and Context Matters: Examining Differences in Mental Health Stigma and Social Distance Between Latino Individuals in the United States and Mexico,us_explicit,abstract,Latino respondents in the US and in Mexico,"Abstract explicitly identifies Americans, US respondents, or a US study setting.",true,4c28ee23c2b51df11f03a6b108e04adb25a48531aa14e0cdec95e2fe651b03c8,5ced06e3cb50172a0e751b25ab55e89a850396c35e7bdbb2fdd7f916454dea35,Codex (GPT-6),AI_assisted,2026-09-08,false,top100_metadata_v1,https://doi.org/10.1007/s10903-023-01550-w,14832646600,Robin E. Gearing,1,us_explicit,metadata,,,
85174613687,10.1093/jopart/muac020,2023,Journal of Public Administration Research and Theory,To Act or Not to Act? How Client Progression Affects Purposeful Performance Information Use at the Frontlines,non_us,abstract,Danish public school teachers,Study population or findings explicitly situated outside the US.,false,8af59c5879984546c45791b4ec670b14fd138f9d16f960ada84c40208f64908a,c46834d16c4da41e88d16c1549aa7192251db6320b6d30e367186efd30d4e5c2,Codex (GPT-6),AI_assisted,2026-09-08,false,top100_metadata_v1,https://doi.org/10.1093/jopart/muac020,57203170141,Niels Bjørn Grund Petersen,1,non_us,metadata,,,
85174683248,10.15195/V10.A21,2023,Sociological Science,Inclusive but Not Integrative: Ethnoracial Boundaries and the Use of Spanish in the Market for Rental Housing,us_explicit,abstract,"White, Black, and Latinx Americans’ residential preferences","Metadata directly identifies a US experimental population, setting, or findings attributed to Americans.",false,65b26b0eb7c37f7aa4d8473858730b828df58ef953489cb946631cf31e290bf9,5c04a61ed581ce01ca924a6767207fc2fb22721f15051592985510fd5c8d8574,Codex (GPT-6),AI_assisted,2026-09-08,false,top100_metadata_v1,https://doi.org/10.15195/V10.A21,49861923700,Ariela Schachter,1,us_explicit,metadata,,,
85174855421,10.1111/puar.13754,2025,Public Administration Review,Institutional factors driving citizen perceptions of AI in government: Evidence from a survey experiment on policing,us_inferred,abstract,local sheriff versus national Federal Bureau of Investigation,US law-enforcement agencies in the experimental scenarios suggest US respondents.,false,95e76a22f1dd6bb06608ad60273227b61da3750c6c231b4cac8dc08938d60718,b7922f3be5397930818c5e4da5669fdfbf902916125029bce99baaf7d684a6e8,Codex (GPT-6),AI_assisted,2026-09-08,false,top100_metadata_v1,https://doi.org/10.1111/puar.13754,57220203816,Kaylyn Jackson Schiff,1,us_inferred,metadata,,,
85175177312,10.1016/j.cities.2023.104640,2024,Cities,Robots are coming to town: A visual experiment on urban belonging and anxiety,non_us,abstract,representative sample of Finnish adults,Metadata identifies a non-US population or study setting; no US experimental sample is reported.,false,7ee7cc1d169b62cbf64a937223a6133b7d01c88d6ecf0fff46a883dcaa11dbc3,6e6edaae1a1cb6e34b6c3e0d760936cd94ddcc8c371acabcc0f439af0d3273ef,Codex (GPT-6),AI_assisted,2026-09-08,false,top100_metadata_v1,https://doi.org/10.1016/j.cities.2023.104640,42161868700,Atte Oksanen,1,non_us,metadata,,,
85175416392,10.1177/00420980231198147,2024,Urban Studies,What’s in a name? Place misrepresentation and neighbourhood stigma in the online rental market,us_explicit,abstract,survey of St. Louis residents,"Metadata directly identifies a US experimental population, setting, or findings attributed to Americans.",false,fa018884f70c7e759ea2bca4f774d2a8819c14f88a96a823a8f53015e7012120,c80bbaa72b7282149d9e054f6350ccfd230b70ae2724a954727ef9c98d5974e0,Codex (GPT-6),AI_assisted,2026-09-08,false,top100_metadata_v1,https://doi.org/10.1177/00420980231198147,49861923700,Ariela Schachter,1,us_explicit,metadata,,,
85175473443,10.1017/S0007123422000746,2023,British Journal of Political Science,How do Voters Form Perceptions of Party Positions?,non_us,full_text,representative of German citizens,Study I uses German citizens; Study II on PDF page 5 uses a representative Austrian sample.,false,beeafc345016c91be8063c6f9d02ab8099b950d911669b5f05005f03fcfa1668,60f33a129619aae544609782e11ed473f43be533aefcb7faf9755c3e2a46aa94,Codex (GPT-6),AI_assisted,2026-09-09,false,top100_metadata_v1,https://doi.org/10.1017/S0007123422000746,37065230200,Markus Wagner,1,unclear,full_text,85175473443.pdf,3,36607c1742fe7e468e7f4e810925549b90c2088ce024233e9b15d2bfa0c1d4d9
85175495163,10.1017/S0007123422000734,2023,British Journal of Political Science,Does Austerity Cause Polarization?,non_us,abstract,"respondents in Germany, Portugal, Spain and the UK",Study population or findings explicitly situated outside the US.,false,fe59451d58ce484258ecbdf8b0df08234311560bde079d1150b23ac09bac54b9,660652464e3182294d80ad5b3401808d87588db78b64c7a3ebb000da9334312e,Codex (GPT-6),AI_assisted,2026-09-08,false,top100_metadata_v1,https://doi.org/10.1017/S0007123422000734,37065230200,Markus Wagner,1,non_us,metadata,,,
85175738454,10.1111/puar.13751,2025,Public Administration Review,It's not merely about the content: How rules are communicated matters to administrative burden,non_us,full_text,panel of Yougov Denmark,The experimental sample came from YouGov Denmark and represents Danish adults.,false,ab7ffc32db319b2688306bed736e52d52cc69e84b52aa2c7617fae0df944a88c,714321c1c6f806a3e48635717d658a784941baaedd398bd943ae6c124a0e4b38,Codex (GPT-6),AI_assisted,2026-09-09,false,top100_metadata_v1,https://doi.org/10.1111/puar.13751,35309171200|56689411500,Martin Bækgaard; Mette Kjærgaard Thomsen,2,unclear,full_text,85175738454.pdf,7,bef72ce5df6ac057db38657dad30c590d3b7b9c74288fb8e3af89f5db92358fe
85176012765,10.1177/22338659231212417,2023,International Area Studies Review,Another test of nuclear taboo: An experimental study in Japan,non_us,abstract,original survey experiment in Japan,Metadata identifies a non-US population or study setting; no US experimental sample is reported.,false,184cbe116ccd3d10d0786f94484f9d327d79329d9826f9d05e4c27c4c3c8bf47,06890b64f17ea4ef27d967d1c975a7ce59a406a023c1d541bcd109e0ccfcb376,Codex (GPT-6),AI_assisted,2026-09-08,false,top100_metadata_v1,https://doi.org/10.1177/22338659231212417,55917294300,Atsushi Tago,1,non_us,metadata,,,
85176231377,10.1080/14616696.2023.2272263,2024,European Societies,Does informing citizens about the non-meritocratic nature of inequality bolster support for a universal basic income? Evidence from a population-based survey experiment,non_us,abstract,representative sample of the Dutch population,Metadata identifies a non-US population or study setting; no US experimental sample is reported.,false,bfe890dc7b1db24cf8387bf8aa18d7081057ad5c302d27745b6bcd6dff565807,7ceaaac14ae6559765f20917cd68240ec21554bf53d7b5f612a00b84c44c66da,Codex (GPT-6),AI_assisted,2026-09-08,false,top100_metadata_v1,https://doi.org/10.1080/14616696.2023.2272263,22836955000,Jeroen van der Waal,1,non_us,metadata,,,
85176382083,10.1177/10434631231213721,2024,Rationality and Society,The role of generalized trust and control in the employment of domestic help – An experimental case study for Germany and the UK,non_us,abstract,factorial survey conducted in 2020 in Germany and the UK,Metadata identifies a non-US population or study setting; no US experimental sample is reported.,false,c27a63037ebd6963e812f9639f20c938eb37f9f634c4d8993be13f45ca8f11ea,13b90131517dee83131c52a8f1be00bc26ef0cb699c0bb75dfb7339b176f4f8b,Codex (GPT-6),AI_assisted,2026-09-08,false,top100_metadata_v1,https://doi.org/10.1177/10434631231213721,17345249500,Martin Abraham,1,non_us,metadata,,,
85176392346,10.1080/14616696.2023.2275593,2024,European Societies,Does the prospect of further sovereignty loss fuel Euroscepticism? A population-based survey experiment,non_us,abstract,nationally-representative high-quality Dutch panel,Metadata identifies a non-US population or study setting; no US experimental sample is reported.,false,9bad10e5e1e9edee2f19d7d9f490e55389267904f90ce5d45e8f21cd20a1d2bf,e949b7cf1128c43ec5d83c1af79603c4eef4dcd9ab46f58453cff3f9530c0380,Codex (GPT-6),AI_assisted,2026-09-08,false,top100_metadata_v1,https://doi.org/10.1080/14616696.2023.2275593,22836955000,Jeroen van der Waal,1,non_us,metadata,,,
85176547661,10.37016/mr-2020-128,2023,Harvard Kennedy School Misinformation Review,Increasing accuracy motivations using moral reframing does not reduce Republicans’ belief in false news,us_inferred,abstract,conservative Republicans,US party identity inferred; residence not stated.,false,a75d623bcd9bcaa8a03896906cd18a3cc274246ae042015f33b5d6d20812ca7c,fef19939875a94aa452bc6c3112b6fdde23837683297ad41272b7ee7f1cccb83,Codex (GPT-6),AI_assisted,2026-09-08,false,top100_metadata_v1,https://doi.org/10.37016/mr-2020-128,16305967100,Robb Willer,1,us_inferred,metadata,,,
85176725704,10.1080/15309576.2023.2279068,2024,Public Performance and Management Review,Restoring the Truth: Anchoring Effects and Debiasing Interventions on Citizen Satisfaction,non_us,abstract,survey experiment involving 735 Chinese citizens,Study population or findings explicitly situated outside the US.,false,e3ad5662861de1c44beaef3a8e76e2b555db5d5257839756054a1a38058227a8,b200c7bd5fa3412b2bec9e3a5f2e37519c2ba73f06c75aaf2850aeb1aa1f331b,Codex (GPT-6),AI_assisted,2026-09-08,false,top100_metadata_v1,https://doi.org/10.1080/15309576.2023.2279068,57191360465,Jinfeng Zhang,1,non_us,metadata,,,
85176924618,10.1177/00220027231214716,2024,Journal of Conflict Resolution,"Race, Religion, and American Support for Humanitarian Intervention",us_explicit,abstract,nationally representative sample of Americans,"Abstract explicitly identifies Americans, US respondents, or a US study setting.",false,c0df5f8851c9c561a4dfb4ba44cc1d112c683ca331cb2d86c3d40cc38513e71f,3b26a19fe492dd306632ed3d84fe2e7fe5f0d375ca6700360d43319ca914380c,Codex (GPT-6),AI_assisted,2026-09-08,false,top100_metadata_v1,https://doi.org/10.1177/00220027231214716,57203528227,Jonathan A. Chu,1,us_explicit,metadata,,,
85177488077,10.1093/pnasnexus/pgad206,2023,Pnas Nexus,How membership in the North Atlantic Treaty Organization transforms public support for war,unclear,abstract,,Thirteen NATO member countries are not listed; US participation cannot be assumed.,false,aec0ec7261213bddc8f303d9a99446310288b38412e39dd015e81c2472501180,022b33a70f9036e6ed0025f8c4825b9007a48aebf2921cfe40d2d21bed721b04,Codex (GPT-6),AI_assisted,2026-09-08,false,top100_metadata_v1,https://doi.org/10.1093/pnasnexus/pgad206,6505910383,Michael Tomz,1,unclear,metadata,,,
85178047069,10.1017/S1743923X23000582,2024,Politics and Gender,"More Money, Less Credit? Legislator Gender and the Effectiveness of Congressional Credit Claiming",us_inferred,abstract,members of the U.S.,US congressional district spending and congresswomen suggest a US electorate.,false,7c21ba606c54567e87871e2e719f8b34511825cbcfeb7fddd37c4bf5e7253a56,fa736186bf5894c25d2285be5f400558371188ac3f251f210b3065aabf99e7e3,Codex (GPT-6),AI_assisted,2026-09-08,false,top100_metadata_v1,https://doi.org/10.1017/S1743923X23000582,57952558700,Peter T. McLaughlin,1,us_inferred,metadata,,,
85178944816,10.1007/s11113-023-09844-5,2023,Population Research and Policy Review,"The Impact of Supportive Housing Policy Scenarios on Marriage and Fertility Intentions: A Vignette Survey Experimental Study in Shanghai, China",non_us,abstract,"survey experiment (N = 727) was conducted in Shanghai, China",Metadata identifies a non-US population or study setting; no US experimental sample is reported.,false,7d86ba5997ca93fecee79f4fa367e1007caa9ce65ae3e5cf0d165d14e82c0dcc,a670f0933aa0a9122f3f0473817511af87b8659a7966f6f5d42950ff7ba5536c,Codex (GPT-6),AI_assisted,2026-09-08,false,top100_metadata_v1,https://doi.org/10.1007/s11113-023-09844-5,57264879500,Senhu Wang,1,non_us,metadata,,,
85179678265,10.1111/1475-6765.12644,2024,European Journal of Political Research,Treaty obligations and support for collective defence: Evidence from Italy after the invasion of Ukraine,non_us,abstract,survey experiment in Italy,"US mentioned as prior research, not current sample.",false,b81976e3bccba392264d3e796024b7316c4a0a53a9fd13272cd550528e18c6d4,0420483711bf175a285d30e34b88e8c7c8b6ed839b63b7ee8db57d5bacb30437,Codex (GPT-6),AI_assisted,2026-09-08,false,top100_metadata_v1,https://doi.org/10.1111/1475-6765.12644,12767146800|35725744600,Douglas L. Kriner; Sarah E. Kreps,2,non_us,metadata,,,
85179742651,10.1086/727594,2024,Journal of Politics,How Do Pocketbook and Distributional Concerns Affect Citizens’ Preferences for Carbon Taxation?,us_explicit,abstract,survey experiments in Germany and the United States,"Abstract explicitly identifies Americans, US respondents, or a US study setting.",true,9265ccd1a87b24c03e90e202f850699669e94f3b690c18a7d0b5f69435ebf7e5,d2daeda8cd307b634ab23953d939e1c3d345942f13c0dd4588f3cdbb95a97a34,Codex (GPT-6),AI_assisted,2026-09-08,false,top100_metadata_v1,https://doi.org/10.1086/727594,6602110388|57203434746,Thomas Bernauer; Liam F. Beiser-McGrath,2,us_explicit,metadata,,,
85179965686,10.1017/lsi.2023.69,2024,Law and Social Inquiry,Are You Talking to Me? How Ideological and Gender Characteristics Moderate the Effect of Legitimizing Rhetoric on SCOTUS Legitimacy,us_inferred,abstract,unelected US Supreme Court,US Supreme Court legitimacy and justice identity treatments suggest US respondents.,false,554a7831b8117e19e08cfae26191446af838fef3fc42b742cf7cb208b4de5a29,e1b17dcbc1b5319ce52827bc8e313f17faf4cac68576a98e0c247993e533ce40,Codex (GPT-6),AI_assisted,2026-09-08,false,top100_metadata_v1,https://doi.org/10.1017/lsi.2023.69,55175754800,Leah Christiani,1,us_inferred,metadata,,,
85180219290,10.1017/psrm.2023.3,2023,Political Science Research and Methods,Analyze the attentive and bypass bias: Mock vignette checks in survey experiments,us_explicit,full_text,featuring US adults,The methods explicitly identify US adults across the five studies.,false,97a340fe3acf74012dda23e649d57fa900e377aa9e3855b61c6cf4cda1b36d44,ef8dc5db26b7f71b9f99a99d11ebc7667ffa31ba2e0156055d6a86452b3aa419,Codex (GPT-6),AI_assisted,2026-09-09,false,top100_metadata_v1,https://doi.org/10.1017/psrm.2023.3,56611317200,John V. Kane,1,unclear,full_text,85180219290.pdf,5,db8c45bca8c9457295990c6274addb11222dba650be0c45c15db66ed69464916
85182577401,10.1016/j.ecolecon.2023.108102,2024,Ecological Economics,How to design publicly acceptable road pricing? Experimental insights from Switzerland,non_us,abstract,population-representative survey in Switzerland,Study population or findings explicitly situated outside the US.,false,283ea69778fde561eac21d6fae171bf296c776c7a1f0200e7f2532e28750609c,9109ad77fe50d1dc2a2e246a497bb03c37745761aa50a7d41ac49208f7f66eab,Codex (GPT-6),AI_assisted,2026-09-08,false,top100_metadata_v1,https://doi.org/10.1016/j.ecolecon.2023.108102,6602110388,Thomas Bernauer,1,non_us,metadata,,,
85182629341,10.1038/s41598-024-51654-y,2024,Scientific Reports,Public support for more stringent vaccine policies increases with vaccine effectiveness,us_inferred,abstract,in the Group of Seven (G-7) countries,"Wording indicates coverage of the G7, which includes the US; full country list should be confirmed.",true,02918d36f864c7e9bcaf608de35f852cd1ff823ba9d3194a031d10d3134b1f81,231a059e9b2c30c05515b911f74dd2413dde15a81438cfe1fd2c3388c2fca2b1,Codex (GPT-6),AI_assisted,2026-09-08,false,top100_metadata_v1,https://doi.org/10.1038/s41598-024-51654-y,35759060800,Brendan Nyhan,1,us_inferred,metadata,,,
85183015664,10.1093/socpro/spac006,2024,Social Problems,Understanding Discrimination: Outcome-Relevant Information Does Not Mitigate Discrimination,non_us,abstract,representative sample of Danish residents,Study population or findings explicitly situated outside the US.,false,1c71be37af993788ddb5f9ec64377a2a32bd40371f98227e5f3000fbc00726c6,8002b90a16aa53fd2fe29d77b69bb914d0b92747b8c52a9ca03fcea0ba69fcb7,Codex (GPT-6),AI_assisted,2026-09-08,false,top100_metadata_v1,https://doi.org/10.1093/socpro/spac006,56734108300,Mogens Jin Pedersen,1,non_us,metadata,,,
85183492832,10.1017/S0007123423000650,2024,British Journal of Political Science,Giving to the Extreme? Experimental Evidence on Donor Response to Candidate and District Characteristics,us_inferred,abstract,"7,000 verified midterm donors","US elections, Democratic and Republican campaign donors.",false,3214b2aa4c4ebf1614e32ca5b88a5000c1dfa94c2c83ba510d18e6b5d21ba486,531ade8ee2671536cd2f09778f9a470d3436c313b19d69b2f55820484f3cd984,Codex (GPT-6),AI_assisted,2026-09-08,false,top100_metadata_v1,https://doi.org/10.1017/S0007123423000650,57217457882,Gregory A. Huber,1,us_inferred,metadata,,,
85183561559,10.1017/S000842392300063X,2024,Canadian Journal of Political Science,Erosion of International Organizations’ Legitimacy under Superpower Rivalry: Evidence on the International Court of Justice,us_explicit,abstract,survey experiment in the United States,"Metadata directly identifies a US experimental population, setting, or findings attributed to Americans.",false,5e020a9372ce007ba046fef2e4998ca0d68ef2ea5dc975f7264463a13321221a,beaea7de708de489caa5a4165753117e561d7b17ce4e97196dba0cb0b2ddec7b,Codex (GPT-6),AI_assisted,2026-09-08,false,top100_metadata_v1,https://doi.org/10.1017/S000842392300063X,56924059300,Xiaojun Li,1,us_explicit,metadata,,,
85183616534,10.1177/00223433231221426,2024,Journal of Peace Research,Cyber and contentious politics: Evidence from the US radical environmental movement,us_explicit,abstract,nationally diverse sample of Americans,"Abstract explicitly identifies Americans, US respondents, or a US study setting.",false,b36f7a50be435a4868e3698da98ce315d5ed793a7eb6858d8166c7880876885f,a94d0c2398a8ccc9481cd7571bc946763f67f45609edd4ec8f61c1fa82c795da,Codex (GPT-6),AI_assisted,2026-09-08,false,top100_metadata_v1,https://doi.org/10.1177/00223433231221426,35492113000,Thomas Zeitzoff,1,us_explicit,metadata,,,
85183863367,10.1111/ropr.12603,2024,Review of Policy Research,Expert opinion and public support of genetically modified food policy: Does deficit model work in China?,non_us,title,Does deficit model work in China?,Metadata identifies a non-US population or study setting; no US experimental sample is reported.,false,54c42041f5c59a2f6742679c8d286c058c6d706ddbda87fc5be774a326310e00,7f9daee546beb1ba007d2fb4dd475b0b5569c298f7ded9a99d930c5510228346,Codex (GPT-6),AI_assisted,2026-09-08,false,top100_metadata_v1,https://doi.org/10.1111/ropr.12603,57226745341,Li Shao,1,non_us,metadata,,,
85183977264,10.1016/j.erss.2024.103452,2024,Energy Research and Social Science,Can media influence public support for carbon capture and storage? Comparing the impacts of frames in Denmark,non_us,abstract,broadly representative sample of Danes,Study population or findings explicitly situated outside the US.,false,a5ca5ad7c0fa111de7c0f293cc1dfdfdb5ffefb6c74f8ac69228594e20ea5bb8,76dc6a2b21b60289a8b07871ef13d2b3e87cd236399e7ff06b57156de313482f,Codex (GPT-6),AI_assisted,2026-09-08,false,top100_metadata_v1,https://doi.org/10.1016/j.erss.2024.103452,56734108300,Mogens Jin Pedersen,1,non_us,metadata,,,
85185289779,10.1177/00223433231220252,2025,Journal of Peace Research,Microfoundations of domestic audience costs in nondemocratic regimes: Experimental evidence from Putin’s Russia,non_us,abstract,domestic audience costs in the Russian Federation,Metadata identifies a non-US population or study setting; no US experimental sample is reported.,false,72725a085c2d8201d696a0730f07bacc9b731bb483bc33a2eee2adee26c10794,1be9f97b1008f89816994cfb912f9e05f0cff1b393784feea685d38a1f0a4683,Codex (GPT-6),AI_assisted,2026-09-08,false,top100_metadata_v1,https://doi.org/10.1177/00223433231220252,55672957800,Michal Smetana,1,non_us,metadata,,,
85185333173,10.1016/j.rssm.2024.100891,2024,Research in Social Stratification and Mobility,Endorsement of wage discrimination against immigrants: Results from a multifactorial survey experiment in Israeli society,non_us,abstract,the Jewish population in Israel,The factorial experiment sampled Israel's Jewish population.,false,a06b1f7a99c550ad922c291fdc23fb9695e46277ecfbd78d99ee67f148f6cd5b,c8a8ca24048b255b2b3210467b63de37f0a95c6c4824e8144244c95049e4a311,Codex (GPT-6),AI_assisted,2026-09-09,false,top100_2010_metadata_v1,https://doi.org/10.1016/j.rssm.2024.100891,7003772257,Thomas Hinz,1,non_us,metadata,,,
85185575879,10.1017/XPS.2024.1,2024,Journal of Experimental Political Science,More than meets the ITT: A guide for anticipating and investigating nonsignificant results in survey experiments,not_applicable,abstract,The present essay therefore highlights,Methodological guidance; no original experimental sample described.,false,e85a1ffff8bb50b5d0db2bc40f3608895a1baeacdb8c096c4d046289f5ddafa8,9781ce8c6e270ee677ac06676110c4004802bc1417fc052832ba6df7862ef294,Codex (GPT-6),AI_assisted,2026-09-08,false,top100_metadata_v1,https://doi.org/10.1017/XPS.2024.1,56611317200,John V. Kane,1,not_applicable,metadata,,,
85185836671,10.1007/s10584-024-03695-5,2024,Climatic Change,Morality meets menu: investigating the impact of moral appeals on vegetarianism through a conjoint survey experiment,us_explicit,abstract,conjoint experiment involving 1520 US respondents,"Abstract explicitly identifies Americans, US respondents, or a US study setting.",false,69d6d78f611c0022f404422ab9433d0978d9096db884c422ba89d2f254257fd0,5d229ec1b62352612f967e64886152bc09a835aa46bc95f3a6aa6ef4c8e56cde,Codex (GPT-6),AI_assisted,2026-09-08,false,top100_metadata_v1,https://doi.org/10.1007/s10584-024-03695-5,7202316609,Aseem Prakash,1,us_explicit,metadata,,,
85185948624,10.1093/pnasnexus/pgae034,2024,Pnas Nexus,How persuasive is AI-generated propaganda?,us_explicit,abstract,preregistered survey experiment of US respondents,"Metadata directly identifies a US experimental population, setting, or findings attributed to Americans.",false,bd7f0e4bbf1c99fb8fa270c068011f0c0afe69c82d9ab3a31e2f989e04b918f2,ae85c46bc530892ef512f81fac7458c0336494b76cfeac9691c5edcf00d3a599,Codex (GPT-6),AI_assisted,2026-09-08,false,top100_metadata_v1,https://doi.org/10.1093/pnasnexus/pgae034,6505910383,Michael Tomz,1,us_explicit,metadata,,,
85186262055,10.1177/00220027241232961,2025,Journal of Conflict Resolution,Managing Nationalism: Experiments in China,non_us,abstract,national survey experiments in China,Metadata identifies a non-US population or study setting; no US experimental sample is reported.,false,8d260ae87b7f3ede3474245573120d0342f991e7e2db9082e5ce374c5466306c,bc0e906f849460abfa5708a618fa528598b865788152553854299dbb67bc481c,Codex (GPT-6),AI_assisted,2026-09-08,false,top100_metadata_v1,https://doi.org/10.1177/00220027241232961,56868425000,Kai Quek,1,non_us,metadata,,,
85186427431,10.1177/13691481241230859,2025,British Journal of Politics and International Relations,Do international rankings affect public opinion?,non_us,abstract,preregistered survey experiment in Israel,Metadata identifies a non-US population or study setting; no US experimental sample is reported.,false,337a48d80e433bb19279c8f040f272b680d967a1ed557b9cc5f9c23ca8b674b2,f2e73ac5aa81d4ef36387e2307908858dd1dd19e7bf76902bc37f535e3200190,Codex (GPT-6),AI_assisted,2026-09-08,false,top100_metadata_v1,https://doi.org/10.1177/13691481241230859,56196951600,Omer Yair,1,non_us,metadata,,,
85186447775,10.1007/s11109-024-09920-2,2024,Political Behavior,Too Young to Run? Voter Evaluations of the Age of Candidates,non_us,abstract,two novel survey experiments in Japan,Study population or findings explicitly situated outside the US.,false,dda037bf718ebd59e185a20f41f9eb7362623951f74c4bece94dabdc67ba9011,00983c3390ddc2675d15044d1014aabf912e9fc04a33044eb1193e5454f49a58,Codex (GPT-6),AI_assisted,2026-09-08,false,top100_metadata_v1,https://doi.org/10.1007/s11109-024-09920-2,55091186500,Yoshikuni Ono,1,non_us,metadata,,,
85186617417,10.1017/S0003055423001454,2025,American Political Science Review,The Liar's Dividend: Can Politicians Claim Misinformation to Evade Accountability?,us_explicit,abstract,"five survey experiments to over 15,000 American adults","Metadata directly identifies a US experimental population, setting, or findings attributed to Americans.",false,98319fd33238ba593447f8355630e6a8633563c192769cb33ad4c955291503b3,eb2247eb3daf8d1c8238bfc0b5493f335ea3a1c28d8615e3ee8bd89e02bed4dc,Codex (GPT-6),AI_assisted,2026-09-08,false,top100_metadata_v1,https://doi.org/10.1017/S0003055423001454,57220203816,Kaylyn Jackson Schiff,1,us_explicit,metadata,,,
85186919352,10.1111/puar.13800,2024,Public Administration Review,Frontline employees' responses to citizens' communication of administrative burdens,non_us,abstract,1048 Danish public caseworkers,Study population or findings explicitly situated outside the US.,false,3228fadb7bac909d437f2c44c6eaaaf7ba2a42d896ee161a508864e616ff5bcd,c81cee96327f8379daa74c3125d24237f02b626b9840e04fada75b6b377e8c78,Codex (GPT-6),AI_assisted,2026-09-08,false,top100_metadata_v1,https://doi.org/10.1111/puar.13800,57203170141,Niels Bjørn Grund Petersen,1,non_us,metadata,,,
85187132462,10.1038/s41467-024-45399-5,2024,Nature Communications,Stringent sustainability regulations for global supply chains are supported across middle-income democracies,non_us,abstract,"Brazil, India, Indonesia",Study population or findings explicitly situated outside the US.,false,6f0f9abcc2ccc305129db83ce152ccdcd4647bd36596220420fb9f67e933b101,8551ff2daeaa2e352564e039da85788fe89e90fa4346153d419357c538362cdd,Codex (GPT-6),AI_assisted,2026-09-08,false,top100_metadata_v1,https://doi.org/10.1038/s41467-024-45399-5,6602110388,Thomas Bernauer,1,non_us,metadata,,,
85188096695,10.1016/j.socscimed.2024.116766,2024,Social Science and Medicine,Which foreign vaccine should the government purchase in a pandemic? Evidence from a survey experiment in the United States,us_explicit,abstract,"survey experiment of 1,110 U.S. residents","Abstract explicitly identifies Americans, US respondents, or a US study setting.",false,25f96895cd8582eb3f34e92f6042b284b14dbff096ea047dc29a2c2777e30ac0,a0fefe6530f0c58dffa2168d9a83e622d900eac83da4d5e1ee665a61ba717163,Codex (GPT-6),AI_assisted,2026-09-08,false,top100_metadata_v1,https://doi.org/10.1016/j.socscimed.2024.116766,55603014300,Tobias Heinrich,1,us_explicit,metadata,,,
85188521838,10.1177/00027162241233131,2023,Annals of the American Academy of Political and Social Science,Can Institutional Reform Protect Election Certification?,us_explicit,abstract,nationally representative sample of Americans,"Metadata directly identifies a US experimental population, setting, or findings attributed to Americans.",false,0027bb0ab44c24d0ee93fa1cccb32420b0639a654f5e6d1b5acbd853e1d48b4d,ec6f8128f27c9afec96f467244c51e52d1802c94c6a87521094b8ab89427a754,Codex (GPT-6),AI_assisted,2026-09-08,false,top100_metadata_v1,https://doi.org/10.1177/00027162241233131,7401620196,Daniel M. Butler,1,us_explicit,metadata,,,
85188604798,10.1007/s10584-024-03709-2,2024,Climatic Change,"How does an economic shock affect environmental attitudes, preferences and issue importance? Evidence from Switzerland",non_us,abstract,Switzerland,Survey panel in Switzerland; experimental eligibility separate from geography annotation.,false,08b28e7f5813f4c1171b47851f077cd31e01c02f02c8781254ec131abba88b06,ef26a3407a1011441f3fbd18600a9551078610a9ee19ae54807c464ddd140119,Codex (GPT-6),AI_assisted,2026-09-08,false,top100_metadata_v1,https://doi.org/10.1007/s10584-024-03709-2,57190806413,Lukas Rudolph,1,non_us,metadata,,,
85189611762,10.1177/10659129241242040,2024,Political Research Quarterly,Suppression by Mobilization: How Information Control Strategies Contain Political Criticism in Autocracies,non_us,abstract,two survey experiments in China,Metadata identifies a non-US population or study setting; no US experimental sample is reported.,false,55e2f4b9331ac23d3515289afec3cfa15736f6d47ab06537cdfda90c7c721d77,6f3996b280655e99e9ac83b683cdf72f7f384e35025c1e18fc99d3a6ad922e3f,Codex (GPT-6),AI_assisted,2026-09-08,false,top100_metadata_v1,https://doi.org/10.1177/10659129241242040,57226745341,Li Shao,1,non_us,metadata,,,
85189699546,10.1093/isq/sqae062,2024,International Studies Quarterly,Credibility in Crises: How Patrons Reassure Their Allies,non_us,abstract,"Estonia, Latvia, Lithuania, Poland, and Romania",Metadata identifies a non-US population or study setting; no US experimental sample is reported.,false,fbec04958c6706554b07439cb9b15a6691be2d0498345cf6b120301a0032bb3d,797e20833ff73a2fb3520d8cbba2e2f488098ab4f08656a23b8ddb3d82212540,Codex (GPT-6),AI_assisted,2026-09-08,false,top100_metadata_v1,https://doi.org/10.1093/isq/sqae062,57188880644,Lauren Sukin,1,non_us,metadata,,,
85190319537,10.1073/pnas.2311825121,2024,Proceedings of the National Academy of Sciences of the United States of America,"Widespread, bipartisan aversion exists to neighbors owning AR-15s or storing guns insecurely",us_inferred,abstract,a hidden consensus exists in America,National gun-ownership experiments framed around US public and Republicans.,false,2d3e6c5b45a53922755368e91ab5b2f62f288c242163f6d9d27c77bfba5099d4,11b553493d1d8ef5b9bf9963fab754ba8876d57f6f98863f1e83fbc9eb70d645,Codex (GPT-6),AI_assisted,2026-09-08,false,top100_metadata_v1,https://doi.org/10.1073/pnas.2311825121,38061940400,Justin T. Pickett,1,us_inferred,metadata,,,
85190436333,10.1093/isq/sqae067,2024,International Studies Quarterly,Cheap Tweets?: Crisis Signaling in the Age of Twitter,us_explicit,abstract,on US public samples,"Metadata directly identifies a US experimental population, setting, or findings attributed to Americans.",true,f55499791b29e2df45cd76a193b25b78486750eb63d8851ea0a852840abe2393,e52cea9bd08c7621a6ff7edcf1476396d524736515f2fb8babf5ecf2a4d70ac1,Codex (GPT-6),AI_assisted,2026-09-08,false,top100_metadata_v1,https://doi.org/10.1093/isq/sqae067,23479932300,Erik Lin-Greenberg,1,us_explicit,metadata,,,
85191602397,10.1017/XPS.2023.40,2025,Journal of Experimental Political Science,"(Small D-democratic) vacation, all I ever wanted? The effect of democratic backsliding on leisure travel in the American states",us_explicit,abstract,"we find that Americans, and especially Democrats","Metadata directly identifies a US experimental population, setting, or findings attributed to Americans.",false,74bebd20c6f5ec064bf4a034ccaf07e552aa016c11ab1b70b1fc6a1f81eb09ff,3f11ea45b6a73d17f69673f819ef807e23ce17c3741d6142af4f033fa169b238,Codex (GPT-6),AI_assisted,2026-09-08,false,top100_metadata_v1,https://doi.org/10.1017/XPS.2023.40,55494876700,David R. Miller,1,us_explicit,metadata,,,
85191915888,10.1073/pnas.2321025121,2024,Proceedings of the National Academy of Sciences of the United States of America,Correcting misperceptions of the material benefits associated with union membership increases Americans’ interest in joining unions,us_explicit,abstract,representative of the US population,"Abstract explicitly identifies Americans, US respondents, or a US study setting.",false,dac36dffbbcea8d9c37f3f15b5d147d80233993f8342655ec005d450247368b1,acff5f6eb744641cfac4bef2578d6153999751e7e26e50200d623dc151aeed5e,Codex (GPT-6),AI_assisted,2026-09-08,false,top100_metadata_v1,https://doi.org/10.1073/pnas.2321025121,16305967100,Robb Willer,1,us_explicit,metadata,,,
85192145575,10.1111/psq.12874,2024,Presidential Studies Quarterly,Acting(s) without consequence: The (lack of) public costs for vacancies and acting officials,us_inferred,abstract,President Joe Biden's usage of acting officials,Public reactions to US presidential appointments suggest a US electorate.,false,c285785829316a32a152cab4c8e2a247525471f77b5c6746317b6a212e18364f,e6c528c7c414b6f409b7e0baf422185507ddee6c412a45ca98cac8f92cf49c06,Codex (GPT-6),AI_assisted,2026-09-08,false,top100_metadata_v1,https://doi.org/10.1111/psq.12874,55494876700,David R. Miller,1,us_inferred,metadata,,,
85192535937,10.1111/1468-4446.13099,2024,British Journal of Sociology,Politicians' high-status signals make less-educated citizens more supportive of aggression against government: A video-vignette survey experiment,non_us,abstract,representative sample of the Dutch population,Metadata identifies a non-US population or study setting; no US experimental sample is reported.,false,5fc9ee0c7fde2f05596c1d249a6c88875b5ae311cc70e21ba0923d96ad08f83b,ddeed29811b6c7f2d005077f6022b7ae10c05df462d4e2a8dbcd829eb1aa1a53,Codex (GPT-6),AI_assisted,2026-09-08,false,top100_metadata_v1,https://doi.org/10.1111/1468-4446.13099,22836955000,Jeroen van der Waal,1,non_us,metadata,,,
85193006917,10.1017/rep.2024.5,2024,Journal of Race Ethnicity and Politics,American Dream versus American Reality: How Information about Structural Racism Can Prompt Support for Race-Based Policies,us_explicit,abstract,"approximately 4,000 white Americans","Metadata directly identifies a US experimental population, setting, or findings attributed to Americans.",false,9ff58411fb52dcd4bb02b1bcc43379fb927676e93975940799a50c02d3e28c3a,6fda07029ebaa43ff5656eac4a2eb7b24a8f7cc5995075d843369ecc74733f7d,Codex (GPT-6),AI_assisted,2026-09-08,false,top100_metadata_v1,https://doi.org/10.1017/rep.2024.5,55175754800,Leah Christiani,1,us_explicit,metadata,,,
85193752111,10.1017/S0007123424000140,2024,British Journal of Political Science,"Nationalism, Status, and Conspiracy Theories: Evidence from Pakistan",non_us,abstract,conspiracy theories related to ethnic minority groups in Pakistan,Metadata identifies a non-US population or study setting; no US experimental sample is reported.,false,3eb8ef90d894aed339c0e9d5bdb75a9a75d6c07d1967398bc0a6d98d374cc43d,a178738c1030194129404514b33a6ef168c10c3d9dc50aea3bca41aee4207112,Codex (GPT-6),AI_assisted,2026-09-08,false,top100_metadata_v1,https://doi.org/10.1017/S0007123424000140,57200795890,Niloufer A. Siddiqui,1,non_us,metadata,,,
85193819898,10.1086/729946,2024,Journal of Politics,Social Group Appeals in Party Rhetoric: Effects on Policy Support and Polarization,unclear,abstract,,Party rhetoric without sample country.,false,d9d903d235cbfabd67f52efe6bfdb169332208d700bfe8da0a5b347556828d1f,395956b3a5b97b5b702a3cde7ce1a8418229aa4f4b9636e8ee69ef870c4c164c,Codex (GPT-6),AI_assisted,2026-09-08,false,top100_metadata_v1,https://doi.org/10.1086/729946,37065230200,Markus Wagner,1,unclear,metadata,,,
85193946140,10.1007/s11109-024-09939-5,2025,Political Behavior,Deserving Government Assistance? Public Support for Aid to Struggling Firms and Workers,us_explicit,abstract,Using conjoint survey experiments in the U.S.,"Abstract explicitly identifies Americans, US respondents, or a US study setting.",false,adddf72020e65d5c77f0915e2e3b23934324aeba5406713800e07adbb6b2a408,3982f026408786cddaeb07f73200987430f388c663b671e6cb65fb2d69c6b1c7,Codex (GPT-6),AI_assisted,2026-09-08,false,top100_metadata_v1,https://doi.org/10.1007/s11109-024-09939-5,55603014300,Tobias Heinrich,1,us_explicit,metadata,,,
85193970570,10.1093/pnasnexus/pgae161,2024,Pnas Nexus,Blocking of counter-partisan accounts drives political assortment on Twitter,us_inferred,abstract,political assortment of Americans,US partisan Twitter networks followed by survey replication; survey country unstated.,false,811f8d1efad751b55cd41881ee4d065780c2dda39f35fc97bc64fc31da2f6b50,7e219983d697e4601c92529f8e6497c8fd1d973f1dbe75579732c0dca79b8c1d,Codex (GPT-6),AI_assisted,2026-09-08,false,top100_metadata_v1,https://doi.org/10.1093/pnasnexus/pgae161,23095594600,David G. Rand,1,us_inferred,metadata,,,
85193987772,10.1016/j.enpol.2024.114182,2024,Energy Policy,Willingness to incur private costs for climate adaptation? Public support for undergrounding electricity transmission lines in California,us_explicit,abstract,In a survey experiment in California,US state identifies location.,false,d7285c4cd8084bfed7ef3822b52225c63e1153927628b7c97d981fa007c35ab7,bb9140a7d83585ed63849e0da1ff562a999384e19ab55f7a18c23496c38c26f4,Codex (GPT-6),AI_assisted,2026-09-08,false,top100_metadata_v1,https://doi.org/10.1016/j.enpol.2024.114182,7202316609|57206937457,Aseem Prakash; Azusa Uji,2,us_explicit,metadata,,,
85194493858,10.1155/2024/1602237,2024,Human Behavior and Emerging Technologies,Do We Trust Artificially Intelligent Assistants at Work? An Experimental Study,non_us,abstract,828 participants from Finland,Metadata identifies a non-US population or study setting; no US experimental sample is reported.,false,c19c175922f12a02dd22f3d9476ef5f4c6e30fef8ac6a2a3e7ba863df76da763,95aaf857ec89f986c6ee91a9859c79f3f1fdf950a22aa39373808058c79882e8,Codex (GPT-6),AI_assisted,2026-09-08,false,top100_metadata_v1,https://doi.org/10.1155/2024/1602237,42161868700,Atte Oksanen,1,non_us,metadata,,,
85195873095,10.1016/j.electstud.2024.102820,2024,Electoral Studies,Testing the person-positivity bias in a political context: Voters’ affective responses to (non-)personalized individual political actors versus collective political actors,non_us,abstract,representative sample of the Flemish population,Metadata identifies a non-US population or study setting; no US experimental sample is reported.,false,d170793728410dd6f9b7e2905f19d5980e1a5cd863aa55d57e853a19d5503cbf,ab39ed11a64261d70ddedeaac65779f2b4a743bc523cfff7351b6bb50ebc387b,Codex (GPT-6),AI_assisted,2026-09-08,false,top100_metadata_v1,https://doi.org/10.1016/j.electstud.2024.102820,57196390820,Robin Devroe,1,non_us,metadata,,,
85196067903,10.1007/s11109-024-09944-8,2025,Political Behavior,Online Abuse of Politicians: Experimental Evidence on Politicians’ Own Perceptions,unclear,abstract,,Politicians from several government levels without country.,false,b4bb85f97280c0f16d53831a273f4327d51e10a33434e4c082987e5f5fbe1728,e67aed825bcc244f20c5b97e7bc738783e41426fcc991db3159c5d6ab6b58fee,Codex (GPT-6),AI_assisted,2026-09-08,false,top100_metadata_v1,https://doi.org/10.1007/s11109-024-09944-8,25224644900,Rasmus Tue Pedersen,1,unclear,metadata,,,
85196196052,10.1007/s11292-024-09625-w,2025,Journal of Experimental Criminology,"Does the public want the police to stop, stopping? An experimental look at the impact of outcome data on public perceptions of police discretionary traffic stops",unclear,abstract,,Available metadata does not locate the experimental sample.,false,c6269764b38205ce61bcc767f7512cc73279b0def623f3de53a6410168e63c5c,178c88a1f9ba2966cc0df12f90eecaa08f67a7df99488ecc999eb8eb9f7b87fa,Codex (GPT-6),AI_assisted,2026-09-08,false,top100_metadata_v1,https://doi.org/10.1007/s11292-024-09625-w,57211410814,Hunter M. Boehme,1,unclear,metadata,,,
85197616759,10.1093/fpa/orae016,2024,Foreign Policy Analysis,Contextualizing Individual Attitudes on Economic Statecraft,us_explicit,abstract,In a US sample,"Metadata directly identifies a US experimental population, setting, or findings attributed to Americans.",false,66660b0ccbf76c4b9ee40507273ffe68d0c64bc674805f41d01434a268177dc9,f9ec7a67c87b9cddc242b8ef8f78e7fb13dfe0efa6a74e654f8fa99f042f3b0f,Codex (GPT-6),AI_assisted,2026-09-08,false,top100_metadata_v1,https://doi.org/10.1093/fpa/orae016,35784707400,Susan M. Miller,1,us_explicit,metadata,,,
85197852159,10.1007/s11205-024-03372-1,2024,Social Indicators Research,The Influence of Rating Scales and Question Attributes on the Validity and Reliability of Generalized Trust Scales,us_explicit,abstract,non-probability sample of U.S. adults,"Abstract explicitly identifies Americans, US respondents, or a US study setting.",false,5530bbbcd95bbbb9e3a62deede3ed75e0e81f9e27509d0d26d8795d6d62ef89e,8e878ee4bb5ef8bf3fd36d4e47296ef234687850cb10f275aa508a47df68ebe9,Codex (GPT-6),AI_assisted,2026-09-08,false,top100_metadata_v1,https://doi.org/10.1007/s11205-024-03372-1,36775562800,Blaine G. Robbins,1,us_explicit,metadata,,,
85198928846,10.1017/S0020818324000225,2024,International Organization,"Race, Representation, and the Legitimacy of International Organizations",us_explicit,abstract,South Africa and the United States,Also Kenya; number of experiments not allocated by country.,true,fc42a1d3aea04386f07b60f4e88274454a907fba16bb5c5cea1cabf1dd388ff2,fe5d68bdffcdcc42a00b02b8d6f8ff9ea7c09c03dc16290202e58b2e7fcf6036,Codex (GPT-6),AI_assisted,2026-09-08,false,top100_metadata_v1,https://doi.org/10.1017/S0020818324000225,24339564700,David A. Steinberg,1,us_explicit,metadata,,,
85198952844,10.1007/s11109-024-09960-8,2025,Political Behavior,"Framing Layoffs: Media Coverage, Blame Attribution, and Trade-Related Policy Responses",us_explicit,abstract,respondents in the US and Canada,"Abstract explicitly identifies Americans, US respondents, or a US study setting.",true,9550901994953ff720dc7a114a227ea3aaf2969e00a235c1706e6843ed974b7d,ddb60311ca7b58706fb2fbc9e3dc7ee6a8e204d29274697aeb6db3a70a4cb971,Codex (GPT-6),AI_assisted,2026-09-08,false,top100_metadata_v1,https://doi.org/10.1007/s11109-024-09960-8,56556884300,Ryan Brutger,1,us_explicit,metadata,,,
85198999643,10.1016/j.ejpoleco.2024.102583,2024,European Journal of Political Economy,Black representation and the popular legitimacy of the Federal Reserve,us_explicit,abstract,separate samples of 3000 Americans,Two separately described samples; do not sum across papers without overlap checks.,false,e60ba9ca61e11f7b195f58379940dc6ea51fec9af49544765cf862ec6bca2295,103cc86ededf5b194264e55bb2e67b1296d505231dc47ae5bba69b42eab7ffef,Codex (GPT-6),AI_assisted,2026-09-08,false,top100_metadata_v1,https://doi.org/10.1016/j.ejpoleco.2024.102583,24339564700,David A. Steinberg,1,us_explicit,metadata,,,
85199078378,10.1332/03055736Y2024D000000028,2024,Policy and Politics,Welfare solidarity in multi-ethnic societies: can social investment reduce the anti-immigrant bias?,us_explicit,abstract,"Denmark, Germany, Sweden, Switzerland, the UK and the US","Metadata directly identifies a US experimental population, setting, or findings attributed to Americans.",true,1832f733c697a86b8655a47aa7046a23e80d05f37cd34809c8fd249c3893574d,73a9210c1a01d29126c1406082e28c3e43c78dee3dc1d526e199bdf8394cf86c,Codex (GPT-6),AI_assisted,2026-09-08,false,top100_metadata_v1,https://doi.org/10.1332/03055736Y2024D000000028,6602698051,Giuliano Bonoli,1,us_explicit,metadata,,,
85199252364,10.1016/j.socec.2024.102274,2024,Journal of Behavioral and Experimental Economics,How does information about inequality shape voting intentions and preferences for redistribution? Evidence from a randomized survey experiment in Indonesia,non_us,abstract,randomised survey experiment in Indonesia,Metadata identifies a non-US population or study setting; no US experimental sample is reported.,false,ff06d78f59d1b09f7a40943835e2aace280c72bca86dbb618dfd22400af5b8fa,0cf931b1baa3964e4e6b6b461f343fc561455efa50c46dcb3351701321a32f74,Codex (GPT-6),AI_assisted,2026-09-08,false,top100_metadata_v1,https://doi.org/10.1016/j.socec.2024.102274,57226018577,Christopher Hoy,1,non_us,metadata,,,
85199980210,10.1177/00323217241266025,2025,Political Studies,Beyond the Ballot: The Impact of Voting Margin and Turnout on the Legitimacy of Referendum Outcomes in Europe,non_us,abstract,across seven European nations,Metadata identifies a non-US population or study setting; no US experimental sample is reported.,false,ff511265017e101af930981d16acd6c8aa0213ee55e16fb5951ba5523677a083,6b1a5021a0b256bcd1e2de98cede5815500838f99409dc73a63df0e6bb245188,Codex (GPT-6),AI_assisted,2026-09-08,false,top100_metadata_v1,https://doi.org/10.1177/00323217241266025,50861069700,Sveinung Arnesen,1,non_us,metadata,,,
85200455835,10.1080/19331681.2024.2370815,2025,Journal of Information Technology and Politics,Self-interest and preferences for the regulation of artificial intelligence,unclear,abstract,,AI jobs experiment without country-specific context.,false,52111d5f0d2bba03506cdbe97cea679915af4aea15517e472ad7f41742532ff6,e476f7d697b33892b2c7965cc41960969612c46c529855818183fccef90613b5,Codex (GPT-6),AI_assisted,2026-09-08,false,top100_metadata_v1,https://doi.org/10.1080/19331681.2024.2370815,55603014300,Tobias Heinrich,1,unclear,metadata,,,
85200831312,10.1038/s41598-024-69562-6,2024,Scientific Reports,The effects of facial appearance on measures of generalized trust,us_explicit,abstract,sample of U.S. adults,"Abstract explicitly identifies Americans, US respondents, or a US study setting.",false,a45418d4411cb8e8ab231a1a6d38a0228513ac691b43489b9d67228f38f73b4e,4a0750c888728a2af337e67f50b9618c4d771974e5d8a2a34c37d5931cb9bd2f,Codex (GPT-6),AI_assisted,2026-09-08,false,top100_metadata_v1,https://doi.org/10.1038/s41598-024-69562-6,36775562800,Blaine G. Robbins,1,us_explicit,metadata,,,
85201275085,10.1177/20531680241276795,2024,Research and Politics,Elite-public gaps in support for nuclear and chemical strikes: New evidence from a survey of British parliamentarians and citizens,non_us,abstract,representative samples of British citizens and parliamentarians,Metadata identifies a non-US population or study setting; no US experimental sample is reported.,false,25d1f151dd5909c30c9f18558b6d03f21ba456e3dbcf2cb22df09c6b33f37393,4f63e2ee25b4d96f058fceeba2b6c8a2f3c763590806ba6411d41084817aa85d,Codex (GPT-6),AI_assisted,2026-09-08,false,top100_metadata_v1,https://doi.org/10.1177/20531680241276795,55672957800|57220041117,Michal Smetana; Ondřej Rosendorf,2,non_us,metadata,,,
85201964089,10.1177/1532673X241276420,2024,American Politics Research,Do Voters Punish Women Politicians More?,us_explicit,abstract,nationally representative sample of 1495 American citizens,"Metadata directly identifies a US experimental population, setting, or findings attributed to Americans.",false,8e61f1ed5de87a9737ac77295ed8646d91043ea18b0dae77dfb5fc0e183ddf63,d4a8d5aab50815c3ae6501ea6e1e98f07a55a282d5ad0d1079c4a14140b5751e,Codex (GPT-6),AI_assisted,2026-09-08,false,top100_metadata_v1,https://doi.org/10.1177/1532673X241276420,7006126634,André Blais,1,us_explicit,metadata,,,
85202761631,10.1007/s11109-024-09964-4,2025,Political Behavior,Ballot Box Representation: Spatial Voting and the Effects of Information in Direct Democracy Elections,us_explicit,full_text,an additional 998 Californians,The experiment in Study 3 recruited an additional California sample; preceding studies also use California residents.,false,9b826a46b832f0798250f2d73a62c861424ac5400505970997662cd8f92ae24c,719f3cd0a86f5eec61997951bf6ad319c280fc3df2c24c4a9239b35e8e624740,Codex (GPT-6),AI_assisted,2026-09-09,false,top100_metadata_v1,https://doi.org/10.1007/s11109-024-09964-4,25654666600|35233806200,Cheryl Boudreau; Scott A. MacKenzie,2,unclear,full_text,85202761631.pdf,17,5d563487897868f134694505b1da654b66bcf29dc2458193dc24e1d68c35285b
85202899391,10.1016/j.jebo.2024.106713,2024,Journal of Economic Behavior and Organization,The subsidy trap: Explaining the unsatisfactory effectiveness of hiring subsidies for the senior unemployed,non_us,full_text,participants were active in the Flemish context,The experiment uses recruiters in the Flemish labor market in Belgium.,false,97745a40e9787bde16607e7af63e3ce6939cd16bd5d10257285500ae83a3f7fb,a08912dff608b24f538e3077820edf6e82684310a8d00f14568d3f17cccd148d,Codex (GPT-6),AI_assisted,2026-09-09,false,top100_metadata_v1,https://doi.org/10.1016/j.jebo.2024.106713,55746145800,Stijn Baert,1,unclear,full_text,85202899391.pdf,7,4f2aae00cce2e2fed1e23989536cf9d4b30f76d68520f2faac5c64f61fdb7af4
85202949339,10.1088/1748-9326/ad6781,2024,Environmental Research Letters,Choosing to protect: public support for flood defense over relocation in climate change adaptation,us_explicit,abstract,nationally representative samples in the United States and Germany,"Abstract explicitly identifies Americans, US respondents, or a US study setting.",true,7322f8ba48cf1e38b71af9704a0be9ea7fc33d0082f0ccccf805b65938a69b61,e8a4a7532a510a98904169030bd193f2e118f0315f9179607bd1d88f42f630a9,Codex (GPT-6),AI_assisted,2026-09-08,false,top100_metadata_v1,https://doi.org/10.1088/1748-9326/ad6781,6602110388,Thomas Bernauer,1,us_explicit,metadata,,,
85203853246,10.1088/1748-9326/ad6916,2024,Environmental Research Letters,Can the court bridge the gap? Public perception of economic vs. generational inequalities in climate change mitigation policies,non_us,abstract,survey experiment fielded among German citizens,Metadata identifies a non-US population or study setting; no US experimental sample is reported.,false,2b5bc2733004f459a1310893cd4abf58bab73f27c873e79113fdc719f606bf72,7d2e771efd2984649f048f67ffbbe5aac67ba86d0fc103c4daefbc73ccdc041b,Codex (GPT-6),AI_assisted,2026-09-08,false,top100_metadata_v1,https://doi.org/10.1088/1748-9326/ad6916,36676605900,Gabriele Spilker,1,non_us,metadata,,,
85203879255,10.1016/j.tranpol.2024.08.016,2024,Transport Policy,"“How much should public transport services be expanded, and who should pay? Experimental evidence from Switzerland”",non_us,abstract,with a focus on Switzerland,Study population or findings explicitly situated outside the US.,false,e15e6d4728740392f1aefcf1bef8b028e4789091e1ea6be2803c36caa614464e,7f726ebbd1b272d892483d11e7562e3790bd94312be79122fac597e70e3bff47,Codex (GPT-6),AI_assisted,2026-09-08,false,top100_metadata_v1,https://doi.org/10.1016/j.tranpol.2024.08.016,6602110388,Thomas Bernauer,1,non_us,metadata,,,
85204053529,10.15195/V11.A28,2024,Sociological Science,Examining Attitudes toward Asians throughout the COVID-19 Pandemic with Repeated Cross-Sectional Survey Experiments,us_explicit,full_text,target population (US adults),YouGov experimental samples are drawn to represent US adults.,false,ef615b007d956d85e0d68d1518ac1ceea3c9aa099dfa7809be7b3c46233c9dcd,70086e3f21fde9700656f5c316451c361f06b639bae19e8eeff61f97f0766d19,Codex (GPT-6),AI_assisted,2026-09-09,false,top100_metadata_v1,https://doi.org/10.15195/V11.A28,49861923700,Ariela Schachter,1,unclear,full_text,85204053529.pdf,3,66de4162bfba111c15a1de7bd53428a84d40c8f70f9c4024e7bc6b0fdae7e67f
85204086208,10.15195/V11.A29,2024,Sociological Science,Housework as a Woman’s Job? What Looks Like Gender Ideologies Could Also Be Stereotypes,non_us,abstract,the German family panel pairfam,The housework experiment was embedded in Germany's pairfam panel.,false,e9fc0340f243dfa6f6ea1246220f63e0a98045e2f9e309c5bb37ff165fe153b3,146a64eb52ab81081aeb8949066948f79b032ff44e33bcbcb3282fb764e122d4,Codex (GPT-6),AI_assisted,2026-09-09,false,top100_2010_metadata_v1,https://doi.org/10.15195/V11.A29,17345075500,Katrin Auspurg,1,non_us,metadata,,,
85204418104,10.1073/pnas.2402428121,2024,Proceedings of the National Academy of Sciences of the United States of America,Illusory interparty disagreement: Partisans agree on what hate speech to censor but do not know it,us_inferred,abstract,points of contention in the US,National survey of hate-speech censorship in US party context.,false,141bf7de072b9bae26945776f86293962e03b15f2cdfdf5710aa0722ecaeb839,4fb1179fba6538c7e9728d550e8cf398ba1dbd83e9b559225afce2f5c140272c,Codex (GPT-6),AI_assisted,2026-09-08,false,top100_metadata_v1,https://doi.org/10.1073/pnas.2402428121,6603696960,James N. Druckman,1,us_inferred,metadata,,,
85205118689,10.1017/psrm.2024.32,2025,Political Science Research and Methods,Two terms of endearment? Incumbent-party performance in US presidential elections,us_inferred,abstract,Presidential elections are arguably the most consequential recurring political event in the United States,US presidential elections frame experiment.,false,c421acd6a4c50b6da2f91bbf84f273c34fe6da27fe6a44fa3578aeb0054f7358,899d373ae8969394d1b30d9397f624d21553da5cbd8e6baec6e57f14cb4f48ba,Codex (GPT-6),AI_assisted,2026-09-08,false,top100_metadata_v1,https://doi.org/10.1017/psrm.2024.32,56611317200,John V. Kane,1,us_inferred,metadata,,,
85205257452,10.1111/padm.13037,2025,Public Administration,Does public officials' risk preference differ in self versus public decision-making? It depends on decision framing and bet size,non_us,abstract,survey experiment using Chinese public officials,Study population or findings explicitly situated outside the US.,false,e92d1e300bef0da5906e270b611e08b8600b1b47ad23190e41c20d3bb5279099,e0a33fae17091eaa7cbac89b215c7333c43251882f322a8c6a530a1472b82c5c,Codex (GPT-6),AI_assisted,2026-09-08,false,top100_metadata_v1,https://doi.org/10.1111/padm.13037,57191360465,Jinfeng Zhang,1,non_us,metadata,,,
85205529418,10.1007/s11109-024-09976-0,2025,Political Behavior,Making Issues Matter: Local Media and Policy-Based Evaluations of Politicians,us_inferred,abstract,their members of Congress,US congressional representation and local media context.,false,8cba0d17b0b792d9ff0e47a075004a7eb086fe34b09b2adc02cbafc4c2e12f91,df7ead4e895ae58a9b58387d1b5c47f60deafbe6176cfdf2b1cac539e8f60e0b,Codex (GPT-6),AI_assisted,2026-09-08,false,top100_metadata_v1,https://doi.org/10.1007/s11109-024-09976-0,55612017400,Erik Peterson,1,us_inferred,metadata,,,
85205574905,10.1007/s10943-024-02146-w,2025,Journal of Religion and Health,Mood Disorder Public Stigma in Jewish Communities in the United States,us_explicit,abstract,experimental vignette design in Jewish communities in the United States,"Abstract explicitly identifies Americans, US respondents, or a US study setting.",false,295e0d412e36262d6d763d53d3e6d2a25103334b10371003b7100e23b112e96c,99b398e75d3c89deaf74ad07500ec63d075989fa2c163fb812b97cd53b6b6b17,Codex (GPT-6),AI_assisted,2026-09-08,false,top100_metadata_v1,https://doi.org/10.1007/s10943-024-02146-w,14832646600,Robin E. Gearing,1,us_explicit,metadata,,,
85205594046,10.1038/s41586-024-07942-8,2024,Nature,Differences in misinformation sharing can lead to politically asymmetric sanctions,unclear,abstract,,US Twitter data and 16-country pooled sources; survey-experiment countries not separately identified.,false,18f3ce7eca495a04995b220bee110076b1294cbe12bf402ab9924430f8064617,d9d50b7f9da86e782df657e66b0a40e31834007df1e28b8674f4142cdd29c078,Codex (GPT-6),AI_assisted,2026-09-08,false,top100_metadata_v1,https://doi.org/10.1038/s41586-024-07942-8,23095594600,David G. Rand,1,unclear,metadata,,,
85206340986,10.1093/ssjj/jyae010,2024,Social Science Japan Journal,Barking up the wrong tree? Voter bias and female underrepresentation in Japanese politics,non_us,abstract,survey experiments in Japan,Study population or findings explicitly situated outside the US.,false,7953ef852e52f8b1624204a0c774fa93010abd91c33d193a14c445111d410b45,bef555786b8065243a68ea64c69c7855bc043a0e29d50755c3da76f208f80f15,Codex (GPT-6),AI_assisted,2026-09-08,false,top100_metadata_v1,https://doi.org/10.1093/ssjj/jyae010,57205672554,Seiki Tanaka,1,non_us,metadata,,,
85206618776,10.1037/xge0001662,2024,Journal of Experimental Psychology General,Psychological Underpinnings of Partisan Bias in Tie Formation on Social Media,unclear,abstract,,Partisan social-media experiment without country or named parties.,false,95d793ae0849b73b2e209a8481385f93f057b12812a06eb7d2adeac920cae740,db85e004244bdb47a2d3d62cebfff12818ba5f96fc5f36a2776661767a8b937c,Codex (GPT-6),AI_assisted,2026-09-08,false,top100_metadata_v1,https://doi.org/10.1037/xge0001662,23095594600,David G. Rand,1,unclear,metadata,,,
85206830858,10.1126/science.adp1274,2024,Science,People consistently view elections and civil liberties as key components of democracy,us_explicit,abstract,"Egypt, India, Italy, Japan, Thailand, and the United States","Abstract explicitly identifies Americans, US respondents, or a US study setting.",true,9d88028d70de3811c02958dbf89f56d12f73eed8008a79ef147b2e9bdfe6b91d,f044c14a302036f19d6bf886a759a1c5ae45213ae391e3528cc6c1c9c2dcd162,Codex (GPT-6),AI_assisted,2026-09-08,false,top100_metadata_v1,https://doi.org/10.1126/science.adp1274,57203528227,Jonathan A. Chu,1,us_explicit,metadata,,,
85206976729,10.1080/13501763.2024.2413458,2025,Journal of European Public Policy,Procedural inclusiveness can mitigate trust challenges in environmental policymaking,non_us,abstract,survey experiment in Switzerland,Study population or findings explicitly situated outside the US.,false,a4d14f32e0434b02785928387365ad553b0b5c7978acd023eaf9292684ece76b,c34da139deba8e77588fe2d262c4a34fa7a88cbbf44b2121c72c1b4d7400c6e4,Codex (GPT-6),AI_assisted,2026-09-08,false,top100_metadata_v1,https://doi.org/10.1080/13501763.2024.2413458,6602110388,Thomas Bernauer,1,non_us,metadata,,,
85207005517,10.1177/23780231241277433,2024,Socius,The DEI Penalty: The Effects of University Diversity Efforts on Perceptions of Quality and Status Threat,us_explicit,abstract,survey experiment of roughly 700 Americans,"Abstract explicitly identifies Americans, US respondents, or a US study setting.",false,683eaf5bd6beda1b61159e379777cdef7892cc281ce4929626156bb0c1dd364c,26cc12d8434ca4bca38cfc828b44fe2cc375399b81aee0f7af9f981dfe166fd1,Codex (GPT-6),AI_assisted,2026-09-08,false,top100_metadata_v1,https://doi.org/10.1177/23780231241277433,7102611306,Christine Horne,1,us_explicit,metadata,,,
85207258086,10.1093/isq/sqae136,2024,International Studies Quarterly,Dealing with Clashes of International Law: A Microlevel Study of Climate and Trade,non_us,abstract,survey of Swiss citizens' attitudes,Metadata identifies a non-US population or study setting; no US experimental sample is reported.,false,541d14cc690fadc3d1ac2ad31506704eb4ae2e1ba34014904867f2d182b94fa2,14c3e2245bc0eec62dce269b7207c4f62241bcc91d1190b1eddece16eb77539e,Codex (GPT-6),AI_assisted,2026-09-08,false,top100_metadata_v1,https://doi.org/10.1093/isq/sqae136,36676605900,Gabriele Spilker,1,non_us,metadata,,,
85207749628,10.1017/S1755773924000109,2025,European Political Science Review,Are ideological and partisan affinities determining voters’ support of arms deliveries? Insights from a large-scale survey experiment in France and Germany,non_us,abstract,French and German voters,Study population or findings explicitly situated outside the US.,false,2dbee48e1ae103bc0045b5392cbb212930fb53c8bc53bb4ec4b303ff6f064bcc,c8a6fcc8a696165f4ac933b7ea9c1529716d0f16e9adef249c6cb1607ea09b58,Codex (GPT-6),AI_assisted,2026-09-08,false,top100_metadata_v1,https://doi.org/10.1017/S1755773924000109,57190806413,Lukas Rudolph,1,non_us,metadata,,,
85208237881,10.1017/XPS.2024.10,2025,Journal of Experimental Political Science,Is a Picture Worth 280 Characters?: Contextually Realistic Graphics vs. Plain Text in Survey Experiments,us_explicit,full_text,"a U.S. public sample of 1,511 respondents",The first two experiments use a US Lucid sample; the third uses a US Prolific sample.,false,93609a24057b1b97851940793fd8c1180aafc4bdefe56f165ac5c0d1ff8a3239,4761d544e8d8b54baeea67713253fb13e23523c56b25244008f41bd4690930fa,Codex (GPT-6),AI_assisted,2026-09-09,false,top100_metadata_v1,https://doi.org/10.1017/XPS.2024.10,23479932300,Erik Lin-Greenberg,1,unclear,full_text,85208237881.pdf,7,3e93f4eeb10ec41e9a4b57d7d96a4a1d8e99af73359d1132fabd6abcdd731202
85208275570,10.1016/j.jdeveco.2024.103398,2025,Journal of Development Economics,How does progressivity impact tax morale? Experimental evidence across developing countries,non_us,abstract,"30,000 respondents across eight developing countries",Sampling restricted to developing countries; no US experimental sample reported.,false,323d8c39b01fd2f8641b069bcee5fe3a62f1ed57d59c13b66a0d14c26677162f,e610d07906ceac6b326f1ec78a08958d30872a51f321bfe3c5ad2c35ec1d3a9d,Codex (GPT-6),AI_assisted,2026-09-08,false,top100_metadata_v1,https://doi.org/10.1016/j.jdeveco.2024.103398,57226018577,Christopher Hoy,1,non_us,metadata,,,
85208657819,10.1017/psrm.2024.50,2025,Political Science Research and Methods,How and when candidate race affects inferences about ideology and group favoritism,unclear,abstract,,Candidate race without country-specific sampling information.,false,f894195841ba3745aae2bf5fef3106b3c3126d4247be6f1222bd8616f6b83c03,35984d5a7de41ec209b266a2b3239885c217709bc95ed9e2d64a21e8f7f8a790,Codex (GPT-6),AI_assisted,2026-09-08,false,top100_metadata_v1,https://doi.org/10.1017/psrm.2024.50,57217457882,Gregory A. Huber,1,unclear,metadata,,,
85208680176,10.1017/S0020818324000274,2024,International Organization,The Laws of War and Public Support for Foreign Combatants,us_explicit,abstract,"France, the United Kingdom, and the United States","Metadata directly identifies a US experimental population, setting, or findings attributed to Americans.",true,3838079d39172f071f7448344dd0d4fe479be60c68da5453dac825495964d5ea,963743301df61236fe4965a71eb4ad2c08d1df4674c05243b7d2b2e358f3700a,Codex (GPT-6),AI_assisted,2026-09-08,false,top100_metadata_v1,https://doi.org/10.1017/S0020818324000274,24554597700,Geoffrey P. R. Wallace,1,us_explicit,metadata,,,
85208781552,10.1007/s12552-024-09427-9,2025,Race and Social Problems,The Structural Origins of Racial Inequality and Attitudes Toward Redistribution,us_inferred,abstract,White Republicans,US partisan and racial-redistribution context suggests US respondents.,false,1c56207cfa4381ea24fbca29a2cb906a715f26749d4b876cb961d4face9c327a,f8ed14c05ae05d061ce8c961227446d5e4347053f88bfc1037e11798290e554f,Codex (GPT-6),AI_assisted,2026-09-08,false,top100_metadata_v1,https://doi.org/10.1007/s12552-024-09427-9,55175754800,Leah Christiani,1,us_inferred,metadata,,,
85209378959,10.1177/20531680241264078,2024,Research and Politics,Do norm-based appeals affect the acceptance of the singular use of they/them pronouns?,us_explicit,abstract,nationally representative sample in the U.S.,"Abstract explicitly identifies Americans, US respondents, or a US study setting.",false,5641f98d23b848648894d32ded49458e3e4dd5292c2e7d663b8597c368068444,d47f161e868eb1b65b7d1bd3b3d7b98057cf66045c5b9036779ebec17b9dcd3d,Codex (GPT-6),AI_assisted,2026-09-08,false,top100_metadata_v1,https://doi.org/10.1177/20531680241264078,12794521600,Toby Bolsen,1,us_explicit,metadata,,,
85209705929,10.1007/s10680-024-09719-1,2024,European Journal of Population,Flexible Working Arrangements and Fertility Intentions: A Survey Experiment in Singapore,non_us,abstract,"in Singapore, where both overwork norm and low fertility co-exist",Metadata identifies a non-US population or study setting; no US experimental sample is reported.,false,011c0d06f3fe23cb6ca16a4b160c06fc3e855a2e7b824e6813d899e8c5b90549,bd5da65f47f45e0ed01dab4677d6dd112e00bdec78e52d44b0924a745f8ac893,Codex (GPT-6),AI_assisted,2026-09-08,false,top100_metadata_v1,https://doi.org/10.1007/s10680-024-09719-1,57264879500,Senhu Wang,1,non_us,metadata,,,
85210069567,10.1111/1475-6765.12743,2025,European Journal of Political Research,Do the origins of climate assemblies shape public reactions? Examining the impact of partisanship,non_us,abstract,two pre-registered survey experiments fielded in the United Kingdom,Metadata identifies a non-US population or study setting; no US experimental sample is reported.,false,228d1f647cd4f26553f3bcc0a6c43b01b8d19de9ecb10f9495cb828201eaf70f,7f73109d6f9d4d59d6a8ba7eb5ded61b9bd87d8e3db38cd4557d10242d0e464b,Codex (GPT-6),AI_assisted,2026-09-08,false,top100_metadata_v1,https://doi.org/10.1111/1475-6765.12743,56534303500|56329786700,Anthony Kevins; Joshua Robison,2,non_us,metadata,,,
85211161731,10.1017/XPS.2024.16,2024,Journal of Experimental Political Science,Hometown Advantage: Voter Preferences for Community Embeddedness in Local Contests,us_explicit,abstract,nationally representative sample of American voters,"Metadata directly identifies a US experimental population, setting, or findings attributed to Americans.",false,c100759580a667925375afef5e28cf9072766102491896442ee7e985c77005b8,4f198d8aef089b0fd3022f3fe0470d540ca68ab55f0b7e58ea00844a1b0ccd29,Codex (GPT-6),AI_assisted,2026-09-08,false,top100_metadata_v1,https://doi.org/10.1017/XPS.2024.16,57220203816,Kaylyn Jackson Schiff,1,us_explicit,metadata,,,
85212059156,10.1177/20531680241299329,2024,Research and Politics,Preferential abstention in conjoint experiments,unclear,abstract,,Available metadata does not locate the experimental sample.,false,c80d9c9178351751181890878f7de53c6ee5177216fa02b532fa1f8763913f9f,99ca2b12d05409aa8e9520e2be792e8abb8c1d7d12da30caf21f2a8a9710c515,Codex (GPT-6),AI_assisted,2026-09-08,false,top100_metadata_v1,https://doi.org/10.1177/20531680241299329,55494876700,David R. Miller,1,unclear,metadata,,,
85212286208,10.1080/13501763.2024.2438107,2026,Journal of European Public Policy,Who deserves the spot? Attitudes towards priorities in access to subsidised childcare,us_explicit,abstract,"Denmark, Sweden, Germany, Switzerland, the UK and the USA","Metadata directly identifies a US experimental population, setting, or findings attributed to Americans.",true,86923cfd20125dabea6359ae472d1cf3afbd3695528fa9a21aa00c88ed821630,cd4efd209da3423cce41bd7c1a79e8f02e0b7e63c59af8bde22231c8ccf5fe48,Codex (GPT-6),AI_assisted,2026-09-08,false,top100_metadata_v1,https://doi.org/10.1080/13501763.2024.2438107,6602698051,Giuliano Bonoli,1,us_explicit,metadata,,,
85212439594,10.1111/puar.13919,2025,Public Administration Review,Compliance burden versus program integrity protection: A survey experiment on citizen attitudes toward administrative documentation requirements in public service policy,non_us,abstract,survey experiment conducted among Danish residents,Study population or findings explicitly situated outside the US.,false,348214b8daeb66b83f8e9b6c7c7b0945ba2fa04b78b88dfca7ba5b5fd8ac0a76,0092614aaf27c750795aeb06236ed9b37e623bc935753bd5779075d71b56d072,Codex (GPT-6),AI_assisted,2026-09-08,false,top100_metadata_v1,https://doi.org/10.1111/puar.13919,56734108300,Mogens Jin Pedersen,1,non_us,metadata,,,
85213405493,10.1017/S0020818324000304,2024,International Organization,Ideology and Legitimacy in Global Governance,us_explicit,abstract,"Brazil, Germany, Indonesia, and the United States","Metadata directly identifies a US experimental population, setting, or findings attributed to Americans.",true,e19b66b3dfc5517d7067f36806fbc39212faceadce8905401ad7645eec791692,68ee4c9b1f818d8238da7856ca6282ba87a29daa8793b878398e0c7c6f14cb04,Codex (GPT-6),AI_assisted,2026-09-08,false,top100_metadata_v1,https://doi.org/10.1017/S0020818324000304,6602533817,Jonas Tallberg,1,us_explicit,metadata,,,
85213442851,10.1093/poq/nfae044,2024,Public Opinion Quarterly,Partisanship and Older Americans’ Engagement with Dubious Political News,not_applicable,abstract,we combine survey measures and digital trace data,"US observational study; survey experiments mentioned as prior research, not current samples.",false,7c115f9188cd0efb0d1281bd94cde797056026c662388fb9bb06a0dc84a34070,021c90c90f2a76d85b20548f7a1c4ca866d37e162bebb9f76443f2ad5785e6cc,Codex (GPT-6),AI_assisted,2026-09-08,false,top100_metadata_v1,https://doi.org/10.1093/poq/nfae044,14034772300,Jason Reifler,1,not_applicable,metadata,,,
85214294509,10.1561/113.00000111,2024,Journal of Political Institutions and Political Economy,Energy Policy Preferences in Times of Crisis: Evidence from Survey Experiments in the UK,non_us,abstract,energy policy responses to this crisis in the UK,Metadata identifies a non-US population or study setting; no US experimental sample is reported.,false,6aefcb4b0024c67eb260479fbb39218fec5f46d948c56d427b014f4c2ced4976,248e1b8a6f1f5089576f3e258ed4635890707d2c65c44ca8fac9d22ba0b96b28,Codex (GPT-6),AI_assisted,2026-09-08,false,top100_metadata_v1,https://doi.org/10.1561/113.00000111,57203434746,Liam F. Beiser-McGrath,1,non_us,metadata,,,
85214296759,10.1371/journal.pclm.0000163,2023,Plos Climate,Does partisanship shape public support for suspending U.S. federal gas tax? A survey experiment,us_explicit,abstract,representative sample of U.S. respondents,"Abstract explicitly identifies Americans, US respondents, or a US study setting.",false,5e6877d08c428b3fcfd03f91b017ebd7d92a0066ad1ee403cf2adf124e64ea99,a8a54be25fcd2e13d6f872f5adea018a91202a216bd3895ca6eea05de7e6937b,Codex (GPT-6),AI_assisted,2026-09-08,false,top100_metadata_v1,https://doi.org/10.1371/journal.pclm.0000163,7202316609|57206937457,Aseem Prakash; Azusa Uji,2,us_explicit,metadata,,,
85214354427,10.1111/puar.13916,2025,Public Administration Review,Citizens' perceptions of the legitimacy of independent agencies: The effects of expertise-based and reputation-sourced authority,non_us,abstract,Our survey experiment with Dutch citizens,Study population or findings explicitly situated outside the US.,false,8dfdd0a4bcc23508290f531554256e9ae8fb20e64d588e9a1f44f30051ff74c4,d2703754149efc1c6d8707f5a4c1f0aeff1a9816449a64857960fb4cc12e1051,Codex (GPT-6),AI_assisted,2026-09-08,false,top100_metadata_v1,https://doi.org/10.1111/puar.13916,57189074265,Honorata Mazepus,1,non_us,metadata,,,
85214572618,10.1017/XPS.2024.20,2025,Journal of Experimental Political Science,Exposure to Online Abuse of Politicians Does Not Scare Citizens Away from Politics,non_us,abstract,"2,000 participants from Denmark",Study population or findings explicitly situated outside the US.,false,527b8ef98f58ea778acfb80b21ec45140cf3380076d53dbc9d6f78a81f9dc860,01a05faf8c3c25e4a80d2a2abe6c9ebe9a21bacc44a1bc1560805a89afaec01f,Codex (GPT-6),AI_assisted,2026-09-08,false,top100_metadata_v1,https://doi.org/10.1017/XPS.2024.20,57203170141|25224644900,Niels Bjørn Grund Petersen; Rasmus Tue Pedersen,2,non_us,metadata,,,
85215379642,10.1080/14719037.2025.2454502,2026,Public Management Review,The impact of descriptive social norms on coproduction: How communication frames matter,unclear,abstract,,Coproduction experiments without sample country.,false,5e7185e3301df9afe0e3e049301e0c69e5e27b73b42b7a94c289248895d98e24,ac61bb6479a4480ced0be4f11f094acfe2874d173d094a7809d266dffe135c4e,Codex (GPT-6),AI_assisted,2026-09-08,false,top100_metadata_v1,https://doi.org/10.1080/14719037.2025.2454502,57191360465,Jinfeng Zhang,1,unclear,metadata,,,
85215433861,10.1016/j.ejpoleco.2024.102637,2025,European Journal of Political Economy,How do recruiters assess applicants who express a political engagement?,non_us,full_text,"genuine recruiters in May 2023 in Flanders, Belgium","The experimental recruitment population is in Flanders, Belgium.",false,25580455e31a444c959af7aa5e42fb969b0979c0596b9f6dd42fd5066364eed7,4f6f606bb4c4f38473daf692b8061562ae29a2148fb90a39768727bd457a9e47,Codex (GPT-6),AI_assisted,2026-09-09,false,top100_metadata_v1,https://doi.org/10.1016/j.ejpoleco.2024.102637,55746145800,Stijn Baert,1,unclear,full_text,85215433861.pdf,2,eeb4677abc3e66e9b58a1bdaf09e42aa8a2e42cb781d31b32d9344dd236243ad
85216104420,10.1177/00220027251315561,2025,Journal of Conflict Resolution,"Legacies of Past and Present Violence: Evidence From Mosul, Iraq",non_us,abstract,"Mosul, Iraq",Survey and dictator game in Iraqi context; eligibility separate.,false,9b66de8fb5eb10deb8e531f0c0cecfdc4f7fc2b9cdc827f91d09cfd7e5f840f9,cf59b6dcaebdce9fedb3bef806d9bd08fb1d4d5bf28ca5d90fddd23434616ce1,Codex (GPT-6),AI_assisted,2026-09-08,false,top100_metadata_v1,https://doi.org/10.1177/00220027251315561,23010864600,Samuel Whitt,1,non_us,metadata,,,
85216215252,10.1111/ssqu.13487,2025,Social Science Quarterly,How Advocacy Messages Influence Support for “Ban the Box” in College Admissions,us_inferred,abstract,undergraduate students at a USG institution,"University System of Georgia and Georgia residents imply US state, not country Georgia.",false,e0537e83d3d9c2ba73ae6a412646044e1179f6a12df2d5dbec1bffb46c4247a0,28307f905e9656727e8672bec4699174e8e025dcfa11ea6c482a19cc4198cfe4,Codex (GPT-6),AI_assisted,2026-09-08,false,top100_metadata_v1,https://doi.org/10.1111/ssqu.13487,12794521600,Toby Bolsen,1,us_inferred,metadata,,,
85216288234,10.1111/1468-4446.13192,2025,British Journal of Sociology,Fairness Evaluations of Higher Education Graduates’ Earnings: The Role of Female Preference for Equality and Self-Interest,non_us,abstract,the German Student Survey (2021),The experimental data come from the German Student Survey.,false,e74f534a423697ade8bc4287b9fe47dd1af76b4106b78fae474b51ca9df7705b,7e131ae66bd497f11b7fb21e2151b1d9b8292ed7bb294ee2080808d930b17ccf,Codex (GPT-6),AI_assisted,2026-09-09,false,top100_2010_metadata_v1,https://doi.org/10.1111/1468-4446.13192,7003772257,Thomas Hinz,1,non_us,metadata,,,
85216353783,10.1017/bap.2024.35,2025,Business and Politics,International economic relations and American support for antitrust policy,us_explicit,abstract,highly nationalistic Americans increase their support,"Abstract explicitly identifies Americans, US respondents, or a US study setting.",false,7596df846e68decac372fe7df5420518ebed91f0df010e12260df9c5666520a8,e785f411aee2666f25bd4b841ff0482779579896e34b143dad48b2d3a10f3bfb,Codex (GPT-6),AI_assisted,2026-09-08,false,top100_metadata_v1,https://doi.org/10.1017/bap.2024.35,56556884300,Ryan Brutger,1,us_explicit,metadata,,,
85216486046,10.1177/10659129251314051,2025,Political Research Quarterly,Countering International Backlash by Discrediting the Messengers: Reputational Chaining and LGBT+ Rights in Bosnia,non_us,abstract,Bosnian Serb leader Milorad Dodik,National experiments on Bosnian leader and LGBT rights context.,false,45008fb0fba813fb840b46370625e264a05c944a6b26c65c6677e0a26dcdb5e8,76e742533a7cd5ea9cd7b886fa0553c5ee99052774a1996583301559494a166e,Codex (GPT-6),AI_assisted,2026-09-08,false,top100_metadata_v1,https://doi.org/10.1177/10659129251314051,23010864600,Samuel Whitt,1,non_us,metadata,,,
85216620221,10.1017/S1049096524001045,2025,PS Political Science and Politics,Increasing Public Support for Transgender Rights through Superordinate LGBT+ Rights Framing: Evidence from a US Survey Experiment on Transgender Participation in Sports,us_explicit,abstract,survey experiment in the United States,"Abstract explicitly identifies Americans, US respondents, or a US study setting.",false,5b136f81d5e3986596df4dbec763395b067646249a3ca413ecb6decdc98da7ea,55e59aa3c2ea9f3f32bab07c66528d38837a88ba50d9c8ec08b2d4b687f1af7c,Codex (GPT-6),AI_assisted,2026-09-08,false,top100_metadata_v1,https://doi.org/10.1017/S1049096524001045,23010864600,Samuel Whitt,1,us_explicit,metadata,,,
85216671878,10.1080/10584609.2025.2456524,2025,Political Communication,Election Denial as a News Coverage Dilemma: A Survey Experiment with Local Journalists,us_inferred,abstract,2022 Republican candidates,Local journalists covering US congressional campaigns and 2020 election denial.,false,bdc5ac20bb99768dfe04d861dd6c6fab21a17df26bea4f08d4394e8200608f15,d6f65e8f5cabaff37d067361a613333c3e974f8ac3ac2a433bf0eda5116c1cab,Codex (GPT-6),AI_assisted,2026-09-08,false,top100_metadata_v1,https://doi.org/10.1080/10584609.2025.2456524,55612017400,Erik Peterson,1,us_inferred,metadata,,,
85217158927,10.1177/10755470251317172,2025,Science Communication,Framing Affects Support for the Development of Artificial Intelligence in the United States,us_inferred,abstract,U.S. beliefs about AI,US public opinion is the stated study focus; sampling country unstated.,false,5c45690708b8cad5d3b53c3f22574acd804739b2c07d896a157559bae1e88b6e,0a51afb7a4d7e30284ae9bdc466a0507ca80544784d0aece3d991bf2de93030c,Codex (GPT-6),AI_assisted,2026-09-08,false,top100_metadata_v1,https://doi.org/10.1177/10755470251317172,12794521600,Toby Bolsen,1,us_inferred,metadata,,,
85217932803,10.15195/v12.a5,2025,Sociological Science,Invalidating Factorial Survey Experiments Using Invalid Comparisons Is Bad Practice: Learning from Forster and Neugebauer (2024),not_applicable,abstract,Their conclusion that factorial survey,Methodological critique of other authors' experiments; no original sample described.,false,0e2e31cc163b96764db9c9605f01f04ae7bd953f043f2ef50e6f56f99fd977c1,7463f8996d429e7815a9fd01a3920579098dcece691c4228e0b53a5a3f9cad11,Codex (GPT-6),AI_assisted,2026-09-08,false,top100_metadata_v1,https://doi.org/10.15195/v12.a5,38061940400,Justin T. Pickett,1,not_applicable,metadata,,,
85218245112,10.1017/S0003055425000012,2025,American Political Science Review,Fairness According to Whom? Divergent Perceptions of Fairness among White and Black Americans and Its Effect on Trade Attitudes,us_inferred,abstract,Racial divides in American attitudes toward trade,National experiment tests US racial-group trade attitudes.,false,ea3fcfbcd079343493047e85c328894ee265df341dba69b3d58b65345cf33b34,1e03f8f2f974d110558984b18cc9c70ed5e15701788b971e35a3dd25a398bc42,Codex (GPT-6),AI_assisted,2026-09-08,false,top100_metadata_v1,https://doi.org/10.1017/S0003055425000012,56556884300,Ryan Brutger,1,us_inferred,metadata,,,
85219095528,10.1017/XPS.2025.1,2025,Journal of Experimental Political Science,Voter Preferences for Ethnoracial Minority Candidates: The Role of Policy Alignment and Shared Identity,non_us,abstract,survey experiment with Japanese voters,Study population or findings explicitly situated outside the US.,false,25d09729ec1dc549c67daf766d8ff2ffdda23dddad411f7f850862f4f766ee5a,8c6124b4d0ddee7820d9b8e786307b5ba4c15b28844c786f3f55161330ad5778,Codex (GPT-6),AI_assisted,2026-09-08,false,top100_metadata_v1,https://doi.org/10.1017/XPS.2025.1,55091186500,Yoshikuni Ono,1,non_us,metadata,,,
85219489421,10.1007/s12671-025-02525-8,2025,Mindfulness,"Meditation, Not Information? A Survey Experiment Probing the Effects of Meditation Practice on Affective Polarization and Pro-Environmentalism",us_explicit,abstract,preregistered survey experiment with 500 US respondents,"Metadata directly identifies a US experimental population, setting, or findings attributed to Americans.",false,b85de1c1bd8125ab82314528bb47c239d702d14bdd1655b0380c33a03a98b6a2,8157a893a40fc7970ba4ef2b1d187ec4a9144b09879b04c07c2956ad78f459ef,Codex (GPT-6),AI_assisted,2026-09-08,false,top100_metadata_v1,https://doi.org/10.1007/s12671-025-02525-8,36676605900,Gabriele Spilker,1,us_explicit,metadata,,,
85219694487,10.1017/spq.2024.34,2025,State Politics and Policy Quarterly,Party Over Principles: Determinants of Public Opinion on Redistricting Reform,us_explicit,abstract,incentive for Americans to violate democratic principles,"Metadata directly identifies a US experimental population, setting, or findings attributed to Americans.",false,4c624746199c97ae7370a146333c42224f88490eb951b8921af763c25e5903da,a7d93d464f1febfbeb5b7449a54a0020bdabfc4083ed73f1a3fb111165635085,Codex (GPT-6),AI_assisted,2026-09-08,false,top100_metadata_v1,https://doi.org/10.1017/spq.2024.34,57952558700,Peter T. McLaughlin,1,us_explicit,metadata,,,
86000296951,10.1111/jomf.13090,2025,Journal of Marriage and Family,"Yes, parents, it reflects on you: Norms and Metanorms regulating teen daughters and parents",us_explicit,abstract,786 US adults were randomly assigned,"Abstract explicitly identifies Americans, US respondents, or a US study setting.",false,93cbd70cdc1875f2890c937d355ab80ce66bf764eea45a0bc9fd28a4e8f4f5f4,976034556d86d13e5a8f49b1f005eb71bc4c11aee2656631626a70256ce4a712,Codex (GPT-6),AI_assisted,2026-09-08,false,top100_metadata_v1,https://doi.org/10.1111/jomf.13090,7102611306,Christine Horne,1,us_explicit,metadata,,,
86000435450,10.1111/padm.13004,2025,Public Administration,Deservingness at the frontline: How health-related responsibility cues affect sanctioning and prioritization of citizens,non_us,full_text,caseworkers working in Danish unemployment agencies,The experiment was conducted among Danish unemployment-agency caseworkers.,false,b5e25538370ba967e023873696d22f28881a4ba8f39f8a89846844fe6b18dcfe,21b2a6a9eecdfb321a968a1de77a416480451bd7b3de0d94e89e893436ef9a2d,Codex (GPT-6),AI_assisted,2026-09-09,false,top100_metadata_v1,https://doi.org/10.1111/padm.13004,57203170141,Niels Bjørn Grund Petersen,1,unclear,full_text,86000435450.pdf,3,0a6c5e20b304d4253e826174d68738e46f7625641e127be88a7dc103bafc9031
86000748753,10.1177/00323217241232933,2025,Political Studies,Foreign Agents? Public Attitudes Toward Nongovernmental Organizations in a Backsliding Democracy,non_us,abstract,preregistered survey experiment in Israel,Metadata identifies a non-US population or study setting; no US experimental sample is reported.,false,12a4a97ff9b192e701dba8cfe08754400c61fd483bb1f4001b53ff6ed0f9a9d0,54e0aeb33a87ba42b3051e4dba248c6af754dcddbaf4012927d7ca9560eb93ad,Codex (GPT-6),AI_assisted,2026-09-08,false,top100_metadata_v1,https://doi.org/10.1177/00323217241232933,56196951600,Omer Yair,1,non_us,metadata,,,
105000131600,10.1111/lsq.12493,2025,Legislative Studies Quarterly,Analyzing gender gaps in bicameral legislatures: How asymmetrical institutions affect the supply and demand for female candidates,non_us,abstract,Japan's upper house,Japanese bicameral-representation context.,false,0197729abd14b936075aac93e4bbdb4c62ff6e276236f892c1d7217cf482656a,6e0585caaded2f7ee91cb544aaee038f7b098cc563e743eedb1258db51195e69,Codex (GPT-6),AI_assisted,2026-09-08,false,top100_metadata_v1,https://doi.org/10.1111/lsq.12493,55091186500,Yoshikuni Ono,1,non_us,metadata,,,
105000168854,10.3102/00028312251315740,2025,American Educational Research Journal,Assessing the Impact of Informational Interventions on Perceptions of School Quality,unclear,abstract,,Available metadata does not locate the experimental sample.,false,5b839bb3b0c77fcde5ada311c5691256c61d70b1d00922b39156586dce136bcd,cf0e5ac6efd2bc95efc9a1e4ef2a451b4394d5a879a9079d1ff52975acfd40d5,Codex (GPT-6),AI_assisted,2026-09-08,false,top100_metadata_v1,https://doi.org/10.3102/00028312251315740,57220203816,Kaylyn Jackson Schiff,1,unclear,metadata,,,
105000221636,10.1093/fpa/oraf008,2025,Foreign Policy Analysis,To What End? Policy Objectives and US Public Support for Political Warfare,us_explicit,abstract,we evaluate how different objectives affect US audiences' support,"Metadata directly identifies a US experimental population, setting, or findings attributed to Americans.",false,89f692b1ba47eb747d84af378a463256d95df43a79583758174f411505001565,aad1be157f3ec9539b7dadfee2d339bbd847a4f939d78ee7cad8172fd17c35ae,Codex (GPT-6),AI_assisted,2026-09-08,false,top100_metadata_v1,https://doi.org/10.1093/fpa/oraf008,36713939500,Paul Musgrave,1,us_explicit,metadata,,,
105000414839,10.1093/ijpor/edae029,2025,International Journal of Public Opinion Research,How Climate Actions by Other Countries Affect Policy Support in the United States: The Role of Perceived Public Opinion,us_explicit,abstract,U.S. respondents read about a carbon neutrality pledge,"Metadata directly identifies a US experimental population, setting, or findings attributed to Americans.",false,3a93be6d56f3704a9841f530d9527c34f5556bf6fb0526b6616b70b99ab07a26,23c67bbc5b5859371917823f6a103bb0658cc52f18d89681241de335c7bd3697,Codex (GPT-6),AI_assisted,2026-09-08,false,top100_metadata_v1,https://doi.org/10.1093/ijpor/edae029,25226021600,Jonathon P. Schuldt,1,us_explicit,metadata,,,
105000519465,10.1177/00104140251328003,2026,Comparative Political Studies,The Recognition of Shared Suffering After Violence: ISIS Victimization and LGBT+ Support in Mosul Iraq,non_us,abstract,LGBT+ people in Mosul Iraq,Local conflict and LGBT tolerance experiment in Iraq.,false,5090aad46078578e0853bf31d4109929c67e7d488ae98112b959574532805451,8e63ca122db2f8410e3b388517b79c2f0bbcfc62e4a14c5763f1f594444019d3,Codex (GPT-6),AI_assisted,2026-09-08,false,top100_metadata_v1,https://doi.org/10.1177/00104140251328003,23010864600,Samuel Whitt,1,non_us,metadata,,,
105000547426,10.1007/s12116-025-09466-2,2025,Studies in Comparative International Development,Propaganda and Blame Attribution during Economic Downturns: Evidence from China,non_us,abstract,survey experiment conducted in China in 2023,Metadata identifies a non-US population or study setting; no US experimental sample is reported.,false,8e50ed54935c19b1fc4aea3c72b194e039a63214b2de591b86e0595651d2c8e8,a6180bac5f0ace450e3c7df2e92fc9c5101695fe2f877f7b9cd88bb6da1c5e7b,Codex (GPT-6),AI_assisted,2026-09-08,false,top100_metadata_v1,https://doi.org/10.1007/s12116-025-09466-2,56924059300,Xiaojun Li,1,non_us,metadata,,,
105001077495,10.1007/s11292-023-09589-3,2025,Journal of Experimental Criminology,Should police officers who use force against peaceful protesters be punished? A national experiment,us_explicit,abstract,Americans on the political right,Experimental results directly attributed to Americans.,false,9be980843ac9b27ffba8a3b125879bea32c7839052f7ad892058d2af7f2595a4,0db9b30389d6ec223de022f7977a3e0d5c8327dde1a7740c2c5d5a9e3567692c,Codex (GPT-6),AI_assisted,2026-09-08,false,top100_metadata_v1,https://doi.org/10.1007/s11292-023-09589-3,38061940400,Justin T. Pickett,1,us_explicit,metadata,,,
105001127398,10.1080/15309576.2025.2474451,2025,Public Performance and Management Review,How Institutional Pressures Influence the Blame Avoidance Behavior of Civil Servants in China,non_us,abstract,Chinese civil servants,Study population or findings explicitly situated outside the US.,false,8e515622558c7c10082761dc787ae4b818ea1bada9fd0ee53ac2fade51f468b5,f3b43b46e40a4d41f8c6d8cbb94fe7367797a5a7bdde22d5c9e3c7bd98f56a4d,Codex (GPT-6),AI_assisted,2026-09-08,false,top100_metadata_v1,https://doi.org/10.1080/15309576.2025.2474451,57191360465,Jinfeng Zhang,1,non_us,metadata,,,
105001181982,10.1017/pan.2025.3,2025,Political Analysis,Priming Bias Versus Post-Treatment Bias in Experimental Designs,unclear,abstract,,Available metadata does not locate the experimental sample.,false,d2ed4283a1541bf25d44219fa10b9822007437cd8a75880e80f94aab16340d83,4042f05fb1cf922e63f578792af31831d63a8ee1182d68955582c8c5b84ea201,Codex (GPT-6),AI_assisted,2026-09-08,false,top100_metadata_v1,https://doi.org/10.1017/pan.2025.3,36159270600,Teppei Yamamoto,1,unclear,metadata,,,
105001650331,10.1177/1532673X241273168,2025,American Politics Research,NIMBY Syndrome and Abortion Access,us_inferred,abstract,states that recently imposed restrictive abortion policies,Interstate abortion access after recent state restrictions suggests a US study setting.,false,a56afae076e199468c77666cb87206779feae46d54601dd672b9b1a796930219,695be3c94e462612c3afa86a464bb0da70db05255a686d6f9c383c9c6844d498,Codex (GPT-6),AI_assisted,2026-09-08,false,top100_metadata_v1,https://doi.org/10.1177/1532673X241273168,35745930100,David Doherty,1,us_inferred,metadata,,,
105001651117,10.1177/1532673X241309632,2025,American Politics Research,Credible Claims: The Effect of Committee Positioning on Congressional Credit Claiming,us_inferred,abstract,approval and effectiveness ratings for a member of Congress,Congressional credit-claiming evaluations suggest US respondents.,false,85709c62f13f0d172aa1161f25022a05ccae111358996b61ff79a983b59915f5,88457fc275b27d4afe513aa142cd02371f3121d6be7e065906df8926fdf019ce,Codex (GPT-6),AI_assisted,2026-09-08,false,top100_metadata_v1,https://doi.org/10.1177/1532673X241309632,57952558700,Peter T. McLaughlin,1,us_inferred,metadata,,,
105001722280,10.1017/S1742058X25000013,2025,Du Bois Review,Pandering Politics?,us_explicit,abstract,preregistered survey experiment with approximately 400 Black Americans,"Metadata directly identifies a US experimental population, setting, or findings attributed to Americans.",false,954d6f7e290919c401f202fc44ae2824435981cd3f8da627d6a45a473dfd3472,560475a7e226ab7abc49b97ab536dbce4aad0cbd301755ceaa33c621c61a6070,Codex (GPT-6),AI_assisted,2026-09-08,false,top100_metadata_v1,https://doi.org/10.1017/S1742058X25000013,55175754800,Leah Christiani,1,us_explicit,metadata,,,
105001820017,10.1111/ajps.12969,2026,American Journal of Political Science,"Can Americans’ trust in local news be trusted? The emergence, sources, and implications of the local news trust advantage",us_explicit,title,"Can Americans’ trust in local news be trusted? The emergence, sources, and implications of the local news trust advantage",Title locates the study population or setting in the United States; abstract alone did not locate the sample.,false,bc7dd33547ddbb650b408ec85e6e43c6bfcbb376d73451cb33644f751a71dc7d,a6bc41ac5ba02f2c7572fbbca5e4eee8f6dec0a253f707737dab2f6118b4931a,Codex (GPT-6),AI_assisted,2026-09-08,false,top100_metadata_v1,https://doi.org/10.1111/ajps.12969,55612017400,Erik Peterson,1,us_explicit,metadata,,,
105001850441,10.1017/S0007123424000668,2025,British Journal of Political Science,Ignoring Women's Performance: A Survey Experiment on Policy Implementation in Argentina,non_us,abstract,Using an online survey experiment in Argentina,Study population or findings explicitly situated outside the US.,false,774b261362418df9bc62e316df6a992806fa52594ee9c1cf15cfabd241595f8e,81eb45186f4c1e9ab80bbc0db3af7504bcbca939a92891b3d851bd158a0355ea,Codex (GPT-6),AI_assisted,2026-09-08,false,top100_metadata_v1,https://doi.org/10.1017/S0007123424000668,35861891200,Matthew S. Winters,1,non_us,metadata,,,
105001939816,10.1007/s11150-025-09768-3,2025,Review of Economics of the Household,Intra-household dynamics and attitudes towards vaccines: Experimental and survey evidence from zambia,non_us,abstract,three novel surveys from Zambia,Metadata identifies a non-US population or study setting; no US experimental sample is reported.,false,5c785bb326252aafc5489a150425949d73c9252019825c1f81d67fa71ea6b3d7,466ba42e3f086c73aef2ddb6a65bc8acaf4182ac6c9d9078b35447382ac99822,Codex (GPT-6),AI_assisted,2026-09-08,false,top100_metadata_v1,https://doi.org/10.1007/s11150-025-09768-3,57226018577,Christopher Hoy,1,non_us,metadata,,,
105002134171,10.1111/1475-6765.70014,2025,European Journal of Political Research,Anti-LGBTIQ rhetoric and electoral outcomes under the shadow of war: Evidence from Poland's 2023 parliamentary election,non_us,abstract,2023 Polish parliamentary election,Study population or findings explicitly situated outside the US.,false,2362519d099808ed544e18b78ce23f2c2945e0f81eacb8c6367ad9c2d384a690,28311e08c4330f608e6e096603cf51009e2a508d4220a8f390071595bff26457,Codex (GPT-6),AI_assisted,2026-09-08,false,top100_metadata_v1,https://doi.org/10.1111/1475-6765.70014,23010864600,Samuel Whitt,1,non_us,metadata,,,
105002152711,10.1111/1475-6765.12724,2025,European Journal of Political Research,Citizens’ perceptions of online abuse directed at politicians: Evidence from a survey experiment,non_us,abstract,"survey experiment with 2,000 Danish citizens",Study population or findings explicitly situated outside the US.,false,825bc6f0afaffb6b43c4db372db3b8d37e2250c1154ac44cae90cef2e90807dc,00e8681151d2003380b82c30e4ce8a6f47acff7713102a42951e0d133b7ecdb8,Codex (GPT-6),AI_assisted,2026-09-08,false,top100_metadata_v1,https://doi.org/10.1111/1475-6765.12724,57203170141,Niels Bjørn Grund Petersen,1,non_us,metadata,,,
105002305507,10.1093/jogss/ogaf012,2025,Journal of Global Security Studies,"""Hope the Russians Love Their Children Too"": Russian Public Support for the Use of Nuclear Weapons after the Invasion of Ukraine",non_us,abstract,representative sample of the Russian population,Metadata identifies a non-US population or study setting; no US experimental sample is reported.,false,7357ef94bef3603750c0db887fb97b831860e3ea0b80d3cbaa6e8c7649faa640,148d3740e662bb09755913835cfffde26250ec92ed4c69c9ece4b4b18cae90b9,Codex (GPT-6),AI_assisted,2026-09-08,false,top100_metadata_v1,https://doi.org/10.1093/jogss/ogaf012,55672957800,Michal Smetana,1,non_us,metadata,,,
105002982634,10.1177/00027642241240343,2025,American Behavioral Scientist,"Populist Appeals, Emotions, and Political Mobilization",non_us,abstract,nationally representative survey fielded in Turkey,Study population or findings explicitly situated outside the US.,false,6f6489aa3542fea9312b32295f9bd58d39f43c4ce01a4b024508a74d429ba625,96e799f1f80f1b6788a3a9d98d7b5ea7b300231cfea9ef8c1ea0b45d7152ea51,Codex (GPT-6),AI_assisted,2026-09-08,false,top100_metadata_v1,https://doi.org/10.1177/00027642241240343,56448439600,Selim Erdem Aytaç,1,non_us,metadata,,,
105003442248,10.1093/cybsec/tyaf007,2025,Journal of Cybersecurity,Going public about cyber attacks: public threat sensitivity and support for escalation in the United States and Russia,us_explicit,abstract,nationwide surveys in the USA,Also Russia.,true,df9aa0dacfa19118fbd7c3951701b0c2f86b8f8390f51b960be9d06e1e559118,48ecbd10e09d6120634fb2396fc41a4958721241035b645a298c20f2bff8e059,Codex (GPT-6),AI_assisted,2026-09-08,false,top100_metadata_v1,https://doi.org/10.1093/cybsec/tyaf007,23010864600,Samuel Whitt,1,us_explicit,metadata,,,
105003759877,10.1017/S1049096524000775,2025,PS Political Science and Politics,The Fragility of the Local News Trust Advantage: Evidence from Republican Attacks on Local News,us_inferred,abstract,the American public,US news trust and Republican elite criticism frame experiment.,false,3eee51bdf34c0a6480dd0bbac60ad192901ee2243f5779821aff640b486e8eaf,cd5133cc91d29a25a099c6e270b6d1c2c3424268730789b2e391ad370cccc36f,Codex (GPT-6),AI_assisted,2026-09-08,false,top100_metadata_v1,https://doi.org/10.1017/S1049096524000775,55612017400,Erik Peterson,1,us_inferred,metadata,,,
105004032663,10.1007/s12116-024-09424-4,2025,Studies in Comparative International Development,"Votes for Water: Ethnic Service Delivery and Criminality in Karachi, Pakistan",non_us,abstract,survey experiment of over 2000 Karachi residents,Metadata identifies a non-US population or study setting; no US experimental sample is reported.,false,73c79206c100801f1bce4051f23700092bd43183b4f1204017187a7d5353b464,61c9329c05719b31fbcd6b8ee8f920d6f086544d31635f97ce53f9d3548e9d57,Codex (GPT-6),AI_assisted,2026-09-08,false,top100_metadata_v1,https://doi.org/10.1007/s12116-024-09424-4,57200795890,Niloufer A. Siddiqui,1,non_us,metadata,,,
105005029873,10.1073/pnas.2424414122,2025,Proceedings of the National Academy of Sciences of the United States of America,Durably reducing partisan animosity through multiple scalable treatments,us_inferred,abstract,reducing Americans’ animosity,Longitudinal extension of US partisan-animosity interventions; sample country unstated.,false,af58e6002a1fde85ed107c2852772ab28369c8f51069fa49cbc072e7b3b568d4,c1cb513923fc454e5ae0737eab54d7e1d55bc4fb7829f6568e9139bcc1cd4e88,Codex (GPT-6),AI_assisted,2026-09-08,false,top100_metadata_v1,https://doi.org/10.1073/pnas.2424414122,16305967100,Robb Willer,1,us_inferred,metadata,,,
105005085445,10.1111/lsq.70008,2025,Legislative Studies Quarterly,Priority Projects: Constituent Spending Demand and the Benefits of Congressional Credit Claiming,us_inferred,abstract,incumbents in the US Congress,Constituent demand for spending by US legislators suggests US respondents.,false,a816cdc61ba58ff8a86a2df47cad7537f500b1ee33e4e5ac4cb6f3652bd733d1,cb007f53670e680a5e6676190f3fbface3e32aa9493b2d15801379d91102b699,Codex (GPT-6),AI_assisted,2026-09-08,false,top100_metadata_v1,https://doi.org/10.1111/lsq.70008,57952558700,Peter T. McLaughlin,1,us_inferred,metadata,,,
105005574189,10.1080/14719037.2025.2495691,2026,Public Management Review,Agency orientation and bureaucratic behaviour towards clients: evidence from a survey experiment among unemployment caseworkers,non_us,abstract,at Danish unemployment agencies,Study population or findings explicitly situated outside the US.,false,1e376db4df14636b97c2ebecb4808516a701e080a06d073c80fcf5011a060bdc,2335050678be391bcdece6288db7ca00526058aa4b66a6d50592acd20a1c5723,Codex (GPT-6),AI_assisted,2026-09-08,false,top100_metadata_v1,https://doi.org/10.1080/14719037.2025.2495691,56734108300,Mogens Jin Pedersen,1,non_us,metadata,,,
105005597308,10.1177/1532673X251343039,2025,American Politics Research,"State Courts, Public Opinion, and the Changing Abortion Landscape after Dobbs",us_inferred,abstract,abortion policy in the United States,Dobbs and US state courts frame experiments.,false,aefb86f74703ae1c39ecb104a33c077a72f061f30c5fdcb2d6f1f4a0d2c6617e,3c60734e5ef2faa35ce2b47537e44cda87af7186e2c6928e1bcbb31a8aabddfe,Codex (GPT-6),AI_assisted,2026-09-08,false,top100_metadata_v1,https://doi.org/10.1177/1532673X251343039,54881904100,Nichole M. Bauer,1,us_inferred,metadata,,,
105005626231,10.1017/S0007123424001017,2025,British Journal of Political Science,Gendered Expectations: Do Voters Reward Women for Supporting Women's Interests?,us_explicit,full_text,samples designed to resemble the US population,The equal-pay experiment uses the 2021 Cooperative Election Study with an explicitly US population target.,false,6ca45b103f1c379313541119166564eb74c9c0b4b5ff3979623a251f91c61340,cb36f772879505c6faf3e574a8299b6a7ac70511684323008ebc091d1ec1050c,Codex (GPT-6),AI_assisted,2026-09-09,false,top100_metadata_v1,https://doi.org/10.1017/S0007123424001017,54881904100|57203655130,Nichole M. Bauer; Kathleen Searles,2,unclear,full_text,105005626231.pdf,10,341c2c42fc37e2605726372aabecf9c0a0391d21bb360dafb6667065c197472c
105005805574,10.1080/07418825.2025.2504966,2025,Justice Quarterly,White Nationalism and Support for Political Violence in the United States,us_inferred,abstract,U.S. political stability,National experiment on US white nationalism and political violence.,false,d2668c8c02f81f6d2c6dcf56e5f8cd9cdc5ba2a3481b732a1e4980e0dc719ad9,96c3b176e7f4157121a9ab18792bd576d0165fe18e082eb4dd44dc38badcc713,Codex (GPT-6),AI_assisted,2026-09-08,false,top100_metadata_v1,https://doi.org/10.1080/07418825.2025.2504966,38061940400,Justin T. Pickett,1,us_inferred,metadata,,,
105005845952,10.1080/21642850.2025.2490550,2025,Health Psychology and Behavioral Medicine,What nudges you to take a vaccine? Understanding behavioural drivers of COVID-19 vaccinations using large-scale experiments in the G-7 countries,us_explicit,abstract,"Canada, France, Germany, Italy, Japan, UK, and USA","Metadata directly identifies a US experimental population, setting, or findings attributed to Americans.",true,7d5129482da9535ca548b2fea3a0212bdf1fc86566ad30076c1131982fa94c31,8916957effb962425a6c1d6192ed856a206e274f02f0eab9af3e8b5ff71c9e98,Codex (GPT-6),AI_assisted,2026-09-08,false,top100_metadata_v1,https://doi.org/10.1080/21642850.2025.2490550,35759060800,Brendan Nyhan,1,us_explicit,metadata,,,
105006801172,10.1007/s11109-025-10047-1,2026,Political Behavior,How Relevant is NIMBYism to Citizens’ Support for the Large-Scale Deployment of Public Goods? Experimental Evidence from 5G Antenna Placement in Switzerland,non_us,abstract,population-representative sample of Swiss residents,Study population or findings explicitly situated outside the US.,false,530ac6e607888ac9bacd34a4b5dc1933b3d8ac00f048fdb357235b3ad0a63d57,469cec81f119097169ec5fc5c747008edaf9a81b6486cde8d03fc46f616103db,Codex (GPT-6),AI_assisted,2026-09-08,false,top100_metadata_v1,https://doi.org/10.1007/s11109-025-10047-1,6602110388|57190806413,Thomas Bernauer; Lukas Rudolph,2,non_us,metadata,,,
105007145263,10.1177/20531680251344884,2025,Research and Politics,Descriptive representation and attitudes about local government: An experimental test using real-world stimuli,us_explicit,abstract,sample of Cook County residents,"Metadata directly identifies a US experimental population, setting, or findings attributed to Americans.",false,a84cfa575731853f21c1be91ef375e8aae4faa606c94551b090d3755478e1019,f1a1751fc612847922aec724c81c90b901f447f0a89c715eba3dd8d3fec292d2,Codex (GPT-6),AI_assisted,2026-09-08,false,top100_metadata_v1,https://doi.org/10.1177/20531680251344884,35745930100,David Doherty,1,us_explicit,metadata,,,
105007228428,10.1111/1745-9125.12403,2025,Criminology,Seeing the state in action: Public preferences about and judgments of common police–civilian interactions,unclear,abstract,,Police-civilian interaction experiments without country.,false,33ee385c61552278b1b814e3a3a9e527ff7b02dfaa05715eae9cbcf4bc0df59f,b17b0016191f7447dab326a501cad5b7f639e60c7d521317be6aab88ac4e0bab,Codex (GPT-6),AI_assisted,2026-09-08,false,top100_metadata_v1,https://doi.org/10.1111/1745-9125.12403,57217457882,Gregory A. Huber,1,unclear,metadata,,,
105007427471,10.1111/pops.70043,2026,Political Psychology,What personality traits do citizens want politicians to have? Observational and experimental evidence of citizens' preferences in three countries,non_us,abstract,"conducted in Belgium, Canada, and Israel",Metadata identifies a non-US population or study setting; no US experimental sample is reported.,false,90a2dce420b39cbd1c14288cc67596416ddd8fbd3e0ffbfa3c32bd7ec8d6290d,9be5b2b69d27ea0a0e5496e32cea4d1408868417d5cc427665808245c01c6d48,Codex (GPT-6),AI_assisted,2026-09-08,false,top100_metadata_v1,https://doi.org/10.1111/pops.70043,15757402700,Peter John Loewen,1,non_us,metadata,,,
105008067194,10.1177/01902725251331032,2025,Social Psychology Quarterly,"Affect, Efficacy, and Protest Intentions: Testing a Multilevel, Dual-Pathway Model of Collective Action",unclear,abstract,,random university sample without country.,false,e6d8d96a9d3c5e6d32ebd567243307496e73b2c7a648cf7e514f80ba6529b4a1,4e26e5a86aa5c4d6c0df86ed91db600c0360cbdc15b28bdc8052856f340b2e64,Codex (GPT-6),AI_assisted,2026-09-08,false,top100_metadata_v1,https://doi.org/10.1177/01902725251331032,36775562800,Blaine G. Robbins,1,unclear,metadata,,,
105008319657,10.1080/13501763.2025.2519560,2026,Journal of European Public Policy,"Racial populism, partisan spillover, and Americans’ quest for citizen education policy control: implications for European democracies",us_explicit,abstract,Two survey experiments show that White Americans,The experimental respondents are explicitly White Americans.,false,07a313a29cd3f0c5d9e0e9067126d2f2196d7b087c08d5c6df3f41023ee2a2e0,f45c05c7deef5ebe897d423e8217a6143cb3e40bdef792530b5547d0c1bc0d2a,Codex (GPT-6),AI_assisted,2026-09-09,false,top100_2010_metadata_v1,https://doi.org/10.1080/13501763.2025.2519560,55461249300,Craig M. Burnett,1,us_explicit,metadata,,,
105008461820,10.1093/poq/nfaf003,2025,Public Opinion Quarterly,The Effects of Forecasts on the Accuracy and Precision of Expectations,unclear,abstract,,French election is treatment topic; respondent nationality or residence unstated.,false,d2152d43975f00182dcf998a8ab026c62dbb8574b2b1585cacc4d50414be9bb9,a468214909f3fb9377ce277bdeb9426673debc519ca11e95a2fd84e7e0029dcc,Codex (GPT-6),AI_assisted,2026-09-08,false,top100_metadata_v1,https://doi.org/10.1093/poq/nfaf003,14034772300,Jason Reifler,1,unclear,metadata,,,
105008878283,10.1093/pnasnexus/pgaf170,2025,Pnas Nexus,Labeling AI-generated media online,us_explicit,abstract,"total n = 7,579 Americans","Abstract explicitly identifies Americans, US respondents, or a US study setting.",false,6286f3da28c80906b4ff1621fbf7f397478fa0431925eec97b08ed3e8e4bc219,c62195968b5aff6078ecc2284def2b08125538b8375253c0beb4569dd6901d23,Codex (GPT-6),AI_assisted,2026-09-08,false,top100_metadata_v1,https://doi.org/10.1093/pnasnexus/pgaf170,23095594600,David G. Rand,1,us_explicit,metadata,,,
105009206681,10.1007/s11162-025-09849-3,2025,Research in Higher Education,Gendered Expectations for College Applications: Experimental Evidence from a Gender Inegalitarian Education Context,non_us,abstract,"In Japan, the gender gap",Japanese college admissions context.,false,c71f799fca4aaa5e8aaa07d64e146dc0e2ba49548a9460a65619d9351dede596,64f182a50e03d43110cf6a5c761f2c3c0deb3c853fc850a18700db06db0d3919,Codex (GPT-6),AI_assisted,2026-09-08,false,top100_metadata_v1,https://doi.org/10.1007/s11162-025-09849-3,55091186500,Yoshikuni Ono,1,non_us,metadata,,,
105009501936,10.1016/j.electstud.2025.102956,2025,Electoral Studies,Preferences for female successors: Evidence from a survey experiment among Japanese local politicians,non_us,abstract,over 7000 elected local politicians in Japan,Study population or findings explicitly situated outside the US.,false,7de78dbbfa48568fcc1ca15f5a2cc27199f2c08ac4016794e5896579d336dcf5,897c6d8fb0df789ea5f9ca0b27d1c7458c77d1ebddff6e1714aae4053eff5bd2,Codex (GPT-6),AI_assisted,2026-09-08,false,top100_metadata_v1,https://doi.org/10.1016/j.electstud.2025.102956,55091186500,Yoshikuni Ono,1,non_us,metadata,,,
105010226878,10.1371/journal.pone.0328165,2025,Plos One,"Penalty or premium for foreign ownership in Thailand? Comparing public support for waste-to-energy plants operated by Thai, Japanese, and Chinese Companies",non_us,abstract,Using a survey experiment in Thailand,Study population or findings explicitly situated outside the US.,false,3f9c7544fb0b80019365e3ebd131323476fb442369968c191e77325fdc5c6388,c79da0c8d4afb35aefe1a79b864d88e212f2155a9594f4ab23c0922f6d1d2b28,Codex (GPT-6),AI_assisted,2026-09-08,false,top100_metadata_v1,https://doi.org/10.1371/journal.pone.0328165,7202316609|57206937457,Aseem Prakash; Azusa Uji,2,non_us,metadata,,,
105010332441,10.1111/jomf.70008,2026,Journal of Marriage and Family,How Do Employers View Applicants With and Without Children?,non_us,abstract,452 real recruiters in Flanders (Belgium),Metadata identifies a non-US population or study setting; no US experimental sample is reported.,false,207967c74ab8a90f88d01c5e1441e57e8ef65d497fafffde407908175f076be5,ae470bb3825a4cb22a8319cd6cf109904c12b4b2adc8d7f069bbaffd86e33fd8,Codex (GPT-6),AI_assisted,2026-09-08,false,top100_metadata_v1,https://doi.org/10.1111/jomf.70008,55746145800,Stijn Baert,1,non_us,metadata,,,
105010461822,10.1080/00207411.2025.2520420,2025,International Journal of Mental Health,"Suicide stigma in Ghana: examining the role of gender, culture, and attribution",non_us,abstract,"In Accra and Tamale, Ghana, 197 adults were recruited",Study population or findings explicitly situated outside the US.,false,d5feac6a2f0b68b26221136e0fd472cbac85cb28419a31656df5b436d01b9feb,194b1bd22eb5be05556d3672952db807cffdd7a9b1b32807b3cc9406aba8bb21,Codex (GPT-6),AI_assisted,2026-09-08,false,top100_metadata_v1,https://doi.org/10.1080/00207411.2025.2520420,14832646600,Robin E. Gearing,1,non_us,metadata,,,
105010591172,10.1177/02750740251340068,2025,American Review of Public Administration,Does Administrative Burden Affect Welfare Recipients’ Institutional Trust and Political Participation? Evidence from a Recall Experiment,non_us,abstract,"2,212 Danish employment insurance recipients",Study population or findings explicitly situated outside the US.,false,c29cc7bc9eb4928595fb65ce381b5b9811bfc55213bff242d3ad837eb802cf76,61fe43db0523dd16330c6db77ab7d2c254694c4fcc092bb391d73122829ed125,Codex (GPT-6),AI_assisted,2026-09-08,false,top100_metadata_v1,https://doi.org/10.1177/02750740251340068,35309171200,Martin Bækgaard,1,non_us,metadata,,,
105010718991,10.1093/isq/sqaf051,2025,International Studies Quarterly,Good Enough? Public Perceptions of Success in Military Interventions,unclear,abstract,,Available metadata does not locate the experimental sample.,false,7643db48261ceb23620923d66920a64a4d1e748a9cac2bc47a4c07a65939062d,f6834915e929ea86bc48a5128ecc877fdf1553ca35411040305575be1424bf9c,Codex (GPT-6),AI_assisted,2026-09-08,false,top100_metadata_v1,https://doi.org/10.1093/isq/sqaf051,57188971604,Sarah R. Maxey,1,unclear,metadata,,,
105011333746,10.1177/20531680251353147,2025,Research and Politics,Documents and democracy: How classification shapes public confidence in democratic institutions,us_inferred,abstract,executive power in the United States,White House classified-document handling and US presidential approval suggest US respondents.,false,247ec944840c26de948de9ab6624e9a26ca0d3b7606054b8935e8c1d6da15683,f9dfc2f048fbfb90a6dc44e3d4ea940d0355b3c17a3b11c5802974aa6ae0d87f,Codex (GPT-6),AI_assisted,2026-09-08,false,top100_metadata_v1,https://doi.org/10.1177/20531680251353147,57188971604,Sarah R. Maxey,1,us_inferred,metadata,,,
105011632356,10.1093/publius/pjaf017,2025,Publius the Journal of Federalism,"From Cooperation to Conflict: Public Opinion, Parasecurity, and US States' Divestment from China",us_inferred,abstract,many US states have recently divested,US state investment and Republican voter reactions suggest US respondents.,false,a025c4c6a98d7402a235661a45ca4ef9500ecde74ff6813c011a845ba2a0f514,d33c20528dff4e2c65bec3730249bfcd9cab00b1629d8d748b336ba5bd5631cc,Codex (GPT-6),AI_assisted,2026-09-08,false,top100_metadata_v1,https://doi.org/10.1093/publius/pjaf017,36713939500,Paul Musgrave,1,us_inferred,metadata,,,
105011656970,10.3390/socsci14070429,2025,Social Sciences,Super-Cocooning Against Property Crime: Do Visual Primes Affect Support and Does Race Matter,us_inferred,abstract,American citizens are significantly more likely to experience property crime,"US public crime-prevention context suggests US respondents, without a direct location statement.",false,1d87c219c8e7fd794bf1338d1a58bc293c0992112239d7a45dfd0ad418793c1c,8ebe4f5491d9e4972e6ca53752cfc9d5150a88e42cd2603d70976c630862abc0,Codex (GPT-6),AI_assisted,2026-09-08,false,top100_metadata_v1,https://doi.org/10.3390/socsci14070429,57211410814,Hunter M. Boehme,1,us_inferred,metadata,,,
105011988550,10.1080/00207411.2025.2529594,2025,International Journal of Mental Health,Attitudes toward suicide treatability in Tajikistan,non_us,abstract,this study explores Tajik people’s beliefs,Study population or findings explicitly situated outside the US.,false,e3f6fb3f36fdc4a0d4ecdcbce9f97c2c25ae638b4890001e8e45e68ae8921093,c15626a805b125968ce76b7656ae70a8c8240e425c3cf78b571fa3c7a317737e,Codex (GPT-6),AI_assisted,2026-09-08,false,top100_metadata_v1,https://doi.org/10.1080/00207411.2025.2529594,14832646600,Robin E. Gearing,1,non_us,metadata,,,
105012258249,10.1007/s11109-025-10066-y,2025,Political Behavior,"Disagreements About Threats to Electoral Integrity: Beliefs About the Severity and Frequency of Fraudulent, Uncounted, and Forgone Votes in the 2020 and 2024 Elections",us_inferred,abstract,Republicans believed fraudulent votes,2020/2024 elections and US party system.,false,d1f6e92e2d7701448f3db4962540affe346fedb09806c744e3571c9628ac452b,dbb98591d9f27c55be7f9912ab4a33b8b3131bfd45d77ecf7de45b684330ae7c,Codex (GPT-6),AI_assisted,2026-09-08,false,top100_metadata_v1,https://doi.org/10.1007/s11109-025-10066-y,57217457882,Gregory A. Huber,1,us_inferred,metadata,,,
105012355723,10.1086/730721,2025,Journal of Politics,"Candidate Gender, Campaign Appeals, and Voter Support in Judicial Elections",us_inferred,abstract,judicial campaign ads from 2017 and 2018,Judicial election campaigns and tough-on-crime appeals support a US electoral-context inference; participant location is not explicit.,false,660fef891a36ad52b1fd80f29ffe37f139db7a307b76e5efe6fb9e5946da7052,73df8a298c9e86c7f21bb8d0ce6320577419549ad0130c7adc507a52f5717dc1,Codex (GPT-6),AI_assisted,2026-09-09,false,top100_2010_metadata_v1,https://doi.org/10.1086/730721,57203655130,Kathleen Searles,1,us_inferred,metadata,,,
105012359420,10.1086/730716,2025,Journal of Politics,Respect the Process: The Public Cost of Unilateral Action in Comparative Perspective,us_explicit,abstract,survey experiments implemented in the United States and Egypt,"Abstract explicitly identifies Americans, US respondents, or a US study setting.",true,6fe3eef8c70195977b115f587143feb84380ed1cbb6195394b0744da8367b72a,d410767622e984848229b0ee8cf27ee68717b1ffc15a966cb71eca59b0253009,Codex (GPT-6),AI_assisted,2026-09-08,false,top100_metadata_v1,https://doi.org/10.1086/730716,57203528227,Jonathan A. Chu,1,us_explicit,metadata,,,
105012399638,10.1007/s11558-025-09600-8,2025,Review of International Organizations,Peer opinion and the legitimacy of international organizations,us_explicit,abstract,"nationally representative samples in Brazil, Germany, and the United States","Metadata directly identifies a US experimental population, setting, or findings attributed to Americans.",true,3b388a660e832c05acdc0a29a891f02686453b81cdb13210e62c419e00c0d7d9,23d31961afc18ec28c7de12cfefa7cbf0a322171624476fe722fbd5017a4ca87,Codex (GPT-6),AI_assisted,2026-09-08,false,top100_metadata_v1,https://doi.org/10.1007/s11558-025-09600-8,6602533817,Jonas Tallberg,1,us_explicit,metadata,,,
105012597345,10.1177/10659129251364215,2025,Political Research Quarterly,Public Preferences for Reallocating Aid in the Presence of Alternative Donors,us_explicit,abstract,representative samples from Japan and the United States,"Abstract explicitly identifies Americans, US respondents, or a US study setting.",true,805d0ee3560496909a2b3077c2aa8458ab4d3ca24689f743c71f32a8d6a868c3,5b7c681fab21ab16eed6ff171039c5f728c31effc557230186141bdca3489f2e,Codex (GPT-6),AI_assisted,2026-09-08,false,top100_metadata_v1,https://doi.org/10.1177/10659129251364215,35861891200,Matthew S. Winters,1,us_explicit,metadata,,,
105012748003,10.1177/13540661251353107,2026,European Journal of International Relations,Public support for arms control in the third nuclear age: cross-national survey and elite cues experiment in NATO countries,us_explicit,abstract,survey experiment investigating the impact of elite cues on public opinion in the United States and the United Kingdom,"Metadata directly identifies a US experimental population, setting, or findings attributed to Americans.",true,137fd3343540f3bad870d40391aa59d2fdae4f503ae0e3dfa45dd4e0f5e75db6,b2399f74e045edb67c62741ba524a2392af7b8a44f36af9fab78a3a9d64a5be6,Codex (GPT-6),AI_assisted,2026-09-08,false,top100_metadata_v1,https://doi.org/10.1177/13540661251353107,55672957800|57220041117,Michal Smetana; Ondřej Rosendorf,2,us_explicit,metadata,,,
105013200123,10.1017/S0007123425000298,2025,British Journal of Political Science,"Field Experiments Invoking Gloating Villains to Increase Voter Participation: Anger, Anticipated Emotions, and Voting Turnout",us_inferred,abstract,field experiments conducted in Mississippi and Florida,Survey replications of US voter turnout experiments; survey sample country unstated.,false,b5e7d60ef37c134d80061654cdb57f7d61c293448d56973fdd9763f1093eb2b4,361581f5d803bb5a531a4b234416e1626e654ca79244afb48cdbff3ac0ecc898,Codex (GPT-6),AI_assisted,2026-09-08,false,top100_metadata_v1,https://doi.org/10.1017/S0007123425000298,57217457882,Gregory A. Huber,1,us_inferred,metadata,,,
105013279686,10.1177/00220027251356279,2026,Journal of Conflict Resolution,How Intractable is Security Dilemma Thinking?,us_explicit,abstract,parallel survey experiments in the United States and China,"Metadata directly identifies a US experimental population, setting, or findings attributed to Americans.",true,f1df817502469451301c80c9bae30b92496584405c5427d6a9208111bbcdb912,469ff3402854f12cc92985a3a3e198fa34b418b16fa5652f7e01545d71391de9,Codex (GPT-6),AI_assisted,2026-09-08,false,top100_metadata_v1,https://doi.org/10.1177/00220027251356279,56868425000,Kai Quek,1,us_explicit,metadata,,,
105014100991,10.1086/732996,2025,Journal of Politics,The Domestic Political Costs of Soliciting Foreign Electoral Intervention,us_explicit,abstract,US-based survey experiments,"Metadata directly identifies a US experimental population, setting, or findings attributed to Americans.",false,ad09ee282b9c181a90e3a5eaf0be124ed4df771b3ffebffd9d394abce9d28e8e,009081ad3e34a6b3dc99e3591efc1552b65275e0d08259a696967be81cf4e5f4,Codex (GPT-6),AI_assisted,2026-09-08,false,top100_metadata_v1,https://doi.org/10.1086/732996,6505910383,Michael Tomz,1,us_explicit,metadata,,,
105014746447,10.1017/XPS.2025.10013,2025,Journal of Experimental Political Science,Do Immigrants’ Partisan Preferences Influence Americans’ Support for Immigration?,us_explicit,abstract,whether Americans are more supportive of immigration,"Abstract explicitly identifies Americans, US respondents, or a US study setting.",false,a2c01bdc1596fcaeb1dc8a9b679886204c05ee800724caa0043b488b33c31856,2c0e8bf36a8b5a078e98fa379f1244e4aa0ca783881905427d79ee9312794175,Codex (GPT-6),AI_assisted,2026-09-08,false,top100_metadata_v1,https://doi.org/10.1017/XPS.2025.10013,24339564700,David A. Steinberg,1,us_explicit,metadata,,,
105014927185,10.1038/s41597-025-05848-2,2025,Scientific Data,The AUTNES Online Panel Study 2017–2024: A Dataset of Austrian Voter Attitudes and Behavior,non_us,abstract,Austrian National Election Study,Austrian voter panel including experimental modules.,false,a571ea8797454d0ed98b3e7c4796945bf7deb332a179867b807cb42c6bb34507,66681ad34051c37e0298804585f4ba1cfafd411a3215b0392d58a0eb2b88e1d1,Codex (GPT-6),AI_assisted,2026-09-08,false,top100_metadata_v1,https://doi.org/10.1038/s41597-025-05848-2,37065230200,Markus Wagner,1,non_us,metadata,,,
105015105489,10.1093/pnasnexus/pgaf267,2025,Pnas Nexus,Does civilian oversight impact police legitimacy?,unclear,abstract,,Available metadata does not locate the experimental sample.,false,f7df6fd1350c1c02077e90d89a25fe87af9c7af232d10a0ff121afb918161866,46075f4039e75b12e3b564e32c705281a0620aede936dd7c621da33229dda7af,Codex (GPT-6),AI_assisted,2026-09-08,false,top100_metadata_v1,https://doi.org/10.1093/pnasnexus/pgaf267,57220203816,Kaylyn Jackson Schiff,1,unclear,metadata,,,
105015216506,10.1080/01402382.2025.2548167,2025,West European Politics,"How we think about the political stances of others: evidence on projection from Canada, Germany, and the UK",non_us,abstract,"survey experiment fielded in Canada, Germany, and the United Kingdom",Metadata identifies a non-US population or study setting; no US experimental sample is reported.,false,975fef09a39cf27b6cdfa11f94273ac4d6ffb81f3488ed89e1868c89744466f3,67fe2c8e3d1ef01a316f9dd89c50bc41c2e2ec6f3861ec3b6c3ee3e287ebe78f,Codex (GPT-6),AI_assisted,2026-09-08,false,top100_metadata_v1,https://doi.org/10.1080/01402382.2025.2548167,56534303500,Anthony Kevins,1,non_us,metadata,,,
105015521246,10.1017/XPS.2025.10014,2025,Journal of Experimental Political Science,"Debunking NIMBY Myths Increases Support for Affordable Housing, Especially Near Respondents' Homes",us_explicit,abstract,affordable housing in the U.S. varies at different distances from where respondents live,"Metadata directly identifies a US experimental population, setting, or findings attributed to Americans.",false,77b8dac110b2a136b3478db2df7b16414cddd876d731e47b05c075e1b6acee9b,e395fbd50186248c8414097b20fba3f8387e22831cf48808c03943991d522079,Codex (GPT-6),AI_assisted,2026-09-08,false,top100_metadata_v1,https://doi.org/10.1017/XPS.2025.10014,35759060800,Brendan Nyhan,1,us_explicit,metadata,,,
105018032059,10.1080/13501763.2025.2558980,2025,Journal of European Public Policy,Partisan affect and political tolerance in the context of shifting norms: the effect of coalition signals towards the radical right,non_us,abstract,"survey experiments in Germany, Flanders, Spain, and Austria",Study population or findings explicitly situated outside the US.,false,846af8058ac870aea82e988f2a20ded413b99a1aed94d58459bd4a5e2a7c986e,e66477aee04caca26ef9e691e8c36c04d87a6b2a81c40e999e09bcd2eb83c969,Codex (GPT-6),AI_assisted,2026-09-08,false,top100_metadata_v1,https://doi.org/10.1080/13501763.2025.2558980,37065230200,Markus Wagner,1,non_us,metadata,,,
105018094455,10.1017/bpp.2020.50,2024,Behavioural Public Policy,Motivated reasoning and policy information: politicians are more resistant to debiasing interventions than the general public,non_us,full_text,Both were representative of the Danish population,The study compares Danish city councilors with Danish public samples.,false,a371e5883a0dcef0bdc1c9890651bc7c81df6e2b68430a1811cf15b69221f30a,d44581fb0f1a09ebaf64104d44611b82b0e1ec3e6afc5aaf6d52e9960409d1af,Codex (GPT-6),AI_assisted,2026-09-09,false,top100_metadata_v1,https://doi.org/10.1017/bpp.2020.50,56354967100,Donald P. Moynihan,1,unclear,full_text,105018094455.pdf,7,061e91290ef6c4d43f3adf567d94f7088310a3d9968f6e2e56c38ccecefe5d54
105018624506,10.1017/S0007123425100811,2025,British Journal of Political Science,Inflation and Incumbent Support: Experimental Evidence from the 2024 US Presidential Election,us_explicit,abstract,priming Americans to think about inflation,"Abstract explicitly identifies Americans, US respondents, or a US study setting.",false,a9457a8def91d01f83ecb5ba58901722a83bac23f085f320b0bf234cdf8c06fd,19d71c4ae101774347dd7d561d7dc93ec1c311fea3f8b1e7d2289a03f38f2b2b,Codex (GPT-6),AI_assisted,2026-09-08,false,top100_metadata_v1,https://doi.org/10.1017/S0007123425100811,56448439600|24339564700,Selim Erdem Aytaç; David A. Steinberg,2,us_explicit,metadata,,,
105018681448,10.1080/21599165.2025.2548250,2026,East European Politics,The public opinion effects of antisemitic elite cues: a survey experiment on the Hungarian Soros campaign,non_us,abstract,a survey experiment in Hungary,The experiment was conducted in Hungary.,false,abd9b48840f70dbb1e82d59f3e88d0a3430776a6eb525b51d379a27a872aa8cc,73b44ebba70a1540b772fb8993b1c025784d96acc8418dfb695ce9522a7fc911,Codex (GPT-6),AI_assisted,2026-09-09,false,top100_2010_metadata_v1,https://doi.org/10.1080/21599165.2025.2548250,55135830500,Gábor Simonovits,1,non_us,metadata,,,
105018714689,10.1002/wmh3.70050,2025,World Medical and Health Policy,How Framing of Income Eligibility Guidelines Affect Attitudes Towards Program Access and Burdens in Health and Health-Protective Programs,us_inferred,keywords,Medicaid,"Specifically US Medicaid and SNAP programs in the keywords, combined with beneficiary evaluations in the abstract, suggest US respondents.",false,4e1218857ff61afe5809288118fc05b8fadd4efc85c3aed8e8b8a6368a0a3727,0bb9c72ff3b7ed66741e9504168603ae37ff6d44afc082bafa7adddb3c9f128a,Codex (GPT-6),AI_assisted,2026-09-08,false,top100_metadata_v1,https://doi.org/10.1002/wmh3.70050,56354967100,Donald P. Moynihan,1,us_inferred,metadata,,,
105018760904,10.1017/S0003055425101056,2026,American Political Science Review,"Race, Democracy, and Public Support for War",not_applicable,abstract,their novel experiments,Reanalysis/commentary on another study's experiments; no original experimental sample identified.,false,f006fa88e06bda4cbe0fd8b1da22656a8bcf6d5f51a2e6298cb5df2e499c00ac,a0549bc45468a50d167fb1f724e2fff985149c69cbd8c81dca2f4f8aef406eb7,Codex (GPT-6),AI_assisted,2026-09-08,false,top100_metadata_v1,https://doi.org/10.1017/S0003055425101056,6505910383,Michael Tomz,1,not_applicable,metadata,,,
105019345621,10.1177/08862605251379001,2025,Journal of Interpersonal Violence,"Interpersonal Violence, Culture, and Stigma in Ghana",non_us,abstract,658 Ghanaians participated,Study population or findings explicitly situated outside the US.,false,9e4acb493bb2e885d26796e084792c962b488f586b52571d2af08480cd68d3c0,0e06d0f9327efbf9fc2eb8290cb5f0a2a1c81a6651cb0c5b171fc71a0c078ee8,Codex (GPT-6),AI_assisted,2026-09-08,false,top100_metadata_v1,https://doi.org/10.1177/08862605251379001,14832646600,Robin E. Gearing,1,non_us,metadata,,,
105019368716,10.1093/jleo/ewae013,2025,Journal of Law Economics and Organization,"Partisanship, expertise, or connections? A conjoint survey experiment on lobbyist hiring decisions",unclear,abstract,,Available metadata does not locate the experimental sample.,false,a7ff9cd9d718eff1c758254dc3f6f4344e4b8df03a9bd024e80bddd26a7e2d2b,25c1c0459f71ebb26a28b9a7fa2b3a3cf7e70acfaad3d4527a2ad3a980eb2d14,Codex (GPT-6),AI_assisted,2026-09-08,false,top100_metadata_v1,https://doi.org/10.1093/jleo/ewae013,55494876700,David R. Miller,1,unclear,metadata,,,
105019586030,10.1177/10659129251388055,2026,Political Research Quarterly,Beyond Credit Claiming: Protection and Commiseration Messages in Distributive Politics,us_inferred,keywords,congress,Congress keyword and constituent reactions to legislative spending messages suggest a US electorate.,false,43997386d35026fbdcc2941944340b2369f92800ce51b70a375cc2cbd97f4c77,2f9b7cdf5589b149ccbb4a2ee998eb4e56b6e6d1c130fac44fe643a4b36ff80d,Codex (GPT-6),AI_assisted,2026-09-08,false,top100_metadata_v1,https://doi.org/10.1177/10659129251388055,57952558700,Peter T. McLaughlin,1,us_inferred,metadata,,,
105019779764,10.1177/00323217251382336,2025,Political Studies,Public Budget Cuts: Political Communication Strategies and Citizen Reactions,unclear,abstract,,Budget cuts experiment without sample country.,false,de1c5b2634f2cad7250efca153707ad42628cb418a5847794e8e3c884095cc1d,6e447fcdc50c903d40a74cc1da49c57c973f14f1bd90893030aefd242f9d1fc4,Codex (GPT-6),AI_assisted,2026-09-08,false,top100_metadata_v1,https://doi.org/10.1177/00323217251382336,25224644900,Rasmus Tue Pedersen,1,unclear,metadata,,,
105021366057,10.1016/j.electstud.2025.103004,2025,Electoral Studies,Emphasizing or downplaying political ambitions: Exploring the role of candidate gender in shaping voter perceptions,non_us,abstract,we conducted a vignette experiment in Japan,Study population or findings explicitly situated outside the US.,false,a3def28cd0c4cac5d53d9d0b0564ea4a03fabf1ffb1bd54949d04fd36f6d74fd,9fc7acaca2a65a7c802451df422ffd51697ebb9115b0a06f267bbf8fa9772b54,Codex (GPT-6),AI_assisted,2026-09-08,false,top100_metadata_v1,https://doi.org/10.1016/j.electstud.2025.103004,55091186500,Yoshikuni Ono,1,non_us,metadata,,,
105021850455,10.1177/00111287251384656,2025,Crime and Delinquency,Assessing Public Support of Gunshot Detection Technology Through a Framing Survey Experiment,unclear,abstract,,Available metadata does not locate the experimental sample.,false,b1db68d9e112e2fb8000f4e04f88bd86ff5e591b46dda9faaa8709c712dfe6ce,1e3d5bc0d2d764147b4fccb31eb5aace793e39e5b4dadb30d9c2e139d60e66b2,Codex (GPT-6),AI_assisted,2026-09-08,false,top100_metadata_v1,https://doi.org/10.1177/00111287251384656,57211410814,Hunter M. Boehme,1,unclear,metadata,,,
105021982298,10.1017/S1743923X25100482,2025,Politics and Gender,How Do US Voters Respond to Candidates Using Campaign Funds for Childcare? Evidence From a Framing Experiment,us_explicit,title,How Do US Voters Respond,"Metadata directly identifies a US experimental population, setting, or findings attributed to Americans.",false,2e030eefc36780d54d3e8d45bb98f9a7e9ed080e3e6efb9f8ae1732ac8276f37,bd556cabfe7d0899f376e1deed0378953259962953818fa8b48b93dc163cd5bc,Codex (GPT-6),AI_assisted,2026-09-08,false,top100_metadata_v1,https://doi.org/10.1017/S1743923X25100482,57952558700,Peter T. McLaughlin,1,us_explicit,metadata,,,
105022218358,10.1086/735474,2026,Journal of Politics,Effects of Popular Legitimacy on International Organizations: An Elite Survey Experiment,non_us,abstract,elected politicians in Sweden,Non-US study population or setting identified in the full abstract; no US experimental sample reported.,false,1131d5145c7cc1a89d48608b857870285d5ff73f2653a960a757c7a35620b286,39b46591bb4f28abec3ec599ae92739811822bdb98bbcc6d6243074bbd9d3ac3,Codex (GPT-6),AI_assisted,2026-09-08,false,top100_metadata_v1,https://doi.org/10.1086/735474,6602533817,Jonas Tallberg,1,non_us,metadata,,,
105023686741,10.1353/hpu.2025.a975594,2025,Journal of Health Care for the Poor and Underserved,Public Attitudes About Access to Comprehensive Dental and Orthodontics Services for Medicaid Beneficiaries,us_explicit,abstract,whether Americans believe that pediatric and adult Medicaid beneficiaries,"Metadata directly identifies a US experimental population, setting, or findings attributed to Americans.",false,8725b1f70feead0c7ffc04adfc965b79a9219ecfbcb70f87883a3359fa0f3a14,1dc953e351707ea8506d10cbbd03f437244e5bfe1a5e2029bcbf8595611e0746,Codex (GPT-6),AI_assisted,2026-09-08,false,top100_metadata_v1,https://doi.org/10.1353/hpu.2025.a975594,56354967100,Donald P. Moynihan,1,us_explicit,metadata,,,
105024003881,10.15195/v12.a17,2025,Sociological Science,Who Learns from Deliberative Minipublics? Identity-Based Differences in Knowledge Gains across Thirteen Citizens’ Initiative Review Experiments,us_explicit,full_text,"13 CIRs held in Oregon, Arizona, California, Colorado, and Massachusetts",The 13 survey experiments recruited registered voters around Citizens’ Initiative Reviews in these US states.,false,8fda5bf94cbe1d428fdb8b940a74ba74797b9e977bace00ebd2a3fc8c3df8ca6,dbe7aed7baf891e3dd6ae82f106c4d06b7165e08739f027f1dd75534e4e86888,Codex (GPT-6),AI_assisted,2026-09-09,false,top100_metadata_v1,https://doi.org/10.15195/v12.a17,6601956224,John Gastil,1,unclear,full_text,105024003881.pdf,6,1b32e6e4540a0edd9c9735e3222f82ee886d0a7b672e17ce253d58f0c496b0ec
105024217606,10.1080/09546553.2025.2586114,2025,Terrorism and Political Violence,"Sacrificing Civilians to Save Soldiers: Public Support for Counterterrorism/Counterinsurgency Operations in Mosul and Basra, Iraq",non_us,abstract,"survey in Mosul and Basra, Iraq",Study population or findings explicitly situated outside the US.,false,ce31d25aa1b7555823b60dfd645d13a0f1b3d7454e848b2ba6f63d028c029cd9,8924563cb340baad25ace1edb0245e0ae81ec886d3142bd9c6d4fc97ef8d9d07,Codex (GPT-6),AI_assisted,2026-09-08,false,top100_metadata_v1,https://doi.org/10.1080/09546553.2025.2586114,23010864600,Samuel Whitt,1,non_us,metadata,,,
105024555682,10.1177/20531680251363650,2025,Research and Politics,Countering online abuse of politicians through information about consequences and norms,non_us,abstract,sample of 2000 Danish citizens,Study population or findings explicitly situated outside the US.,false,8ffa2f2036ee68027e9078c2d94ef5d6642dc7bdd7f6b07b43813dd6650110cc,b764e3d8c7ac9ec394fa41cb4ecd8b0e0d9930fb154e94e21a2538a493481129,Codex (GPT-6),AI_assisted,2026-09-08,false,top100_metadata_v1,https://doi.org/10.1177/20531680251363650,57203170141,Niels Bjørn Grund Petersen,1,non_us,metadata,,,
105025108627,10.1111/gove.70102,2026,Governance,"Bureaucratic Responsiveness and Legitimacy: The Effects of Independence, Competence, and Warmth on Citizens' Legitimacy Perceptions",non_us,abstract,survey experiment in Slovakia and Finland,Study population or findings explicitly situated outside the US.,false,754a0a34d613fc2ee895c42b1d31774944b8cdccd5fba8e66de5f4df95028a8a,6d657f7a0243ca5fb5035d9ed4f2f3f67b48392b69f939cf6ffee1156a107022,Codex (GPT-6),AI_assisted,2026-09-08,false,top100_metadata_v1,https://doi.org/10.1111/gove.70102,57189074265,Honorata Mazepus,1,non_us,metadata,,,
105025248279,10.1177/10659129251408709,2026,Political Research Quarterly,Are Citizens Vigilant of Changing the Balance of Power? Testing Evaluations of Checks and Balances Reforms,non_us,abstract,survey experiment with Polish citizens,Study population or findings explicitly situated outside the US.,false,4dce0f5156c38255a29cf147b3921fa163e72c7447f6adc91bf8de5f29c466e7,21cb87299ebede715d38cd8eeb96d04e5eedad538ca8490b988878b686c51c43,Codex (GPT-6),AI_assisted,2026-09-08,false,top100_metadata_v1,https://doi.org/10.1177/10659129251408709,57189074265,Honorata Mazepus,1,non_us,metadata,,,
105025976814,10.1093/fpa/oraf038,2026,Foreign Policy Analysis,Degrees of Rivalry: U.S. Paradiplomacy and the Weaponization of Education Policy against Japan and China,us_explicit,abstract,Survey data show that Americans,"Metadata directly identifies a US experimental population, setting, or findings attributed to Americans.",false,549ec52a9c10fa15fbb4a21446c5f4a5325095e39a6d3245aff026df86a9376e,6ad3d554a2857f49df98efcc544aec4270ab3cfdc7f75fb873f4b050bb184e97,Codex (GPT-6),AI_assisted,2026-09-08,false,top100_metadata_v1,https://doi.org/10.1093/fpa/oraf038,36713939500,Paul Musgrave,1,us_explicit,metadata,,,
105026243740,10.1017/psrm.2025.10073,2025,Political Science Research and Methods,Red lines versus negotiables: how exposure to wartime violence influences support for peace settlements in Ukraine,non_us,abstract,surveys and survey experiments in Ukraine,Study population or findings explicitly situated outside the US.,false,9d2e284d15be25a769a71970c143b7e0c36bf13f56fa5cf79d657184e6828953,5124d07ca9e40a4a1c493aa6d0cc15f1347d0f0dfe396bf106b4736d9ba68ce7,Codex (GPT-6),AI_assisted,2026-09-08,false,top100_metadata_v1,https://doi.org/10.1017/psrm.2025.10073,35492113000,Thomas Zeitzoff,1,non_us,metadata,,,
105026699333,10.1017/rep.2025.10033,2026,Journal of Race Ethnicity and Politics,Representing Black and White: The Role of Candidate Issue Priorities in Perceptions of Representation,us_inferred,abstract,congressional newsletters,The national experiment concerns representation of White and African Americans alongside US congressional communications.,false,054f892eb8988f8358f9b3f409a6f7e5f522e9c34e92422a983f74a333249d03,61d09723bd6403fe654ff600012e43555e84ffb9fb2abe9866f632b4c7624f99,Codex (GPT-6),AI_assisted,2026-09-09,false,top100_2010_metadata_v1,https://doi.org/10.1017/rep.2025.10033,55454468300,Tatishe M. Nteta,1,us_inferred,metadata,,,
105027159077,10.1080/13510347.2025.2592846,2026,Democratization,Subverting democracy in the name of democracy,us_explicit,abstract,US American and Polish respondents,"Abstract explicitly identifies Americans, US respondents, or a US study setting.",true,8040d2ebfe58d76da9856e39314d1f8a6236cca1db8bb1a948924005c589feff,51586b8c6139861aaf926be325bce2318189a876035d4c8299ecde4bc54c700c,Codex (GPT-6),AI_assisted,2026-09-08,false,top100_metadata_v1,https://doi.org/10.1080/13510347.2025.2592846,57189074265,Honorata Mazepus,1,us_explicit,metadata,,,
105027197362,10.1016/j.jenvp.2026.102901,2026,Journal of Environmental Psychology,"Information on public opinion has lasting effects on second-order climate beliefs, but minimal and ephemeral effects on first-order beliefs",non_us,abstract,two-wave survey experiment in Germany,Study population or findings explicitly situated outside the US.,false,34a97db635b88444bc5e449de255b13b0b58a66c22749ba2d469f23885407e97,a63c28fe43fb5099005845beb4a3bb8ddfa46461f14cc19c7b47c7f7824950a6,Codex (GPT-6),AI_assisted,2026-09-08,false,top100_metadata_v1,https://doi.org/10.1016/j.jenvp.2026.102901,14034772300,Jason Reifler,1,non_us,metadata,,,
105027329225,10.1038/s41467-025-67913-z,2026,Nature Communications,Examining public support for Ukraine’s defense against autocratic aggression,us_explicit,abstract,"respondents in the United States, the United Kingdom, Germany, France, and Italy","Abstract explicitly identifies Americans, US respondents, or a US study setting.",true,93dc9990b454e5acc92639df33ec627b79777a4215bc48ab40b79658d53a7e24,39c02a65d4e4006fbe71ba9136865b713081b7f560598989ce9182df749ed32f,Codex (GPT-6),AI_assisted,2026-09-08,false,top100_metadata_v1,https://doi.org/10.1038/s41467-025-67913-z,57190806413,Lukas Rudolph,1,us_explicit,metadata,,,
105029060592,10.56296/aip00045,2026,Advances in Psychology,Solidarity as a bridge: Shared discrimination is indirectly associated with voting intentions among People of Color,us_explicit,abstract,Asian American (N=850) adults,"Metadata directly identifies a US experimental population, setting, or findings attributed to Americans.",false,559a0113cb9ad71a2ae46bce08b874a83f4b9779ff30ae35bb3448a94f2d4493,062cbbb200089094886037ea49606d7e894058f6aa526fd544e71016004eddd9,Codex (GPT-6),AI_assisted,2026-09-08,false,top100_metadata_v1,https://doi.org/10.56296/aip00045,35183713000,Efrén O. Pérez,1,us_explicit,metadata,,,
105029190749,10.1177/20539517261419341,2026,Big Data and Society,Whose voice counts? The role of large language models in public commenting,us_inferred,abstract,US federal rulemaking,Experiments in US notice-and-comment regulatory context; sampling location unstated.,false,64e23ea8baf753a33abed283f67261535cefe231b07024e6c9ccc06e66ed66f2,fba4ef46d60f7ba3c5c3b2368430b6fc9100c6e8f1727888c5ca03da9e8b5e23,Codex (GPT-6),AI_assisted,2026-09-08,false,top100_metadata_v1,https://doi.org/10.1177/20539517261419341,35725744600,Sarah E. Kreps,1,us_inferred,metadata,,,
105029224931,10.1177/14789299251409090,2026,Political Studies Review,"Stereotype Crossroads: Investigating the Interplay of Gender and Religious Symbols in Shaping Political Gender Stereotypes in Flanders (Belgium), Turkey and the UK",non_us,title,"Flanders (Belgium), Turkey and the UK",Metadata identifies a non-US population or study setting; no US experimental sample is reported.,false,01c26fbd65eabbefccbba55776e6207a2b656e429f0c3d1ad53d6c2e800badb4,3cb5bb314ae036c2ddef5b83a80a8fd3acf4777d515a1ce5ec513c10772fbd2c,Codex (GPT-6),AI_assisted,2026-09-08,false,top100_metadata_v1,https://doi.org/10.1177/14789299251409090,57196390820,Robin Devroe,1,non_us,metadata,,,
105029615177,10.1371/journal.pone.0340685,2026,Plos One,Economic shock and the erosion of COVID-19 precautionary behavior in Canada during the early pandemic,non_us,abstract,national samples of Canadians,Metadata identifies a non-US population or study setting; no US experimental sample is reported.,false,c3a37374d9e90f7327469747392c08c8f598b6ed3e801bd404ed39b6ecb04c81,a309e70902b4e0533d7cd128ce62720275a76007e6c6408db70319e938103e61,Codex (GPT-6),AI_assisted,2026-09-08,false,top100_metadata_v1,https://doi.org/10.1371/journal.pone.0340685,15757402700,Peter John Loewen,1,non_us,metadata,,,
105029692176,10.1093/isq/sqag001,2026,International Studies Quarterly,"Mind over Metal: Public Opinion on Autonomous Weapons in the United States, Brazil, Germany, and China",us_explicit,abstract,"preregistered survey experiment in the United States, Brazil, Germany, and China","Metadata directly identifies a US experimental population, setting, or findings attributed to Americans.",true,2e48c8845bbaa89e232c240c2b9b878310d2b98f3fee45fbf188f511b457f515,f2c936581cc9f543eaf5a82480534828f35f838c8d18475282e384f7a914465d,Codex (GPT-6),AI_assisted,2026-09-08,false,top100_metadata_v1,https://doi.org/10.1093/isq/sqag001,57220041117,Ondřej Rosendorf,1,us_explicit,metadata,,,
105029946035,10.1093/pnasnexus/pgag008,2026,Pnas Nexus,Labeling messages as AI-generated does not reduce their persuasive effects,us_explicit,abstract,on a diverse sample of Americans,"Abstract explicitly identifies Americans, US respondents, or a US study setting.",false,7a6768ef3a233519cb9f41e7e07ac9ecad20b68bb92ace5b2ba4abe484414a55,b4a9bfd1a36fcd80d0b31991637ac8cc0f553a72c433f54daf624c2bd60a3fb2,Codex (GPT-6),AI_assisted,2026-09-08,false,top100_metadata_v1,https://doi.org/10.1093/pnasnexus/pgag008,16305967100,Robb Willer,1,us_explicit,metadata,,,
105029985491,10.1111/pops.70122,2026,Political Psychology,Motivated causal judgments and responsibility for civilian casualties in military conflicts,non_us,abstract,representative samples in Poland,Study population or findings explicitly situated outside the US.,false,3e90fbd593b50b28056f06791d16632da9fc677bfab66d0f5e7d7285bed888a7,5c91f8a98a2d92f89e128f0c79b5768c271a0e1ff553853475bfc5d967ad2dbb,Codex (GPT-6),AI_assisted,2026-09-08,false,top100_metadata_v1,https://doi.org/10.1111/pops.70122,57189074265,Honorata Mazepus,1,non_us,metadata,,,
105030588739,10.1017/S0007123425101324,2026,British Journal of Political Science,Descriptive or Partisan Representation? Examining Trade-Offs for Asian Americans,us_explicit,abstract,when Asian Americans are asked,"Abstract explicitly identifies Americans, US respondents, or a US study setting.",false,7048dd5aa0138f06dc586b40f8039ee1878986a7d824e11991232213f0b942d3,02b18665346582ed9852df148e763e0db55dcf979d41630167a195261f9d4eb4,Codex (GPT-6),AI_assisted,2026-09-08,false,top100_metadata_v1,https://doi.org/10.1017/S0007123425101324,24168107200,Yusaku Horiuchi,1,us_explicit,metadata,,,
105031085870,10.1111/gwao.70115,2026,Gender Work and Organization,Revisiting Flexibility Stigma: How Framing Remote Working Shapes Bias Against Remote Workers,non_us,abstract,national sample of managers in Singapore,Metadata identifies a non-US population or study setting; no US experimental sample is reported.,false,8cfbe1d007bc61e17d693b73f284c5112cf59149730ec3a9421a5510b356dae4,3655558fe1eb5c66c699548fc41843e746e2d49a9fb2097baf29ab8166db7cc4,Codex (GPT-6),AI_assisted,2026-09-08,false,top100_metadata_v1,https://doi.org/10.1111/gwao.70115,57264879500,Senhu Wang,1,non_us,metadata,,,
105031363663,10.1177/00220027261424197,2026,Journal of Conflict Resolution,Interstate Conciliation in the Shadow of Deep Historical Grievances,non_us,abstract,receiver-side (Chinese) domestic support,Experiments conducted in China and Japan; no US sampling reported.,false,1ee4f4804d4f84e37a6af959e28415b5272cd16eea2d155803af733fa9349c76,e3743f9c726253db81a37b7694caf3473aa861bb1c48a6fe7c9f2f70932a6948,Codex (GPT-6),AI_assisted,2026-09-08,false,top100_metadata_v1,https://doi.org/10.1177/00220027261424197,56868425000,Kai Quek,1,non_us,metadata,,,
105032149587,10.1080/00344893.2026.2630890,2026,Representation,How Do Politicians’ Own Opinions Affect Their Information Intake? A Survey Experiment among Belgian and Canadian Elected Representatives,non_us,abstract,Belgian and Canadian elected politicians,Metadata identifies a non-US population or study setting; no US experimental sample is reported.,false,8929507b29f8165f018fedca5c9509d694ccc1b9febd1b7dfeb5eb8162bc421e,80760e31ca91df195a7c95e56b946fcdb192072d814b64918f44acae23c073de,Codex (GPT-6),AI_assisted,2026-09-08,false,top100_metadata_v1,https://doi.org/10.1080/00344893.2026.2630890,15757402700,Peter John Loewen,1,non_us,metadata,,,
105032210380,10.1007/s12103-026-09901-7,2026,American Journal of Criminal Justice,"More Rights, More Danger for Police: An Experimental Look at How Messaging Shapes Public Views about Constitutional Carry",us_explicit,abstract,Since most Americans oppose CC laws,"Metadata directly identifies a US experimental population, setting, or findings attributed to Americans.",false,f9a03adae94c6a449660727324903d364e98b8856ea00a17713e5795bd7ffaa4,0f66fd44c0ed121ab4b0a83c49b91280a58064f2c399a1bfd9c1abd7c5cbf2ab,Codex (GPT-6),AI_assisted,2026-09-08,false,top100_metadata_v1,https://doi.org/10.1007/s12103-026-09901-7,57211410814,Hunter M. Boehme,1,us_explicit,metadata,,,
105033260134,10.1088/2515-7620/ae30d7,2026,Environmental Research Communications,"Climate policy beliefs, not problem visibility, drive rural opposition to wind energy projects",us_explicit,abstract,representative sample of the U.S. population,"Abstract explicitly identifies Americans, US respondents, or a US study setting.",false,73b2aa7f5c65c92ea855ee24541ce4fb39503cbf94af2ae298fd3c276babdcdd,d4cc221ec177001ebf760119daaa98392fec330c88117aabfae8d36d09feb289,Codex (GPT-6),AI_assisted,2026-09-08,false,top100_metadata_v1,https://doi.org/10.1088/2515-7620/ae30d7,7202316609,Aseem Prakash,1,us_explicit,metadata,,,
105033577491,10.1007/s11109-026-10135-w,2026,Political Behavior,Party or Policy? The Role of Policy Partisanship in Voter Decision-Making,non_us,abstract,The Canadian case,Canadian electoral experiment; the US is mentioned as earlier comparative literature.,false,dd7b93722ccabe166d49671daec54411911529961412590f333f98c60ed2f921,5c53fa7b1aa609f32a8a73ea2617bc3548d8a6e38d4699d8b3fa27f4f0fa14a5,Codex (GPT-6),AI_assisted,2026-09-08,false,top100_metadata_v1,https://doi.org/10.1007/s11109-026-10135-w,15757402700,Peter John Loewen,1,non_us,metadata,,,
105034351804,10.1016/j.jcrimjus.2026.102599,2026,Journal of Criminal Justice,"Police staffing shortages, public awareness, and policy preferences",us_explicit,abstract,factorial survey experiment to 3105 US adults,"Metadata directly identifies a US experimental population, setting, or findings attributed to Americans.",false,ee3b230f90f8064524597e61058bf733709f6b93129eff2fa3d95ad94d322242,6de1d4c7565e2cc851bf0bea3b3a49966aadf84db4ab1b2997a9038e5a5d5ceb,Codex (GPT-6),AI_assisted,2026-09-08,false,top100_metadata_v1,https://doi.org/10.1016/j.jcrimjus.2026.102599,57211410814,Hunter M. Boehme,1,us_explicit,metadata,,,
105034645576,10.1080/14693062.2026.2648069,2026,Climate Policy,Could policy sequencing increase public support for ambitious climate policies? Experimental insights from efforts to enhance battery electric vehicle adoption in Norway and Switzerland,non_us,abstract,original surveys in Norway,Also Switzerland.,false,868bbfc4ca6184fd7dd9d86e2fa59cc334cdab93bf730a964f135ee96804ff7b,cece8a7c170333f7f63cf9903ac88f73620bda7982587e34d32431678211965b,Codex (GPT-6),AI_assisted,2026-09-08,false,top100_metadata_v1,https://doi.org/10.1080/14693062.2026.2648069,6602110388,Thomas Bernauer,1,non_us,metadata,,,
105034680050,10.1007/s11292-026-09735-7,2026,Journal of Experimental Criminology,"Concerning, but do we need policy reform? An experimental analysis of public reactions to accurate statistics on deaths caused by police officers and medical professionals",unclear,abstract,,Available metadata does not locate the experimental sample.,false,7df1571b40fac131691fad96030f6afd4a25e31bbf47e1db097d514fbb32153e,2827cfefdc6a5a507b09a130d97b48e492700dd1c58f5e3f7011c2bdefa147bd,Codex (GPT-6),AI_assisted,2026-09-08,false,top100_metadata_v1,https://doi.org/10.1007/s11292-026-09735-7,57211410814,Hunter M. Boehme,1,unclear,metadata,,,
105034913587,10.1177/20531680261437297,2026,Research and Politics,Allied commitments and public support for military interventions: A cross-national experiment,us_explicit,abstract,the United States and the United Kingdom,"Metadata directly identifies a US experimental population, setting, or findings attributed to Americans.",true,f71480949f3d060b8627c8f93be75f5debb32e8c7221110017f8ff1dff5e935f,d82a760422b5c557fb8718d326f12d0a8b375d01a46e40a54ba38fac00344c8b,Codex (GPT-6),AI_assisted,2026-09-08,false,top100_metadata_v1,https://doi.org/10.1177/20531680261437297,55672957800|57220041117,Michal Smetana; Ondřej Rosendorf,2,us_explicit,metadata,,,
105035149198,10.1080/10967494.2026.2648235,2026,International Public Management Journal,Coproduction encouragement can backfire: evidence from randomized controlled trials,unclear,abstract,,Available metadata does not locate the experimental sample.,false,d01b3a02420578ccc5d0419bd66f1733805c2166a7273b04173f45a8d527fbc8,e1892364480319527c45c34885f2ab3c97e6f891855e26a9756a84b385678a15,Codex (GPT-6),AI_assisted,2026-09-08,false,top100_metadata_v1,https://doi.org/10.1080/10967494.2026.2648235,56689411500,Mette Kjærgaard Thomsen,1,unclear,metadata,,,
105035324372,10.1016/j.worlddev.2026.107421,2026,World Development,Does crisis lending help China win friends and influence people?,non_us,abstract,"Argentina, Turkey, and Russia",China is lender; samples in recipient countries.,false,2ca6a05cbf32e2ae29d354aece598cb39c63f0d0d47ecb03c7de98833d47f575,7860c617a0f1768f391c6c47080883cab70b45a1935618aa5e65abe140f0fb5b,Codex (GPT-6),AI_assisted,2026-09-08,false,top100_metadata_v1,https://doi.org/10.1016/j.worlddev.2026.107421,24339564700,David A. Steinberg,1,non_us,metadata,,,
105035726373,10.1093/isq/sqag023,2026,International Studies Quarterly,"Divisions at Home, Broken Promises Abroad? How Domestic Politics Shapes the United States’ Nuclear Credibility",non_us,abstract,foreign publics’ evaluations of US nuclear credibility,Respondents are foreign publics assessing the US; sample countries are unspecified.,false,49c0314922ea7b02deb8d4832532326c0fafbc4e03df7ede3d6e8faab54e31ad,742b4c3c1610a489e0bf00950bb5b1e58862788c9a54e972ad7b6b1409d533ed,Codex (GPT-6),AI_assisted,2026-09-08,false,top100_metadata_v1,https://doi.org/10.1093/isq/sqag023,57188880644,Lauren Sukin,1,non_us,metadata,,,
105036072221,10.1007/s12152-026-09637-5,2026,Neuroethics,Understanding Public Perspectives in Germany Towards Illegal Stimulant Use for Neurocognitive Enhancement in Professional Roles: The Case of Doctors,non_us,abstract,A Germany-wide random sample of adults,Both scenario experiments explicitly sampled adults in Germany.,false,1a1fb284c0c55e88c2476060dc52c029908a023cf37d707ff08536ea5753a4e9,b09044896c5cef6c8dea848e9f53a11ac6862918cfb79a1ef646dc87ab4f4842,Codex (GPT-6),AI_assisted,2026-09-09,false,top100_2010_metadata_v1,https://doi.org/10.1007/s12152-026-09637-5,56063862300,Sebastian Sattler,1,non_us,metadata,,,
105037057133,10.1016/j.erss.2026.104699,2026,Energy Research and Social Science,A straightforward trajectory strengthens support for the transition away from natural gas: a population-based survey experiment in the Netherlands,non_us,abstract,panel representative of the Dutch population,Metadata identifies a non-US population or study setting; no US experimental sample is reported.,false,74137e55266134acce37aace940f25b68722d151bc96c20c02594af8ff854b75,9e390ddb6a6840b2ec6c05ecd3ed5a9f4fdadbec59a58bd4463c06822ed27fd1,Codex (GPT-6),AI_assisted,2026-09-08,false,top100_metadata_v1,https://doi.org/10.1016/j.erss.2026.104699,22836955000,Jeroen van der Waal,1,non_us,metadata,,,
105037769935,10.1016/j.spc.2026.04.008,2026,Sustainable Production and Consumption,Comparing and combining theory of planned behavior and dragons of inaction to explain pro-environmental consumption behavior,non_us,abstract,nationally representative sample of the Swiss adult population,Study population or findings explicitly situated outside the US.,false,16959db3612b84315520d8ad62862b88e7f0b8aeb6b0b4e557a1b74ae610dd7a,f98a0e1b4e850009ab80eebad4d28e9660bf69dd9dbe2f2ad1075d5d3804f13d,Codex (GPT-6),AI_assisted,2026-09-08,false,top100_metadata_v1,https://doi.org/10.1016/j.spc.2026.04.008,6602110388,Thomas Bernauer,1,non_us,metadata,,,
105038401018,10.1093/jopart/muag004,2026,Journal of Public Administration Research and Theory,How the experience of administrative burdens affects clients’ psychological well-being: the role of negativity bias,unclear,abstract,,Available metadata does not locate the experimental sample.,false,0c9f058a8fdfd36d55be474f3933e94b1ccadc53a3a56a1e64464284af900ded,1ed4f8b1ae537aefb5fc9a7738830910e9e5ada835588645c000df3d6a0a4ff4,Codex (GPT-6),AI_assisted,2026-09-08,false,top100_metadata_v1,https://doi.org/10.1093/jopart/muag004,56354967100,Donald P. Moynihan,1,unclear,metadata,,,
105038900974,10.1177/10659129261451210,2026,Political Research Quarterly,The Public’s Constraint of Undemocratic Elites,us_explicit,abstract,We implement survey experiments in the United States,"Abstract explicitly identifies Americans, US respondents, or a US study setting.",false,fd9ddf03512aa597b44f4df82f5925993e0a69e0e98cf212e80ec83dda008b13,fdc6ac31104df4b10535b1b113865ae8ec9e7d1a87923c8a4f093b5c52cd4330,Codex (GPT-6),AI_assisted,2026-09-08,false,top100_metadata_v1,https://doi.org/10.1177/10659129261451210,37063497400,Kevin J. Mullinix,1,us_explicit,metadata,,,
105039204587,10.1007/s10584-026-04173-w,2026,Climatic Change,Climate change policy preferences and foreign state behavior – survey experimental evidence on reciprocal defection,non_us,abstract,population-representative survey experiments in Switzerland,Study population or findings explicitly situated outside the US.,false,c2a8729d40e11eda473c257f69223ad93018a2333f2bc6a0654314a4b69bcc7f,2c55287c06b1eb361c5b0f1bcbf4efb98d9185df8d8054849e4b9ebc259b0218,Codex (GPT-6),AI_assisted,2026-09-08,false,top100_metadata_v1,https://doi.org/10.1007/s10584-026-04173-w,57190806413,Lukas Rudolph,1,non_us,metadata,,,
105039309580,10.1080/09636412.2026.2616810,2026,Security Studies,Implausible Deniability and Escalation in the Gray Zone,us_explicit,abstract,survey experiments among US military cadets,"Metadata directly identifies a US experimental population, setting, or findings attributed to Americans.",false,56d5d2f67ca18033b94903d73bbcab22448246ac48648b091f6ede2db4817560,1b8cb3e6185230d1175559c7b6a82676393841b95652183e5d01f41139c28bda,Codex (GPT-6),AI_assisted,2026-09-08,false,top100_metadata_v1,https://doi.org/10.1080/09636412.2026.2616810,57188880644,Lauren Sukin,1,us_explicit,metadata,,,
105039310829,10.1093/fpa/orag014,2026,Foreign Policy Analysis,Pay Any Price? Measuring Americans’ Willingness-to-Pay for Sanctions on Russia and China,us_explicit,abstract,American respondents were not willing,"Metadata directly identifies a US experimental population, setting, or findings attributed to Americans.",false,27a319b9e57361a761ff91ee82cd1966928f935430091b2f86a372642771908a,3fff90c2954fbee37360001b11a5133c77d81f889e2aa9ae6f78106812776d92,Codex (GPT-6),AI_assisted,2026-09-08,false,top100_metadata_v1,https://doi.org/10.1093/fpa/orag014,36713939500,Paul Musgrave,1,us_explicit,metadata,,,
105039696438,10.1177/13540688261454258,2026,Party Politics,Have populist right supporters’ views on refugee policy radicalized under the Ukrainian crisis? Evidence from a three-wave survey experiment,non_us,abstract,"Germany, Poland, and Hungary",Metadata identifies a non-US population or study setting; no US experimental sample is reported.,false,f5045baa766405c7848ec5898ee5f823a664810a95f2da7f270b852b2f7d7736,d64a492cc8ec0b5e2af44ef20f21bbaa4594c2fb2e56805bc514d47e91e22f22,Codex (GPT-6),AI_assisted,2026-09-08,false,top100_metadata_v1,https://doi.org/10.1177/13540688261454258,23982874600,Ulf Liebe,1,non_us,metadata,,,
105039779372,10.1080/10508422.2026.2673315,2026,Ethics and Behavior,Public Perspectives on Moral Acceptance and Willingness to Use Preimplantation Genetic Testing in Germany,non_us,abstract,a nationwide German sample,The factorial survey explicitly sampled Germany.,false,143cea4171bd63787efca64713ac2c29df657b34e2af3fcea182efd6a7a6bcc1,1c67cd8ab82e8bc8a118dd10192c745304fce7cbfd5dc8459cf35b20b3f62d31,Codex (GPT-6),AI_assisted,2026-09-09,false,top100_2010_metadata_v1,https://doi.org/10.1080/10508422.2026.2673315,56063862300,Sebastian Sattler,1,non_us,metadata,,,
105039827469,10.1007/s11077-026-09615-x,2026,Policy Sciences,Does a “Taylor Swift Effect” encourage pro-social behavior? Celebrity endorsement and individual willingness to purchase carbon offsets,us_explicit,abstract,representative panel of U.S. respondents,"Abstract explicitly identifies Americans, US respondents, or a US study setting.",false,087599abe97363ff17d63f16eef53006e6114b54c58eca5dea3175699ef4c0ca,2083115f5702113f9dddb4ed20cab18fd083117b08f098940ba85b7be05575ca,Codex (GPT-6),AI_assisted,2026-09-08,false,top100_metadata_v1,https://doi.org/10.1007/s11077-026-09615-x,7202316609,Aseem Prakash,1,us_explicit,metadata,,,
105040241040,10.1017/S1475676525100030,2026,European Journal of Political Research,Congenial messages from politicians reduce affective polarization among citizens,non_us,full_text,our sample to approximate the Danish population,The Voxmeter experiment sampled the Danish population; US literature references describe prior work.,false,e81ade43a7eaa872d6a1f46e204919cc8e865c3edfe5d939f2228a9ac552e6d4,23a8cf972e7cbde6cc7580ead42823bcd3fffcba5a69d8384c6ae252bc104688,Codex (GPT-6),AI_assisted,2026-09-09,false,top100_metadata_v1,https://doi.org/10.1017/S1475676525100030,57203170141|25224644900,Niels Bjørn Grund Petersen; Rasmus Tue Pedersen,2,unclear,full_text,105040241040.pdf,5,77633ddd6e9d8c7372e28e4d54c031550937767aed0d31a71cd73f947de8c62f
105040346734,10.1177/10659129261454685,2026,Political Research Quarterly,Start Spreading the Views: Improving Political Expression and Representation in Local Elections Using Ranked Choice Voting,us_inferred,abstract,Hundreds of US cities have switched,US municipal ranked-choice voting context suggests US respondents.,false,00fce6cd96e32bd9132b9bf01acd4f7912a4a55fd38eb7659f2791d93d6570d2,f88da38ba969a6455362877469711b7d58e34256542f8d377a224ffa4568e9b9,Codex (GPT-6),AI_assisted,2026-09-08,false,top100_metadata_v1,https://doi.org/10.1177/10659129261454685,25654666600|35233806200,Cheryl Boudreau; Scott A. MacKenzie,2,us_inferred,metadata,,,
105040509962,10.1017/psrm.2026.10108,2026,Political Science Research and Methods,Voting for gender balancing? The effect of a multiple-vote system on women’s representation,non_us,full_text,targeting Japanese residents aged 18–69 years,The experiment sampled Japanese residents. Complex candidate-choice design is flagged for later parser-compatibility screening; geography alone does not establish eligibility.,false,6a7e6541a88898bbb17026e0eadd67ca923522288d2ab387f68d7fb55e71736e,ff9f0ba9ce57d296fa8a8cc6eb8d38b69e3f186af66f50998080aa7dac6a342d,Codex (GPT-6),AI_assisted,2026-09-09,false,top100_metadata_v1,https://doi.org/10.1017/psrm.2026.10108,55091186500,Yoshikuni Ono,1,unclear,full_text,105040509962.pdf,3,5c229eb6465c63b514e3e83cbd270ffea252318d6cd05a2d407126f2616dd502
105040952337,10.1007/s10584-026-04214-4,2026,Climatic Change,"The 1(%): carbon inequality, responsibility attribution, and support for climate policies",us_explicit,abstract,representative sample of US respondents,"Metadata directly identifies a US experimental population, setting, or findings attributed to Americans.",false,5b75a8c9a15b96ed998c8c7f3092b5c87e246fa8ad5e72c2901435596b2657f0,191e03d1b3184ccfbfbe0470088ee9475da3b29fa6cf60aa9cba918f567a3349,Codex (GPT-6),AI_assisted,2026-09-08,false,top100_metadata_v1,https://doi.org/10.1007/s10584-026-04214-4,57203434746,Liam F. Beiser-McGrath,1,us_explicit,metadata,,,
105041066983,10.1111/pops.70164,2026,Political Psychology,Is sortition the ideal? Examining public reactions to climate assemblies,non_us,abstract,two pre-registered survey experiments in the United Kingdom,Metadata identifies a non-US population or study setting; no US experimental sample is reported.,false,9b009265794c20ff1cc44187bab7e65cd0c5585d2a0f6efd469fef48b71ac96a,461798d7cfd27170fef5a70b9617ee07070170e7e1102ad17cca2436241d828c,Codex (GPT-6),AI_assisted,2026-09-08,false,top100_metadata_v1,https://doi.org/10.1111/pops.70164,56534303500|56329786700,Anthony Kevins; Joshua Robison,2,non_us,metadata,,,
105041780221,10.1353/hpu.2026.a992760,2026,Journal of Health Care for the Poor and Underserved,Targeted Burdens?: How Support for Administrative Burdens in Medicaid Differs Across Target Populations,us_inferred,abstract,survey experiment that primed respondents for various Medicaid target populations,Evaluation of a specifically US health-benefit program suggests US respondents.,false,b7d1cf5fa1762ceab95ba8aa31703e3ae55138bb0f7b8ce799f307edf19cf515,b5164ce5fca72b44e6c4a065653dfa66883c7bdbd872d9b0ec31b2089f65e23a,Codex (GPT-6),AI_assisted,2026-09-08,false,top100_metadata_v1,https://doi.org/10.1353/hpu.2026.a992760,56354967100,Donald P. Moynihan,1,us_inferred,metadata,,,
105041965396,10.5129/001041526X17734964392222,2026,Comparative Politics,Silence or Solidarity? The Political Pitfalls of an LGBTQI Avoidance Strategy in Hungary,non_us,abstract,We evaluate this concern in Hungary,Hungarian Pride law and named local opposition leaders.,false,241a1499ff1a863f7c5bfe0bd50ed281329cc11ccb6af95e2c8979db295b6658,515599abf0cb4e40c442c5c7e4923080095a34f07267af9451390146a6ec7baf,Codex (GPT-6),AI_assisted,2026-09-08,false,top100_metadata_v1,https://doi.org/10.5129/001041526X17734964392222,23010864600,Samuel Whitt,1,non_us,metadata,,,
105042340289,10.1016/j.socscimed.2026.119509,2026,Social Science and Medicine,Contrasting public and healthcare worker perspectives on the denial of medical care to trans people in the United States: It's (mostly) about gender,us_inferred,title,in the United States,The title locates the healthcare-denial issue in the US and the abstract reports a national survey; participant country is contextually inferred.,false,e33b4e7136c40b08724edd37161b6cba99c1d82b142e62b11683bede282d51bd,417f14b27435b7160405f1d8662abf39e18af21a8d851e90e50c515f46310dd4,Codex (GPT-6),AI_assisted,2026-09-09,false,top100_2010_metadata_v1,https://doi.org/10.1016/j.socscimed.2026.119509,55636964600,Long Doan,1,us_inferred,metadata,,,
105042398599,10.1177/07388942261457954,2026,Conflict Management and Peace Science,Civilian control and casualty sensitivity in a pacifist democracy: Evidence from Japan's 2021 exigent evacuation mission*,non_us,abstract,survey experiment we fielded in Japan,Study population or findings explicitly situated outside the US.,false,8b70327d025128de6eac5f1478c12f54cedbad258d22a57d59268229fb44c832,2abf418600f795c51a279e2ef163e43c78af77f87cd96d4ff079c50cf8a68c08,Codex (GPT-6),AI_assisted,2026-09-08,false,top100_metadata_v1,https://doi.org/10.1177/07388942261457954,24168107200|55917294300,Yusaku Horiuchi; Atsushi Tago,2,non_us,metadata,,,
105042428497,10.1177/10434631261462445,2026,Rationality and Society,Externalities and norms in the context of a novel virus,us_explicit,full_text,living in the U.S.,The Prolific eligibility screen explicitly requires adult US residents; Study 2 retains these procedures.,false,00f0a7a4e6c647224d2aed0bcee13b5864af648f57a7ef17af089234fc292859,49688cb1582e7291415a097ccb17f1651e44ed11cbfa4969231e55266ee5857b,Codex (GPT-6),AI_assisted,2026-09-09,false,top100_metadata_v1,https://doi.org/10.1177/10434631261462445,7102611306,Christine Horne,1,unclear,full_text,105042428497.pdf,8,4ab111970891b60fc7e057c612732a3ed2d065f0e9fcd3a680f3a8d154db8465
105042603565,10.1093/jleo/ewaf005,2026,Journal of Law Economics and Organization,Legal constraint through political means? Legal foundations and public support for executive action,us_inferred,abstract,contra the will of Congress,Congressional constraints and executive orders imply US setting.,false,684e1cbb1225c3852fbd1cbc441887252d8de25f600578dc3be09412af6aca4c,1002cd93996c6de208f244cf2d8ae7e91078752747444e8b4fe5ec7816336af1,Codex (GPT-6),AI_assisted,2026-09-08,false,top100_metadata_v1,https://doi.org/10.1093/jleo/ewaf005,12767146800,Douglas L. Kriner,1,us_inferred,metadata,,,
105042642663,10.1177/08944393261461566,2026,Social Science Computer Review,Artificial Intelligence in Government Weakens Citizens’ Affective Ties With Public Employees: Results From a Vignette Experiment,non_us,abstract,"4,569 participants from Norway",Metadata identifies a non-US population or study setting; no US experimental sample is reported.,false,412268dcea70c83884fd461d2f63b70a8e377d0790615cf4db61079725a0c3d3,fe7db6c098641ae894bce04ea8c827d2fda13f6060085b14b04e12f12cb7396b,Codex (GPT-6),AI_assisted,2026-09-08,false,top100_metadata_v1,https://doi.org/10.1177/08944393261461566,50861069700,Sveinung Arnesen,1,non_us,metadata,,,
105043412577,10.1017/XPS.2026.10035,2026,Journal of Experimental Political Science,Vignette Experiments Can Replicate Actual Behavioral Intent and Partly Actual Behavior: Panel Evidence on Environmental Migration from Bangladesh,non_us,abstract,population in rural Bangladesh,Study population or findings explicitly situated outside the US.,false,7dc2c06461488ef0858eb8feb2e9e325d6690aa5b417b5045e8603cec2bceed5,25f30e826d2d1c01c7d4415a2735aefe37a1443f8f989291b6b39d51c3f1e32a,Codex (GPT-6),AI_assisted,2026-09-08,false,top100_metadata_v1,https://doi.org/10.1017/XPS.2026.10035,57190806413,Lukas Rudolph,1,non_us,metadata,,,
105043534448,10.1162/GLEP.a.776,2026,Global Environmental Politics,International Trade Agreements with Environmental Provisions Attract More Public Support in Both Higher- and Lower-Income Countries,us_explicit,abstract,"two higher-income (the United States, Germany)",Also Brazil and Vietnam.,true,f0aa35c8909834cf3ac4053f8b4482fbf8e23276b75f68bce64230d045e2153c,0132d7c80b729cdcb3d089b5286763d830a8b0fd5cccae2d172697dbfd52bfe9,Codex (GPT-6),AI_assisted,2026-09-08,false,top100_metadata_v1,https://doi.org/10.1162/GLEP.a.776,6602110388,Thomas Bernauer,1,us_explicit,metadata,,,
105044369270,10.1038/s41586-026-10742-x,2026,Nature,Large language models can predict the results of social science experiments,us_explicit,abstract,survey experiments in the USA,Archival experimental data; does not establish ownership or new data collection.,false,345a59baa6c64bcbf774b5b8418e6cb571cdd50f8589de1b645d8503b8b296e0,3dc5fc6b0883d7468fbafd2c66bca663b471ad41cbeac6986df9b61dba4b4450,Codex (GPT-6),AI_assisted,2026-09-08,false,top100_metadata_v1,https://doi.org/10.1038/s41586-026-10742-x,16305967100,Robb Willer,1,us_explicit,metadata,,,
105044996889,10.1007/s11199-026-01672-z,2026,Sex Roles,Breadwinner and Homemaker: A Vignette Survey Experimental Study of Urban Chinese Women’s Preferences for Marriage Partners,non_us,abstract,Chinese women’s preferences,Metadata identifies a non-US population or study setting; no US experimental sample is reported.,false,911386fad478f0fdc8ac17324e53e9bf78b3ebf462836044924187273f3fde04,9f1f5f28b07971e32a4aa2811f10044262908d4e1953bd038f2d20fda1a09b5f,Codex (GPT-6),AI_assisted,2026-09-08,false,top100_metadata_v1,https://doi.org/10.1007/s11199-026-01672-z,57264879500,Senhu Wang,1,non_us,metadata,,,
105045424436,10.1093/jopres/xjag001,2026,Journal of Peace Research,Too brutal for war: comparing rationales for weapon taboos,us_explicit,abstract,conjoint survey experiment fielded on a U.S. sample,"Metadata directly identifies a US experimental population, setting, or findings attributed to Americans.",false,5c8f1937dd2926fb1740ba29c7909c97c145ed57d50a128684f612498289d9f4,00dbff7da308c5994d0f743c6bb82831620dba320feea8a7d34c254c77a2b515,Codex (GPT-6),AI_assisted,2026-09-08,false,top100_metadata_v1,https://doi.org/10.1093/jopres/xjag001,57188880644,Lauren Sukin,1,us_explicit,metadata,,,
105045518046,10.1016/j.polgeo.2026.103627,2026,Political Geography,Fostering refugee receptivity through perspective taking: Evidence from Thailand,non_us,abstract,Thai participants,Metadata identifies a non-US population or study setting; no US experimental sample is reported.,false,66ffae59e0b62b17a7a953b9f24d87b27f4ae18ffc52c77df22e41c6286bb3ae,f57d1ba1aad4d30b66600df26ca7d8adff91554c8e417f06732a2f2db2dc2a64,Codex (GPT-6),AI_assisted,2026-09-08,false,top100_metadata_v1,https://doi.org/10.1016/j.polgeo.2026.103627,56924059300,Xiaojun Li,1,non_us,metadata,,,
105046162689,10.1111/ropr.70122,2026,Review of Policy Research,Promoting Citizens' Policy Compliance Willingness Through Adjusting the Psychological Distance Toward Policy Tools,non_us,abstract,China's waste-sorting policy,Chinese public-policy context; sampling location unstated.,false,906322e354dfe36038203ef6839c456f6a5f6fa391d92abecb86846b27b99712,8cec919763400213b94dffd3aeeda86cd56407ff78516e1465113aed778ddb08,Codex (GPT-6),AI_assisted,2026-09-08,false,top100_metadata_v1,https://doi.org/10.1111/ropr.70122,57191360465,Jinfeng Zhang,1,non_us,metadata,,,
105046220290,10.1177/1532673X261470402,2026,American Politics Research,Partisanship and Voting Rule Trade-offs,unclear,abstract,,Available metadata does not locate the experimental sample.,false,ec9b784fba0fe557845cc5958779085b43bc23d7621e4280f347f2562ab6c2e4,8a204ebe7cfac2c673df7749ecd73f8ab831e7220bfa6814ecfc808fb422c838,Codex (GPT-6),AI_assisted,2026-09-08,false,top100_metadata_v1,https://doi.org/10.1177/1532673X261470402,35745930100,David Doherty,1,unclear,metadata,,,
105047190761,10.1080/1369183X.2026.2712093,2026,Journal of Ethnic and Migration Studies,The impact of regional identity on hiring chances: an experiment examining employer bias,non_us,abstract,genuine Flemish recruiters,Metadata identifies a non-US population or study setting; no US experimental sample is reported.,false,e99b700f1cf254d774026c4cc97773ef2673f65699e42216a3a5f78089946699,ed8e4c4f884c1ef545b8c1872adf7193d0cb8cb3e120b3208ec9e95dc038732a,Codex (GPT-6),AI_assisted,2026-09-08,false,top100_metadata_v1,https://doi.org/10.1080/1369183X.2026.2712093,55746145800,Stijn Baert,1,non_us,metadata,,,
105047382392,10.1017/psrm.2026.10115,2026,Political Science Research and Methods,Measuring racial attitudes pre-treatment in survey experiments,us_inferred,keywords,American politics,American politics keyword plus US election-study measures in the abstract suggests US sampling; the measures alone would be insufficient.,false,16dcf4f664ceb69caf45cbef2a091c8b1506f2f778252883c5441159171ed3e8,b1b13e43a5fec0cca8cbb036c2ccca2000b62b0515c4a8f30141dcc046f636bd,Codex (GPT-6),AI_assisted,2026-09-08,false,top100_metadata_v1,https://doi.org/10.1017/psrm.2026.10115,55175754800,Leah Christiani,1,us_inferred,metadata,,,
105047461442,10.1017/S1049096526102340,2026,PS Political Science and Politics,Contemplating Conquest: Public Opinion on the Forcible Seizure of Territory,non_us,abstract,survey experiment in Israel,Metadata identifies a non-US population or study setting; no US experimental sample is reported.,false,468eae9dbaeff4a018208bb4a0be0048d305df3ee8638b4bac19d4ea80b8602d,76816a848665671e112231ac1939af4041164ef0bd800b4d5b95165c50449dfe,Codex (GPT-6),AI_assisted,2026-09-08,false,top100_metadata_v1,https://doi.org/10.1017/S1049096526102340,56196951600,Omer Yair,1,non_us,metadata,,,
105048098704,10.1016/j.electstud.2026.103132,2026,Electoral Studies,Voter reactions to party policy repositioning: The role of inclusive intra-party decision-making,non_us,abstract,British respondents,Study population or findings explicitly situated outside the US.,false,3169c1572f4225dc0e6b4edcc4abf278ad66be3d5126fd6e8e24106188b5f133,c427d69ed83b538bf6ef3d184369614740a8aa929583d74e45c70369d0389173,Codex (GPT-6),AI_assisted,2026-09-08,false,top100_metadata_v1,https://doi.org/10.1016/j.electstud.2026.103132,37065230200,Markus Wagner,1,non_us,metadata,,,
