auid,author_name,source_id,journal,issn,n_articles
6505792950,Ted Brader,12100157009,Politics and Policy,15555623,1
6505792950,Ted Brader,13447,Comparative Political Studies,00104140,1
6505792950,Ted Brader,13448,Comparative Politics,00104159,1
6505792950,Ted Brader,14107,European Journal of Psychological Assessment,10155759,1
6505792950,Ted Brader,15555,American Journal of Political Science,00925853,3
6505792950,Ted Brader,20333,Journal of Politics,00223816,1
6505792950,Ted Brader,22832,Political Behavior,01909320,1
6505792950,Ted Brader,22861,Political Psychology,0162895X,4
6505792950,Ted Brader,23574,Public Opinion Quarterly,0033362X,1
6505792950,Ted Brader,25654,Post Soviet Affairs,1060586X,1
6505910383,Michael Tomz,12137,Journal of Statistical Software,15487660,1
6505910383,Michael Tomz,13447,Comparative Political Studies,00104140,1
6505910383,Michael Tomz,15555,American Journal of Political Science,00925853,2
6505910383,Michael Tomz,15557,American Political Science Review,00030554,7
6505910383,Michael Tomz,16232,British Journal of Political Science,00071234,1
6505910383,Michael Tomz,20333,Journal of Politics,00223816,2
6505910383,Michael Tomz,21101186976,Pnas Nexus,27526542,2
6505910383,Michael Tomz,22697,American Economic Review,00028282,1
6505910383,Michael Tomz,23571,Science,00368075,1
6505910383,Michael Tomz,24519,Environmental Politics,09644016,1
6505910383,Michael Tomz,25848,International Studies Quarterly,00208833,1
6505910383,Michael Tomz,39139,International Organization,00208183,3
6506145630,Christina Wolbrecht,15528,Annals of the American Academy of Political and Social Science,00027162,1
6506145630,Christina Wolbrecht,15555,American Journal of Political Science,00925853,3
6506145630,Christina Wolbrecht,18500158100,Forum Germany,21946183,1
6506145630,Christina Wolbrecht,20333,Journal of Politics,00223816,1
6506145630,Christina Wolbrecht,20444,Legislative Studies Quarterly,03629805,1
6506145630,Christina Wolbrecht,21101260416,Journal of Historical Political Economy,26939290,1
6506145630,Christina Wolbrecht,22197,PS Political Science and Politics,10490965,2
6506145630,Christina Wolbrecht,22832,Political Behavior,01909320,2
6506145630,Christina Wolbrecht,22867,Political Research Quarterly,10659129,1
6506145630,Christina Wolbrecht,23574,Public Opinion Quarterly,0033362X,1
6506145630,Christina Wolbrecht,4000148701,Perspectives on Politics,15375927,1
6506194765,Sophie Trawalter,10600153309,Plos One,19326203,1
6506194765,Sophie Trawalter,1100147103,Analyses of Social Issues and Public Policy,15297489,1
6506194765,Sophie Trawalter,12768,British Journal of Developmental Psychology,0261510X,1
6506194765,Sophie Trawalter,12811,Personality and Social Psychology Bulletin,01461672,3
6506194765,Sophie Trawalter,12812,Personality and Social Psychology Review,10888683,1
6506194765,Sophie Trawalter,13468,Psychological Science,09567976,2
6506194765,Sophie Trawalter,13477,Current Directions in Psychological Science,09637214,1
6506194765,Sophie Trawalter,14117,European Journal of Social Psychology,00462772,1
6506194765,Sophie Trawalter,14823,Social Cognition,0278016X,1
6506194765,Sophie Trawalter,14946,Group Processes and Intergroup Relations,13684302,6
6506194765,Sophie Trawalter,15478,Journal of Experimental Psychology General,00963445,1
6506194765,Sophie Trawalter,15499,Journal of Experimental Social Psychology,00221031,9
6506194765,Sophie Trawalter,17436,Nature Neuroscience,10976256,1
6506194765,Sophie Trawalter,18009,Neuropsychologia,00283932,1
6506194765,Sophie Trawalter,19400158571,Race and Social Problems,18671748,1
6506194765,Sophie Trawalter,19900192137,Social and Personality Psychology Compass,17519004,1
6506194765,Sophie Trawalter,19900193555,Social Psychological and Personality Science,19485506,4
6506194765,Sophie Trawalter,21100857520,Collabra Psychology,24747394,1
6506194765,Sophie Trawalter,21121,Proceedings of the National Academy of Sciences of the United States of America,00278424,2
6506194765,Sophie Trawalter,29492,American Psychologist,0003066X,1
6506194765,Sophie Trawalter,30039,Journal of Personality and Social Psychology,00223514,3
6506194765,Sophie Trawalter,30088,Journal of Social Issues,00224537,2
6506194765,Sophie Trawalter,30090,Journal of Social Psychology,00224545,2
6506256326,Cheryl J. Wakslak,12811,Personality and Social Psychology Bulletin,01461672,4
6506256326,Cheryl J. Wakslak,13456,Psychological Inquiry,1047840X,1
6506256326,Cheryl J. Wakslak,13468,Psychological Science,09567976,2
6506256326,Cheryl J. Wakslak,13477,Current Directions in Psychological Science,09637214,1
6506256326,Cheryl J. Wakslak,14823,Social Cognition,0278016X,1
6506256326,Cheryl J. Wakslak,15478,Journal of Experimental Psychology General,00963445,3
6506256326,Cheryl J. Wakslak,15499,Journal of Experimental Social Psychology,00221031,9
6506256326,Cheryl J. Wakslak,17534,Social Justice Research,08857466,1
6506256326,Cheryl J. Wakslak,19684,Criminology,00111384,1
6506256326,Cheryl J. Wakslak,19700188900,Social Psychology,18649335,1
6506256326,Cheryl J. Wakslak,19900191906,Academy of Management Annals,19416520,1
6506256326,Cheryl J. Wakslak,19900192137,Social and Personality Psychology Compass,17519004,2
6506256326,Cheryl J. Wakslak,19900193555,Social Psychological and Personality Science,19485506,4
6506256326,Cheryl J. Wakslak,20191,Academy of Management Journal,00014273,1
6506256326,Cheryl J. Wakslak,20195,Business History,00076791,1
6506256326,Cheryl J. Wakslak,20537,Journal of Behavioral Decision Making,08943257,1
6506256326,Cheryl J. Wakslak,21100200805,Scientific Reports,20452322,1
6506256326,Cheryl J. Wakslak,21100857520,Collabra Psychology,24747394,1
6506256326,Cheryl J. Wakslak,21100943520,Rutgers Business Review,24742376,1
6506256326,Cheryl J. Wakslak,21121,Proceedings of the National Academy of Sciences of the United States of America,00278424,1
6506256326,Cheryl J. Wakslak,22326,Organizational Behavior and Human Decision Processes,07495978,2
6506256326,Cheryl J. Wakslak,22899,Journal of Consumer Research,00935301,2
6506256326,Cheryl J. Wakslak,28179,Journal of Advertising,00913367,1
6506256326,Cheryl J. Wakslak,28181,Journal of Consumer Psychology,10577408,2
6506256326,Cheryl J. Wakslak,30039,Journal of Personality and Social Psychology,00223514,6
6506256326,Cheryl J. Wakslak,5700167235,International Journal of Consumer Studies,14706423,1
6506537141,Eric Groenendyk,15555,American Journal of Political Science,00925853,3
6506537141,Eric Groenendyk,15557,American Political Science Review,00030554,1
6506537141,Eric Groenendyk,17500155105,Emotion Review,17540739,1
6506537141,Eric Groenendyk,17649,Communication Research,00936502,1
6506537141,Eric Groenendyk,20333,Journal of Politics,00223816,2
6506537141,Eric Groenendyk,22832,Political Behavior,01909320,2
6506537141,Eric Groenendyk,22861,Political Psychology,0162895X,2
6506537141,Eric Groenendyk,23574,Public Opinion Quarterly,0033362X,1
6506688421,Michael J. Hiscox,100147301,Cesifo Economic Studies,1610241X,1
6506688421,Michael J. Hiscox,15557,American Political Science Review,00030554,2
6506688421,Michael J. Hiscox,19799,American Journal of Sports Medicine,03635465,1
6506688421,Michael J. Hiscox,21100238638,Global Policy,17585880,1
6506688421,Michael J. Hiscox,21100838541,Nature Human Behaviour,23973374,1
6506688421,Michael J. Hiscox,21101144505,Data and Policy,26323249,1
6506688421,Michael J. Hiscox,22915,Journal of Economic Psychology,01674870,1
6506688421,Michael J. Hiscox,24204,Review of Economics and Statistics,00346535,1
6506688421,Michael J. Hiscox,24393,Journal of International Economics,00221996,1
6506688421,Michael J. Hiscox,26857,International Migration Review,01979183,1
6506688421,Michael J. Hiscox,28489,Economics and Politics,09541985,1
6506688421,Michael J. Hiscox,28490,Economics Letters,01651765,1
6506688421,Michael J. Hiscox,28979,Journal of Economic History,00220507,1
6506688421,Michael J. Hiscox,39139,International Organization,00208183,4
6506789846,Paul Djupe,15555,American Journal of Political Science,00925853,3
6506789846,Paul Djupe,15559,American Politics Research,1532673X,4
6506789846,Paul Djupe,18083,Sociological Focus,00380237,2
6506789846,Paul Djupe,19700188235,Journal of Media and Religion,15348423,2
6506789846,Paul Djupe,20333,Journal of Politics,00223816,2
6506789846,Paul Djupe,21100448003,Journal of Higher Education Outreach and Engagement,15346102,1
6506789846,Paul Djupe,21100448080,Interest Groups and Advocacy,20477414,2
6506789846,Paul Djupe,22197,PS Political Science and Politics,10490965,3
6506789846,Paul Djupe,22832,Political Behavior,01909320,5
6506789846,Paul Djupe,22867,Political Research Quarterly,10659129,9
6506789846,Paul Djupe,23484,Polity,00323497,1
6506789846,Paul Djupe,24222,Scientometrics,01389130,1
6506789846,Paul Djupe,25987,Social Networks,03788733,1
6506789846,Paul Djupe,26439,Social Science Quarterly,00384941,8
6506789846,Paul Djupe,27285,Journal for the Scientific Study of Religion,00218294,15
6506789846,Paul Djupe,29632,Review of Religious Research,0034673X,4
6506789846,Paul Djupe,4000148701,Perspectives on Politics,15375927,1
6506789846,Paul Djupe,4700152270,State Politics and Policy Quarterly,15324400,1
6506789846,Paul Djupe,5700160451,Politics and Religion,17550483,11
6506789846,Paul Djupe,5700166179,Politics and Gender,1743923X,1
6506789846,Paul Djupe,5800169479,Representation,00344893,1
6506843239,Casey Borch,13344,Social Psychology of Education,13812890,1
6506843239,Casey Borch,13480,Current Research in Social Psychology,10887423,1
6506843239,Casey Borch,13500,Developmental Psychology,00121649,1
6506843239,Casey Borch,15671,Journal of Political and Military Sociology,00472697,1
6506843239,Casey Borch,15915,Journal of Health Care for the Poor and Underserved,10492089,1
6506843239,Casey Borch,17530,Social Forces,00377732,1
6506843239,Casey Borch,17562,Social Psychology Quarterly,01902725,1
6506843239,Casey Borch,18084,Sociological Forum,08848971,2
6506843239,Casey Borch,18102,Sociological Perspectives,07311214,1
6506843239,Casey Borch,18109,Sociological Spectrum,02732173,2
6506843239,Casey Borch,19349,Journal of Mathematical Sociology,0022250X,1
6506843239,Casey Borch,19400158571,Race and Social Problems,18671748,1
6506843239,Casey Borch,19900192172,Journal of Nutrition in Gerontology and Geriatrics,21551197,1
6506843239,Casey Borch,200147110,Information Communication and Society,1369118X,1
6506843239,Casey Borch,21100286926,Religions,20771444,1
6506843239,Casey Borch,23574,Public Opinion Quarterly,0033362X,1
6506843239,Casey Borch,25290,International Journal of Drug Policy,09553959,1
6506843239,Casey Borch,25315,Journal of Drug Issues,00220426,3
6506843239,Casey Borch,25655,Journal of Adolescence,01401971,1
6506843239,Casey Borch,25680,Journal of Youth and Adolescence,00472891,2
6506843239,Casey Borch,26441,Social Science Research,0049089X,1
6506843239,Casey Borch,29070,Gerontologist,00169013,1
6506843239,Casey Borch,40377,Journal of Applied Animal Welfare Science,10888705,1
6506843239,Casey Borch,5700161712,City and Community,15356841,1
6507043128,Aaron McCright,10600153309,Plos One,19326203,3
6507043128,Aaron McCright,11600154632,Studies in History and Philosophy of Science,00393681,1
6507043128,Aaron McCright,12177,Climatic Change,01650009,2
6507043128,Aaron McCright,12760,Fisheries,03632415,1
6507043128,Aaron McCright,12828,Population and Environment,01990039,1
6507043128,Aaron McCright,14300154705,Neuroethics,18745490,1
6507043128,Aaron McCright,14356,Environment and Behavior,00139165,2
6507043128,Aaron McCright,14699,Inquiry United States,00469580,1
6507043128,Aaron McCright,14921,Comprehensive Psychiatry,0010440X,1
6507043128,Aaron McCright,16704,Journal of ECT,10950680,1
6507043128,Aaron McCright,16812,Journal of Psychiatric Research,00223956,1
6507043128,Aaron McCright,17665,Preventive Medicine,00917435,1
6507043128,Aaron McCright,17712,Qualitative Health Research,10497323,1
6507043128,Aaron McCright,18103,Sociological Quarterly,00380253,2
6507043128,Aaron McCright,18690,Psychiatric Quarterly,00332720,2
6507043128,Aaron McCright,18699,Theory Culture and Society,02632764,1
6507043128,Aaron McCright,18729,Psychiatry Research,01651781,1
6507043128,Aaron McCright,19700182745,Environmental Communication,17524032,1
6507043128,Aaron McCright,19900191735,Topics in Cognitive Science,17568757,1
6507043128,Aaron McCright,20851,Environment,00139157,2
6507043128,Aaron McCright,21100198409,Nature Climate Change,1758678X,1
6507043128,Aaron McCright,21100240100,Sustainability Switzerland,20711050,1
6507043128,Aaron McCright,21100255401,Sage Open,21582440,2
6507043128,Aaron McCright,21100324708,AJOB Empirical Bioethics,23294515,1
6507043128,Aaron McCright,21100325067,Energy Research and Social Science,22146296,2
6507043128,Aaron McCright,21100372295,Preventive Medicine Reports,22113355,1
6507043128,Aaron McCright,21100464902,Journal of Environmental Studies and Sciences,21906483,1
6507043128,Aaron McCright,21100870585,Environmental Sociology,23251042,1
6507043128,Aaron McCright,21100972446,International Journal of Sociology,15579336,1
6507043128,Aaron McCright,21101134736,Ssm Mental Health,26665603,1
6507043128,Aaron McCright,21101294447,Npj Mental Health Research,27314251,2
6507043128,Aaron McCright,21121,Proceedings of the National Academy of Sciences of the United States of America,00278424,1
6507043128,Aaron McCright,21339,Health Risk and Society,13698575,1
6507043128,Aaron McCright,23354,Journal of Environmental Education,00958964,1
6507043128,Aaron McCright,23434,Journal of Risk Research,13669877,1
6507043128,Aaron McCright,23574,Public Opinion Quarterly,0033362X,1
6507043128,Aaron McCright,24519,Environmental Politics,09644016,4
6507043128,Aaron McCright,24606,Anthrozoos,08927936,1
6507043128,Aaron McCright,25822,Society and Natural Resources,08941920,2
6507043128,Aaron McCright,26372,Risk Analysis,02724332,1
6507043128,Aaron McCright,26439,Social Science Quarterly,00384941,2
6507043128,Aaron McCright,26441,Social Science Research,0049089X,1
6507043128,Aaron McCright,26619,Symbolic Interaction,01956086,1
6507043128,Aaron McCright,27285,Journal for the Scientific Study of Religion,00218294,1
6507043128,Aaron McCright,29403,Energy Policy,03014215,1
6507043128,Aaron McCright,29861,Organization and Environment,10860266,1
6507043128,Aaron McCright,30408,American Indian and Alaska Native Mental Health Research,15337731,2
6507043128,Aaron McCright,36483,Global Environmental Change,09593780,2
6507043128,Aaron McCright,5200152632,Environmental Research Letters,17489326,1
6507043128,Aaron McCright,55750,Human Ecology Review,10744827,2
6507043128,Aaron McCright,5600155094,Perspectives on Science,10636145,1
6507071600,George Bizer,12675,International Journal of Eating Disorders,02763478,1
6507071600,George Bizer,12776,British Journal of Social Psychology,01446665,1
6507071600,George Bizer,12807,Personality and Individual Differences,01918869,6
6507071600,George Bizer,13408,Health Services Research,00179124,1
6507071600,George Bizer,15320,Teaching of Psychology,00986283,1
6507071600,George Bizer,15499,Journal of Experimental Social Psychology,00221031,1
6507071600,George Bizer,15508,Journal of General Psychology,00221309,1
6507071600,George Bizer,21100837257,College Teaching,87567555,1
6507071600,George Bizer,21100837352,Social Media and Society,20563051,1
6507071600,George Bizer,22861,Political Psychology,0162895X,2
6507071600,George Bizer,22899,Journal of Consumer Research,00935301,1
6507071600,George Bizer,30039,Journal of Personality and Social Psychology,00223514,1
6507071600,George Bizer,6700153284,Social Influence,15534510,1
6507081724,Jennifer Jerit,10300153306,International Journal of Press Politics,19401612,2
6507081724,Jennifer Jerit,15555,American Journal of Political Science,00925853,5
6507081724,Jennifer Jerit,15557,American Political Science Review,00030554,2
6507081724,Jennifer Jerit,15613,Journal of Communication,00219916,1
6507081724,Jennifer Jerit,19700190349,Communication Methods and Measures,19312458,1
6507081724,Jennifer Jerit,20333,Journal of Politics,00223816,4
6507081724,Jennifer Jerit,21100835891,Journal of Experimental Political Science,20522630,1
6507081724,Jennifer Jerit,21101186976,Pnas Nexus,27526542,1
6507081724,Jennifer Jerit,22832,Political Behavior,01909320,2
6507081724,Jennifer Jerit,22838,Political Communication,10584609,2
6507081724,Jennifer Jerit,22867,Political Research Quarterly,10659129,1
6507081724,Jennifer Jerit,23574,Public Opinion Quarterly,0033362X,1
6507081724,Jennifer Jerit,33982,Health Communication,10410236,1
6507081724,Jennifer Jerit,4700152270,State Politics and Policy Quarterly,15324400,1
6507081724,Jennifer Jerit,5700160310,European Political Science,16804333,1
6507245660,Julie Kmec,144738,Employee Relations,01425455,1
6507245660,Julie Kmec,14798,Sex Roles,03600025,1
6507245660,Julie Kmec,14925,Gender and Society,08912432,2
6507245660,Julie Kmec,15081,Agriculture and Human Values,0889048X,1
6507245660,Julie Kmec,15528,Annals of the American Academy of Political and Social Science,00027162,1
6507245660,Julie Kmec,17560,Social Problems,00377791,3
6507245660,Julie Kmec,18083,Sociological Focus,00380237,2
6507245660,Julie Kmec,18084,Sociological Forum,08848971,1
6507245660,Julie Kmec,18102,Sociological Perspectives,07311214,3
6507245660,Julie Kmec,19250,Work and Occupations,07308884,3
6507245660,Julie Kmec,19400158571,Race and Social Problems,18671748,1
6507245660,Julie Kmec,19900191744,Equality Diversity and Inclusion,20407149,1
6507245660,Julie Kmec,20146,Industrial Relations,00198676,1
6507245660,Julie Kmec,20738,Review of Higher Education,01625748,1
6507245660,Julie Kmec,21100819062,Social Currents,23294965,1
6507245660,Julie Kmec,21100870585,Environmental Sociology,23251042,1
6507245660,Julie Kmec,21101021489,Socius,23780231,1
6507245660,Julie Kmec,23434,Journal of Risk Research,13669877,1
6507245660,Julie Kmec,24733,American Behavioral Scientist,00027642,1
6507245660,Julie Kmec,26441,Social Science Research,0049089X,4
6507245660,Julie Kmec,26796,Socio Economic Review,14751461,1
6507245660,Julie Kmec,5600155894,Advances in Life Course Research,15694909,1
6507662526,Georg Weizsacker,13356,Health Economics,10579230,1
6507662526,Georg Weizsacker,14194,Games and Economic Behavior,08998256,2
6507662526,Georg Weizsacker,19900191883,American Economic Journal Microeconomics,19457669,1
6507662526,Georg Weizsacker,21100316071,Journal of Behavioral and Experimental Finance,22146350,1
6507662526,Georg Weizsacker,21307,Management Science,00251909,1
6507662526,Georg Weizsacker,22697,American Economic Review,00028282,2
6507662526,Georg Weizsacker,22915,Journal of Economic Psychology,01674870,1
6507662526,Georg Weizsacker,23011,Economic Journal,00130133,1
6507662526,Georg Weizsacker,23241,International Journal of Game Theory,00207276,1
6507662526,Georg Weizsacker,23865,Journal of Economic Behavior and Organization,01672681,2
6507662526,Georg Weizsacker,24202,Review of Economic Studies,00346527,2
6507662526,Georg Weizsacker,24356,Journal of Economics Zeitschrift Fur Nationalokonomie,09318658,1
6507662526,Georg Weizsacker,25616,Perspektiven Der Wirtschaftspolitik,14656493,2
6507662526,Georg Weizsacker,28976,Journal of Economic Dynamics and Control,01651889,1
6507662526,Georg Weizsacker,29009,Journal of Public Economics,00472727,2
6507662526,Georg Weizsacker,7500153126,Journal of the European Economic Association,15424766,1
6507668104,Dominic L. Lasorsa,11600153484,Journalism Practice,17512786,3
6507668104,Dominic L. Lasorsa,19571,Journal of Media Economics,08997764,1
6507668104,Dominic L. Lasorsa,19657,Texas Medicine,00404470,1
6507668104,Dominic L. Lasorsa,19700187607,Journalism Studies,1461670X,2
6507668104,Dominic L. Lasorsa,20687,Journalism and Mass Communication Quarterly,10776990,5
6507668104,Dominic L. Lasorsa,21100860697,Journalism and Mass Communication Educator,10776958,2
6507668104,Dominic L. Lasorsa,21240,Newspaper Research Journal,07395329,4
6507782955,Maxine E. Lubner,15645,Journal of Health and Social Behavior,00221465,1
6507782955,Maxine E. Lubner,19700175904,Collegiate Aviation Review,15235955,1
6507782955,Maxine E. Lubner,21609,International Journal of Aviation Psychology,10508414,1
6508062517,Jason Shachat,12756,Nonlinear Dynamics Psychology and Life Sciences,10900578,1
6508062517,Jason Shachat,14122,Economic Development and Cultural Change,00130079,1
6508062517,Jason Shachat,14194,Games and Economic Behavior,08998256,3
6508062517,Jason Shachat,15101,IBM Systems Journal,00188670,1
6508062517,Jason Shachat,15568,Journal of Mathematical Psychology,00222496,1
6508062517,Jason Shachat,17472,Journal of Banking and Finance,03784266,1
6508062517,Jason Shachat,19700186711,Decision Analysis,15458490,2
6508062517,Jason Shachat,20566,China Economic Review,1043951X,1
6508062517,Jason Shachat,20749,European Economic Review,00142921,1
6508062517,Jason Shachat,21100218512,Journal of Behavioral Finance,15427560,1
6508062517,Jason Shachat,21100372152,Journal of Behavioral and Experimental Economics,22148043,1
6508062517,Jason Shachat,21307,Management Science,00251909,2
6508062517,Jason Shachat,21774,Managerial and Decision Economics,01436570,2
6508062517,Jason Shachat,22489,European Journal of Operational Research,03772217,1
6508062517,Jason Shachat,23011,Economic Journal,00130133,1
6508062517,Jason Shachat,23241,International Journal of Game Theory,00207276,1
6508062517,Jason Shachat,23714,Marketing Science,07322399,1
6508062517,Jason Shachat,23865,Journal of Economic Behavior and Organization,01672681,2
6508062517,Jason Shachat,25587,Pacific Economic Review,1361374X,1
6508062517,Jason Shachat,28464,Econometric Theory,02664666,1
6508062517,Jason Shachat,28490,Economics Letters,01651765,1
6508062517,Jason Shachat,28527,Experimental Economics,13864157,1
6508062517,Jason Shachat,28976,Journal of Economic Dynamics and Control,01651889,1
6508062517,Jason Shachat,28981,Journal of Economic Theory,00220531,2
6508062517,Jason Shachat,29011,Journal of Risk and Uncertainty,08955646,1
6508062517,Jason Shachat,29684,Urban Studies,00420980,1
6508062517,Jason Shachat,6000194782,Games,20734336,1
6508063441,Byron D'Andra Orey,12100157009,Politics and Policy,15555623,2
6508063441,Byron D'Andra Orey,144614,Twin Research and Human Genetics,18324274,1
6508063441,Byron D'Andra Orey,145624,Black Scholar,00064246,1
6508063441,Byron D'Andra Orey,15559,American Politics Research,1532673X,1
6508063441,Byron D'Andra Orey,21101089378,Journal of Policy Studies,27999130,1
6508063441,Byron D'Andra Orey,26439,Social Science Quarterly,00384941,6
6508063441,Byron D'Andra Orey,26441,Social Science Research,0049089X,1
6508063441,Byron D'Andra Orey,27661,Journal of Black Studies,00219347,1
6508063441,Byron D'Andra Orey,4400151519,Journal of Women Politics and Policy,1554477X,1
6508063441,Byron D'Andra Orey,4700152270,State Politics and Policy Quarterly,15324400,1
6508146659,Brian Elbel,10600153309,Plos One,19326203,5
6508146659,Brian Elbel,12000154320,Addiction Science and Clinical Practice,19400632,1
6508146659,Brian Elbel,12111,Behavioral Medicine,08964289,1
6508146659,Brian Elbel,12400154713,Geospatial Health,18271987,3
6508146659,Brian Elbel,12505,Ecology of Food and Nutrition,03670244,1
6508146659,Brian Elbel,12676,International Journal of Food Sciences and Nutrition,09637486,1
6508146659,Brian Elbel,12697,International Journal of Obesity,03070565,1
6508146659,Brian Elbel,12716,Journal of Nutrition,00223166,1
6508146659,Brian Elbel,12717,Journal of Nutrition Education and Behavior,14994046,2
6508146659,Brian Elbel,13198,Ethnicity and Disease,1049510X,1
6508146659,Brian Elbel,13838,Housing Policy Debate,10511482,1
6508146659,Brian Elbel,14140,Journal of Health Administration Education,07356722,1
6508146659,Brian Elbel,144840,Plos Medicine,15491277,1
6508146659,Brian Elbel,144989,International Journal of Environmental Research and Public Health,16617827,3
6508146659,Brian Elbel,14875,International Journal of Behavioral Nutrition and Physical Activity,14795868,3
6508146659,Brian Elbel,15139,Regional Science and Urban Economics,01660462,2
6508146659,Brian Elbel,15207,American Journal of Emergency Medicine,07356757,1
6508146659,Brian Elbel,15756,Pediatrics,00314005,1
6508146659,Brian Elbel,15821,Journal of Policy Analysis and Management,02768739,1
6508146659,Brian Elbel,15870,Journal of Clinical Investigation,00219738,1
6508146659,Brian Elbel,15877,Journal of Community Health,00945145,2
6508146659,Brian Elbel,15932,Journal of Health Services Research and Policy,13558196,1
6508146659,Brian Elbel,15987,Journal of Pain,15265900,1
6508146659,Brian Elbel,16448,Journal of Urban Health,10993460,2
6508146659,Brian Elbel,16800154743,Academic Pediatrics,18762859,2
6508146659,Brian Elbel,17058,Nicotine and Tobacco Research,14622203,2
6508146659,Brian Elbel,17665,Preventive Medicine,00917435,2
6508146659,Brian Elbel,17792,Medical Decision Making,0272989X,1
6508146659,Brian Elbel,19561,American Journal of Public Health,00900036,4
6508146659,Brian Elbel,19569,Annals of Epidemiology,10472797,2
6508146659,Brian Elbel,19600166028,BMC Research Notes,17560500,1
6508146659,Brian Elbel,19621,BMC Public Health,14712458,2
6508146659,Brian Elbel,19700167014,Journal of Gay and Lesbian Mental Health,19359705,1
6508146659,Brian Elbel,19700171016,Substance Abuse Research and Treatment,11782218,1
6508146659,Brian Elbel,19700188323,Nutrients,20726643,1
6508146659,Brian Elbel,19700201434,BMJ Quality and Safety,20445415,1
6508146659,Brian Elbel,19800188003,BMJ Open,20446055,4
6508146659,Brian Elbel,20153,AIDS and Behavior,10907165,1
6508146659,Brian Elbel,20833,Health Affairs,02782715,5
6508146659,Brian Elbel,21100198495,Journal of the Academy of Nutrition and Dietetics,22122672,7
6508146659,Brian Elbel,21100199546,Translational Behavioral Medicine,18696716,1
6508146659,Brian Elbel,21100201916,Pediatric Obesity,20476302,2
6508146659,Brian Elbel,21100228540,JAMA Pediatrics,21686203,2
6508146659,Brian Elbel,21100228546,JAMA Internal Medicine,21686106,1
6508146659,Brian Elbel,21100369815,Ebiomedicine,23523964,1
6508146659,Brian Elbel,21100372295,Preventive Medicine Reports,22113355,2
6508146659,Brian Elbel,21100411756,Heliyon,24058440,1
6508146659,Brian Elbel,21100443787,Ssm Population Health,23528273,1
6508146659,Brian Elbel,21100779233,Journal of Racial and Ethnic Health Disparities,21973792,1
6508146659,Brian Elbel,21100781509,Journal of Public Policy and Marketing,07439156,1
6508146659,Brian Elbel,21100798718,Frontiers in Public Health,22962565,1
6508146659,Brian Elbel,21100827151,Foundation Review,19445660,1
6508146659,Brian Elbel,21100900345,JAMA Network Open,25743805,4
6508146659,Brian Elbel,21100913479,Frontiers in Nutrition,2296861X,1
6508146659,Brian Elbel,21100941739,Journal of the Endocrine Society,24721972,1
6508146659,Brian Elbel,21100947283,Journal of Clinical and Translational Science,20598661,1
6508146659,Brian Elbel,21100967335,Jmir Research Protocols,19290748,1
6508146659,Brian Elbel,21103,Milbank Quarterly,0887378X,1
6508146659,Brian Elbel,21524,Environmental Research,00139351,1
6508146659,Brian Elbel,21908,Journal of School Health,00224391,1
6508146659,Brian Elbel,22401,Journal of the American College of Cardiology,07351097,1
6508146659,Brian Elbel,23709,Journal of Medical Internet Research,14388871,1
6508146659,Brian Elbel,24745,Addiction,09652140,1
6508146659,Brian Elbel,25349,Science of the Total Environment,00489697,1
6508146659,Brian Elbel,25491,Diabetes Care,01495992,2
6508146659,Brian Elbel,25523,Diabetes Metabolism Research and Reviews,15207552,1
6508146659,Brian Elbel,25538,Diabetes Research and Clinical Practice,01688227,1
6508146659,Brian Elbel,26643,Journal of General Internal Medicine,08848734,1
6508146659,Brian Elbel,27058,American Journal of Epidemiology,00029262,1
6508146659,Brian Elbel,27063,American Journal of Preventive Medicine,07493797,7
6508146659,Brian Elbel,27620,American Journal of Health Promotion,08901171,1
6508146659,Brian Elbel,27997,Public Health Nutrition,13689800,5
6508146659,Brian Elbel,28098,BMC Health Services Research,14726963,2
6508146659,Brian Elbel,28772,Geojournal,03432521,1
6508146659,Brian Elbel,29102,Health and Place,13538292,4
6508146659,Brian Elbel,29994,Appetite,01956663,3
6508146659,Brian Elbel,30025,British Journal of Nutrition,00071145,1
6508146659,Brian Elbel,4000148311,Preventing Chronic Disease,15451151,2
6508146659,Brian Elbel,4700152825,Obesity,19307381,7
6508146659,Brian Elbel,5800179601,Substance Abuse Treatment Prevention and Policy,1747597X,1
6508146659,Brian Elbel,85291,JAMA,00987484,1
6508189028,Ann Morning,14402,Archives Europeennes De Sociologie,00039756,1
6508189028,Ann Morning,15528,Annals of the American Academy of Political and Social Science,00027162,1
6508189028,Ann Morning,16926,American Journal of Sociology,00029602,1
6508189028,Ann Morning,17530,Social Forces,00377732,1
6508189028,Ann Morning,18083,Sociological Focus,00380237,1
6508189028,Ann Morning,18110,Sociological Theory,07352751,1
6508189028,Ann Morning,21100385960,American Journal of Cultural Sociology,20497113,1
6508189028,Ann Morning,21101146367,Genealogy,23135778,1
6508189028,Ann Morning,21121,Proceedings of the National Academy of Sciences of the United States of America,00278424,1
6508189028,Ann Morning,26124,Ethnic and Racial Studies,01419870,4
6508189028,Ann Morning,26365,Demography,00703370,1
6508189028,Ann Morning,26441,Social Science Research,0049089X,1
6508189028,Ann Morning,27217,International Social Science Journal,00208701,1
6508189028,Ann Morning,27343,Journal of Ethnic and Migration Studies,1369183X,1
6508189028,Ann Morning,27387,Population Research and Policy Review,01675923,1
6508189028,Ann Morning,5700166187,Du Bois Review,1742058X,1
6508208024,Tali Mendelberg,15555,American Journal of Political Science,00925853,4
6508208024,Tali Mendelberg,15557,American Political Science Review,00030554,2
6508208024,Tali Mendelberg,16232,British Journal of Political Science,00071234,1
6508208024,Tali Mendelberg,20333,Journal of Politics,00223816,5
6508208024,Tali Mendelberg,21100886215,Rsf,23778253,1
6508208024,Tali Mendelberg,21149,Leadership Quarterly,10489843,1
6508208024,Tali Mendelberg,22197,PS Political Science and Politics,10490965,1
6508208024,Tali Mendelberg,22832,Political Behavior,01909320,2
6508208024,Tali Mendelberg,22838,Political Communication,10584609,2
6508208024,Tali Mendelberg,22861,Political Psychology,0162895X,1
6508208024,Tali Mendelberg,22867,Political Research Quarterly,10659129,1
6508208024,Tali Mendelberg,23574,Public Opinion Quarterly,0033362X,1
6508208024,Tali Mendelberg,29643,Urban Affairs Review,10780874,1
6508208024,Tali Mendelberg,4000148701,Perspectives on Politics,15375927,6
6508208024,Tali Mendelberg,4400151505,Critical Review,08913811,1
6508208024,Tali Mendelberg,5700163398,Swiss Political Science Review,14247755,1
6508329465,Gregory Gwiasda,15559,American Politics Research,1532673X,1
6508329465,Gregory Gwiasda,22861,Political Psychology,0162895X,1
6508329465,Gregory Gwiasda,27285,Journal for the Scientific Study of Religion,00218294,1
6601924137,Paul Sniderman,12000154533,Canadian Review of Sociology Revue Canadienne De Sociologie,17556171,1
6601924137,Paul Sniderman,14117,European Journal of Social Psychology,00462772,1
6601924137,Paul Sniderman,145558,Political Analysis,10471987,1
6601924137,Paul Sniderman,15528,Annals of the American Academy of Political and Social Science,00027162,1
6601924137,Paul Sniderman,15555,American Journal of Political Science,00925853,3
6601924137,Paul Sniderman,15557,American Political Science Review,00030554,1
6601924137,Paul Sniderman,15559,American Politics Research,1532673X,1
6601924137,Paul Sniderman,16232,British Journal of Political Science,00071234,9
6601924137,Paul Sniderman,16772,Canadian Journal of Political Science,00084239,3
6601924137,Paul Sniderman,18500158100,Forum,15408884,1
6601924137,Paul Sniderman,21100228113,Bms Bulletin of Sociological Methodology Bulletin De Methodologie Sociologique,07591063,1
6601924137,Paul Sniderman,21100870919,Political Science Research and Methods,20498470,1
6601924137,Paul Sniderman,22197,PS Political Science and Politics,10490965,2
6601924137,Paul Sniderman,22832,Political Behavior,01909320,1
6601924137,Paul Sniderman,22861,Political Psychology,0162895X,1
6601924137,Paul Sniderman,29005,Patterns of Prejudice,0031322X,1
6601924137,Paul Sniderman,30088,Journal of Social Issues,00224537,2
6602076925,Leaf Van Boven,10600153309,Plos One,19326203,2
6602076925,Leaf Van Boven,11600153422,Review of Environmental Economics and Policy,17506816,1
6602076925,Leaf Van Boven,12108,Behavioral and Brain Sciences,0140525X,1
6602076925,Leaf Van Boven,12177,Climatic Change,01650009,3
6602076925,Leaf Van Boven,12811,Personality and Social Psychology Bulletin,01461672,4
6602076925,Leaf Van Boven,12812,Personality and Social Psychology Review,10888683,1
6602076925,Leaf Van Boven,12857,Cognition,00100277,1
6602076925,Leaf Van Boven,13443,Psychological Bulletin,00332909,1
6602076925,Leaf Van Boven,13468,Psychological Science,09567976,3
6602076925,Leaf Van Boven,14075,Emotion,15283542,1
6602076925,Leaf Van Boven,14117,European Journal of Social Psychology,00462772,1
6602076925,Leaf Van Boven,14946,Group Processes and Intergroup Relations,13684302,1
6602076925,Leaf Van Boven,15478,Journal of Experimental Psychology General,00963445,6
6602076925,Leaf Van Boven,15499,Journal of Experimental Social Psychology,00221031,5
6602076925,Leaf Van Boven,16273,Journal of Construction Engineering and Management,07339364,2
6602076925,Leaf Van Boven,19400158483,Social Issues and Policy Review,17512395,1
6602076925,Leaf Van Boven,19700182323,Perspectives on Psychological Science,17456916,3
6602076925,Leaf Van Boven,19900192137,Social and Personality Psychology Compass,17519004,1
6602076925,Leaf Van Boven,19900193555,Social Psychological and Personality Science,19485506,2
6602076925,Leaf Van Boven,20537,Journal of Behavioral Decision Making,08943257,1
6602076925,Leaf Van Boven,21100198409,Nature Climate Change,1758678X,1
6602076925,Leaf Van Boven,21100200805,Scientific Reports,20452322,1
6602076925,Leaf Van Boven,21100829991,Psychology of Consciousness Theory Research and Practice,23265523,1
6602076925,Leaf Van Boven,21101095132,Behavioural Public Policy,2398063X,2
6602076925,Leaf Van Boven,21101186976,Pnas Nexus,27526542,2
6602076925,Leaf Van Boven,21121,Proceedings of the National Academy of Sciences of the United States of America,00278424,1
6602076925,Leaf Van Boven,21307,Management Science,00251909,1
6602076925,Leaf Van Boven,22326,Organizational Behavior and Human Decision Processes,07495978,2
6602076925,Leaf Van Boven,22833,International Journal of Research in Marketing,01678116,1
6602076925,Leaf Van Boven,22861,Political Psychology,0162895X,2
6602076925,Leaf Van Boven,22899,Journal of Consumer Research,00935301,1
6602076925,Leaf Van Boven,23571,Science,00368075,1
6602076925,Leaf Van Boven,23865,Journal of Economic Behavior and Organization,01672681,2
6602076925,Leaf Van Boven,26918,Negotiation Journal,07484526,1
6602076925,Leaf Van Boven,28181,Journal of Consumer Psychology,10577408,1
6602076925,Leaf Van Boven,29284,Journal of Safety Research,00224375,1
6602076925,Leaf Van Boven,29424,Acta Psychologica,00016918,1
6602076925,Leaf Van Boven,30039,Journal of Personality and Social Psychology,00223514,7
6602076925,Leaf Van Boven,4000149409,Quarterly Journal of Experimental Psychology,17470218,1
6602076925,Leaf Van Boven,5800207373,Journal of Positive Psychology,17439760,1
6602118520,Laura Stoker,15555,American Journal of Political Science,00925853,1
6602118520,Laura Stoker,15557,American Political Science Review,00030554,3
6602118520,Laura Stoker,16114,Electoral Studies,02613794,2
6602118520,Laura Stoker,16232,British Journal of Political Science,00071234,1
6602118520,Laura Stoker,20333,Journal of Politics,00223816,1
6602118520,Laura Stoker,22832,Political Behavior,01909320,2
6602118520,Laura Stoker,26439,Social Science Quarterly,00384941,1
6602146413,Jennifer Hochschild,14432,Daedalus,00115266,1
6602146413,Jennifer Hochschild,15528,Annals of the American Academy of Political and Social Science,00027162,4
6602146413,Jennifer Hochschild,16023,Dissent,00123846,1
6602146413,Jennifer Hochschild,16232,British Journal of Political Science,00071234,1
6602146413,Jennifer Hochschild,17530,Social Forces,00377732,1
6602146413,Jennifer Hochschild,17534,Social Justice Research,08857466,1
6602146413,Jennifer Hochschild,19727,Educational Policy,08959048,1
6602146413,Jennifer Hochschild,19900192164,Journal of Political Power,2158379X,1
6602146413,Jennifer Hochschild,22197,PS Political Science and Politics,10490965,2
6602146413,Jennifer Hochschild,22838,Political Communication,10584609,1
6602146413,Jennifer Hochschild,22889,Political Science Quarterly,00323195,2
6602146413,Jennifer Hochschild,23421,Political Theory,00905917,1
6602146413,Jennifer Hochschild,23442,Politics and the Life Sciences,07309384,1
6602146413,Jennifer Hochschild,25988,Social Research,0037783X,2
6602146413,Jennifer Hochschild,26124,Ethnic and Racial Studies,01419870,4
6602146413,Jennifer Hochschild,30088,Journal of Social Issues,00224537,1
6602146413,Jennifer Hochschild,4000148701,Perspectives on Politics,15375927,8
6602146413,Jennifer Hochschild,4400151505,Critical Review,08913811,1
6602146413,Jennifer Hochschild,5600153363,Equity and Excellence in Education,10665684,1
6602146413,Jennifer Hochschild,5700164234,Theory and Research in Education,14778785,1
6602146413,Jennifer Hochschild,5700166187,Du Bois Review,1742058X,1
6602222901,Lawrence Solan,14036,Theory into Practice,00405841,1
6602222901,Lawrence Solan,145539,International Journal for the Semiotics of Law,09528059,1
6602222901,Lawrence Solan,15626,International Journal of Law and Psychiatry,01602527,1
6602222901,Lawrence Solan,19891,Canadian Journal of Linguistics,00084131,1
6602222901,Lawrence Solan,20436,Texas Law Review,00404411,1
6602222901,Lawrence Solan,21100217634,Journal of Empirical Legal Studies,17401453,1
6602222901,Lawrence Solan,21100778765,Annual Review of Linguistics,23339683,1
6602222901,Lawrence Solan,21101050918,International Journal of Legal Discourse,23648821,1
6602222901,Lawrence Solan,22771,Wisconsin Law Review,0043650X,1
6602222901,Lawrence Solan,23078,Language,00978507,1
6602343552,Stan Kaplowitz,110220,Human Ecology,03007839,1
6602343552,Stan Kaplowitz,12072,International Journal of Educational Development,07380593,1
6602343552,Stan Kaplowitz,12125,Behaviour and Information Technology,0144929X,1
6602343552,Stan Kaplowitz,12853,Communication Monographs,03637751,3
6602343552,Stan Kaplowitz,13242,Evaluation and the Health Professions,01632787,1
6602343552,Stan Kaplowitz,14772,Human Communication Research,03603989,2
6602343552,Stan Kaplowitz,15499,Journal of Experimental Social Psychology,00221031,1
6602343552,Stan Kaplowitz,15671,Journal of Political and Military Sociology,00472697,1
6602343552,Stan Kaplowitz,15877,Journal of Community Health,00945145,1
6602343552,Stan Kaplowitz,16400154787,Sustainability United States,19370695,1
6602343552,Stan Kaplowitz,17562,Social Psychology Quarterly,01902725,1
6602343552,Stan Kaplowitz,17649,Communication Research,00936502,1
6602343552,Stan Kaplowitz,22460,Patient Education and Counseling,07383991,1
6602343552,Stan Kaplowitz,22538,Public Health Reports,00333549,2
6602343552,Stan Kaplowitz,23574,Public Opinion Quarterly,0033362X,5
6602343552,Stan Kaplowitz,2700147401,Journal of Immigrant and Minority Health,15571912,1
6602343552,Stan Kaplowitz,27663,Journal of Conflict Resolution,00220027,2
6602343552,Stan Kaplowitz,29403,Energy Policy,03014215,1
6602343552,Stan Kaplowitz,29598,Religious Education,00344087,1
6602343552,Stan Kaplowitz,29990,American Journal of Clinical Nutrition,00029165,1
6602343552,Stan Kaplowitz,29994,Appetite,01956663,1
6602343552,Stan Kaplowitz,30227,IRB Ethics and Human Research,01937758,1
6602343552,Stan Kaplowitz,33982,Health Communication,10410236,1
6602343552,Stan Kaplowitz,38606,Behavioral Science,00057940,1
6602343552,Stan Kaplowitz,55750,Human Ecology Review,10744827,1
6602416233,Robert Entman,10300153306,International Journal of Press Politics,19401612,3
6602416233,Robert Entman,15613,Journal of Communication,00219916,8
6602416233,Robert Entman,16300154767,Media War and Conflict,17506352,1
6602416233,Robert Entman,17521,Law and Contemporary Problems,00239186,1
6602416233,Robert Entman,20333,Journal of Politics,00223816,2
6602416233,Robert Entman,20604,Harvard International Journal of Press Politics,1081180X,4
6602416233,Robert Entman,21100202907,International Journal of Communication,19328036,1
6602416233,Robert Entman,22838,Political Communication,10584609,3
6602416233,Robert Entman,24733,American Behavioral Scientist,00027642,1
6602481647,Frances Rosenbluth,12600154765,Japanese Journal of Political Science,14681099,1
6602481647,Frances Rosenbluth,14432,Daedalus,00115266,1
6602481647,Frances Rosenbluth,15555,American Journal of Political Science,00925853,3
6602481647,Frances Rosenbluth,15557,American Political Science Review,00030554,3
6602481647,Frances Rosenbluth,15713,Asian Survey,00044687,2
6602481647,Frances Rosenbluth,16114,Electoral Studies,02613794,2
6602481647,Frances Rosenbluth,16232,British Journal of Political Science,00071234,2
6602481647,Frances Rosenbluth,20333,Journal of Politics,00223816,1
6602481647,Frances Rosenbluth,22723,Women and Politics,01957732,1
6602481647,Frances Rosenbluth,22786,Policy Studies Journal,00190292,1
6602481647,Frances Rosenbluth,22838,Political Communication,10584609,1
6602481647,Frances Rosenbluth,22867,Political Research Quarterly,10659129,1
6602481647,Frances Rosenbluth,24274,Social Politics,10724745,1
6602481647,Frances Rosenbluth,25725,World Politics,00438871,1
6602481647,Frances Rosenbluth,27663,Journal of Conflict Resolution,00220027,1
6602481647,Frances Rosenbluth,28489,Economics and Politics,09541985,1
6602481647,Frances Rosenbluth,39139,International Organization,00208183,1
6602481647,Frances Rosenbluth,5700166179,Politics and Gender,1743923X,1
6602481647,Frances Rosenbluth,5800161570,Yale Review,00440124,2
6602581741,Steven L. Neuberg,10600153309,Plos One,19326203,2
6602581741,Steven L. Neuberg,12088,Basic and Applied Social Psychology,01973533,1
6602581741,Steven L. Neuberg,12108,Behavioral and Brain Sciences,0140525X,2
6602581741,Steven L. Neuberg,12811,Personality and Social Psychology Bulletin,01461672,3
6602581741,Steven L. Neuberg,12812,Personality and Social Psychology Review,10888683,3
6602581741,Steven L. Neuberg,13456,Psychological Inquiry,1047840X,3
6602581741,Steven L. Neuberg,13467,Psychological Review,0033295X,1
6602581741,Steven L. Neuberg,13468,Psychological Science,09567976,7
6602581741,Steven L. Neuberg,13477,Current Directions in Psychological Science,09637214,1
6602581741,Steven L. Neuberg,13560,Ecological Psychology,10407413,1
6602581741,Steven L. Neuberg,14246,Group Dynamics,10892699,1
6602581741,Steven L. Neuberg,144820,Journal of Happiness Studies,13894978,1
6602581741,Steven L. Neuberg,14823,Social Cognition,0278016X,2
6602581741,Steven L. Neuberg,15390,Journal of Applied Social Psychology,00219029,1
6602581741,Steven L. Neuberg,15499,Journal of Experimental Social Psychology,00221031,5
6602581741,Steven L. Neuberg,19700182323,Perspectives on Psychological Science,17456916,3
6602581741,Steven L. Neuberg,19900192137,Social and Personality Psychology Compass,17519004,1
6602581741,Steven L. Neuberg,19900193555,Social Psychological and Personality Science,19485506,5
6602581741,Steven L. Neuberg,21101136809,Current Research in Ecological and Social Psychology,26666227,2
6602581741,Steven L. Neuberg,21121,Proceedings of the National Academy of Sciences of the United States of America,00278424,1
6602581741,Steven L. Neuberg,21503,Evolution and Human Behavior,10905138,4
6602581741,Steven L. Neuberg,23930,Conflict Management and Peace Science,07388942,1
6602581741,Steven L. Neuberg,29492,American Psychologist,1935990X,3
6602581741,Steven L. Neuberg,30039,Journal of Personality and Social Psychology,00223514,22
6602709557,"Walter R. Mebane, Jr.",12137,Journal of Statistical Software,15487660,1
6602709557,"Walter R. Mebane, Jr.",145558,Political Analysis,10471987,4
6602709557,"Walter R. Mebane, Jr.",15555,American Journal of Political Science,00925853,1
6602709557,"Walter R. Mebane, Jr.",15557,American Political Science Review,00030554,4
6602709557,"Walter R. Mebane, Jr.",21101152530,Computational Communication Research,26659085,1
6602709557,"Walter R. Mebane, Jr.",22197,PS Political Science and Politics,10490965,1
6602709557,"Walter R. Mebane, Jr.",4000148701,Perspectives on Politics,15375927,1
6602733788,Michael Lovaglia,13480,Current Research in Social Psychology,10887423,1
6602733788,Michael Lovaglia,14818,Small Group Research,10464964,2
6602733788,Michael Lovaglia,16926,American Journal of Sociology,00029602,1
6602733788,Michael Lovaglia,16929,American Sociological Review,00031224,1
6602733788,Michael Lovaglia,16931,American Sociologist,00031232,1
6602733788,Michael Lovaglia,17530,Social Forces,00377732,4
6602733788,Michael Lovaglia,17562,Social Psychology Quarterly,01902725,1
6602733788,Michael Lovaglia,18083,Sociological Focus,00380237,2
6602733788,Michael Lovaglia,18102,Sociological Perspectives,07311214,2
6602733788,Michael Lovaglia,18103,Sociological Quarterly,00380253,2
6602733788,Michael Lovaglia,18916,Social Science Computer Review,08944393,1
6602733788,Michael Lovaglia,21100837257,College Teaching,87567555,1
6602733788,Michael Lovaglia,21774,Managerial and Decision Economics,01436570,1
6602733788,Michael Lovaglia,21945,Substance Use and Misuse,10826084,1
6602733788,Michael Lovaglia,26441,Social Science Research,0049089X,2
6602733788,Michael Lovaglia,5200152634,Journal of Women and Minorities in Science and Engineering,10728325,1
6602790730,Martin Gilens,15557,American Political Science Review,00030554,1
6602790730,Martin Gilens,16232,British Journal of Political Science,00071234,1
6602790730,Martin Gilens,18084,Sociological Forum,08848971,1
6602790730,Martin Gilens,20333,Journal of Politics,00223816,5
6602790730,Martin Gilens,21100865122,Research and Politics,20531680,1
6602790730,Martin Gilens,21100888814,Journal of Race Ethnicity and Politics,20566085,1
6602790730,Martin Gilens,22197,PS Political Science and Politics,10490965,1
6602790730,Martin Gilens,22867,Political Research Quarterly,10659129,1
6602790730,Martin Gilens,23574,Public Opinion Quarterly,0033362X,4
6602790730,Martin Gilens,30088,Journal of Social Issues,00224537,1
6602790730,Martin Gilens,4000148701,Perspectives on Politics,15375927,1
6602810672,Adam Berinsky,12094,Journal of the American Statistical Association,01621459,1
6602810672,Adam Berinsky,12776,British Journal of Social Psychology,01446665,1
6602810672,Adam Berinsky,12811,Personality and Social Psychology Bulletin,01461672,1
6602810672,Adam Berinsky,12858,Cognition and Emotion,02699931,1
6602810672,Adam Berinsky,13435,Communist and Post Communist Studies,0967067X,1
6602810672,Adam Berinsky,145558,Political Analysis,10471987,4
6602810672,Adam Berinsky,15499,Journal of Experimental Social Psychology,00221031,1
6602810672,Adam Berinsky,15555,American Journal of Political Science,00925853,4
6602810672,Adam Berinsky,15557,American Political Science Review,00030554,1
6602810672,Adam Berinsky,15559,American Politics Research,1532673X,1
6602810672,Adam Berinsky,15847,New England Journal of Medicine,00284793,1
6602810672,Adam Berinsky,15931,Journal of Health Politics Policy and Law,03616878,1
6602810672,Adam Berinsky,16232,British Journal of Political Science,00071234,1
6602810672,Adam Berinsky,20333,Journal of Politics,00223816,6
6602810672,Adam Berinsky,21100446014,Royal Society Open Science,20545703,2
6602810672,Adam Berinsky,21100838541,Nature Human Behaviour,23973374,4
6602810672,Adam Berinsky,21100870919,Political Science Research and Methods,20498470,2
6602810672,Adam Berinsky,21100908414,Proceedings of the ACM on Human Computer Interaction,25730142,1
6602810672,Adam Berinsky,21101158576,Harvard Kennedy School Misinformation Review,27661652,2
6602810672,Adam Berinsky,21101186976,Pnas Nexus,27526542,2
6602810672,Adam Berinsky,21121,Proceedings of the National Academy of Sciences of the United States of America,00278424,4
6602810672,Adam Berinsky,21206,Nature,00280836,1
6602810672,Adam Berinsky,21307,Management Science,00251909,1
6602810672,Adam Berinsky,22197,PS Political Science and Politics,10490965,2
6602810672,Adam Berinsky,22832,Political Behavior,01909320,4
6602810672,Adam Berinsky,22838,Political Communication,10584609,1
6602810672,Adam Berinsky,22861,Political Psychology,0162895X,2
6602810672,Adam Berinsky,23571,Science,00368075,1
6602810672,Adam Berinsky,23574,Public Opinion Quarterly,0033362X,4
6602810672,Adam Berinsky,26439,Social Science Quarterly,00384941,1
6602838403,Robert Kurzban,10600153309,Plos One,19326203,3
6602838403,Robert Kurzban,12108,Behavioral and Brain Sciences,0140525X,2
6602838403,Robert Kurzban,12811,Personality and Social Psychology Bulletin,01461672,1
6602838403,Robert Kurzban,12812,Personality and Social Psychology Review,10888683,1
6602838403,Robert Kurzban,12857,Cognition,00100277,1
6602838403,Robert Kurzban,130030,Proceedings of the Royal Society B Biological Sciences,09628452,3
6602838403,Robert Kurzban,13401,Consciousness and Cognition,10538100,1
6602838403,Robert Kurzban,13443,Psychological Bulletin,00332909,3
6602838403,Robert Kurzban,13456,Psychological Inquiry,1047840X,2
6602838403,Robert Kurzban,13467,Psychological Review,0033295X,2
6602838403,Robert Kurzban,13468,Psychological Science,09567976,3
6602838403,Robert Kurzban,14105,European Journal of Personality,08902070,1
6602838403,Robert Kurzban,14117,European Journal of Social Psychology,00462772,2
6602838403,Robert Kurzban,14698,Review of General Psychology,10892680,1
6602838403,Robert Kurzban,14946,Group Processes and Intergroup Relations,13684302,1
6602838403,Robert Kurzban,15324,Theory Psychology,09593543,1
6602838403,Robert Kurzban,15499,Journal of Experimental Social Psychology,00221031,1
6602838403,Robert Kurzban,15500154703,Evolutionary Psychology,14747049,4
6602838403,Robert Kurzban,15965,Personal Relationships,13504126,1
6602838403,Robert Kurzban,19700182323,Perspectives on Psychological Science,17456916,1
6602838403,Robert Kurzban,20537,Journal of Behavioral Decision Making,08943257,1
6602838403,Robert Kurzban,21101041408,Evolutionary Psychological Science,21989885,2
6602838403,Robert Kurzban,21121,Proceedings of the National Academy of Sciences of the United States of America,00278424,2
6602838403,Robert Kurzban,21503,Evolution and Human Behavior,10905138,5
6602838403,Robert Kurzban,22697,American Economic Review,00028282,2
6602838403,Robert Kurzban,22861,Political Psychology,0162895X,1
6602838403,Robert Kurzban,24580,Animal Behaviour,00033472,1
6602838403,Robert Kurzban,26133,Hormones and Behavior,0018506X,1
6602838403,Robert Kurzban,27067,Human Nature,10456767,2
6602838403,Robert Kurzban,28527,Experimental Economics,13864157,1
6602838403,Robert Kurzban,29554,Journal of Bioeconomics,13876996,1
6602838403,Robert Kurzban,30016,Journal of Nonverbal Behavior,01915886,1
6602838403,Robert Kurzban,30039,Journal of Personality and Social Psychology,00223514,2
6602838403,Robert Kurzban,5700163567,Episteme,17423600,1
6602840468,Jeremy Bailenson,10600153309,Plos One,19326203,9
6602840468,Jeremy Bailenson,110111,IEEE Intelligent Systems,15411672,1
6602840468,Jeremy Bailenson,12024,Applied Cognitive Psychology,08884080,1
6602840468,Jeremy Bailenson,12057,Media Psychology,15213269,7
6602840468,Jeremy Bailenson,12061,Memory and Cognition,0090502X,1
6602840468,Jeremy Bailenson,12125,Behaviour and Information Technology,0144929X,1
6602840468,Jeremy Bailenson,12127,Behaviour Research and Therapy,00057967,1
6602840468,Jeremy Bailenson,12795,Perception,03010066,1
6602840468,Jeremy Bailenson,12808,Journal of Educational Psychology,00220663,1
6602840468,Jeremy Bailenson,12857,Cognition,00100277,1
6602840468,Jeremy Bailenson,12872,Cognitive Psychology,00100285,1
6602840468,Jeremy Bailenson,12874,Cognitive Science,03640213,1
6602840468,Jeremy Bailenson,12960,International Journal of Human Computer Studies,10715819,2
6602840468,Jeremy Bailenson,13456,Psychological Inquiry,1047840X,1
6602840468,Jeremy Bailenson,13468,Psychological Science,09567976,1
6602840468,Jeremy Bailenson,13477,Current Directions in Psychological Science,09637214,1
6602840468,Jeremy Bailenson,14006,Psychologist,09528229,1
6602840468,Jeremy Bailenson,14356,Environment and Behavior,00139165,1
6602840468,Jeremy Bailenson,14772,Human Communication Research,03603989,1
6602840468,Jeremy Bailenson,14798,Sex Roles,03600025,1
6602840468,Jeremy Bailenson,14818,Small Group Research,10464964,1
6602840468,Jeremy Bailenson,15385,Journal of Applied Developmental Psychology,01933973,1
6602840468,Jeremy Bailenson,15390,Journal of Applied Social Psychology,00219029,1
6602840468,Jeremy Bailenson,15470,Journal of Environmental Psychology,02724944,3
6602840468,Jeremy Bailenson,15476,Journal of Experimental Psychology Applied,1076898X,1
6602840468,Jeremy Bailenson,15564,Journal of Language and Social Psychology,0261927X,2
6602840468,Jeremy Bailenson,16272,Cyberpsychology and Behavior,10949313,1
6602840468,Jeremy Bailenson,16306,New Media and Society,14614448,1
6602840468,Jeremy Bailenson,16762,Journal of Neuropsychiatry and Clinical Neurosciences,08950172,1
6602840468,Jeremy Bailenson,17300154985,Autism Research,19393792,1
6602840468,Jeremy Bailenson,17575,Law and Policy,02658240,1
6602840468,Jeremy Bailenson,17645,Computers and Education,03601315,3
6602840468,Jeremy Bailenson,17649,Communication Research,00936502,1
6602840468,Jeremy Bailenson,17700156742,Journal of Media Psychology,18641105,1
6602840468,Jeremy Bailenson,18232,Journal of Computer Mediated Communication,10836101,4
6602840468,Jeremy Bailenson,19419,Computers in Human Behavior,07475632,11
6602840468,Jeremy Bailenson,19700174668,Annual Review of Cybertherapy and Telemedicine,15548716,1
6602840468,Jeremy Bailenson,19700176047,Cyberpsychology Behavior and Social Networking,21522715,15
6602840468,Jeremy Bailenson,19700177034,IEEE Transactions on Affective Computing,19493045,3
6602840468,Jeremy Bailenson,19900193555,Social Psychological and Personality Science,19485506,1
6602840468,Jeremy Bailenson,20970,Environmental Education Research,13504622,2
6602840468,Jeremy Bailenson,21100200805,Scientific Reports,20452322,4
6602840468,Jeremy Bailenson,21100216569,Frontiers in Psychiatry,16640640,1
6602840468,Jeremy Bailenson,21100216571,Frontiers in Psychology,16641078,2
6602840468,Jeremy Bailenson,21100240100,Sustainability Switzerland,20711050,1
6602840468,Jeremy Bailenson,21100244224,Religion Brain and Behavior,2153599X,1
6602840468,Jeremy Bailenson,21100255400,Water Switzerland,20734441,1
6602840468,Jeremy Bailenson,21100792085,Media and Communication,21832439,1
6602840468,Jeremy Bailenson,21100868821,Frontiers in Robotics and AI,22969144,1
6602840468,Jeremy Bailenson,21100908414,Proceedings of the ACM on Human Computer Interaction,25730142,2
6602840468,Jeremy Bailenson,21101020041,Proceedings of the ACM on Interactive Mobile Wearable and Ubiquitous Technologies,24749567,1
6602840468,Jeremy Bailenson,21101030407,Jmir Mental Health,23687959,3
6602840468,Jeremy Bailenson,21101078838,Computers in Human Behavior Reports,24519588,2
6602840468,Jeremy Bailenson,21101107986,Frontiers in Virtual Reality,26734192,3
6602840468,Jeremy Bailenson,21101185419,Technology Mind and Behavior,26890208,8
6602840468,Jeremy Bailenson,21101252431,Computers and Education X Reality,29496780,1
6602840468,Jeremy Bailenson,21180,Natural History,00280712,1
6602840468,Jeremy Bailenson,22961,Journal of Marketing Research,00222437,1
6602840468,Jeremy Bailenson,23571,Science,00368075,1
6602840468,Jeremy Bailenson,23574,Public Opinion Quarterly,0033362X,1
6602840468,Jeremy Bailenson,23709,Journal of Medical Internet Research,14388871,1
6602840468,Jeremy Bailenson,25019,Human Computer Interaction,07370024,2
6602840468,Jeremy Bailenson,25022,IEEE Pervasive Computing,15361268,1
6602840468,Jeremy Bailenson,25535,IEEE Transactions on Visualization and Computer Graphics,10772626,1
6602840468,Jeremy Bailenson,25627,Multimedia Tools and Applications,13807501,1
6602840468,Jeremy Bailenson,25644,Presence Teleoperators and Virtual Environments,10547460,15
6602840468,Jeremy Bailenson,26199,ACM Transactions on Computer Human Interaction,10730516,2
6602840468,Jeremy Bailenson,26493,Academic Medicine,10402446,1
6602840468,Jeremy Bailenson,27765,Journal of Forensic Identification,0895173X,1
6602840468,Jeremy Bailenson,28179,Journal of Advertising,00913367,1
6602840468,Jeremy Bailenson,30016,Journal of Nonverbal Behavior,01915886,2
6602840468,Jeremy Bailenson,36450,Design Studies,0142694X,1
6602840468,Jeremy Bailenson,37787,Journal of Visualization and Computer Animation,10498907,1
6602840468,Jeremy Bailenson,5000154503,Thinking Skills and Creativity,18711871,1
6602840468,Jeremy Bailenson,6700153284,Social Influence,15534510,2
6602898703,Thomas Guterbock,12807,Personality and Individual Differences,01918869,1
6602898703,Thomas Guterbock,130052,Journal of the American College of Radiology,15461440,1
6602898703,Thomas Guterbock,14356,Environment and Behavior,00139165,1
6602898703,Thomas Guterbock,14900154701,Public Health Genomics,16624246,1
6602898703,Thomas Guterbock,15113,Journal of Pediatric and Adolescent Gynecology,10833188,1
6602898703,Thomas Guterbock,15671,Journal of Political and Military Sociology,00472697,1
6602898703,Thomas Guterbock,15877,Journal of Community Health,00945145,1
6602898703,Thomas Guterbock,16956,Cities,02642751,1
6602898703,Thomas Guterbock,17530,Social Forces,00377732,3
6602898703,Thomas Guterbock,17665,Preventive Medicine,00917435,1
6602898703,Thomas Guterbock,18735,Accountability in Research,08989621,2
6602898703,Thomas Guterbock,19301,World Journal of Surgery,03642313,1
6602898703,Thomas Guterbock,19532,Accident Analysis and Prevention,00014575,2
6602898703,Thomas Guterbock,19561,American Journal of Public Health,00900036,1
6602898703,Thomas Guterbock,19569,Annals of Epidemiology,10472797,1
6602898703,Thomas Guterbock,19700170231,Criminology and Public Policy,15386473,2
6602898703,Thomas Guterbock,21100203503,Acta Informatica Medica,03538109,1
6602898703,Thomas Guterbock,21100228113,Bulletin De Methodologie Sociologique,07591063,1
6602898703,Thomas Guterbock,21100881469,Laryngoscope Investigative Otolaryngology,23788038,1
6602898703,Thomas Guterbock,21100900345,JAMA Network Open,25743805,1
6602898703,Thomas Guterbock,21100941127,Journal of Patient Reported Outcomes,25098020,1
6602898703,Thomas Guterbock,21712,Journal of Pediatric Surgery,00223468,1
6602898703,Thomas Guterbock,21741,Behavior Genetics,00018244,1
6602898703,Thomas Guterbock,22305,Surgery United States,00396060,1
6602898703,Thomas Guterbock,23574,Public Opinion Quarterly,0033362X,1
6602898703,Thomas Guterbock,23600,Journal of the American Medical Informatics Association,10675027,1
6602898703,Thomas Guterbock,23709,Journal of Medical Internet Research,14388871,2
6602898703,Thomas Guterbock,26441,Social Science Research,0049089X,1
6602898703,Thomas Guterbock,27620,American Journal of Health Promotion,08901171,1
6602898703,Thomas Guterbock,28225,Journal of Nursing Care Quality,10573631,1
6602898703,Thomas Guterbock,29317,Oncology Nursing Forum,15380688,1
6602898703,Thomas Guterbock,29643,Urban Affairs Review,10780874,2
6602898703,Thomas Guterbock,70201,Clinical Neuropsychologist,13854046,1
6602898703,Thomas Guterbock,7400153102,AMIA Annual Symposium Proceedings AMIA Symposium AMIA Symposium,15594076,1
6603062565,Ewa Golebiowska,15559,American Politics Research,1532673X,1
6603062565,Ewa Golebiowska,16064,East European Politics and Societies,08883254,2
6603062565,Ewa Golebiowska,20333,Journal of Politics,00223816,2
6603062565,Ewa Golebiowska,22832,Political Behavior,01909320,3
6603062565,Ewa Golebiowska,22861,Political Psychology,0162895X,1
6603062565,Ewa Golebiowska,27661,Journal of Black Studies,00219347,1
6603062565,Ewa Golebiowska,5600153242,Polish Sociological Review,12311413,1
6603062565,Ewa Golebiowska,5700160451,Politics and Religion,17550483,1
6603159410,Deborah Avant,14432,Daedalus,00115266,1
6603159410,Deborah Avant,16562,Armed Forces and Society,0095327X,2
6603159410,Deborah Avant,22197,PS Political Science and Politics,10490965,1
6603159410,Deborah Avant,25772,International Affairs,00205850,1
6603159410,Deborah Avant,25834,International Politics,13845748,1
6603159410,Deborah Avant,25847,International Studies Perspectives,15283577,1
6603159410,Deborah Avant,25848,International Studies Quarterly,00208833,1
6603159410,Deborah Avant,25849,International Studies Review,15219488,2
6603159410,Deborah Avant,27025,Orbis,00304387,1
6603159410,Deborah Avant,27663,Journal of Conflict Resolution,00220027,1
6603159410,Deborah Avant,28011,Security Studies,09636412,2
6603159410,Deborah Avant,29032,New Political Economy,13563467,1
6603159410,Deborah Avant,30060,World Development,0305750X,1
6603159410,Deborah Avant,4000148701,Perspectives on Politics,15375927,1
6603159410,Deborah Avant,5700164218,International Relations,00471178,1
6603159410,Deborah Avant,5700168403,Global Crime,17440572,1
6603228850,Deborah Schildkraut,10100153322,Journal of Immigrant and Refugee Studies,15562948,1
6603228850,Deborah Schildkraut,1100147103,Analyses of Social Issues and Public Policy,15297489,1
6603228850,Deborah Schildkraut,14768,Hispanic Journal of Behavioral Sciences,07399863,1
6603228850,Deborah Schildkraut,15559,American Politics Research,1532673X,1
6603228850,Deborah Schildkraut,17560,Social Problems,00377791,1
6603228850,Deborah Schildkraut,20333,Journal of Politics,00223816,1
6603228850,Deborah Schildkraut,21100372295,Preventive Medicine Reports,22113355,1
6603228850,Deborah Schildkraut,21100457028,Science Advances,23752548,1
6603228850,Deborah Schildkraut,21121,Proceedings of the National Academy of Sciences of the United States of America,00278424,1
6603228850,Deborah Schildkraut,22832,Political Behavior,01909320,1
6603228850,Deborah Schildkraut,22861,Political Psychology,0162895X,2
6603228850,Deborah Schildkraut,22867,Political Research Quarterly,10659129,2
6603228850,Deborah Schildkraut,23577,Publius the Journal of Federalism,00485950,1
6603228850,Deborah Schildkraut,24733,American Behavioral Scientist,00027642,1
6603228850,Deborah Schildkraut,26439,Social Science Quarterly,00384941,1
6603228850,Deborah Schildkraut,30088,Journal of Social Issues,00224537,1
6603228850,Deborah Schildkraut,4000148701,Perspectives on Politics,15375927,1
6603228850,Deborah Schildkraut,4700152270,State Politics and Policy Quarterly,15324400,1
6603349293,Nicholas A. Valentino,15555,American Journal of Political Science,00925853,4
6603349293,Nicholas A. Valentino,15557,American Political Science Review,00030554,3
6603349293,Nicholas A. Valentino,15613,Journal of Communication,00219916,1
6603349293,Nicholas A. Valentino,16232,British Journal of Political Science,00071234,1
6603349293,Nicholas A. Valentino,17649,Communication Research,00936502,1
6603349293,Nicholas A. Valentino,20333,Journal of Politics,00223816,4
6603349293,Nicholas A. Valentino,20687,Journalism and Mass Communication Quaterly,10776990,1
6603349293,Nicholas A. Valentino,21100888814,Journal of Race Ethnicity and Politics,20566085,1
6603349293,Nicholas A. Valentino,22832,Political Behavior,01909320,5
6603349293,Nicholas A. Valentino,22838,Political Communication,10584609,2
6603349293,Nicholas A. Valentino,22861,Political Psychology,0162895X,9
6603349293,Nicholas A. Valentino,22867,Political Research Quarterly,10659129,1
6603349293,Nicholas A. Valentino,23574,Public Opinion Quarterly,0033362X,6
6603349293,Nicholas A. Valentino,24733,American Behavioral Scientist,00027642,1
6603349293,Nicholas A. Valentino,27343,Journal of Ethnic and Migration Studies,1369183X,1
6603349293,Nicholas A. Valentino,29643,Urban Affairs Review,10780874,1
6603443503,Roger Giner-Sorolla,10600153309,Plos One,19326203,1
6603443503,Roger Giner-Sorolla,12055,Asian Journal of Social Psychology,13672223,1
6603443503,Roger Giner-Sorolla,12793,Peace and Conflict,10781919,1
6603443503,Roger Giner-Sorolla,12807,Personality and Individual Differences,01918869,1
6603443503,Roger Giner-Sorolla,12811,Personality and Social Psychology Bulletin,01461672,5
6603443503,Roger Giner-Sorolla,12812,Personality and Social Psychology Review,10888683,1
6603443503,Roger Giner-Sorolla,12858,Cognition and Emotion,02699931,4
6603443503,Roger Giner-Sorolla,13443,Psychological Bulletin,00332909,1
6603443503,Roger Giner-Sorolla,13456,Psychological Inquiry,1047840X,1
6603443503,Roger Giner-Sorolla,13461,Psychological Methods,1082989X,1
6603443503,Roger Giner-Sorolla,13468,Psychological Science,09567976,2
6603443503,Roger Giner-Sorolla,13479,Current Psychology,10461310,1
6603443503,Roger Giner-Sorolla,14075,Emotion,15283542,3
6603443503,Roger Giner-Sorolla,14823,Social Cognition,0278016X,1
6603443503,Roger Giner-Sorolla,14946,Group Processes and Intergroup Relations,13684302,1
6603443503,Roger Giner-Sorolla,15390,Journal of Applied Social Psychology,00219029,2
6603443503,Roger Giner-Sorolla,15453,Journal of Cross Cultural Psychology,00220221,2
6603443503,Roger Giner-Sorolla,15478,Journal of Experimental Psychology General,00963445,1
6603443503,Roger Giner-Sorolla,15499,Journal of Experimental Social Psychology,00221031,5
6603443503,Roger Giner-Sorolla,16300154722,Psychology of Music,03057356,1
6603443503,Roger Giner-Sorolla,17500155105,Emotion Review,17540739,1
6603443503,Roger Giner-Sorolla,17545,Law and Human Behavior,01477307,1
6603443503,Roger Giner-Sorolla,18300156710,European Review of Social Psychology,10463283,1
6603443503,Roger Giner-Sorolla,19700175790,International Journal of Social Psychology,02134748,1
6603443503,Roger Giner-Sorolla,19700182323,Perspectives on Psychological Science,17456916,4
6603443503,Roger Giner-Sorolla,19700188900,Social Psychology,18649335,2
6603443503,Roger Giner-Sorolla,19900193555,Social Psychological and Personality Science,19485506,3
6603443503,Roger Giner-Sorolla,21100228948,Tpm Testing Psychometrics Methodology in Applied Psychology,19726325,1
6603443503,Roger Giner-Sorolla,21100239256,Peerj,21678359,1
6603443503,Roger Giner-Sorolla,21100446014,Royal Society Open Science,20545703,1
6603443503,Roger Giner-Sorolla,21100857520,Collabra Psychology,24747394,2
6603443503,Roger Giner-Sorolla,21101046404,Advances in Methods and Practices in Psychological Science,25152459,1
6603443503,Roger Giner-Sorolla,21101100209,Social Psychological Bulletin,18961800,1
6603443503,Roger Giner-Sorolla,21503,Evolution and Human Behavior,10905138,1
6603443503,Roger Giner-Sorolla,23571,Science,00368075,1
6603443503,Roger Giner-Sorolla,29452,Aggressive Behavior,0096140X,1
6603443503,Roger Giner-Sorolla,30039,Journal of Personality and Social Psychology,00223514,3
6603443503,Roger Giner-Sorolla,7000153204,Social Cognitive and Affective Neuroscience,17495016,1
6603477930,Joseph A. Vandello,11100153305,Journal of Men S Health,18756867,1
6603477930,Joseph A. Vandello,12088,Basic and Applied Social Psychology,01973533,2
6603477930,Joseph A. Vandello,12740,New Ideas in Psychology,0732118X,1
6603477930,Joseph A. Vandello,12776,British Journal of Social Psychology,01446665,1
6603477930,Joseph A. Vandello,12811,Personality and Social Psychology Bulletin,01461672,3
6603477930,Joseph A. Vandello,13545,Eating Behaviors,14710153,1
6603477930,Joseph A. Vandello,14031,Psychology of Men and Masculinity,15249220,6
6603477930,Joseph A. Vandello,14107,European Journal of Psychological Assessment,10155759,1
6603477930,Joseph A. Vandello,14117,European Journal of Social Psychology,00462772,2
6603477930,Joseph A. Vandello,144986,Career Development International,13620436,1
6603477930,Joseph A. Vandello,14798,Sex Roles,03600025,5
6603477930,Joseph A. Vandello,14823,Social Cognition,0278016X,1
6603477930,Joseph A. Vandello,15453,Journal of Cross Cultural Psychology,00220221,4
6603477930,Joseph A. Vandello,15470,Journal of Environmental Psychology,02724944,1
6603477930,Joseph A. Vandello,15499,Journal of Experimental Social Psychology,00221031,2
6603477930,Joseph A. Vandello,16269,Journal of Legal Studies,00472530,1
6603477930,Joseph A. Vandello,17534,Social Justice Research,08857466,1
6603477930,Joseph A. Vandello,17562,Social Psychology Quarterly,01902725,1
6603477930,Joseph A. Vandello,18777,Violence Against Women,10778012,1
6603477930,Joseph A. Vandello,19700182323,Perspectives on Psychological Science,17456916,1
6603477930,Joseph A. Vandello,19700188900,Social Psychology,18649335,1
6603477930,Joseph A. Vandello,19900193555,Social Psychological and Personality Science,19485506,4
6603477930,Joseph A. Vandello,20374,Journal of Interpersonal Violence,08862605,2
6603477930,Joseph A. Vandello,20878,Health Education Journal,00178969,1
6603477930,Joseph A. Vandello,21100451321,Scientific Data,20524463,1
6603477930,Joseph A. Vandello,21101136809,Current Research in Ecological and Social Psychology,26666227,1
6603477930,Joseph A. Vandello,22861,Political Psychology,0162895X,1
6603477930,Joseph A. Vandello,27562,Archives of Sexual Behavior,00040002,1
6603477930,Joseph A. Vandello,29492,American Psychologist,1935990X,1
6603477930,Joseph A. Vandello,30039,Journal of Personality and Social Psychology,00223514,6
6603477930,Joseph A. Vandello,30088,Journal of Social Issues,00224537,2
6603477930,Joseph A. Vandello,7000153204,Social Cognitive and Affective Neuroscience,17495016,1
6603482973,Peter Liberman,12811,Personality and Social Psychology Bulletin,01461672,1
6603482973,Peter Liberman,15015,Agricultural History Review,00021490,1
6603482973,Peter Liberman,23574,Public Opinion Quarterly,0033362X,2
6603482973,Peter Liberman,25835,International Security,01622889,2
6603482973,Peter Liberman,27663,Journal of Conflict Resolution,00220027,1
6603482973,Peter Liberman,27696,Journal of Southern African Studies,03057070,1
6603482973,Peter Liberman,28011,Security Studies,09636412,1
6603482973,Peter Liberman,5800169464,Nonproliferation Review,10736700,1
6603485631,Edward Lemay,10600153309,Plos One,19326203,1
6603485631,Edward Lemay,12108,Behavioral and Brain Sciences,0140525X,2
6603485631,Edward Lemay,12145,Biological Psychology,03010511,1
6603485631,Edward Lemay,12710,Motivation and Emotion,01467239,3
6603485631,Edward Lemay,12807,Personality and Individual Differences,01918869,1
6603485631,Edward Lemay,12811,Personality and Social Psychology Bulletin,01461672,14
6603485631,Edward Lemay,12817,Personnel Psychology,00315826,1
6603485631,Edward Lemay,13443,Psychological Bulletin,00332909,1
6603485631,Edward Lemay,13468,Psychological Science,09567976,1
6603485631,Edward Lemay,13479,Current Psychology,10461310,1
6603485631,Edward Lemay,13491,Development and Psychopathology,09545794,2
6603485631,Edward Lemay,14075,Emotion,15283542,6
6603485631,Edward Lemay,14117,European Journal of Social Psychology,00462772,2
6603485631,Edward Lemay,14277,Health Psychology,02786133,1
6603485631,Edward Lemay,14539,Developmental Psychobiology,00121630,2
6603485631,Edward Lemay,14698,Review of General Psychology,10892680,1
6603485631,Edward Lemay,14798,Sex Roles,03600025,2
6603485631,Edward Lemay,14946,Group Processes and Intergroup Relations,13684302,2
6603485631,Edward Lemay,15016,Social Work Research,10705309,1
6603485631,Edward Lemay,15390,Journal of Applied Social Psychology,00219029,1
6603485631,Edward Lemay,15392,Journal of Business and Psychology,08893268,1
6603485631,Edward Lemay,15429,Journal of Community and Applied Social Psychology,10529284,1
6603485631,Edward Lemay,15453,Journal of Cross Cultural Psychology,00220221,1
6603485631,Edward Lemay,15499,Journal of Experimental Social Psychology,00221031,4
6603485631,Edward Lemay,15965,Personal Relationships,13504126,3
6603485631,Edward Lemay,16188,Journal of the International Neuropsychological Society,13556177,1
6603485631,Edward Lemay,16245,Journal of Affective Disorders,01650327,1
6603485631,Edward Lemay,17792,Medical Decision Making,0272989X,1
6603485631,Edward Lemay,18742,Psychological Medicine,00332917,1
6603485631,Edward Lemay,19700186336,Psychology of Violence,21520828,1
6603485631,Edward Lemay,19900192137,Social and Personality Psychology Compass,17519004,2
6603485631,Edward Lemay,19900193555,Social Psychological and Personality Science,19485506,2
6603485631,Edward Lemay,20374,Journal of Interpersonal Violence,08862605,1
6603485631,Edward Lemay,21100200805,Scientific Reports,20452322,3
6603485631,Edward Lemay,21100255401,Sage Open,21582440,1
6603485631,Edward Lemay,21100274406,Clinical Psychological Science,21677026,1
6603485631,Edward Lemay,21100372295,Preventive Medicine Reports,22113355,1
6603485631,Edward Lemay,21101028388,Patterns,26663899,1
6603485631,Edward Lemay,21101046404,Advances in Methods and Practices in Psychological Science,25152459,1
6603485631,Edward Lemay,21101136809,Current Research in Ecological and Social Psychology,26666227,1
6603485631,Edward Lemay,21206,Nature,00280836,1
6603485631,Edward Lemay,22326,Organizational Behavior and Human Decision Processes,07495978,1
6603485631,Edward Lemay,28204,Journal of Continuing Education in Nursing,00220124,1
6603485631,Edward Lemay,29070,Gerontologist,00169013,1
6603485631,Edward Lemay,29189,Journal of Aging and Health,08982643,1
6603485631,Edward Lemay,29802,Psychology and Aging,08827974,1
6603485631,Edward Lemay,30022,Journal of Personality,00223506,4
6603485631,Edward Lemay,30039,Journal of Personality and Social Psychology,00223514,15
6603485631,Edward Lemay,30073,Journal of Research in Personality,00926566,2
6603485631,Edward Lemay,30085,Journal of Social and Clinical Psychology,07367236,2
6603485631,Edward Lemay,30086,Journal of Social and Personal Relationships,02654075,5
6603485631,Edward Lemay,30090,Journal of Social Psychology,00224545,1
6603485631,Edward Lemay,33982,Health Communication,10410236,1
6603485631,Edward Lemay,5800207373,Journal of Positive Psychology,17439760,1
6603485631,Edward Lemay,7500153128,Universitas Psychologica,16579267,1
6603492807,Vincent L. Hutchings,15557,American Political Science Review,00030554,1
6603492807,Vincent L. Hutchings,15613,Journal of Communication,00219916,1
6603492807,Vincent L. Hutchings,16929,American Sociological Review,00031224,1
6603492807,Vincent L. Hutchings,20333,Journal of Politics,00223816,3
6603492807,Vincent L. Hutchings,20444,Legislative Studies Quarterly,03629805,1
6603492807,Vincent L. Hutchings,21100886215,Rsf,23778253,1
6603492807,Vincent L. Hutchings,22197,PS Political Science and Politics,10490965,1
6603492807,Vincent L. Hutchings,22832,Political Behavior,01909320,2
6603492807,Vincent L. Hutchings,22838,Political Communication,10584609,1
6603492807,Vincent L. Hutchings,22861,Political Psychology,0162895X,2
6603492807,Vincent L. Hutchings,22889,Political Science Quarterly,00323195,1
6603492807,Vincent L. Hutchings,23574,Public Opinion Quarterly,0033362X,2
6603492807,Vincent L. Hutchings,5700166187,Du Bois Review,1742058X,1
6603506027,David Redlawsk,13465,Psychological Reports,00332941,1
6603506027,David Redlawsk,15555,American Journal of Political Science,00925853,2
6603506027,David Redlawsk,15557,American Political Science Review,00030554,1
6603506027,David Redlawsk,15559,American Politics Research,1532673X,3
6603506027,David Redlawsk,19700182745,Environmental Communication,17524032,1
6603506027,David Redlawsk,20333,Journal of Politics,00223816,2
6603506027,David Redlawsk,20687,Journalism and Mass Communication Quarterly,10776990,1
6603506027,David Redlawsk,22197,PS Political Science and Politics,10490965,3
6603506027,David Redlawsk,22832,Political Behavior,01909320,5
6603506027,David Redlawsk,22838,Political Communication,10584609,1
6603506027,David Redlawsk,22861,Political Psychology,0162895X,4
6603506027,David Redlawsk,22867,Political Research Quarterly,10659129,2
6603506027,David Redlawsk,23528,Presidential Studies Quarterly,03604918,2
6603506027,David Redlawsk,5700162015,Public Integrity,10999922,1
6603506027,David Redlawsk,5700165635,Journal of Elections Public Opinion and Parties,17457289,2
6603538891,Kathryn Fant,14493,Archives of Pediatrics and Adolescent Medicine,10724710,1
6603538891,Kathryn Fant,15756,Pediatrics,00314005,2
6603538891,Kathryn Fant,19508,Southern Medical Journal,00384348,1
6603538891,Kathryn Fant,20833,Health Affairs,02782715,1
6603538891,Kathryn Fant,26493,Academic Medicine,10402446,1
6603538891,Kathryn Fant,27063,American Journal of Preventive Medicine,07493797,1
6603538891,Kathryn Fant,29368,Public Health Nursing,07371209,1
6603538891,Kathryn Fant,85291,JAMA,00987484,1
6603559510,Mathieu Turgeon,15559,American Politics Research,1532673X,1
6603559510,Mathieu Turgeon,16114,Electoral Studies,02613794,4
6603559510,Mathieu Turgeon,19774,International Journal of Public Opinion Research,09542892,1
6603559510,Mathieu Turgeon,19900191425,Journal of Politics in Latin America,1866802X,1
6603559510,Mathieu Turgeon,200147110,Information Communication and Society,1369118X,1
6603559510,Mathieu Turgeon,21100264650,European Political Science Review,17557739,1
6603559510,Mathieu Turgeon,21100870919,Political Science Research and Methods,20498470,1
6603559510,Mathieu Turgeon,21101077280,Frontiers in Political Science,26733145,1
6603559510,Mathieu Turgeon,21376,Vaccine,0264410X,2
6603559510,Mathieu Turgeon,22197,PS Political Science and Politics,10490965,1
6603559510,Mathieu Turgeon,22706,International Journal of Forecasting,01692070,1
6603559510,Mathieu Turgeon,22832,Political Behavior,01909320,1
6603559510,Mathieu Turgeon,22861,Political Psychology,0162895X,2
6603559510,Mathieu Turgeon,23434,Journal of Risk Research,13669877,1
6603559510,Mathieu Turgeon,23577,Publius,00485950,1
6603559510,Mathieu Turgeon,25953,Dados,00115258,1
6603559510,Mathieu Turgeon,26439,Social Science Quarterly,00384941,2
6603559510,Mathieu Turgeon,5100152922,Revista De Ciencia Politica,07161417,1
6603559510,Mathieu Turgeon,5100154603,Opiniao Publica,01046276,5
6603559510,Mathieu Turgeon,5200152619,Revista De Sociologia E Politica,01044478,2
6603559510,Mathieu Turgeon,5600156029,Journal of Legislative Studies,13572334,1
6603559510,Mathieu Turgeon,5700164101,French Politics,14763419,2
6603559510,Mathieu Turgeon,5700165635,Journal of Elections Public Opinion and Parties,17457289,2
6603559510,Mathieu Turgeon,67863,Party Politics,13540688,2
6603559510,Mathieu Turgeon,7500153128,Universitas Psychologica,16579267,1
6603569600,William Bielby,12094,Journal of the American Statistical Association,01621459,1
6603569600,William Bielby,14925,Gender and Society,08912432,1
6603569600,William Bielby,15528,Annals of the American Academy of Political and Social Science,00027162,1
6603569600,William Bielby,16926,American Journal of Sociology,00029602,1
6603569600,William Bielby,16929,American Sociological Review,00031224,1
6603569600,William Bielby,17530,Social Forces,00377732,1
6603569600,William Bielby,17649,Communication Research,00936502,1
6603569600,William Bielby,17681,Contemporary Sociology,00943061,2
6603569600,William Bielby,18083,Sociological Focus,00380237,1
6603569600,William Bielby,18091,Sociological Methods Research,00491241,4
6603569600,William Bielby,19250,Work and Occupations,07308884,2
6603569600,William Bielby,19372,Quality and Quantity,00335177,1
6603569600,William Bielby,25655,Journal of Adolescence,01401971,1
6603569600,William Bielby,26441,Social Science Research,0049089X,2
6603569600,William Bielby,4700151740,Journal of Broadcasting and Electronic Media,08838151,2
6603616786,Paul Goren,144907,Peabody Journal of Education,0161956X,1
6603616786,Paul Goren,15555,American Journal of Political Science,00925853,6
6603616786,Paul Goren,15559,American Politics Research,1532673X,2
6603616786,Paul Goren,16232,British Journal of Political Science,00071234,1
6603616786,Paul Goren,22832,Political Behavior,01909320,3
6603616786,Paul Goren,22861,Political Psychology,0162895X,1
6603616786,Paul Goren,22867,Political Research Quarterly,10659129,4
6603616786,Paul Goren,25848,International Studies Quarterly,00208833,1
6603616786,Paul Goren,26439,Social Science Quarterly,00384941,1
6603616786,Paul Goren,29434,American Journal of Education,01956744,1
6603616786,Paul Goren,4400151505,Critical Review,08913811,1
6603616786,Paul Goren,5700165635,Journal of Elections Public Opinion and Parties,17457289,1
6603633320,Maria Krysan,13838,Housing Policy Debate,10511482,1
6603633320,Maria Krysan,13936,Journal of Urban Affairs,07352166,1
6603633320,Maria Krysan,15528,Annals of the American Academy of Political and Social Science,00027162,1
6603633320,Maria Krysan,16926,American Journal of Sociology,00029602,2
6603633320,Maria Krysan,16929,American Sociological Review,00031224,1
6603633320,Maria Krysan,17530,Social Forces,00377732,2
6603633320,Maria Krysan,17560,Social Problems,00377791,2
6603633320,Maria Krysan,17562,Social Psychology Quarterly,01902725,1
6603633320,Maria Krysan,19774,International Journal of Public Opinion Research,09542892,1
6603633320,Maria Krysan,21101097039,Sociology of Race and Ethnicity,23326492,2
6603633320,Maria Krysan,22832,Political Behavior,01909320,1
6603633320,Maria Krysan,23574,Public Opinion Quarterly,0033362X,2
6603633320,Maria Krysan,26365,Demography,00703370,2
6603633320,Maria Krysan,26439,Social Science Quarterly,00384941,1
6603633320,Maria Krysan,26441,Social Science Research,0049089X,1
6603633320,Maria Krysan,27387,Population Research and Policy Review,01675923,1
6603633320,Maria Krysan,29432,American Educational Research Journal,00028312,1
6603633320,Maria Krysan,5700161712,City and Community,15356841,1
6603633320,Maria Krysan,5700166187,Du Bois Review,1742058X,2
6603639242,Marco Yzer,10600153309,Plos One,19326203,1
6603639242,Marco Yzer,12057,Media Psychology,15213269,1
6603639242,Marco Yzer,12772,British Journal of Health Psychology,1359107X,1
6603639242,Marco Yzer,14012,Psychology and Health,08870446,1
6603639242,Marco Yzer,14277,Health Psychology,02786133,1
6603639242,Marco Yzer,15390,Journal of Applied Social Psychology,00219029,2
6603639242,Marco Yzer,15916,Journal of Health Communication,10810730,4
6603639242,Marco Yzer,16688,Journal of Cognitive Neuroscience,0898929X,1
6603639242,Marco Yzer,17665,Preventive Medicine,00917435,4
6603639242,Marco Yzer,17700156742,Journal of Media Psychology,18641105,1
6603639242,Marco Yzer,18983,Social Science and Medicine,02779536,1
6603639242,Marco Yzer,19545,AIDS Education and Prevention,08999546,1
6603639242,Marco Yzer,19700190349,Communication Methods and Measures,19312458,2
6603639242,Marco Yzer,19936,Communication Theory,10503293,1
6603639242,Marco Yzer,20877,Health Education and Behavior,10901981,1
6603639242,Marco Yzer,21100372295,Preventive Medicine Reports,22113355,1
6603639242,Marco Yzer,21101042149,Stigma and Health,23766972,2
6603639242,Marco Yzer,23019,Prevention Science,13894986,2
6603639242,Marco Yzer,24733,American Behavioral Scientist,00027642,1
6603639242,Marco Yzer,25372,Psychology of Addictive Behaviors,0893164X,2
6603639242,Marco Yzer,27473,Annals of Behavioral Medicine,08836612,2
6603639242,Marco Yzer,28809,Journal of American College Health,07448481,1
6603639242,Marco Yzer,29615,Health Education Research,02681153,1
6603639242,Marco Yzer,33982,Health Communication,10410236,8
6603639242,Marco Yzer,58705,Psychology Health and Medicine,13548506,4
6603744325,John Sabini,12057,Media Psychology,15213269,1
6603744325,John Sabini,12088,Basic and Applied Social Psychology,01973533,2
6603744325,John Sabini,12108,Behavioral and Brain Sciences,0140525X,1
6603744325,John Sabini,12710,Motivation and Emotion,01467239,1
6603744325,John Sabini,12807,Personality and Individual Differences,01918869,1
6603744325,John Sabini,12811,Personality and Social Psychology Bulletin,01461672,1
6603744325,John Sabini,12858,Cognition and Emotion,02699931,2
6603744325,John Sabini,12887,Cognitive Therapy and Research,01475916,1
6603744325,John Sabini,13456,Psychological Inquiry,1047840X,1
6603744325,John Sabini,14075,Emotion,15283542,1
6603744325,John Sabini,14117,European Journal of Social Psychology,00462772,1
6603744325,John Sabini,15367,Journal for the Theory of Social Behaviour,00218308,14
6603744325,John Sabini,15390,Journal of Applied Social Psychology,00219029,2
6603744325,John Sabini,15478,Journal of Experimental Psychology General,00963445,1
6603744325,John Sabini,22741,Archives of Environmental Health,00039896,1
6603744325,John Sabini,23377,Chemical Senses,0379864X,1
6603744325,John Sabini,24580,Animal Behaviour,00033472,1
6603744325,John Sabini,26481,Society,01472011,1
6603744325,John Sabini,27069,Human Relations,00187267,1
6603744325,John Sabini,27562,Archives of Sexual Behavior,00040002,3
6603744325,John Sabini,30016,Journal of Nonverbal Behavior,01915886,1
6603744325,John Sabini,30039,Journal of Personality and Social Psychology,00223514,2
6603744325,John Sabini,85519,Ethics,00141704,1
6603744325,John Sabini,96142,Bulletin of the Psychonomic Society,00905054,1
6603845858,Nicholas Epley,12108,Behavioral and Brain Sciences,0140525X,1
6603845858,Nicholas Epley,12811,Personality and Social Psychology Bulletin,01461672,6
6603845858,Nicholas Epley,12857,Cognition,00100277,2
6603845858,Nicholas Epley,13456,Psychological Inquiry,1047840X,1
6603845858,Nicholas Epley,13467,Psychological Review,0033295X,1
6603845858,Nicholas Epley,13468,Psychological Science,09567976,14
6603845858,Nicholas Epley,13477,Current Directions in Psychological Science,09637214,2
6603845858,Nicholas Epley,14075,Emotion,15283542,1
6603845858,Nicholas Epley,14823,Social Cognition,0278016X,1
6603845858,Nicholas Epley,15476,Journal of Experimental Psychology Applied,1076898X,1
6603845858,Nicholas Epley,15478,Journal of Experimental Psychology General,00963445,11
6603845858,Nicholas Epley,15499,Journal of Experimental Social Psychology,00221031,11
6603845858,Nicholas Epley,19400157006,Judgment and Decision Making,19302975,1
6603845858,Nicholas Epley,19700182323,Perspectives on Psychological Science,17456916,1
6603845858,Nicholas Epley,19900193555,Social Psychological and Personality Science,19485506,1
6603845858,Nicholas Epley,20537,Journal of Behavioral Decision Making,08943257,2
6603845858,Nicholas Epley,21101021052,Journal of the Association for Consumer Research,23781815,1
6603845858,Nicholas Epley,21121,Proceedings of the National Academy of Sciences of the United States of America,00278424,3
6603845858,Nicholas Epley,22336,Harvard Business Review,00178012,1
6603845858,Nicholas Epley,22899,Journal of Consumer Research,00935301,1
6603845858,Nicholas Epley,23687,Marketing Letters,09230645,1
6603845858,Nicholas Epley,28181,Journal of Consumer Psychology,10577408,3
6603845858,Nicholas Epley,29013,Journal of Socio Economics,10535357,1
6603845858,Nicholas Epley,30039,Journal of Personality and Social Psychology,19391315,15
6603845858,Nicholas Epley,5800179627,Self and Identity,15298868,1
6603869154,Iris Bohnet,15557,American Political Science Review,00030554,1
6603869154,Iris Bohnet,16110,Kyklos,00235962,1
6603869154,Iris Bohnet,20314,Journal of Institutional and Theoretical Economics,09324569,1
6603869154,Iris Bohnet,21276,European Review,10627987,1
6603869154,Iris Bohnet,21307,Management Science,00251909,1
6603869154,Iris Bohnet,22697,American Economic Review,00028282,1
6603869154,Iris Bohnet,22915,Journal of Economic Psychology,01674870,2
6603869154,Iris Bohnet,23571,Science,00368075,1
6603869154,Iris Bohnet,23577,Publius,00485950,1
6603869154,Iris Bohnet,23611,Public Choice,00485829,1
6603869154,Iris Bohnet,23865,Journal of Economic Behavior and Organization,01672681,6
6603869154,Iris Bohnet,24829,Journal of Political Philosophy,09638016,1
6603869154,Iris Bohnet,24849,Scandinavian Journal of Economics,03470520,1
6603869154,Iris Bohnet,25330,Rationality and Society,10434631,1
6603869154,Iris Bohnet,28527,Experimental Economics,13864157,1
6603869154,Iris Bohnet,29013,Journal of Socio Economics,10535357,1
6603869154,Iris Bohnet,29431,Quarterly Journal of Economics,00335533,1
6603869154,Iris Bohnet,7500153126,Journal of the European Economic Association,15424766,1
6603917440,Susan Fussell,12108,Behavioral and Brain Sciences,0140525X,1
6603917440,Susan Fussell,14117,European Journal of Social Psychology,00462772,2
6603917440,Susan Fussell,145523,Cognition Technology and Work,14355558,1
6603917440,Susan Fussell,14823,Social Cognition,0278016X,1
6603917440,Susan Fussell,15499,Journal of Experimental Social Psychology,00221031,1
6603917440,Susan Fussell,15564,Journal of Language and Social Psychology,0261927X,2
6603917440,Susan Fussell,15700,Journal of Management Information Systems,07421222,1
6603917440,Susan Fussell,16211,IEEE Transactions on Multimedia,15209210,1
6603917440,Susan Fussell,19419,Computers in Human Behavior,07475632,1
6603917440,Susan Fussell,21100908414,Proceedings of the ACM on Human Computer Interaction,25730142,13
6603917440,Susan Fussell,25019,Human Computer Interaction,07370024,3
6603917440,Susan Fussell,25989,Discourse Processes,0163853X,3
6603917440,Susan Fussell,30039,Journal of Personality and Social Psychology,00223514,1
6604066482,Christopher Bauman,12082,Australian Journal of Psychology,00049530,1
6604066482,Christopher Bauman,12088,Basic and Applied Social Psychology,01973533,2
6604066482,Christopher Bauman,12108,Behavioral and Brain Sciences,0140525X,1
6604066482,Christopher Bauman,12811,Personality and Social Psychology Bulletin,01461672,2
6604066482,Christopher Bauman,13443,Psychological Bulletin,00332909,1
6604066482,Christopher Bauman,13456,Psychological Inquiry,1047840X,1
6604066482,Christopher Bauman,15499,Journal of Experimental Social Psychology,00221031,2
6604066482,Christopher Bauman,19900192137,Social and Personality Psychology Compass,17519004,1
6604066482,Christopher Bauman,19900193555,Social Psychological and Personality Science,19485506,1
6604066482,Christopher Bauman,20537,Journal of Behavioral Decision Making,08943257,1
6604066482,Christopher Bauman,21100451321,Scientific Data,20524463,1
6604066482,Christopher Bauman,21121,Proceedings of the National Academy of Sciences of the United States of America,00278424,1
6604066482,Christopher Bauman,21206,Nature,00280836,1
6604066482,Christopher Bauman,22326,Organizational Behavior and Human Decision Processes,07495978,4
6604066482,Christopher Bauman,22861,Political Psychology,0162895X,1
6604066482,Christopher Bauman,23860,Journal of Business Venturing,08839026,1
6604066482,Christopher Bauman,30039,Journal of Personality and Social Psychology,00223514,2
6604085679,Shelley Correll,10600153309,Plos One,19326203,1
6604085679,Shelley Correll,14925,Gender and Society,08912432,2
6604085679,Shelley Correll,15619,Journal of Contemporary Ethnography,08912416,1
6604085679,Shelley Correll,16926,American Journal of Sociology,00029602,2
6604085679,Shelley Correll,16929,American Sociological Review,00031224,3
6604085679,Shelley Correll,17530,Social Forces,00377732,2
6604085679,Shelley Correll,17562,Social Psychology Quarterly,01902725,1
6604085679,Shelley Correll,17585,Law and Social Inquiry,08976546,1
6604085679,Shelley Correll,17681,Contemporary Sociology,00943061,1
6604085679,Shelley Correll,19250,Work and Occupations,07308884,1
6604085679,Shelley Correll,19490,Journal of Higher Education,00221546,1
6604085679,Shelley Correll,19558,Journal of Women S Health,15409996,1
6604085679,Shelley Correll,21100810500,Social Sciences,20760760,1
6604085679,Shelley Correll,21101021489,Socius,23780231,3
6604085679,Shelley Correll,21121,Proceedings of the National Academy of Sciences of the United States of America,00278424,1
6604085679,Shelley Correll,24377,Social Studies of Science,03063127,1
6604085679,Shelley Correll,30088,Journal of Social Issues,00224537,1
6701315673,Diana Mutz,13631,American Statistician,00031305,1
6701315673,Diana Mutz,14432,Daedalus,00115266,1
6701315673,Diana Mutz,15528,Annals of the American Academy of Political and Social Science,00027162,1
6701315673,Diana Mutz,15555,American Journal of Political Science,00925853,3
6701315673,Diana Mutz,15557,American Political Science Review,00030554,5
6701315673,Diana Mutz,15613,Journal of Communication,00219916,2
6701315673,Diana Mutz,17649,Communication Research,00936502,1
6701315673,Diana Mutz,18500158100,Forum Germany,15408884,1
6701315673,Diana Mutz,19700190349,Communication Methods and Measures,19312458,1
6701315673,Diana Mutz,19774,International Journal of Public Opinion Research,09542892,1
6701315673,Diana Mutz,20333,Journal of Politics,00223816,5
6701315673,Diana Mutz,21100457028,Science Advances,23752548,1
6701315673,Diana Mutz,21100835891,Journal of Experimental Political Science,20522630,1
6701315673,Diana Mutz,21100860697,Journalism and Mass Communication Educator,10776958,1
6701315673,Diana Mutz,21100870919,Political Science Research and Methods,20498470,1
6701315673,Diana Mutz,21101021489,Socius,23780231,1
6701315673,Diana Mutz,21121,Proceedings of the National Academy of Sciences of the United States of America,00278424,4
6701315673,Diana Mutz,22197,PS Political Science and Politics,10490965,2
6701315673,Diana Mutz,22832,Political Behavior,01909320,3
6701315673,Diana Mutz,22838,Political Communication,10584609,6
6701315673,Diana Mutz,22861,Political Psychology,0162895X,1
6701315673,Diana Mutz,23574,Public Opinion Quarterly,0033362X,6
6701315673,Diana Mutz,25725,World Politics,00438871,1
6701315673,Diana Mutz,25848,International Studies Quarterly,00208833,1
6701315673,Diana Mutz,39139,International Organization,00208183,2
6701315673,Diana Mutz,4100151507,Research in Social Stratification and Mobility,02765624,1
6701315673,Diana Mutz,4400151505,Critical Review,08913811,2
6701315673,Diana Mutz,4700152638,Review of International Organizations,15597431,1
6701315673,Diana Mutz,5600153503,Critical Review of International Social and Political Philosophy,13698230,1
6701315673,Diana Mutz,5600153585,Mass Communication and Society,15205436,1
6701425592,Rachel Croson,12188,Simulation and Gaming,10468781,1
6701425592,Rachel Croson,15568,Journal of Mathematical Psychology,00222496,1
6701425592,Rachel Croson,16242,Journal of Law Economics and Organization,87566222,1
6701425592,Rachel Croson,16269,Journal of Legal Studies,00472530,1
6701425592,Rachel Croson,16926,American Journal of Sociology,00029602,1
6701425592,Rachel Croson,19400157006,Judgment and Decision Making,19302975,2
6701425592,Rachel Croson,19929,Interfaces,00922102,1
6701425592,Rachel Croson,19951,International Journal of Conflict Management,10444068,2
6701425592,Rachel Croson,20002,Economic Inquiry,00952583,3
6701425592,Rachel Croson,20928,Environmental and Resource Economics,09246460,1
6701425592,Rachel Croson,21307,Management Science,00251909,2
6701425592,Rachel Croson,21789,Manufacturing and Service Operations Management,15234614,2
6701425592,Rachel Croson,21899,Nonprofit Management and Leadership,10486682,2
6701425592,Rachel Croson,22236,Journal of the Operational Research Society,01605682,1
6701425592,Rachel Croson,22324,Organization Science,10477039,1
6701425592,Rachel Croson,22326,Organizational Behavior and Human Decision Processes,07495978,3
6701425592,Rachel Croson,22405,Production and Operations Management,10591478,3
6701425592,Rachel Croson,22697,American Economic Review,00028282,1
6701425592,Rachel Croson,22899,Journal of Consumer Research,00935301,1
6701425592,Rachel Croson,22915,Journal of Economic Psychology,01674870,1
6701425592,Rachel Croson,22961,Journal of Marketing Research,00222437,1
6701425592,Rachel Croson,23011,Economic Journal,00130133,1
6701425592,Rachel Croson,23157,Strategic Management Journal,01432095,3
6701425592,Rachel Croson,23611,Public Choice,00485829,3
6701425592,Rachel Croson,23651,System Dynamics Review,08837066,1
6701425592,Rachel Croson,23865,Journal of Economic Behavior and Organization,01672681,11
6701425592,Rachel Croson,24350,Journal of Economic Education,00220485,1
6701425592,Rachel Croson,25494,Southern Economic Journal,00384038,1
6701425592,Rachel Croson,26362,Journal of Peace Research,00223433,1
6701425592,Rachel Croson,26918,Negotiation Journal,07484526,1
6701425592,Rachel Croson,27165,Journal of Economic Literature,00220515,1
6701425592,Rachel Croson,28490,Economics Letters,01651765,3
6701425592,Rachel Croson,28527,Experimental Economics,13864157,4
6701425592,Rachel Croson,29009,Journal of Public Economics,00472727,3
6701425592,Rachel Croson,29011,Journal of Risk and Uncertainty,08955646,1
6701425592,Rachel Croson,29013,Journal of Socio Economics,10535357,1
6701452189,Martin Heesacker,12265,Journal of Rehabilitation Research and Development,07487711,1
6701452189,Martin Heesacker,12776,British Journal of Social Psychology,01446665,1
6701452189,Martin Heesacker,12807,Personality and Individual Differences,01918869,1
6701452189,Martin Heesacker,13339,Professional Psychology Research and Practice,07357028,2
6701452189,Martin Heesacker,13438,Counseling Psychologist,00110000,9
6701452189,Martin Heesacker,13450,Counselling Psychology Quarterly,09515070,2
6701452189,Martin Heesacker,13468,Psychological Science,09567976,2
6701452189,Martin Heesacker,13479,Current Psychology,10461310,1
6701452189,Martin Heesacker,14012,Psychology and Health,08870446,1
6701452189,Martin Heesacker,14031,Psychology of Men and Masculinity,15249220,5
6701452189,Martin Heesacker,14035,Psychology of Women Quarterly,03616843,2
6701452189,Martin Heesacker,14112,Rehabilitation Psychology,00905550,3
6701452189,Martin Heesacker,145613,American Journal of Family Therapy,01926187,1
6701452189,Martin Heesacker,14798,Sex Roles,03600025,4
6701452189,Martin Heesacker,15373,Journal of Aggression Maltreatment and Trauma,10926771,1
6701452189,Martin Heesacker,15410,Journal of Clinical Psychology,00219762,2
6701452189,Martin Heesacker,15451,Journal of Counseling and Development,07489633,2
6701452189,Martin Heesacker,15452,Journal of Counseling Psychology,00220167,12
6701452189,Martin Heesacker,18950,Journal of College Student Development,08975264,1
6701452189,Martin Heesacker,19400157006,Judgment and Decision Making,19302975,2
6701452189,Martin Heesacker,19700188161,Leisure Loisir,14927713,1
6701452189,Martin Heesacker,19900193555,Social Psychological and Personality Science,19485506,1
6701452189,Martin Heesacker,20653,Topics in Stroke Rehabilitation,10749357,1
6701452189,Martin Heesacker,21100199856,Journal of Information Technology Education Research,15479714,1
6701452189,Martin Heesacker,21100854982,Journal of Experiential Education,10538259,1
6701452189,Martin Heesacker,21100855411,Journal for Social Action in Counseling and Psychology,21598142,1
6701452189,Martin Heesacker,21100874167,International Journal of Personal Construct Psychology,0893603X,1
6701452189,Martin Heesacker,23636,Gender Issues,1098092X,1
6701452189,Martin Heesacker,23704,Journal of Gender Studies,09589236,1
6701452189,Martin Heesacker,26843,International Journal for the Psychology of Religion,10508619,1
6701452189,Martin Heesacker,29196,Journal of Cross Cultural Gerontology,01693816,1
6701452189,Martin Heesacker,29474,American Journal of Psychology,00029556,1
6701452189,Martin Heesacker,30022,Journal of Personality,00223506,1
6701452189,Martin Heesacker,30039,Journal of Personality and Social Psychology,00223514,1
6701452189,Martin Heesacker,30073,Journal of Research in Personality,00926566,1
6701452189,Martin Heesacker,30074,Journal of School Psychology,00224405,1
6701452189,Martin Heesacker,30085,Journal of Social and Clinical Psychology,07367236,2
6701452189,Martin Heesacker,30086,Journal of Social and Personal Relationships,02654075,2
6701452189,Martin Heesacker,4700152905,Journal of Lgbt Issues in Counseling,15538605,1
6701452189,Martin Heesacker,5200152623,Journal of Education,00220574,1
6701452189,Martin Heesacker,5700181569,Journal of Gambling Studies,10505350,1
6701452189,Martin Heesacker,5800179597,Training and Education in Professional Psychology,19313918,1
6701452189,Martin Heesacker,96142,Bulletin of the Psychonomic Society,00905054,1
6701488409,Eric F. Dubow,12023,Applied and Preventive Psychology,09621849,1
6701488409,Eric F. Dubow,12058,Assessment,10731911,1
6701488409,Eric F. Dubow,12127,Behaviour Research and Therapy,00057967,1
6701488409,Eric F. Dubow,12691,Merrill Palmer Quarterly,0272930X,1
6701488409,Eric F. Dubow,12841,Clinical Child and Family Psychology Review,10964037,1
6701488409,Eric F. Dubow,13491,Development and Psychopathology,09545794,2
6701488409,Eric F. Dubow,13500,Developmental Psychology,00121649,2
6701488409,Eric F. Dubow,14030,Psychology in the Schools,00333085,2
6701488409,Eric F. Dubow,14493,Archives of Pediatrics and Adolescent Medicine,10724710,1
6701488409,Eric F. Dubow,144989,International Journal of Environmental Research and Public Health,16617827,2
6701488409,Eric F. Dubow,14871,International Journal of Behavioral Development,01650254,1
6701488409,Eric F. Dubow,14958,Criminal Behaviour and Mental Health,09579664,2
6701488409,Eric F. Dubow,15104,Journal of Developmental and Behavioral Pediatrics,0196206X,1
6701488409,Eric F. Dubow,15385,Journal of Applied Developmental Psychology,01933973,1
6701488409,Eric F. Dubow,15406,Journal of Clinical Child and Adolescent Psychology,15374416,6
6701488409,Eric F. Dubow,15453,Journal of Cross Cultural Psychology,00220221,1
6701488409,Eric F. Dubow,15456,Journal of Emotional Abuse,10926798,2
6701488409,Eric F. Dubow,15653,Journal of Marriage and Family,00222445,1
6701488409,Eric F. Dubow,17649,Communication Research,00936502,1
6701488409,Eric F. Dubow,18747,Psychophysiology,00485772,1
6701488409,Eric F. Dubow,18778,Violence and Victims,08866708,1
6701488409,Eric F. Dubow,19700186336,Psychology of Violence,21520828,1
6701488409,Eric F. Dubow,19700187606,Roeper Review,02783193,1
6701488409,Eric F. Dubow,19900192615,Cyberpsychology,18027962,1
6701488409,Eric F. Dubow,21100833928,Psychology of Popular Media Culture,21604134,1
6701488409,Eric F. Dubow,21101077288,Scholarship of Teaching and Learning in Psychology,23322101,1
6701488409,Eric F. Dubow,22838,Political Communication,10584609,1
6701488409,Eric F. Dubow,24456,Child Development,14678624,5
6701488409,Eric F. Dubow,24745,Addiction,09652140,1
6701488409,Eric F. Dubow,25675,Journal of Early Adolescence,02724316,2
6701488409,Eric F. Dubow,25678,Journal of Research on Adolescence,10508392,3
6701488409,Eric F. Dubow,25680,Journal of Youth and Adolescence,00472891,5
6701488409,Eric F. Dubow,25733,Journal of Criminal Justice,00472352,2
6701488409,Eric F. Dubow,27339,Journal of Religion and Health,00224197,1
6701488409,Eric F. Dubow,29452,Aggressive Behavior,0096140X,7
6701488409,Eric F. Dubow,30074,Journal of School Psychology,00224405,1
6701488409,Eric F. Dubow,38613,Prevention in Human Services,02703114,1
6701488409,Eric F. Dubow,61519,Journal of Clinical Child Psychology,0047228X,1
6701488409,Eric F. Dubow,7100153131,International Journal of Sexual Health,19317611,1
6701497991,Howard Lavine,1100147103,Analyses of Social Issues and Public Policy,15297489,1
6701497991,Howard Lavine,12811,Personality and Social Psychology Bulletin,01461672,3
6701497991,Howard Lavine,15499,Journal of Experimental Social Psychology,00221031,2
6701497991,Howard Lavine,15555,American Journal of Political Science,00925853,2
6701497991,Howard Lavine,15559,American Politics Research,1532673X,1
6701497991,Howard Lavine,16232,British Journal of Political Science,00071234,1
6701497991,Howard Lavine,17534,Social Justice Research,08857466,1
6701497991,Howard Lavine,20333,Journal of Politics,00223816,1
6701497991,Howard Lavine,21100865122,Research and Politics,20531680,1
6701497991,Howard Lavine,22861,Political Psychology,0162895X,6
6701497991,Howard Lavine,22867,Political Research Quarterly,10659129,1
6701497991,Howard Lavine,30016,Journal of Nonverbal Behavior,01915886,1
6701497991,Howard Lavine,30039,Journal of Personality and Social Psychology,00223514,2
6701497991,Howard Lavine,6700153284,Social Influence,15534510,1
6701542136,Gary Kleck,100147035,Criminal Justice Review,07340168,1
6701542136,Gary Kleck,12053,Archives of Suicide Research,13811118,1
6701542136,Gary Kleck,130084,Journal of Contemporary Criminal Justice,10439862,1
6701542136,Gary Kleck,13465,Psychological Reports,00332941,1
6701542136,Gary Kleck,144977,Homicide Studies,10887679,1
6701542136,Gary Kleck,15313,Suicide and Lifethreatening Behavior,03630234,1
6701542136,Gary Kleck,17530,Social Forces,00377732,1
6701542136,Gary Kleck,17545,Law and Human Behavior,01477307,1
6701542136,Gary Kleck,17560,Social Problems,00377791,1
6701542136,Gary Kleck,17575,Law Policy,02658240,1
6701542136,Gary Kleck,17591,Law and Society Review,00239216,1
6701542136,Gary Kleck,18086,Sociological Inquiry,00380245,1
6701542136,Gary Kleck,18777,Violence Against Women,10778012,1
6701542136,Gary Kleck,19625,Crime and Delinquency,00111287,6
6701542136,Gary Kleck,19684,Criminology,00111384,3
6701542136,Gary Kleck,19700170231,Criminology and Public Policy,15386473,1
6701542136,Gary Kleck,20357,Journal of Criminal Law and Criminology,00914169,1
6701542136,Gary Kleck,20377,Journal of Quantitative Criminology,07484518,5
6701542136,Gary Kleck,20385,Journal of Research in Crime and Delinquency,00224278,2
6701542136,Gary Kleck,20388,Justice Quarterly,07418825,1
6701542136,Gary Kleck,21058,UCLA Law Review,00415650,1
6701542136,Gary Kleck,21100298645,Journal of Crime and Justice,0735648X,1
6701542136,Gary Kleck,22809,Criminal Justice Ethics,0731129X,1
6701542136,Gary Kleck,24733,American Behavioral Scientist,00027642,1
6701542136,Gary Kleck,25733,Journal of Criminal Justice,00472352,4
6701542136,Gary Kleck,26439,Social Science Quarterly,00384941,1
6701542136,Gary Kleck,5600152957,American Journal of Criminal Justice,10662316,4
6701542136,Gary Kleck,5600153350,International Review of Victimology,02697580,1
6701542136,Gary Kleck,5800179629,Journal of Criminal Justice Education,10511253,3
6701663494,Janet Swim,12005,Journal of Traumatic Stress,08949867,1
6701663494,Janet Swim,12088,Basic and Applied Social Psychology,01973533,3
6701663494,Janet Swim,12776,British Journal of Social Psychology,01446665,1
6701663494,Janet Swim,12807,Personality and Individual Differences,01918869,1
6701663494,Janet Swim,12811,Personality and Social Psychology Bulletin,01461672,4
6701663494,Janet Swim,14035,Psychology of Women Quarterly,03616843,5
6701663494,Janet Swim,14356,Environment and Behavior,00139165,1
6701663494,Janet Swim,14780,Swiss Journal of Psychology,14210185,1
6701663494,Janet Swim,14798,Sex Roles,03600025,4
6701663494,Janet Swim,14809,Journal of Ecotourism,14724049,1
6701663494,Janet Swim,14946,Group Processes and Intergroup Relations,13684302,5
6701663494,Janet Swim,15320,Teaching of Psychology,00986283,2
6701663494,Janet Swim,15330,Thinking and Reasoning,13546783,1
6701663494,Janet Swim,15388,Journal of Applied Psychology,00219010,1
6701663494,Janet Swim,15390,Journal of Applied Social Psychology,00219029,4
6701663494,Janet Swim,15391,Journal of Black Psychology,00957984,1
6701663494,Janet Swim,15470,Journal of Environmental Psychology,02724944,10
6701663494,Janet Swim,15499,Journal of Experimental Social Psychology,00221031,2
6701663494,Janet Swim,17449,Science Communication,10755470,1
6701663494,Janet Swim,17645,Computers and Education,03601315,1
6701663494,Janet Swim,18300156710,European Review of Social Psychology,10463283,1
6701663494,Janet Swim,19700182323,Perspectives on Psychological Science,17456916,1
6701663494,Janet Swim,19700182745,Environmental Communication,17524032,2
6701663494,Janet Swim,19700188900,Social Psychology,18649335,1
6701663494,Janet Swim,19900193555,Social Psychological and Personality Science,19485506,1
6701663494,Janet Swim,21100228016,Ecopsychology,19429347,3
6701663494,Janet Swim,21100240100,Sustainability Switzerland,20711050,2
6701663494,Janet Swim,21100435589,Curator,21516952,1
6701663494,Janet Swim,21100826280,Frontiers in Environmental Science,2296665X,1
6701663494,Janet Swim,21100886228,Policy Insights from the Behavioral and Brain Sciences,23727322,1
6701663494,Janet Swim,21101061926,Frontiers in Communication,2297900X,3
6701663494,Janet Swim,21101089656,Translational Issues in Psychological Science,23322136,2
6701663494,Janet Swim,21101149926,World Art,21500894,1
6701663494,Janet Swim,21536,Environmental Science and Policy,14629011,1
6701663494,Janet Swim,24418,Journal of Geoscience Education,10899995,2
6701663494,Janet Swim,24606,Anthrozoos,08927936,1
6701663494,Janet Swim,24763,Addictive Behaviors,03064603,1
6701663494,Janet Swim,24928,Service Industries Journal,02642069,1
6701663494,Janet Swim,28902,Family Relations,01976664,1
6701663494,Janet Swim,29492,American Psychologist,0003066X,4
6701663494,Janet Swim,29972,Journal of Homosexuality,00918369,1
6701663494,Janet Swim,30039,Journal of Personality and Social Psychology,00223514,5
6701663494,Janet Swim,30085,Journal of Social and Clinical Psychology,07367236,1
6701663494,Janet Swim,30088,Journal of Social Issues,00224537,6
6701663494,Janet Swim,30090,Journal of Social Psychology,00224545,2
6701663494,Janet Swim,30718,Annals of Tourism Research,01607383,1
6701663494,Janet Swim,36483,Global Environmental Change,09593780,3
6701663494,Janet Swim,55750,Human Ecology Review,10744827,1
6701714866,Craig W. Trumbo,15613,Journal of Communication,00219916,1
6701714866,Craig W. Trumbo,17449,Science Communication,10755470,4
6701714866,Craig W. Trumbo,18854,Water Resources Research,00431397,1
6701714866,Craig W. Trumbo,19561,American Journal of Public Health,00900036,1
6701714866,Craig W. Trumbo,19621,BMC Public Health,14712458,1
6701714866,Craig W. Trumbo,20687,Journalism and Mass Communication Quarterly,10776990,1
6701714866,Craig W. Trumbo,21100215718,Weather Climate and Society,19488327,1
6701714866,Craig W. Trumbo,21100790524,Journal of Public Health Research,22799028,1
6701714866,Craig W. Trumbo,22370,Public Understanding of Science,09636625,1
6701714866,Craig W. Trumbo,22786,Policy Studies Journal,0190292X,1
6701714866,Craig W. Trumbo,23434,Journal of Risk Research,13669877,1
6701714866,Craig W. Trumbo,24763,Addictive Behaviors,03064603,1
6701714866,Craig W. Trumbo,25822,Society and Natural Resources,08941920,2
6701714866,Craig W. Trumbo,26372,Risk Analysis,02724332,10
6701714866,Craig W. Trumbo,28809,Journal of American College Health,07448481,2
6701714866,Craig W. Trumbo,5600153585,Mass Communication and Society,15205436,1
6701806872,Linda J. Skitka,10600153309,Plos One,19326203,4
6701806872,Linda J. Skitka,1100147103,Analyses of Social Issues and Public Policy,15297489,3
6701806872,Linda J. Skitka,12004,Journal of Trauma and Dissociation,15299732,1
6701806872,Linda J. Skitka,12024,Applied Cognitive Psychology,08884080,1
6701806872,Linda J. Skitka,12055,Asian Journal of Social Psychology,13672223,1
6701806872,Linda J. Skitka,12082,Australian Journal of Psychology,00049530,1
6701806872,Linda J. Skitka,12088,Basic and Applied Social Psychology,01973533,3
6701806872,Linda J. Skitka,12776,British Journal of Social Psychology,01446665,2
6701806872,Linda J. Skitka,12811,Personality and Social Psychology Bulletin,01461672,11
6701806872,Linda J. Skitka,12960,International Journal of Human Computer Studies,10715819,2
6701806872,Linda J. Skitka,13456,Psychological Inquiry,1047840X,1
6701806872,Linda J. Skitka,13468,Psychological Science,09567976,1
6701806872,Linda J. Skitka,13477,Current Directions in Psychological Science,09637214,1
6701806872,Linda J. Skitka,14117,European Journal of Social Psychology,00462772,2
6701806872,Linda J. Skitka,145613,American Journal of Family Therapy,01926187,1
6701806872,Linda J. Skitka,14798,Sex Roles,03600025,1
6701806872,Linda J. Skitka,14821,Social Behavior and Personality,03012212,1
6701806872,Linda J. Skitka,15390,Journal of Applied Social Psychology,00219029,1
6701806872,Linda J. Skitka,15453,Journal of Cross Cultural Psychology,00220221,1
6701806872,Linda J. Skitka,15499,Journal of Experimental Social Psychology,00221031,3
6701806872,Linda J. Skitka,17534,Social Justice Research,08857466,2
6701806872,Linda J. Skitka,19700182323,Perspectives on Psychological Science,17456916,1
6701806872,Linda J. Skitka,19900193555,Social Psychological and Personality Science,19485506,4
6701806872,Linda J. Skitka,21100812569,Journal of Social and Political Psychology,21953325,1
6701806872,Linda J. Skitka,21101046404,Advances in Methods and Practices in Psychological Science,25152459,1
6701806872,Linda J. Skitka,21206,Nature,00280836,1
6701806872,Linda J. Skitka,21609,International Journal of Aviation Psychology,10508414,3
6701806872,Linda J. Skitka,21676,American Journal of Bioethics,15265161,1
6701806872,Linda J. Skitka,22861,Political Psychology,0162895X,3
6701806872,Linda J. Skitka,23571,Science,00368075,1
6701806872,Linda J. Skitka,23574,Public Opinion Quarterly,0033362X,1
6701806872,Linda J. Skitka,23800,Adolescence,00018449,2
6701806872,Linda J. Skitka,25680,Journal of Youth and Adolescence,00472891,1
6701806872,Linda J. Skitka,25817,Journal of Divorce and Remarriage,10502556,1
6701806872,Linda J. Skitka,28011,Security Studies,09636412,1
6701806872,Linda J. Skitka,29492,American Psychologist,0003066X,1
6701806872,Linda J. Skitka,30039,Journal of Personality and Social Psychology,19391315,8
6701806872,Linda J. Skitka,30073,Journal of Research in Personality,00926566,1
6701806872,Linda J. Skitka,6700153284,Social Influence,15534510,2
6701818355,Rowell Huesmann,12058,Assessment,10731911,1
6701818355,Rowell Huesmann,12107,Behavior Therapy,00057894,1
6701818355,Rowell Huesmann,12127,Behaviour Research and Therapy,00057967,1
6701818355,Rowell Huesmann,12691,Merrill Palmer Quarterly,0272930X,1
6701818355,Rowell Huesmann,12811,Personality and Social Psychology Bulletin,01461672,2
6701818355,Rowell Huesmann,12841,Clinical Child and Family Psychology Review,10964037,1
6701818355,Rowell Huesmann,12872,Cognitive Psychology,00100285,2
6701818355,Rowell Huesmann,13442,Psychological Assessment,10403590,2
6701818355,Rowell Huesmann,13443,Psychological Bulletin,00332909,1
6701818355,Rowell Huesmann,13467,Psychological Review,0033295X,1
6701818355,Rowell Huesmann,13479,Current Psychology,10461310,1
6701818355,Rowell Huesmann,13491,Development and Psychopathology,09545794,2
6701818355,Rowell Huesmann,13500,Developmental Psychology,00121649,3
6701818355,Rowell Huesmann,13969,Psychological Science in the Public Interest,15291006,2
6701818355,Rowell Huesmann,14105,European Journal of Personality,08902070,1
6701818355,Rowell Huesmann,14207,Archives of General Psychiatry,0003990X,1
6701818355,Rowell Huesmann,14493,Archives of Pediatrics and Adolescent Medicine,10724710,1
6701818355,Rowell Huesmann,144989,International Journal of Environmental Research and Public Health,16617827,1
6701818355,Rowell Huesmann,146223,Behavior Research Methods Instrumentation,1554351X,2
6701818355,Rowell Huesmann,14823,Social Cognition,0278016X,1
6701818355,Rowell Huesmann,14958,Criminal Behaviour and Mental Health,09579664,2
6701818355,Rowell Huesmann,15324,Theory Psychology,09593543,1
6701818355,Rowell Huesmann,15369,Journal of Abnormal Child Psychology,00910627,2
6701818355,Rowell Huesmann,15370,Journal of Abnormal Psychology,0021843X,1
6701818355,Rowell Huesmann,15406,Journal of Clinical Child and Adolescent Psychology,15374416,5
6701818355,Rowell Huesmann,15410,Journal of Clinical Psychology,00219762,1
6701818355,Rowell Huesmann,15439,Journal of Consulting and Clinical Psychology,0022006X,4
6701818355,Rowell Huesmann,15499,Journal of Experimental Social Psychology,00221031,1
6701818355,Rowell Huesmann,15503,Journal of Family Psychology,08933200,1
6701818355,Rowell Huesmann,15756,Pediatrics,00314005,1
6701818355,Rowell Huesmann,16925,American Journal of Community Psychology,00910562,3
6701818355,Rowell Huesmann,17649,Communication Research,00936502,1
6701818355,Rowell Huesmann,19900193555,Social Psychological and Personality Science,19485506,1
6701818355,Rowell Huesmann,22838,Political Communication,10584609,1
6701818355,Rowell Huesmann,23792,Computer Journal,00104620,1
6701818355,Rowell Huesmann,24456,Child Development,14678624,5
6701818355,Rowell Huesmann,24745,Addiction,09652140,1
6701818355,Rowell Huesmann,25678,Journal of Research on Adolescence,10508392,3
6701818355,Rowell Huesmann,25680,Journal of Youth and Adolescence,00472891,2
6701818355,Rowell Huesmann,25733,Journal of Criminal Justice,00472352,2
6701818355,Rowell Huesmann,29452,Aggressive Behavior,0096140X,15
6701818355,Rowell Huesmann,29471,American Journal of Orthopsychiatry,00029432,1
6701818355,Rowell Huesmann,29492,American Psychologist,0003066X,3
6701818355,Rowell Huesmann,30039,Journal of Personality and Social Psychology,00223514,5
6701818355,Rowell Huesmann,30042,Journal of Personality Assessment,00223891,1
6701818355,Rowell Huesmann,30088,Journal of Social Issues,00224537,2
6701818355,Rowell Huesmann,4700151740,Journal of Broadcasting and Electronic Media,08838151,1
6701818355,Rowell Huesmann,55116,Psychonomic Science,00333131,1
6701875939,Daniel Molden,12061,Memory and Cognition,0090502X,1
6701875939,Daniel Molden,12710,Motivation and Emotion,01467239,1
6701875939,Daniel Molden,12811,Personality and Social Psychology Bulletin,01461672,5
6701875939,Daniel Molden,13468,Psychological Science,09567976,4
6701875939,Daniel Molden,14105,European Journal of Personality,08902070,1
6701875939,Daniel Molden,14823,Social Cognition,0278016X,3
6701875939,Daniel Molden,15330,Thinking and Reasoning,13546783,1
6701875939,Daniel Molden,15470,Journal of Environmental Psychology,02724944,1
6701875939,Daniel Molden,15478,Journal of Experimental Psychology General,00963445,1
6701875939,Daniel Molden,15499,Journal of Experimental Social Psychology,00221031,8
6701875939,Daniel Molden,19900192137,Social and Personality Psychology Compass,17519004,1
6701875939,Daniel Molden,19900193555,Social Psychological and Personality Science,19485506,1
6701875939,Daniel Molden,21100451321,Scientific Data,20524463,1
6701875939,Daniel Molden,21101046404,Advances in Methods and Practices in Psychological Science,25152459,1
6701875939,Daniel Molden,21101184725,Journal of Open Psychology Data,20509863,1
6701875939,Daniel Molden,21206,Nature,00280836,2
6701875939,Daniel Molden,22326,Organizational Behavior and Human Decision Processes,07495978,1
6701875939,Daniel Molden,22861,Political Psychology,0162895X,2
6701875939,Daniel Molden,29492,American Psychologist,0003066X,1
6701875939,Daniel Molden,30022,Journal of Personality,00223506,1
6701875939,Daniel Molden,30039,Journal of Personality and Social Psychology,00223514,6
7003273819,Maria Abascal,13205,Urologic Oncology Seminars and Original Investigations,10781439,2
7003273819,Maria Abascal,18369,Medicina Clinica,00257753,1
7003273819,Maria Abascal,19279,Transplantation Proceedings,00411345,1
7003273819,Maria Abascal,19341,Actas Urologicas Espanolas,02104806,15
7003273819,Maria Abascal,19389,Archivos Espanoles De Urologia,00040614,5
7003273819,Maria Abascal,19393,BJU International,14644096,1
7003273819,Maria Abascal,19400157821,Journal D Urologie Medicale Et Chirurgicale,03684679,1
7003273819,Maria Abascal,19700188419,Cancers,20726694,6
7003273819,Maria Abascal,19897,European Urology,03022838,2
7003273819,Maria Abascal,19930,International Braz J Urol,16775538,1
7003273819,Maria Abascal,19946,International Urology and Nephrology,03011623,1
7003273819,Maria Abascal,19975,Journal of Urology,00225347,1
7003273819,Maria Abascal,20548,Urologia Internationalis,00421138,2
7003273819,Maria Abascal,20558,Urology,00904295,1
7003273819,Maria Abascal,20577,World Journal of Urology,07244983,2
7003273819,Maria Abascal,20846,Health and Quality of Life Outcomes,14777525,1
7003273819,Maria Abascal,21100200805,Scientific Reports,20452322,1
7003273819,Maria Abascal,21100394188,Biomolecules,2218273X,1
7003273819,Maria Abascal,21100406908,European Urology Focus,24054569,1
7003273819,Maria Abascal,21100852989,Diagnostics,20754418,1
7003273819,Maria Abascal,21100868809,Frontiers in Medicine,2296858X,1
7003273819,Maria Abascal,21100943924,World Journal of Men S Health,22874208,1
7003273819,Maria Abascal,21100983136,European Urology Open Science,26661691,1
7003273819,Maria Abascal,27202,Life,20751729,1
7003273819,Maria Abascal,29495,International Journal of Biological Markers,03936155,4
7003273819,Maria Abascal,29873,International Journal of Cancer,00207136,1
7003273819,Maria Abascal,36547,British Journal of Urology,00071331,1
7003273819,Maria Abascal,40750,Clinical Nuclear Medicine,03639762,2
7003273819,Maria Abascal,54538,Korean Journal of Urology,20056737,1
7003273819,Maria Abascal,7200153142,Revista Internacional De Andrologia,1698031X,1
7003284799,Jon A. Krosnick,10600153309,Plos One,19326203,2
7003284799,Jon A. Krosnick,12024,Applied Cognitive Psychology,08884080,1
7003284799,Jon A. Krosnick,12088,Basic and Applied Social Psychology,01973533,1
7003284799,Jon A. Krosnick,12177,Climatic Change,01650009,3
7003284799,Jon A. Krosnick,12811,Personality and Social Psychology Bulletin,01461672,1
7003284799,Jon A. Krosnick,13500,Developmental Psychology,00121649,2
7003284799,Jon A. Krosnick,14432,Daedalus,00115266,1
7003284799,Jon A. Krosnick,145558,Political Analysis,10471987,1
7003284799,Jon A. Krosnick,15470,Journal of Environmental Psychology,02724944,2
7003284799,Jon A. Krosnick,15499,Journal of Experimental Social Psychology,00221031,5
7003284799,Jon A. Krosnick,15528,Annals of the American Academy of Political and Social Science,00027162,1
7003284799,Jon A. Krosnick,15555,American Journal of Political Science,00925853,2
7003284799,Jon A. Krosnick,15557,American Political Science Review,00030554,2
7003284799,Jon A. Krosnick,15613,Journal of Communication,00219916,2
7003284799,Jon A. Krosnick,16114,Electoral Studies,02613794,2
7003284799,Jon A. Krosnick,17562,Social Psychology Quarterly,01902725,1
7003284799,Jon A. Krosnick,17785,Medical Care,00257079,1
7003284799,Jon A. Krosnick,18091,Sociological Methods and Research,00491241,5
7003284799,Jon A. Krosnick,19774,International Journal of Public Opinion Research,09542892,1
7003284799,Jon A. Krosnick,20333,Journal of Politics,00223816,1
7003284799,Jon A. Krosnick,20928,Environmental and Resource Economics,09246460,1
7003284799,Jon A. Krosnick,21100198409,Nature Climate Change,1758678X,1
7003284799,Jon A. Krosnick,21100256106,Survey Research Methods,18643361,1
7003284799,Jon A. Krosnick,21100797724,Journal of Survey Statistics and Methodology,23250984,1
7003284799,Jon A. Krosnick,21101256430,Genetics in Medicine Open,29497744,1
7003284799,Jon A. Krosnick,22370,Public Understanding of Science,09636625,1
7003284799,Jon A. Krosnick,22832,Political Behavior,01909320,2
7003284799,Jon A. Krosnick,22838,Political Communication,10584609,1
7003284799,Jon A. Krosnick,22861,Political Psychology,0162895X,5
7003284799,Jon A. Krosnick,23574,Public Opinion Quarterly,0033362X,21
7003284799,Jon A. Krosnick,23687,Marketing Letters,09230645,1
7003284799,Jon A. Krosnick,24204,Review of Economics and Statistics,00346535,2
7003284799,Jon A. Krosnick,25848,International Studies Quarterly,00208833,1
7003284799,Jon A. Krosnick,25987,Social Networks,03788733,1
7003284799,Jon A. Krosnick,26372,Risk Analysis,02724332,1
7003284799,Jon A. Krosnick,26441,Social Science Research,0049089X,1
7003284799,Jon A. Krosnick,27204,International Journal of Social Research Methodology,13645579,1
7003284799,Jon A. Krosnick,30039,Journal of Personality and Social Psychology,00223514,15
7003284799,Jon A. Krosnick,30088,Journal of Social Issues,00224537,2
7003284799,Jon A. Krosnick,34037,Land Economics,00237639,1
7003284799,Jon A. Krosnick,5600153506,Israel Affairs,13537121,1
7003284799,Jon A. Krosnick,5600155030,New Directions for Evaluation,10976736,1
7003284799,Jon A. Krosnick,6700153284,Social Influence,15534510,1
7003336223,Eric Turkheimer,10100153313,Epigenetics,15592294,1
7003336223,Eric Turkheimer,10600153309,Plos One,19326203,1
7003336223,Eric Turkheimer,11600154632,Studies in History and Philosophy of Science,00393681,2
7003336223,Eric Turkheimer,12058,Assessment,10731911,5
7003336223,Eric Turkheimer,12108,Behavioral and Brain Sciences,0140525X,1
7003336223,Eric Turkheimer,12123,Behavioral Sciences and the Law,07353936,1
7003336223,Eric Turkheimer,12127,Behaviour Research and Therapy,00057967,1
7003336223,Eric Turkheimer,12163,Brain and Cognition,02782626,1
7003336223,Eric Turkheimer,12653,Nutrition Journal,14752891,1
7003336223,Eric Turkheimer,12675,International Journal of Eating Disorders,02763478,1
7003336223,Eric Turkheimer,12711,Multivariate Behavioral Research,00273171,3
7003336223,Eric Turkheimer,12736,Journal of Clinical and Experimental Neuropsychology,01688634,1
7003336223,Eric Turkheimer,12807,Personality and Individual Differences,01918869,3
7003336223,Eric Turkheimer,13070,Spine Journal,15299430,1
7003336223,Eric Turkheimer,13318,Hastings Center Report,00930334,3
7003336223,Eric Turkheimer,13401,Consciousness and Cognition,10538100,1
7003336223,Eric Turkheimer,13442,Psychological Assessment,10403590,3
7003336223,Eric Turkheimer,13443,Psychological Bulletin,00332909,2
7003336223,Eric Turkheimer,13467,Psychological Review,0033295X,1
7003336223,Eric Turkheimer,13468,Psychological Science,09567976,2
7003336223,Eric Turkheimer,13477,Current Directions in Psychological Science,09637214,3
7003336223,Eric Turkheimer,13487,Depression and Anxiety,10914269,1
7003336223,Eric Turkheimer,13491,Development and Psychopathology,09545794,3
7003336223,Eric Turkheimer,13500,Developmental Psychology,00121649,6
7003336223,Eric Turkheimer,13502,Developmental Review,02732297,1
7003336223,Eric Turkheimer,14017,Human Development,0018716X,1
7003336223,Eric Turkheimer,14105,European Journal of Personality,08902070,1
7003336223,Eric Turkheimer,14207,Archives of General Psychiatry,0003990X,1
7003336223,Eric Turkheimer,14277,Health Psychology,02786133,1
7003336223,Eric Turkheimer,144614,Twin Research and Human Genetics,18324274,8
7003336223,Eric Turkheimer,14750,International Journal of Epidemiology,03005771,1
7003336223,Eric Turkheimer,14852,Intelligence,01602896,3
7003336223,Eric Turkheimer,14921,Comprehensive Psychiatry,0010440X,1
7003336223,Eric Turkheimer,15369,Journal of Abnormal Child Psychology,00910627,1
7003336223,Eric Turkheimer,15370,Journal of Abnormal Psychology,0021843X,6
7003336223,Eric Turkheimer,15375,Journal of Anxiety Disorders,08876185,2
7003336223,Eric Turkheimer,15402,Journal of Child Psychology and Psychiatry and Allied Disciplines,14697610,3
7003336223,Eric Turkheimer,15413,Journal of Cognition and Development,15248372,1
7003336223,Eric Turkheimer,15439,Journal of Consulting and Clinical Psychology,0022006X,1
7003336223,Eric Turkheimer,15503,Journal of Family Psychology,08933200,4
7003336223,Eric Turkheimer,15626,International Journal of Law and Psychiatry,01602527,1
7003336223,Eric Turkheimer,15645,Journal of Health and Social Behavior,00221465,1
7003336223,Eric Turkheimer,15653,Journal of Marriage and Family,00222445,1
7003336223,Eric Turkheimer,15816,Journal of the National Medical Association,00279684,1
7003336223,Eric Turkheimer,15896,Journal of Epidemiology and Community Health,0143005X,1
7003336223,Eric Turkheimer,16177,International Journal of Neuroscience,00207454,4
7003336223,Eric Turkheimer,16664,Journal of Behavioral Medicine,01607715,1
7003336223,Eric Turkheimer,16734,Journal of Nervous and Mental Disease,00223018,1
7003336223,Eric Turkheimer,16757,Journal of Neurology Neurosurgery and Psychiatry,00223050,1
7003336223,Eric Turkheimer,17545,Law and Human Behavior,01477307,3
7003336223,Eric Turkheimer,17664,American Journal of Psychiatry,0002953X,1
7003336223,Eric Turkheimer,17665,Preventive Medicine,00917435,1
7003336223,Eric Turkheimer,18009,Neuropsychologia,00283932,1
7003336223,Eric Turkheimer,18017,Neuropsychopharmacology,0893133X,1
7003336223,Eric Turkheimer,18729,Psychiatry Research,01651781,2
7003336223,Eric Turkheimer,18742,Psychological Medicine,00332917,2
7003336223,Eric Turkheimer,19054,Military Medicine,00264075,1
7003336223,Eric Turkheimer,19621,BMC Public Health,14712458,1
7003336223,Eric Turkheimer,19700182323,Perspectives on Psychological Science,17456916,3
7003336223,Eric Turkheimer,19700188308,Research in Human Development,15427609,1
7003336223,Eric Turkheimer,19830,Sleep,01618105,2
7003336223,Eric Turkheimer,21100200805,Scientific Reports,20452322,1
7003336223,Eric Turkheimer,21100203112,Philosophy Psychiatry and Psychology,10716076,1
7003336223,Eric Turkheimer,21100386467,Sleep Health,23527218,1
7003336223,Eric Turkheimer,21101049622,Biological Theory,15555542,1
7003336223,Eric Turkheimer,21741,Behavior Genetics,00018244,18
7003336223,Eric Turkheimer,22162,Genetic Epidemiology,07410395,1
7003336223,Eric Turkheimer,23571,Science,00368075,1
7003336223,Eric Turkheimer,24456,Child Development,00093920,6
7003336223,Eric Turkheimer,24944,Sexually Transmitted Diseases,01485717,1
7003336223,Eric Turkheimer,25680,Journal of Youth and Adolescence,00472891,1
7003336223,Eric Turkheimer,25987,Social Networks,03788733,1
7003336223,Eric Turkheimer,27473,Annals of Behavioral Medicine,08836612,1
7003336223,Eric Turkheimer,27699,Synthese,00397857,1
7003336223,Eric Turkheimer,29102,Health and Place,13538292,1
7003336223,Eric Turkheimer,29492,American Psychologist,0003066X,2
7003336223,Eric Turkheimer,29561,Journals of Gerontology Series B Psychological Sciences and Social Sciences,10795014,1
7003336223,Eric Turkheimer,29990,American Journal of Clinical Nutrition,00029165,1
7003336223,Eric Turkheimer,30022,Journal of Personality,00223506,3
7003336223,Eric Turkheimer,30039,Journal of Personality and Social Psychology,00223514,1
7003336223,Eric Turkheimer,30045,Journal of Personality Disorders,0885579X,4
7003336223,Eric Turkheimer,30065,Journal of Psychopathology and Behavioral Assessment,08822689,1
7003336223,Eric Turkheimer,30073,Journal of Research in Personality,00926566,6
7003336223,Eric Turkheimer,33905,Hospital and Community Psychiatry,00221597,1
7003336223,Eric Turkheimer,34349,Biofeedback and Self Regulation,03633586,1
7003336223,Eric Turkheimer,71628,Aging,19454589,1
7003451142,Paul Boxer,12023,Applied and Preventive Psychology,09621849,1
7003451142,Paul Boxer,12252,Journal of Public Health United Kingdom,17413842,1
7003451142,Paul Boxer,12691,Merrill Palmer Quarterly,0272930X,1
7003451142,Paul Boxer,12768,British Journal of Developmental Psychology,0261510X,1
7003451142,Paul Boxer,12793,Peace and Conflict,10781919,1
7003451142,Paul Boxer,12841,Clinical Child and Family Psychology Review,10964037,1
7003451142,Paul Boxer,130028,Clinical Case Studies,15346501,1
7003451142,Paul Boxer,13491,Development and Psychopathology,09545794,1
7003451142,Paul Boxer,13502,Developmental Review,02732297,1
7003451142,Paul Boxer,13523,Early Education and Development,10409289,1
7003451142,Paul Boxer,14030,Psychology in the Schools,00333085,3
7003451142,Paul Boxer,14152,Family Process,00147370,1
7003451142,Paul Boxer,144989,International Journal of Environmental Research and Public Health,16617827,1
7003451142,Paul Boxer,14871,International Journal of Behavioral Development,01650254,1
7003451142,Paul Boxer,14958,Criminal Behaviour and Mental Health,09579664,1
7003451142,Paul Boxer,15357,Journal of Adolescent Health,1054139X,1
7003451142,Paul Boxer,15369,Journal of Abnormal Child Psychology,00910627,1
7003451142,Paul Boxer,15385,Journal of Applied Developmental Psychology,01933973,1
7003451142,Paul Boxer,15390,Journal of Applied Social Psychology,00219029,1
7003451142,Paul Boxer,15399,Journal of Child and Family Studies,10621024,2
7003451142,Paul Boxer,15406,Journal of Clinical Child and Adolescent Psychology,15374416,10
7003451142,Paul Boxer,15410,Journal of Clinical Psychology,00219762,3
7003451142,Paul Boxer,15430,Journal of Community Psychology,00904392,2
7003451142,Paul Boxer,15496,International Journal of Intercultural Relations,01471767,1
7003451142,Paul Boxer,15503,Journal of Family Psychology,08933200,1
7003451142,Paul Boxer,15756,Pediatrics,00314005,1
7003451142,Paul Boxer,16925,American Journal of Community Psychology,00910562,1
7003451142,Paul Boxer,17643,Journal of the American Academy of Child and Adolescent Psychiatry,08908567,1
7003451142,Paul Boxer,17649,Communication Research,00936502,1
7003451142,Paul Boxer,18778,Violence and Victims,08866708,3
7003451142,Paul Boxer,19664,Criminal Justice and Behavior,00938548,1
7003451142,Paul Boxer,19700182323,Perspectives on Psychological Science,17456916,1
7003451142,Paul Boxer,19700186336,Psychology of Violence,21520828,1
7003451142,Paul Boxer,20370,Journal of Gang Research,10793062,1
7003451142,Paul Boxer,20374,Journal of Interpersonal Violence,08862605,2
7003451142,Paul Boxer,21100830426,Journal of Criminological Research Policy and Practice,20563841,1
7003451142,Paul Boxer,21101051829,Psychology of Popular Media,26896567,1
7003451142,Paul Boxer,21101056114,Evidence Based Practice in Child and Adolescent Mental Health,23794925,1
7003451142,Paul Boxer,21996,Behavioral Disorders,01987429,1
7003451142,Paul Boxer,22838,Political Communication,10584609,1
7003451142,Paul Boxer,24451,Child Abuse and Neglect,01452134,4
7003451142,Paul Boxer,24456,Child Development,14678624,2
7003451142,Paul Boxer,24482,Children and Youth Services Review,01907409,4
7003451142,Paul Boxer,24575,Early Child Development and Care,03004430,1
7003451142,Paul Boxer,24745,Addiction,09652140,1
7003451142,Paul Boxer,25655,Journal of Adolescence,01401971,3
7003451142,Paul Boxer,25675,Journal of Early Adolescence,02724316,1
7003451142,Paul Boxer,25678,Journal of Research on Adolescence,10508392,4
7003451142,Paul Boxer,25680,Journal of Youth and Adolescence,00472891,4
7003451142,Paul Boxer,25733,Journal of Criminal Justice,00472352,2
7003451142,Paul Boxer,29452,Aggressive Behavior,0096140X,9
7003451142,Paul Boxer,29471,American Journal of Orthopsychiatry,00029432,1
7003451142,Paul Boxer,30065,Journal of Psychopathology and Behavioral Assessment,08822689,1
7003451142,Paul Boxer,5600155030,New Directions for Evaluation,10976736,1
7003451142,Paul Boxer,5700164300,Youth Violence and Juvenile Justice,15412040,1
7003588697,David Budescu,12028,Applied Psychological Measurement,01466216,4
7003588697,David Budescu,12061,Memory Cognition,0090502X,1
7003588697,David Budescu,12108,Behavioral and Brain Sciences,14691825,1
7003588697,David Budescu,12177,Climatic Change,01650009,2
7003588697,David Budescu,12711,Multivariate Behavioral Research,00273171,5
7003588697,David Budescu,12773,British Journal of Mathematical and Statistical Psychology,00071102,1
7003588697,David Budescu,12857,Cognition,00100277,1
7003588697,David Budescu,13443,Psychological Bulletin,00332909,3
7003588697,David Budescu,13461,Psychological Methods,1082989X,2
7003588697,David Budescu,13467,Psychological Review,0033295X,2
7003588697,David Budescu,13468,Psychological Science,09567976,2
7003588697,David Budescu,13563,Educational and Psychological Measurement,00131644,1
7003588697,David Budescu,14061,Psychometrika,00333123,4
7003588697,David Budescu,14062,Psychonomic Bulletin and Review,10699384,1
7003588697,David Budescu,14117,European Journal of Social Psychology,00462772,1
7003588697,David Budescu,14194,Games and Economic Behavior,08998256,1
7003588697,David Budescu,14356,Environment and Behavior,00139165,1
7003588697,David Budescu,14756,Statistical Science,08834237,1
7003588697,David Budescu,14946,Group Processes and Intergroup Relations,13684302,1
7003588697,David Budescu,15330,Thinking Reasoning,13546783,1
7003588697,David Budescu,15476,Journal of Experimental Psychology Applied,1076898X,2
7003588697,David Budescu,15478,Journal of Experimental Psychology General,00963445,3
7003588697,David Budescu,15481,Journal of Experimental Psychology Human Perception and Performance,00961523,3
7003588697,David Budescu,15568,Journal of Mathematical Psychology,00222496,3
7003588697,David Budescu,16444,Journal of Educational and Behavioral Statistics,10769986,1
7003588697,David Budescu,19318,Group Decision and Negotiation,09262644,1
7003588697,David Budescu,19400157006,Judgment and Decision Making,19302975,9
7003588697,David Budescu,19700186711,Decision Analysis,15458490,3
7003588697,David Budescu,20537,Journal of Behavioral Decision Making,08943257,19
7003588697,David Budescu,21090,Journal of Sports Sciences,02640414,2
7003588697,David Budescu,21100198409,Nature Climate Change,1758678X,2
7003588697,David Budescu,21100216571,Frontiers in Psychology,16641078,1
7003588697,David Budescu,21100218512,Journal of Behavioral Finance,15427560,1
7003588697,David Budescu,21100403190,Earth S Future,23284277,1
7003588697,David Budescu,21100821132,Decision,23259965,6
7003588697,David Budescu,21100901158,Euro Journal on Decision Processes,21939438,1
7003588697,David Budescu,21100907367,Water Economics and Policy,2382624X,1
7003588697,David Budescu,21307,Management Science,00251909,6
7003588697,David Budescu,21944,Substance Abuse,08897077,1
7003588697,David Budescu,22324,Organization Science,10477039,1
7003588697,David Budescu,22326,Organizational Behavior and Human Decision Processes,07495978,13
7003588697,David Budescu,22706,International Journal of Forecasting,01692070,2
7003588697,David Budescu,22915,Journal of Economic Psychology,01674870,1
7003588697,David Budescu,23629,AI Magazine,07384602,1
7003588697,David Budescu,23714,Marketing Science,07322399,1
7003588697,David Budescu,23865,Journal of Economic Behavior and Organization,01672681,2
7003588697,David Budescu,24286,International Journal of Approximate Reasoning,0888613X,1
7003588697,David Budescu,24774,Knowledge Engineering Review,02698889,1
7003588697,David Budescu,24775,Machine Learning,08856125,1
7003588697,David Budescu,26133,Hormones and Behavior,0018506X,1
7003588697,David Budescu,26529,Fuzzy Sets and Systems,01650114,1
7003588697,David Budescu,27663,Journal of Conflict Resolution,00220027,1
7003588697,David Budescu,28527,Experimental Economics,13864157,1
7003588697,David Budescu,28561,Auditing,02780380,1
7003588697,David Budescu,29424,Acta Psychologica,00016918,5
7003588697,David Budescu,30039,Journal of Personality and Social Psychology,00223514,1
7003588697,David Budescu,36483,Global Environmental Change,09593780,1
7003588697,David Budescu,39973,International Journal of Man Machine Studies,00207373,1
7003588697,David Budescu,66374,Journal of Educational Measurement,00220655,4
7003588697,David Budescu,96142,Bulletin of the Psychonomic Society,00905054,2
7003588697,David Budescu,97087,Organizational Behavior and Human Performance,00305073,1
7003603575,Leslie McCall,14925,Gender and Society,08912432,1
7003603575,Leslie McCall,16926,American Journal of Sociology,00029602,1
7003603575,Leslie McCall,16929,American Sociological Review,00031224,2
7003603575,Leslie McCall,18091,Sociological Methods and Research,00491241,2
7003603575,Leslie McCall,18697,Theory and Society,03042421,1
7003603575,Leslie McCall,21100819062,Social Currents,23294965,1
7003603575,Leslie McCall,21101021489,Socius,23780231,1
7003603575,Leslie McCall,21121,Proceedings of the National Academy of Sciences of the United States of America,00278424,1
7003603575,Leslie McCall,24273,Signs,00979740,2
7003603575,Leslie McCall,26365,Demography,00703370,1
7003603575,Leslie McCall,26796,Socio Economic Review,14751461,3
7003603575,Leslie McCall,28092,Economic Geography,00130095,1
7003603575,Leslie McCall,4000148701,Perspectives on Politics,15375927,1
7003603575,Leslie McCall,5700166187,Du Bois Review,1742058X,1
7003671164,Jason Barabas,10300153306,International Journal of Press Politics,19401612,1
7003671164,Jason Barabas,15555,American Journal of Political Science,00925853,3
7003671164,Jason Barabas,15557,American Political Science Review,00030554,3
7003671164,Jason Barabas,15559,American Politics Research,1532673X,1
7003671164,Jason Barabas,15931,Journal of Health Politics Policy and Law,03616878,1
7003671164,Jason Barabas,19700190349,Communication Methods and Measures,19312458,1
7003671164,Jason Barabas,20333,Journal of Politics,00223816,2
7003671164,Jason Barabas,21100870919,Political Science Research and Methods,20498470,1
7003671164,Jason Barabas,21101186976,Pnas Nexus,27526542,1
7003671164,Jason Barabas,22832,Political Behavior,01909320,1
7003671164,Jason Barabas,23528,Presidential Studies Quarterly,03604918,1
7003671164,Jason Barabas,23574,Public Opinion Quarterly,0033362X,1
7003671164,Jason Barabas,25848,International Studies Quarterly,00208833,1
7003671164,Jason Barabas,4700152270,State Politics and Policy Quarterly,15324400,1
7003671164,Jason Barabas,5700160310,European Political Science,16804333,1
7003676310,Richard Felson,130146,Journal of Experimental Criminology,15733750,1
7003676310,Richard Felson,14293,Deviant Behavior,01639625,1
7003676310,Richard Felson,15641,Journal of Family Issues,0192513X,1
7003676310,Richard Felson,15653,Journal of Marriage and Family,00222445,4
7003676310,Richard Felson,16931,American Sociologist,00031232,1
7003676310,Richard Felson,17497,British Journal of Sociology,00071315,2
7003676310,Richard Felson,17530,Social Forces,00377732,3
7003676310,Richard Felson,17562,Social Psychology Quarterly,01902725,3
7003676310,Richard Felson,18084,Sociological Forum,08848971,1
7003676310,Richard Felson,18103,Sociological Quarterly,00380253,2
7003676310,Richard Felson,18697,Theory and Society,03042421,1
7003676310,Richard Felson,18778,Violence and Victims,08866708,3
7003676310,Richard Felson,19625,Crime and Delinquency,00111287,3
7003676310,Richard Felson,19664,Criminal Justice and Behavior,00938548,5
7003676310,Richard Felson,19684,Criminology,00111384,16
7003676310,Richard Felson,19700170231,Criminology and Public Policy,15386473,1
7003676310,Richard Felson,19700186336,Psychology of Violence,21520828,2
7003676310,Richard Felson,20374,Journal of Interpersonal Violence,08862605,1
7003676310,Richard Felson,20377,Journal of Quantitative Criminology,07484518,4
7003676310,Richard Felson,20385,Journal of Research in Crime and Delinquency,00224278,4
7003676310,Richard Felson,20388,Justice Quarterly,07418825,3
7003676310,Richard Felson,21100817648,Race and Justice,21533687,1
7003676310,Richard Felson,21503,Evolution and Human Behavior,10905138,1
7003676310,Richard Felson,24451,Child Abuse and Neglect,01452134,1
7003676310,Richard Felson,24482,Children and Youth Services Review,01907409,1
7003676310,Richard Felson,25680,Journal of Youth and Adolescence,00472891,1
7003676310,Richard Felson,25733,Journal of Criminal Justice,00472352,2
7003676310,Richard Felson,26382,Drug and Alcohol Review,09595236,1
7003676310,Richard Felson,26441,Social Science Research,0049089X,5
7003676310,Richard Felson,26481,Society,01472011,1
7003676310,Richard Felson,27446,Youth and Society,0044118X,1
7003676310,Richard Felson,27562,Archives of Sexual Behavior,00040002,2
7003676310,Richard Felson,29452,Aggressive Behavior,0096140X,7
7003676310,Richard Felson,30039,Journal of Personality and Social Psychology,00223514,4
7003676310,Richard Felson,30084,Journal of Sex Research,00224499,1
7003676310,Richard Felson,30090,Journal of Social Psychology,00224545,4
7003676310,Richard Felson,80382,Social Psychology,0147829X,1
7003721539,Catherine A. Cottrell,14031,Psychology of Men and Masculinity,15249220,1
7003721539,Catherine A. Cottrell,14246,Group Dynamics,10892699,1
7003721539,Catherine A. Cottrell,14896,International Journal of Psychology,00207594,1
7003721539,Catherine A. Cottrell,14946,Group Processes and Intergroup Relations,13684302,1
7003721539,Catherine A. Cottrell,15476,Journal of Experimental Psychology Applied,19392192,1
7003721539,Catherine A. Cottrell,15499,Journal of Experimental Social Psychology,00221031,1
7003721539,Catherine A. Cottrell,17700156745,Psychology of Religion and Spirituality,19411022,1
7003721539,Catherine A. Cottrell,19900192137,Social and Personality Psychology Compass,17519004,1
7003721539,Catherine A. Cottrell,19900193555,Social Psychological and Personality Science,19485506,1
7003721539,Catherine A. Cottrell,21149,Leadership Quarterly,10489843,1
7003721539,Catherine A. Cottrell,24267,British Journal of Dermatology,00070963,1
7003721539,Catherine A. Cottrell,30039,Journal of Personality and Social Psychology,00223514,3
7003721539,Catherine A. Cottrell,30042,Journal of Personality Assessment,00223891,1
7003721539,Catherine A. Cottrell,30090,Journal of Social Psychology,00224545,2
7003745807,Michael Traugott,100147015,Applied Ecology and Environmental Research,15891623,1
7003745807,Michael Traugott,10600153309,Plos One,19326203,6
7003745807,Michael Traugott,110004,Wasserwirtschaft,00430978,1
7003745807,Michael Traugott,11700154306,Molecular Ecology Resources,1755098X,10
7003745807,Michael Traugott,12781,Fisheries Research,01657836,1
7003745807,Michael Traugott,12925,Oecologia,00298549,1
7003745807,Michael Traugott,130030,Proceedings of the Royal Society B Biological Sciences,09628452,1
7003745807,Michael Traugott,130152,Frontiers in Zoology,17429994,1
7003745807,Michael Traugott,13256,Biological Control,10499644,3
7003745807,Michael Traugott,14599,Ecology Letters,1461023X,1
7003745807,Michael Traugott,14648,European Journal of Soil Biology,11645563,4
7003745807,Michael Traugott,14802,Soil Biology and Biochemistry,00380717,12
7003745807,Michael Traugott,15110,Agriculture Ecosystems and Environment,01678809,4
7003745807,Michael Traugott,18002,Functional Ecology,02698463,1
7003745807,Michael Traugott,18609,Journal of Wildlife Management,0022541X,1
7003745807,Michael Traugott,19041,Landscape and Urban Planning,01692046,1
7003745807,Michael Traugott,19105,Agricultural and Forest Entomology,14619555,3
7003745807,Michael Traugott,19700174638,Freshwater Crayfish,20764324,1
7003745807,Michael Traugott,19704,Bulletin of Entomological Research,00074853,3
7003745807,Michael Traugott,19779,Ecological Entomology,03076946,2
7003745807,Michael Traugott,19794,Entomologia Generalis,01718177,3
7003745807,Michael Traugott,20287,Ecological Applications,10510761,3
7003745807,Michael Traugott,20297,Molecular Ecology,09621083,3
7003745807,Michael Traugott,20308,Ecology,00129658,1
7003745807,Michael Traugott,20459,Journal of Applied Entomology,09312048,1
7003745807,Michael Traugott,20465,Journal of Economic Entomology,00220493,1
7003745807,Michael Traugott,20974,Ardea,03732266,1
7003745807,Michael Traugott,21100200805,Scientific Reports,20452322,9
7003745807,Michael Traugott,21100217611,Methods in Ecology and Evolution,2041210X,2
7003745807,Michael Traugott,21100242257,Insects,20754450,1
7003745807,Michael Traugott,21100264002,Ecology and Evolution,20457758,7
7003745807,Michael Traugott,21100307458,Ecosphere,21508925,1
7003745807,Michael Traugott,21100834704,Frontiers in Ecology and Evolution,2296701X,2
7003745807,Michael Traugott,21101022488,Metabarcoding and Metagenomics,25349708,1
7003745807,Michael Traugott,21101043805,Environmental DNA,26374943,7
7003745807,Michael Traugott,22021,Ibis,00191019,1
7003745807,Michael Traugott,23945,Gefahrstoffe Reinhaltung Der Luft,09498036,1
7003745807,Michael Traugott,24674,Oikos,00301299,1
7003745807,Michael Traugott,25697,Journal of Pest Science,16124758,10
7003745807,Michael Traugott,29544,Journal of Animal Ecology,00218790,2
7003745807,Michael Traugott,29547,Journal of Applied Ecology,00218901,2
7003745807,Michael Traugott,36093,Pedobiologia,00314056,2
7003745807,Michael Traugott,36442,Biological Agriculture and Horticulture,01448765,1
7003745807,Michael Traugott,39591,Pest Management Science,1526498X,1
7003745807,Michael Traugott,96119,Applied Soil Ecology,09291393,1
7003808684,Frederico Batista,10600153309,Plos One,19326203,1
7003808684,Frederico Batista,12162,Journal of the Marine Biological Association of the United Kingdom,00253154,1
7003808684,Frederico Batista,12165,Marine Biology,00253162,2
7003808684,Frederico Batista,13257,Biological Invasions,13873547,1
7003808684,Frederico Batista,13527,Journal of Fish Diseases,01407775,1
7003808684,Frederico Batista,15066,Fish and Shellfish Immunology,10504648,1
7003808684,Frederico Batista,15131,Global Change Biology,13541013,1
7003808684,Frederico Batista,17500154721,Parasites and Vectors,17563305,1
7003808684,Frederico Batista,18801,OIE Revue Scientifique Et Technique,02531933,1
7003808684,Frederico Batista,19400158516,Food and Environmental Virology,18670334,2
7003808684,Frederico Batista,19679,Diseases of Aquatic Organisms,01775103,1
7003808684,Frederico Batista,19700188352,Toxins,20726651,1
7003808684,Frederico Batista,20888,Virus Research,01681702,1
7003808684,Frederico Batista,21100200805,Scientific Reports,20452322,1
7003808684,Frederico Batista,21100215107,Frontiers in Physiology,1664042X,1
7003808684,Frederico Batista,21100226442,Frontiers in Microbiology,1664302X,2
7003808684,Frederico Batista,21100242814,Elife,2050084X,1
7003808684,Frederico Batista,21100264002,Ecology and Evolution,20457758,1
7003808684,Frederico Batista,21100337905,Pathogens,20760817,2
7003808684,Frederico Batista,21100884986,Microbiology Resource Announcements,2576098X,1
7003808684,Frederico Batista,21100908545,Aquaculture and Fisheries,20961758,1
7003808684,Frederico Batista,21101136808,Bioinformatics Advances,26350041,1
7003808684,Frederico Batista,22564,Journal of Invertebrate Pathology,00222011,4
7003808684,Frederico Batista,22584,Journal of Molluscan Studies,02601230,1
7003808684,Frederico Batista,22586,Journal of Shellfish Research,07308000,1
7003808684,Frederico Batista,22993,Parasitology,00311820,2
7003808684,Frederico Batista,27325,Boletin Instituto Espanol De Oceanografia,00740195,2
7003808684,Frederico Batista,29419,Aquaculture,00448486,3
7003808684,Frederico Batista,29422,Aquaculture International,09676120,1
7003808684,Frederico Batista,29427,Aquaculture Research,1355557X,1
7003808684,Frederico Batista,29436,Aquatic Living Resources,09907440,2
7003808684,Frederico Batista,29606,Journal of Experimental Marine Biology and Ecology,00220981,1
7003862879,Scott Althaus,10300153306,International Journal of Press Politics,19401612,2
7003862879,Scott Althaus,15555,American Journal of Political Science,00925853,1
7003862879,Scott Althaus,15557,American Political Science Review,00030554,1
7003862879,Scott Althaus,15559,American Politics Research,1532673X,1
7003862879,Scott Althaus,15613,Journal of Communication,00219916,1
7003862879,Scott Althaus,17649,Communication Research,00936502,1
7003862879,Scott Althaus,18090,Sociological Methodology,00811750,1
7003862879,Scott Althaus,19700190349,Communication Methods and Measures,19312458,3
7003862879,Scott Althaus,19936,Communication Theory,10503293,1
7003862879,Scott Althaus,20333,Journal of Politics,00223816,2
7003862879,Scott Althaus,20687,Journalism and Mass Communication Quarterly,10776990,2
7003862879,Scott Althaus,21100202907,International Journal of Communication,19328036,1
7003862879,Scott Althaus,21101152530,Computational Communication Research,26659085,1
7003862879,Scott Althaus,22838,Political Communication,10584609,7
7003862879,Scott Althaus,23574,Public Opinion Quarterly,0033362X,1
7003862879,Scott Althaus,24054,Communication Education,03634523,1
7003862879,Scott Althaus,24733,American Behavioral Scientist,00027642,2
7003862879,Scott Althaus,27663,Journal of Conflict Resolution,00220027,1
7003862879,Scott Althaus,4400151505,Critical Review,08913811,2
7003862879,Scott Althaus,4700151740,Journal of Broadcasting and Electronic Media,08838151,1
7003862879,Scott Althaus,5700155425,Communication Research Reports,08824096,1
7003917566,Jennifer A. Richeson,10600153309,Plos One,19326203,1
7003917566,Jennifer A. Richeson,1100147103,Analyses of Social Issues and Public Policy,15297489,2
7003917566,Jennifer A. Richeson,12088,Basic and Applied Social Psychology,01973533,1
7003917566,Jennifer A. Richeson,12811,Personality and Social Psychology Bulletin,01461672,7
7003917566,Jennifer A. Richeson,12812,Personality and Social Psychology Review,10888683,1
7003917566,Jennifer A. Richeson,12866,Cognitive Affective and Behavioral Neuroscience,15307026,2
7003917566,Jennifer A. Richeson,13456,Psychological Inquiry,1047840X,1
7003917566,Jennifer A. Richeson,13468,Psychological Science,09567976,7
7003917566,Jennifer A. Richeson,13477,Current Directions in Psychological Science,09637214,3
7003917566,Jennifer A. Richeson,13503,Developmental Science,1363755X,1
7003917566,Jennifer A. Richeson,14027,Psychology Crime and Law,1068316X,1
7003917566,Jennifer A. Richeson,14075,Emotion,15283542,1
7003917566,Jennifer A. Richeson,14230,Cultural Diversity and Ethnic Minority Psychology,10999809,1
7003917566,Jennifer A. Richeson,14432,Daedalus,00115266,1
7003917566,Jennifer A. Richeson,14539,Developmental Psychobiology,00121630,1
7003917566,Jennifer A. Richeson,14798,Sex Roles,03600025,1
7003917566,Jennifer A. Richeson,14823,Social Cognition,0278016X,1
7003917566,Jennifer A. Richeson,14946,Group Processes and Intergroup Relations,13684302,7
7003917566,Jennifer A. Richeson,15388,Journal of Applied Psychology,00219010,1
7003917566,Jennifer A. Richeson,15390,Journal of Applied Social Psychology,00219029,1
7003917566,Jennifer A. Richeson,15391,Journal of Black Psychology,00957984,1
7003917566,Jennifer A. Richeson,15478,Journal of Experimental Psychology General,00963445,1
7003917566,Jennifer A. Richeson,15499,Journal of Experimental Social Psychology,00221031,11
7003917566,Jennifer A. Richeson,15528,Annals of the American Academy of Political and Social Science,00027162,1
7003917566,Jennifer A. Richeson,15987,Journal of Pain,15265900,1
7003917566,Jennifer A. Richeson,17436,Nature Neuroscience,10976256,1
7003917566,Jennifer A. Richeson,18300156710,European Review of Social Psychology,10463283,1
7003917566,Jennifer A. Richeson,18745,Psychoneuroendocrinology,03064530,1
7003917566,Jennifer A. Richeson,18983,Social Science and Medicine,02779536,1
7003917566,Jennifer A. Richeson,19700182323,Perspectives on Psychological Science,17456916,4
7003917566,Jennifer A. Richeson,19700187601,Developmental Cognitive Neuroscience,18789293,2
7003917566,Jennifer A. Richeson,19700188900,Social Psychology,18649335,1
7003917566,Jennifer A. Richeson,19900192137,Social and Personality Psychology Compass,17519004,1
7003917566,Jennifer A. Richeson,19900193555,Social Psychological and Personality Science,19485506,5
7003917566,Jennifer A. Richeson,21100886215,Rsf,23778253,1
7003917566,Jennifer A. Richeson,21101298217,Frontiers in Social Psychology,28137876,1
7003917566,Jennifer A. Richeson,21101364770,Advances in Psychology,2976937X,1
7003917566,Jennifer A. Richeson,21121,Proceedings of the National Academy of Sciences of the United States of America,00278424,3
7003917566,Jennifer A. Richeson,22538,Public Health Reports,00333549,1
7003917566,Jennifer A. Richeson,22861,Political Psychology,0162895X,1
7003917566,Jennifer A. Richeson,24451,Child Abuse and Neglect,01452134,1
7003917566,Jennifer A. Richeson,24664,Foreign Affairs,00157120,1
7003917566,Jennifer A. Richeson,29492,American Psychologist,0003066X,3
7003917566,Jennifer A. Richeson,30016,Journal of Nonverbal Behavior,01915886,1
7003917566,Jennifer A. Richeson,30021,Journal of Pediatric Psychology,01468693,1
7003917566,Jennifer A. Richeson,30039,Journal of Personality and Social Psychology,00223514,10
7003917566,Jennifer A. Richeson,30086,Journal of Social and Personal Relationships,02654075,1
7003945061,Christopher Gelpi,15555,American Journal of Political Science,00925853,1
7003945061,Christopher Gelpi,15557,American Political Science Review,00030554,5
7003945061,Christopher Gelpi,21100773741,Journal of Policing Intelligence and Counter Terrorism,18335330,1
7003945061,Christopher Gelpi,22832,Political Behavior,01909320,1
7003945061,Christopher Gelpi,23574,Public Opinion Quarterly,0033362X,1
7003945061,Christopher Gelpi,23930,Conflict Management and Peace Science,07388942,1
7003945061,Christopher Gelpi,24733,American Behavioral Scientist,00027642,1
7003945061,Christopher Gelpi,25794,International Interactions,03050629,1
7003945061,Christopher Gelpi,25848,International Studies Quarterly,00208833,2
7003945061,Christopher Gelpi,26362,Journal of Peace Research,00223433,3
7003945061,Christopher Gelpi,27663,Journal of Conflict Resolution,00220027,7
7003945061,Christopher Gelpi,39139,International Organization,00208183,1
7003966474,Howard Schuman,11200153508,Memory Studies,17506980,2
7003966474,Howard Schuman,12024,Applied Cognitive Psychology,08884080,1
7003966474,Howard Schuman,12059,Memory,09658211,1
7003966474,Howard Schuman,12094,Journal of the American Statistical Association,01621459,1
7003966474,Howard Schuman,13358,Sociology of Education,00380407,1
7003966474,Howard Schuman,15528,Annals of the American Academy of Political and Social Science,00027162,1
7003966474,Howard Schuman,16842,Qualitative Sociology,01620436,1
7003966474,Howard Schuman,16926,American Journal of Sociology,00029602,3
7003966474,Howard Schuman,16929,American Sociological Review,00031224,3
7003966474,Howard Schuman,17530,Social Forces,00377732,1
7003966474,Howard Schuman,18084,Sociological Forum,08848971,1
7003966474,Howard Schuman,18091,Sociological Methods Research,00491241,2
7003966474,Howard Schuman,18500158100,Forum,15408884,1
7003966474,Howard Schuman,19391,Social Indicators Research,03038300,2
7003966474,Howard Schuman,19774,International Journal of Public Opinion Research,09542892,2
7003966474,Howard Schuman,23571,Science,00368075,1
7003966474,Howard Schuman,23574,Public Opinion Quarterly,0033362X,21
7003966474,Howard Schuman,25990,Social Science History,01455532,1
7003966474,Howard Schuman,26441,Social Science Research,0049089X,3
7003966474,Howard Schuman,27207,Social Epistemology,02691728,1
7003966474,Howard Schuman,29492,American Psychologist,0003066X,1
7003966474,Howard Schuman,30039,Journal of Personality and Social Psychology,00223514,1
7003966474,Howard Schuman,80672,Sociometry,00380431,1
7003966474,Howard Schuman,96567,Trans Action,01472011,2
7003972408,John DiNardo,14166,Journal of Health Economics,01676296,1
7003972408,John DiNardo,145595,American Law and Economics Review,14657252,1
7003972408,John DiNardo,19680,Industrial and Labor Relations Review,00197939,2
7003972408,John DiNardo,19900191884,American Economic Journal Economic Policy,19457731,1
7003972408,John DiNardo,20002,Economic Inquiry,00952583,1
7003972408,John DiNardo,20246,Journal of Labor Economics,0734306X,2
7003972408,John DiNardo,20444,Legislative Studies Quarterly,03629805,1
7003972408,John DiNardo,20833,Health Affairs,02782715,1
7003972408,John DiNardo,22697,American Economic Review,00028282,2
7003972408,John DiNardo,24204,Review of Economics and Statistics,00346535,1
7003972408,John DiNardo,24351,Journal of Economic Methodology,1350178X,1
7003972408,John DiNardo,24558,Mathematical and Computer Modelling,08957177,1
7003972408,John DiNardo,27162,Journal of Business and Economic Statistics,07350015,1
7003972408,John DiNardo,27165,Journal of Economic Literature,00220515,1
7003972408,John DiNardo,28464,Econometric Theory,02664666,1
7003972408,John DiNardo,29431,Quarterly Journal of Economics,00335533,2
7004084150,Barry C. Burden,15555,American Journal of Political Science,00925853,3
7004084150,Barry C. Burden,15557,American Political Science Review,00030554,2
7004084150,Barry C. Burden,15559,American Politics Research,1532673X,6
7004084150,Barry C. Burden,16114,Electoral Studies,02613794,6
7004084150,Barry C. Burden,16232,British Journal of Political Science,00071234,1
7004084150,Barry C. Burden,17167,Public Administration Review,00333352,2
7004084150,Barry C. Burden,18500158100,Forum,15408884,1
7004084150,Barry C. Burden,20333,Journal of Politics,00223816,4
7004084150,Barry C. Burden,20444,Legislative Studies Quarterly,03629805,3
7004084150,Barry C. Burden,21100255401,Sage Open,21582440,1
7004084150,Barry C. Burden,21100465147,Election Law Journal Rules Politics and Policy,15331296,2
7004084150,Barry C. Burden,21100865122,Research and Politics,20531680,1
7004084150,Barry C. Burden,21100870919,Political Science Research and Methods,20498470,1
7004084150,Barry C. Burden,22832,Political Behavior,01909320,2
7004084150,Barry C. Burden,22861,Political Psychology,0162895X,1
7004084150,Barry C. Burden,22867,Political Research Quarterly,10659129,5
7004084150,Barry C. Burden,23528,Presidential Studies Quarterly,03604918,2
7004084150,Barry C. Burden,23574,Public Opinion Quarterly,0033362X,4
7004084150,Barry C. Burden,26439,Social Science Quarterly,00384941,2
7004084150,Barry C. Burden,29561,Journals of Gerontology Series B Psychological Sciences and Social Sciences,10795014,1
7004084150,Barry C. Burden,5700164101,French Politics,14763419,1
7004084150,Barry C. Burden,67863,Party Politics,13540688,1
7004119524,Oliver Christ,10100153327,Revue Internationale De Psychologie Sociale,0992986X,1
7004119524,Oliver Christ,10600153309,Plos One,19326203,1
7004119524,Oliver Christ,12775,British Journal of Psychology,00071269,1
7004119524,Oliver Christ,12776,British Journal of Social Psychology,01446665,2
7004119524,Oliver Christ,12811,Personality and Social Psychology Bulletin,01461672,6
7004119524,Oliver Christ,13453,Learning and Individual Differences,10416080,1
7004119524,Oliver Christ,13504,Diagnostica,00121924,2
7004119524,Oliver Christ,13997,Psychologische Rundschau,00333042,1
7004119524,Oliver Christ,14035,Psychology of Women Quarterly,03616843,1
7004119524,Oliver Christ,14117,European Journal of Social Psychology,00462772,4
7004119524,Oliver Christ,14203,Genetic Social and General Psychology Monographs,87567547,1
7004119524,Oliver Christ,14230,Cultural Diversity and Ethnic Minority Psychology,10999809,1
7004119524,Oliver Christ,14246,Group Dynamics,10892699,1
7004119524,Oliver Christ,14896,International Journal of Psychology,00207594,1
7004119524,Oliver Christ,14946,Group Processes and Intergroup Relations,13684302,5
7004119524,Oliver Christ,15300154836,Zeitschrift Fur Psychologie Journal of Psychology,21908370,1
7004119524,Oliver Christ,15388,Journal of Applied Psychology,00219010,1
7004119524,Oliver Christ,15429,Journal of Community and Applied Social Psychology,10529284,1
7004119524,Oliver Christ,15453,Journal of Cross Cultural Psychology,00220221,1
7004119524,Oliver Christ,15496,International Journal of Intercultural Relations,01471767,1
7004119524,Oliver Christ,15499,Journal of Experimental Social Psychology,00221031,1
7004119524,Oliver Christ,15909,Zeitschrift Fur Arbeits Und Organisationspsychologie,09324089,1
7004119524,Oliver Christ,15937,Zeitschrift Fur Sozialpsychologie,00443514,1
7004119524,Oliver Christ,17562,Social Psychology Quarterly,01902725,1
7004119524,Oliver Christ,18300156710,European Review of Social Psychology,10463283,1
7004119524,Oliver Christ,19700188900,Social Psychology,18649335,1
7004119524,Oliver Christ,20500195402,Psychology Learning and Teaching,14757257,1
7004119524,Oliver Christ,20842,British Journal of Management,10453172,2
7004119524,Oliver Christ,21100200805,Scientific Reports,20452322,1
7004119524,Oliver Christ,21100202933,Teaching Statistics,0141982X,1
7004119524,Oliver Christ,21100216571,Frontiers in Psychology,16641078,2
7004119524,Oliver Christ,21100442094,Social Inclusion,21832803,2
7004119524,Oliver Christ,21101046170,Journal of Statistics and Data Science Education,26939169,1
7004119524,Oliver Christ,21101046404,Advances in Methods and Practices in Psychological Science,25152459,2
7004119524,Oliver Christ,21101186976,Pnas Nexus,27526542,1
7004119524,Oliver Christ,21121,Proceedings of the National Academy of Sciences of the United States of America,00278424,1
7004119524,Oliver Christ,22861,Political Psychology,0162895X,2
7004119524,Oliver Christ,23687,Marketing Letters,09230645,1
7004119524,Oliver Christ,23930,Conflict Management and Peace Science,07388942,1
7004119524,Oliver Christ,27343,Journal of Ethnic and Migration Studies,1369183X,1
7004119524,Oliver Christ,29492,American Psychologist,0003066X,1
7004119524,Oliver Christ,30017,Journal of Occupational and Organizational Psychology,09631798,2
7004119524,Oliver Christ,30039,Journal of Personality and Social Psychology,00223514,6
7004119524,Oliver Christ,30088,Journal of Social Issues,00224537,5
7004119524,Oliver Christ,30090,Journal of Social Psychology,00224545,1
7004119524,Oliver Christ,5700166187,Du Bois Review,1742058X,1
7004150267,Clark McCauley,1100147103,Analyses of Social Issues and Public Policy,15297489,2
7004150267,Clark McCauley,12088,Basic and Applied Social Psychology,01973533,2
7004150267,Clark McCauley,12793,Peace and Conflict,10781919,3
7004150267,Clark McCauley,12807,Personality and Individual Differences,01918869,1
7004150267,Clark McCauley,12808,Journal of Educational Psychology,00220663,1
7004150267,Clark McCauley,13242,Evaluation the Health Professions,01632787,1
7004150267,Clark McCauley,13443,Psychological Bulletin,00332909,1
7004150267,Clark McCauley,13450,Counselling Psychology Quarterly,09515070,1
7004150267,Clark McCauley,14009,Psychology and Developing Societies,09713336,1
7004150267,Clark McCauley,14117,European Journal of Social Psychology,00462772,2
7004150267,Clark McCauley,14277,Health Psychology Official Journal of the Division of Health Psychology American Psychological Association,02786133,1
7004150267,Clark McCauley,14356,Environment and Behavior,00139165,1
7004150267,Clark McCauley,15370,Journal of Abnormal Psychology,0021843X,1
7004150267,Clark McCauley,15388,Journal of Applied Psychology,00219010,2
7004150267,Clark McCauley,15390,Journal of Applied Social Psychology,00219029,1
7004150267,Clark McCauley,15452,Journal of Counseling Psychology,00220167,1
7004150267,Clark McCauley,15499,Journal of Experimental Social Psychology,00221031,4
7004150267,Clark McCauley,15613,Journal of Communication,00219916,1
7004150267,Clark McCauley,16270,Archives of Physical Medicine and Rehabilitation,00039993,1
7004150267,Clark McCauley,19366,American Journal of Kidney Diseases,02726386,1
7004150267,Clark McCauley,19508,Southern Medical Journal,00384348,1
7004150267,Clark McCauley,19900188035,International Journal of Conflict and Violence,18641385,1
7004150267,Clark McCauley,19900192137,Social and Personality Psychology Compass,17519004,1
7004150267,Clark McCauley,19900192514,Dynamics of Asymmetric Conflict Pathways Toward Terrorism and Genocide,17467586,6
7004150267,Clark McCauley,19992,Kidney International,00852538,2
7004150267,Clark McCauley,200147101,Studies in Conflict and Terrorism,1057610X,2
7004150267,Clark McCauley,21100329895,Behavioral Sciences of Terrorism and Political Aggression,19434472,1
7004150267,Clark McCauley,21100773741,Journal of Policing Intelligence and Counter Terrorism,18335330,1
7004150267,Clark McCauley,21100840020,Perspectives on Terrorism,23343745,3
7004150267,Clark McCauley,21101364770,Advances in Psychology,2976937X,1
7004150267,Clark McCauley,22326,Organizational Behavior and Human Decision Processes,07495978,1
7004150267,Clark McCauley,22861,Political Psychology,0162895X,1
7004150267,Clark McCauley,23377,Chemical Senses,0379864X,1
7004150267,Clark McCauley,23571,Science,00368075,2
7004150267,Clark McCauley,26362,Journal of Peace Research,00223433,1
7004150267,Clark McCauley,27663,Journal of Conflict Resolution,00220027,1
7004150267,Clark McCauley,28523,Terrorism and Political Violence,09546553,11
7004150267,Clark McCauley,29492,American Psychologist,0003066X,4
7004150267,Clark McCauley,30039,Journal of Personality and Social Psychology,00223514,8
7004150267,Clark McCauley,30073,Journal of Research in Personality,00926566,4
7004150267,Clark McCauley,6200180176,Environmental Psychology and Nonverbal Behavior,03613496,2
7004330544,Jennifer Eberhardt,10600153309,Plos One,19326203,2
7004330544,Jennifer Eberhardt,12088,Basic and Applied Social Psychology,01973533,1
7004330544,Jennifer Eberhardt,12866,Cognitive Affective and Behavioral Neuroscience,15307026,2
7004330544,Jennifer Eberhardt,12872,Cognitive Psychology,00100285,1
7004330544,Jennifer Eberhardt,13468,Psychological Science,09567976,5
7004330544,Jennifer Eberhardt,13477,Current Directions in Psychological Science,09637214,1
7004330544,Jennifer Eberhardt,13503,Developmental Science,1363755X,2
7004330544,Jennifer Eberhardt,14432,Daedalus,00115266,1
7004330544,Jennifer Eberhardt,15478,Journal of Experimental Psychology General,00963445,1
7004330544,Jennifer Eberhardt,15499,Journal of Experimental Social Psychology,00221031,1
7004330544,Jennifer Eberhardt,16688,Journal of Cognitive Neuroscience,0898929X,1
7004330544,Jennifer Eberhardt,17436,Nature Neuroscience,10976256,2
7004330544,Jennifer Eberhardt,19700182323,Perspectives on Psychological Science,17456916,1
7004330544,Jennifer Eberhardt,19900193555,Social Psychological and Personality Science,19485506,1
7004330544,Jennifer Eberhardt,21100200805,Scientific Reports,20452322,1
7004330544,Jennifer Eberhardt,21100216571,Frontiers in Psychology,16641078,1
7004330544,Jennifer Eberhardt,21101046167,Journal of Cultural Analytics,23714549,1
7004330544,Jennifer Eberhardt,21101186976,Pnas Nexus,27526542,1
7004330544,Jennifer Eberhardt,21121,Proceedings of the National Academy of Sciences of the United States of America,00278424,9
7004330544,Jennifer Eberhardt,27473,Annals of Behavioral Medicine,08836612,1
7004330544,Jennifer Eberhardt,29492,American Psychologist,0003066X,1
7004330544,Jennifer Eberhardt,30039,Journal of Personality and Social Psychology,00223514,4
7004330544,Jennifer Eberhardt,30088,Journal of Social Issues,00224537,1
7004330544,Jennifer Eberhardt,40944,Genome Biology,14747596,1
7004355543,Richard Zeckhauser,11600153422,Review of Environmental Economics and Policy,17506816,1
7004355543,Richard Zeckhauser,12094,Journal of the American Statistical Association,01621459,1
7004355543,Richard Zeckhauser,12177,Climatic Change,01650009,1
7004355543,Richard Zeckhauser,13675,Communications of the ACM,00010782,2
7004355543,Richard Zeckhauser,14166,Journal of Health Economics,01676296,4
7004355543,Richard Zeckhauser,14194,Games and Economic Behavior,08998256,3
7004355543,Richard Zeckhauser,144989,International Journal of Environmental Research and Public Health,16604601,1
7004355543,Richard Zeckhauser,14733,Financial Analysts Journal,0015198X,1
7004355543,Richard Zeckhauser,15139,Regional Science and Urban Economics,01660462,1
7004355543,Richard Zeckhauser,15528,Annals of the American Academy of Political and Social Science,00027162,2
7004355543,Richard Zeckhauser,15557,American Political Science Review,00030554,1
7004355543,Richard Zeckhauser,15821,Journal of Policy Analysis and Management,02768739,3
7004355543,Richard Zeckhauser,15847,New England Journal of Medicine,00284793,1
7004355543,Richard Zeckhauser,16045,Public Finance Finances Publiques,00333476,1
7004355543,Richard Zeckhauser,16160,Review of Finance,15723097,1
7004355543,Richard Zeckhauser,16269,Journal of Legal Studies,00472530,4
7004355543,Richard Zeckhauser,16800154733,Mitteilungen Des Kunsthistorischen Institutes in Florenz,03421201,1
7004355543,Richard Zeckhauser,17446,Geneva Papers on Risk and Insurance Theory,09264957,1
7004355543,Richard Zeckhauser,17500,Journal of Finance,00221082,2
7004355543,Richard Zeckhauser,17533,Journal of International Money and Finance,02615606,1
7004355543,Richard Zeckhauser,18299,American Journal of Economics and Sociology,00029246,1
7004355543,Richard Zeckhauser,18553,Northwestern University Law Review,00293571,1
7004355543,Richard Zeckhauser,19700182323,Perspectives on Psychological Science,17456916,1
7004355543,Richard Zeckhauser,19900191883,American Economic Journal Microeconomics,19457669,1
7004355543,Richard Zeckhauser,20000195046,Journal of Landscape Architecture,18626033,1
7004355543,Richard Zeckhauser,20002,Economic Inquiry,00952583,1
7004355543,Richard Zeckhauser,20928,Environmental and Resource Economics,09246460,1
7004355543,Richard Zeckhauser,21100232427,Virtual Mentor,19377010,1
7004355543,Richard Zeckhauser,21100775632,Iza Journal of Labor and Development,21939020,1
7004355543,Richard Zeckhauser,21100829907,American Journal of Health Economics,23323493,1
7004355543,Richard Zeckhauser,21100926579,Review of Corporate Finance Studies,20469128,1
7004355543,Richard Zeckhauser,21101128151,Journal of Applied History,25895885,1
7004355543,Richard Zeckhauser,21121,Proceedings of the National Academy of Sciences of the United States of America,00278424,1
7004355543,Richard Zeckhauser,21307,Management Science,00251909,5
7004355543,Richard Zeckhauser,21462,International Journal of Health Care Finance and Economics,13896563,2
7004355543,Richard Zeckhauser,21629,University of Chicago Law Review,00419494,1
7004355543,Richard Zeckhauser,21774,Managerial and Decision Economics,01436570,1
7004355543,Richard Zeckhauser,21899,Nonprofit Management and Leadership,10486682,2
7004355543,Richard Zeckhauser,22068,Vanderbilt Law Review,00422533,1
7004355543,Richard Zeckhauser,22697,American Economic Review,00028282,4
7004355543,Richard Zeckhauser,22738,Philosophy and Public Affairs,00483915,1
7004355543,Richard Zeckhauser,22861,Political Psychology,0162895X,1
7004355543,Richard Zeckhauser,23241,International Journal of Game Theory,00207276,1
7004355543,Richard Zeckhauser,23352,Journal of Environmental Economics and Management,00950696,3
7004355543,Richard Zeckhauser,23571,Science,00368075,1
7004355543,Richard Zeckhauser,23687,Marketing Letters,09230645,1
7004355543,Richard Zeckhauser,23835,Journal of Business,00219398,1
7004355543,Richard Zeckhauser,23865,Journal of Economic Behavior and Organization,01672681,3
7004355543,Richard Zeckhauser,24202,Review of Economic Studies,00346527,2
7004355543,Richard Zeckhauser,24204,Review of Economics and Statistics,00346535,2
7004355543,Richard Zeckhauser,24379,Journal of Financial Economics,0304405X,1
7004355543,Richard Zeckhauser,24404,Journal of Political Economy,00223808,2
7004355543,Richard Zeckhauser,24849,Scandinavian Journal of Economics,03470520,1
7004355543,Richard Zeckhauser,25176,Regulatory Toxicology and Pharmacology,02732300,1
7004355543,Richard Zeckhauser,25284,Public Interest,00333557,1
7004355543,Richard Zeckhauser,25494,Southern Economic Journal,00384038,1
7004355543,Richard Zeckhauser,25848,International Studies Quarterly,00208833,1
7004355543,Richard Zeckhauser,26041,Economics and Human Biology,1570677X,1
7004355543,Richard Zeckhauser,26372,Risk Analysis,02724332,3
7004355543,Richard Zeckhauser,26918,Negotiation Journal,07484526,2
7004355543,Richard Zeckhauser,26941,Theory and Decision,00405833,1
7004355543,Richard Zeckhauser,27162,Journal of Business and Economic Statistics,07350015,1
7004355543,Richard Zeckhauser,27211,International Journal of Technology Assessment in Health Care,02664623,1
7004355543,Richard Zeckhauser,28490,Economics Letters,01651765,1
7004355543,Richard Zeckhauser,28527,Experimental Economics,13864157,2
7004355543,Richard Zeckhauser,28785,Cancer,0008543X,2
7004355543,Richard Zeckhauser,28957,Japan and the World Economy,09221425,2
7004355543,Richard Zeckhauser,28980,Journal of Economic Perspectives A Journal of the American Economic Association,08953309,1
7004355543,Richard Zeckhauser,28981,Journal of Economic Theory,00220531,4
7004355543,Richard Zeckhauser,28988,Journal of Economics and Management Strategy,10586407,1
7004355543,Richard Zeckhauser,29009,Journal of Public Economics,00472727,7
7004355543,Richard Zeckhauser,29011,Journal of Risk and Uncertainty,08955646,25
7004355543,Richard Zeckhauser,29070,Gerontologist,00169013,1
7004355543,Richard Zeckhauser,29431,Quarterly Journal of Economics,00335533,6
7004355543,Richard Zeckhauser,29784,Philosophical Transactions of the Royal Society A Mathematical Physical and Engineering Sciences,1364503X,2
7004355543,Richard Zeckhauser,30039,Journal of Personality and Social Psychology,00223514,1
7004355543,Richard Zeckhauser,35863,Man MED,,1
7004355543,Richard Zeckhauser,40581,Journal of Chronic Diseases,00219681,1
7004355543,Richard Zeckhauser,4400151514,Globalization and Health,17448603,1
7004355543,Richard Zeckhauser,5600155013,Intelligence and National Security,02684527,3
7004355543,Richard Zeckhauser,5800191489,Foreign Policy Analysis,17438586,1
7004355543,Richard Zeckhauser,6000153009,Source,07374453,1
7004355543,Richard Zeckhauser,64461,European Journal of Political Economy,01762680,1
7004355543,Richard Zeckhauser,69138,American Journal of Managed Care,10880224,1
7004355543,Richard Zeckhauser,8300153214,B E Journal of Economic Analysis and Policy,19351682,1
7004355543,Richard Zeckhauser,87276,Advances in Health Economics and Health Services Research,07312199,1
7004355543,Richard Zeckhauser,87424,Proceedings of the IEEE Conference on Decision and Control,01912216,1
7004355543,Richard Zeckhauser,88270,Public Policy,00333646,1
7004417196,Bethany Albertson,145558,Political Analysis,10471987,1
7004417196,Bethany Albertson,15555,American Journal of Political Science,00925853,1
7004417196,Bethany Albertson,15559,American Politics Research,1532673X,1
7004417196,Bethany Albertson,21100835891,Journal of Experimental Political Science,20522630,1
7004417196,Bethany Albertson,21100865122,Research and Politics,20531680,2
7004417196,Bethany Albertson,21100870919,Political Science Research and Methods,20498470,1
7004417196,Bethany Albertson,21100911066,Communication and the Public,20570481,1
7004417196,Bethany Albertson,21103,Milbank Quarterly,0887378X,1
7004417196,Bethany Albertson,22832,Political Behavior,01909320,1
7004417196,Bethany Albertson,22861,Political Psychology,0162895X,2
7004417196,Bethany Albertson,26481,Society,01472011,1
7004417196,Bethany Albertson,27661,Journal of Black Studies,00219347,1
7004606890,Gilbert Metcalf,11600153422,Review of Environmental Economics and Policy,17506816,3
7004606890,Gilbert Metcalf,15821,Journal of Policy Analysis and Management,02768739,2
7004606890,Gilbert Metcalf,19700200703,Annual Review of Resource Economics,19411340,1
7004606890,Gilbert Metcalf,19900191885,American Economic Journal Macroeconomics,19457707,1
7004606890,Gilbert Metcalf,20873,Environment and Development Economics,1355770X,1
7004606890,Gilbert Metcalf,21100861110,Journal of the Association of Environmental and Resource Economists,23335955,2
7004606890,Gilbert Metcalf,22524,Climate Policy,14693062,2
7004606890,Gilbert Metcalf,22726,Applied Financial Economics,09603107,1
7004606890,Gilbert Metcalf,22904,Oxford Review of Economic Policy,0266903X,1
7004606890,Gilbert Metcalf,23011,Economic Journal,00130133,1
7004606890,Gilbert Metcalf,23049,Issues in Science and Technology,07485492,1
7004606890,Gilbert Metcalf,23352,Journal of Environmental Economics and Management,00950696,1
7004606890,Gilbert Metcalf,23571,Science,00368075,1
7004606890,Gilbert Metcalf,24197,Scientific American,00368733,1
7004606890,Gilbert Metcalf,24204,Review of Economics and Statistics,00346535,1
7004606890,Gilbert Metcalf,27614,Resource and Energy Economics,09287655,1
7004606890,Gilbert Metcalf,28062,International Tax and Public Finance,09275940,1
7004606890,Gilbert Metcalf,28418,Brookings Papers on Economic Activity,00072303,1
7004606890,Gilbert Metcalf,28490,Economics Letters,01651765,1
7004606890,Gilbert Metcalf,28708,National Tax Journal,00280283,5
7004606890,Gilbert Metcalf,28973,Journal of Econometrics,03044076,1
7004606890,Gilbert Metcalf,28976,Journal of Economic Dynamics and Control,01651889,1
7004606890,Gilbert Metcalf,28980,Journal of Economic Perspectives,08953309,1
7004606890,Gilbert Metcalf,29009,Journal of Public Economics,00472727,5
7004606890,Gilbert Metcalf,29258,Public Finance Review,10911421,1
7004606890,Gilbert Metcalf,29374,Energy Economics,01409883,1
7004606890,Gilbert Metcalf,29391,Energy Journal,01956574,1
7004606890,Gilbert Metcalf,29403,Energy Policy,03014215,3
7004606890,Gilbert Metcalf,29533,Topics in Economic Analysis and Policy,15380653,1
7004606890,Gilbert Metcalf,8300153214,B E Journal of Economic Analysis and Policy,19351682,1
7004613973,Carol S. Dweck,10600153309,Plos One,19326203,3
7004613973,Carol S. Dweck,12088,Basic and Applied Social Psychology,01973533,1
7004613973,Carol S. Dweck,12710,Motivation and Emotion,01467239,1
7004613973,Carol S. Dweck,12733,Nebraska Symposium on Motivation Nebraska Symposium on Motivation,01467875,1
7004613973,Carol S. Dweck,12770,British Journal of Educational Psychology,00070998,1
7004613973,Carol S. Dweck,12808,Journal of Educational Psychology,00220663,3
7004613973,Carol S. Dweck,12811,Personality and Social Psychology Bulletin,01461672,10
7004613973,Carol S. Dweck,12812,Personality and Social Psychology Review,10888683,1
7004613973,Carol S. Dweck,12868,Cognitive Behaviour Therapy,16506073,1
7004613973,Carol S. Dweck,12874,Cognitive Science,03640213,2
7004613973,Carol S. Dweck,13069,Psycho Oncology,10579249,1
7004613973,Carol S. Dweck,13456,Psychological Inquiry,1047840X,2
7004613973,Carol S. Dweck,13467,Psychological Review,0033295X,3
7004613973,Carol S. Dweck,13468,Psychological Science,09567976,11
7004613973,Carol S. Dweck,13477,Current Directions in Psychological Science,09637214,1
7004613973,Carol S. Dweck,13500,Developmental Psychology,00121649,11
7004613973,Carol S. Dweck,13503,Developmental Science,1363755X,2
7004613973,Carol S. Dweck,13900154713,Child Development Perspectives,17508592,2
7004613973,Carol S. Dweck,14075,Emotion,15283542,3
7004613973,Carol S. Dweck,14823,Social Cognition,0278016X,2
7004613973,Carol S. Dweck,15388,Journal of Applied Psychology,00219010,1
7004613973,Carol S. Dweck,15390,Journal of Applied Social Psychology,00219029,1
7004613973,Carol S. Dweck,15499,Journal of Experimental Social Psychology,00221031,6
7004613973,Carol S. Dweck,16664,Journal of Behavioral Medicine,01607715,1
7004613973,Carol S. Dweck,19700182323,Perspectives on Psychological Science,17456916,7
7004613973,Carol S. Dweck,19900193555,Social Psychological and Personality Science,19485506,2
7004613973,Carol S. Dweck,20746,Educational Leadership,00131784,1
7004613973,Carol S. Dweck,21101017693,Motivation Science,23338113,1
7004613973,Carol S. Dweck,21101044934,Npj Science of Learning,20567936,1
7004613973,Carol S. Dweck,21101159371,Nature Reviews Psychology,27310574,1
7004613973,Carol S. Dweck,21121,Proceedings of the National Academy of Sciences of the United States of America,00278424,11
7004613973,Carol S. Dweck,21206,Nature,00280836,1
7004613973,Carol S. Dweck,23571,Science,00368075,1
7004613973,Carol S. Dweck,24456,Child Development,00093920,13
7004613973,Carol S. Dweck,27663,Journal of Conflict Resolution,00220027,1
7004613973,Carol S. Dweck,28181,Journal of Consumer Psychology,10577408,2
7004613973,Carol S. Dweck,29492,American Psychologist,0003066X,5
7004613973,Carol S. Dweck,30022,Journal of Personality,00223506,1
7004613973,Carol S. Dweck,30039,Journal of Personality and Social Psychology,00223514,25
7004613973,Carol S. Dweck,30073,Journal of Research in Personality,00926566,1
7004613973,Carol S. Dweck,30088,Journal of Social Issues,00224537,2
7004613973,Carol S. Dweck,55116,Psychonomic Science,00333131,1
7004613973,Carol S. Dweck,7000153204,Social Cognitive and Affective Neuroscience,17495016,2
7005004940,Harry Reis,110000,International Journal of Environmental Studies,00207233,1
7005004940,Harry Reis,12088,Basic and Applied Social Psychology,01973533,1
7005004940,Harry Reis,12145,Biological Psychology,03010511,1
7005004940,Harry Reis,12710,Motivation and Emotion,01467239,3
7005004940,Harry Reis,12807,Personality and Individual Differences,01918869,1
7005004940,Harry Reis,12808,Journal of Educational Psychology,00220663,2
7005004940,Harry Reis,12811,Personality and Social Psychology Bulletin,01461672,7
7005004940,Harry Reis,12812,Personality and Social Psychology Review,10888683,1
7005004940,Harry Reis,13242,Evaluation the Health Professions,01632787,1
7005004940,Harry Reis,13442,Psychological Assessment,10403590,1
7005004940,Harry Reis,13443,Psychological Bulletin,00332909,2
7005004940,Harry Reis,13456,Psychological Inquiry,1047840X,1
7005004940,Harry Reis,13461,Psychological Methods,1082989X,1
7005004940,Harry Reis,13468,Psychological Science A Journal of the American Psychological Society Aps,14679280,2
7005004940,Harry Reis,13477,Current Directions in Psychological Science,09637214,2
7005004940,Harry Reis,13479,Current Psychology,10461310,2
7005004940,Harry Reis,13491,Development and Psychopathology,09545794,1
7005004940,Harry Reis,13500,Developmental Psychology,00121649,1
7005004940,Harry Reis,13969,Psychological Science in the Public Interest Supplement,15291006,1
7005004940,Harry Reis,14075,Emotion,15283542,5
7005004940,Harry Reis,14117,European Journal of Social Psychology,00462772,2
7005004940,Harry Reis,14277,Health Psychology,02786133,5
7005004940,Harry Reis,14798,Sex Roles,03600025,5
7005004940,Harry Reis,14823,Social Cognition,0278016X,2
7005004940,Harry Reis,14902,International Journal of Psychophysiology,01678760,1
7005004940,Harry Reis,15313,Suicide and Life Threatening Behavior,03630234,1
7005004940,Harry Reis,15390,Journal of Applied Social Psychology,00219029,1
7005004940,Harry Reis,15392,Journal of Business and Psychology,08893268,1
7005004940,Harry Reis,15499,Journal of Experimental Social Psychology,00221031,7
7005004940,Harry Reis,15503,Journal of Family Psychology Jfp Journal of the Division of Family Psychology of the American Psychological Association Division 43,19391293,2
7005004940,Harry Reis,15965,Personal Relationships,13504126,9
7005004940,Harry Reis,17534,Social Justice Research,08857466,1
7005004940,Harry Reis,18745,Psychoneuroendocrinology,03064530,1
7005004940,Harry Reis,18747,Psychophysiology,00485772,1
7005004940,Harry Reis,19172,Psychosomatic Medicine,00333174,3
7005004940,Harry Reis,19391,Social Indicators Research,03038300,1
7005004940,Harry Reis,19419,Computers in Human Behavior,07475632,2
7005004940,Harry Reis,19700182323,Perspectives on Psychological Science,17456916,3
7005004940,Harry Reis,19900192137,Social and Personality Psychology Compass,17519004,2
7005004940,Harry Reis,19900192615,Cyberpsychology,18027962,1
7005004940,Harry Reis,19900193555,Social Psychological and Personality Science,19485506,2
7005004940,Harry Reis,20153,AIDS and Behavior,10907165,1
7005004940,Harry Reis,20695,Brain Behavior and Immunity,08891591,1
7005004940,Harry Reis,21100265182,Mental Health and Prevention,22126570,1
7005004940,Harry Reis,21101136809,Current Research in Ecological and Social Psychology,26666227,1
7005004940,Harry Reis,21101150129,Affective Science,26622041,1
7005004940,Harry Reis,21121,Proceedings of the National Academy of Sciences of the United States of America,00278424,1
7005004940,Harry Reis,22326,Organizational Behavior and Human Decision Processes,07495978,1
7005004940,Harry Reis,22445,Annals of Noninvasive Electrocardiology,1082720X,1
7005004940,Harry Reis,24456,Child Development,00093920,1
7005004940,Harry Reis,26094,American Journal of Clinical Hypnosis,00029157,1
7005004940,Harry Reis,26550,International Journal of Clinical and Experimental Hypnosis,00207144,1
7005004940,Harry Reis,27562,Archives of Sexual Behavior,00040002,3
7005004940,Harry Reis,29070,Gerontologist,00169013,1
7005004940,Harry Reis,29492,American Psychologist,1935990X,2
7005004940,Harry Reis,29802,Psychology and Aging,08827974,1
7005004940,Harry Reis,30016,Journal of Nonverbal Behavior,01915886,1
7005004940,Harry Reis,30021,Journal of Pediatric Psychology,01468693,1
7005004940,Harry Reis,30022,Journal of Personality,00223506,5
7005004940,Harry Reis,30039,Journal of Personality and Social Psychology,00223514,26
7005004940,Harry Reis,30073,Journal of Research in Personality,00926566,2
7005004940,Harry Reis,30084,Journal of Sex Research,00224499,3
7005004940,Harry Reis,30085,Journal of Social and Clinical Psychology,07367236,1
7005004940,Harry Reis,30086,Journal of Social and Personal Relationships,02654075,10
7005004940,Harry Reis,31445,American Journal of Medicine,00029343,1
7005004940,Harry Reis,40042,Research in Nursing Health,01606891,1
7005004940,Harry Reis,5800207373,Journal of Positive Psychology,17439760,1
7005131557,Mick P. Couper,10600153309,Plos One,19326203,4
7005131557,Mick P. Couper,12134,Journal of Official Statistics,0282423X,7
7005131557,Mick P. Couper,12212,Journal of Critical Care,08839441,1
7005131557,Mick P. Couper,13479,Current Psychology,10461310,1
7005131557,Mick P. Couper,13530,Journal of the Royal Statistical Society Series A Statistics in Society,09641998,1
7005131557,Mick P. Couper,14756,Statistical Science,08834237,1
7005131557,Mick P. Couper,15453,Journal of Cross Cultural Psychology,00220221,1
7005131557,Mick P. Couper,15559,American Politics Research,1532673X,1
7005131557,Mick P. Couper,16926,American Journal of Sociology,00029602,1
7005131557,Mick P. Couper,17058,Nicotine and Tobacco Research,14622203,1
7005131557,Mick P. Couper,17785,Medical Care,00257079,1
7005131557,Mick P. Couper,17792,Medical Decision Making,0272989X,8
7005131557,Mick P. Couper,17800156703,Journal of Empirical Research on Human Research Ethics,15562646,2
7005131557,Mick P. Couper,18091,Sociological Methods and Research,00491241,4
7005131557,Mick P. Couper,18519,Journal of Asthma,02770903,1
7005131557,Mick P. Couper,18916,Social Science Computer Review,08944393,20
7005131557,Mick P. Couper,19372,Quality and Quantity,00335177,1
7005131557,Mick P. Couper,19419,Computers in Human Behavior,07475632,2
7005131557,Mick P. Couper,19700175140,Genome Medicine,1756994X,1
7005131557,Mick P. Couper,19774,International Journal of Public Opinion Research,09542892,3
7005131557,Mick P. Couper,20443,American Journal of Transplantation,16006135,2
7005131557,Mick P. Couper,20717,Epidemiology,10443983,1
7005131557,Mick P. Couper,20877,Health Education and Behavior,10901981,1
7005131557,Mick P. Couper,20885,Health Expectations,13696513,1
7005131557,Mick P. Couper,21085,Dermatologic Surgery,10760512,1
7005131557,Mick P. Couper,21100256106,Survey Research Methods,18643361,11
7005131557,Mick P. Couper,21100258404,Applied Clinical Informatics,18690327,1
7005131557,Mick P. Couper,21100305001,Longitudinal and Life Course Studies,17579597,1
7005131557,Mick P. Couper,21100403251,International Journal of Women S Dermatology,23526475,1
7005131557,Mick P. Couper,21100797724,Journal of Survey Statistics and Methodology,23250984,17
7005131557,Mick P. Couper,21100945714,Methods Data Analyses,18646956,1
7005131557,Mick P. Couper,21101140104,Drug and Alcohol Dependence Reports,27727246,1
7005131557,Mick P. Couper,22191,Genetics in Medicine,10983600,1
7005131557,Mick P. Couper,22460,Patient Education and Counseling,07383991,1
7005131557,Mick P. Couper,22819,International Journal of Market Research,14707853,1
7005131557,Mick P. Couper,23574,Public Opinion Quarterly,0033362X,16
7005131557,Mick P. Couper,23600,Journal of the American Medical Informatics Association,10675027,1
7005131557,Mick P. Couper,23709,Journal of Medical Internet Research,14388871,4
7005131557,Mick P. Couper,24745,Addiction,09652140,2
7005131557,Mick P. Couper,24763,Addictive Behaviors,03064603,1
7005131557,Mick P. Couper,25333,Journal of Studies on Alcohol,0096882X,1
7005131557,Mick P. Couper,25547,Interacting with Computers,09535438,1
7005131557,Mick P. Couper,26365,Demography,00703370,1
7005131557,Mick P. Couper,26441,Social Science Research,0049089X,5
7005131557,Mick P. Couper,26574,Annals of Internal Medicine,00034819,1
7005131557,Mick P. Couper,26575,Archives of Internal Medicine,00039926,1
7005131557,Mick P. Couper,26643,Journal of General Internal Medicine,08848734,1
7005131557,Mick P. Couper,27063,American Journal of Preventive Medicine,07493797,2
7005131557,Mick P. Couper,27094,Fiscal Studies,01435671,1
7005131557,Mick P. Couper,27204,International Journal of Social Research Methodology,13645579,1
7005131557,Mick P. Couper,27585,Journal of Lower Genital Tract Disease,10892591,1
7005131557,Mick P. Couper,28110,BMC Medical Research Methodology,14712288,1
7005131557,Mick P. Couper,29492,American Psychologist,0003066X,1
7005131557,Mick P. Couper,29615,Health Education Research,02681153,1
7005131557,Mick P. Couper,30084,Journal of Sex Research,00224499,1
7005131557,Mick P. Couper,4700151726,Trials,17456215,1
7005131557,Mick P. Couper,5600155030,New Directions for Evaluation,10976736,1
7005131557,Mick P. Couper,5600155075,Field Methods,1525822X,8
7005246359,Eli J. Finkel,12811,Personality and Social Psychology Bulletin,01461672,10
7005246359,Eli J. Finkel,13443,Psychological Bulletin,00332909,3
7005246359,Eli J. Finkel,13456,Psychological Inquiry,1047840X,3
7005246359,Eli J. Finkel,13467,Psychological Review,0033295X,2
7005246359,Eli J. Finkel,13468,Psychological Science,09567976,11
7005246359,Eli J. Finkel,13477,Current Directions in Psychological Science,09637214,5
7005246359,Eli J. Finkel,13563,Educational and Psychological Measurement,00131644,1
7005246359,Eli J. Finkel,13969,Psychological Science in the Public Interest Supplement,15291006,1
7005246359,Eli J. Finkel,14006,Psychologist,09528229,2
7005246359,Eli J. Finkel,14105,European Journal of Personality,08902070,1
7005246359,Eli J. Finkel,14117,European Journal of Social Psychology,00462772,1
7005246359,Eli J. Finkel,14698,Review of General Psychology,10892680,2
7005246359,Eli J. Finkel,15499,Journal of Experimental Social Psychology,00221031,7
7005246359,Eli J. Finkel,15965,Personal Relationships,13504126,5
7005246359,Eli J. Finkel,19419,Computers in Human Behavior,07475632,1
7005246359,Eli J. Finkel,19700182323,Perspectives on Psychological Science,17456916,2
7005246359,Eli J. Finkel,19900193555,Social Psychological and Personality Science,19485506,4
7005246359,Eli J. Finkel,21100830172,Psychology of Sexual Orientation and Gender Diversity,23290382,1
7005246359,Eli J. Finkel,21101046404,Advances in Methods and Practices in Psychological Science,25152459,1
7005246359,Eli J. Finkel,21101186976,Pnas Nexus,27526542,2
7005246359,Eli J. Finkel,21101298217,Frontiers in Social Psychology,28137876,1
7005246359,Eli J. Finkel,21121,Proceedings of the National Academy of Sciences of the United States of America,00278424,4
7005246359,Eli J. Finkel,21206,Nature,00280836,2
7005246359,Eli J. Finkel,22336,Harvard Business Review,00178012,1
7005246359,Eli J. Finkel,22899,Journal of Consumer Research,00935301,2
7005246359,Eli J. Finkel,22961,Journal of Marketing Research,00222437,1
7005246359,Eli J. Finkel,27562,Archives of Sexual Behavior,00040002,1
7005246359,Eli J. Finkel,29452,Aggressive Behavior,0096140X,1
7005246359,Eli J. Finkel,30022,Journal of Personality,00223506,1
7005246359,Eli J. Finkel,30039,Journal of Personality and Social Psychology,00223514,37
7005246359,Eli J. Finkel,30073,Journal of Research in Personality,00926566,1
7005246359,Eli J. Finkel,30086,Journal of Social and Personal Relationships,02654075,1
7005246359,Eli J. Finkel,5800207702,Interaction Studies,15720373,1
7005399282,Scott Feld,14547,Social Choice and Welfare,01761714,2
7005399282,Scott Feld,145558,Political Analysis,10471987,1
7005399282,Scott Feld,15557,American Political Science Review,00030554,5
7005399282,Scott Feld,15617,Journal of Comparative Family Studies,00472328,1
7005399282,Scott Feld,15641,Journal of Family Issues,0192513X,1
7005399282,Scott Feld,15645,Journal of Health and Social Behavior,00221465,1
7005399282,Scott Feld,15653,Journal of Marriage and Family,00222445,1
7005399282,Scott Feld,16114,Electoral Studies,02613794,1
7005399282,Scott Feld,16926,American Journal of Sociology,00029602,1
7005399282,Scott Feld,17530,Social Forces,00377732,2
7005399282,Scott Feld,18084,Sociological Forum,08848971,2
7005399282,Scott Feld,18106,Sociological Review,00380261,1
7005399282,Scott Feld,18140,Sociology of Religion A Quarterly Review,10694404,1
7005399282,Scott Feld,19318,Group Decision and Negotiation,09262644,1
7005399282,Scott Feld,19349,Journal of Mathematical Sociology,0022250X,1
7005399282,Scott Feld,19684,Criminology,00111384,1
7005399282,Scott Feld,20350,Journal of Theoretical Politics,09516298,4
7005399282,Scott Feld,20444,Legislative Studies Quarterly,03629805,1
7005399282,Scott Feld,20731,Research in Higher Education,03610365,1
7005399282,Scott Feld,21100372295,Preventive Medicine Reports,22113355,1
7005399282,Scott Feld,21100464772,Network Science,20501250,1
7005399282,Scott Feld,21101021489,Socius,23780231,1
7005399282,Scott Feld,21121,Proceedings of the National Academy of Sciences of the United States of America,00278424,2
7005399282,Scott Feld,22197,PS Political Science and Politics,10490965,1
7005399282,Scott Feld,22326,Organizational Behavior and Human Decision Processes,07495978,1
7005399282,Scott Feld,23090,Annals of Operations Research,02545330,1
7005399282,Scott Feld,23241,International Journal of Game Theory,00207276,1
7005399282,Scott Feld,23611,Public Choice,00485829,14
7005399282,Scott Feld,24558,Mathematical and Computer Modelling,08957177,1
7005399282,Scott Feld,25057,Mathematical Social Sciences,01654896,2
7005399282,Scott Feld,25330,Rationality and Society,10434631,1
7005399282,Scott Feld,25987,Social Networks,03788733,5
7005399282,Scott Feld,26603,Evaluation Review,0193841X,1
7005399282,Scott Feld,26941,Theory and Decision,00405833,2
7005399282,Scott Feld,29452,Aggressive Behavior,0096140X,1
7005399282,Scott Feld,30086,Journal of Social and Personal Relationships,02654075,1
7005399282,Scott Feld,5600155075,Field Methods,1525822X,1
7005399282,Scott Feld,97087,Organizational Behavior and Human Performance,00305073,1
7005755956,David Nickerson,10600153309,Plos One,19326203,2
7005755956,David Nickerson,14204,Nucleic Acids Research,03051048,1
7005755956,David Nickerson,14452,Simulation,00375497,1
7005755956,David Nickerson,14859,Biophysical Journal,00063495,1
7005755956,David Nickerson,14894,Journal of Biological Physics,00920606,1
7005755956,David Nickerson,14906,Progress in Biophysics and Molecular Biology,00796107,1
7005755956,David Nickerson,15099,IBM Journal of Research and Development,00188646,1
7005755956,David Nickerson,17817,Medical Engineering and Physics,13504533,1
7005755956,David Nickerson,17929,BMC Bioinformatics,14712105,4
7005755956,David Nickerson,17945,Bioinformatics,13674803,4
7005755956,David Nickerson,17956,Briefings in Bioinformatics,14675463,2
7005755956,David Nickerson,19600157019,IEEE Reviews in Biomedical Engineering,19373333,1
7005755956,David Nickerson,19700170615,Journal of Integrative Bioinformatics,16134516,12
7005755956,David Nickerson,19900195049,Standards in Genomic Sciences,19443277,1
7005755956,David Nickerson,21100201986,Interface Focus,20428898,2
7005755956,David Nickerson,21100215107,Frontiers in Physiology,1664042X,7
7005755956,David Nickerson,21100258853,F1000research,20461402,1
7005755956,David Nickerson,21100835954,Frontiers in Bioengineering and Biotechnology,22964185,2
7005755956,David Nickerson,21100875801,Npj Systems Biology and Applications,20567189,1
7005755956,David Nickerson,21101183576,Frontiers in Bioinformatics,26737647,1
7005755956,David Nickerson,23181,Europace,10995129,1
7005755956,David Nickerson,23304,Advances in Physiology Education,10434046,1
7005755956,David Nickerson,23478,Journal of Physiology,00223751,2
7005755956,David Nickerson,24562,Mathematical Biosciences,00255564,1
7005755956,David Nickerson,27474,Annals of Biomedical Engineering,00906964,1
7005755956,David Nickerson,29784,Philosophical Transactions of the Royal Society A Mathematical Physical and Engineering Sciences,1364503X,1
7005755956,David Nickerson,4000151810,Plos Computational Biology,1553734X,3
7005755956,David Nickerson,6700153291,BMC Systems Biology,17520509,1
7005895513,Fred Conrad,10600153309,Plos One,19326203,2
7005895513,Fred Conrad,12024,Applied Cognitive Psychology,08884080,2
7005895513,Fred Conrad,12059,Memory,09658211,1
7005895513,Fred Conrad,12061,Memory and Cognition,0090502X,1
7005895513,Fred Conrad,12134,Journal of Official Statistics,0282423X,6
7005895513,Fred Conrad,12874,Cognitive Science,03640213,1
7005895513,Fred Conrad,12960,International Journal of Human Computer Studies,10715819,1
7005895513,Fred Conrad,13467,Psychological Review,0033295X,2
7005895513,Fred Conrad,13468,Psychological Science,09567976,1
7005895513,Fred Conrad,13530,Journal of the Royal Statistical Society Series A Statistics in Society,09641998,2
7005895513,Fred Conrad,144820,Journal of Happiness Studies,13894978,1
7005895513,Fred Conrad,14821,Social Behavior and Personality,03012212,1
7005895513,Fred Conrad,15559,American Politics Research,1532673X,1
7005895513,Fred Conrad,16300154722,Psychology of Music,03057356,1
7005895513,Fred Conrad,16448,Journal of Urban Health,10993460,1
7005895513,Fred Conrad,18519,Journal of Asthma,02770903,1
7005895513,Fred Conrad,18916,Social Science Computer Review,08944393,9
7005895513,Fred Conrad,18983,Social Science and Medicine,02779536,1
7005895513,Fred Conrad,19372,Quality and Quantity,00335177,2
7005895513,Fred Conrad,19419,Computers in Human Behavior,07475632,2
7005895513,Fred Conrad,19621,BMC Public Health,14712458,1
7005895513,Fred Conrad,19774,International Journal of Public Opinion Research,09542892,1
7005895513,Fred Conrad,19900191735,Topics in Cognitive Science,17568757,1
7005895513,Fred Conrad,21100216571,Frontiers in Psychology,16641078,1
7005895513,Fred Conrad,21100256106,Survey Research Methods,18643361,4
7005895513,Fred Conrad,21100797724,Journal of Survey Statistics and Methodology,23250984,6
7005895513,Fred Conrad,21100886228,Policy Insights from the Behavioral and Brain Sciences,23727322,1
7005895513,Fred Conrad,21100945714,Methods Data Analyses,18646956,4
7005895513,Fred Conrad,21101185419,Technology Mind and Behavior,26890208,1
7005895513,Fred Conrad,22478,Journal of Memory and Language,0749596X,1
7005895513,Fred Conrad,22867,Political Research Quarterly,10659129,1
7005895513,Fred Conrad,23574,Public Opinion Quarterly,0033362X,10
7005895513,Fred Conrad,25547,Interacting with Computers,09535438,1
7005895513,Fred Conrad,25561,Futures,00163287,1
7005895513,Fred Conrad,25989,Discourse Processes,0163853X,1
7005895513,Fred Conrad,27204,International Journal of Social Research Methodology,13645579,3
7005895513,Fred Conrad,28110,BMC Medical Research Methodology,14712288,1
7005895513,Fred Conrad,31428,Proceedings of the ASIS Annual Meeting,00447870,1
7005895513,Fred Conrad,5600155075,Field Methods,1525822X,3
7005925692,Christian Davenport,15528,Annals of the American Academy of Political and Social Science,00027162,1
7005925692,Christian Davenport,15555,American Journal of Political Science,00925853,2
7005925692,Christian Davenport,15557,American Political Science Review,00030554,1
7005925692,Christian Davenport,16114,Electoral Studies,02613794,1
7005925692,Christian Davenport,16473,Journal of Contemporary Asia,00472336,1
7005925692,Christian Davenport,16929,American Sociological Review,00031224,1
7005925692,Christian Davenport,18983,Social Science and Medicine,02779536,1
7005925692,Christian Davenport,19637,Crime Law and Social Change,09254994,2
7005925692,Christian Davenport,19700188322,Journal of Human Rights,14754835,2
7005925692,Christian Davenport,19900188035,International Journal of Conflict and Violence,18641385,1
7005925692,Christian Davenport,20333,Journal of Politics,00223816,2
7005925692,Christian Davenport,21100244228,International Area Studies Review,22338659,1
7005925692,Christian Davenport,21101043565,Journal of Global Security Studies,20573189,1
7005925692,Christian Davenport,22197,PS Political Science and Politics,10490965,1
7005925692,Christian Davenport,22867,Political Research Quarterly,10659129,1
7005925692,Christian Davenport,23930,Conflict Management and Peace Science,07388942,2
7005925692,Christian Davenport,23991,Current History,00113530,1
7005925692,Christian Davenport,25794,International Interactions,03050629,1
7005925692,Christian Davenport,25847,International Studies Perspectives,15283577,1
7005925692,Christian Davenport,25848,International Studies Quarterly,00208833,1
7005925692,Christian Davenport,26362,Journal of Peace Research,00223433,6
7005925692,Christian Davenport,26439,Social Science Quarterly,00384941,1
7005925692,Christian Davenport,27663,Journal of Conflict Resolution,00220027,2
7005925692,Christian Davenport,28523,Terrorism and Political Violence,09546553,1
7005925692,Christian Davenport,4000151818,Mobilization,1086671X,2
7005925692,Christian Davenport,5600152888,Journal of Genocide Research,14623528,1
7005925692,Christian Davenport,5700163398,Swiss Political Science Review,14247755,1
7005925692,Christian Davenport,5800169155,Ethnopolitics,17449057,1
7006014752,John Darley,12082,Australian Journal of Psychology,00049530,1
7006014752,John Darley,12088,Basic and Applied Social Psychology,01973533,2
7006014752,John Darley,12108,Behavioral and Brain Sciences,0140525X,2
7006014752,John Darley,12776,British Journal of Social Psychology,01446665,1
7006014752,John Darley,12793,Peace and Conflict,10781919,1
7006014752,John Darley,12808,Journal of Educational Psychology,00220663,1
7006014752,John Darley,12857,Cognition,00100277,2
7006014752,John Darley,13438,Counseling Psychologist,00110000,1
7006014752,John Darley,13456,Psychological Inquiry,1047840X,2
7006014752,John Darley,13468,Psychological Science,09567976,1
7006014752,John Darley,13477,Current Directions in Psychological Science,09637214,1
7006014752,John Darley,14356,Environment and Behavior,00139165,1
7006014752,John Darley,14823,Social Cognition,0278016X,1
7006014752,John Darley,15388,Journal of Applied Psychology,00219010,1
7006014752,John Darley,15390,Journal of Applied Social Psychology,00219029,6
7006014752,John Darley,15499,Journal of Experimental Social Psychology,00221031,7
7006014752,John Darley,17534,Social Justice Research,08857466,1
7006014752,John Darley,17545,Law and Human Behavior,01477307,5
7006014752,John Darley,17591,Law and Society Review,00239216,2
7006014752,John Darley,17978,Neuron,08966273,1
7006014752,John Darley,18553,Northwestern University Law Review,00293571,1
7006014752,John Darley,19298,American Scientist,00030996,2
7006014752,John Darley,19400158521,Review of Philosophy and Psychology,18785158,1
7006014752,John Darley,20357,Journal of Criminal Law and Criminology,00914169,1
7006014752,John Darley,20377,Journal of Quantitative Criminology,07484518,1
7006014752,John Darley,21100217634,Journal of Empirical Legal Studies,17401453,2
7006014752,John Darley,22496,Journal of Psycholinguistic Research,00906905,1
7006014752,John Darley,23571,Science,00368075,1
7006014752,John Darley,24456,Child Development,00093920,1
7006014752,John Darley,24733,American Behavioral Scientist,00027642,1
7006014752,John Darley,26603,Evaluation Review,0193841X,1
7006014752,John Darley,27069,Human Relations,00187267,1
7006014752,John Darley,28181,Journal of Consumer Psychology,10577408,1
7006014752,John Darley,29348,Energy,03605442,1
7006014752,John Darley,29359,Energy and Buildings,03787788,2
7006014752,John Darley,29492,American Psychologist,0003066X,2
7006014752,John Darley,30039,Journal of Personality and Social Psychology,00223514,16
7006014752,John Darley,30088,Journal of Social Issues,00224537,2
7006014752,John Darley,5800224123,Journal of Abnormal and Social Psychology,0096851X,1
7006113711,Lee Sigelman,12853,Communication Monographs,03637751,1
7006113711,Lee Sigelman,13447,Comparative Political Studies,00104140,6
7006113711,Lee Sigelman,145663,Language Resources and Evaluation,1574020X,2
7006113711,Lee Sigelman,14798,Sex Roles,03600025,1
7006113711,Lee Sigelman,15390,Journal of Applied Social Psychology,00219029,2
7006113711,Lee Sigelman,15528,Annals of the American Academy of Political and Social Science,00027162,1
7006113711,Lee Sigelman,15555,American Journal of Political Science,00925853,4
7006113711,Lee Sigelman,15557,American Political Science Review,00030554,4
7006113711,Lee Sigelman,15559,American Politics Research,1532673X,7
7006113711,Lee Sigelman,16032,Administration Society,00953997,4
7006113711,Lee Sigelman,16232,British Journal of Political Science,00071234,1
7006113711,Lee Sigelman,16562,Armed Forces Society,0095327X,1
7006113711,Lee Sigelman,16772,Canadian Journal of Political Science,00084239,1
7006113711,Lee Sigelman,16926,American Journal of Sociology,00029602,1
7006113711,Lee Sigelman,17389,Rural Sociology,00360112,1
7006113711,Lee Sigelman,17530,Social Forces,00377732,1
7006113711,Lee Sigelman,17649,Communication Research,00936502,1
7006113711,Lee Sigelman,18083,Sociological Focus,00380237,1
7006113711,Lee Sigelman,18091,Sociological Methods Research,00491241,1
7006113711,Lee Sigelman,18103,Sociological Quarterly,00380253,1
7006113711,Lee Sigelman,18142,Sociology of Sport Journal,07411235,1
7006113711,Lee Sigelman,19372,Quality and Quantity,00335177,1
7006113711,Lee Sigelman,19692,Economics of Education Review,02727757,1
7006113711,Lee Sigelman,20333,Journal of Politics,00223816,17
7006113711,Lee Sigelman,20350,Journal of Theoretical Politics,09516298,1
7006113711,Lee Sigelman,20444,Legislative Studies Quarterly,03629805,1
7006113711,Lee Sigelman,20604,Harvard International Journal of Press Politics,1081180X,2
7006113711,Lee Sigelman,20943,Scandinavian Political Studies,00806757,1
7006113711,Lee Sigelman,21100874172,Gpsa Journal the Georgia Political Science Association,00929395,1
7006113711,Lee Sigelman,22197,PS Political Science and Politics,10490965,8
7006113711,Lee Sigelman,22706,International Journal of Forecasting,01692070,1
7006113711,Lee Sigelman,22723,Women and Politics,01957732,1
7006113711,Lee Sigelman,22832,Political Behavior,01909320,8
7006113711,Lee Sigelman,22838,Political Communication,10584609,3
7006113711,Lee Sigelman,22861,Political Psychology,0162895X,1
7006113711,Lee Sigelman,22867,Political Research Quarterly,10659129,7
7006113711,Lee Sigelman,22890,Political Studies,00323217,1
7006113711,Lee Sigelman,23528,Presidential Studies Quarterly,03604918,1
7006113711,Lee Sigelman,23574,Public Opinion Quarterly,0033362X,16
7006113711,Lee Sigelman,24351,Journal of Economic Methodology,1350178X,1
7006113711,Lee Sigelman,25493,Cross Cultural Research,10693971,1
7006113711,Lee Sigelman,26270,Journal of American Studies,00218758,1
7006113711,Lee Sigelman,26362,Journal of Peace Research,00223433,1
7006113711,Lee Sigelman,26439,Social Science Quarterly,00384941,11
7006113711,Lee Sigelman,26441,Social Science Research,0049089X,1
7006113711,Lee Sigelman,27069,Human Relations,00187267,1
7006113711,Lee Sigelman,27663,Journal of Conflict Resolution,00220027,1
7006113711,Lee Sigelman,28011,Security Studies,09636412,1
7006113711,Lee Sigelman,29643,Urban Affairs Review,10780874,3
7006113711,Lee Sigelman,30016,Journal of Nonverbal Behavior,01915886,1
7006113711,Lee Sigelman,30090,Journal of Social Psychology,00224545,1
7006113711,Lee Sigelman,38606,Behavioral Science,00057940,1
7006113711,Lee Sigelman,4700152270,State Politics and Policy Quarterly,15324400,1
7006113711,Lee Sigelman,52896,Political Geography Quarterly,02609827,1
7006113711,Lee Sigelman,5700168589,Public Budgeting Finance,02751100,1
7006113711,Lee Sigelman,5800169166,Congress and the Presidency,07343469,2
7006113711,Lee Sigelman,68473,Computers and the Humanities,00104817,4
7006113711,Lee Sigelman,72639,International Journal of Comparative Sociology,00207152,4
7006113711,Lee Sigelman,90251,Journal of Communist Studies,02684535,1
7006183542,William G. Jacoby,13563,Educational and Psychological Measurement,00131644,1
7006183542,William G. Jacoby,14061,Psychometrika,00333123,1
7006183542,William G. Jacoby,145558,Political Analysis,10471987,2
7006183542,William G. Jacoby,145663,Language Resources and Evaluation,1574020X,1
7006183542,William G. Jacoby,15555,American Journal of Political Science,00925853,3
7006183542,William G. Jacoby,15557,American Political Science Review,00030554,2
7006183542,William G. Jacoby,15823,Journal of Public Administration Research and Theory,10531858,1
7006183542,William G. Jacoby,16114,Electoral Studies,02613794,6
7006183542,William G. Jacoby,16232,British Journal of Political Science,00071234,1
7006183542,William G. Jacoby,17167,Public Administration Review,00333352,1
7006183542,William G. Jacoby,20333,Journal of Politics,00223816,4
7006183542,William G. Jacoby,22832,Political Behavior,01909320,2
7006183542,William G. Jacoby,22861,Political Psychology,0162895X,1
7006183542,William G. Jacoby,22867,Political Research Quarterly,10659129,1
7006183542,William G. Jacoby,4700152270,State Politics and Policy Quarterly,15324400,2
7006183542,William G. Jacoby,68473,Computers and the Humanities,00104817,1
7006284890,Daniel Martin,10600153309,Plos One,19326203,7
7006284890,Daniel Martin,11000153766,Rossiskii Fiziologicheski Zhurnal Imeni I M Sechenova Rossiskaia Akademiia Nauk,08698139,1
7006284890,Daniel Martin,12220,Journal of Muscle Research and Cell Motility,01424319,2
7006284890,Daniel Martin,12235,Journal of Neurotrauma,08977151,1
7006284890,Daniel Martin,12331,Current Topics in Medicinal Chemistry,15680266,1
7006284890,Daniel Martin,130034,Current Alzheimer Research,15672050,1
7006284890,Daniel Martin,14133,Molecular and Biochemical Parasitology,01666851,1
7006284890,Daniel Martin,14150,Molecular and Cellular Biology,02707306,3
7006284890,Daniel Martin,14283,Proteins Structure Function and Bioinformatics,08873585,1
7006284890,Daniel Martin,14346,Brain Research,00068993,2
7006284890,Daniel Martin,14859,Biophysical Journal,00063495,1
7006284890,Daniel Martin,15048,FASEB Journal,08926638,2
7006284890,Daniel Martin,15510,Epilepsia,00139580,1
7006284890,Daniel Martin,15686,GLIA,08941491,2
7006284890,Daniel Martin,15870,Journal of Clinical Investigation,00219738,1
7006284890,Daniel Martin,16246,Journal of Alzheimer S Disease,13872877,1
7006284890,Daniel Martin,16732,Journal of Molecular Neuroscience,08958696,2
7006284890,Daniel Martin,16749,Journal of Neuroimmunology,01655728,1
7006284890,Daniel Martin,16764,Journal of Neuroscience,02706474,3
7006284890,Daniel Martin,16789,Analytical Biochemistry,00032697,2
7006284890,Daniel Martin,16811,Archives of Biochemistry and Biophysics,00039861,4
7006284890,Daniel Martin,16845,Biochemical and Biophysical Research Communications,0006291X,1
7006284890,Daniel Martin,16867,Biochemistry,00062960,13
7006284890,Daniel Martin,16869,Biochemistry Moscow,00062979,1
7006284890,Daniel Martin,17481,FEBS Letters,00145793,4
7006284890,Daniel Martin,17486,Neurochemistry International,01970186,1
7006284890,Daniel Martin,17580,Journal of Biochemical and Biophysical Methods,0165022X,1
7006284890,Daniel Martin,17592,Journal of Biological Chemistry,00219258,16
7006284890,Daniel Martin,17598,Journal of Cellular Biochemistry,07302312,2
7006284890,Daniel Martin,17620,Journal of Neurochemistry,00223042,1
7006284890,Daniel Martin,17945,Bioinformatics,13674803,1
7006284890,Daniel Martin,17957,Computers in Biology and Medicine,00104825,1
7006284890,Daniel Martin,18004,American Journal of Respiratory Cell and Molecular Biology,10441549,2
7006284890,Daniel Martin,18054,Neuroscience Research,01680102,1
7006284890,Daniel Martin,18408,Biochimica Et Biophysica Acta Molecular Cell Research,01674889,4
7006284890,Daniel Martin,18459,Cell Motility and the Cytoskeleton,08861544,1
7006284890,Daniel Martin,18532,Experimental Cell Research,00144827,1
7006284890,Daniel Martin,18555,Journal of Cell Biology,00219525,5
7006284890,Daniel Martin,18556,Journal of Cell Science,00219533,1
7006284890,Daniel Martin,18944,Shock,10732322,1
7006284890,Daniel Martin,19600166310,EMBO Molecular Medicine,17574676,1
7006284890,Daniel Martin,19700172804,ACS Chemical Neuroscience,19487193,1
7006284890,Daniel Martin,19700174935,Alzheimer S Research and Therapy,17589193,1
7006284890,Daniel Martin,19700182758,Nature Communications,20411723,1
7006284890,Daniel Martin,19900191708,Oncotarget,19492553,1
7006284890,Daniel Martin,21100201068,Cell Reports,22111247,1
7006284890,Daniel Martin,21100262305,Clinical Pharmacology in Drug Development,2160763X,1
7006284890,Daniel Martin,21100415705,Alzheimer S and Dementia Translational Research and Clinical Interventions,23528737,1
7006284890,Daniel Martin,21100805354,Geroscience,25092715,1
7006284890,Daniel Martin,21100978391,Cells,20734409,1
7006284890,Daniel Martin,21121,Proceedings of the National Academy of Sciences of the United States of America,00278424,11
7006284890,Daniel Martin,21226,Drug Metabolism and Disposition,00909556,1
7006284890,Daniel Martin,21282,Journal of Interferon and Cytokine Research,10799907,1
7006284890,Daniel Martin,23041,Journal of Medicinal Chemistry,15204804,4
7006284890,Daniel Martin,23310,American Journal of Physiology Gastrointestinal and Liver Physiology,01931857,2
7006284890,Daniel Martin,23311,American Journal of Physiology Heart and Circulatory Physiology,03636135,1
7006284890,Daniel Martin,23326,American Journal of Physiology Lung Cellular and Molecular Physiology,10400605,1
7006284890,Daniel Martin,23405,Chemistry and Biology,10745521,1
7006284890,Daniel Martin,23985,Neurobiology of Aging,01974580,4
7006284890,Daniel Martin,24658,Acta Crystallographica Section D Biological Crystallography,09074449,1
7006284890,Daniel Martin,25786,Bioorganic and Medicinal Chemistry,09680896,3
7006284890,Daniel Martin,25788,Bioorganic and Medicinal Chemistry Letters,0960894X,2
7006284890,Daniel Martin,27062,American Journal of Pathology,00029440,2
7006284890,Daniel Martin,36753,Critical Reviews in Plant Sciences,07352689,1
7006284890,Daniel Martin,39466,Federation Proceedings,00149446,6
7006284890,Daniel Martin,39845,Nature Structural Biology,10728368,1
7006284890,Daniel Martin,50032,Journal of Neuroinflammation,17422094,6
7006284890,Daniel Martin,51013,Acta Biochimica Et Biophysica Sinica,05829879,1
7006284890,Daniel Martin,52056,Biochimica Et Biophysica Acta Protein Structure and Molecular Enzymology,01674838,2
7006284890,Daniel Martin,83545,Advances in Cyclic Nucleotide and Protein Phosphorylation Research,07477767,1
7006346448,Duane Wegener,10600153309,Plos One,19326203,4
7006346448,Duane Wegener,12057,Media Psychology,15213269,1
7006346448,Duane Wegener,12061,Memory and Cognition,0090502X,3
7006346448,Duane Wegener,12088,Basic and Applied Social Psychology,01973533,1
7006346448,Duane Wegener,12811,Personality and Social Psychology Bulletin,01461672,15
7006346448,Duane Wegener,12812,Personality and Social Psychology Review,10888683,1
7006346448,Duane Wegener,12858,Cognition and Emotion,02699931,1
7006346448,Duane Wegener,13443,Psychological Bulletin,00332909,1
7006346448,Duane Wegener,13456,Psychological Inquiry,1047840X,1
7006346448,Duane Wegener,13461,Psychological Methods,1082989X,1
7006346448,Duane Wegener,13468,Psychological Science,09567976,2
7006346448,Duane Wegener,14045,Psychology Public Policy and Law,10768971,1
7006346448,Duane Wegener,14117,European Journal of Social Psychology,00462772,2
7006346448,Duane Wegener,14277,Health Psychology,02786133,1
7006346448,Duane Wegener,146223,Behavior Research Methods,1554351X,1
7006346448,Duane Wegener,14823,Social Cognition,0278016X,2
7006346448,Duane Wegener,15476,Journal of Experimental Psychology Applied,19392192,1
7006346448,Duane Wegener,15478,Journal of Experimental Psychology General,00963445,1
7006346448,Duane Wegener,15499,Journal of Experimental Social Psychology,00221031,13
7006346448,Duane Wegener,15536,Journal of Health Psychology,13591053,1
7006346448,Duane Wegener,15700,Journal of Management Information Systems,07421222,1
7006346448,Duane Wegener,15965,Personal Relationships,13504126,1
7006346448,Duane Wegener,16440,Journal of Translational Medicine,14795876,1
7006346448,Duane Wegener,18300156710,European Review of Social Psychology,10463283,1
7006346448,Duane Wegener,19621,BMC Public Health,14712458,1
7006346448,Duane Wegener,19700175790,Revista De Psicologia Social,02134748,2
7006346448,Duane Wegener,19700188323,Nutrients,20726643,4
7006346448,Duane Wegener,19700201337,Biofuels,17597269,1
7006346448,Duane Wegener,19900192137,Social and Personality Psychology Compass,17519004,1
7006346448,Duane Wegener,19900193555,Social Psychological and Personality Science,19485506,3
7006346448,Duane Wegener,19936,Communication Theory,10503293,1
7006346448,Duane Wegener,21100200805,Scientific Reports,20452322,1
7006346448,Duane Wegener,21100216571,Frontiers in Psychology,16641078,1
7006346448,Duane Wegener,21100854892,BMC Obesity,20529538,1
7006346448,Duane Wegener,21100900345,JAMA Network Open,25743805,1
7006346448,Duane Wegener,21101021052,Journal of the Association for Consumer Research,23781815,1
7006346448,Duane Wegener,22199,European Journal of Marketing,03090566,2
7006346448,Duane Wegener,22899,Journal of Consumer Research,00935301,1
7006346448,Duane Wegener,23687,Marketing Letters,09230645,1
7006346448,Duane Wegener,27620,American Journal of Health Promotion,08901171,1
7006346448,Duane Wegener,28181,Journal of Consumer Psychology,10577408,4
7006346448,Duane Wegener,29403,Energy Policy,03014215,1
7006346448,Duane Wegener,29994,Appetite,01956663,2
7006346448,Duane Wegener,30039,Journal of Personality and Social Psychology,00223514,11
7006346448,Duane Wegener,30086,Journal of Social and Personal Relationships,02654075,1
7006346448,Duane Wegener,99014,Critical Public Health,09581596,2
7006351054,Shaun Bowler,130158,British Journal of Politics and International Relations,13691481,2
7006351054,Shaun Bowler,13447,Comparative Political Studies,00104140,3
7006351054,Shaun Bowler,15555,American Journal of Political Science,00925853,2
7006351054,Shaun Bowler,15557,American Political Science Review,00030554,1
7006351054,Shaun Bowler,15559,American Politics Research,1532673X,10
7006351054,Shaun Bowler,15731,Australian Journal of Political Science,10361146,3
7006351054,Shaun Bowler,16114,Electoral Studies,02613794,8
7006351054,Shaun Bowler,16232,British Journal of Political Science,00071234,4
7006351054,Shaun Bowler,18437,European Journal of Political Research,03044130,8
7006351054,Shaun Bowler,19875,Jcms Journal of Common Market Studies,00219886,1
7006351054,Shaun Bowler,19878,Journal of European Public Policy,13501763,1
7006351054,Shaun Bowler,19980,Economic Social Review,,1
7006351054,Shaun Bowler,20333,Journal of Politics,00223816,7
7006351054,Shaun Bowler,20444,Legislative Studies Quarterly,03629805,2
7006351054,Shaun Bowler,20733,European Journal of Public Health,11011262,1
7006351054,Shaun Bowler,21100211326,Araucaria,15756823,1
7006351054,Shaun Bowler,21100427853,Politics and Governance,21832463,1
7006351054,Shaun Bowler,21100441387,British Elections and Parties Yearbook,09682481,1
7006351054,Shaun Bowler,22199,European Journal of Marketing,03090566,1
7006351054,Shaun Bowler,22222,Parliamentary Affairs,00312290,1
7006351054,Shaun Bowler,22832,Political Behavior,01909320,8
7006351054,Shaun Bowler,22867,Political Research Quarterly,10659129,10
7006351054,Shaun Bowler,22890,Political Studies,00323217,5
7006351054,Shaun Bowler,23574,Public Opinion Quarterly,0033362X,2
7006351054,Shaun Bowler,24519,Environmental Politics,09644016,1
7006351054,Shaun Bowler,25691,West European Politics,01402382,1
7006351054,Shaun Bowler,26439,Social Science Quarterly,00384941,2
7006351054,Shaun Bowler,26459,Latin American Politics and Society,1531426X,2
7006351054,Shaun Bowler,26855,International Migration,00207985,1
7006351054,Shaun Bowler,4700152270,State Politics and Policy Quarterly,15324400,4
7006351054,Shaun Bowler,52896,Political Geography Quarterly,02609827,1
7006351054,Shaun Bowler,5600156029,Journal of Legislative Studies,13572334,3
7006351054,Shaun Bowler,5700161675,Journal of Language and Politics,15692159,1
7006351054,Shaun Bowler,5700161893,Revue Internationale De Politique Comparee,13700731,1
7006351054,Shaun Bowler,5700165635,Journal of Elections Public Opinion and Parties,17457289,1
7006351054,Shaun Bowler,5800169479,Representation,00344893,4
7006351054,Shaun Bowler,67863,Party Politics,13540688,3
7006462351,Dalton Conley,10600153309,Plos One,19326203,1
7006462351,Dalton Conley,12115,Journal of Economic and Social Measurement,07479662,1
7006462351,Dalton Conley,12602,American Journal of Human Biology,10420533,1
7006462351,Dalton Conley,13197,Nonprofit and Voluntary Sector Quarterly,08997640,1
7006462351,Dalton Conley,13217,European Journal of Health Economics,16187598,1
7006462351,Dalton Conley,13318,Hastings Center Report,00930334,1
7006462351,Dalton Conley,13358,Sociology of Education,00380407,1
7006462351,Dalton Conley,13468,Psychological Science,09567976,1
7006462351,Dalton Conley,13631,American Statistician,00031305,1
7006462351,Dalton Conley,14427,European Sociological Review,02667215,2
7006462351,Dalton Conley,145178,American Journal of Medical Genetics Part B Neuropsychiatric Genetics,15524841,1
7006462351,Dalton Conley,14750,International Journal of Epidemiology,03005771,1
7006462351,Dalton Conley,15528,Annals of the American Academy of Political and Social Science,00027162,1
7006462351,Dalton Conley,15645,Journal of Health and Social Behavior,00221465,2
7006462351,Dalton Conley,16926,American Journal of Sociology,00029602,2
7006462351,Dalton Conley,16929,American Sociological Review,00031224,1
7006462351,Dalton Conley,17382,Molecular Psychiatry,13594184,1
7006462351,Dalton Conley,17530,Social Forces,00377732,4
7006462351,Dalton Conley,17700156447,Biodemography and Social Biology,19485565,3
7006462351,Dalton Conley,18084,Sociological Forum,08848971,4
7006462351,Dalton Conley,18086,Sociological Inquiry,00380245,1
7006462351,Dalton Conley,18091,Sociological Methods and Research,00491241,1
7006462351,Dalton Conley,18928,Journal of Human Genetics,14345161,1
7006462351,Dalton Conley,18983,Social Science and Medicine,02779536,2
7006462351,Dalton Conley,18990,Nature Genetics,10614036,4
7006462351,Dalton Conley,19023,Social Biology,0037766X,1
7006462351,Dalton Conley,19692,Economics of Education Review,02727757,1
7006462351,Dalton Conley,21100200805,Scientific Reports,20452322,1
7006462351,Dalton Conley,21100242814,Elife,2050084X,1
7006462351,Dalton Conley,21100255401,Sage Open,21582440,1
7006462351,Dalton Conley,21100855741,Sociological Science,23306696,2
7006462351,Dalton Conley,21100886215,Rsf,23778253,2
7006462351,Dalton Conley,21101045327,Aera Open,23328584,1
7006462351,Dalton Conley,21101188706,Frontiers in Human Dynamics,26732726,1
7006462351,Dalton Conley,21101215100,Communications Medicine,2730664X,1
7006462351,Dalton Conley,21103,Milbank Quarterly,0887378X,1
7006462351,Dalton Conley,21121,Proceedings of the National Academy of Sciences of the United States of America,00278424,14
7006462351,Dalton Conley,21206,Nature,00280836,1
7006462351,Dalton Conley,21741,Behavior Genetics,00018244,3
7006462351,Dalton Conley,23571,Science,00368075,1
7006462351,Dalton Conley,24456,Child Development,00093920,1
7006462351,Dalton Conley,24733,American Behavioral Scientist,00027642,1
7006462351,Dalton Conley,24870,Journal of Human Resources,0022166X,1
7006462351,Dalton Conley,26041,Economics and Human Biology,1570677X,2
7006462351,Dalton Conley,26365,Demography,00703370,5
7006462351,Dalton Conley,26441,Social Science Research,0049089X,5
7006462351,Dalton Conley,27058,American Journal of Epidemiology,00029262,1
7006462351,Dalton Conley,27387,Population Research and Policy Review,01675923,1
7006462351,Dalton Conley,28181,Journal of Consumer Psychology,10577408,1
7006462351,Dalton Conley,30022,Journal of Personality,00223506,1
7006462351,Dalton Conley,4000148017,Journal of Bioethical Inquiry,11767529,1
7006462351,Dalton Conley,4100151507,Research in Social Stratification and Mobility,02765624,1
7006462351,Dalton Conley,4400151503,Federal Reserve Bank of St Louis Review,00149187,1
7006462351,Dalton Conley,4700153008,Nation,00278378,1
7006618461,Galen V. Bodenhausen,1100147103,Analyses of Social Issues and Public Policy,15297489,1
7006618461,Galen V. Bodenhausen,12059,Memory,09658211,1
7006618461,Galen V. Bodenhausen,12103,Behavior Research Methods Instruments Computers,07433808,1
7006618461,Galen V. Bodenhausen,12775,British Journal of Psychology,20448295,1
7006618461,Galen V. Bodenhausen,12857,Cognition,00100277,3
7006618461,Galen V. Bodenhausen,13401,Consciousness and Cognition,10538100,1
7006618461,Galen V. Bodenhausen,13443,Psychological Bulletin,00332909,1
7006618461,Galen V. Bodenhausen,13468,Psychological Science,09567976,12
7006618461,Galen V. Bodenhausen,13479,Current Psychology,10461310,1
7006618461,Galen V. Bodenhausen,13503,Developmental Science,1363755X,1
7006618461,Galen V. Bodenhausen,14062,Psychonomic Bulletin and Review,10699384,1
7006618461,Galen V. Bodenhausen,14117,European Journal of Social Psychology,00462772,2
7006618461,Galen V. Bodenhausen,14798,Sex Roles,03600025,1
7006618461,Galen V. Bodenhausen,14823,Social Cognition,0278016X,6
7006618461,Galen V. Bodenhausen,14946,Group Processes Intergroup Relations,13684302,2
7006618461,Galen V. Bodenhausen,15390,Journal of Applied Social Psychology,00219029,2
7006618461,Galen V. Bodenhausen,15478,Journal of Experimental Psychology General,00963445,1
7006618461,Galen V. Bodenhausen,15499,Journal of Experimental Social Psychology,00221031,12
7006618461,Galen V. Bodenhausen,15546,European Archives of Psychiatry and Clinical Neuroscience,09401334,1
7006618461,Galen V. Bodenhausen,16249,Journal of Behavior Therapy and Experimental Psychiatry,00057916,1
7006618461,Galen V. Bodenhausen,16734,Journal of Nervous and Mental Disease,00223018,1
7006618461,Galen V. Bodenhausen,18300156710,European Review of Social Psychology,10463283,1
7006618461,Galen V. Bodenhausen,18729,Psychiatry Research,01651781,3
7006618461,Galen V. Bodenhausen,18747,Psychophysiology,00485772,1
7006618461,Galen V. Bodenhausen,19355,Schizophrenia Research,09209964,1
7006618461,Galen V. Bodenhausen,19900191715,Wiley Interdisciplinary Reviews Cognitive Science,19395078,1
7006618461,Galen V. Bodenhausen,19900192137,Social and Personality Psychology Compass,17519004,3
7006618461,Galen V. Bodenhausen,19900193555,Social Psychological and Personality Science,19485506,1
7006618461,Galen V. Bodenhausen,21100216571,Frontiers in Psychology,16641078,3
7006618461,Galen V. Bodenhausen,22326,Organizational Behavior and Human Decision Processes,07495978,1
7006618461,Galen V. Bodenhausen,23571,Science,00368075,1
7006618461,Galen V. Bodenhausen,24385,Journal of the Academy of Marketing Science,00920703,1
7006618461,Galen V. Bodenhausen,24696,World Futures,02604027,1
7006618461,Galen V. Bodenhausen,29452,Aggressive Behavior,0096140X,1
7006618461,Galen V. Bodenhausen,30039,Journal of Personality and Social Psychology,00223514,21
7006618461,Galen V. Bodenhausen,5700166187,Du Bois Review,1742058X,1
7006638289,Jeremy Freese,10600153309,Plos One,19326203,1
7006638289,Jeremy Freese,13318,Hastings Center Report,00930334,1
7006638289,Jeremy Freese,13408,Health Services Research,00179124,1
7006638289,Jeremy Freese,13468,Psychological Science,09567976,1
7006638289,Jeremy Freese,14105,European Journal of Personality,08902070,1
7006638289,Jeremy Freese,15645,Journal of Health and Social Behavior,00221465,2
7006638289,Jeremy Freese,16926,American Journal of Sociology,00029602,3
7006638289,Jeremy Freese,16929,American Sociological Review,00031224,5
7006638289,Jeremy Freese,17409,Poetics,0304422X,1
7006638289,Jeremy Freese,17530,Social Forces,00377732,3
7006638289,Jeremy Freese,17562,Social Psychology Quarterly,01902725,2
7006638289,Jeremy Freese,17681,Contemporary Sociology,00943061,1
7006638289,Jeremy Freese,18090,Sociological Methodology,00811750,1
7006638289,Jeremy Freese,18091,Sociological Methods and Research,00491241,2
7006638289,Jeremy Freese,18110,Sociological Theory,07352751,1
7006638289,Jeremy Freese,18138,Sociology of Health and Illness,01419889,1
7006638289,Jeremy Freese,18983,Social Science and Medicine,02779536,4
7006638289,Jeremy Freese,18990,Nature Genetics,10614036,2
7006638289,Jeremy Freese,19561,American Journal of Public Health,00900036,1
7006638289,Jeremy Freese,19700188368,Genes,20734425,1
7006638289,Jeremy Freese,19700200701,Annual Review of Economics,19411383,1
7006638289,Jeremy Freese,21100255401,Sage Open,21582440,1
7006638289,Jeremy Freese,21100835891,Journal of Experimental Political Science,20522630,1
7006638289,Jeremy Freese,21100838541,Nature Human Behaviour,23973374,1
7006638289,Jeremy Freese,21100855741,Sociological Science,23306696,3
7006638289,Jeremy Freese,21101021489,Socius,23780231,3
7006638289,Jeremy Freese,21101186976,Pnas Nexus,27526542,1
7006638289,Jeremy Freese,21121,Proceedings of the National Academy of Sciences of the United States of America,00278424,5
7006638289,Jeremy Freese,21206,Nature,00280836,1
7006638289,Jeremy Freese,21503,Evolution and Human Behavior,10905138,1
7006638289,Jeremy Freese,23144,Language in Society,00474045,1
7006638289,Jeremy Freese,23574,Public Opinion Quarterly,0033362X,1
7006638289,Jeremy Freese,24733,American Behavioral Scientist,00027642,1
7006638289,Jeremy Freese,24791,Alcoholism Clinical and Experimental Research,01456008,1
7006638289,Jeremy Freese,26365,Demography,00703370,1
7006638289,Jeremy Freese,26441,Social Science Research,0049089X,3
7006638289,Jeremy Freese,26643,Journal of General Internal Medicine,08848734,1
7006638289,Jeremy Freese,30022,Journal of Personality,00223506,1
7006638289,Jeremy Freese,30073,Journal of Research in Personality,00926566,1
7006638289,Jeremy Freese,30084,Journal of Sex Research,00224499,1
7006638289,Jeremy Freese,4400151715,Stata Journal,1536867X,1
7006663246,John Geer,15555,American Journal of Political Science,00925853,2
7006663246,John Geer,15559,American Politics Research,1532673X,2
7006663246,John Geer,16114,Electoral Studies,02613794,1
7006663246,John Geer,16232,British Journal of Political Science,00071234,1
7006663246,John Geer,20333,Journal of Politics,00223816,3
7006663246,John Geer,22832,Political Behavior,01909320,3
7006663246,John Geer,22838,Political Communication,10584609,2
7006663246,John Geer,22861,Political Psychology,0162895X,1
7006663246,John Geer,22867,Political Research Quarterly,10659129,1
7006663246,John Geer,23574,Public Opinion Quarterly,0033362X,3
7006663246,John Geer,24830,Journal of Social Philosophy,00472786,1
7006796248,Allyson L. Holbrook,15453,Journal of Cross Cultural Psychology,00220221,1
7006796248,Allyson L. Holbrook,15499,Journal of Experimental Social Psychology,00221031,1
7006796248,Allyson L. Holbrook,15555,American Journal of Political Science,00925853,1
7006796248,Allyson L. Holbrook,16051,American Review of Public Administration,02750740,1
7006796248,Allyson L. Holbrook,17534,Social Justice Research,08857466,1
7006796248,Allyson L. Holbrook,19569,Annals of Epidemiology,10472797,1
7006796248,Allyson L. Holbrook,21100256106,Survey Research Methods,18643361,1
7006796248,Allyson L. Holbrook,21100945714,Methods Data Analyses,18646956,1
7006796248,Allyson L. Holbrook,22370,Public Understanding of Science,09636625,1
7006796248,Allyson L. Holbrook,22832,Political Behavior,01909320,1
7006796248,Allyson L. Holbrook,22839,International Marketing Review,02651335,1
7006796248,Allyson L. Holbrook,23574,Public Opinion Quarterly,0033362X,6
7006796248,Allyson L. Holbrook,26441,Social Science Research,0049089X,1
7006796248,Allyson L. Holbrook,26603,Evaluation Review,0193841X,1
7006796248,Allyson L. Holbrook,2700147401,Journal of Immigrant and Minority Health,15571912,1
7006796248,Allyson L. Holbrook,30039,Journal of Personality and Social Psychology,00223514,2
7006796248,Allyson L. Holbrook,5700168589,Public Budgeting and Finance,02751100,1
7006946392,Christopher Bryan,12212,Journal of Critical Care,08839441,1
7006946392,Christopher Bryan,15816,Journal of the National Medical Association,00279684,1
7006946392,Christopher Bryan,16590,Lancet,01406736,2
7006946392,Christopher Bryan,18429,Chest,00123692,1
7006946392,Christopher Bryan,19102,Mount Sinai Journal of Medicine,00272507,4
7006946392,Christopher Bryan,20442,American Journal of Surgery,00029610,1
7006946392,Christopher Bryan,20485,Annals of Surgery,00034932,1
7006946392,Christopher Bryan,20489,Annals of Thoracic Surgery,00034975,1
7006946392,Christopher Bryan,21846,Anesthesiology,00033022,2
7006946392,Christopher Bryan,21847,Anesthesiology Clinics of North America,08898537,1
7006946392,Christopher Bryan,21894,International Anesthesiology Clinics,00205907,1
7006946392,Christopher Bryan,21910,Journal of Clinical Anesthesia,09528180,1
7006946392,Christopher Bryan,22305,Surgery,00396060,1
7006946392,Christopher Bryan,22983,Journal of Clinical Pharmacology,00912700,1
7006946392,Christopher Bryan,27707,Heart and Lung Journal of Acute and Critical Care,01479563,2
7006946392,Christopher Bryan,29915,Critical Care Clinics,07490704,1
7006946392,Christopher Bryan,29916,Critical Care Medicine,00903493,9
7006946392,Christopher Bryan,33489,Surgery Gynecology and Obstetrics,00396087,3
7006946392,Christopher Bryan,35640,Medical Instrumentation,00906689,1
7006946392,Christopher Bryan,36004,Semin Drug Treatm,,3
7006946392,Christopher Bryan,36099,Archives of Pathology and Laboratory Medicine,00039985,1
7006946392,Christopher Bryan,38822,Surgical Forum,00718041,1
7006946392,Christopher Bryan,39592,Acute Care,02540819,1
7006946392,Christopher Bryan,79491,Bailliere S Clinical Anaesthesiology,09503501,1
7006948637,Peter Bearman,10600153309,Plos One,19326203,2
7006948637,Peter Bearman,13892,International Journal of Urban and Regional Research,03091317,1
7006948637,Peter Bearman,14750,International Journal of Epidemiology,03005771,3
7006948637,Peter Bearman,15357,Journal of Adolescent Health,1054139X,1
7006948637,Peter Bearman,15756,Pediatrics,00314005,3
7006948637,Peter Bearman,15896,Journal of Epidemiology and Community Health,0143005X,1
7006948637,Peter Bearman,16926,American Journal of Sociology,00029602,8
7006948637,Peter Bearman,16929,American Sociological Review,00031224,5
7006948637,Peter Bearman,17409,Poetics,0304422X,2
7006948637,Peter Bearman,17530,Social Forces,00377732,3
7006948637,Peter Bearman,17562,Social Psychology Quarterly,01902725,1
7006948637,Peter Bearman,18084,Sociological Forum,08848971,3
7006948637,Peter Bearman,18091,Sociological Methods and Research,00491241,1
7006948637,Peter Bearman,18110,Sociological Theory,07352751,1
7006948637,Peter Bearman,18162,Sotsiologicheskie Issledovaniya,01321625,1
7006948637,Peter Bearman,18700156723,Nassp Bulletin,01926365,1
7006948637,Peter Bearman,18983,Social Science and Medicine,02779536,2
7006948637,Peter Bearman,19561,American Journal of Public Health,00900036,3
7006948637,Peter Bearman,20833,Health Affairs,02782715,1
7006948637,Peter Bearman,21100443787,Ssm Population Health,23528273,1
7006948637,Peter Bearman,21100855741,Sociological Science,23306696,4
7006948637,Peter Bearman,21101183660,Ajpm Focus,27730654,1
7006948637,Peter Bearman,21121,Proceedings of the National Academy of Sciences of the United States of America,00278424,7
7006948637,Peter Bearman,22111,Journal of Autism and Developmental Disorders,01623257,1
7006948637,Peter Bearman,25823,Complexity,10762787,1
7006948637,Peter Bearman,25987,Social Networks,03788733,1
7006948637,Peter Bearman,26365,Demography,00703370,1
7006948637,Peter Bearman,27058,American Journal of Epidemiology,00029262,2
7006948637,Peter Bearman,27063,American Journal of Preventive Medicine,07493797,1
7006948637,Peter Bearman,27505,Human Reproduction,02681161,1
7006948637,Peter Bearman,28122,Perspectives on Sexual and Reproductive Health,15386341,1
7006948637,Peter Bearman,29102,Health and Place,13538292,1
7006948637,Peter Bearman,29434,American Journal of Education,01956744,1
7006948637,Peter Bearman,51748,BMJ Online,17561833,1
7006948637,Peter Bearman,5600153109,Sociologica,19718853,2
7006948637,Peter Bearman,85291,JAMA,00987484,2
7006968287,Lester K. Spence,15528,Annals of the American Academy of Political and Social Science,00027162,1
7006968287,Lester K. Spence,15559,American Politics Research,1532673X,1
7006968287,Lester K. Spence,22867,Political Research Quarterly,10659129,1
7006968287,Lester K. Spence,23484,Polity,00323497,1
7006968287,Lester K. Spence,27944,Review of International Studies,02602105,1
7006968287,Lester K. Spence,29643,Urban Affairs Review,10780874,1
7006968287,Lester K. Spence,5700163232,Contemporary Political Theory,14708914,1
7006968287,Lester K. Spence,5700166187,Du Bois Review,1742058X,1
7006968287,Lester K. Spence,5700168298,Souls,10999949,2
7006971308,Amy Gangl,22832,Political Behavior,01909320,1
7006971308,Amy Gangl,22861,Political Psychology,0162895X,1
7006971308,Amy Gangl,23574,Public Opinion Quarterly,0033362X,1
7006971308,Amy Gangl,30088,Journal of Social Issues,00224537,1
7007130840,Daniel Houser,100147301,Cesifo Economic Studies,1610241X,1
7007130840,Daniel Houser,10600153309,Plos One,19326203,6
7007130840,Daniel Houser,11500153504,International Review of Economics,18651704,1
7007130840,Daniel Houser,11800154541,Econ Journal Watch,1933527X,1
7007130840,Daniel Houser,12145,Biological Psychology,03010511,1
7007130840,Daniel Houser,130030,Proceedings of the Royal Society B Biological Sciences,09628452,2
7007130840,Daniel Houser,14075,Emotion,15283542,1
7007130840,Daniel Houser,14105,European Journal of Personality,08902070,1
7007130840,Daniel Houser,14194,Games and Economic Behavior,08998256,6
7007130840,Daniel Houser,14971,European Journal of Finance,1351847X,1
7007130840,Daniel Houser,15555,American Journal of Political Science,00925853,2
7007130840,Daniel Houser,17500,Journal of Finance,00221082,1
7007130840,Daniel Houser,17534,Social Justice Research,08857466,1
7007130840,Daniel Houser,18299,American Journal of Economics and Sociology,00029246,1
7007130840,Daniel Houser,18768,Applied Economics,00036846,1
7007130840,Daniel Houser,19482,Econometrica,00129682,1
7007130840,Daniel Houser,19700166619,Journal of Neuroscience Psychology and Economics,1937321X,1
7007130840,Daniel Houser,20002,Economic Inquiry,00952583,1
7007130840,Daniel Houser,20749,European Economic Review,00142921,6
7007130840,Daniel Houser,21100821131,Review of Behavioral Finance,19405979,1
7007130840,Daniel Houser,21100886532,Economic and Political Studies,20954816,1
7007130840,Daniel Houser,21121,Proceedings of the National Academy of Sciences of the United States of America,00278424,6
7007130840,Daniel Houser,21149,Leadership Quarterly,10489843,2
7007130840,Daniel Houser,21503,Evolution and Human Behavior,10905138,1
7007130840,Daniel Houser,22697,American Economic Review,00028282,1
7007130840,Daniel Houser,22915,Journal of Economic Psychology,01674870,3
7007130840,Daniel Houser,23611,Public Choice,00485829,4
7007130840,Daniel Houser,23666,International Economic Review,00206598,1
7007130840,Daniel Houser,23861,Journal of Comparitive Economics,01475967,1
7007130840,Daniel Houser,23865,Journal of Economic Behavior and Organization,01672681,29
7007130840,Daniel Houser,24982,Singapore Economic Review,02175908,1
7007130840,Daniel Houser,25330,Rationality and Society,10434631,1
7007130840,Daniel Houser,25494,Southern Economic Journal,00384038,1
7007130840,Daniel Houser,26362,Journal of Peace Research,00223433,1
7007130840,Daniel Houser,27162,Journal of Business and Economic Statistics,07350015,1
7007130840,Daniel Houser,28490,Economics Letters,01651765,5
7007130840,Daniel Houser,28527,Experimental Economics,13864157,5
7007130840,Daniel Houser,28921,Communications in Statistics Theory and Methods,03610926,1
7007130840,Daniel Houser,28973,Journal of Econometrics,03044076,1
7007130840,Daniel Houser,28988,Journal of Economics and Management Strategy,10586407,1
7007130840,Daniel Houser,29009,Journal of Public Economics,00472727,1
7007130840,Daniel Houser,29011,Journal of Risk and Uncertainty,08955646,1
7007130840,Daniel Houser,5600152814,Journal of Public Economic Theory,10973923,1
7007130840,Daniel Houser,64461,European Journal of Political Economy,01762680,1
7101639679,Glenn D. Reeder,10600153309,Plos One,19326203,1
7101639679,Glenn D. Reeder,12088,Basic and Applied Social Psychology,01973533,2
7101639679,Glenn D. Reeder,12776,British Journal of Social Psychology,01446665,1
7101639679,Glenn D. Reeder,12808,Journal of Educational Psychology,00220663,1
7101639679,Glenn D. Reeder,12811,Personality and Social Psychology Bulletin,01461672,2
7101639679,Glenn D. Reeder,13339,Professional Psychology Research and Practice,07357028,1
7101639679,Glenn D. Reeder,13456,Psychological Inquiry,1047840X,1
7101639679,Glenn D. Reeder,13467,Psychological Review,0033295X,1
7101639679,Glenn D. Reeder,14356,Environment and Behavior,00139165,1
7101639679,Glenn D. Reeder,14779,School Psychology Review,02796015,1
7101639679,Glenn D. Reeder,15390,Journal of Applied Social Psychology,00219029,1
7101639679,Glenn D. Reeder,15499,Journal of Experimental Social Psychology,00221031,9
7101639679,Glenn D. Reeder,17545,Law and Human Behavior,01477307,1
7101639679,Glenn D. Reeder,18300156710,European Review of Social Psychology,10463283,1
7101639679,Glenn D. Reeder,18700156723,Nassp Bulletin,01926365,1
7101639679,Glenn D. Reeder,19545,AIDS Education and Prevention,08999546,3
7101639679,Glenn D. Reeder,19700175790,Revista De Psicologia Social,02134748,1
7101639679,Glenn D. Reeder,19900193555,Social Psychological and Personality Science,19485506,1
7101639679,Glenn D. Reeder,20927,Yale Journal of Biology and Medicine,00440086,1
7101639679,Glenn D. Reeder,24733,American Behavioral Scientist,00027642,1
7101639679,Glenn D. Reeder,26437,Social Science Journal,03623319,1
7101639679,Glenn D. Reeder,29278,Journal of Occupational and Environmental Hygiene,15459624,1
7101639679,Glenn D. Reeder,29291,Community Mental Health Journal,00103853,1
7101639679,Glenn D. Reeder,30039,Journal of Personality and Social Psychology,00223514,9
7101639679,Glenn D. Reeder,30073,Journal of Research in Personality,00926566,2
7101639679,Glenn D. Reeder,30088,Journal of Social Issues,00224537,1
7101639679,Glenn D. Reeder,30090,Journal of Social Psychology,00224545,1
7101639679,Glenn D. Reeder,7000153281,Mens Sana Monographs,09731229,1
7101761139,Penny S. Visser,12776,British Journal of Social Psychology,01446665,1
7101761139,Penny S. Visser,12811,Personality and Social Psychology Bulletin,01461672,3
7101761139,Penny S. Visser,12812,Personality and Social Psychology Review,10888683,1
7101761139,Penny S. Visser,14035,Psychology of Women Quarterly,03616843,1
7101761139,Penny S. Visser,15499,Journal of Experimental Social Psychology,00221031,5
7101761139,Penny S. Visser,15555,American Journal of Political Science,00925853,1
7101761139,Penny S. Visser,15557,American Political Science Review,00030554,1
7101761139,Penny S. Visser,18300156710,European Review of Social Psychology,10463283,1
7101761139,Penny S. Visser,20928,Environmental and Resource Economics,09246460,1
7101761139,Penny S. Visser,22370,Public Understanding of Science,09636625,1
7101761139,Penny S. Visser,23574,Public Opinion Quarterly,0033362X,1
7101761139,Penny S. Visser,30039,Journal of Personality and Social Psychology,00223514,6
7101761139,Penny S. Visser,5800179627,Self and Identity,15298868,1
7101899052,S. Christian Wheeler,12811,Personality and Social Psychology Bulletin,01461672,4
7101899052,S. Christian Wheeler,12812,Personality and Social Psychology Review,10888683,1
7101899052,S. Christian Wheeler,13443,Psychological Bulletin,00332909,1
7101899052,S. Christian Wheeler,14062,Psychonomic Bulletin and Review,10699384,1
7101899052,S. Christian Wheeler,15478,Journal of Experimental Psychology General,00963445,1
7101899052,S. Christian Wheeler,15499,Journal of Experimental Social Psychology,00221031,11
7101899052,S. Christian Wheeler,21100200805,Scientific Reports,20452322,1
7101899052,S. Christian Wheeler,21121,Proceedings of the National Academy of Sciences of the United States of America,00278424,1
7101899052,S. Christian Wheeler,22326,Organizational Behavior and Human Decision Processes,07495978,1
7101899052,S. Christian Wheeler,22899,Journal of Consumer Research,00935301,5
7101899052,S. Christian Wheeler,22961,Journal of Marketing Research,00222437,1
7101899052,S. Christian Wheeler,23714,Marketing Science,07322399,1
7101899052,S. Christian Wheeler,28181,Journal of Consumer Psychology,10577408,4
7101899052,S. Christian Wheeler,30039,Journal of Personality and Social Psychology,00223514,5
7102161607,William Howell,11600153640,Quarterly Journal of Political Science,15540626,1
7102161607,William Howell,144907,Peabody Journal of Education,0161956X,1
7102161607,William Howell,15555,American Journal of Political Science,00925853,4
7102161607,William Howell,15557,American Political Science Review,00030554,1
7102161607,William Howell,15821,Journal of Policy Analysis and Management,02768739,3
7102161607,William Howell,16242,Journal of Law Economics and Organization,87566222,2
7102161607,William Howell,19711,Education Next,15399672,2
7102161607,William Howell,20333,Journal of Politics,00223816,3
7102161607,William Howell,21100870919,Political Science Research and Methods,20498470,1
7102161607,William Howell,21101186976,Pnas Nexus,27526542,1
7102161607,William Howell,22197,PS Political Science and Politics,10490965,1
7102161607,William Howell,22889,Political Science Quarterly,00323195,2
7102161607,William Howell,23528,Presidential Studies Quarterly,03604918,6
7102161607,William Howell,23574,Public Opinion Quarterly,0033362X,1
7102161607,William Howell,4700152270,State Politics and Policy Quarterly,15324400,1
7102183312,Beth Simmons,130056,Journal of International Criminal Justice,14781387,1
7102183312,Beth Simmons,15528,Annals of the American Academy of Political and Social Science,00027162,1
7102183312,Beth Simmons,15555,American Journal of Political Science,00925853,3
7102183312,Beth Simmons,15557,American Political Science Review,00030554,1
7102183312,Beth Simmons,16269,Journal of Legal Studies,00472530,1
7102183312,Beth Simmons,17521,Law and Contemporary Problems,00239186,1
7102183312,Beth Simmons,20383,Temple Law Review,08998086,1
7102183312,Beth Simmons,21101043565,Journal of Global Security Studies,20573189,1
7102183312,Beth Simmons,21121,Proceedings of the National Academy of Sciences of the United States of America,00278424,3
7102183312,Beth Simmons,24592,European Journal of International Relations,13540661,1
7102183312,Beth Simmons,24762,Human Rights Quarterly,02750392,1
7102183312,Beth Simmons,25725,World Politics,00438871,1
7102183312,Beth Simmons,25848,International Studies Quarterly,00208833,4
7102183312,Beth Simmons,25849,International Studies Review,15219488,1
7102183312,Beth Simmons,26299,Harvard International Law Journal,00178063,1
7102183312,Beth Simmons,26362,Journal of Peace Research,00223433,1
7102183312,Beth Simmons,27663,Journal of Conflict Resolution,00220027,2
7102183312,Beth Simmons,39139,International Organization,00208183,11
7102228823,Julie Downs,12023,Applied and Preventive Psychology,09621849,1
7102228823,Julie Downs,13468,Psychological Science,09567976,1
7102228823,Julie Downs,14035,Psychology of Women Quarterly,03616843,1
7102228823,Julie Downs,14062,Psychonomic Bulletin and Review,10699384,1
7102228823,Julie Downs,14117,European Journal of Social Psychology,00462772,1
7102228823,Julie Downs,14446,Technology and Disability,10554181,1
7102228823,Julie Downs,145631,Journal of HIV AIDS Prevention in Children and Youth,15538346,1
7102228823,Julie Downs,15113,Journal of Pediatric and Adolescent Gynecology,10833188,1
7102228823,Julie Downs,15357,Journal of Adolescent Health,1054139X,2
7102228823,Julie Downs,15631,International Journal of Information Management,02684012,1
7102228823,Julie Downs,17792,Medical Decision Making,0272989X,3
7102228823,Julie Downs,18983,Social Science and Medicine,02779536,1
7102228823,Julie Downs,19016,Methods of Information in Medicine,00261270,1
7102228823,Julie Downs,19558,Journal of Women S Health,15409996,1
7102228823,Julie Downs,19561,American Journal of Public Health,00900036,1
7102228823,Julie Downs,19700174918,Clinical and Translational Science,17528054,1
7102228823,Julie Downs,19700186855,ACM Transactions on Accessible Computing,19367228,1
7102228823,Julie Downs,19800188003,BMJ Open,20446055,1
7102228823,Julie Downs,19900191767,American Economic Journal Applied Economics,19457782,1
7102228823,Julie Downs,20228,Emerging Infectious Diseases,10806040,1
7102228823,Julie Downs,20537,Journal of Behavioral Decision Making,08943257,1
7102228823,Julie Downs,21100781509,Journal of Public Policy and Marketing,07439156,1
7102228823,Julie Downs,21100829907,American Journal of Health Economics,23323493,1
7102228823,Julie Downs,21100902636,Behavioral Science and Policy,23794607,1
7102228823,Julie Downs,21101028582,Jmir Formative Research,2561326X,1
7102228823,Julie Downs,21101094825,Acr Open Rheumatology,25785745,1
7102228823,Julie Downs,21121,Proceedings of the National Academy of Sciences of the United States of America,00278424,1
7102228823,Julie Downs,21376,Vaccine,0264410X,1
7102228823,Julie Downs,21759,Journal of Consumer Affairs,00220078,1
7102228823,Julie Downs,21834,Current HIV Research,1570162X,1
7102228823,Julie Downs,21878,Focus San Francisco Calif,10470719,1
7102228823,Julie Downs,21905,Journal of Public Health Management and Practice,10784659,2
7102228823,Julie Downs,22915,Journal of Economic Psychology,01674870,1
7102228823,Julie Downs,22961,Journal of Marketing Research,00222437,2
7102228823,Julie Downs,23574,Public Opinion Quarterly,0033362X,1
7102228823,Julie Downs,25491,Diabetes Care,01495992,1
7102228823,Julie Downs,25504,Diabetes Educator,01457217,2
7102228823,Julie Downs,26372,Risk Analysis,02724332,1
7102228823,Julie Downs,28916,IEEE Security and Privacy,15407993,1
7102228823,Julie Downs,29916,Critical Care Medicine,00903493,1
7102228823,Julie Downs,30406,Journal of the American Osteopathic Association,00986151,1
7102228823,Julie Downs,7400153102,AMIA Annual Symposium Proceedings AMIA Symposium,1942597X,2
7102228823,Julie Downs,94567,Journal of the American College Health Association,07448481,1
7102429358,Todd Donovan,10600153309,Plos One,19326203,1
7102429358,Todd Donovan,15555,American Journal of Political Science,00925853,1
7102429358,Todd Donovan,15559,American Politics Research,1532673X,11
7102429358,Todd Donovan,15731,Australian Journal of Political Science,10361146,3
7102429358,Todd Donovan,16114,Electoral Studies,02613794,7
7102429358,Todd Donovan,16232,British Journal of Political Science,00071234,2
7102429358,Todd Donovan,18437,European Journal of Political Research,03044130,3
7102429358,Todd Donovan,20333,Journal of Politics,00223816,6
7102429358,Todd Donovan,21100427853,Politics and Governance,21832463,1
7102429358,Todd Donovan,22197,PS Political Science and Politics,10490965,1
7102429358,Todd Donovan,22199,European Journal of Marketing,03090566,1
7102429358,Todd Donovan,22222,Parliamentary Affairs,00312290,1
7102429358,Todd Donovan,22832,Political Behavior,01909320,1
7102429358,Todd Donovan,22867,Political Research Quarterly,10659129,8
7102429358,Todd Donovan,22888,Political Science,00323187,1
7102429358,Todd Donovan,22889,Political Science Quarterly,00323195,1
7102429358,Todd Donovan,22890,Political Studies,00323217,2
7102429358,Todd Donovan,23528,Presidential Studies Quarterly,03604918,2
7102429358,Todd Donovan,23574,Public Opinion Quarterly,0033362X,2
7102429358,Todd Donovan,25691,West European Politics,01402382,1
7102429358,Todd Donovan,26439,Social Science Quarterly,00384941,3
7102429358,Todd Donovan,29643,Urban Affairs Review,10780874,1
7102429358,Todd Donovan,4700152270,State Politics and Policy Quarterly,15324400,4
7102429358,Todd Donovan,5700165635,Journal of Elections Public Opinion and Parties,17457289,2
7102429358,Todd Donovan,5800169479,Representation,00344893,3
7102429358,Todd Donovan,67863,Party Politics,13540688,6
7102611306,Christine Horne,13480,Current Research in Social Psychology,10887423,1
7102611306,Christine Horne,14427,European Sociological Review,02667215,2
7102611306,Christine Horne,15653,Journal of Marriage and Family,00222445,1
7102611306,Christine Horne,16929,American Sociological Review,00031224,1
7102611306,Christine Horne,17409,Poetics,0304422X,1
7102611306,Christine Horne,17560,Social Problems,00377791,1
7102611306,Christine Horne,17562,Social Psychology Quarterly,01902725,4
7102611306,Christine Horne,18102,Sociological Perspectives,07311214,1
7102611306,Christine Horne,19372,Quality and Quantity,00335177,1
7102611306,Christine Horne,200147110,Information Communication and Society,1369118X,1
7102611306,Christine Horne,21100325067,Energy Research and Social Science,22146296,1
7102611306,Christine Horne,21100870585,Environmental Sociology,23251042,1
7102611306,Christine Horne,21101021489,Socius,23780231,4
7102611306,Christine Horne,24519,Environmental Politics,09644016,1
7102611306,Christine Horne,24733,American Behavioral Scientist,00027642,1
7102611306,Christine Horne,25330,Rationality and Society,10434631,4
7102611306,Christine Horne,25848,International Studies Quarterly,00208833,1
7102611306,Christine Horne,26361,Demographic Research,14359871,1
7102611306,Christine Horne,26441,Social Science Research,0049089X,3
7102611306,Christine Horne,26824,Genus,00166987,1
7102611306,Christine Horne,28801,Applied Energy,03062619,1
7102611306,Christine Horne,29403,Energy Policy,03014215,2
7102611306,Christine Horne,29861,Organization and Environment,10860266,1
7102611306,Christine Horne,5700154184,Legal Theory,13523252,1
7102611306,Christine Horne,5700163398,Swiss Political Science Review,14247755,1
7102611306,Christine Horne,6700153284,Social Influence,15534510,1
7102655752,Sarah Birch,12177,Climatic Change,01650009,1
7102655752,Sarah Birch,13447,Comparative Political Studies,00104140,3
7102655752,Sarah Birch,144984,Res Publica,13564765,1
7102655752,Sarah Birch,145677,Public Policy Research,17445396,1
7102655752,Sarah Birch,16114,Electoral Studies,02613794,7
7102655752,Sarah Birch,18437,European Journal of Political Research,03044130,4
7102655752,Sarah Birch,20444,Legislative Studies Quarterly,03629805,1
7102655752,Sarah Birch,20727,Europe Asia Studies,09668136,4
7102655752,Sarah Birch,21100244407,East European Politics,21599165,1
7102655752,Sarah Birch,21100264650,European Political Science Review,17557739,1
7102655752,Sarah Birch,21100465147,Election Law Journal Rules Politics and Policy,15331296,1
7102655752,Sarah Birch,21100826425,Environment and Planning C Politics and Space,23996544,1
7102655752,Sarah Birch,21100870919,Political Science Research and Methods,20498470,1
7102655752,Sarah Birch,21101168855,Journal of the British Academy,20527217,1
7102655752,Sarah Birch,22222,Parliamentary Affairs,00312290,3
7102655752,Sarah Birch,22863,Political Quarterly,00323179,4
7102655752,Sarah Birch,22890,Political Studies,00323217,3
7102655752,Sarah Birch,24034,Democratization,13510347,4
7102655752,Sarah Birch,24519,Environmental Politics,09644016,2
7102655752,Sarah Birch,25590,British Journal of Middle Eastern Studies,13530194,1
7102655752,Sarah Birch,25691,West European Politics,01402382,1
7102655752,Sarah Birch,26362,Journal of Peace Research,00223433,2
7102655752,Sarah Birch,28523,Terrorism and Political Violence,09546553,1
7102655752,Sarah Birch,4000149603,Political Studies Review,14789299,1
7102655752,Sarah Birch,5600153503,Critical Review of International Social and Political Philosophy,13698230,2
7102655752,Sarah Birch,5700163885,Journal of Southeast European and Black Sea,14683857,1
7102655752,Sarah Birch,5700164242,Comparative European Politics,14724790,1
7102655752,Sarah Birch,5800169162,Perspectives on European Politics and Society,15705854,1
7102655752,Sarah Birch,5800169479,Representation,00344893,1
7102655752,Sarah Birch,5800175373,Juncture,20505868,1
7102655752,Sarah Birch,67863,Party Politics,13540688,1
7102714637,John B. Pryor,12004,Journal of Trauma and Dissociation,15299732,1
7102714637,John B. Pryor,12006,Journal of Vocational Behavior,00018791,1
7102714637,John B. Pryor,12088,Basic and Applied Social Psychology,01973533,5
7102714637,John B. Pryor,12811,Personality and Social Psychology Bulletin,01461672,1
7102714637,John B. Pryor,14012,Psychology and Health,08870446,1
7102714637,John B. Pryor,14112,Rehabilitation Psychology,00905550,1
7102714637,John B. Pryor,14117,European Journal of Social Psychology,00462772,1
7102714637,John B. Pryor,146223,Behavior Research Methods Instrumentation,1554351X,1
7102714637,John B. Pryor,14798,Sex Roles,03600025,5
7102714637,John B. Pryor,15369,Journal of Abnormal Child Psychology,00910627,1
7102714637,John B. Pryor,15390,Journal of Applied Social Psychology,00219029,2
7102714637,John B. Pryor,15429,Journal of Community and Applied Social Psychology,10529284,2
7102714637,John B. Pryor,15499,Journal of Experimental Social Psychology,00221031,3
7102714637,John B. Pryor,15964,Journal of Prevention and Intervention in the Community,10852352,1
7102714637,John B. Pryor,16734,Journal of Nervous and Mental Disease,00223018,1
7102714637,John B. Pryor,16812,Journal of Psychiatric Research,00223956,1
7102714637,John B. Pryor,17732,Quality of Life Research,09629343,1
7102714637,John B. Pryor,19054,Military Medicine,00264075,2
7102714637,John B. Pryor,19545,AIDS Education and Prevention,08999546,2
7102714637,John B. Pryor,19700175790,Revista De Psicologia Social,02134748,1
7102714637,John B. Pryor,19700188900,Social Psychology,18649335,1
7102714637,John B. Pryor,19841,Social Psychiatry and Psychiatric Epidemiology,09337954,1
7102714637,John B. Pryor,19900193555,Social Psychological and Personality Science,19485506,1
7102714637,John B. Pryor,20153,AIDS and Behavior,10907165,1
7102714637,John B. Pryor,20927,Yale Journal of Biology and Medicine,00440086,1
7102714637,John B. Pryor,21309,AIDS,02699370,1
7102714637,John B. Pryor,21321,AIDS Care Psychological and Socio Medical Aspects of AIDS HIV,09540121,1
7102714637,John B. Pryor,22326,Organizational Behavior and Human Decision Processes,07495978,1
7102714637,John B. Pryor,24733,American Behavioral Scientist,00027642,1
7102714637,John B. Pryor,29291,Community Mental Health Journal,00103853,1
7102714637,John B. Pryor,29452,Aggressive Behavior,0096140X,1
7102714637,John B. Pryor,30022,Journal of Personality,00223506,1
7102714637,John B. Pryor,30039,Journal of Personality and Social Psychology,00223514,8
7102714637,John B. Pryor,30088,Journal of Social Issues,00224537,1
7102714637,John B. Pryor,30090,Journal of Social Psychology,00224545,1
7102714637,John B. Pryor,5700164134,Interamerican Journal of Psychology,00349690,1
7102714637,John B. Pryor,7000153281,Mens Sana Monographs,09731229,1
7102714637,John B. Pryor,70451,Consulting Psychology Journal,10659293,1
7102800985,Rose McDermott,12100156092,Journal of Political Science Education,15512169,1
7102800985,Rose McDermott,12108,Behavioral and Brain Sciences,14691825,1
7102800985,Rose McDermott,12793,Peace and Conflict,10781919,2
7102800985,Rose McDermott,12807,Personality and Individual Differences,01918869,3
7102800985,Rose McDermott,130030,Proceedings of the Royal Society B Biological Sciences,09628452,1
7102800985,Rose McDermott,15500154703,Evolutionary Psychology,14747049,2
7102800985,Rose McDermott,15528,Annals of the American Academy of Political and Social Science,00027162,1
7102800985,Rose McDermott,15555,American Journal of Political Science,00925853,3
7102800985,Rose McDermott,17530,Social Forces,00377732,1
7102800985,Rose McDermott,19900191537,International Theory,17529719,1
7102800985,Rose McDermott,20333,Journal of Politics,00223816,1
7102800985,Rose McDermott,20350,Journal of Theoretical Politics,09516298,3
7102800985,Rose McDermott,21121,Proceedings of the National Academy of Sciences of the United States of America,00278424,2
7102800985,Rose McDermott,21149,Leadership Quarterly,10489843,2
7102800985,Rose McDermott,21503,Evolution and Human Behavior,10905138,1
7102800985,Rose McDermott,21741,Behavior Genetics,00018244,1
7102800985,Rose McDermott,22197,PS Political Science and Politics,10490965,9
7102800985,Rose McDermott,22832,Political Behavior,01909320,3
7102800985,Rose McDermott,22861,Political Psychology,0162895X,7
7102800985,Rose McDermott,22867,Political Research Quarterly,10659129,3
7102800985,Rose McDermott,23442,Politics and the Life Sciences,07309384,7
7102800985,Rose McDermott,25794,International Interactions,03050629,2
7102800985,Rose McDermott,25835,International Security,01622889,3
7102800985,Rose McDermott,25847,International Studies Perspectives,15283577,1
7102800985,Rose McDermott,25848,International Studies Quarterly,00208833,2
7102800985,Rose McDermott,26362,Journal of Peace Research,00223433,1
7102800985,Rose McDermott,26364,Journal of Strategic Studies,01402390,1
7102800985,Rose McDermott,26867,Millennium Journal of International Studies,03058298,1
7102800985,Rose McDermott,27067,Human Nature,10456767,2
7102800985,Rose McDermott,27663,Journal of Conflict Resolution,00220027,3
7102800985,Rose McDermott,28011,Security Studies,09636412,1
7102800985,Rose McDermott,29452,Aggressive Behavior,0096140X,1
7102800985,Rose McDermott,4000148701,Perspectives on Politics,15375927,1
7102800985,Rose McDermott,5600155013,Intelligence and National Security,02684527,3
7102800985,Rose McDermott,5800169373,Comparative Strategy,01495933,1
7102800985,Rose McDermott,5800191489,Foreign Policy Analysis,17438586,2
7102800985,Rose McDermott,58705,Psychology Health and Medicine,13548506,1
7102854543,Hannah Brueckner,15357,Journal of Adolescent Health,1054139X,1
7102854543,Hannah Brueckner,15756,Pediatrics,00314005,1
7102854543,Hannah Brueckner,16926,American Journal of Sociology,00029602,2
7102854543,Hannah Brueckner,17653,Comparative Sociology,15691322,1
7102854543,Hannah Brueckner,18084,Sociological Forum,08848971,1
7102854543,Hannah Brueckner,21100443787,Ssm Population Health,23528273,1
7102854543,Hannah Brueckner,21101021489,Socius,23780231,1
7102854543,Hannah Brueckner,26350,Journal of European Social Policy,09589287,1
7102854543,Hannah Brueckner,28122,Perspectives on Sexual and Reproductive Health,15386341,1
7102854543,Hannah Brueckner,29536,European Journal of Population,01686577,1
7102854543,Hannah Brueckner,5700166187,Du Bois Review,1742058X,1
7102867222,Denise Anthony,13408,Health Services Research,00179124,1
7102867222,Denise Anthony,144616,Journal of Health Organization and Management,14777266,1
7102867222,Denise Anthony,14798,Sex Roles,03600025,1
7102867222,Denise Anthony,15357,Journal of Adolescent Health,1054139X,1
7102867222,Denise Anthony,15645,Journal of Health and Social Behavior,00221465,1
7102867222,Denise Anthony,17562,Social Psychology Quarterly,01902725,1
7102867222,Denise Anthony,17785,Medical Care,00257079,1
7102867222,Denise Anthony,18083,Sociological Focus,00380237,1
7102867222,Denise Anthony,18103,Sociological Quarterly,00380253,1
7102867222,Denise Anthony,18983,Social Science and Medicine,02779536,3
7102867222,Denise Anthony,20000195019,International Journal of the Commons,18750281,1
7102867222,Denise Anthony,200147110,Information Communication and Society,1369118X,2
7102867222,Denise Anthony,20052,Medical Care Research and Review,10775587,1
7102867222,Denise Anthony,20833,Health Affairs,02782715,3
7102867222,Denise Anthony,21100228546,JAMA Internal Medicine,21686106,1
7102867222,Denise Anthony,21100307484,Journal of the Association for Information Science and Technology,23301635,1
7102867222,Denise Anthony,21100443787,Ssm Population Health,23528273,1
7102867222,Denise Anthony,21100782431,Society and Mental Health,21568693,1
7102867222,Denise Anthony,21100854133,Gerontology and Geriatric Medicine,23337214,1
7102867222,Denise Anthony,21101023872,JAMIA Open,25742531,1
7102867222,Denise Anthony,21101030810,Jmir Public Health and Surveillance,23692960,1
7102867222,Denise Anthony,21101308467,Health Affairs Scholar,29765390,1
7102867222,Denise Anthony,21103,Milbank Quarterly,0887378X,1
7102867222,Denise Anthony,22538,Public Health Reports,00333549,1
7102867222,Denise Anthony,23600,Journal of the American Medical Informatics Association,10675027,3
7102867222,Denise Anthony,23689,International Journal of Medical Informatics,13865056,1
7102867222,Denise Anthony,23709,Journal of Medical Internet Research,14388871,1
7102867222,Denise Anthony,25022,IEEE Pervasive Computing,15361268,1
7102867222,Denise Anthony,25315,Journal of Drug Issues,00220426,1
7102867222,Denise Anthony,25330,Rationality and Society,10434631,2
7102867222,Denise Anthony,26199,ACM Transactions on Computer Human Interaction,10730516,1
7102867222,Denise Anthony,26441,Social Science Research,0049089X,1
7102867222,Denise Anthony,26493,Academic Medicine,10402446,1
7102867222,Denise Anthony,26643,Journal of General Internal Medicine,08848734,4
7102867222,Denise Anthony,27479,Annals of Family Medicine,15441709,1
7102867222,Denise Anthony,28916,IEEE Security and Privacy,15407993,2
7102867222,Denise Anthony,69138,American Journal of Managed Care,10880224,2
7102867222,Denise Anthony,7400153102,AMIA Annual Symposium Proceedings AMIA Symposium,1942597X,2
7102867222,Denise Anthony,85291,JAMA,00987484,1
7102956820,Ed Diener,11700154377,Journal of Individual Differences,16140001,1
7102956820,Ed Diener,12107,Behavior Therapy,00057894,1
7102956820,Ed Diener,12710,Motivation and Emotion,01467239,1
7102956820,Ed Diener,12776,British Journal of Social Psychology,01446665,1
7102956820,Ed Diener,12807,Personality and Individual Differences,01918869,4
7102956820,Ed Diener,12808,Journal of Educational Psychology,00220663,2
7102956820,Ed Diener,12811,Personality and Social Psychology Bulletin,01461672,7
7102956820,Ed Diener,12812,Personality and Social Psychology Review,10888683,2
7102956820,Ed Diener,12825,Canadian Psychology,07085591,1
7102956820,Ed Diener,12858,Cognition and Emotion,02699931,3
7102956820,Ed Diener,130115,Contemporary Clinical Trials,15517144,1
7102956820,Ed Diener,13378,Psicothema,02149915,1
7102956820,Ed Diener,13442,Psychological Assessment,10403590,1
7102956820,Ed Diener,13443,Psychological Bulletin,00332909,3
7102956820,Ed Diener,13456,Psychological Inquiry,1047840X,1
7102956820,Ed Diener,13465,Psychological Reports,00332941,2
7102956820,Ed Diener,13468,Psychological Science,09567976,16
7102956820,Ed Diener,13500,Developmental Psychology,00121649,1
7102956820,Ed Diener,13969,Psychological Science in the Public Interest,15291006,1
7102956820,Ed Diener,14075,Emotion,15283542,3
7102956820,Ed Diener,14105,European Journal of Personality,08902070,1
7102956820,Ed Diener,14340,Brain Injury,02699052,2
7102956820,Ed Diener,14432,Daedalus,00115266,1
7102956820,Ed Diener,144820,Journal of Happiness Studies,13894978,6
7102956820,Ed Diener,144989,International Journal of Environmental Research and Public Health,16617827,1
7102956820,Ed Diener,14896,International Journal of Psychology,00207594,1
7102956820,Ed Diener,15270,South African Journal of Psychology,00812463,1
7102956820,Ed Diener,15320,Teaching of Psychology,00986283,1
7102956820,Ed Diener,15390,Journal of Applied Social Psychology,00219029,2
7102956820,Ed Diener,15453,Journal of Cross Cultural Psychology,00220221,7
7102956820,Ed Diener,15476,Journal of Experimental Psychology Applied,1076898X,1
7102956820,Ed Diener,15653,Journal of Marriage and Family,00222445,1
7102956820,Ed Diener,16664,Journal of Behavioral Medicine,01607715,1
7102956820,Ed Diener,17649,Communication Research,00936502,1
7102956820,Ed Diener,17732,Quality of Life Research,09629343,1
7102956820,Ed Diener,18983,Social Science and Medicine,02779536,1
7102956820,Ed Diener,19391,Social Indicators Research,03038300,26
7102956820,Ed Diener,19400157006,Judgment and Decision Making,19302975,1
7102956820,Ed Diener,19400158810,Child Indicators Research,1874897X,1
7102956820,Ed Diener,19700182323,Perspectives on Psychological Science,17456916,18
7102956820,Ed Diener,19700182758,Nature Communications,20411723,1
7102956820,Ed Diener,19900193555,Social Psychological and Personality Science,19485506,4
7102956820,Ed Diener,21100200437,Applied Psychology Health and Well Being,17580846,9
7102956820,Ed Diener,21100216571,Frontiers in Psychology,16641078,1
7102956820,Ed Diener,21100838541,Nature Human Behaviour,23973374,2
7102956820,Ed Diener,21100886228,Policy Insights from the Behavioral and Brain Sciences,23727322,1
7102956820,Ed Diener,21100924250,Digital Health,20552076,1
7102956820,Ed Diener,21100983356,Journal of Positive Psychology and Wellbeing,25870130,1
7102956820,Ed Diener,21101020142,International Journal of Wellbeing,11798602,3
7102956820,Ed Diener,21103,Milbank Quarterly,0887378X,1
7102956820,Ed Diener,21519,Police Journal,0032258X,1
7102956820,Ed Diener,22330,Organizational Research Methods,10944281,3
7102956820,Ed Diener,22903,Oxford Economic Papers,00307653,1
7102956820,Ed Diener,23011,Economic Journal,00130133,1
7102956820,Ed Diener,23571,Science,00368075,1
7102956820,Ed Diener,24197,Scientific American,00368733,1
7102956820,Ed Diener,24456,Child Development,00093920,1
7102956820,Ed Diener,27473,Annals of Behavioral Medicine,08836612,1
7102956820,Ed Diener,28473,Ageing International,01635158,1
7102956820,Ed Diener,29492,American Psychologist,0003066X,4
7102956820,Ed Diener,30022,Journal of Personality,00223506,6
7102956820,Ed Diener,30039,Journal of Personality and Social Psychology,00223514,56
7102956820,Ed Diener,30042,Journal of Personality Assessment,00223891,4
7102956820,Ed Diener,30073,Journal of Research in Personality,00926566,11
7102956820,Ed Diener,30085,Journal of Social and Clinical Psychology,07367236,1
7102956820,Ed Diener,30088,Journal of Social Issues,00224537,1
7102956820,Ed Diener,30090,Journal of Social Psychology,00224545,2
7102956820,Ed Diener,4700152623,Applied Research in Quality of Life,18712584,3
7102956820,Ed Diener,5800207373,Journal of Positive Psychology,17439760,8
7102956820,Ed Diener,59785,J Exp Res Personality,,1
7102957738,Michelle Mello,10600153309,Plos One,19326203,2
7102957738,Michelle Mello,11800154541,Econ Journal Watch,1933527X,1
7102957738,Michelle Mello,12685,American Journal of Law and Medicine,00988588,1
7102957738,Michelle Mello,130036,Pediatric Critical Care Medicine,15297535,1
7102957738,Michelle Mello,13318,Hastings Center Report,00930334,2
7102957738,Michelle Mello,13356,Health Economics,10579230,1
7102957738,Michelle Mello,13408,Health Services Research,00179124,4
7102957738,Michelle Mello,14306,Harvard Journal on Legislation,0017808X,1
7102957738,Michelle Mello,144771,Clinical Trials,17407745,1
7102957738,Michelle Mello,144840,Plos Medicine,15491277,1
7102957738,Michelle Mello,14699,Inquiry,00469580,1
7102957738,Michelle Mello,14719,Intensive Care Medicine,03424642,1
7102957738,Michelle Mello,15756,Pediatrics,00314005,1
7102957738,Michelle Mello,15847,New England Journal of Medicine,00284793,32
7102957738,Michelle Mello,15931,Journal of Health Politics Policy and Law,03616878,5
7102957738,Michelle Mello,16151,Medical Law Review,09670742,1
7102957738,Michelle Mello,16244,Journal of Law Medicine and Ethics,10731105,2
7102957738,Michelle Mello,17521,Law and Contemporary Problems,00239186,1
7102957738,Michelle Mello,17700156440,Nature Reviews Endocrinology,17595029,1
7102957738,Michelle Mello,17785,Medical Care,00257079,1
7102957738,Michelle Mello,18429,Chest,00123692,1
7102957738,Michelle Mello,18553,Northwestern University Law Review,00293571,1
7102957738,Michelle Mello,18735,Accountability in Research,08989621,1
7102957738,Michelle Mello,18983,Social Science and Medicine,02779536,4
7102957738,Michelle Mello,19561,American Journal of Public Health,00900036,3
7102957738,Michelle Mello,19676,Southern California Law Review,00383910,1
7102957738,Michelle Mello,19700201434,BMJ Quality and Safety,20445415,2
7102957738,Michelle Mello,19800188003,BMJ Open,20446055,3
7102957738,Michelle Mello,20440,Journal of the American College of Surgeons,10727515,1
7102957738,Michelle Mello,20833,Health Affairs,02782715,23
7102957738,Michelle Mello,21063,Current Surgery,01497944,1
7102957738,Michelle Mello,21100217634,Journal of Empirical Legal Studies,17401453,1
7102957738,Michelle Mello,21100228546,JAMA Internal Medicine,21686106,3
7102957738,Michelle Mello,21100246515,Journal of the American Heart Association,20479980,1
7102957738,Michelle Mello,21100324708,AJOB Empirical Bioethics,23294515,1
7102957738,Michelle Mello,21100900345,JAMA Network Open,25743805,2
7102957738,Michelle Mello,21100981740,JCO Oncology Practice,26881527,1
7102957738,Michelle Mello,21101120622,JAMA Health Forum,26890186,9
7102957738,Michelle Mello,21101150071,Nejm Catalyst Innovations in Care Delivery,26420007,1
7102957738,Michelle Mello,21103,Milbank Quarterly,0887378X,3
7102957738,Michelle Mello,21676,American Journal of Bioethics,15265161,2
7102957738,Michelle Mello,21681,University of Pennsylvania Law Review,00419907,1
7102957738,Michelle Mello,22258,Bioethics,02699702,1
7102957738,Michelle Mello,22305,Surgery,00396060,1
7102957738,Michelle Mello,22581,Circulation,00097322,1
7102957738,Michelle Mello,22856,Yale Law Journal,00440094,1
7102957738,Michelle Mello,25453,Biology of Blood and Marrow Transplantation,10838791,1
7102957738,Michelle Mello,26574,Annals of Internal Medicine,00034819,2
7102957738,Michelle Mello,26643,Journal of General Internal Medicine,08848734,1
7102957738,Michelle Mello,28089,Obstetrics and Gynecology,00297844,1
7102957738,Michelle Mello,28785,Cancer,0008543X,1
7102957738,Michelle Mello,29916,Critical Care Medicine,00903493,1
7102957738,Michelle Mello,3500148005,Joint Commission Journal on Quality and Patient Safety,15537250,3
7102957738,Michelle Mello,3600148102,Alzheimer S and Dementia,15525260,2
7102957738,Michelle Mello,51748,BMJ,09598146,2
7102957738,Michelle Mello,85291,JAMA,00987484,4
7102957738,Michelle Mello,92233,Issue Brief Commonwealth Fund,15586847,1
7103059598,Markus Prior,11600153640,Quarterly Journal of Political Science,15540626,1
7103059598,Markus Prior,145558,Political Analysis,10471987,1
7103059598,Markus Prior,15555,American Journal of Political Science,00925853,2
7103059598,Markus Prior,16772,Canadian Journal of Political Science,00084239,1
7103059598,Markus Prior,20333,Journal of Politics,00223816,4
7103059598,Markus Prior,21121,Proceedings of the National Academy of Sciences of the United States of America,00278424,1
7103059598,Markus Prior,22838,Political Communication,10584609,2
7103059598,Markus Prior,23574,Public Opinion Quarterly,0033362X,2
7103059598,Markus Prior,28708,National Tax Journal,00280283,1
7103059598,Markus Prior,29011,Journal of Risk and Uncertainty,08955646,1
7103332207,Kathleen Donovan,17222,Mayo Clinic Proceedings,00256196,1
7103332207,Kathleen Donovan,19992,Kidney International,00852538,1
7103332207,Kathleen Donovan,21282,Journal of Interferon and Cytokine Research,10799907,1
7103332207,Kathleen Donovan,22083,Cytokine,10434666,1
7103332207,Kathleen Donovan,25424,American Journal of Hematology,03618609,1
7103332207,Kathleen Donovan,25454,Blood,00064971,3
7103332207,Kathleen Donovan,25473,British Journal of Haematology,00071048,1
7103332207,Kathleen Donovan,26015,Leukemia,08876924,2
7103332207,Kathleen Donovan,26017,Leukemia Research,01452126,1
7103332207,Kathleen Donovan,26727,Thyroid,10507256,1
7103332207,Kathleen Donovan,29100,Cancer Control,10732748,1
7103332207,Kathleen Donovan,29816,Hematology Oncology Clinics of North America,08898588,1
7201602574,Kimberly Gross,15555,American Journal of Political Science,00925853,1
7201602574,Kimberly Gross,15559,American Politics Research,1532673X,1
7201602574,Kimberly Gross,15613,Journal of Communication,00219916,1
7201602574,Kimberly Gross,16232,British Journal of Political Science,00071234,2
7201602574,Kimberly Gross,17521,Law and Contemporary Problems,00239186,1
7201602574,Kimberly Gross,20333,Journal of Politics,00223816,1
7201602574,Kimberly Gross,20604,Harvard International Journal of Press Politics,1081180X,2
7201602574,Kimberly Gross,21100835891,Journal of Experimental Political Science,20522630,1
7201602574,Kimberly Gross,21101158576,Harvard Kennedy School Misinformation Review,27661652,2
7201602574,Kimberly Gross,22832,Political Behavior,01909320,1
7201602574,Kimberly Gross,22838,Political Communication,10584609,1
7201602574,Kimberly Gross,22861,Political Psychology,0162895X,5
7201951159,Stephanie Goodwin,14818,Small Group Research,10464964,1
7201951159,Stephanie Goodwin,14946,Group Processes Intergroup Relations,13684302,1
7201951159,Stephanie Goodwin,15392,Journal of Business and Psychology,08893268,1
7201951159,Stephanie Goodwin,15499,Journal of Experimental Social Psychology,00221031,2
7201951159,Stephanie Goodwin,16376,Academe,01902946,1
7201951159,Stephanie Goodwin,19700182323,Perspectives on Psychological Science,17456916,1
7201951159,Stephanie Goodwin,30039,Journal of Personality and Social Psychology,00223514,1
7201951159,Stephanie Goodwin,30088,Journal of Social Issues,00224537,1
7202058619,Monika L McDermott,12282,Journal of Social Policy,00472794,1
7202058619,Monika L McDermott,15555,American Journal of Political Science,00925853,2
7202058619,Monika L McDermott,15559,American Politics Research,1532673X,2
7202058619,Monika L McDermott,16114,Electoral Studies,02613794,1
7202058619,Monika L McDermott,18500158100,Forum,15408884,1
7202058619,Monika L McDermott,20333,Journal of Politics,00223816,1
7202058619,Monika L McDermott,20444,Legislative Studies Quarterly,03629805,2
7202058619,Monika L McDermott,22197,PS Political Science and Politics,10490965,1
7202058619,Monika L McDermott,22867,Political Research Quarterly,10659129,4
7202058619,Monika L McDermott,23484,Polity,00323497,2
7202058619,Monika L McDermott,26439,Social Science Quarterly,00384941,1
7202058619,Monika L McDermott,5700166179,Politics and Gender,1743923X,1
7202158185,Shanto Iyengar,10300153306,International Journal of Press Politics,19401612,1
7202158185,Shanto Iyengar,10600153309,Plos One,19326203,1
7202158185,Shanto Iyengar,14400,European Journal of Communication,02673231,1
7202158185,Shanto Iyengar,15528,Annals of the American Academy of Political and Social Science,00027162,2
7202158185,Shanto Iyengar,15555,American Journal of Political Science,00925853,6
7202158185,Shanto Iyengar,15557,American Political Science Review,00030554,6
7202158185,Shanto Iyengar,15559,American Politics Research,1532673X,1
7202158185,Shanto Iyengar,15613,Journal of Communication,00219916,3
7202158185,Shanto Iyengar,16232,British Journal of Political Science,00071234,2
7202158185,Shanto Iyengar,17649,Communication Research,00936502,1
7202158185,Shanto Iyengar,18232,Journal of Computer Mediated Communication,10836101,1
7202158185,Shanto Iyengar,18437,European Journal of Political Research,03044130,2
7202158185,Shanto Iyengar,18500158100,Forum Germany,15408884,2
7202158185,Shanto Iyengar,19700187607,Journalism Studies,1461670X,2
7202158185,Shanto Iyengar,19774,International Journal of Public Opinion Research,09542892,1
7202158185,Shanto Iyengar,20333,Journal of Politics,00223816,4
7202158185,Shanto Iyengar,20604,Harvard International Journal of Press Politics,1081180X,2
7202158185,Shanto Iyengar,20943,Scandinavian Political Studies,00806757,1
7202158185,Shanto Iyengar,21100202907,International Journal of Communication,19328036,2
7202158185,Shanto Iyengar,21100457028,Science Advances,23752548,1
7202158185,Shanto Iyengar,21100835891,Journal of Experimental Political Science,20522630,1
7202158185,Shanto Iyengar,21100838541,Nature Human Behaviour,23973374,1
7202158185,Shanto Iyengar,21100855741,Sociological Science,23306696,1
7202158185,Shanto Iyengar,21100870919,Political Science Research and Methods,20498470,2
7202158185,Shanto Iyengar,21101158576,Harvard Kennedy School Misinformation Review,27661652,1
7202158185,Shanto Iyengar,21121,Proceedings of the National Academy of Sciences of the United States of America,00278424,2
7202158185,Shanto Iyengar,22197,PS Political Science and Politics,10490965,1
7202158185,Shanto Iyengar,22832,Political Behavior,01909320,2
7202158185,Shanto Iyengar,22838,Political Communication,10584609,3
7202158185,Shanto Iyengar,22861,Political Psychology,0162895X,2
7202158185,Shanto Iyengar,23571,Science,00368075,1
7202158185,Shanto Iyengar,23574,Public Opinion Quarterly,0033362X,6
7202158185,Shanto Iyengar,26436,Social Science Japan Journal,13691465,1
7202158185,Shanto Iyengar,27343,Journal of Ethnic and Migration Studies,1369183X,2
7202158185,Shanto Iyengar,30039,Journal of Personality and Social Psychology,00223514,1
7202158185,Shanto Iyengar,5600153585,Mass Communication and Society,15205436,2
7202158185,Shanto Iyengar,5700164302,Rivista Italiana Di Scienza Politica,00488402,1
7202158185,Shanto Iyengar,5700165635,Journal of Elections Public Opinion and Parties,17457289,1
7202158185,Shanto Iyengar,5700176815,Journalism,14648849,1
7202173513,Brian Powell,14798,Sex Roles,03600025,1
7202173513,Brian Powell,14925,Gender and Society,08912432,1
7202173513,Brian Powell,15645,Journal of Health and Social Behavior,00221465,2
7202173513,Brian Powell,15653,Journal of Marriage and Family,00222445,3
7202173513,Brian Powell,16926,American Journal of Sociology,00029602,3
7202173513,Brian Powell,16929,American Sociological Review,00031224,7
7202173513,Brian Powell,17530,Social Forces,00377732,4
7202173513,Brian Powell,17562,Social Psychology Quarterly,01902725,4
7202173513,Brian Powell,18083,Sociological Focus,00380237,1
7202173513,Brian Powell,18103,Sociological Quarterly,00380253,2
7202173513,Brian Powell,19250,Work and Occupations,07308884,1
7202173513,Brian Powell,19561,American Journal of Public Health,00900036,1
7202173513,Brian Powell,21100457028,Science Advances,23752548,2
7202173513,Brian Powell,21100819062,Social Currents,23294965,1
7202173513,Brian Powell,21101021489,Socius,23780231,1
7202173513,Brian Powell,24733,American Behavioral Scientist,00027642,1
7202173513,Brian Powell,26441,Social Science Research,0049089X,1
7202173513,Brian Powell,29425,Harvard Educational Review,00178055,2
7202173513,Brian Powell,5600153363,Equity and Excellence in Education,10665684,2
7202173513,Brian Powell,66374,Journal of Educational Measurement,00220655,1
7202299028,Murray Webster,12000154533,Canadian Review of Sociology Revue Canadienne De Sociologie,17556171,1
7202299028,Murray Webster,14798,Sex Roles,03600025,1
7202299028,Murray Webster,16929,American Sociological Review,00031224,1
7202299028,Murray Webster,17530,Social Forces,00377732,3
7202299028,Murray Webster,17562,Social Psychology Quarterly,01902725,7
7202299028,Murray Webster,18090,Sociological Methodology,00811750,1
7202299028,Murray Webster,18102,Sociological Perspectives,07311214,3
7202299028,Murray Webster,18110,Sociological Theory,07352751,2
7202299028,Murray Webster,26441,Social Science Research,0049089X,7
7202412782,Claudine Gay,15555,American Journal of Political Science,00925853,2
7202412782,Claudine Gay,15557,American Political Science Review,00030554,1
7202412782,Claudine Gay,22832,Political Behavior,01909320,1
7202412782,Claudine Gay,29643,Urban Affairs Review,10780874,2
7202464294,James A McCann,15555,American Journal of Political Science,00925853,3
7202464294,James A McCann,15557,American Political Science Review,00030554,1
7202464294,James A McCann,15559,American Politics Research,1532673X,1
7202464294,James A McCann,15756,Pediatrics,00314005,1
7202464294,James A McCann,16114,Electoral Studies,02613794,3
7202464294,James A McCann,16772,Canadian Journal of Political Science,00084239,1
7202464294,James A McCann,18500158100,Forum Germany,15408884,1
7202464294,James A McCann,20333,Journal of Politics,00223816,2
7202464294,James A McCann,22197,PS Political Science and Politics,10490965,2
7202464294,James A McCann,22832,Political Behavior,01909320,1
7202464294,James A McCann,22867,Political Research Quarterly,10659129,1
7202464294,James A McCann,22889,Political Science Quarterly,00323195,1
7202464294,James A McCann,26459,Latin American Politics and Society,1531426X,1
7202464294,James A McCann,27733,Latin American Research Review,00238791,2
7202483022,Geoffrey P.R. Wallace,12736,Journal of Clinical and Experimental Neuropsychology,13803395,2
7202483022,Geoffrey P.R. Wallace,12738,Child Neuropsychology,09297049,2
7202483022,Geoffrey P.R. Wallace,14179,Annals of Neurology,03645134,1
7202483022,Geoffrey P.R. Wallace,14317,Brain,00068950,2
7202483022,Geoffrey P.R. Wallace,145157,American Journal of Medical Genetics Part A,15524825,1
7202483022,Geoffrey P.R. Wallace,15108,Journal of Paediatrics and Child Health,10344810,1
7202483022,Geoffrey P.R. Wallace,15510,Epilepsia,00139580,1
7202483022,Geoffrey P.R. Wallace,17952,Neurology,00283878,2
7202483022,Geoffrey P.R. Wallace,18990,Nature Genetics,10614036,1
7202483022,Geoffrey P.R. Wallace,20412,Acta Neurochirurgica,00016268,1
7202483022,Geoffrey P.R. Wallace,21677,American Journal of Human Genetics,00029297,2
7202483022,Geoffrey P.R. Wallace,22191,Genetics in Medicine,10983600,1
7202483022,Geoffrey P.R. Wallace,28098,BMC Health Services Research,14726963,1
7202651377,John Ernst,14307,Systematic Parasitology,01655752,1
7202651377,John Ernst,15847,New England Journal of Medicine,00284793,1
7202651377,John Ernst,17121,American Journal of Veterinary Research,00029645,15
7202651377,John Ernst,17123,Journal of the American Veterinary Medical Association,00031488,1
7202651377,John Ernst,18329,Journal of Wildlife Diseases,00903558,2
7202651377,John Ernst,19514,Veterinary Clinics of North America Food Animal Practice,07490720,1
7202651377,John Ernst,19537,Veterinary Parasitology,03044017,4
7202651377,John Ernst,19538,Veterinary Pathology,03009858,1
7202651377,John Ernst,21787,American Journal of Tropical Medicine and Hygiene,00029637,1
7202651377,John Ernst,22379,International Journal for Parasitology,00207519,1
7202651377,John Ernst,22444,Journal of Parasitology,00223395,20
7202651377,John Ernst,32040,Zeitschrift Fur Parasitenkunde Parasitology Research,00443255,5
7202651377,John Ernst,34801,Journal of Protozoology,00223921,16
7202651377,John Ernst,35941,Journal of Animal Science,00218812,1
7202651377,John Ernst,80420,Wildlife Disease,00435465,2
7202651377,John Ernst,83349,Proceedings of the Helminthological Society of Washington,00180130,5
7202694496,James L. Gibson,10600153309,Plos One,19326203,3
7202694496,James L. Gibson,11300153721,Science Signaling,19450877,2
7202694496,James L. Gibson,11600154092,Current Protocols in Bioinformatics,19343396,2
7202694496,James L. Gibson,12216,Molecular Biology and Evolution,07374038,1
7202694496,James L. Gibson,12394,Nature Structural and Molecular Biology,15459993,1
7202694496,James L. Gibson,12400154743,Mitochondrial DNA,19401744,1
7202694496,James L. Gibson,12977,Plos Biology,15457885,1
7202694496,James L. Gibson,14151,Molecular and Cellular Proteomics,15359476,2
7202694496,James L. Gibson,14204,Nucleic Acids Research,03051048,30
7202694496,James L. Gibson,14257,Protein Engineering Design and Selection,17410126,5
7202694496,James L. Gibson,14274,Structure,09692126,3
7202694496,James L. Gibson,14280,Protein Science,09618368,1
7202694496,James L. Gibson,14283,Proteins Structure Function and Bioinformatics,08873585,1
7202694496,James L. Gibson,145703,Molecular Biosystems,1742206X,2
7202694496,James L. Gibson,14816,Trends in Biochemical Sciences,09680004,6
7202694496,James L. Gibson,15537,Current Biology,09609822,1
7202694496,James L. Gibson,15636,Gene,03781119,2
7202694496,James L. Gibson,15870,Journal of Clinical Investigation,00219738,1
7202694496,James L. Gibson,16867,Biochemistry,00062960,2
7202694496,James L. Gibson,17100154713,Prion,19336896,1
7202694496,James L. Gibson,17435,EMBO Journal,02614189,2
7202694496,James L. Gibson,17481,FEBS Letters,00145793,4
7202694496,James L. Gibson,17592,Journal of Biological Chemistry,00219258,2
7202694496,James L. Gibson,17618,Journal of Molecular Biology,00222836,4
7202694496,James L. Gibson,17625,Journal of Proteome Research,15353893,1
7202694496,James L. Gibson,17929,BMC Bioinformatics,14712105,4
7202694496,James L. Gibson,17945,Bioinformatics,13674803,6
7202694496,James L. Gibson,18434,Cell,00928674,1
7202694496,James L. Gibson,18525,Developmental Cell,15345807,1
7202694496,James L. Gibson,18555,Journal of Cell Biology,00219525,1
7202694496,James L. Gibson,18605,Molecular Biology of the Cell,10591524,1
7202694496,James L. Gibson,18946,Journal of Molecular Evolution,00222844,2
7202694496,James L. Gibson,18990,Nature Genetics,10614036,1
7202694496,James L. Gibson,19014,Nature Cell Biology,14657392,1
7202694496,James L. Gibson,19017,RNA,13558382,1
7202694496,James L. Gibson,19049,Trends in Genetics,01689525,3
7202694496,James L. Gibson,19700182758,Nature Communications,20411723,1
7202694496,James L. Gibson,19700188321,Database,17580463,3
7202694496,James L. Gibson,19700188403,Mbio,21612129,1
7202694496,James L. Gibson,19939,Trends in Neurosciences,01662236,1
7202694496,James L. Gibson,20886,Virology,00426822,2
7202694496,James L. Gibson,21100200805,Scientific Reports,20452322,1
7202694496,James L. Gibson,21100258853,F1000research,20461402,1
7202694496,James L. Gibson,21100317203,Cilia,20462530,2
7202694496,James L. Gibson,21100394875,Cell Systems,24054712,1
7202694496,James L. Gibson,21100433120,Microbiology Spectrum,21650497,1
7202694496,James L. Gibson,21121,Proceedings of the National Academy of Sciences of the United States of America,00278424,2
7202694496,James L. Gibson,21206,Nature,00280836,4
7202694496,James L. Gibson,22088,EMBO Reports,1469221X,2
7202694496,James L. Gibson,22266,Human Molecular Genetics,09646906,2
7202694496,James L. Gibson,22583,Journal of Medical Primatology,00472565,1
7202694496,James L. Gibson,25151,Journal of Toxicology and Environmental Health Part A Current Issues,15287394,2
7202694496,James L. Gibson,26015,Leukemia,08876924,1
7202694496,James L. Gibson,27974,Frontiers in Bioscience,27686701,2
7202694496,James L. Gibson,37107,Gene Analysis Techniques,07350651,1
7202694496,James L. Gibson,39845,Nature Structural Biology,10728368,1
7202694496,James L. Gibson,4000151808,Plos Genetics,15537390,2
7202694496,James L. Gibson,4000151810,Plos Computational Biology,1553734X,1
7202694496,James L. Gibson,40944,Genome Biology,14747596,2
7202694496,James L. Gibson,4400151517,Cell Communication and Signaling,1478811X,1
7202694496,James L. Gibson,4700152228,Molecular Systems Biology,17444292,2
7202759935,Robert C. Sinclair,12088,Basic and Applied Social Psychology,01973533,2
7202759935,Robert C. Sinclair,12505,Ecology of Food and Nutrition,03670244,1
7202759935,Robert C. Sinclair,12772,British Journal of Health Psychology,1359107X,1
7202759935,Robert C. Sinclair,12807,Personality and Individual Differences,01918869,1
7202759935,Robert C. Sinclair,12858,Cognition and Emotion,02699931,2
7202759935,Robert C. Sinclair,13465,Psychological Reports,00332941,1
7202759935,Robert C. Sinclair,13468,Psychological Science,09567976,1
7202759935,Robert C. Sinclair,14346,Brain Research,00068993,1
7202759935,Robert C. Sinclair,14823,Social Cognition,0278016X,2
7202759935,Robert C. Sinclair,15320,Teaching of Psychology,00986283,1
7202759935,Robert C. Sinclair,15390,Journal of Applied Social Psychology,00219029,2
7202759935,Robert C. Sinclair,20913,Bulletin of the World Health Organization,00429686,1
7202759935,Robert C. Sinclair,21206,Nature,00280836,1
7202759935,Robert C. Sinclair,22326,Organizational Behavior and Human Decision Processes,07495978,1
7202759935,Robert C. Sinclair,22464,Pacific Health Dialog A Publication of the Pacific Basin Officers Training Program and the Fiji School of Medicine,10157867,1
7202759935,Robert C. Sinclair,26602,Evaluation and Program Planning,01497189,1
7202759935,Robert C. Sinclair,30065,Journal of Psychopathology and Behavioral Assessment,08822689,1
7202759935,Robert C. Sinclair,30084,Journal of Sex Research,00224499,1
7202764313,Joel Middleton,11600153640,Quarterly Journal of Political Science,15540626,1
7202764313,Joel Middleton,12072,International Journal of Educational Development,07380593,1
7202764313,Joel Middleton,12094,Journal of the American Statistical Association,01621459,1
7202764313,Joel Middleton,145558,Political Analysis,10471987,1
7202764313,Joel Middleton,14794,Statistics and Probability Letters,01677152,1
7202764313,Joel Middleton,19482,Econometrica,00129682,1
7202764313,Joel Middleton,20333,Journal of Politics,00223816,1
7202764313,Joel Middleton,20731,Research in Higher Education,03610365,1
7202764313,Joel Middleton,21101093357,Statistics Politics and Policy,21946299,1
7202764313,Joel Middleton,22832,Political Behavior,01909320,1
7202841160,Wendi L. Gardner,12061,Memory and Cognition,0090502X,1
7202841160,Wendi L. Gardner,12710,Motivation and Emotion,01467239,1
7202841160,Wendi L. Gardner,12806,Cahiers De Psychologie Cognitive,02499185,1
7202841160,Wendi L. Gardner,12811,Personality and Social Psychology Bulletin,01461672,15
7202841160,Wendi L. Gardner,12812,Personality and Social Psychology Review,10888683,1
7202841160,Wendi L. Gardner,13468,Psychological Science,09567976,1
7202841160,Wendi L. Gardner,14035,Psychology of Women Quarterly,03616843,1
7202841160,Wendi L. Gardner,14117,European Journal of Social Psychology,00462772,1
7202841160,Wendi L. Gardner,14798,Sex Roles,03600025,1
7202841160,Wendi L. Gardner,14823,Social Cognition,0278016X,1
7202841160,Wendi L. Gardner,15453,Journal of Cross Cultural Psychology,00220221,2
7202841160,Wendi L. Gardner,15499,Journal of Experimental Social Psychology,00221031,4
7202841160,Wendi L. Gardner,15555,American Journal of Political Science,00925853,1
7202841160,Wendi L. Gardner,18729,Psychiatry Research,01651781,1
7202841160,Wendi L. Gardner,19900193555,Social Psychological and Personality Science,19485506,2
7202841160,Wendi L. Gardner,21100216571,Frontiers in Psychology,16641078,1
7202841160,Wendi L. Gardner,21100810500,Social Sciences,20760760,1
7202841160,Wendi L. Gardner,29452,Aggressive Behavior,0096140X,1
7202841160,Wendi L. Gardner,30039,Journal of Personality and Social Psychology,00223514,11
7202841160,Wendi L. Gardner,5800179627,Self and Identity,15298868,4
7202841160,Wendi L. Gardner,6700153284,Social Influence,15534510,1
7401628492,Eric Oliver,15528,Annals of the American Academy of Political and Social Science,00027162,1
7401628492,Eric Oliver,15555,American Journal of Political Science,00925853,4
7401628492,Eric Oliver,15557,American Political Science Review,00030554,2
7401628492,Eric Oliver,22832,Political Behavior,01909320,1
7401628492,Eric Oliver,29643,Urban Affairs Review,10780874,1
7401703449,Becca Levy,10600153309,Plos One,19326203,5
7401703449,Becca Levy,11600153403,Disaster Medicine and Public Health Preparedness,1938744X,1
7401703449,Becca Levy,12020,Anxiety Stress and Coping,10615806,1
7401703449,Becca Levy,12455,Molecular Therapy,15250016,1
7401703449,Becca Levy,12759,Omega,00302228,1
7401703449,Becca Levy,12798,Perceptual and Motor Skills,00315125,2
7401703449,Becca Levy,13468,Psychological Science,09567976,2
7401703449,Becca Levy,13477,Current Directions in Psychological Science,09637214,1
7401703449,Becca Levy,14012,Psychology and Health,08870446,1
7401703449,Becca Levy,14277,Health Psychology,02786133,2
7401703449,Becca Levy,144989,International Journal of Environmental Research and Public Health,16617827,1
7401703449,Becca Levy,14821,Social Behavior and Personality,03012212,1
7401703449,Becca Levy,15372,Journal of Adult Development,10680667,1
7401703449,Becca Levy,15390,Journal of Applied Social Psychology,00219029,1
7401703449,Becca Levy,15536,Journal of Health Psychology,13591053,1
7401703449,Becca Levy,16153,International Journal of Methods in Psychiatric Research,10498931,1
7401703449,Becca Levy,16245,Journal of Affective Disorders,01650327,1
7401703449,Becca Levy,17665,Preventive Medicine,00917435,1
7401703449,Becca Levy,18742,Psychological Medicine,00332917,1
7401703449,Becca Levy,18983,Social Science and Medicine,02779536,6
7401703449,Becca Levy,19489,Archives of Women S Mental Health,14341816,1
7401703449,Becca Levy,19558,Journal of Women S Health,15409996,2
7401703449,Becca Levy,19561,American Journal of Public Health,00900036,1
7401703449,Becca Levy,19700182723,Geropsych the Journal of Gerontopsychology and Geriatric Psychiatry,16629647,3
7401703449,Becca Levy,19700182758,Nature Communications,20411723,1
7401703449,Becca Levy,19800188003,BMJ Open,20446055,1
7401703449,Becca Levy,21100201068,Cell Reports,22111247,1
7401703449,Becca Levy,21100372295,Preventive Medicine Reports,22113355,1
7401703449,Becca Levy,21100900345,JAMA Network Open,25743805,1
7401703449,Becca Levy,21100943373,Geriatrics Switzerland,23083417,1
7401703449,Becca Levy,21101042149,Stigma and Health,23766972,1
7401703449,Becca Levy,21101140104,Drug and Alcohol Dependence Reports,27727246,1
7401703449,Becca Levy,21101142419,International Journal of Applied Positive Psychology,23645040,1
7401703449,Becca Levy,21317,Health Promotion Practice,15248399,1
7401703449,Becca Levy,21677,American Journal of Human Genetics,00029297,1
7401703449,Becca Levy,23010,Journal of Controlled Release,01683659,1
7401703449,Becca Levy,26643,Journal of General Internal Medicine,08848734,1
7401703449,Becca Levy,27063,American Journal of Preventive Medicine,07493797,1
7401703449,Becca Levy,27339,Journal of Religion and Health,00224197,1
7401703449,Becca Levy,27473,Annals of Behavioral Medicine,08836612,1
7401703449,Becca Levy,28471,Ageing and Society,0144686X,1
7401703449,Becca Levy,28514,Journal of the American Geriatrics Society,00028614,5
7401703449,Becca Levy,28533,American Journal of Alzheimer S Disease and Other Dementias,15333175,1
7401703449,Becca Levy,28534,American Journal of Geriatric Psychiatry,10647481,8
7401703449,Becca Levy,29070,Gerontologist,00169013,5
7401703449,Becca Levy,29163,International Journal of Aging and Human Development,00914150,3
7401703449,Becca Levy,29189,Journal of Aging and Health,08982643,2
7401703449,Becca Levy,29193,Journal of Aging and Social Policy,08959420,1
7401703449,Becca Levy,29196,Journal of Cross Cultural Gerontology,01693816,1
7401703449,Becca Levy,29197,Journal of Elder Abuse and Neglect,08946566,1
7401703449,Becca Levy,29557,Journal of Mental Health and Aging,10784470,3
7401703449,Becca Levy,29561,Journals of Gerontology Series B Psychological Sciences and Social Sciences,10795014,11
7401703449,Becca Levy,29802,Psychology and Aging,08827974,3
7401703449,Becca Levy,29826,Research on Aging,01640275,2
7401703449,Becca Levy,30039,Journal of Personality and Social Psychology,00223514,2
7401703449,Becca Levy,30085,Journal of Social and Clinical Psychology,07367236,2
7401703449,Becca Levy,30088,Journal of Social Issues,00224537,2
7401703449,Becca Levy,3600148102,Alzheimer S and Dementia,15525260,1
7402212167,John Robert Warren,12115,Journal of Economic and Social Measurement,07479662,1
7402212167,John Robert Warren,13358,Sociology of Education,00380407,3
7402212167,John Robert Warren,14193,Education Policy Analysis Archives,10682341,1
7402212167,John Robert Warren,14750,International Journal of Epidemiology,03005771,1
7402212167,John Robert Warren,15415,Phi Delta Kappan,00317217,1
7402212167,John Robert Warren,15528,Annals of the American Academy of Political and Social Science,00027162,2
7402212167,John Robert Warren,16926,American Journal of Sociology,00029602,1
7402212167,John Robert Warren,16929,American Sociological Review,00031224,3
7402212167,John Robert Warren,17530,Social Forces,00377732,6
7402212167,John Robert Warren,18013,Neuropsychology,19311559,1
7402212167,John Robert Warren,18091,Sociological Methods and Research,00491241,4
7402212167,John Robert Warren,18983,Social Science and Medicine,02779536,5
7402212167,John Robert Warren,19327,Historical Methods,01615440,1
7402212167,John Robert Warren,19569,Annals of Epidemiology,10472797,2
7402212167,John Robert Warren,19726,Educational Evaluation and Policy Analysis,01623737,2
7402212167,John Robert Warren,19727,Educational Policy,08959048,2
7402212167,John Robert Warren,21100443787,Ssm Population Health,23528273,2
7402212167,John Robert Warren,21100457028,Science Advances,23752548,2
7402212167,John Robert Warren,21100855741,Sociological Science,23306696,1
7402212167,John Robert Warren,21100900345,JAMA Network Open,25743805,1
7402212167,John Robert Warren,21101021489,Socius,23780231,2
7402212167,John Robert Warren,21101045327,Aera Open,23328584,1
7402212167,John Robert Warren,21101186976,Pnas Nexus,27526542,1
7402212167,John Robert Warren,21121,Proceedings of the National Academy of Sciences of the United States of America,00278424,1
7402212167,John Robert Warren,21905,Journal of Public Health Management and Practice,10784659,1
7402212167,John Robert Warren,22900,Research Policy,00487333,1
7402212167,John Robert Warren,23574,Public Opinion Quarterly,0033362X,2
7402212167,John Robert Warren,25669,Journal of Clinical Periodontology,03036979,1
7402212167,John Robert Warren,25990,Social Science History,01455532,1
7402212167,John Robert Warren,26361,Demographic Research,14359871,1
7402212167,John Robert Warren,26365,Demography,00703370,3
7402212167,John Robert Warren,26441,Social Science Research,0049089X,7
7402212167,John Robert Warren,26731,History of the Family,1081602X,2
7402212167,John Robert Warren,26857,International Migration Review,01979183,2
7402212167,John Robert Warren,27058,American Journal of Epidemiology,00029262,1
7402212167,John Robert Warren,27387,Population Research and Policy Review,01675923,1
7402212167,John Robert Warren,27446,Youth and Society,0044118X,1
7402212167,John Robert Warren,29189,Journal of Aging and Health,08982643,1
7402212167,John Robert Warren,29432,American Educational Research Journal,00028312,1
7402212167,John Robert Warren,29561,Journals of Gerontology Series B Psychological Sciences and Social Sciences,10795014,3
7402212167,John Robert Warren,29826,Research on Aging,01640275,2
7402212167,John Robert Warren,3600148102,Alzheimer S and Dementia,15525260,1
7402212167,John Robert Warren,4100151507,Research in Social Stratification and Mobility,02765624,1
7402212167,John Robert Warren,5600155894,Advances in Life Course Research,15694909,1
7402212167,John Robert Warren,5800194481,Educational Researcher,0013189X,2
7402220991,Matthew Baum,11600153640,Quarterly Journal of Political Science,15540626,1
7402220991,Matthew Baum,12024,Applied Cognitive Psychology,08884080,1
7402220991,Matthew Baum,12094,Journal of the American Statistical Association,01621459,1
7402220991,Matthew Baum,12100156092,Journal of Political Science Education,15512169,1
7402220991,Matthew Baum,12600154765,Japanese Journal of Political Science,14681099,1
7402220991,Matthew Baum,13447,Comparative Political Studies,00104140,1
7402220991,Matthew Baum,13487,Depression and Anxiety,10914269,1
7402220991,Matthew Baum,14946,Group Processes and Intergroup Relations,13684302,1
7402220991,Matthew Baum,15555,American Journal of Political Science,00925853,3
7402220991,Matthew Baum,15557,American Political Science Review,00030554,3
7402220991,Matthew Baum,15931,Journal of Health Politics Policy and Law,03616878,1
7402220991,Matthew Baum,16232,British Journal of Political Science,00071234,1
7402220991,Matthew Baum,16245,Journal of Affective Disorders,01650327,2
7402220991,Matthew Baum,18017,Neuropsychopharmacology,0893133X,1
7402220991,Matthew Baum,19774,International Journal of Public Opinion Research,09542892,3
7402220991,Matthew Baum,20333,Journal of Politics,00223816,6
7402220991,Matthew Baum,21100838541,Nature Human Behaviour,23973374,1
7402220991,Matthew Baum,21100870919,Political Science Research and Methods,20498470,1
7402220991,Matthew Baum,21100900345,JAMA Network Open,25743805,13
7402220991,Matthew Baum,21100908414,Proceedings of the ACM on Human Computer Interaction,25730142,1
7402220991,Matthew Baum,21101163294,BMJ Mental Health,27559734,1
7402220991,Matthew Baum,21101186976,Pnas Nexus,27526542,2
7402220991,Matthew Baum,21101302943,Journal of Mood and Anxiety Disorders,29500044,1
7402220991,Matthew Baum,21121,Proceedings of the National Academy of Sciences of the United States of America,00278424,2
7402220991,Matthew Baum,22832,Political Behavior,01909320,2
7402220991,Matthew Baum,22838,Political Communication,10584609,3
7402220991,Matthew Baum,23528,Presidential Studies Quarterly,03604918,1
7402220991,Matthew Baum,23571,Science,00368075,1
7402220991,Matthew Baum,23574,Public Opinion Quarterly,0033362X,2
7402220991,Matthew Baum,23930,Conflict Management and Peace Science,07388942,1
7402220991,Matthew Baum,25847,International Studies Perspectives,15283577,1
7402220991,Matthew Baum,25848,International Studies Quarterly,00208833,2
7402220991,Matthew Baum,26362,Journal of Peace Research,00223433,1
7402220991,Matthew Baum,27663,Journal of Conflict Resolution,00220027,1
7402220991,Matthew Baum,39139,International Organization,00208183,1
7402550950,Kirsten Martin,15136,Information Society,01972243,2
7402550950,Kirsten Martin,16269,Journal of Legal Studies,00472530,1
7402550950,Kirsten Martin,19800188032,MIS Quarterly Executive,15401960,2
7402550950,Kirsten Martin,200147134,First Monday,13960466,1
7402550950,Kirsten Martin,20143,Business and Society,00076503,1
7402550950,Kirsten Martin,20550,Journal of Business Research,01482963,1
7402550950,Kirsten Martin,21100307484,Journal of the Association for Information Science and Technology,23301635,1
7402550950,Kirsten Martin,22717,Business Ethics Quarterly,1052150X,1
7402550950,Kirsten Martin,23859,Journal of Business Ethics,01674544,7
7402550950,Kirsten Martin,2600147402,Ethics and Information Technology,13881957,1
7402622474,Marta Elliott,1100147103,Analyses of Social Issues and Public Policy,15297489,1
7402622474,Marta Elliott,110175,Psychiatric Services Washington D C,15579700,1
7402622474,Marta Elliott,11600153423,American Journal of Men S Health,15579883,1
7402622474,Marta Elliott,12088,Basic and Applied Social Psychology,01973533,1
7402622474,Marta Elliott,12247,Journal of Human Behavior in the Social Environment,10911359,1
7402622474,Marta Elliott,12671,Mental Health Religion and Culture,13674676,3
7402622474,Marta Elliott,13344,Social Psychology of Education,13812890,1
7402622474,Marta Elliott,13358,Sociology of Education,00380407,1
7402622474,Marta Elliott,14117,European Journal of Social Psychology,00462772,1
7402622474,Marta Elliott,145159,Journal of Deaf Studies and Deaf Education,10814159,1
7402622474,Marta Elliott,14768,Hispanic Journal of Behavioral Sciences,07399863,1
7402622474,Marta Elliott,14798,Sex Roles,03600025,1
7402622474,Marta Elliott,14873,International Journal of Behavioral Medicine,10705503,1
7402622474,Marta Elliott,14946,Group Processes and Intergroup Relations,13684302,1
7402622474,Marta Elliott,15390,Journal of Applied Social Psychology,00219029,2
7402622474,Marta Elliott,15671,Journal of Political and Military Sociology,00472697,1
7402622474,Marta Elliott,16186,International Journal of Social Psychiatry,00207640,3
7402622474,Marta Elliott,17562,Social Psychology Quarterly,01902725,2
7402622474,Marta Elliott,17697,Public Health,00333506,1
7402622474,Marta Elliott,17700156745,Psychology of Religion and Spirituality,19411022,1
7402622474,Marta Elliott,18140,Sociology of Religion A Quarterly Review,10694404,1
7402622474,Marta Elliott,18950,Journal of College Student Development,08975264,1
7402622474,Marta Elliott,19841,Social Psychiatry and Psychiatric Epidemiology,09337954,2
7402622474,Marta Elliott,19900193555,Social Psychological and Personality Science,19485506,1
7402622474,Marta Elliott,20099,Women and Health,03630242,1
7402622474,Marta Elliott,21100779233,Journal of Racial and Ethnic Health Disparities,21973792,2
7402622474,Marta Elliott,21100782431,Society and Mental Health,21568693,2
7402622474,Marta Elliott,21101042149,Stigma and Health,23766972,3
7402622474,Marta Elliott,21101097039,Sociology of Race and Ethnicity,23326492,1
7402622474,Marta Elliott,21945,Substance Use and Misuse,10826084,1
7402622474,Marta Elliott,23704,Journal of Gender Studies,09589236,2
7402622474,Marta Elliott,26441,Social Science Research,0049089X,1
7402622474,Marta Elliott,27339,Journal of Religion and Health,00224197,3
7402622474,Marta Elliott,29102,Health and Place,13538292,1
7402622474,Marta Elliott,29291,Community Mental Health Journal,00103853,1
7402622474,Marta Elliott,29471,American Journal of Orthopsychiatry,00029432,1
7402622474,Marta Elliott,29632,Review of Religious Research,0034673X,3
7402622474,Marta Elliott,4700152751,Journal of Workplace Behavioral Health,15555240,1
7402622474,Marta Elliott,5200152634,Journal of Women and Minorities in Science and Engineering,10728325,1
7402622474,Marta Elliott,5700165306,Qualitative Report,21603715,1
7402622474,Marta Elliott,5800179627,Self and Identity,15298868,1
7402834878,Bernadette Park,10600153309,Plos One,19326203,1
7402834878,Bernadette Park,110175,Psychiatric Services,10752730,1
7402834878,Bernadette Park,12088,Basic and Applied Social Psychology,01973533,1
7402834878,Bernadette Park,12811,Personality and Social Psychology Bulletin,01461672,4
7402834878,Bernadette Park,13456,Psychological Inquiry,1047840X,2
7402834878,Bernadette Park,13467,Psychological Review,0033295X,2
7402834878,Bernadette Park,13545,Eating Behaviors,14710153,1
7402834878,Bernadette Park,14031,Psychology of Men and Masculinity,15249220,1
7402834878,Bernadette Park,14117,European Journal of Social Psychology,00462772,2
7402834878,Bernadette Park,14271,Educational Psychology,01443410,1
7402834878,Bernadette Park,14798,Sex Roles,03600025,3
7402834878,Bernadette Park,14823,Social Cognition,0278016X,1
7402834878,Bernadette Park,14946,Group Processes and Intergroup Relations,13684302,4
7402834878,Bernadette Park,15270,South African Journal of Psychology,00812463,1
7402834878,Bernadette Park,15390,Journal of Applied Social Psychology,00219029,1
7402834878,Bernadette Park,15499,Journal of Experimental Social Psychology,00221031,12
7402834878,Bernadette Park,16300154722,Psychology of Music,03057356,1
7402834878,Bernadette Park,17534,Social Justice Research,08857466,1
7402834878,Bernadette Park,18300156710,European Review of Social Psychology,10463283,1
7402834878,Bernadette Park,21100810500,Social Sciences,20760760,1
7402834878,Bernadette Park,22326,Organizational Behavior and Human Decision Processes,07495978,1
7402834878,Bernadette Park,30039,Journal of Personality and Social Psychology,00223514,19
7402834878,Bernadette Park,30042,Journal of Personality Assessment,00223891,1
7402834878,Bernadette Park,30088,Journal of Social Issues,00224537,1
7402981381,Jeff Larsen,12088,Basic and Applied Social Psychology,01973533,1
7402981381,Jeff Larsen,12793,Peace and Conflict,10781919,1
7402981381,Jeff Larsen,12858,Cognition and Emotion,02699931,2
7402981381,Jeff Larsen,13443,Psychological Bulletin,00332909,1
7402981381,Jeff Larsen,13468,Psychological Science,09567976,4
7402981381,Jeff Larsen,14075,Emotion,15283542,6
7402981381,Jeff Larsen,14346,Brain Research,00068993,1
7402981381,Jeff Larsen,144820,Journal of Happiness Studies,13894978,1
7402981381,Jeff Larsen,15370,Journal of Abnormal Psychology,0021843X,1
7402981381,Jeff Larsen,15499,Journal of Experimental Social Psychology,00221031,1
7402981381,Jeff Larsen,16812,Journal of Psychiatric Research,00223956,1
7402981381,Jeff Larsen,17500155105,Emotion Review,17540739,3
7402981381,Jeff Larsen,17500155126,Attention Perception and Psychophysics,19433921,2
7402981381,Jeff Larsen,18009,Neuropsychologia,00283932,2
7402981381,Jeff Larsen,18747,Psychophysiology,00485772,3
7402981381,Jeff Larsen,18923,Journal of Genetic Psychology,00221325,1
7402981381,Jeff Larsen,19355,Schizophrenia Research,09209964,1
7402981381,Jeff Larsen,21100838541,Nature Human Behaviour,23973374,1
7402981381,Jeff Larsen,21101150129,Affective Science,26622041,1
7402981381,Jeff Larsen,22861,Political Psychology,0162895X,1
7402981381,Jeff Larsen,24759,Addiction Research and Theory,16066359,1
7402981381,Jeff Larsen,30039,Journal of Personality and Social Psychology,00223514,5
7402981381,Jeff Larsen,30073,Journal of Research in Personality,00926566,1
7403215280,Monique Mitchell Turner,10600153309,Plos One,19326203,3
7403215280,Monique Mitchell Turner,12111,Behavioral Medicine,08964289,1
7403215280,Monique Mitchell Turner,12853,Communication Monographs,03637751,4
7403215280,Monique Mitchell Turner,13479,Current Psychology,10461310,1
7403215280,Monique Mitchell Turner,14014,Psychology and Marketing,07426046,1
7403215280,Monique Mitchell Turner,14075,Emotion,15283542,1
7403215280,Monique Mitchell Turner,14119,Disasters,03613666,1
7403215280,Monique Mitchell Turner,14772,Human Communication Research,03603989,3
7403215280,Monique Mitchell Turner,14873,International Journal of Behavioral Medicine,10705503,1
7403215280,Monique Mitchell Turner,15300154836,Zeitschrift Fur Psychologie Journal of Psychology,21908370,1
7403215280,Monique Mitchell Turner,15357,Journal of Adolescent Health,1054139X,1
7403215280,Monique Mitchell Turner,15613,Journal of Communication,00219916,1
7403215280,Monique Mitchell Turner,15877,Journal of Community Health,00945145,1
7403215280,Monique Mitchell Turner,15916,Journal of Health Communication,10810730,3
7403215280,Monique Mitchell Turner,16664,Journal of Behavioral Medicine,01607715,1
7403215280,Monique Mitchell Turner,17058,Nicotine and Tobacco Research,14622203,2
7403215280,Monique Mitchell Turner,17649,Communication Research,00936502,1
7403215280,Monique Mitchell Turner,18502,International Journal of Tuberculosis and Lung Disease,10273719,1
7403215280,Monique Mitchell Turner,18778,Violence and Victims,08866708,1
7403215280,Monique Mitchell Turner,19545,AIDS Education and Prevention,08999546,1
7403215280,Monique Mitchell Turner,19700188323,Nutrients,20726643,1
7403215280,Monique Mitchell Turner,200147107,Communication Reports,08934215,3
7403215280,Monique Mitchell Turner,20374,Journal of Interpersonal Violence,08862605,1
7403215280,Monique Mitchell Turner,20610,Journal of Food Protection,0362028X,1
7403215280,Monique Mitchell Turner,20739,Family and Community Health,01606379,1
7403215280,Monique Mitchell Turner,20814,Harm Reduction Journal,14777517,1
7403215280,Monique Mitchell Turner,20877,Health Education and Behavior,10901981,1
7403215280,Monique Mitchell Turner,21100199546,Translational Behavioral Medicine,18696716,1
7403215280,Monique Mitchell Turner,21100215718,Weather Climate and Society,19488327,1
7403215280,Monique Mitchell Turner,21100242210,Journal of Social Marketing,20426763,1
7403215280,Monique Mitchell Turner,21100399701,Clinical Obesity,17588103,1
7403215280,Monique Mitchell Turner,21100838541,Nature Human Behaviour,23973374,1
7403215280,Monique Mitchell Turner,21100893578,Jmir Mhealth and Uhealth,22915222,1
7403215280,Monique Mitchell Turner,21100932754,Obesity Science and Practice,20552238,1
7403215280,Monique Mitchell Turner,21100944557,Health Equity,24731242,1
7403215280,Monique Mitchell Turner,21101019738,Human Behavior and Emerging Technologies,25781863,1
7403215280,Monique Mitchell Turner,21101028582,Jmir Formative Research,2561326X,1
7403215280,Monique Mitchell Turner,21101030810,Jmir Public Health and Surveillance,23692960,1
7403215280,Monique Mitchell Turner,21101046173,Argumentation and Advocacy,10511431,2
7403215280,Monique Mitchell Turner,21101061926,Frontiers in Communication,2297900X,1
7403215280,Monique Mitchell Turner,21101065238,Health Policy Open,25902296,1
7403215280,Monique Mitchell Turner,21101088431,Antimicrobial Stewardship and Healthcare Epidemiology,2732494X,3
7403215280,Monique Mitchell Turner,22460,Patient Education and Counseling,07383991,1
7403215280,Monique Mitchell Turner,22861,Political Psychology,0162895X,1
7403215280,Monique Mitchell Turner,23019,Prevention Science,13894986,1
7403215280,Monique Mitchell Turner,26372,Risk Analysis,02724332,1
7403215280,Monique Mitchell Turner,27473,Annals of Behavioral Medicine,08836612,1
7403215280,Monique Mitchell Turner,27658,Maternal and Child Health Journal,10927875,1
7403215280,Monique Mitchell Turner,29139,Public Relations Review,03638111,1
7403215280,Monique Mitchell Turner,33982,Health Communication,10410236,4
7403215280,Monique Mitchell Turner,4700152754,Journal of Nonprofit and Public Sector Marketing,10495142,1
7403215280,Monique Mitchell Turner,4700152825,Obesity,19307381,1
7403215280,Monique Mitchell Turner,5600153399,Communication Studies,10510974,1
7403215280,Monique Mitchell Turner,5600153635,Risk Management,14603799,1
7403215280,Monique Mitchell Turner,5600154339,Communication Quarterly,01463373,2
7403215280,Monique Mitchell Turner,5600155554,Southern Communication Journal,1041794X,3
7403215280,Monique Mitchell Turner,5600157619,Obesity Research and Clinical Practice,1871403X,1
7403215280,Monique Mitchell Turner,5700155425,Communication Research Reports,08824096,3
7403215280,Monique Mitchell Turner,7600153113,Breastfeeding Medicine,15568253,1
7403232868,Suzanne C. Thompson,12088,Basic and Applied Social Psychology,01973533,5
7403232868,Suzanne C. Thompson,12710,Motivation and Emotion,01467239,1
7403232868,Suzanne C. Thompson,12772,British Journal of Health Psychology,1359107X,1
7403232868,Suzanne C. Thompson,12811,Personality and Social Psychology Bulletin,01461672,1
7403232868,Suzanne C. Thompson,13443,Psychological Bulletin,00332909,1
7403232868,Suzanne C. Thompson,13477,Current Directions in Psychological Science,09637214,1
7403232868,Suzanne C. Thompson,14012,Psychology and Health,08870446,1
7403232868,Suzanne C. Thompson,14117,European Journal of Social Psychology,00462772,1
7403232868,Suzanne C. Thompson,14277,Health Psychology Official Journal of the Division of Health Psychology American Psychological Association,02786133,1
7403232868,Suzanne C. Thompson,14356,Environment and Behavior,00139165,1
7403232868,Suzanne C. Thompson,14798,Sex Roles,03600025,1
7403232868,Suzanne C. Thompson,15384,Journal of Applied Biobehavioral Research,10712089,1
7403232868,Suzanne C. Thompson,15390,Journal of Applied Social Psychology,00219029,6
7403232868,Suzanne C. Thompson,15499,Journal of Experimental Social Psychology,00221031,1
7403232868,Suzanne C. Thompson,15565,Journal of Loss and Trauma,15325024,1
7403232868,Suzanne C. Thompson,15965,Personal Relationships,13504126,1
7403232868,Suzanne C. Thompson,16664,Journal of Behavioral Medicine,01607715,1
7403232868,Suzanne C. Thompson,18983,Social Science and Medicine,02779536,1
7403232868,Suzanne C. Thompson,19532,Accident Analysis and Prevention,00014575,1
7403232868,Suzanne C. Thompson,19545,AIDS Education and Prevention,08999546,1
7403232868,Suzanne C. Thompson,20877,Health Education and Behavior,10901981,1
7403232868,Suzanne C. Thompson,21100200437,Applied Psychology Health and Well Being,17580846,1
7403232868,Suzanne C. Thompson,21321,AIDS Care Psychological and Socio Medical Aspects of AIDS HIV,09540121,1
7403232868,Suzanne C. Thompson,22460,Patient Education and Counseling,07383991,1
7403232868,Suzanne C. Thompson,27618,American Journal of Health Behavior,10873244,1
7403232868,Suzanne C. Thompson,27901,Family Practice,02632136,1
7403232868,Suzanne C. Thompson,29979,Journal of Psychosocial Oncology,07347332,2
7403232868,Suzanne C. Thompson,30022,Journal of Personality,00223506,1
7403232868,Suzanne C. Thompson,30039,Journal of Personality and Social Psychology,00223514,3
7403232868,Suzanne C. Thompson,30078,American Journal of Obstetrics and Gynecology,00029378,1
7403232868,Suzanne C. Thompson,30084,Journal of Sex Research,00224499,1
7403232868,Suzanne C. Thompson,30088,Journal of Social Issues,00224537,1
7403232868,Suzanne C. Thompson,74238,Journal of Personal and Interpersonal Loss,10811443,1
7403383173,Amy Watson,110175,Psychiatric Services Washington D C,15579700,15
7403383173,Amy Watson,11600154701,Police Quarterly,10986111,1
7403383173,Amy Watson,12123,Behavioral Sciences and the Law,07353936,3
7403383173,Amy Watson,12308,Journal of Social Work Education,10437797,2
7403383173,Amy Watson,14045,Psychology Public Policy and Law,10768971,1
7403383173,Amy Watson,145675,Social Work in Mental Health,15332985,2
7403383173,Amy Watson,15390,Journal of Applied Social Psychology,00219029,1
7403383173,Amy Watson,15430,Journal of Community Psychology,00904392,1
7403383173,Amy Watson,15503,Journal of Family Psychology,08933200,1
7403383173,Amy Watson,15626,International Journal of Law and Psychiatry,01602527,6
7403383173,Amy Watson,15645,Journal of Health and Social Behavior,00221465,1
7403383173,Amy Watson,15916,Journal of Health Communication,10810730,1
7403383173,Amy Watson,16186,International Journal of Social Psychiatry,00207640,1
7403383173,Amy Watson,16734,Journal of Nervous and Mental Disease,00223018,4
7403383173,Amy Watson,16796,Journal of Psychiatric and Mental Health Nursing,13510126,1
7403383173,Amy Watson,16907,Research on Social Work Practice,10497315,1
7403383173,Amy Watson,17500155156,Early Intervention in Psychiatry,17517885,1
7403383173,Amy Watson,17521,Law and Contemporary Problems,00239186,1
7403383173,Amy Watson,17656,Journal of the American Academy of Psychiatry and the Law,10936793,1
7403383173,Amy Watson,17712,Qualitative Health Research,10497323,1
7403383173,Amy Watson,18684,Psychiatric Annals,00485713,1
7403383173,Amy Watson,18729,Psychiatry Research,01651781,2
7403383173,Amy Watson,18983,Social Science and Medicine,02779536,1
7403383173,Amy Watson,19353,Schizophrenia Bulletin,05867614,2
7403383173,Amy Watson,19621,BMC Public Health,14712458,1
7403383173,Amy Watson,19625,Crime and Delinquency,00111287,1
7403383173,Amy Watson,19664,Criminal Justice and Behavior,00938548,1
7403383173,Amy Watson,19684,Criminology,00111384,1
7403383173,Amy Watson,21100216571,Frontiers in Psychology,16641078,2
7403383173,Amy Watson,21100388413,Policing Oxford,17524512,1
7403383173,Amy Watson,21100774810,Health and Justice,21947899,1
7403383173,Amy Watson,21100830426,Journal of Criminological Research Policy and Practice,20563841,1
7403383173,Amy Watson,21101163446,Psychiatric Research and Clinical Practice,25755609,2
7403383173,Amy Watson,21541,Policing,1363951X,2
7403383173,Amy Watson,24733,American Behavioral Scientist,00027642,1
7403383173,Amy Watson,26613,Administration and Policy in Mental Health and Mental Health Services Research,0894587X,3
7403383173,Amy Watson,28933,Judicature,00225800,1
7403383173,Amy Watson,29291,Community Mental Health Journal,00103853,6
7403383173,Amy Watson,30085,Journal of Social and Clinical Psychology,07367236,1
7403383173,Amy Watson,4700152738,Journal of Police Crisis Negotiations,15332586,4
7403383173,Amy Watson,5600153974,Policing and Society,10439463,1
7403383173,Amy Watson,5700166357,Social Work Education,02615479,1
7403383173,Amy Watson,6500153248,Victims and Offenders,15564886,1
7403519922,Andy Baker,10600153309,Plos One,19326203,1
7403519922,Andy Baker,11300153407,Jacc Cardiovascular Imaging,1936878X,1
7403519922,Andy Baker,12211,Journal of Bone and Mineral Research,08840431,1
7403519922,Andy Baker,12391,Lung Cancer,01695002,1
7403519922,Andy Baker,12430,Molecular Cancer Research,15417786,1
7403519922,Andy Baker,12455,Molecular Therapy,15250016,23
7403519922,Andy Baker,12523,Oncogene,09509232,2
7403519922,Andy Baker,12977,Plos Biology,15449173,1
7403519922,Andy Baker,13703,Biology of Reproduction,00063363,1
7403519922,Andy Baker,13736,British Journal of Ophthalmology,00071161,1
7403519922,Andy Baker,14131,Methods in Enzymology,00766879,1
7403519922,Andy Baker,14222,Peptides,01969781,1
7403519922,Andy Baker,14272,Stem Cells,10665099,1
7403519922,Andy Baker,14500154702,Journal of Cardiovascular Translational Research,19375387,1
7403519922,Andy Baker,15048,FASEB Journal,08926638,1
7403519922,Andy Baker,15819,Nature Medicine,10788956,3
7403519922,Andy Baker,15870,Journal of Clinical Investigation,00219738,2
7403519922,Andy Baker,16115,Nature Biotechnology,10870156,1
7403519922,Andy Baker,16667,Journal of Cerebral Blood Flow and Metabolism,0271678X,1
7403519922,Andy Baker,16845,Biochemical and Biophysical Research Communications,0006291X,1
7403519922,Andy Baker,16850,Biochemical Journal,02646021,2
7403519922,Andy Baker,17219,Matrix Biology,0945053X,1
7403519922,Andy Baker,17379,Molecular and Cellular Neuroscience,10447431,1
7403519922,Andy Baker,17466,Neurobiology of Disease,09699961,1
7403519922,Andy Baker,17481,FEBS Letters,00145793,3
7403519922,Andy Baker,17592,Journal of Biological Chemistry,00219258,3
7403519922,Andy Baker,18000,American Journal of Respiratory and Critical Care Medicine,1073449X,1
7403519922,Andy Baker,18434,Cell,00928674,1
7403519922,Andy Baker,18556,Journal of Cell Science,00219533,1
7403519922,Andy Baker,18922,Journal of Gene Medicine,1099498X,3
7403519922,Andy Baker,19140,Arthritis and Rheumatism,00043591,1
7403519922,Andy Baker,19278,Transplantation,00411337,1
7403519922,Andy Baker,19370,Journal of the American Society of Nephrology,10466673,1
7403519922,Andy Baker,19700182758,Nature Communications,20411723,4
7403519922,Andy Baker,19700188364,Viruses,19994915,2
7403519922,Andy Baker,19700201524,Stem Cell Research and Therapy,17576512,1
7403519922,Andy Baker,19900192735,International Drug Discovery,21504792,1
7403519922,Andy Baker,20084,British Journal of Pharmacology,00071188,1
7403519922,Andy Baker,20230,Journal of General Virology,00221317,1
7403519922,Andy Baker,20250,Journal of Virology,0022538X,9
7403519922,Andy Baker,20626,Clinical Pharmacology and Therapeutics,00099236,1
7403519922,Andy Baker,21100200805,Scientific Reports,20452322,4
7403519922,Andy Baker,21100201068,Cell Reports,22111247,1
7403519922,Andy Baker,21100205761,European Heart Journal Cardiovascular Imaging,20472404,1
7403519922,Andy Baker,21100211738,European Journal of Preventive Cardiology,20474873,1
7403519922,Andy Baker,21100218543,Molecular Therapy Nucleic Acids,21622531,1
7403519922,Andy Baker,21100235610,Ejnmmi Research,2191219X,1
7403519922,Andy Baker,21100316063,European Heart Journal Acute Cardiovascular Care,20488726,1
7403519922,Andy Baker,21100464778,Open Heart,2398595X,1
7403519922,Andy Baker,21100467354,Pulmonary Circulation,20458932,2
7403519922,Andy Baker,21100788288,Jacc Basic to Translational Science,2452302X,1
7403519922,Andy Baker,21100826360,JAMA Cardiology,23806583,1
7403519922,Andy Baker,21100861038,Non Coding RNA,2311553X,2
7403519922,Andy Baker,21100894518,Jci Insight,23793708,1
7403519922,Andy Baker,21100944558,Frontiers in Cardiovascular Medicine,2297055X,1
7403519922,Andy Baker,21100978391,Cells,20734409,1
7403519922,Andy Baker,21121,Proceedings of the National Academy of Sciences of the United States of America,00278424,3
7403519922,Andy Baker,21191,Pharmacological Reviews,00316997,1
7403519922,Andy Baker,21272,Journal of Experimental Medicine,00221007,1
7403519922,Andy Baker,21722,Biochimica Et Biophysica Acta Molecular Basis of Disease,09254439,1
7403519922,Andy Baker,22168,Genetic Vaccines and Therapy,14790556,2
7403519922,Andy Baker,22243,Human Gene Therapy,10430342,11
7403519922,Andy Baker,22378,Vascular Pharmacology,15371891,3
7403519922,Andy Baker,22401,Journal of the American College of Cardiology,07351097,2
7403519922,Andy Baker,22466,Arteriosclerosis Thrombosis and Vascular Biology,10795642,9
7403519922,Andy Baker,22483,Atherosclerosis,00219150,1
7403519922,Andy Baker,22488,Basic Research in Cardiology,03008428,1
7403519922,Andy Baker,22570,Cardiovascular Research,00086363,12
7403519922,Andy Baker,22581,Circulation,00097322,14
7403519922,Andy Baker,22981,Journal of Cardiovascular Pharmacology,01602446,1
7403519922,Andy Baker,23010,Journal of Controlled Release,01683659,1
7403519922,Andy Baker,23014,Journal of Drug Targeting,1061186X,1
7403519922,Andy Baker,23063,Circulation Research,00097330,9
7403519922,Andy Baker,23138,Current Opinion in Cardiology,02684705,1
7403519922,Andy Baker,23183,European Heart Journal,15229645,6
7403519922,Andy Baker,23217,Heart,13556037,6
7403519922,Andy Baker,23311,American Journal of Physiology Heart and Circulatory Physiology,03636135,1
7403519922,Andy Baker,23741,Hypertension,0194911X,3
7403519922,Andy Baker,23845,Journal of Cardiovascular Magnetic Resonance,10976647,1
7403519922,Andy Baker,23882,Journal of Molecular and Cellular Cardiology,00222828,2
7403519922,Andy Baker,24868,Journal of Investigative Dermatology,0022202X,2
7403519922,Andy Baker,25454,Blood,00064971,5
7403519922,Andy Baker,25473,British Journal of Haematology,00071048,1
7403519922,Andy Baker,25879,International Journal of Molecular Sciences,16616596,2
7403519922,Andy Baker,26015,Leukemia,08876924,2
7403519922,Andy Baker,26017,Leukemia Research,01452126,3
7403519922,Andy Baker,26686,Methods in Molecular Medicine,15431894,1
7403519922,Andy Baker,27062,American Journal of Pathology,00029440,3
7403519922,Andy Baker,27242,Laboratory Investigation,00236837,1
7403519922,Andy Baker,28081,Gene Therapy,09697128,13
7403519922,Andy Baker,28770,British Journal of Cancer,00070920,1
7403519922,Andy Baker,28792,Cancer Biology and Therapy,15384047,1
7403519922,Andy Baker,29127,Cancer Gene Therapy,09291903,1
7403519922,Andy Baker,29160,Cancer Letters,03043835,1
7403519922,Andy Baker,29183,Cancer Research,00085472,3
7403519922,Andy Baker,29873,International Journal of Cancer,00207136,2
7403519922,Andy Baker,29904,International Journal of Radiation Biology,09553002,1
7403519922,Andy Baker,35934,Physiological Genomics,10948341,1
7403519922,Andy Baker,4000151808,Plos Genetics,15537390,1
7403519922,Andy Baker,4000151809,Plos Pathogens,15537366,2
7403519922,Andy Baker,4400151517,Cell Communication and Signaling,1478811X,1
7403519922,Andy Baker,4700152825,Obesity,19307381,1
7403519922,Andy Baker,5000157003,Biochemist,0954982X,1
7403519922,Andy Baker,5800179605,Journal of Cardiothoracic Surgery,17498090,1
7403529387,John R. Freeman,11600153640,Quarterly Journal of Political Science,15540626,1
7403529387,John R. Freeman,13447,Comparative Political Studies,00104140,3
7403529387,John R. Freeman,145558,Political Analysis,10471987,5
7403529387,John R. Freeman,15555,American Journal of Political Science,00925853,3
7403529387,John R. Freeman,15557,American Political Science Review,00030554,2
7403529387,John R. Freeman,16772,Canadian Journal of Political Science,00084239,1
7403529387,John R. Freeman,21100464772,Network Science,20501242,1
7403529387,John R. Freeman,22706,International Journal of Forecasting,01692070,1
7403529387,John R. Freeman,23861,Journal of Comparitive Economics,01475967,1
7403529387,John R. Freeman,23930,Conflict Management and Peace Science,07388942,1
7403529387,John R. Freeman,25848,International Studies Quarterly,00208833,2
7403529387,John R. Freeman,26362,Journal of Peace Research,00223433,1
7403529387,John R. Freeman,27663,Journal of Conflict Resolution,00220027,2
7404064441,Monica Schneider,12100156092,Journal of Political Science Education,15512169,2
7404064441,Monica Schneider,12811,Personality and Social Psychology Bulletin,01461672,2
7404064441,Monica Schneider,14035,Psychology of Women Quarterly,03616843,1
7404064441,Monica Schneider,16114,Electoral Studies,02613794,1
7404064441,Monica Schneider,20833,Health Affairs,02782715,1
7404064441,Monica Schneider,22197,PS Political Science and Politics,10490965,1
7404064441,Monica Schneider,22786,Policy Studies Journal,0190292X,1
7404064441,Monica Schneider,22861,Political Psychology,0162895X,4
7404064441,Monica Schneider,22867,Political Research Quarterly,10659129,1
7404064441,Monica Schneider,23574,Public Opinion Quarterly,0033362X,1
7404064441,Monica Schneider,4400151519,Journal of Women Politics and Policy,1554477X,5
7404064441,Monica Schneider,4700152786,Journal of Political Marketing,15377857,1
7404064441,Monica Schneider,5700166179,Politics and Gender,1743923X,1
7404064441,Monica Schneider,5800207751,Metaphor and Symbol,10926488,1
7404142839,Kipling Williams,10600153309,Plos One,19326203,2
7404142839,Kipling Williams,1100147103,Analyses of Social Issues and Public Policy,15297489,1
7404142839,Kipling Williams,12055,Asian Journal of Social Psychology,13672223,1
7404142839,Kipling Williams,12088,Basic and Applied Social Psychology,01973533,4
7404142839,Kipling Williams,12776,British Journal of Social Psychology,01446665,1
7404142839,Kipling Williams,12807,Personality and Individual Differences,01918869,1
7404142839,Kipling Williams,12811,Personality and Social Psychology Bulletin,01461672,6
7404142839,Kipling Williams,13401,Consciousness and Cognition,10538100,1
7404142839,Kipling Williams,13456,Psychological Inquiry,1047840X,1
7404142839,Kipling Williams,13468,Psychological Science,09567976,2
7404142839,Kipling Williams,13477,Current Directions in Psychological Science,09637214,1
7404142839,Kipling Williams,13545,Eating Behaviors,14710153,1
7404142839,Kipling Williams,14033,Psychology of Sport and Exercise,14690292,1
7404142839,Kipling Williams,14105,European Journal of Personality,08902070,1
7404142839,Kipling Williams,14117,European Journal of Social Psychology,00462772,3
7404142839,Kipling Williams,14246,Group Dynamics,10892699,6
7404142839,Kipling Williams,146223,Behavior Research Methods,1554351X,2
7404142839,Kipling Williams,14818,Small Group Research,10464964,1
7404142839,Kipling Williams,14946,Group Processes and Intergroup Relations,13684302,12
7404142839,Kipling Williams,15320,Teaching of Psychology,00986283,1
7404142839,Kipling Williams,15499,Journal of Experimental Social Psychology,00221031,10
7404142839,Kipling Williams,15565,Journal of Loss and Trauma,15325024,1
7404142839,Kipling Williams,15937,Zeitschrift Fur Sozialpsychologie,00443514,1
7404142839,Kipling Williams,15965,Personal Relationships,13504126,1
7404142839,Kipling Williams,16664,Journal of Behavioral Medicine,01607715,1
7404142839,Kipling Williams,17545,Law and Human Behavior,01477307,3
7404142839,Kipling Williams,17900156741,European Journal of Developmental Psychology,17405629,1
7404142839,Kipling Williams,18148,Pain,03043959,1
7404142839,Kipling Williams,18728,Psychiatry Psychology and Law,13218719,1
7404142839,Kipling Williams,19700175164,Frontiers in Human Neuroscience,16625161,1
7404142839,Kipling Williams,19700176047,Cyberpsychology Behavior and Social Networking,21522715,1
7404142839,Kipling Williams,19700186336,Psychology of Violence,21520828,1
7404142839,Kipling Williams,19700188900,Social Psychology,18649335,3
7404142839,Kipling Williams,19900192615,Cyberpsychology,18027962,1
7404142839,Kipling Williams,19900193555,Social Psychological and Personality Science,19485506,4
7404142839,Kipling Williams,20927,Yale Journal of Biology and Medicine,00440086,1
7404142839,Kipling Williams,21100202107,Journal of Social Evolutionary and Cultural Psychology,19335377,1
7404142839,Kipling Williams,21100216571,Frontiers in Psychology,16641078,2
7404142839,Kipling Williams,21100244818,International Journal of Developmental Sciences,2192001X,1
7404142839,Kipling Williams,21100833928,Psychology of Popular Media Culture,21604134,1
7404142839,Kipling Williams,21100886228,Policy Insights from the Behavioral and Brain Sciences,23727322,1
7404142839,Kipling Williams,23571,Science,00368075,1
7404142839,Kipling Williams,24007,Physiology and Behavior,00319384,1
7404142839,Kipling Williams,29216,Children S Health Care,02739615,1
7404142839,Kipling Williams,29424,Acta Psychologica,00016918,1
7404142839,Kipling Williams,29452,Aggressive Behavior,0096140X,1
7404142839,Kipling Williams,29492,American Psychologist,1935990X,1
7404142839,Kipling Williams,30039,Journal of Personality and Social Psychology,00223514,11
7404142839,Kipling Williams,30073,Journal of Research in Personality,00926566,1
7404142839,Kipling Williams,30085,Journal of Social and Clinical Psychology,07367236,1
7404142839,Kipling Williams,30086,Journal of Social and Personal Relationships,02654075,3
7404142839,Kipling Williams,30088,Journal of Social Issues,00224537,1
7404142839,Kipling Williams,30090,Journal of Social Psychology,00224545,5
7404142839,Kipling Williams,5800179627,Self and Identity,15298868,2
7404142839,Kipling Williams,5800207702,Interaction Studies,15720373,1
7404142839,Kipling Williams,6700153284,Social Influence,15534510,2
7404142839,Kipling Williams,7000153204,Social Cognitive and Affective Neuroscience,17495016,1
7404142839,Kipling Williams,74238,Journal of Personal and Interpersonal Loss,10811443,1
7404385954,Donald Green,10600153309,Plos One,19326203,1
7404385954,Donald Green,11600153640,Quarterly Journal of Political Science,15540626,1
7404385954,Donald Green,13447,Comparative Political Studies,00104140,3
7404385954,Donald Green,13530,Journal of the Royal Statistical Society Series A Statistics in Society,09641998,1
7404385954,Donald Green,13649,Annals of Statistics,00905364,1
7404385954,Donald Green,14061,Psychometrika,00333123,1
7404385954,Donald Green,145558,Political Analysis,10471987,5
7404385954,Donald Green,14794,Statistics and Probability Letters,01677152,1
7404385954,Donald Green,14849,Journal of Development Studies,00220388,1
7404385954,Donald Green,15528,Annals of the American Academy of Political and Social Science,00027162,4
7404385954,Donald Green,15555,American Journal of Political Science,00925853,8
7404385954,Donald Green,15557,American Political Science Review,00030554,8
7404385954,Donald Green,15559,American Politics Research,1532673X,3
7404385954,Donald Green,15821,Journal of Policy Analysis and Management,02768739,1
7404385954,Donald Green,16114,Electoral Studies,02613794,3
7404385954,Donald Green,16232,British Journal of Political Science,00071234,2
7404385954,Donald Green,16926,American Journal of Sociology,00029602,1
7404385954,Donald Green,18091,Sociological Methods and Research,00491241,1
7404385954,Donald Green,18300156706,Electronic News,19312431,1
7404385954,Donald Green,19684,Criminology,00111384,1
7404385954,Donald Green,19700187625,Journal of Research on Educational Effectiveness,19345747,1
7404385954,Donald Green,20333,Journal of Politics,00223816,11
7404385954,Donald Green,20377,Journal of Quantitative Criminology,07484518,1
7404385954,Donald Green,20877,Health Education and Behavior,10901981,1
7404385954,Donald Green,21100255401,Sage Open,21582440,1
7404385954,Donald Green,21100427853,Politics and Governance,21832463,1
7404385954,Donald Green,21100465147,Election Law Journal Rules Politics and Policy,15331296,1
7404385954,Donald Green,21100797724,Journal of Survey Statistics and Methodology,23250984,1
7404385954,Donald Green,21100835891,Journal of Experimental Political Science,20522630,3
7404385954,Donald Green,21100838541,Nature Human Behaviour,23973374,1
7404385954,Donald Green,21100865122,Research and Politics,20531680,4
7404385954,Donald Green,21100870919,Political Science Research and Methods,20498470,2
7404385954,Donald Green,21101046404,Advances in Methods and Practices in Psychological Science,25152459,1
7404385954,Donald Green,21101061926,Frontiers in Communication,2297900X,1
7404385954,Donald Green,21101095132,Behavioural Public Policy,2398063X,2
7404385954,Donald Green,21121,Proceedings of the National Academy of Sciences of the United States of America,00278424,2
7404385954,Donald Green,22197,PS Political Science and Politics,10490965,1
7404385954,Donald Green,22832,Political Behavior,01909320,7
7404385954,Donald Green,22838,Political Communication,10584609,2
7404385954,Donald Green,22861,Political Psychology,0162895X,1
7404385954,Donald Green,22867,Political Research Quarterly,10659129,3
7404385954,Donald Green,23574,Public Opinion Quarterly,0033362X,4
7404385954,Donald Green,26439,Social Science Quarterly,00384941,1
7404385954,Donald Green,26603,Evaluation Review,0193841X,1
7404385954,Donald Green,27387,Population Research and Policy Review,01675923,1
7404385954,Donald Green,27614,Resource and Energy Economics,09287655,1
7404385954,Donald Green,28181,Journal of Consumer Psychology,10577408,1
7404385954,Donald Green,30039,Journal of Personality and Social Psychology,00223514,4
7404385954,Donald Green,30088,Journal of Social Issues,00224537,1
7404385954,Donald Green,39139,International Organization,00208183,1
7404385954,Donald Green,4000148701,Perspectives on Politics,15375927,2
7404385954,Donald Green,4400151505,Critical Review,08913811,1
7404385954,Donald Green,4700152786,Journal of Political Marketing,15377857,1
7404385954,Donald Green,5700165635,Journal of Elections Public Opinion and Parties,17457289,1
7404385954,Donald Green,67863,Party Politics,13540688,1
7404385954,Donald Green,7500153126,Journal of the European Economic Association,15424766,1
7404496375,David Campbell,14432,Daedalus,00115266,1
7404496375,David Campbell,144907,Peabody Journal of Education,0161956X,1
7404496375,David Campbell,15528,Annals of the American Academy of Political and Social Science,00027162,3
7404496375,David Campbell,15555,American Journal of Political Science,00925853,4
7404496375,David Campbell,15557,American Political Science Review,00030554,1
7404496375,David Campbell,15559,American Politics Research,1532673X,1
7404496375,David Campbell,15821,Journal of Policy Analysis and Management,02768739,1
7404496375,David Campbell,18500158100,Forum Germany,15408884,2
7404496375,David Campbell,19700187625,Journal of Research on Educational Effectiveness,19345747,1
7404496375,David Campbell,19711,Education Next,15399672,1
7404496375,David Campbell,20333,Journal of Politics,00223816,2
7404496375,David Campbell,22832,Political Behavior,01909320,5
7404496375,David Campbell,22861,Political Psychology,0162895X,1
7404496375,David Campbell,22889,Political Science Quarterly,00323195,1
7404496375,David Campbell,23574,Public Opinion Quarterly,0033362X,3
7404496375,David Campbell,26867,Millenium,03058298,1
7404496375,David Campbell,27285,Journal for the Scientific Study of Religion,00218294,2
7404496375,David Campbell,5700160451,Politics and Religion,17550483,2
7404529174,Margaret S. Clark,12020,Anxiety Stress and Coping,10615806,1
7404529174,Margaret S. Clark,12088,Basic and Applied Social Psychology,01973533,1
7404529174,Margaret S. Clark,12108,Behavioral and Brain Sciences,0140525X,1
7404529174,Margaret S. Clark,12710,Motivation and Emotion,01467239,1
7404529174,Margaret S. Clark,12776,British Journal of Social Psychology,01446665,1
7404529174,Margaret S. Clark,12811,Personality and Social Psychology Bulletin,01461672,6
7404529174,Margaret S. Clark,12812,Personality and Social Psychology Review,10888683,1
7404529174,Margaret S. Clark,12858,Cognition and Emotion,02699931,2
7404529174,Margaret S. Clark,13456,Psychological Inquiry,1047840X,1
7404529174,Margaret S. Clark,13468,Psychological Science,09567976,7
7404529174,Margaret S. Clark,13480,Current Research in Social Psychology,10887423,1
7404529174,Margaret S. Clark,14075,Emotion,15283542,5
7404529174,Margaret S. Clark,14117,European Journal of Social Psychology,00462772,1
7404529174,Margaret S. Clark,14277,Health Psychology,02786133,2
7404529174,Margaret S. Clark,14798,Sex Roles,03600025,2
7404529174,Margaret S. Clark,14801,Sexual and Relationship Therapy,14681994,1
7404529174,Margaret S. Clark,15390,Journal of Applied Social Psychology,00219029,1
7404529174,Margaret S. Clark,15499,Journal of Experimental Social Psychology,00221031,7
7404529174,Margaret S. Clark,15503,Journal of Family Psychology,08933200,1
7404529174,Margaret S. Clark,15965,Personal Relationships,13504126,3
7404529174,Margaret S. Clark,17534,Social Justice Research,08857466,2
7404529174,Margaret S. Clark,19600166326,Mindfulness,18688527,1
7404529174,Margaret S. Clark,19700182323,Perspectives on Psychological Science,17456916,2
7404529174,Margaret S. Clark,19700182758,Nature Communications,20411723,1
7404529174,Margaret S. Clark,19700187621,Psychology and Sexuality,19419899,1
7404529174,Margaret S. Clark,21101150129,Affective Science,26622041,1
7404529174,Margaret S. Clark,30039,Journal of Personality and Social Psychology,00223514,16
7404529174,Margaret S. Clark,30086,Journal of Social and Personal Relationships,02654075,4
7404529174,Margaret S. Clark,5100152905,Clinical Neuropsychiatry,17244935,1
7404529174,Margaret S. Clark,5800157996,Journal of Verbal Learning and Verbal Behavior,00225371,1
7404529174,Margaret S. Clark,5800179627,Self and Identity,15298868,1
7404529174,Margaret S. Clark,7000153204,Social Cognitive and Affective Neuroscience,17495016,1
7404748011,Branden Johnson,,undefined,,1
7404748011,Branden Johnson,10600153309,Plos One,19326203,2
7404748011,Branden Johnson,12440,Professional Geographer,00330124,1
7404748011,Branden Johnson,12811,Personality and Social Psychology Bulletin,01461672,1
7404748011,Branden Johnson,130176,Environmental Practice,14660466,1
7404748011,Branden Johnson,15453,Journal of Cross Cultural Psychology,00220221,1
7404748011,Branden Johnson,15470,Journal of Environmental Psychology,02724944,1
7404748011,Branden Johnson,15916,Journal of Health Communication,10810730,1
7404748011,Branden Johnson,17449,Science Communication,10755470,1
7404748011,Branden Johnson,18854,Water Resources Research,00431397,1
7404748011,Branden Johnson,18983,Social Science and Medicine,02779536,1
7404748011,Branden Johnson,19372,Quality and Quantity,00335177,1
7404748011,Branden Johnson,19700182745,Environmental Communication,17524032,1
7404748011,Branden Johnson,21100224426,Environment Systems and Decisions,21945403,2
7404748011,Branden Johnson,21100228018,International Journal of Disaster Risk Reduction,22124209,1
7404748011,Branden Johnson,21339,Health Risk and Society,13698575,3
7404748011,Branden Johnson,21478,Environmental Management,0364152X,1
7404748011,Branden Johnson,21524,Environmental Research,00139351,1
7404748011,Branden Johnson,22370,Public Understanding of Science,09636625,5
7404748011,Branden Johnson,22651,Human and Ecological Risk Assessment,10807039,5
7404748011,Branden Johnson,22741,Archives of Environmental Health,00039896,1
7404748011,Branden Johnson,22773,Policy Sciences,00322687,1
7404748011,Branden Johnson,23394,Journal of Environmental Systems,00472433,1
7404748011,Branden Johnson,23434,Journal of Risk Research,13669877,13
7404748011,Branden Johnson,23709,Journal of Medical Internet Research,14388871,1
7404748011,Branden Johnson,24129,Natural Hazards Review,15276988,1
7404748011,Branden Johnson,25822,Society and Natural Resources,08941920,2
7404748011,Branden Johnson,26372,Risk Analysis,02724332,33
7404748011,Branden Johnson,26439,Social Science Quarterly,00384941,3
7404748011,Branden Johnson,27691,Journal of Public Policy,0143814X,1
7404748011,Branden Johnson,29403,Energy Policy,03014215,1
7404748011,Branden Johnson,30180,Issues in Engineering Journal of Professional Activities Proceedings of the ASCE,,1
7404748011,Branden Johnson,33911,Resource Recovery and Conservation,03043967,1
7404748011,Branden Johnson,33982,Health Communication,10410236,1
7404748011,Branden Johnson,5800173380,Human Dimensions of Wildlife,10871209,2
7404748011,Branden Johnson,6500153246,Applied Environmental Education and Communication,1533015X,1
7406809632,James Johnson,13447,Comparative Political Studies,00104140,1
7406809632,James Johnson,15555,American Journal of Political Science,00925853,3
7406809632,James Johnson,15557,American Political Science Review,00030554,3
7406809632,James Johnson,16232,British Journal of Political Science,00071234,1
7406809632,James Johnson,19700182415,Good Society,10890017,2
7406809632,James Johnson,19900192164,Journal of Political Power,2158379X,1
7406809632,James Johnson,20350,Journal of Theoretical Politics,09516298,1
7406809632,James Johnson,22826,Gestion Y Politica Publica,14051079,1
7406809632,James Johnson,22890,Political Studies,00323217,1
7406809632,James Johnson,23421,Political Theory,00905917,3
7406809632,James Johnson,25237,Philosophy of the Social Sciences,00483931,1
7406809632,James Johnson,29440,Review of Austrian Economics,08893047,1
7406809632,James Johnson,5600153503,Critical Review of International Social and Political Philosophy,13698230,1
7406809632,James Johnson,5700163963,Politics Philosophy Economics,1470594X,1
7501438338,Taeku Lee,13447,Comparative Political Studies,00104140,1
7501438338,Taeku Lee,14432,Daedalus,00115266,1
7501438338,Taeku Lee,15555,American Journal of Political Science,00925853,1
7501438338,Taeku Lee,15731,Australian Journal of Political Science,10361146,1
7501438338,Taeku Lee,16232,British Journal of Political Science,00071234,1
7501438338,Taeku Lee,18084,Sociological Forum,08848971,1
7501438338,Taeku Lee,19877,Journal of Democracy,10455736,1
7501438338,Taeku Lee,21100457028,Science Advances,23752548,1
7501438338,Taeku Lee,21100870919,Political Science Research and Methods,20498470,1
7501438338,Taeku Lee,21100888814,Journal of Race Ethnicity and Politics,20566085,1
7501438338,Taeku Lee,22197,PS Political Science and Politics,10490965,2
7501438338,Taeku Lee,22832,Political Behavior,01909320,1
7501438338,Taeku Lee,22838,Political Communication,10584609,1
7501438338,Taeku Lee,22867,Political Research Quarterly,10659129,1
7501438338,Taeku Lee,23439,Politics and Society,00323292,1
7501438338,Taeku Lee,26796,Socio Economic Review,14751461,1
7501438338,Taeku Lee,4000148701,Perspectives on Politics,15375927,1
7501438338,Taeku Lee,5700166187,Du Bois Review,1742058X,2
7801522604,Lisa Rashotte,14000155895,Sociology Compass,17519020,1
7801522604,Lisa Rashotte,14798,Sex Roles,03600025,1
7801522604,Lisa Rashotte,15388,Journal of Applied Psychology,00219010,1
7801522604,Lisa Rashotte,17530,Social Forces,00377732,1
7801522604,Lisa Rashotte,17562,Social Psychology Quarterly,01902725,2
7801522604,Lisa Rashotte,18090,Sociological Methodology,00811750,1
7801522604,Lisa Rashotte,26441,Social Science Research,0049089X,5
7801522604,Lisa Rashotte,6400153111,Journal of Ethnobiology and Ethnomedicine,17464269,1
7801540911,Michael J. Hanmer,12960,International Journal of Human Computer Studies,10715819,1
7801540911,Michael J. Hanmer,145558,Political Analysis,10471987,1
7801540911,Michael J. Hanmer,15555,American Journal of Political Science,00925853,2
7801540911,Michael J. Hanmer,15559,American Politics Research,1532673X,4
7801540911,Michael J. Hanmer,16114,Electoral Studies,02613794,3
7801540911,Michael J. Hanmer,17167,Public Administration Review,00333352,1
7801540911,Michael J. Hanmer,20333,Journal of Politics,00223816,1
7801540911,Michael J. Hanmer,21100465147,Election Law Journal Rules Politics and Policy,15331296,1
7801540911,Michael J. Hanmer,21100835891,Journal of Experimental Political Science,20522630,1
7801540911,Michael J. Hanmer,21100870919,Political Science Research and Methods,20498470,1
7801540911,Michael J. Hanmer,22197,PS Political Science and Politics,10490965,1
7801540911,Michael J. Hanmer,22832,Political Behavior,01909320,3
7801540911,Michael J. Hanmer,22867,Political Research Quarterly,10659129,1
7801540911,Michael J. Hanmer,23574,Public Opinion Quarterly,0033362X,1
7801540911,Michael J. Hanmer,23577,Publius,00485950,1
7801540911,Michael J. Hanmer,26439,Social Science Quarterly,00384941,1
7801540911,Michael J. Hanmer,4700152270,State Politics and Policy Quarterly,15324400,1
8062327100,Andrew W. Delton,10600153309,Plos One,19326203,1
8062327100,Andrew W. Delton,12059,Memory,09658211,1
8062327100,Andrew W. Delton,12061,Memory and Cognition,0090502X,1
8062327100,Andrew W. Delton,12108,Behavioral and Brain Sciences,0140525X,1
8062327100,Andrew W. Delton,13468,Psychological Science,09567976,2
8062327100,Andrew W. Delton,13477,Current Directions in Psychological Science,09637214,1
8062327100,Andrew W. Delton,15482,Journal of Experimental Psychology Learning Memory and Cognition,02787393,1
8062327100,Andrew W. Delton,15500154703,Evolutionary Psychology,14747049,2
8062327100,Andrew W. Delton,16232,British Journal of Political Science,00071234,1
8062327100,Andrew W. Delton,20290,Ecological Economics,09218009,1
8062327100,Andrew W. Delton,20333,Journal of Politics,00223816,3
8062327100,Andrew W. Delton,21100198409,Nature Climate Change,1758678X,1
8062327100,Andrew W. Delton,21100200805,Scientific Reports,20452322,1
8062327100,Andrew W. Delton,21100216571,Frontiers in Psychology,16641078,1
8062327100,Andrew W. Delton,21121,Proceedings of the National Academy of Sciences of the United States of America,00278424,1
8062327100,Andrew W. Delton,21503,Evolution and Human Behavior,10905138,6
8062327100,Andrew W. Delton,22832,Political Behavior,01909320,4
8062327100,Andrew W. Delton,22861,Political Psychology,0162895X,3
8062327100,Andrew W. Delton,23109,Journal of Psychopharmacology,02698811,1
8062327100,Andrew W. Delton,27067,Human Nature,10456767,1
8062327100,Andrew W. Delton,30039,Journal of Personality and Social Psychology,00223514,7
8062327100,Andrew W. Delton,67863,Party Politics,13540688,1
8116010300,John Zumbrunnen,22832,Political Behavior,01909320,1
8116010300,John Zumbrunnen,23484,Polity,00323497,1
8218844000,James Piazza,13447,Comparative Political Studies,00104140,1
8218844000,James Piazza,15555,American Journal of Political Science,00925853,1
8218844000,James Piazza,15559,American Politics Research,1532673X,2
8218844000,James Piazza,16082,Economic and Industrial Democracy,0143831X,1
8218844000,James Piazza,16110,Kyklos,00235962,1
8218844000,James Piazza,17272,Defence and Peace Economics,10242694,5
8218844000,James Piazza,19625,Crime and Delinquency,00111287,1
8218844000,James Piazza,19900192514,Dynamics of Asymmetric Conflict Pathways Toward Terrorism and Genocide,17467586,1
8218844000,James Piazza,200147101,Studies in Conflict and Terrorism,1057610X,4
8218844000,James Piazza,20333,Journal of Politics,00223816,2
8218844000,James Piazza,21100329895,Behavioral Sciences of Terrorism and Political Aggression,19434472,2
8218844000,James Piazza,21100837350,Digest of Middle East Studies,10604367,1
8218844000,James Piazza,21100840020,Perspectives on Terrorism,23343745,1
8218844000,James Piazza,21121,Proceedings of the National Academy of Sciences of the United States of America,00278424,1
8218844000,James Piazza,22861,Political Psychology,0162895X,1
8218844000,James Piazza,22867,Political Research Quarterly,10659129,3
8218844000,James Piazza,23611,Public Choice,00485829,3
8218844000,James Piazza,23930,Conflict Management and Peace Science,07388942,2
8218844000,James Piazza,25794,International Interactions,03050629,3
8218844000,James Piazza,25834,International Politics,13845748,1
8218844000,James Piazza,25848,International Studies Quarterly,00208833,3
8218844000,James Piazza,26362,Journal of Peace Research,00223433,1
8218844000,James Piazza,26365,Demography,00703370,1
8218844000,James Piazza,26439,Social Science Quarterly,00384941,2
8218844000,James Piazza,27663,Journal of Conflict Resolution,00220027,4
8218844000,James Piazza,28011,Security Studies,09636412,4
8218844000,James Piazza,28523,Terrorism and Political Violence,09546553,8
8218844000,James Piazza,39139,International Organization,00208183,1
8218844000,James Piazza,4000151708,China Review,16802012,1
8218844000,James Piazza,5700166179,Politics and Gender,1743923X,1
8218844000,James Piazza,5800191489,Foreign Policy Analysis,17438586,1
8218844000,James Piazza,67863,Party Politics,13540688,1
8223892400,Cindy D. Kam,10600153309,Plos One,19326203,1
8223892400,Cindy D. Kam,15555,American Journal of Political Science,00925853,3
8223892400,Cindy D. Kam,16114,Electoral Studies,02613794,1
8223892400,Cindy D. Kam,20333,Journal of Politics,00223816,15
8223892400,Cindy D. Kam,21100870919,Political Science Research and Methods,20498470,1
8223892400,Cindy D. Kam,21149,Leadership Quarterly,10489843,1
8223892400,Cindy D. Kam,22197,PS Political Science and Politics,10490965,1
8223892400,Cindy D. Kam,22832,Political Behavior,01909320,7
8223892400,Cindy D. Kam,22838,Political Communication,10584609,1
8223892400,Cindy D. Kam,22867,Political Research Quarterly,10659129,2
8223892400,Cindy D. Kam,23574,Public Opinion Quarterly,0033362X,5
8223892400,Cindy D. Kam,4400151505,Critical Review,08913811,1
8285172100,Geoffrey P. Goodwin,11600153483,Philosophy Compass,17479991,1
8285172100,Geoffrey P. Goodwin,12811,Personality and Social Psychology Bulletin,01461672,3
8285172100,Geoffrey P. Goodwin,12857,Cognition,00100277,7
8285172100,Geoffrey P. Goodwin,12872,Cognitive Psychology,00100285,1
8285172100,Geoffrey P. Goodwin,12874,Cognitive Science,03640213,2
8285172100,Geoffrey P. Goodwin,12882,Contemporary Educational Psychology,0361476X,1
8285172100,Geoffrey P. Goodwin,13467,Psychological Review,0033295X,1
8285172100,Geoffrey P. Goodwin,13468,Psychological Science,09567976,1
8285172100,Geoffrey P. Goodwin,13477,Current Directions in Psychological Science,09637214,1
8285172100,Geoffrey P. Goodwin,14101,European Journal of Cognitive Psychology,09541446,1
8285172100,Geoffrey P. Goodwin,14823,Social Cognition,0278016X,1
8285172100,Geoffrey P. Goodwin,14872,Child Psychiatry and Human Development,0009398X,1
8285172100,Geoffrey P. Goodwin,15330,Thinking and Reasoning,13546783,1
8285172100,Geoffrey P. Goodwin,15470,Journal of Environmental Psychology,02724944,1
8285172100,Geoffrey P. Goodwin,15478,Journal of Experimental Psychology General,00963445,4
8285172100,Geoffrey P. Goodwin,15499,Journal of Experimental Social Psychology,00221031,1
8285172100,Geoffrey P. Goodwin,18053,New York University Law Review,00287881,1
8285172100,Geoffrey P. Goodwin,19400157006,Judgment and Decision Making,19302975,3
8285172100,Geoffrey P. Goodwin,19400158521,Review of Philosophy and Psychology,18785158,1
8285172100,Geoffrey P. Goodwin,19700182323,Perspectives on Psychological Science,17456916,2
8285172100,Geoffrey P. Goodwin,19900193555,Social Psychological and Personality Science,19485506,1
8285172100,Geoffrey P. Goodwin,21100200805,Scientific Reports,20452322,1
8285172100,Geoffrey P. Goodwin,21100216571,Frontiers in Psychology,16641078,1
8285172100,Geoffrey P. Goodwin,21101186976,Pnas Nexus,27526542,1
8285172100,Geoffrey P. Goodwin,21754,Annals of the New York Academy of Sciences,00778923,1
8285172100,Geoffrey P. Goodwin,22899,Journal of Consumer Research,00935301,1
8285172100,Geoffrey P. Goodwin,30022,Journal of Personality,00223506,1
8285172100,Geoffrey P. Goodwin,30039,Journal of Personality and Social Psychology,00223514,3
8285172100,Geoffrey P. Goodwin,4000149409,Quarterly Journal of Experimental Psychology,17470218,1
8326742300,Elizabeth J. Zechmeister,10600153309,Plos One,19326203,1
8326742300,Elizabeth J. Zechmeister,13447,Comparative Political Studies,00104140,6
8326742300,Elizabeth J. Zechmeister,14844,Survey Methodology,07140045,1
8326742300,Elizabeth J. Zechmeister,15555,American Journal of Political Science,00925853,1
8326742300,Elizabeth J. Zechmeister,15557,American Political Science Review,00030554,1
8326742300,Elizabeth J. Zechmeister,16114,Electoral Studies,02613794,3
8326742300,Elizabeth J. Zechmeister,16772,Canadian Journal of Political Science,00084239,1
8326742300,Elizabeth J. Zechmeister,19600165500,Politica Y Gobierno,14051060,2
8326742300,Elizabeth J. Zechmeister,19621,BMC Public Health,14712458,1
8326742300,Elizabeth J. Zechmeister,20333,Journal of Politics,00223816,3
8326742300,Elizabeth J. Zechmeister,21100835891,Journal of Experimental Political Science,20522630,2
8326742300,Elizabeth J. Zechmeister,21100865122,Research and Politics,20531680,1
8326742300,Elizabeth J. Zechmeister,21121,Proceedings of the National Academy of Sciences of the United States of America,00278424,1
8326742300,Elizabeth J. Zechmeister,22197,PS Political Science and Politics,10490965,4
8326742300,Elizabeth J. Zechmeister,22832,Political Behavior,01909320,4
8326742300,Elizabeth J. Zechmeister,22861,Political Psychology,0162895X,1
8326742300,Elizabeth J. Zechmeister,22867,Political Research Quarterly,10659129,4
8326742300,Elizabeth J. Zechmeister,23574,Public Opinion Quarterly,0033362X,1
8326742300,Elizabeth J. Zechmeister,30060,World Development,0305750X,1
8326742300,Elizabeth J. Zechmeister,4400151519,Journal of Women Politics and Policy,1554477X,1
8423865900,"Hanes Walton, Jr.",12100157009,Politics and Policy,15555623,1
8423865900,"Hanes Walton, Jr.",145484,Western Journal of Black Studies,01974327,1
8423865900,"Hanes Walton, Jr.",145624,Black Scholar,00064246,3
8423865900,"Hanes Walton, Jr.",15555,American Journal of Political Science,00925853,1
8423865900,"Hanes Walton, Jr.",20333,Journal of Politics,00223816,1
8423865900,"Hanes Walton, Jr.",22197,PS Political Science Politics,10490965,2
8423865900,"Hanes Walton, Jr.",27661,Journal of Black Studies,00219347,2
8423865900,"Hanes Walton, Jr.",5700166187,Du Bois Review,1742058X,1
8423865900,"Hanes Walton, Jr.",5700168298,Souls,10999949,1
8523543800,Charlotte Lee,14091,Development and Change,0012155X,1
8523543800,Charlotte Lee,26587,Studies in Comparative International Development,00393606,1
8523543800,Charlotte Lee,5800191489,Foreign Policy Analysis,17438586,1
8575254300,Monnica T. Williams,11700154712,Traumatology,15347656,2
8575254300,Monnica T. Williams,12005,Journal of Traumatic Stress,08949867,1
8575254300,Monnica T. Williams,12058,Assessment,10731911,1
8575254300,Monnica T. Williams,12107,Behavior Therapy,00057894,6
8575254300,Monnica T. Williams,12127,Behaviour Research and Therapy,00057967,1
8575254300,Monnica T. Williams,12283,Journal of Social Service Research,01488376,1
8575254300,Monnica T. Williams,12740,New Ideas in Psychology,0732118X,2
8575254300,Monnica T. Williams,12807,Personality and Individual Differences,01918869,1
8575254300,Monnica T. Williams,12819,Canadian Journal of Behavioural Science,0008400X,2
8575254300,Monnica T. Williams,12825,Canadian Psychology,07085591,6
8575254300,Monnica T. Williams,12867,Cognitive and Behavioral Practice,10777229,1
8575254300,Monnica T. Williams,12868,Cognitive Behaviour Therapy,16506073,3
8575254300,Monnica T. Williams,130028,Clinical Case Studies,15346501,3
8575254300,Monnica T. Williams,130115,Contemporary Clinical Trials,15517144,1
8575254300,Monnica T. Williams,13442,Psychological Assessment,1939134X,1
8575254300,Monnica T. Williams,13487,Depression and Anxiety,10914269,1
8575254300,Monnica T. Williams,14144,Experimental and Clinical Psychopharmacology,10641297,1
8575254300,Monnica T. Williams,14260,BMC Psychiatry,1471244X,2
8575254300,Monnica T. Williams,144989,International Journal of Environmental Research and Public Health,16617827,1
8575254300,Monnica T. Williams,14892,International Journal of Mental Health,00207411,2
8575254300,Monnica T. Williams,15375,Journal of Anxiety Disorders,08876185,2
8575254300,Monnica T. Williams,15391,Journal of Black Psychology,00957984,1
8575254300,Monnica T. Williams,15427,Journal of Cognitive Psychotherapy,08898391,1
8575254300,Monnica T. Williams,15540,Journal of Humanistic Psychology,00221678,1
8575254300,Monnica T. Williams,15816,Journal of the National Medical Association,00279684,1
8575254300,Monnica T. Williams,15962,Journal of Medical Ethics,03066800,1
8575254300,Monnica T. Williams,15989,Journal of Palliative Medicine,10966218,1
8575254300,Monnica T. Williams,16249,Journal of Behavior Therapy and Experimental Psychiatry,00057916,1
8575254300,Monnica T. Williams,16685,Journal of Clinical Psychiatry,01606689,2
8575254300,Monnica T. Williams,17900156740,Mental Health and Substance Use Dual Diagnosis,17523281,1
8575254300,Monnica T. Williams,18200156707,Psychological Trauma Theory Research Practice and Policy,19429681,2
8575254300,Monnica T. Williams,18500161700,Pain Medicine United States,15262375,1
8575254300,Monnica T. Williams,18729,Psychiatry Research,01651781,5
8575254300,Monnica T. Williams,19400158571,Race and Social Problems,18671748,2
8575254300,Monnica T. Williams,19700166518,International Journal of Mental Health Systems,17524458,1
8575254300,Monnica T. Williams,19700169402,Progress in Community Health Partnerships Research Education and Action,1557055X,1
8575254300,Monnica T. Williams,19700182323,Perspectives on Psychological Science,17456916,7
8575254300,Monnica T. Williams,19700186336,Psychology of Violence,21520828,3
8575254300,Monnica T. Williams,19900193221,Primary Health Care Research and Development,14634236,1
8575254300,Monnica T. Williams,19928,Transcultural Psychiatry,13634615,1
8575254300,Monnica T. Williams,20321,International Journal of Offender Therapy and Comparative Criminology,0306624X,1
8575254300,Monnica T. Williams,21100202146,Journal of Obsessive Compulsive and Related Disorders,22113649,8
8575254300,Monnica T. Williams,21100216569,Frontiers in Psychiatry,16640640,3
8575254300,Monnica T. Williams,21100216571,Frontiers in Psychology,16641078,2
8575254300,Monnica T. Williams,21100228547,JAMA Psychiatry,2168622X,1
8575254300,Monnica T. Williams,21100464683,BMC Psychology,20507283,1
8575254300,Monnica T. Williams,21100779233,Journal of Racial and Ethnic Health Disparities,21973792,3
8575254300,Monnica T. Williams,21100872040,Cognitive Behaviour Therapist,1754470X,5
8575254300,Monnica T. Williams,21100901748,Behavioral Sciences,2076328X,2
8575254300,Monnica T. Williams,21100977385,Chronic Stress,24705470,4
8575254300,Monnica T. Williams,21101043232,Journal of Psychedelic Studies,25599283,10
8575254300,Monnica T. Williams,21101074855,AACE Clinical Case Reports,23760605,1
8575254300,Monnica T. Williams,21101109778,Whiteness and Education,23793406,1
8575254300,Monnica T. Williams,21101224879,Discover Psychology,27314537,2
8575254300,Monnica T. Williams,21101247455,Journal of Substance Use and Addiction Treatment,29498767,1
8575254300,Monnica T. Williams,21101248642,Frontiers in Epidemiology,26741199,1
8575254300,Monnica T. Williams,21101308466,Plos Mental Health,28378156,1
8575254300,Monnica T. Williams,21519,Police Journal,0032258X,1
8575254300,Monnica T. Williams,21676,American Journal of Bioethics,15265161,1
8575254300,Monnica T. Williams,23109,Journal of Psychopharmacology,02698811,1
8575254300,Monnica T. Williams,24451,Child Abuse and Neglect,01452134,1
8575254300,Monnica T. Williams,24763,Addictive Behaviors,03064603,1
8575254300,Monnica T. Williams,25319,Journal of Psychoactive Drugs,02791072,2
8575254300,Monnica T. Williams,25372,Psychology of Addictive Behaviors,0893164X,1
8575254300,Monnica T. Williams,26409,Drugs Education Prevention and Policy,09687637,1
8575254300,Monnica T. Williams,26843,International Journal for the Psychology of Religion,10508619,1
8575254300,Monnica T. Williams,27562,Archives of Sexual Behavior,00040002,4
8575254300,Monnica T. Williams,28099,BMC Medical Education,14726920,1
8575254300,Monnica T. Williams,28100,BMC Medical Ethics,14726939,1
8575254300,Monnica T. Williams,29319,Current Oncology,17187729,1
8575254300,Monnica T. Williams,29471,American Journal of Orthopsychiatry,00029432,2
8575254300,Monnica T. Williams,29492,American Psychologist,0003066X,1
8575254300,Monnica T. Williams,4700152495,International Journal of Mental Health and Addiction,15571874,3
8575254300,Monnica T. Williams,7000153203,Journal of Studies on Alcohol and Drugs,19371888,1
8593014400,Anesu N. Mandisodza,1100147103,Analyses of Social Issues and Public Policy,15297489,1
8593014400,Anesu N. Mandisodza,14823,Social Cognition,0278016X,1
8593014400,Anesu N. Mandisodza,15453,Journal of Cross Cultural Psychology,00220221,1
8593014400,Anesu N. Mandisodza,23571,Science,00368075,1
8651460300,Meredith Kleykamp,12693,Military Psychology,08995605,1
8651460300,Meredith Kleykamp,145558,Political Analysis,10471987,1
8651460300,Meredith Kleykamp,15528,Annals of the American Academy of Political and Social Science,00027162,1
8651460300,Meredith Kleykamp,16562,Armed Forces and Society,0095327X,5
8651460300,Meredith Kleykamp,16926,American Journal of Sociology,00029602,1
8651460300,Meredith Kleykamp,16929,American Sociological Review,00031224,2
8651460300,Meredith Kleykamp,17560,Social Problems,00377791,1
8651460300,Meredith Kleykamp,18084,Sociological Forum,08848971,1
8651460300,Meredith Kleykamp,19054,Military Medicine,00264075,4
8651460300,Meredith Kleykamp,25098,Future of Children,10548289,1
8651460300,Meredith Kleykamp,25990,Social Science History,01455532,1
8651460300,Meredith Kleykamp,26439,Social Science Quarterly,00384941,1
8651460300,Meredith Kleykamp,26441,Social Science Research,0049089X,2
8651460300,Meredith Kleykamp,27387,Population Research and Policy Review,01675923,1
8651460300,Meredith Kleykamp,4700152402,Journal of Family Social Work,10522158,1
8673285100,Marisa Abrajano,145558,Political Analysis,10471987,1
8673285100,Marisa Abrajano,15559,American Politics Research,1532673X,3
8673285100,Marisa Abrajano,16114,Electoral Studies,02613794,2
8673285100,Marisa Abrajano,18500158100,Forum Germany,15408884,1
8673285100,Marisa Abrajano,20333,Journal of Politics,00223816,4
8673285100,Marisa Abrajano,21100200805,Scientific Reports,20452322,1
8673285100,Marisa Abrajano,21100888814,Journal of Race Ethnicity and Politics,20566085,2
8673285100,Marisa Abrajano,21101186976,Pnas Nexus,27526542,1
8673285100,Marisa Abrajano,21629,University of Chicago Law Review,00419494,1
8673285100,Marisa Abrajano,22832,Political Behavior,01909320,1
8673285100,Marisa Abrajano,22867,Political Research Quarterly,10659129,6
8673285100,Marisa Abrajano,22889,Political Science Quarterly,00323195,1
8673285100,Marisa Abrajano,23528,Presidential Studies Quarterly,03604918,1
8673285100,Marisa Abrajano,26439,Social Science Quarterly,00384941,1
8689375500,Laura Richman,10600153309,Plos One,19326203,1
8689375500,Laura Richman,12088,Basic and Applied Social Psychology,01973533,1
8689375500,Laura Richman,12145,Biological Psychology,03010511,1
8689375500,Laura Richman,12807,Personality and Individual Differences,01918869,1
8689375500,Laura Richman,12882,Contemporary Educational Psychology,0361476X,1
8689375500,Laura Richman,13443,Psychological Bulletin,00332909,1
8689375500,Laura Richman,13467,Psychological Review,0033295X,2
8689375500,Laura Richman,14012,Psychology Health,14768321,1
8689375500,Laura Richman,14277,Health Psychology,02786133,5
8689375500,Laura Richman,15536,Journal of Health Psychology,13591053,1
8689375500,Laura Richman,15816,Journal of the National Medical Association,00279684,1
8689375500,Laura Richman,16664,Journal of Behavioral Medicine,01607715,1
8689375500,Laura Richman,18983,Social Science and Medicine,02779536,1
8689375500,Laura Richman,19900193555,Social Psychological and Personality Science,19485506,1
8689375500,Laura Richman,21100325067,Energy Research and Social Science,22146296,1
8689375500,Laura Richman,21100886228,Policy Insights from the Behavioral and Brain Sciences,23727322,1
8689375500,Laura Richman,21100887623,Comprehensive Results in Social Psychology,23743611,1
8689375500,Laura Richman,26382,Drug and Alcohol Review,09595236,1
8689375500,Laura Richman,27473,Annals of Behavioral Medicine,08836612,1
8689375500,Laura Richman,29189,Journal of Aging and Health,08982643,1
8689375500,Laura Richman,30039,Journal of Personality and Social Psychology,00223514,1
8689375500,Laura Richman,30088,Journal of Social Issues,00224537,2
8689375500,Laura Richman,33982,Health Communication,10410236,1
8689375500,Laura Richman,5000158308,Cbe Life Sciences Education,19317913,1
8689375500,Laura Richman,5800179627,Self and Identity,15298868,2
8721230900,Lemi Baruh,10300153306,International Journal of Press Politics,19401612,2
8721230900,Lemi Baruh,11500153402,Discourse and Communication,17504813,1
8721230900,Lemi Baruh,12057,Media Psychology,15213269,1
8721230900,Lemi Baruh,12807,Personality and Individual Differences,01918869,2
8721230900,Lemi Baruh,14798,Sex Roles,03600025,1
8721230900,Lemi Baruh,15136,Information Society,01972243,2
8721230900,Lemi Baruh,15536,Journal of Health Psychology,13591053,1
8721230900,Lemi Baruh,15613,Journal of Communication,00219916,1
8721230900,Lemi Baruh,16306,New Media and Society,14614448,2
8721230900,Lemi Baruh,17018,New Perspectives on Turkey,13053299,1
8721230900,Lemi Baruh,17316,IEEE Signal Processing Letters,10709908,1
8721230900,Lemi Baruh,17600155309,International Journal of Fashion Design Technology and Education,17543266,1
8721230900,Lemi Baruh,17645,Computers and Education,03601315,1
8721230900,Lemi Baruh,17649,Communication Research,00936502,1
8721230900,Lemi Baruh,19700176047,Cyberpsychology Behavior and Social Networking,21522715,1
8721230900,Lemi Baruh,19900192615,Cyberpsychology,18027962,3
8721230900,Lemi Baruh,21100197510,Journal of Electrical and Computer Engineering,20900147,1
8721230900,Lemi Baruh,21100202907,International Journal of Communication,19328036,1
8721230900,Lemi Baruh,21100255401,Sage Open,21582440,1
8721230900,Lemi Baruh,21100837352,Social Media and Society,20563051,1
8721230900,Lemi Baruh,21100857520,Collabra Psychology,24747394,1
8721230900,Lemi Baruh,21100933954,Big Data and Society,20539517,1
8721230900,Lemi Baruh,21101039077,Journal of Alternative and Community Media,22065857,1
8721230900,Lemi Baruh,21101262281,SN Social Sciences,26629283,1
8721230900,Lemi Baruh,22370,Public Understanding of Science,09636625,1
8721230900,Lemi Baruh,22838,Political Communication,10584609,1
8721230900,Lemi Baruh,30073,Journal of Research in Personality,00926566,1
8721230900,Lemi Baruh,33982,Health Communication,10410236,2
8721230900,Lemi Baruh,4700151740,Journal of Broadcasting and Electronic Media,08838151,1
8721230900,Lemi Baruh,5700155425,Communication Research Reports,08824096,1
8721230900,Lemi Baruh,5700163885,Southeast European and Black Sea Studies,14683857,1
8738943200,Sara Kiesler,12100154833,ACM Transactions on Applied Perception,15443558,1
8738943200,Sara Kiesler,12125,Behaviour and Information Technology,0144929X,1
8738943200,Sara Kiesler,12402,MIS Quarterly Management Information Systems,02767783,1
8738943200,Sara Kiesler,130095,Journal of Neuroengineering and Rehabilitation,17430003,1
8738943200,Sara Kiesler,13468,Psychological Science,09567976,1
8738943200,Sara Kiesler,13675,Communications of the ACM,00010782,3
8738943200,Sara Kiesler,14035,Psychology of Women Quarterly,03616843,1
8738943200,Sara Kiesler,14246,Group Dynamics,10892699,1
8738943200,Sara Kiesler,144794,Written Communication,07410883,2
8738943200,Sara Kiesler,145523,Cognition Technology and Work,14355558,1
8738943200,Sara Kiesler,14818,Small Group Research,10464964,1
8738943200,Sara Kiesler,14823,Social Cognition,0278016X,1
8738943200,Sara Kiesler,15388,Journal of Applied Psychology,00219010,1
8738943200,Sara Kiesler,15390,Journal of Applied Social Psychology,00219029,2
8738943200,Sara Kiesler,15499,Journal of Experimental Social Psychology,00221031,1
8738943200,Sara Kiesler,15540,Journal of Humanistic Psychology,00221678,1
8738943200,Sara Kiesler,15574,Information Systems Research,10477047,2
8738943200,Sara Kiesler,15700,Journal of Management Information Systems,07421222,1
8738943200,Sara Kiesler,16272,Cyberpsychology and Behavior,10949313,1
8738943200,Sara Kiesler,19419,Computers in Human Behavior,07475632,2
8738943200,Sara Kiesler,200147110,Information Communication and Society,1369118X,1
8738943200,Sara Kiesler,21100979314,ACM Transactions on Human Robot Interaction,25739522,1
8738943200,Sara Kiesler,21307,Management Science,00251909,1
8738943200,Sara Kiesler,22324,Organization Science,10477039,2
8738943200,Sara Kiesler,22326,Organizational Behavior and Human Decision Processes,07495978,2
8738943200,Sara Kiesler,22900,Research Policy,00487333,1
8738943200,Sara Kiesler,23574,Public Opinion Quarterly,0033362X,2
8738943200,Sara Kiesler,23709,Journal of Medical Internet Research,14388871,1
8738943200,Sara Kiesler,24222,Scientometrics,01389130,1
8738943200,Sara Kiesler,24304,Computer Supported Cooperative Work CSCW an International Journal,09259724,1
8738943200,Sara Kiesler,24606,Anthrozoos,08927936,1
8738943200,Sara Kiesler,24733,American Behavioral Scientist,00027642,1
8738943200,Sara Kiesler,25019,Human Computer Interaction,07370024,4
8738943200,Sara Kiesler,26199,ACM Transactions on Computer Human Interaction,10730516,1
8738943200,Sara Kiesler,28312,Organization Studies,01708406,1
8738943200,Sara Kiesler,29492,American Psychologist,0003066X,4
8738943200,Sara Kiesler,30022,Journal of Personality,00223506,1
8738943200,Sara Kiesler,30039,Journal of Personality and Social Psychology,00223514,5
8738943200,Sara Kiesler,30084,Journal of Sex Research,00224499,1
8738943200,Sara Kiesler,30088,Journal of Social Issues,00224537,2
8738943200,Sara Kiesler,5800224123,Journal of Abnormal and Social Psychology,0096851X,1
8768847400,Melanie C. Green,10600153309,Plos One,19326203,1
8768847400,Melanie C. Green,12057,Media Psychology,15213269,11
8768847400,Melanie C. Green,12710,Motivation and Emotion,01467239,1
8768847400,Melanie C. Green,12807,Personality and Individual Differences,01918869,4
8768847400,Melanie C. Green,12811,Personality and Social Psychology Bulletin,01461672,1
8768847400,Melanie C. Green,12853,Communication Monographs,03637751,1
8768847400,Melanie C. Green,130115,Contemporary Clinical Trials,15517144,2
8768847400,Melanie C. Green,13456,Psychological Inquiry,1047840X,1
8768847400,Melanie C. Green,13477,Current Directions in Psychological Science,09637214,1
8768847400,Melanie C. Green,14035,Psychology of Women Quarterly,03616843,1
8768847400,Melanie C. Green,14062,Psychonomic Bulletin and Review,10699384,1
8768847400,Melanie C. Green,14075,Emotion,15283542,1
8768847400,Melanie C. Green,14875,International Journal of Behavioral Nutrition and Physical Activity,14795868,1
8768847400,Melanie C. Green,15499,Journal of Experimental Social Psychology,00221031,2
8768847400,Melanie C. Green,15613,Journal of Communication,00219916,3
8768847400,Melanie C. Green,15916,Journal of Health Communication,10810730,1
8768847400,Melanie C. Green,15965,Personal Relationships,13504126,1
8768847400,Melanie C. Green,16664,Journal of Behavioral Medicine,01607715,1
8768847400,Melanie C. Green,17649,Communication Research,00936502,3
8768847400,Melanie C. Green,17700156742,Journal of Media Psychology,18641105,1
8768847400,Melanie C. Green,19500156812,Psychology of Aesthetics Creativity and the Arts,19313896,1
8768847400,Melanie C. Green,19900192137,Social and Personality Psychology Compass,17519004,1
8768847400,Melanie C. Green,19900193555,Social Psychological and Personality Science,19485506,2
8768847400,Melanie C. Green,19936,Communication Theory,10503293,1
8768847400,Melanie C. Green,20878,Health Education Journal,00178969,1
8768847400,Melanie C. Green,21100202907,International Journal of Communication,19328036,1
8768847400,Melanie C. Green,21100775590,Games for Health Journal,2161783X,1
8768847400,Melanie C. Green,21100792085,Media and Communication,21832439,1
8768847400,Melanie C. Green,21100873488,International Journal of Stem Education,21967822,1
8768847400,Melanie C. Green,21101030144,Jmir Serious Games,22919279,1
8768847400,Melanie C. Green,21101046404,Advances in Methods and Practices in Psychological Science,25152459,1
8768847400,Melanie C. Green,21101051829,Psychology of Popular Media,26896567,3
8768847400,Melanie C. Green,21101173099,Asian Communication Research,17382084,1
8768847400,Melanie C. Green,21101176030,Journal of Public Interest Communications,25734342,1
8768847400,Melanie C. Green,21101185419,Technology Mind and Behavior,26890208,1
8768847400,Melanie C. Green,22861,Political Psychology,0162895X,2
8768847400,Melanie C. Green,23574,Public Opinion Quarterly,0033362X,1
8768847400,Melanie C. Green,30039,Journal of Personality and Social Psychology,00223514,2
8768847400,Melanie C. Green,30088,Journal of Social Issues,00224537,1
8768847400,Melanie C. Green,30090,Journal of Social Psychology,00224545,2
8768847400,Melanie C. Green,33982,Health Communication,10410236,2
8768847400,Melanie C. Green,5600153585,Mass Communication and Society,15205436,1
8768847400,Melanie C. Green,5600154339,Communication Quarterly,01463373,1
8768847400,Melanie C. Green,5800208091,Information Design Journal,01425471,1
8768847400,Melanie C. Green,6700153284,Social Influence,15534510,1
8768847400,Melanie C. Green,7400153102,AMIA Annual Symposium Proceedings AMIA Symposium AMIA Symposium,15594076,1
8771456800,Elizabeth Levy Paluck,10600153309,Plos One,19326203,1
8771456800,Elizabeth Levy Paluck,1100147103,Analyses of Social Issues and Public Policy,15297489,1
8771456800,Elizabeth Levy Paluck,11600153640,Quarterly Journal of Political Science,15540626,1
8771456800,Elizabeth Levy Paluck,12811,Personality and Social Psychology Bulletin,01461672,1
8771456800,Elizabeth Levy Paluck,12857,Cognition,00100277,1
8771456800,Elizabeth Levy Paluck,13443,Psychological Bulletin,00332909,1
8771456800,Elizabeth Levy Paluck,13456,Psychological Inquiry,1047840X,1
8771456800,Elizabeth Levy Paluck,13468,Psychological Science,09567976,1
8771456800,Elizabeth Levy Paluck,13969,Psychological Science in the Public Interest,15291006,1
8771456800,Elizabeth Levy Paluck,14035,Psychology of Women Quarterly,03616843,1
8771456800,Elizabeth Levy Paluck,15499,Journal of Experimental Social Psychology,00221031,2
8771456800,Elizabeth Levy Paluck,15528,Annals of the American Academy of Political and Social Science,00027162,1
8771456800,Elizabeth Levy Paluck,15557,American Political Science Review,00030554,1
8771456800,Elizabeth Levy Paluck,16232,British Journal of Political Science,00071234,1
8771456800,Elizabeth Levy Paluck,17562,Social Psychology Quarterly,01902725,1
8771456800,Elizabeth Levy Paluck,19400158483,Social Issues and Policy Review,17512395,1
8771456800,Elizabeth Levy Paluck,19499,BMC Women S Health,14726874,1
8771456800,Elizabeth Levy Paluck,19700182323,Perspectives on Psychological Science,17456916,2
8771456800,Elizabeth Levy Paluck,19700182758,Nature Communications,20411723,2
8771456800,Elizabeth Levy Paluck,19900192137,Social and Personality Psychology Compass,17519004,1
8771456800,Elizabeth Levy Paluck,19900193555,Social Psychological and Personality Science,19485506,1
8771456800,Elizabeth Levy Paluck,21100457028,Science Advances,23752548,1
8771456800,Elizabeth Levy Paluck,21100812569,Journal of Social and Political Psychology,21953325,1
8771456800,Elizabeth Levy Paluck,21100838541,Nature Human Behaviour,23973374,1
8771456800,Elizabeth Levy Paluck,21100901748,Behavioral Sciences,2076328X,1
8771456800,Elizabeth Levy Paluck,21101095132,Behavioural Public Policy,2398063X,3
8771456800,Elizabeth Levy Paluck,21101298217,Frontiers in Social Psychology,28137876,2
8771456800,Elizabeth Levy Paluck,21121,Proceedings of the National Academy of Sciences of the United States of America,00278424,2
8771456800,Elizabeth Levy Paluck,22326,Organizational Behavior and Human Decision Processes,07495978,1
8771456800,Elizabeth Levy Paluck,22861,Political Psychology,0162895X,1
8771456800,Elizabeth Levy Paluck,30039,Journal of Personality and Social Psychology,00223514,3
8771456800,Elizabeth Levy Paluck,30088,Journal of Social Issues,00224537,2
8858508000,Yoram Chisik,5700155425,Communication Research Reports,08824096,1
8897996400,Devah Pager,147233,Punishment and Society,14624745,1
8897996400,Devah Pager,15528,Annals of the American Academy of Political and Social Science,00027162,5
8897996400,Devah Pager,16220,Journal of Law and Economics,00222186,1
8897996400,Devah Pager,16926,American Journal of Sociology,00029602,2
8897996400,Devah Pager,16929,American Sociological Review,00031224,5
8897996400,Devah Pager,17530,Social Forces,00377732,1
8897996400,Devah Pager,17562,Social Psychology Quarterly,01902725,1
8897996400,Devah Pager,21100855741,Sociological Science,23306696,2
8897996400,Devah Pager,21121,Proceedings of the National Academy of Sciences of the United States of America,00278424,2
8897996400,Devah Pager,30088,Journal of Social Issues,00224537,1
8982523700,Robert Mikos,10600153309,Plos One,19326203,1
8982523700,Robert Mikos,13583,George Washington Law Review,00168076,1
8982523700,Robert Mikos,145595,American Law and Economics Review,14657252,1
8982523700,Robert Mikos,15847,New England Journal of Medicine,15334406,1
8982523700,Robert Mikos,18575,Notre Dame Law Review,07453515,1
8982523700,Robert Mikos,21100925787,Ajil Unbound,23987723,1
8982523700,Robert Mikos,21681,University of Pennsylvania Law Review,00419907,1
8982523700,Robert Mikos,22068,Vanderbilt Law Review,00422533,1
8982523700,Robert Mikos,29156,Boston University Law Review,00068047,1
9278611000,Susan B. Hansen,15470,Journal of Environmental Psychology,02724944,1
9278611000,Susan B. Hansen,15557,American Political Science Review,00030554,1
9278611000,Susan B. Hansen,15559,American Politics Research,1532673X,2
9278611000,Susan B. Hansen,19088,Governance,09521895,1
9278611000,Susan B. Hansen,20333,Journal of Politics,00223816,3
9278611000,Susan B. Hansen,21100872366,Cogent Social Sciences,23311886,1
9278611000,Susan B. Hansen,22786,Policy Studies Journal,0190292X,3
9278611000,Susan B. Hansen,22867,Political Research Quarterly,10659129,1
9278611000,Susan B. Hansen,23577,Publius,00485950,2
9278611000,Susan B. Hansen,28465,Economic Development Quarterly,08912424,1
9278611000,Susan B. Hansen,34002,International Regional Science Review,01600176,1
9278611000,Susan B. Hansen,4400151519,Journal of Women Politics and Policy,1554477X,2
9278611000,Susan B. Hansen,4700152270,State Politics and Policy Quarterly,15324400,1
9336727400,Sarah E. Croco,15555,American Journal of Political Science,00925853,1
9336727400,Sarah E. Croco,15557,American Political Science Review,00030554,1
9336727400,Sarah E. Croco,16114,Electoral Studies,02613794,1
9336727400,Sarah E. Croco,20333,Journal of Politics,00223816,3
9336727400,Sarah E. Croco,21100835891,Journal of Experimental Political Science,20522630,1
9336727400,Sarah E. Croco,22832,Political Behavior,01909320,1
9336727400,Sarah E. Croco,25725,World Politics,00438871,2
9336727400,Sarah E. Croco,25794,International Interactions,03050629,1
9336727400,Sarah E. Croco,25848,International Studies Quarterly,00208833,1
9336727400,Sarah E. Croco,26362,Journal of Peace Research,00223433,1
9336727400,Sarah E. Croco,5800191489,Foreign Policy Analysis,17438586,1
9736959700,Mohana Turaga,14103,Development Policy Review,09506764,1
9736959700,Mohana Turaga,15821,Journal of Policy Analysis and Management,02768739,1
9736959700,Mohana Turaga,16051,American Review of Public Administration,02750740,1
9736959700,Mohana Turaga,16100154777,Philosophy Today,00318256,1
9736959700,Mohana Turaga,19957,Economic and Political Weekly,00129976,1
9736959700,Mohana Turaga,20290,Ecological Economics,09218009,1
9736959700,Mohana Turaga,21100381648,Journal of Communication in Healthcare,17538068,1
9736959700,Mohana Turaga,21101041558,Nature Food,26621355,1
9736959700,Mohana Turaga,21101142603,Social Sciences and Humanities Open,25902911,1
9736959700,Mohana Turaga,22651,Human and Ecological Risk Assessment,10807039,1
9736959700,Mohana Turaga,22681,Impact Assessment and Project Appraisal,14615517,1
9736959700,Mohana Turaga,22762,Policy and Politics,03055736,1
9736959700,Mohana Turaga,23347,Journal of Environmental Assessment Policy and Management,14643332,1
9736959700,Mohana Turaga,23354,Journal of Environmental Education,00958964,1
9736959700,Mohana Turaga,23373,Journal of Environmental Planning and Management,09640568,1
9736959700,Mohana Turaga,23411,Journal of Industrial Ecology,10881980,1
9736959700,Mohana Turaga,23830,Vikalpa,02560909,2
9736959700,Mohana Turaga,27891,Earthquake Spectra,87552930,1
10042164300,Stefanie Bailey Mollborn,13356,Health Economics United Kingdom,10579230,1
10042164300,Stefanie Bailey Mollborn,13408,Health Services Research,00179124,1
10042164300,Stefanie Bailey Mollborn,13900154713,Child Development Perspectives,17508592,1
10042164300,Stefanie Bailey Mollborn,14925,Gender and Society,08912432,1
10042164300,Stefanie Bailey Mollborn,15641,Journal of Family Issues,0192513X,3
10042164300,Stefanie Bailey Mollborn,15645,Journal of Health and Social Behavior,21506000,7
10042164300,Stefanie Bailey Mollborn,15653,Journal of Marriage and Family,00222445,10
10042164300,Stefanie Bailey Mollborn,15877,Journal of Community Health,00945145,1
10042164300,Stefanie Bailey Mollborn,16842,Qualitative Sociology,01620436,1
10042164300,Stefanie Bailey Mollborn,17530,Social Forces,00377732,2
10042164300,Stefanie Bailey Mollborn,17560,Social Problems,00377791,1
10042164300,Stefanie Bailey Mollborn,17562,Social Psychology Quarterly,01902725,1
10042164300,Stefanie Bailey Mollborn,17712,Qualitative Health Research,10497323,1
10042164300,Stefanie Bailey Mollborn,18084,Sociological Forum,08848971,2
10042164300,Stefanie Bailey Mollborn,18102,Sociological Perspectives,07311214,1
10042164300,Stefanie Bailey Mollborn,18103,Sociological Quarterly,00380253,1
10042164300,Stefanie Bailey Mollborn,18675,Teaching Sociology,0092055X,1
10042164300,Stefanie Bailey Mollborn,18983,Social Science and Medicine,02779536,6
10042164300,Stefanie Bailey Mollborn,19400158810,Child Indicators Research,1874897X,3
10042164300,Stefanie Bailey Mollborn,19558,Journal of Women S Health,15409996,1
10042164300,Stefanie Bailey Mollborn,200147125,Learning Media and Technology,17439884,1
10042164300,Stefanie Bailey Mollborn,20833,Health Affairs,02782715,1
10042164300,Stefanie Bailey Mollborn,21100443787,Ssm Population Health,23528273,1
10042164300,Stefanie Bailey Mollborn,21100457028,Science Advances,23752548,1
10042164300,Stefanie Bailey Mollborn,21101021489,Socius,23780231,2
10042164300,Stefanie Bailey Mollborn,21101140103,Ssm Qualitative Research in Health,26673215,1
10042164300,Stefanie Bailey Mollborn,26361,Demographic Research,14359871,2
10042164300,Stefanie Bailey Mollborn,26365,Demography,00703370,6
10042164300,Stefanie Bailey Mollborn,26437,Social Science Journal,03623319,1
10042164300,Stefanie Bailey Mollborn,26441,Social Science Research,0049089X,2
10042164300,Stefanie Bailey Mollborn,26824,Genus,00166987,1
10042164300,Stefanie Bailey Mollborn,27387,Population Research and Policy Review,01675923,6
10042164300,Stefanie Bailey Mollborn,27446,Youth and Society,0044118X,1
10042164300,Stefanie Bailey Mollborn,27620,American Journal of Health Promotion,08901171,1
10042164300,Stefanie Bailey Mollborn,27658,Maternal and Child Health Journal,10927875,3
10042164300,Stefanie Bailey Mollborn,28122,Perspectives on Sexual and Reproductive Health,15386341,1
10042164300,Stefanie Bailey Mollborn,30084,Journal of Sex Research,00224499,1
10042164300,Stefanie Bailey Mollborn,4100151507,Research in Social Stratification and Mobility,02765624,1
10042164300,Stefanie Bailey Mollborn,5600155894,Advances in Life Course Research,15694909,5
10043611700,Christina M. Fong,19900191767,American Economic Journal Applied Economics,19457782,1
10043611700,Christina M. Fong,21307,Management Science,00251909,1
10043611700,Christina M. Fong,23011,Economic Journal,00130133,1
10043611700,Christina M. Fong,23865,Journal of Economic Behavior and Organization,01672681,1
10043611700,Christina M. Fong,29009,Journal of Public Economics,00472727,4
10045944900,William T. Pizzi,10600153309,Plos One,19326203,1
10045944900,William T. Pizzi,130119,Global Jurist Topics,1535167X,1
10045944900,William T. Pizzi,22720,American Criminal Law Review,01640364,1
10045944900,William T. Pizzi,4000152138,International Commentary on Evidence,15544567,1
10242491700,Daniel Bergan,12853,Communication Monographs,03637751,1
10242491700,Daniel Bergan,14772,Human Communication Research,03603989,2
10242491700,Daniel Bergan,15559,American Politics Research,1532673X,3
10242491700,Daniel Bergan,15613,Journal of Communication,00219916,2
10242491700,Daniel Bergan,15931,Journal of Health Politics Policy and Law,03616878,1
10242491700,Daniel Bergan,18916,Social Science Computer Review,08944393,1
10242491700,Daniel Bergan,19700187607,Journalism Studies,1461670X,1
10242491700,Daniel Bergan,19700187617,Atlantic Journal of Communication,15456870,1
10242491700,Daniel Bergan,19774,International Journal of Public Opinion Research,09542892,2
10242491700,Daniel Bergan,19900191767,American Economic Journal Applied Economics,19457782,1
10242491700,Daniel Bergan,20333,Journal of Politics,00223816,1
10242491700,Daniel Bergan,20687,Journalism and Mass Communication Quarterly,10776990,1
10242491700,Daniel Bergan,21100205751,Journal of Public Transportation,1077291X,1
10242491700,Daniel Bergan,21100430187,Digital Journalism,21670811,1
10242491700,Daniel Bergan,21101095132,Behavioural Public Policy,2398063X,2
10242491700,Daniel Bergan,21240,Newspaper Research Journal,07395329,2
10242491700,Daniel Bergan,22832,Political Behavior,01909320,3
10242491700,Daniel Bergan,22838,Political Communication,10584609,2
10242491700,Daniel Bergan,22867,Political Research Quarterly,10659129,2
10242491700,Daniel Bergan,23574,Public Opinion Quarterly,0033362X,1
10242491700,Daniel Bergan,26439,Social Science Quarterly,00384941,1
10242491700,Daniel Bergan,28180,Journal of Advertising Research,00218499,1
10242491700,Daniel Bergan,33982,Health Communication,10410236,1
10242491700,Daniel Bergan,4700151740,Journal of Broadcasting and Electronic Media,08838151,1
10242491700,Daniel Bergan,4700152786,Journal of Political Marketing,15377857,3
10242491700,Daniel Bergan,5600153399,Communication Studies,10510974,2
10242491700,Daniel Bergan,5600153585,Mass Communication and Society,15205436,1
10340526300,Casey Klofstad,10600153309,Plos One,19326203,6
10340526300,Casey Klofstad,130030,Proceedings of the Royal Society B Biological Sciences,09628452,1
10340526300,Casey Klofstad,13936,Journal of Urban Affairs,07352166,1
10340526300,Casey Klofstad,15500154703,Evolutionary Psychology,14747049,1
10340526300,Casey Klofstad,15555,American Journal of Political Science,00925853,2
10340526300,Casey Klofstad,15559,American Politics Research,1532673X,3
10340526300,Casey Klofstad,15806,International Public Management Journal,10967494,1
10340526300,Casey Klofstad,16114,Electoral Studies,02613794,1
10340526300,Casey Klofstad,17530,Social Forces,00377732,1
10340526300,Casey Klofstad,18916,Social Science Computer Review,08944393,1
10340526300,Casey Klofstad,18983,Social Science and Medicine,02779536,1
10340526300,Casey Klofstad,19774,International Journal of Public Opinion Research,09542892,1
10340526300,Casey Klofstad,20333,Journal of Politics,00223816,1
10340526300,Casey Klofstad,21100200805,Scientific Reports,20452322,3
10340526300,Casey Klofstad,21100812569,Journal of Social and Political Psychology,21953325,1
10340526300,Casey Klofstad,21100835891,Journal of Experimental Political Science,20522630,1
10340526300,Casey Klofstad,21100865122,Research and Politics,20531680,2
10340526300,Casey Klofstad,21100873453,Palgrave Communications,20551045,1
10340526300,Casey Klofstad,21101091928,ACS Es and T Water,26900637,1
10340526300,Casey Klofstad,21101146367,Genealogy,23135778,1
10340526300,Casey Klofstad,21101158576,Harvard Kennedy School Misinformation Review,27661652,5
10340526300,Casey Klofstad,21489,Ethology,01791613,1
10340526300,Casey Klofstad,21503,Evolution and Human Behavior,10905138,2
10340526300,Casey Klofstad,21599,Studies in American Political Development,0898588X,1
10340526300,Casey Klofstad,21741,Behavior Genetics,00018244,1
10340526300,Casey Klofstad,22197,PS Political Science and Politics,10490965,2
10340526300,Casey Klofstad,22832,Political Behavior,01909320,4
10340526300,Casey Klofstad,22838,Political Communication,10584609,1
10340526300,Casey Klofstad,22861,Political Psychology,0162895X,3
10340526300,Casey Klofstad,22867,Political Research Quarterly,10659129,3
10340526300,Casey Klofstad,22889,Political Science Quarterly,00323195,1
10340526300,Casey Klofstad,26437,Social Science Journal,03623319,1
10340526300,Casey Klofstad,26439,Social Science Quarterly,00384941,1
10340526300,Casey Klofstad,26643,Journal of General Internal Medicine,08848734,2
10340526300,Casey Klofstad,30088,Journal of Social Issues,00224537,1
10340526300,Casey Klofstad,5600155075,Field Methods,1525822X,1
10340526300,Casey Klofstad,5700162015,Public Integrity,10999922,1
10340526300,Casey Klofstad,5700165635,Journal of Elections Public Opinion and Parties,17457289,1
10340526300,Casey Klofstad,5800169457,Public Performance and Management Review,15309576,1
10641000300,James Wirth,12088,Basic and Applied Social Psychology,01973533,1
10641000300,James Wirth,12807,Personality and Individual Differences,01918869,1
10641000300,James Wirth,12811,Personality and Social Psychology Bulletin,01461672,2
10641000300,James Wirth,13468,Psychological Science,09567976,1
10641000300,James Wirth,14035,Psychology of Women Quarterly,03616843,1
10641000300,James Wirth,14117,European Journal of Social Psychology,00462772,4
10641000300,James Wirth,14246,Group Dynamics,10892699,1
10641000300,James Wirth,14946,Group Processes and Intergroup Relations,13684302,3
10641000300,James Wirth,15499,Journal of Experimental Social Psychology,00221031,4
10641000300,James Wirth,15559,American Politics Research,1532673X,1
10641000300,James Wirth,16790,Journal of Pain and Symptom Management,08853924,1
10641000300,James Wirth,18232,Journal of Computer Mediated Communication,10836101,1
10641000300,James Wirth,19700188900,Social Psychology,18649335,1
10641000300,James Wirth,19900193555,Social Psychological and Personality Science,19485506,1
10641000300,James Wirth,20927,Yale Journal of Biology and Medicine,00440086,1
10641000300,James Wirth,21937,Pain Management Nursing,15249042,1
10641000300,James Wirth,28809,Journal of American College Health,07448481,1
10641000300,James Wirth,30073,Journal of Research in Personality,00926566,1
10641000300,James Wirth,30086,Journal of Social and Personal Relationships,02654075,1
10641000300,James Wirth,30090,Journal of Social Psychology,00224545,4
10641000300,James Wirth,4000149409,Quarterly Journal of Experimental Psychology,17470218,1
10641000300,James Wirth,5800179627,Self and Identity,15298868,1
10641000300,James Wirth,6700153284,Social Influence,15534510,1
12244707000,Kenneth G. DeMarree,11700154377,Journal of Individual Differences,16140001,1
12244707000,Kenneth G. DeMarree,12058,Assessment,10731911,1
12244707000,Kenneth G. DeMarree,12061,Memory and Cognition,0090502X,1
12244707000,Kenneth G. DeMarree,12088,Basic and Applied Social Psychology,01973533,1
12244707000,Kenneth G. DeMarree,12811,Personality and Social Psychology Bulletin,01461672,10
12244707000,Kenneth G. DeMarree,12812,Personality and Social Psychology Review,10888683,1
12244707000,Kenneth G. DeMarree,13378,Psicothema,02149915,1
12244707000,Kenneth G. DeMarree,13442,Psychological Assessment,10403590,3
12244707000,Kenneth G. DeMarree,14075,Emotion,15283542,2
12244707000,Kenneth G. DeMarree,14117,European Journal of Social Psychology,00462772,1
12244707000,Kenneth G. DeMarree,14823,Social Cognition,0278016X,3
12244707000,Kenneth G. DeMarree,15499,Journal of Experimental Social Psychology,00221031,8
12244707000,Kenneth G. DeMarree,16245,Journal of Affective Disorders,01650327,1
12244707000,Kenneth G. DeMarree,18747,Psychophysiology,00485772,1
12244707000,Kenneth G. DeMarree,19600166326,Mindfulness,18688527,1
12244707000,Kenneth G. DeMarree,19700175790,Revista De Psicologia Social,02134748,2
12244707000,Kenneth G. DeMarree,19900193555,Social Psychological and Personality Science,19485506,1
12244707000,Kenneth G. DeMarree,21100216571,Frontiers in Psychology,16641078,1
12244707000,Kenneth G. DeMarree,21100274406,Clinical Psychological Science,21677026,2
12244707000,Kenneth G. DeMarree,21100792085,Media and Communication,21832439,1
12244707000,Kenneth G. DeMarree,21101046404,Advances in Methods and Practices in Psychological Science,25152459,1
12244707000,Kenneth G. DeMarree,22861,Political Psychology,0162895X,1
12244707000,Kenneth G. DeMarree,22915,Journal of Economic Psychology,01674870,1
12244707000,Kenneth G. DeMarree,24763,Addictive Behaviors,03064603,1
12244707000,Kenneth G. DeMarree,26380,Drug and Alcohol Dependence,03768716,1
12244707000,Kenneth G. DeMarree,30039,Journal of Personality and Social Psychology,00223514,2
12244707000,Kenneth G. DeMarree,7000153258,International Journal of Psychology and Psychological Therapy,15777057,1
12761286600,Suzanne Mettler,15528,Annals of the American Academy of Political and Social Science,00027162,4
12761286600,Suzanne Mettler,15557,American Political Science Review,00030554,2
12761286600,Suzanne Mettler,15931,Journal of Health Politics Policy and Law,15271927,2
12761286600,Suzanne Mettler,16232,British Journal of Political Science,00071234,1
12761286600,Suzanne Mettler,18500158100,Forum Germany,15408884,1
12761286600,Suzanne Mettler,20833,Health Affairs,02782715,1
12761286600,Suzanne Mettler,21599,Studies in American Political Development,0898588X,2
12761286600,Suzanne Mettler,22723,Women and Politics,01957732,1
12761286600,Suzanne Mettler,22786,Policy Studies Journal,0190292X,1
12761286600,Suzanne Mettler,24664,Foreign Affairs,00157120,1
12761286600,Suzanne Mettler,26439,Social Science Quarterly,00384941,1
12761286600,Suzanne Mettler,4000148701,Perspectives on Politics,15375927,6
12761286600,Suzanne Mettler,4700151710,International Journal of Public Administration,01900692,1
12761286600,Suzanne Mettler,5700152854,Journal of Policy History,08980306,2
12767146800,Douglas Kriner,10600153309,Plos One,19326203,1
12767146800,Douglas Kriner,130158,British Journal of Politics and International Relations,13691481,2
12767146800,Douglas Kriner,15555,American Journal of Political Science,00925853,3
12767146800,Douglas Kriner,15557,American Political Science Review,00030554,1
12767146800,Douglas Kriner,15931,Journal of Health Politics Policy and Law,03616878,1
12767146800,Douglas Kriner,16232,British Journal of Political Science,00071234,1
12767146800,Douglas Kriner,16242,Journal of Law Economics and Organization,87566222,1
12767146800,Douglas Kriner,16306,New Media and Society,14614448,1
12767146800,Douglas Kriner,17449,Science Communication,10755470,1
12767146800,Douglas Kriner,18437,European Journal of Political Research,03044130,1
12767146800,Douglas Kriner,18983,Social Science and Medicine,02779536,1
12767146800,Douglas Kriner,19877,Journal of Democracy,10455736,1
12767146800,Douglas Kriner,20333,Journal of Politics,00223816,2
12767146800,Douglas Kriner,20444,Legislative Studies Quarterly,03629805,3
12767146800,Douglas Kriner,21100325067,Energy Research and Social Science,22146296,1
12767146800,Douglas Kriner,21100335701,Vaccines,2076393X,1
12767146800,Douglas Kriner,21100457028,Science Advances,23752548,1
12767146800,Douglas Kriner,21100850730,Npj Vaccines,20590105,2
12767146800,Douglas Kriner,21100900345,JAMA Network Open,25743805,1
12767146800,Douglas Kriner,21101043565,Journal of Global Security Studies,20573189,1
12767146800,Douglas Kriner,21101158576,Harvard Kennedy School Misinformation Review,27661652,1
12767146800,Douglas Kriner,21376,Vaccine,0264410X,3
12767146800,Douglas Kriner,22197,PS Political Science and Politics,10490965,2
12767146800,Douglas Kriner,23528,Presidential Studies Quarterly,03604918,6
12767146800,Douglas Kriner,23574,Public Opinion Quarterly,0033362X,3
12767146800,Douglas Kriner,23930,Conflict Management and Peace Science,07388942,1
12767146800,Douglas Kriner,26424,Resources Conservation and Recycling,09213449,1
12767146800,Douglas Kriner,27663,Journal of Conflict Resolution,00220027,2
12767146800,Douglas Kriner,29403,Energy Policy,03014215,3
12779778800,Daniel Hopkins,11600153640,Quarterly Journal of Political Science,15540626,1
12779778800,Daniel Hopkins,145558,Political Analysis,10471987,3
12779778800,Daniel Hopkins,15555,American Journal of Political Science,00925853,6
12779778800,Daniel Hopkins,15557,American Political Science Review,00030554,2
12779778800,Daniel Hopkins,15559,American Politics Research,1532673X,2
12779778800,Daniel Hopkins,15931,Journal of Health Politics Policy and Law,03616878,1
12779778800,Daniel Hopkins,16232,British Journal of Political Science,00071234,3
12779778800,Daniel Hopkins,16926,American Journal of Sociology,00029602,1
12779778800,Daniel Hopkins,19774,International Journal of Public Opinion Research,09542892,1
12779778800,Daniel Hopkins,20333,Journal of Politics,00223816,8
12779778800,Daniel Hopkins,20444,Legislative Studies Quarterly,03629805,1
12779778800,Daniel Hopkins,21100217634,Journal of Empirical Legal Studies,17401453,1
12779778800,Daniel Hopkins,21100457028,Science Advances,23752548,1
12779778800,Daniel Hopkins,21100465147,Election Law Journal Rules Politics and Policy,15331296,1
12779778800,Daniel Hopkins,21100835891,Journal of Experimental Political Science,20522630,1
12779778800,Daniel Hopkins,21100860760,Critical Finance Review,21645744,1
12779778800,Daniel Hopkins,21100865122,Research and Politics,20531680,1
12779778800,Daniel Hopkins,21100870919,Political Science Research and Methods,20498470,2
12779778800,Daniel Hopkins,21101120622,JAMA Health Forum,26890186,1
12779778800,Daniel Hopkins,21121,Proceedings of the National Academy of Sciences of the United States of America,00278424,2
12779778800,Daniel Hopkins,21599,Studies in American Political Development,0898588X,1
12779778800,Daniel Hopkins,22832,Political Behavior,01909320,5
12779778800,Daniel Hopkins,22838,Political Communication,10584609,1
12779778800,Daniel Hopkins,22867,Political Research Quarterly,10659129,2
12779778800,Daniel Hopkins,23574,Public Opinion Quarterly,0033362X,2
12779778800,Daniel Hopkins,26439,Social Science Quarterly,00384941,2
12779778800,Daniel Hopkins,27620,American Journal of Health Promotion,08901171,1
12794521600,Toby Bolsen,10300153306,International Journal of Press Politics,19401612,1
12794521600,Toby Bolsen,12100156092,Journal of Political Science Education,15512169,1
12794521600,Toby Bolsen,12177,Climatic Change,01650009,1
12794521600,Toby Bolsen,12440,Professional Geographer,00330124,1
12794521600,Toby Bolsen,14946,Group Processes and Intergroup Relations,13684302,1
12794521600,Toby Bolsen,15528,Annals of the American Academy of Political and Social Science,00027162,1
12794521600,Toby Bolsen,15555,American Journal of Political Science,00925853,2
12794521600,Toby Bolsen,15559,American Politics Research,1532673X,1
12794521600,Toby Bolsen,15613,Journal of Communication,00219916,2
12794521600,Toby Bolsen,16114,Electoral Studies,02613794,1
12794521600,Toby Bolsen,17449,Science Communication,10755470,4
12794521600,Toby Bolsen,19700182745,Environmental Communication,17524032,3
12794521600,Toby Bolsen,21100215718,Weather Climate and Society,19488327,2
12794521600,Toby Bolsen,21100802686,Risk Hazards and Crisis in Public Policy,19444079,1
12794521600,Toby Bolsen,21100812579,Nature Energy,20587546,1
12794521600,Toby Bolsen,21100826280,Frontiers in Environmental Science,2296665X,1
12794521600,Toby Bolsen,21100835891,Journal of Experimental Political Science,20522630,1
12794521600,Toby Bolsen,21100865122,Research and Politics,20531680,1
12794521600,Toby Bolsen,21101034382,Asia Pacific Journal of Public Administration,23276665,1
12794521600,Toby Bolsen,21101077280,Frontiers in Political Science,26733145,1
12794521600,Toby Bolsen,22197,PS Political Science and Politics,10490965,1
12794521600,Toby Bolsen,22370,Public Understanding of Science,09636625,1
12794521600,Toby Bolsen,22832,Political Behavior,01909320,3
12794521600,Toby Bolsen,22838,Political Communication,10584609,1
12794521600,Toby Bolsen,23574,Public Opinion Quarterly,0033362X,1
12794521600,Toby Bolsen,24519,Environmental Politics,09644016,1
12794521600,Toby Bolsen,26439,Social Science Quarterly,00384941,1
12794521600,Toby Bolsen,29403,Energy Policy,03014215,1
12794521600,Toby Bolsen,5700152892,New Political Science,07393148,1
12795811900,Erika Fowler,10300153306,International Journal of Press Politics,19401612,3
12795811900,Erika Fowler,10600153309,Plos One,19326203,1
12795811900,Erika Fowler,11600153403,Disaster Medicine and Public Health Preparedness,19357893,1
12795811900,Erika Fowler,15386,Online Information Review,14684527,1
12795811900,Erika Fowler,15399,Journal of Child and Family Studies,10621024,1
12795811900,Erika Fowler,15528,Annals of the American Academy of Political and Social Science,00027162,1
12795811900,Erika Fowler,15555,American Journal of Political Science,00925853,1
12795811900,Erika Fowler,15557,American Political Science Review,00030554,1
12795811900,Erika Fowler,15559,American Politics Research,1532673X,2
12795811900,Erika Fowler,15613,Journal of Communication,00219916,1
12795811900,Erika Fowler,15916,Journal of Health Communication,10810730,1
12795811900,Erika Fowler,15931,Journal of Health Politics Policy and Law,03616878,9
12795811900,Erika Fowler,17665,Preventive Medicine,00917435,3
12795811900,Erika Fowler,17785,Medical Care,00257079,1
12795811900,Erika Fowler,18500158100,Forum Germany,21946183,8
12795811900,Erika Fowler,18916,Social Science Computer Review,08944393,1
12795811900,Erika Fowler,18983,Social Science and Medicine,02779536,3
12795811900,Erika Fowler,19400158571,Race and Social Problems,18671748,1
12795811900,Erika Fowler,19700170417,Journal of Information Technology and Politics,19331681,4
12795811900,Erika Fowler,19900192123,World Medical and Health Policy,21532028,2
12795811900,Erika Fowler,20052,Medical Care Research and Review,10775587,2
12795811900,Erika Fowler,20122,Women S Health Issues,10493867,2
12795811900,Erika Fowler,20833,Health Affairs,02782715,3
12795811900,Erika Fowler,21100372295,Preventive Medicine Reports,22113355,2
12795811900,Erika Fowler,21100443787,Ssm Population Health,23528273,1
12795811900,Erika Fowler,21100448080,Interest Groups and Advocacy,20477414,1
12795811900,Erika Fowler,21100451321,Scientific Data,20524463,1
12795811900,Erika Fowler,21100465147,Election Law Journal Rules Politics and Policy,15331296,2
12795811900,Erika Fowler,21100792085,Media and Communication,21832439,1
12795811900,Erika Fowler,21100865122,Research and Politics,20531680,1
12795811900,Erika Fowler,21100886215,Rsf,23778253,1
12795811900,Erika Fowler,21100900345,JAMA Network Open,25743805,2
12795811900,Erika Fowler,21100901173,Applied Network Science,23648228,1
12795811900,Erika Fowler,21100944557,Health Equity,24731242,1
12795811900,Erika Fowler,21101152530,Computational Communication Research,26659085,2
12795811900,Erika Fowler,21101176030,Journal of Public Interest Communications,25734342,1
12795811900,Erika Fowler,21101186976,Pnas Nexus,27526542,1
12795811900,Erika Fowler,21103,Milbank Quarterly,0887378X,4
12795811900,Erika Fowler,21376,Vaccine,0264410X,1
12795811900,Erika Fowler,22197,PS Political Science and Politics,10490965,1
12795811900,Erika Fowler,22460,Patient Education and Counseling,07383991,1
12795811900,Erika Fowler,22838,Political Communication,10584609,4
12795811900,Erika Fowler,22867,Political Research Quarterly,10659129,2
12795811900,Erika Fowler,23709,Journal of Medical Internet Research,14388871,1
12795811900,Erika Fowler,27063,American Journal of Preventive Medicine,07493797,1
12795811900,Erika Fowler,27204,International Journal of Social Research Methodology,13645579,1
12795811900,Erika Fowler,29643,Urban Affairs Review,10780874,1
12795811900,Erika Fowler,33982,Health Communication,10410236,4
12795811900,Erika Fowler,4700152786,Journal of Political Marketing,15377857,3
12795811900,Erika Fowler,5600153585,Mass Communication and Society,15205436,1
12795811900,Erika Fowler,69138,American Journal of Managed Care,10880224,2
12798516700,Lee K. Shaker,15613,Journal of Communication,00219916,1
12798516700,Lee K. Shaker,200147110,Information Communication and Society,1369118X,1
12798516700,Lee K. Shaker,20687,Journalism and Mass Communication Quarterly,10776990,1
12798516700,Lee K. Shaker,21100202907,International Journal of Communication,19328036,2
12798516700,Lee K. Shaker,21100872049,Journal of Information Policy,23815892,1
12798516700,Lee K. Shaker,21240,Newspaper Research Journal,07395329,1
12798516700,Lee K. Shaker,22832,Political Behavior,01909320,1
12798516700,Lee K. Shaker,22838,Political Communication,10584609,1
12798516700,Lee K. Shaker,23574,Public Opinion Quarterly,0033362X,1
12798516700,Lee K. Shaker,5700155017,Nordicom Review,14031108,1
13105580800,Ariel Malka,12811,Personality and Social Psychology Bulletin,01461672,4
13105580800,Ariel Malka,12882,Contemporary Educational Psychology,0361476X,1
13105580800,Ariel Malka,13477,Current Directions in Psychological Science,09637214,1
13105580800,Ariel Malka,15557,American Political Science Review,00030554,1
13105580800,Ariel Malka,15559,American Politics Research,1532673X,1
13105580800,Ariel Malka,16232,British Journal of Political Science,00071234,1
13105580800,Ariel Malka,17534,Social Justice Research,08857466,1
13105580800,Ariel Malka,20333,Journal of Politics,00223816,1
13105580800,Ariel Malka,21100835891,Journal of Experimental Political Science,20522630,1
13105580800,Ariel Malka,22861,Political Psychology,0162895X,3
13105580800,Ariel Malka,22890,Political Studies,00323217,1
13105580800,Ariel Malka,26372,Risk Analysis,02724332,1
13105580800,Ariel Malka,30022,Journal of Personality,00223506,1
13105580800,Ariel Malka,30039,Journal of Personality and Social Psychology,00223514,2
13105580800,Ariel Malka,4000148701,Perspectives on Politics,15375927,2
13309460300,Timothy Ryan,10600153309,Plos One,19326203,1
13309460300,Timothy Ryan,14859,Biophysical Journal,00063495,2
13309460300,Timothy Ryan,15870,Journal of Clinical Investigation,00219738,1
13309460300,Timothy Ryan,16764,Journal of Neuroscience,02706474,10
13309460300,Timothy Ryan,17436,Nature Neuroscience,10976256,6
13309460300,Timothy Ryan,17592,Journal of Biological Chemistry,00219258,4
13309460300,Timothy Ryan,17620,Journal of Neurochemistry,00223042,1
13309460300,Timothy Ryan,17978,Neuron,08966273,16
13309460300,Timothy Ryan,18434,Cell,00928674,3
13309460300,Timothy Ryan,18452,Cell Calcium,01434160,1
13309460300,Timothy Ryan,18555,Journal of Cell Biology,00219525,3
13309460300,Timothy Ryan,18605,Molecular Biology of the Cell,10591524,2
13309460300,Timothy Ryan,19014,Nature Cell Biology,14657392,1
13309460300,Timothy Ryan,19700175165,Frontiers in Neural Circuits,16625110,2
13309460300,Timothy Ryan,19963,Molecular Pharmacology,0026895X,1
13309460300,Timothy Ryan,20435,Neuropharmacology,00283908,1
13309460300,Timothy Ryan,21100199802,Frontiers in Synaptic Neuroscience,16633563,1
13309460300,Timothy Ryan,21100200805,Scientific Reports,20452322,1
13309460300,Timothy Ryan,21100242814,Elife,2050084X,3
13309460300,Timothy Ryan,21100457028,Science Advances,23752548,2
13309460300,Timothy Ryan,21100782808,Eneuro,23732822,1
13309460300,Timothy Ryan,21100932733,Nature Metabolism,25225812,1
13309460300,Timothy Ryan,21121,Proceedings of the National Academy of Sciences of the United States of America,00278424,8
13309460300,Timothy Ryan,21206,Nature,00280836,6
13309460300,Timothy Ryan,21272,Journal of Experimental Medicine,00221007,1
13309460300,Timothy Ryan,23460,Journal of General Physiology,15407748,1
13309460300,Timothy Ryan,23478,Journal of Physiology,00223751,1
13309460300,Timothy Ryan,23571,Science,00368075,3
13309460300,Timothy Ryan,25222,Toxicology and Applied Pharmacology,0041008X,1
13309460300,Timothy Ryan,32790,Progress in Clinical and Biological Research,03617742,1
13309460300,Timothy Ryan,39980,News in Physiological Sciences,08861714,1
13309460300,Timothy Ryan,5800173376,Biology Direct,17456150,1
13309460300,Timothy Ryan,6500153245,Brain Cell Biology,15597105,1
13403379200,Ryan Claassen,12100156092,Journal of Political Science Education,15512169,1
13403379200,Ryan Claassen,15559,American Politics Research,1532673X,3
13403379200,Ryan Claassen,20333,Journal of Politics,00223816,2
13403379200,Ryan Claassen,22832,Political Behavior,01909320,7
13403379200,Ryan Claassen,22867,Political Research Quarterly,10659129,3
13403379200,Ryan Claassen,23574,Public Opinion Quarterly,0033362X,1
13403379200,Ryan Claassen,5600152808,Acta Politica,00016810,1
13404086400,Eileen Braman,15555,American Journal of Political Science,00925853,2
13404086400,Eileen Braman,17591,Law and Society Review,00239216,1
13404086400,Eileen Braman,21100942111,Journal of Law and Courts,21646570,2
13404086400,Eileen Braman,22861,Political Psychology,0162895X,1
13404086400,Eileen Braman,28955,Justice System Journal,0098261X,1
13404086400,Eileen Braman,5700160451,Politics and Religion,17550483,1
13404545600,Josh Pasek,10600153309,Plos One,19326203,1
13404545600,Josh Pasek,15499,Journal of Experimental Social Psychology,00221031,1
13404545600,Josh Pasek,15528,Annals of the American Academy of Political and Social Science,00027162,2
13404545600,Josh Pasek,15613,Journal of Communication,00219916,1
13404545600,Josh Pasek,16114,Electoral Studies,02613794,2
13404545600,Josh Pasek,17649,Communication Research,00936502,3
13404545600,Josh Pasek,18916,Social Science Computer Review,08944393,2
13404545600,Josh Pasek,18983,Social Science and Medicine,02779536,1
13404545600,Josh Pasek,19419,Computers in Human Behavior,07475632,1
13404545600,Josh Pasek,19700170417,Journal of Information Technology and Politics,19331681,1
13404545600,Josh Pasek,19700174684,Journal of Diabetes Science and Technology,19322968,1
13404545600,Josh Pasek,19774,International Journal of Public Opinion Research,09542892,2
13404545600,Josh Pasek,200147134,First Monday,13960466,1
13404545600,Josh Pasek,21100457028,Science Advances,23752548,1
13404545600,Josh Pasek,21100788289,Mobile Media and Communication,20501579,2
13404545600,Josh Pasek,21100850730,Npj Vaccines,20590105,1
13404545600,Josh Pasek,21101089656,Translational Issues in Psychological Science,23322136,1
13404545600,Josh Pasek,21101158576,Harvard Kennedy School Misinformation Review,27661652,1
13404545600,Josh Pasek,21101296127,Frontiers in Developmental Psychology,28137779,1
13404545600,Josh Pasek,21121,Proceedings of the National Academy of Sciences of the United States of America,00278424,1
13404545600,Josh Pasek,22370,Public Understanding of Science,09636625,1
13404545600,Josh Pasek,22832,Political Behavior,01909320,1
13404545600,Josh Pasek,22838,Political Communication,10584609,1
13404545600,Josh Pasek,22861,Political Psychology,0162895X,2
13404545600,Josh Pasek,23574,Public Opinion Quarterly,0033362X,6
13404545600,Josh Pasek,24733,American Behavioral Scientist,00027642,1
13404545600,Josh Pasek,25545,Diabetes Technology and Therapeutics,15209156,1
13404545600,Josh Pasek,29434,American Journal of Education,01956744,1
13404545600,Josh Pasek,4000148701,Perspectives on Politics,15375927,1
13404545600,Josh Pasek,5600153585,Mass Communication and Society,15205436,2
13404545600,Josh Pasek,5700155900,Applied Developmental Science,10888691,1
13406042600,Christabel Rogalin,13480,Current Research in Social Psychology,10887423,2
13406042600,Christabel Rogalin,14000155895,Sociology Compass,17519020,4
13406042600,Christabel Rogalin,16907,Research on Social Work Practice,10497315,1
13406042600,Christabel Rogalin,16926,American Journal of Sociology,00029602,1
13406042600,Christabel Rogalin,17562,Social Psychology Quarterly,01902725,2
13406042600,Christabel Rogalin,18083,Sociological Focus,00380237,1
13406042600,Christabel Rogalin,18675,Teaching Sociology,0092055X,1
13606654500,Scott Radnitz,13447,Comparative Political Studies,00104140,1
13606654500,Scott Radnitz,13448,Comparative Politics,00104159,1
13606654500,Scott Radnitz,15561,Demokratizatsiya,10746846,1
13606654500,Scott Radnitz,19877,Journal of Democracy,10455736,1
13606654500,Scott Radnitz,200147110,Information Communication and Society,1369118X,1
13606654500,Scott Radnitz,20727,Europe Asia Studies,09668136,2
13606654500,Scott Radnitz,21100427853,Politics and Governance,21832463,1
13606654500,Scott Radnitz,22838,Political Communication,10584609,1
13606654500,Scott Radnitz,22857,Political Geography,09626298,1
13606654500,Scott Radnitz,22867,Political Research Quarterly,10659129,1
13606654500,Scott Radnitz,23930,Conflict Management and Peace Science,07388942,1
13606654500,Scott Radnitz,24034,Democratization,13510347,1
13606654500,Scott Radnitz,25654,Post Soviet Affairs,1060586X,1
13606654500,Scott Radnitz,25848,International Studies Quarterly,00208833,1
13606654500,Scott Radnitz,26362,Journal of Peace Research,00223433,1
13606654500,Scott Radnitz,26587,Studies in Comparative International Development,00393606,1
13606654500,Scott Radnitz,27574,Regional and Federal Studies,13597566,1
13606654500,Scott Radnitz,28256,Nationalities Papers,00905992,1
13606654500,Scott Radnitz,4000148701,Perspectives on Politics,15375927,1
13606654500,Scott Radnitz,5700165635,Journal of Elections Public Opinion and Parties,17457289,1
13608346200,Christopher McLaughlin,12878,Chemistry of Materials,08974756,1
13608346200,Christopher McLaughlin,130126,Molecular Pharmaceutics,15438384,1
13608346200,Christopher McLaughlin,16876,Bioconjugate Chemistry,10431802,1
13608346200,Christopher McLaughlin,18100156701,Nature Chemistry,17554330,3
13608346200,Christopher McLaughlin,19700171101,ACS Applied Materials and Interfaces,19448244,1
13608346200,Christopher McLaughlin,19700200838,Chemical Science,20416520,1
13608346200,Christopher McLaughlin,21100457028,Science Advances,23752548,1
13608346200,Christopher McLaughlin,22680,Journal of the American Chemical Society,00027863,4
13608346200,Christopher McLaughlin,22687,Angewandte Chemie International Edition,14337851,2
13608346200,Christopher McLaughlin,22781,Chemical Communications,13597345,2
13608346200,Christopher McLaughlin,25199,Journal of Solid State Electrochemistry,14328488,1
13608346200,Christopher McLaughlin,25780,Biomacromolecules,15257797,1
13608346200,Christopher McLaughlin,26396,Organic Letters,15237060,1
13608346200,Christopher McLaughlin,26969,Journal of Physical Chemistry A,10895639,2
13608346200,Christopher McLaughlin,26970,Journal of Physical Chemistry B,15206106,1
13608346200,Christopher McLaughlin,5200152704,Nature Nanotechnology,17483387,1
13608346200,Christopher McLaughlin,5300152227,ACS Chemical Biology,15548929,3
13908379700,Bethany Lacina,15555,American Journal of Political Science,00925853,1
13908379700,Bethany Lacina,15713,Asian Survey,00044687,1
13908379700,Bethany Lacina,20333,Journal of Politics,00223816,1
13908379700,Bethany Lacina,22857,Political Geography,09626298,1
13908379700,Bethany Lacina,25725,World Politics,00438871,1
13908379700,Bethany Lacina,25848,International Studies Quarterly,00208833,1
13908379700,Bethany Lacina,27663,Journal of Conflict Resolution,00220027,2
13908379700,Bethany Lacina,28007,Security Dialogue,09670106,1
13908379700,Bethany Lacina,29536,European Journal of Population,01686577,1
13908379700,Bethany Lacina,30060,World Development,0305750X,1
13908379700,Bethany Lacina,5800169155,Ethnopolitics,17449057,2
13908379700,Bethany Lacina,5800191489,Foreign Policy Analysis,17438586,1
14021429900,Brian Newman,15559,American Politics Research,1532673X,1
14021429900,Brian Newman,16114,Electoral Studies,02613794,1
14021429900,Brian Newman,20333,Journal of Politics,00223816,2
14021429900,Brian Newman,20444,Legislative Studies Quarterly,03629805,4
14021429900,Brian Newman,21100812569,Journal of Social and Political Psychology,21953325,1
14021429900,Brian Newman,21100874343,Politics and Religion Journal,18206581,1
14021429900,Brian Newman,21121,Proceedings of the National Academy of Sciences of the United States of America,00278424,1
14021429900,Brian Newman,22197,PS Political Science and Politics,10490965,1
14021429900,Brian Newman,22832,Political Behavior,01909320,1
14021429900,Brian Newman,22867,Political Research Quarterly,10659129,1
14021429900,Brian Newman,23528,Presidential Studies Quarterly,03604918,8
14021429900,Brian Newman,23574,Public Opinion Quarterly,0033362X,1
14021429900,Brian Newman,24519,Environmental Politics,09644016,1
14021429900,Brian Newman,5800169166,Congress and the Presidency,07343469,1
14021429900,Brian Newman,5800179627,Self and Identity,15298868,1
14029519500,David Tannenbaum,10600153309,Plos One,19326203,3
14029519500,David Tannenbaum,13401,Consciousness and Cognition,10538100,1
14029519500,David Tannenbaum,13794,Biosystems,03032647,2
14029519500,David Tannenbaum,14204,Nucleic Acids Research,03051048,1
14029519500,David Tannenbaum,14345,Theory in Biosciences,14317613,3
14029519500,David Tannenbaum,21100855841,Physical Review E Statistical Physics Plasmas Fluids and Related Interdisciplinary Topics,1063651X,5
14029519500,David Tannenbaum,21101276710,Physical Review E Statistical Nonlinear and Soft Matter Physics,15393755,8
14029519500,David Tannenbaum,22173,Genetics,00166731,1
14029519500,David Tannenbaum,26586,Chemical Physics Letters,00092614,1
14029519500,David Tannenbaum,26969,Journal of Physical Chemistry A,10895639,1
14029519500,David Tannenbaum,26970,Journal of Physical Chemistry B,15206106,2
14029519500,David Tannenbaum,28134,Journal of Chemical Physics,00219606,2
14029519500,David Tannenbaum,29150,Physical Review Letters,00319007,2
14029519500,David Tannenbaum,29663,Journal of Theoretical Biology,00225193,4
14031144000,Deborah Jordan Brooks,10600153309,Plos One,19326203,1
14031144000,Deborah Jordan Brooks,15555,American Journal of Political Science,00925853,1
14031144000,Deborah Jordan Brooks,15559,American Politics Research,1532673X,2
14031144000,Deborah Jordan Brooks,20333,Journal of Politics,00223816,3
14031144000,Deborah Jordan Brooks,23574,Public Opinion Quarterly,0033362X,1
14031144000,Deborah Jordan Brooks,25835,International Security,01622889,1
14031144000,Deborah Jordan Brooks,27663,Journal of Conflict Resolution,00220027,1
14031144000,Deborah Jordan Brooks,5700166179,Politics and Gender,1743923X,2
14039207900,Lindsey Levitan,12811,Personality and Social Psychology Bulletin,01461672,1
14039207900,Lindsey Levitan,15499,Journal of Experimental Social Psychology,00221031,2
14039207900,Lindsey Levitan,19700190349,Communication Methods and Measures,19312458,1
14039207900,Lindsey Levitan,20333,Journal of Politics,00223816,1
14039207900,Lindsey Levitan,21100870919,Political Science Research and Methods,20498470,1
14039207900,Lindsey Levitan,22832,Political Behavior,01909320,2
14039207900,Lindsey Levitan,22861,Political Psychology,0162895X,2
14051534300,Matthew E. Brashears,10600153309,Plos One,19326203,1
14051534300,Matthew E. Brashears,12817,Personnel Psychology,00315826,1
14051534300,Matthew E. Brashears,145592,Computational and Mathematical Organization Theory,1381298X,1
14051534300,Matthew E. Brashears,16926,American Journal of Sociology,00029602,1
14051534300,Matthew E. Brashears,16929,American Sociological Review,00031224,2
14051534300,Matthew E. Brashears,17530,Social Forces,00377732,1
14051534300,Matthew E. Brashears,17562,Social Psychology Quarterly,01902725,1
14051534300,Matthew E. Brashears,200147110,Information Communication and Society,1369118X,1
14051534300,Matthew E. Brashears,21100200805,Scientific Reports,20452322,2
14051534300,Matthew E. Brashears,21100464772,Network Science,20501250,1
14051534300,Matthew E. Brashears,21100855741,Sociological Science,23306696,2
14051534300,Matthew E. Brashears,21101021489,Socius,23780231,1
14051534300,Matthew E. Brashears,25987,Social Networks,03788733,7
14051534300,Matthew E. Brashears,26441,Social Science Research,0049089X,4
14051534300,Matthew E. Brashears,27204,International Journal of Social Research Methodology,13645579,1
14051534300,Matthew E. Brashears,5600156898,Journal of Social Structure,15291227,1
14057462800,Winston Chiong,10600153309,Plos One,19326203,1
14057462800,Winston Chiong,13163,Epilepsy and Behavior,15255050,1
14057462800,Winston Chiong,14179,Annals of Neurology,03645134,1
14057462800,Winston Chiong,14300154705,Neuroethics,18745490,1
14057462800,Winston Chiong,14317,Brain,00068950,2
14057462800,Winston Chiong,144840,Plos Medicine,15491277,1
14057462800,Winston Chiong,14945,Cortex,00109452,1
14057462800,Winston Chiong,15300154806,Dementia,14713012,1
14057462800,Winston Chiong,15510,Epilepsia,00139580,1
14057462800,Winston Chiong,15989,Journal of Palliative Medicine,10966218,1
14057462800,Winston Chiong,16200,International Psychogeriatrics,10416102,1
14057462800,Winston Chiong,16246,Journal of Alzheimer S Disease,13872877,4
14057462800,Winston Chiong,16674,Journal of Child Neurology,08830738,2
14057462800,Winston Chiong,17468,Neurocase,13554794,2
14057462800,Winston Chiong,17952,Neurology,00283878,6
14057462800,Winston Chiong,18017,Neuropsychopharmacology,0893133X,1
14057462800,Winston Chiong,19384,Seminars in Neurology,02718235,1
14057462800,Winston Chiong,19700174935,Alzheimer S Research and Therapy,17589193,1
14057462800,Winston Chiong,19700175164,Frontiers in Human Neuroscience,16625161,2
14057462800,Winston Chiong,19700187604,AJOB Neuroscience,21507740,3
14057462800,Winston Chiong,20618,Stroke,00392499,1
14057462800,Winston Chiong,21100212316,Frontiers in Neurology,16642295,2
14057462800,Winston Chiong,21100222534,Neuroimage Clinical,22131582,1
14057462800,Winston Chiong,21100228519,JAMA Neurology,21686149,2
14057462800,Winston Chiong,21100228546,JAMA Internal Medicine,21686106,2
14057462800,Winston Chiong,21100228547,JAMA Psychiatry,2168622X,1
14057462800,Winston Chiong,21100236604,Neurology Clinical Practice,21630402,1
14057462800,Winston Chiong,21100286315,Brain and Behavior,21623279,1
14057462800,Winston Chiong,21100411756,Heliyon,24058440,1
14057462800,Winston Chiong,21100415705,Alzheimer S and Dementia Translational Research and Clinical Interventions,23528737,1
14057462800,Winston Chiong,21101028388,Patterns,26663899,1
14057462800,Winston Chiong,28478,Aging and Mental Health,13607863,1
14057462800,Winston Chiong,28514,Journal of the American Geriatrics Society,00028614,4
14057462800,Winston Chiong,29070,Gerontologist,00169013,1
14057462800,Winston Chiong,3600148102,Alzheimer S and Dementia,15525260,3
14527556700,Sean E. Moore,12858,Cognition and Emotion,02699931,1
14527556700,Sean E. Moore,13465,Psychological Reports,00332941,1
14527556700,Sean E. Moore,16114,Electoral Studies,02613794,1
14527556700,Sean E. Moore,18787,Higher Education,00181560,1
14527556700,Sean E. Moore,19391,Social Indicators Research,03038300,1
14527556700,Sean E. Moore,21206,Nature,00280836,1
14822575600,Aliya Saperstein,10600153309,Plos One,19326203,3
14822575600,Aliya Saperstein,145733,Sexualities,13634607,1
14822575600,Aliya Saperstein,14925,Gender and Society,08912432,2
14822575600,Aliya Saperstein,15528,Annals of the American Academy of Political and Social Science,00027162,2
14822575600,Aliya Saperstein,15645,Journal of Health and Social Behavior,00221465,1
14822575600,Aliya Saperstein,16926,American Journal of Sociology,00029602,1
14822575600,Aliya Saperstein,17530,Social Forces,00377732,1
14822575600,Aliya Saperstein,17562,Social Psychology Quarterly,01902725,1
14822575600,Aliya Saperstein,18102,Sociological Perspectives,07311214,1
14822575600,Aliya Saperstein,18983,Social Science and Medicine,02779536,1
14822575600,Aliya Saperstein,18993,New Genetics and Society,14636778,1
14822575600,Aliya Saperstein,19400158571,Race and Social Problems,18671748,1
14822575600,Aliya Saperstein,20927,Yale Journal of Biology and Medicine,00440086,1
14822575600,Aliya Saperstein,21100779233,Journal of Racial and Ethnic Health Disparities,21973792,1
14822575600,Aliya Saperstein,21100855741,Sociological Science,23306696,1
14822575600,Aliya Saperstein,21100900345,JAMA Network Open,25743805,1
14822575600,Aliya Saperstein,21101021489,Socius,23780231,3
14822575600,Aliya Saperstein,21101021989,European Journal of Politics and Gender,25151088,1
14822575600,Aliya Saperstein,21101055809,Human Genetics and Genomics Advances,26662477,1
14822575600,Aliya Saperstein,21101097039,Sociology of Race and Ethnicity,23326492,1
14822575600,Aliya Saperstein,21101146367,Genealogy,23135778,1
14822575600,Aliya Saperstein,21121,Proceedings of the National Academy of Sciences of the United States of America,00278424,1
14822575600,Aliya Saperstein,24377,Social Studies of Science,03063127,1
14822575600,Aliya Saperstein,24733,American Behavioral Scientist,00027642,1
14822575600,Aliya Saperstein,26124,Ethnic and Racial Studies,01419870,1
14822575600,Aliya Saperstein,26361,Demographic Research,14359871,3
14822575600,Aliya Saperstein,26365,Demography,00703370,4
14822575600,Aliya Saperstein,26441,Social Science Research,0049089X,2
14822575600,Aliya Saperstein,27285,Journal for the Scientific Study of Religion,00218294,1
14822575600,Aliya Saperstein,27364,Population and Development Review,00987921,1
15019208600,Stephen Maynard Caliendo,12100156092,Journal of Political Science Education,15512169,1
15019208600,Stephen Maynard Caliendo,20604,Harvard International Journal of Press Politics,1081180X,2
15019208600,Stephen Maynard Caliendo,24733,American Behavioral Scientist,00027642,1
15019208600,Stephen Maynard Caliendo,27661,Journal of Black Studies,00219347,1
15019600500,Charlton McIlwain,15613,Journal of Communication,00219916,1
15019600500,Charlton McIlwain,16306,New Media and Society,14614448,1
15019600500,Charlton McIlwain,19700187617,Atlantic Journal of Communication,15456870,1
15019600500,Charlton McIlwain,200147110,Information Communication and Society,1369118X,2
15019600500,Charlton McIlwain,20604,Harvard International Journal of Press Politics,1081180X,1
15019600500,Charlton McIlwain,21101089395,Policy Reviews in Higher Education,23322969,1
15019600500,Charlton McIlwain,24733,American Behavioral Scientist,00027642,2
15019600500,Charlton McIlwain,27661,Journal of Black Studies,00219347,2
15019600500,Charlton McIlwain,5600152880,Social Semiotics,10350330,1
15019600500,Charlton McIlwain,5700153989,Semiotica,00371998,1
15033111000,Michael Griswell,12811,Personality and Social Psychology Bulletin,01461672,1
15049433200,Anthony Lemieux,14277,Health Psychology,02786133,1
15049433200,Anthony Lemieux,14946,Group Processes and Intergroup Relations,13684302,2
15049433200,Anthony Lemieux,16300154767,Media War and Conflict,17506352,1
15049433200,Anthony Lemieux,17649,Communication Research,00936502,2
15049433200,Anthony Lemieux,17697,Public Health,00333506,1
15049433200,Anthony Lemieux,19700201448,Critical Studies on Terrorism,17539153,1
15049433200,Anthony Lemieux,19900192514,Dynamics of Asymmetric Conflict Pathways Toward Terrorism and Genocide,17467586,5
15049433200,Anthony Lemieux,200147101,Studies in Conflict and Terrorism,1057610X,5
15049433200,Anthony Lemieux,20153,AIDS and Behavior,10907165,1
15049433200,Anthony Lemieux,20388,Justice Quarterly,07418825,1
15049433200,Anthony Lemieux,20927,Yale Journal of Biology and Medicine,00440086,1
15049433200,Anthony Lemieux,21100329895,Behavioral Sciences of Terrorism and Political Aggression,19434472,2
15049433200,Anthony Lemieux,21100858123,Journal of Argumentation in Context,22114742,1
15049433200,Anthony Lemieux,22838,Political Communication,10584609,1
15049433200,Anthony Lemieux,26380,Drug and Alcohol Dependence,03768716,1
15049433200,Anthony Lemieux,28523,Terrorism and Political Violence,09546553,4
15049433200,Anthony Lemieux,30039,Journal of Personality and Social Psychology,00223514,1
15049433200,Anthony Lemieux,30088,Journal of Social Issues,00224537,1
15049433200,Anthony Lemieux,5000153503,Music Perception,07307829,1
15059715200,Israel Waismel-Manor,10300153306,International Journal of Press Politics,19401612,1
15059715200,Israel Waismel-Manor,10600153309,Plos One,19326203,3
15059715200,Israel Waismel-Manor,15576,European Neuropsychopharmacology,0924977X,1
15059715200,Israel Waismel-Manor,15613,Journal of Communication,00219916,1
15059715200,Israel Waismel-Manor,16562,Armed Forces and Society,0095327X,1
15059715200,Israel Waismel-Manor,17649,Communication Research,00936502,1
15059715200,Israel Waismel-Manor,19700176047,Cyberpsychology Behavior and Social Networking,21522715,2
15059715200,Israel Waismel-Manor,19774,International Journal of Public Opinion Research,09542892,2
15059715200,Israel Waismel-Manor,21100464774,Journal of Operational Risk,17446740,1
15059715200,Israel Waismel-Manor,21101176857,International Journal of Parliamentary Studies,26668904,1
15059715200,Israel Waismel-Manor,21339,Health Risk and Society,13698575,1
15059715200,Israel Waismel-Manor,21503,Evolution and Human Behavior,10905138,1
15059715200,Israel Waismel-Manor,22197,PS Political Science and Politics,10490965,1
15059715200,Israel Waismel-Manor,22832,Political Behavior,01909320,1
15059715200,Israel Waismel-Manor,22838,Political Communication,10584609,2
15059715200,Israel Waismel-Manor,22890,Political Studies,00323217,1
15059715200,Israel Waismel-Manor,23574,Public Opinion Quarterly,0033362X,1
15059715200,Israel Waismel-Manor,24733,American Behavioral Scientist,00027642,1
15059715200,Israel Waismel-Manor,25833,International Political Science Review,01925121,1
15059715200,Israel Waismel-Manor,4700152786,Journal of Political Marketing,15377857,1
15059715200,Israel Waismel-Manor,5700152892,New Political Science,07393148,1
15059715200,Israel Waismel-Manor,5700160310,European Political Science,16804333,1
15065767900,Yanna Krupnikov,10600153309,Plos One,19326203,1
15065767900,Yanna Krupnikov,11600153640,Quarterly Journal of Political Science,15540626,1
15065767900,Yanna Krupnikov,15470,Journal of Environmental Psychology,02724944,1
15065767900,Yanna Krupnikov,15555,American Journal of Political Science,00925853,2
15065767900,Yanna Krupnikov,15557,American Political Science Review,00030554,3
15065767900,Yanna Krupnikov,18500158100,Forum Germany,15408884,1
15065767900,Yanna Krupnikov,19676,Southern California Law Review,00383910,1
15065767900,Yanna Krupnikov,19700186859,International Journal of Gaming and Computer Mediated Simulations,19423888,1
15065767900,Yanna Krupnikov,20333,Journal of Politics,00223816,4
15065767900,Yanna Krupnikov,21100835891,Journal of Experimental Political Science,20522630,3
15065767900,Yanna Krupnikov,21100838541,Nature Human Behaviour,23973374,1
15065767900,Yanna Krupnikov,21100870919,Political Science Research and Methods,20498470,2
15065767900,Yanna Krupnikov,22197,PS Political Science and Politics,10490965,1
15065767900,Yanna Krupnikov,22832,Political Behavior,01909320,4
15065767900,Yanna Krupnikov,22838,Political Communication,10584609,6
15065767900,Yanna Krupnikov,22861,Political Psychology,0162895X,2
15065767900,Yanna Krupnikov,23574,Public Opinion Quarterly,0033362X,4
15065767900,Yanna Krupnikov,25847,International Studies Perspectives,15283577,1
15065767900,Yanna Krupnikov,27663,Journal of Conflict Resolution,00220027,1
15065767900,Yanna Krupnikov,28708,National Tax Journal,00280283,1
15065767900,Yanna Krupnikov,4700152270,State Politics and Policy Quarterly,15324400,1
15769409900,Rebecca Jacobsen,13995,Teachers College Record,01614681,2
15769409900,Rebecca Jacobsen,14193,Education Policy Analysis Archives,10682341,2
15769409900,Rebecca Jacobsen,15371,Journal of Adolescent Research,07435584,1
15769409900,Rebecca Jacobsen,15415,Phi Delta Kappan,00317217,3
15769409900,Rebecca Jacobsen,15823,Journal of Public Administration Research and Theory,10531858,2
15769409900,Rebecca Jacobsen,19700187615,Leadership and Policy in Schools,15700763,1
15769409900,Rebecca Jacobsen,19727,Educational Policy,08959048,1
15769409900,Rebecca Jacobsen,20746,Educational Leadership,00131784,1
15769409900,Rebecca Jacobsen,21100239261,Journal of Social Studies Research,0885985X,1
15769409900,Rebecca Jacobsen,22786,Policy Studies Journal,0190292X,1
15769409900,Rebecca Jacobsen,22832,Political Behavior,01909320,1
15769409900,Rebecca Jacobsen,23574,Public Opinion Quarterly,0033362X,2
15769409900,Rebecca Jacobsen,29432,American Educational Research Journal,00028312,1
15769409900,Rebecca Jacobsen,29434,American Journal of Education,01956744,2
15769409900,Rebecca Jacobsen,29643,Urban Affairs Review,10780874,1
15769409900,Rebecca Jacobsen,5800169457,Public Performance and Management Review,15309576,1
15769409900,Rebecca Jacobsen,5800179626,Reading and Writing Quarterly,10573569,1
15769409900,Rebecca Jacobsen,5800185422,Theory and Research in Social Education,00933104,1
15769409900,Rebecca Jacobsen,9000153112,Journal of School Choice,15582159,1
15831965800,Patrick Flavin,12100157009,Politics and Policy,15555623,1
15831965800,Patrick Flavin,144820,Journal of Happiness Studies,13894978,1
15831965800,Patrick Flavin,15555,American Journal of Political Science,00925853,2
15831965800,Patrick Flavin,15559,American Politics Research,1532673X,4
15831965800,Patrick Flavin,16114,Electoral Studies,02613794,4
15831965800,Patrick Flavin,16232,British Journal of Political Science,00071234,1
15831965800,Patrick Flavin,17530,Social Forces,00377732,1
15831965800,Patrick Flavin,18437,European Journal of Political Research,03044130,1
15831965800,Patrick Flavin,18500158100,Forum Germany,15408884,1
15831965800,Patrick Flavin,19391,Social Indicators Research,03038300,3
15831965800,Patrick Flavin,20333,Journal of Politics,00223816,2
15831965800,Patrick Flavin,21100285052,Journal of the American Association of Nurse Practitioners,23276886,1
15831965800,Patrick Flavin,21100915696,State and Local Government Review,0160323X,1
15831965800,Patrick Flavin,22786,Policy Studies Journal,0190292X,1
15831965800,Patrick Flavin,22832,Political Behavior,01909320,1
15831965800,Patrick Flavin,22867,Political Research Quarterly,10659129,3
15831965800,Patrick Flavin,22890,Political Studies,00323217,1
15831965800,Patrick Flavin,23577,Publius the Journal of Federalism,00485950,2
15831965800,Patrick Flavin,25833,International Political Science Review,01925121,1
15831965800,Patrick Flavin,26437,Social Science Journal,03623319,1
15831965800,Patrick Flavin,26439,Social Science Quarterly,00384941,3
15831965800,Patrick Flavin,26441,Social Science Research,0049089X,1
15831965800,Patrick Flavin,4700152270,State Politics and Policy Quarterly,15324400,3
15831965800,Patrick Flavin,5600152903,Labor Studies Journal,0160449X,1
15831965800,Patrick Flavin,5700162015,Public Integrity,10999922,1
15831965800,Patrick Flavin,5700165635,Journal of Elections Public Opinion and Parties,17457289,1
15831965800,Patrick Flavin,5800169166,Congress and the Presidency,07343469,1
15831965800,Patrick Flavin,67863,Party Politics,13540688,1
15832026500,Francesca Gino,10600153309,Plos One,19326203,1
15832026500,Francesca Gino,12811,Personality and Social Psychology Bulletin,01461672,3
15832026500,Francesca Gino,12857,Cognition,00100277,1
15832026500,Francesca Gino,13468,Psychological Science,09567976,14
15832026500,Francesca Gino,13477,Current Directions in Psychological Science,09637214,1
15832026500,Francesca Gino,15388,Journal of Applied Psychology,00219010,2
15832026500,Francesca Gino,15478,Journal of Experimental Psychology General,00963445,7
15832026500,Francesca Gino,15499,Journal of Experimental Social Psychology,00221031,6
15832026500,Francesca Gino,15564,Journal of Language and Social Psychology,0261927X,1
15832026500,Francesca Gino,16036,Administrative Science Quarterly,00018392,3
15832026500,Francesca Gino,19700182323,Perspectives on Psychological Science,17456916,1
15832026500,Francesca Gino,19900191906,Academy of Management Annals,19416520,1
15832026500,Francesca Gino,19900192137,Social and Personality Psychology Compass,17519004,1
15832026500,Francesca Gino,19900193555,Social Psychological and Personality Science,19485506,1
15832026500,Francesca Gino,20191,Academy of Management Journal,00014273,7
15832026500,Francesca Gino,20489,Annals of Thoracic Surgery,00034975,2
15832026500,Francesca Gino,20537,Journal of Behavioral Decision Making,08943257,1
15832026500,Francesca Gino,21100216571,Frontiers in Psychology,16641078,1
15832026500,Francesca Gino,21100900345,JAMA Network Open,25743805,1
15832026500,Francesca Gino,21101021052,Journal of the Association for Consumer Research,23781815,1
15832026500,Francesca Gino,21121,Proceedings of the National Academy of Sciences of the United States of America,00278424,5
15832026500,Francesca Gino,21216,MIT Sloan Management Review,15329194,2
15832026500,Francesca Gino,21307,Management Science,00251909,8
15832026500,Francesca Gino,21789,Manufacturing and Service Operations Management,15234614,1
15832026500,Francesca Gino,22324,Organization Science,10477039,2
15832026500,Francesca Gino,22326,Organizational Behavior and Human Decision Processes,07495978,25
15832026500,Francesca Gino,22328,Organizational Dynamics,00902616,1
15832026500,Francesca Gino,22336,Harvard Business Review,00178012,5
15832026500,Francesca Gino,22899,Journal of Consumer Research,00935301,2
15832026500,Francesca Gino,22961,Journal of Marketing Research,00222437,1
15832026500,Francesca Gino,23157,Strategic Management Journal,01432095,1
15832026500,Francesca Gino,23859,Journal of Business Ethics,01674544,1
15832026500,Francesca Gino,23865,Journal of Economic Behavior and Organization,01672681,3
15832026500,Francesca Gino,24385,Journal of the Academy of Marketing Science,00920703,1
15832026500,Francesca Gino,28181,Journal of Consumer Psychology,10577408,1
15832026500,Francesca Gino,30039,Journal of Personality and Social Psychology,00223514,17
15832026500,Francesca Gino,4700152636,Mind and Society,15937879,1
15848618200,Laura Hamilton,13358,Sociology of Education,00380407,3
15848618200,Laura Hamilton,14925,Gender and Society,08912432,4
15848618200,Laura Hamilton,15653,Journal of Marriage and Family,00222445,1
15848618200,Laura Hamilton,16926,American Journal of Sociology,00029602,1
15848618200,Laura Hamilton,16929,American Sociological Review,00031224,2
15848618200,Laura Hamilton,17530,Social Forces,00377732,2
15848618200,Laura Hamilton,17560,Social Problems,00377791,2
15848618200,Laura Hamilton,17562,Social Psychology Quarterly,01902725,1
15848618200,Laura Hamilton,18102,Sociological Perspectives,07311214,1
15848618200,Laura Hamilton,18110,Sociological Theory,07352751,1
15848618200,Laura Hamilton,20731,Research in Higher Education,03610365,1
15848618200,Laura Hamilton,21101021489,Socius,23780231,1
15848618200,Laura Hamilton,21101097039,Sociology of Race and Ethnicity,23326492,1
15848618200,Laura Hamilton,23571,Science,00368075,1
15848618200,Laura Hamilton,26124,Ethnic and Racial Studies,01419870,1
15851581700,Emilio Padilla Rosa,11900154313,Energy Efficiency,1570646X,1
15851581700,Emilio Padilla Rosa,15838,Atmosphere,20734433,1
15851581700,Emilio Padilla Rosa,17600155126,Energy for Sustainable Development,09730826,1
15851581700,Emilio Padilla Rosa,17700156312,Environmental Policy and Governance,1756932X,1
15851581700,Emilio Padilla Rosa,19167,Journal of Cleaner Production,09596526,1
15851581700,Emilio Padilla Rosa,20290,Ecological Economics,09218009,5
15851581700,Emilio Padilla Rosa,20838,Transport Policy,0967070X,1
15851581700,Emilio Padilla Rosa,20894,Transportation Research Part D Transport and Environment,13619209,1
15851581700,Emilio Padilla Rosa,20928,Environmental and Resource Economics,09246460,4
15851581700,Emilio Padilla Rosa,21100834382,Journal of Economic Structures,21932409,1
15851581700,Emilio Padilla Rosa,21557,Environmental Values,09632719,1
15851581700,Emilio Padilla Rosa,22524,Climate Policy,14693062,2
15851581700,Emilio Padilla Rosa,23411,Journal of Industrial Ecology,10881980,2
15851581700,Emilio Padilla Rosa,25874,Sustainable Development,09680802,1
15851581700,Emilio Padilla Rosa,26283,Revista Galega De Economia,11322799,1
15851581700,Emilio Padilla Rosa,27851,Marine Policy,0308597X,1
15851581700,Emilio Padilla Rosa,28487,Economic Systems Research,09535314,1
15851581700,Emilio Padilla Rosa,29348,Energy,03605442,1
15851581700,Emilio Padilla Rosa,29374,Energy Economics,01409883,5
15851581700,Emilio Padilla Rosa,29403,Energy Policy,03014215,8
15851581700,Emilio Padilla Rosa,4700152713,Energy Sources Part B Economics Planning and Policy,15567249,2
16064384100,Natalie Masuoka,14768,Hispanic Journal of Behavioral Sciences,07399863,1
16064384100,Natalie Masuoka,15559,American Politics Research,1532673X,2
16064384100,Natalie Masuoka,21100810500,Social Sciences,20760760,1
16064384100,Natalie Masuoka,21100888814,Journal of Race Ethnicity and Politics,20566085,1
16064384100,Natalie Masuoka,22197,PS Political Science and Politics,10490965,1
16064384100,Natalie Masuoka,22832,Political Behavior,01909320,2
16064384100,Natalie Masuoka,22838,Political Communication,10584609,1
16064384100,Natalie Masuoka,22867,Political Research Quarterly,10659129,3
16064384100,Natalie Masuoka,23574,Public Opinion Quarterly,0033362X,1
16064384100,Natalie Masuoka,4000148701,Perspectives on Politics,15375927,1
16064384100,Natalie Masuoka,5700155900,Applied Developmental Science,10888691,1
16064842900,Sue Tolleson-Rinehart,110201,Education for Health Change in Learning and Practice,13576283,1
16064842900,Sue Tolleson-Rinehart,11100153303,American Journal of Disaster Medicine,1932149X,1
16064842900,Sue Tolleson-Rinehart,11200153402,Journal of Neurosurgery Pediatrics,19330707,1
16064842900,Sue Tolleson-Rinehart,11300153503,Journal of Correctional Health Care,10783458,1
16064842900,Sue Tolleson-Rinehart,13448,Comparative Politics,00104159,1
16064842900,Sue Tolleson-Rinehart,13816,Cornea,02773740,3
16064842900,Sue Tolleson-Rinehart,15116,Journal of Pediatrics,00223476,1
16064842900,Sue Tolleson-Rinehart,15557,American Political Science Review,00030554,1
16064842900,Sue Tolleson-Rinehart,15722,Pediatric Emergency Care,07495161,1
16064842900,Sue Tolleson-Rinehart,16800154743,Academic Pediatrics,18762859,1
16064842900,Sue Tolleson-Rinehart,20558,Urology,00904295,1
16064842900,Sue Tolleson-Rinehart,20846,Health and Quality of Life Outcomes,14777525,1
16064842900,Sue Tolleson-Rinehart,20878,Health Education Journal,00178969,1
16064842900,Sue Tolleson-Rinehart,21101021763,Ophthalmology Glaucoma,25894234,1
16064842900,Sue Tolleson-Rinehart,21166,Pharmacoepidemiology and Drug Safety,10538569,1
16064842900,Sue Tolleson-Rinehart,21728,Journal of Surgical Research,00224804,2
16064842900,Sue Tolleson-Rinehart,22197,PS Political Science and Politics,10490965,1
16064842900,Sue Tolleson-Rinehart,22531,Cardiology in the Young,10479511,1
16064842900,Sue Tolleson-Rinehart,22723,Women and Politics,01957732,2
16064842900,Sue Tolleson-Rinehart,22832,Political Behavior,01909320,1
16064842900,Sue Tolleson-Rinehart,22867,Political Research Quarterly,10659129,1
16064842900,Sue Tolleson-Rinehart,24898,Pediatric Dermatology,07368046,1
16064842900,Sue Tolleson-Rinehart,27601,Journal of Maternal Fetal and Neonatal Medicine,14767058,1
16064842900,Sue Tolleson-Rinehart,27623,Journal of Perinatology,07438346,2
16064842900,Sue Tolleson-Rinehart,27658,Maternal and Child Health Journal,10927875,1
16064842900,Sue Tolleson-Rinehart,28099,BMC Medical Education,14726920,1
16064842900,Sue Tolleson-Rinehart,29158,Cancer Investigation,07357907,1
16064842900,Sue Tolleson-Rinehart,30079,American Journal of Perinatology,07351631,1
16064842900,Sue Tolleson-Rinehart,5700165203,Journal of Cardiopulmonary Rehabilitation and Prevention,19327501,1
16068965800,Michael Murakami,12100157009,Politics and Policy,15555623,1
16068965800,Michael Murakami,20444,Legislative Studies Quarterly,03629805,1
16068965800,Michael Murakami,22197,PS Political Science and Politics,10490965,1
16068965800,Michael Murakami,22819,International Journal of Market Research,14707853,2
16068965800,Michael Murakami,4000148701,Perspectives on Politics,15375927,1
16068965800,Michael Murakami,4400151505,Critical Review,08913811,2
16239402000,Benjamin Lauderdale,13035,Annals of Human Biology,03014460,1
16239402000,Benjamin Lauderdale,13530,Journal of the Royal Statistical Society Series A Statistics in Society,09641998,2
16239402000,Benjamin Lauderdale,145558,Political Analysis,10471987,6
16239402000,Benjamin Lauderdale,15555,American Journal of Political Science,00925853,6
16239402000,Benjamin Lauderdale,15557,American Political Science Review,00030554,3
16239402000,Benjamin Lauderdale,15594,Journal of Biosocial Science,00219320,1
16239402000,Benjamin Lauderdale,16114,Electoral Studies,02613794,1
16239402000,Benjamin Lauderdale,16232,British Journal of Political Science,00071234,3
16239402000,Benjamin Lauderdale,20333,Journal of Politics,00223816,4
16239402000,Benjamin Lauderdale,20444,Legislative Studies Quarterly,03629805,2
16239402000,Benjamin Lauderdale,21100855841,Physical Review E Statistical Physics Plasmas Fluids and Related Interdisciplinary Topics,1063651X,1
16239402000,Benjamin Lauderdale,21100865122,Research and Politics,20531680,1
16239402000,Benjamin Lauderdale,21100870919,Political Science Research and Methods,20498470,2
16239402000,Benjamin Lauderdale,21206,Nature,00280836,1
16239402000,Benjamin Lauderdale,22706,International Journal of Forecasting,01692070,2
16239402000,Benjamin Lauderdale,22861,Political Psychology,0162895X,1
16239402000,Benjamin Lauderdale,26439,Social Science Quarterly,00384941,1
16239402000,Benjamin Lauderdale,4000151808,Plos Genetics,15537390,1
16239468700,Jennifer L. Merolla,13447,Comparative Political Studies,00104140,1
16239468700,Jennifer L. Merolla,14103,Development Policy Review,09506764,1
16239468700,Jennifer L. Merolla,15557,American Political Science Review,00030554,1
16239468700,Jennifer L. Merolla,16114,Electoral Studies,02613794,3
16239468700,Jennifer L. Merolla,16232,British Journal of Political Science,00071234,2
16239468700,Jennifer L. Merolla,16772,Canadian Journal of Political Science,00084239,1
16239468700,Jennifer L. Merolla,18500158100,Forum Germany,15408884,1
16239468700,Jennifer L. Merolla,19600165500,Politica Y Gobierno,14051060,1
16239468700,Jennifer L. Merolla,20333,Journal of Politics,00223816,2
16239468700,Jennifer L. Merolla,21100835891,Journal of Experimental Political Science,20522630,1
16239468700,Jennifer L. Merolla,21100865122,Research and Politics,20531680,2
16239468700,Jennifer L. Merolla,21121,Proceedings of the National Academy of Sciences of the United States of America,00278424,2
16239468700,Jennifer L. Merolla,22197,PS Political Science and Politics,10490965,1
16239468700,Jennifer L. Merolla,22832,Political Behavior,01909320,7
16239468700,Jennifer L. Merolla,22861,Political Psychology,0162895X,2
16239468700,Jennifer L. Merolla,22867,Political Research Quarterly,10659129,7
16239468700,Jennifer L. Merolla,23528,Presidential Studies Quarterly,03604918,1
16239468700,Jennifer L. Merolla,23574,Public Opinion Quarterly,0033362X,3
16239468700,Jennifer L. Merolla,23611,Public Choice,00485829,1
16239468700,Jennifer L. Merolla,24329,Women S Studies,00497878,1
16239468700,Jennifer L. Merolla,26863,Middle East Policy,10611924,1
16239468700,Jennifer L. Merolla,27663,Journal of Conflict Resolution,00220027,1
16239468700,Jennifer L. Merolla,4000148701,Perspectives on Politics,15375927,1
16239468700,Jennifer L. Merolla,4400151519,Journal of Women Politics and Policy,1554477X,3
16239468700,Jennifer L. Merolla,4700152786,Journal of Political Marketing,15377857,2
16239468700,Jennifer L. Merolla,5700166179,Politics and Gender,1743923X,1
16244109700,Daniel Corstange,13447,Comparative Political Studies,00104140,1
16244109700,Daniel Corstange,145558,Political Analysis,10471987,1
16244109700,Daniel Corstange,15555,American Journal of Political Science,00925853,2
16244109700,Daniel Corstange,16114,Electoral Studies,02613794,2
16244109700,Daniel Corstange,16232,British Journal of Political Science,00071234,1
16244109700,Daniel Corstange,20333,Journal of Politics,00223816,3
16244109700,Daniel Corstange,22861,Political Psychology,0162895X,1
16244109700,Daniel Corstange,23574,Public Opinion Quarterly,0033362X,1
16244109700,Daniel Corstange,24150,International Journal of Middle East Studies,00207438,1
16244109700,Daniel Corstange,25330,Rationality and Society,10434631,1
16244109700,Daniel Corstange,25590,British Journal of Middle Eastern Studies,13530194,1
16244109700,Daniel Corstange,25725,World Politics,00438871,1
16244109700,Daniel Corstange,31602,Working Paper of the Helen Kellogg Institute for International Studies,,1
16305967100,Robb Willer,10600153309,Plos One,19326203,3
16305967100,Robb Willer,12811,Personality and Social Psychology Bulletin,01461672,2
16305967100,Robb Willer,130030,Proceedings of the Royal Society B Biological Sciences,09628452,1
16305967100,Robb Willer,13447,Comparative Political Studies,00104140,1
16305967100,Robb Willer,13468,Psychological Science,09567976,5
16305967100,Robb Willer,13480,Current Research in Social Psychology,10887423,3
16305967100,Robb Willer,14075,Emotion,15283542,1
16305967100,Robb Willer,14946,Group Processes and Intergroup Relations,13684302,1
16305967100,Robb Willer,15499,Journal of Experimental Social Psychology,00221031,2
16305967100,Robb Willer,15528,Annals of the American Academy of Political and Social Science,00027162,1
16305967100,Robb Willer,16036,Administrative Science Quarterly,00018392,1
16305967100,Robb Willer,16926,American Journal of Sociology,00029602,2
16305967100,Robb Willer,16929,American Sociological Review,00031224,1
16305967100,Robb Willer,17530,Social Forces,00377732,1
16305967100,Robb Willer,17562,Social Psychology Quarterly,01902725,2
16305967100,Robb Willer,17700156745,Psychology of Religion and Spirituality,19411022,2
16305967100,Robb Willer,17822,Conservation Biology,08888892,1
16305967100,Robb Willer,18103,Sociological Quarterly,00380253,1
16305967100,Robb Willer,18777,Violence Against Women,10778012,1
16305967100,Robb Willer,19700182758,Nature Communications,20411723,1
16305967100,Robb Willer,19900192137,Social and Personality Psychology Compass,17519004,1
16305967100,Robb Willer,19900193555,Social Psychological and Personality Science,19485506,4
16305967100,Robb Willer,21100198409,Nature Climate Change,1758678X,1
16305967100,Robb Willer,21100200805,Scientific Reports,20452322,1
16305967100,Robb Willer,21100446014,Royal Society Open Science,20545703,1
16305967100,Robb Willer,21100457028,Science Advances,23752548,1
16305967100,Robb Willer,21100835891,Journal of Experimental Political Science,20522630,1
16305967100,Robb Willer,21100838541,Nature Human Behaviour,23973374,3
16305967100,Robb Willer,21100855741,Sociological Science,23306696,1
16305967100,Robb Willer,21101021489,Socius,23780231,4
16305967100,Robb Willer,21101158576,Harvard Kennedy School Misinformation Review,27661652,1
16305967100,Robb Willer,21101186976,Pnas Nexus,27526542,8
16305967100,Robb Willer,21101294447,Npj Mental Health Research,27314251,1
16305967100,Robb Willer,21121,Proceedings of the National Academy of Sciences of the United States of America,00278424,12
16305967100,Robb Willer,21206,Nature,00280836,2
16305967100,Robb Willer,21774,Managerial and Decision Economics,01436570,1
16305967100,Robb Willer,22324,Organization Science,10477039,1
16305967100,Robb Willer,22832,Political Behavior,01909320,1
16305967100,Robb Willer,22861,Political Psychology,0162895X,2
16305967100,Robb Willer,23571,Science,00368075,1
16305967100,Robb Willer,25987,Social Networks,03788733,1
16305967100,Robb Willer,26441,Social Science Research,0049089X,1
16305967100,Robb Willer,28527,Experimental Economics,13864157,1
16305967100,Robb Willer,30039,Journal of Personality and Social Psychology,00223514,6
16318711600,Peter Caprariello,12663,Early Human Development,03783782,1
16318711600,Peter Caprariello,12710,Motivation and Emotion,01467239,1
16318711600,Peter Caprariello,144820,Journal of Happiness Studies,13894978,1
16318711600,Peter Caprariello,14946,Group Processes and Intergroup Relations,13684302,1
16318711600,Peter Caprariello,15499,Journal of Experimental Social Psychology,00221031,1
16318711600,Peter Caprariello,19700182323,Perspectives on Psychological Science,17456916,2
16318711600,Peter Caprariello,19900193555,Social Psychological and Personality Science,19485506,1
16318711600,Peter Caprariello,30039,Journal of Personality and Social Psychology,00223514,4
16318711600,Peter Caprariello,30073,Journal of Research in Personality,00926566,1
16318711600,Peter Caprariello,30086,Journal of Social and Personal Relationships,02654075,1
16443861900,Stephen W. Benard,10600153309,Plos One,19326203,1
16443861900,Stephen W. Benard,14925,Gender and Society,08912432,1
16443861900,Stephen W. Benard,16036,Administrative Science Quarterly,00018392,1
16443861900,Stephen W. Benard,16926,American Journal of Sociology,00029602,1
16443861900,Stephen W. Benard,17530,Social Forces,00377732,1
16443861900,Stephen W. Benard,17562,Social Psychology Quarterly,01902725,4
16443861900,Stephen W. Benard,21100886215,Rsf,23778253,1
16443861900,Stephen W. Benard,21101019704,Evolutionary Human Sciences,2513843X,1
16443861900,Stephen W. Benard,21101021489,Socius,23780231,1
16443861900,Stephen W. Benard,25330,Rationality and Society,10434631,1
16443861900,Stephen W. Benard,26439,Social Science Quarterly,00384941,1
16443861900,Stephen W. Benard,26441,Social Science Research,0049089X,1
16445339500,Sarah Thébaud,100147318,Entrepreneurship Theory and Practice,10422587,1
16445339500,Sarah Thébaud,12102,Behavior Modification,01454455,1
16445339500,Sarah Thébaud,14000155895,Sociology Compass,17519020,1
16445339500,Sarah Thébaud,14925,Gender and Society,08912432,4
16445339500,Sarah Thébaud,16036,Administrative Science Quarterly,00018392,1
16445339500,Sarah Thébaud,16929,American Sociological Review,00031224,2
16445339500,Sarah Thébaud,17530,Social Forces,00377732,3
16445339500,Sarah Thébaud,17562,Social Psychology Quarterly,01902725,1
16445339500,Sarah Thébaud,17700156774,European Management Review,17404754,1
16445339500,Sarah Thébaud,18091,Sociological Methods and Research,00491241,1
16445339500,Sarah Thébaud,19250,Work and Occupations,07308884,1
16445339500,Sarah Thébaud,21100810500,Social Sciences,20760760,2
16445339500,Sarah Thébaud,21100855741,Sociological Science,23306696,2
16744169900,Robert Johns,12100156090,British Politics,1746918X,1
16744169900,Robert Johns,130158,British Journal of Politics and International Relations,13691481,4
16744169900,Robert Johns,15555,American Journal of Political Science,00925853,1
16744169900,Robert Johns,16114,Electoral Studies,02613794,4
16744169900,Robert Johns,16232,British Journal of Political Science,00071234,1
16744169900,Robert Johns,18437,European Journal of Political Research,03044130,1
16744169900,Robert Johns,18742,Psychological Medicine,00332917,1
16744169900,Robert Johns,20329,Journal of Political Ideologies,13569317,1
16744169900,Robert Johns,20333,Journal of Politics,00223816,1
16744169900,Robert Johns,21100820742,Scottish Affairs,09660356,2
16744169900,Robert Johns,21100856146,Ippr Progressive Review,25732323,1
16744169900,Robert Johns,22832,Political Behavior,01909320,2
16744169900,Robert Johns,22863,Political Quarterly,00323179,1
16744169900,Robert Johns,22867,Political Research Quarterly,10659129,1
16744169900,Robert Johns,22890,Political Studies,00323217,4
16744169900,Robert Johns,23574,Public Opinion Quarterly,0033362X,1
16744169900,Robert Johns,23930,Conflict Management and Peace Science,07388942,1
16744169900,Robert Johns,25834,International Politics,13845748,1
16744169900,Robert Johns,25848,International Studies Quarterly,00208833,1
16744169900,Robert Johns,26362,Journal of Peace Research,00223433,1
16744169900,Robert Johns,27663,Journal of Conflict Resolution,00220027,1
16744169900,Robert Johns,5600155013,Intelligence and National Security,02684527,1
16744169900,Robert Johns,5700166179,Politics and Gender,1743923X,1
16744169900,Robert Johns,5800169479,Representation,00344893,1
16744169900,Robert Johns,67863,Party Politics,13540688,3
17433648600,Hunt Allcott,15821,Journal of Policy Analysis and Management,02768739,1
17433648600,Hunt Allcott,17500,Journal of Finance,00221082,1
17433648600,Hunt Allcott,19900191767,American Economic Journal Applied Economics,19457782,1
17433648600,Hunt Allcott,19900191884,American Economic Journal Economic Policy,19457731,3
17433648600,Hunt Allcott,21100457028,Science Advances,23752548,1
17433648600,Hunt Allcott,21100838541,Nature Human Behaviour,23973374,2
17433648600,Hunt Allcott,21100855741,Sociological Science,23306696,1
17433648600,Hunt Allcott,21100865122,Research and Politics,20531680,1
17433648600,Hunt Allcott,21121,Proceedings of the National Academy of Sciences of the United States of America,00278424,1
17433648600,Hunt Allcott,21206,Nature,00280836,1
17433648600,Hunt Allcott,21307,Management Science,00251909,1
17433648600,Hunt Allcott,22697,American Economic Review,00028282,5
17433648600,Hunt Allcott,23571,Science,00368075,3
17433648600,Hunt Allcott,24202,Review of Economic Studies,00346527,3
17433648600,Hunt Allcott,27614,Resource and Energy Economics,09287655,1
17433648600,Hunt Allcott,29009,Journal of Public Economics,00472727,3
17433648600,Hunt Allcott,29431,Quarterly Journal of Economics,00335533,3
17433648600,Hunt Allcott,29441,Review of Economic Design,14344742,1
18036722400,Collin D. Barnes,12710,Motivation and Emotion,01467239,1
18036722400,Collin D. Barnes,12807,Personality and Individual Differences,01918869,1
18036722400,Collin D. Barnes,12811,Personality and Social Psychology Bulletin,01461672,2
18036722400,Collin D. Barnes,13468,Psychological Science,09567976,1
18036722400,Collin D. Barnes,14095,Ethics and Behavior,10508422,1
18036722400,Collin D. Barnes,15367,Journal for the Theory of Social Behaviour,00218308,2
18036722400,Collin D. Barnes,17700156745,Psychology of Religion and Spirituality,19411022,1
18036722400,Collin D. Barnes,19500157012,Journal of Theoretical and Philosophical Psychology,10688471,1
18036722400,Collin D. Barnes,19700201401,International Journal of Jungian Studies,19409052,1
18036722400,Collin D. Barnes,22861,Political Psychology,0162895X,1
18036722400,Collin D. Barnes,5800179627,Self and Identity,15298868,1
20436302900,Danette Ifert Johnson,200147107,Communication Reports,08934215,1
20436302900,Danette Ifert Johnson,20738,Review of Higher Education,01625748,1
20436302900,Danette Ifert Johnson,21100788987,Qualitative Research Reports in Communication,17459435,1
20436302900,Danette Ifert Johnson,23273,International Journal of Phytoremediation,15226514,1
20436302900,Danette Ifert Johnson,24054,Communication Education,03634523,2
20436302900,Danette Ifert Johnson,26163,Western Journal of Communication,10570314,1
20436302900,Danette Ifert Johnson,5600153399,Communication Studies,10510974,4
20436302900,Danette Ifert Johnson,5600154339,Communication Quarterly,01463373,2
20436302900,Danette Ifert Johnson,5600155554,Southern Communication Journal,1041794X,1
20436302900,Danette Ifert Johnson,5700155425,Communication Research Reports,08824096,6
20436302900,Danette Ifert Johnson,5800207918,International Journal of Listening,10904018,1
20636168200,Alexander Todorov,10600153309,Plos One,19326203,4
20636168200,Alexander Todorov,12024,Applied Cognitive Psychology,08884080,1
20636168200,Alexander Todorov,12108,Behavioral and Brain Sciences,0140525X,1
20636168200,Alexander Todorov,12710,Motivation and Emotion,01467239,1
20636168200,Alexander Todorov,12795,Perception,03010066,4
20636168200,Alexander Todorov,12811,Personality and Social Psychology Bulletin,01461672,2
20636168200,Alexander Todorov,12857,Cognition,00100277,2
20636168200,Alexander Todorov,12858,Cognition and Emotion,02699931,2
20636168200,Alexander Todorov,12866,Cognitive Affective and Behavioral Neuroscience,15307026,1
20636168200,Alexander Todorov,12996,IEEE Signal Processing Magazine,10535888,1
20636168200,Alexander Todorov,130030,Proceedings of the Royal Society B Biological Sciences,09628452,1
20636168200,Alexander Todorov,13466,Psychological Research,03400727,3
20636168200,Alexander Todorov,13468,Psychological Science,09567976,7
20636168200,Alexander Todorov,13503,Developmental Science,1363755X,2
20636168200,Alexander Todorov,14045,Psychology Public Policy and Law,10768971,1
20636168200,Alexander Todorov,14075,Emotion,15283542,4
20636168200,Alexander Todorov,14117,European Journal of Social Psychology,00462772,3
20636168200,Alexander Todorov,14346,Brain Research,00068993,1
20636168200,Alexander Todorov,14509,Journal of Vision,15347362,2
20636168200,Alexander Todorov,146223,Behavior Research Methods,1554351X,1
20636168200,Alexander Todorov,14823,Social Cognition,0278016X,5
20636168200,Alexander Todorov,14855,Cerebral Cortex,10473211,1
20636168200,Alexander Todorov,14916,Cognitive Neuropsychology,02643294,1
20636168200,Alexander Todorov,14946,Group Processes and Intergroup Relations,13684302,1
20636168200,Alexander Todorov,15165,Vision Research,00426989,1
20636168200,Alexander Todorov,15359,Trends in Cognitive Sciences,13646613,1
20636168200,Alexander Todorov,15407,Visual Cognition,13506285,1
20636168200,Alexander Todorov,15478,Journal of Experimental Psychology General,00963445,3
20636168200,Alexander Todorov,15481,Journal of Experimental Psychology Human Perception and Performance,00961523,2
20636168200,Alexander Todorov,15499,Journal of Experimental Social Psychology,00221031,7
20636168200,Alexander Todorov,15987,Journal of Pain,15265900,1
20636168200,Alexander Todorov,16688,Journal of Cognitive Neuroscience,0898929X,6
20636168200,Alexander Todorov,16764,Journal of Neuroscience,02706474,1
20636168200,Alexander Todorov,16812,Journal of Psychiatric Research,00223956,1
20636168200,Alexander Todorov,17382,Molecular Psychiatry,13594184,1
20636168200,Alexander Todorov,17495,Neuroimage,10538119,1
20636168200,Alexander Todorov,18009,Neuropsychologia,00283932,4
20636168200,Alexander Todorov,18300156710,European Review of Social Psychology,10463283,1
20636168200,Alexander Todorov,18729,Psychiatry Research,01651781,1
20636168200,Alexander Todorov,18983,Social Science and Medicine,02779536,2
20636168200,Alexander Todorov,19561,American Journal of Public Health,00900036,1
20636168200,Alexander Todorov,19700175115,Frontiers in Systems Neuroscience,16625137,1
20636168200,Alexander Todorov,19900193555,Social Psychological and Personality Science,19485506,3
20636168200,Alexander Todorov,21100200805,Scientific Reports,20452322,2
20636168200,Alexander Todorov,21100216571,Frontiers in Psychology,16641078,3
20636168200,Alexander Todorov,21100243801,Multisensory Research,22134794,1
20636168200,Alexander Todorov,21100782808,Eneuro,23732822,1
20636168200,Alexander Todorov,21100838541,Nature Human Behaviour,23973374,4
20636168200,Alexander Todorov,21101186976,Pnas Nexus,27526542,1
20636168200,Alexander Todorov,21121,Proceedings of the National Academy of Sciences of the United States of America,00278424,4
20636168200,Alexander Todorov,21307,Management Science,00251909,1
20636168200,Alexander Todorov,22326,Organizational Behavior and Human Decision Processes,07495978,2
20636168200,Alexander Todorov,22861,Political Psychology,0162895X,2
20636168200,Alexander Todorov,23571,Science,00368075,2
20636168200,Alexander Todorov,23574,Public Opinion Quarterly,0033362X,2
20636168200,Alexander Todorov,29424,Acta Psychologica,00016918,1
20636168200,Alexander Todorov,30016,Journal of Nonverbal Behavior,01915886,3
20636168200,Alexander Todorov,30039,Journal of Personality and Social Psychology,19391315,5
20636168200,Alexander Todorov,7000153204,Social Cognitive and Affective Neuroscience,17495016,8
20735280100,Elizabeth Popp,20333,Journal of Politics,00223816,2
20735280100,Elizabeth Popp,22832,Political Behavior,01909320,1
20735280100,Elizabeth Popp,22861,Political Psychology,0162895X,1
20735280100,Elizabeth Popp,22867,Political Research Quarterly,10659129,1
21035926600,Christopher Roth,10600153309,Plos One,19326203,1
21035926600,Christopher Roth,130052,Journal of the American College of Radiology,15461440,2
21035926600,Christopher Roth,16560,Applied Radiology,01609963,1
21035926600,Christopher Roth,16643,Current Problems in Diagnostic Radiology,03630188,1
21035926600,Christopher Roth,16671,Emergency Radiology,10703004,3
21035926600,Christopher Roth,17843,Radiographics,02715333,2
21035926600,Christopher Roth,17864,Radiology,00338419,2
21035926600,Christopher Roth,19700171401,World Neurosurgery,18788750,1
21035926600,Christopher Roth,19700175203,Therapeutic Advances in Urology,17562872,1
21035926600,Christopher Roth,19700188364,Viruses,19994915,1
21035926600,Christopher Roth,20029,American Journal of Roentgenology,0361803X,3
21035926600,Christopher Roth,20031,Academic Radiology,10766332,4
21035926600,Christopher Roth,21100243806,World Journal of Hepatology,19485182,1
21035926600,Christopher Roth,21100283795,Urology Case Reports,22144420,1
21035926600,Christopher Roth,21100454916,Abdominal Radiology,2366004X,1
21035926600,Christopher Roth,21101058282,Hepatoma Research,23945079,2
21035926600,Christopher Roth,21101128534,Contemporary Diagnostic Radiology,01499009,1
21035926600,Christopher Roth,27061,American Journal of Medical Quality,10628606,1
21035926600,Christopher Roth,27818,Abdominal Imaging,09428925,1
21035926600,Christopher Roth,35716,Ultrasound in Medicine and Biology,03015629,1
21035926600,Christopher Roth,4700152601,Current Cancer Therapy Reviews,15733947,1
21737241400,Carrie Lee,100895,Biological Procedures Online,14809222,1
21737241400,Carrie Lee,10600153309,Plos One,19326203,8
21737241400,Carrie Lee,12347,Thin Solid Films,00406090,1
21737241400,Carrie Lee,12523,Oncogene,09509232,3
21737241400,Carrie Lee,130044,Pharmacogenetics and Genomics,17446872,1
21737241400,Carrie Lee,14150,Molecular and Cellular Biology,02707306,1
21737241400,Carrie Lee,14155,Molecular Genetics and Metabolism,10967192,1
21737241400,Carrie Lee,14209,Archives of Neurology,00039942,1
21737241400,Carrie Lee,14272,Stem Cells,10665099,1
21737241400,Carrie Lee,14409,Chronobiology International,07420528,1
21737241400,Carrie Lee,145164,Human Genomics,14739542,1
21737241400,Carrie Lee,15048,FASEB Journal,08926638,2
21737241400,Carrie Lee,15870,Journal of Clinical Investigation,00219738,1
21737241400,Carrie Lee,15983,Journal of Molecular Diagnostics,15251578,5
21737241400,Carrie Lee,16275,Aiche Journal,00011541,1
21737241400,Carrie Lee,16393,Chemical Engineering Communications,00986445,1
21737241400,Carrie Lee,16440,Journal of Translational Medicine,14795876,3
21737241400,Carrie Lee,16789,Analytical Biochemistry,00032697,1
21737241400,Carrie Lee,16811,Archives of Biochemistry and Biophysics,00039861,1
21737241400,Carrie Lee,16867,Biochemistry,00062960,1
21737241400,Carrie Lee,17121,American Journal of Veterinary Research,00029645,2
21737241400,Carrie Lee,17592,Journal of Biological Chemistry,00219258,4
21737241400,Carrie Lee,17811,Materials Science and Engineering A,09215093,1
21737241400,Carrie Lee,18046,Neuroscience Letters,03043940,1
21737241400,Carrie Lee,18322,Journal of Veterinary Medicine Series B Infectious Diseases and Veterinary Public Health,09311793,1
21737241400,Carrie Lee,18457,Cell Death and Differentiation,13509047,1
21737241400,Carrie Lee,18556,Journal of Cell Science,00219533,1
21737241400,Carrie Lee,18569,Journal of Membrane Biology,00222631,1
21737241400,Carrie Lee,18851,Research in Veterinary Science,00345288,1
21737241400,Carrie Lee,18962,Mammalian Genome,09388990,3
21737241400,Carrie Lee,19004,Pharmacogenetics,0960314X,1
21737241400,Carrie Lee,19370,Journal of the American Society of Nephrology,10466673,1
21737241400,Carrie Lee,19537,Veterinary Parasitology,03044017,4
21737241400,Carrie Lee,19552,Veterinary Record,00424900,1
21737241400,Carrie Lee,19700169501,Defect and Diffusion Forum,10120386,2
21737241400,Carrie Lee,19700182758,Nature Communications,20411723,1
21737241400,Carrie Lee,19700188368,Genes,20734425,1
21737241400,Carrie Lee,19700188419,Cancers,20726694,2
21737241400,Carrie Lee,19771,Rheumatology United Kingdom,14620324,1
21737241400,Carrie Lee,19963,Molecular Pharmacology,0026895X,1
21737241400,Carrie Lee,20453,International Journal of Pressure Vessels and Piping,03080161,1
21737241400,Carrie Lee,20663,Current Drug Metabolism,13892002,1
21737241400,Carrie Lee,20972,Journal of Materials Processing Technology,09240136,1
21737241400,Carrie Lee,21100200805,Scientific Reports,20452322,3
21737241400,Carrie Lee,21100214102,Frontiers in Pharmacology,16639812,1
21737241400,Carrie Lee,21100236803,Frontiers in Genetics,16648021,1
21737241400,Carrie Lee,21100248801,Journal of Cancer,18379664,1
21737241400,Carrie Lee,21100335701,Vaccines,2076393X,1
21737241400,Carrie Lee,21100369815,Ebiomedicine,23523964,1
21737241400,Carrie Lee,21100444312,Biology Open,20466390,1
21737241400,Carrie Lee,21121,Proceedings of the National Academy of Sciences of the United States of America,00278424,2
21737241400,Carrie Lee,21162,Journal of Materials Science,00222461,1
21737241400,Carrie Lee,21167,Pharmacogenomics,14622416,1
21737241400,Carrie Lee,21168,Pharmacogenomics Journal,1470269X,1
21737241400,Carrie Lee,21275,Journal of Immunology,00221767,2
21737241400,Carrie Lee,21369,Expert Review of Molecular Diagnostics,14737159,2
21737241400,Carrie Lee,21703,Annals of Human Genetics,00034800,1
21737241400,Carrie Lee,21727,BMC Genomics,14712164,1
21737241400,Carrie Lee,21930,Fish Physiology and Biochemistry,09201742,3
21737241400,Carrie Lee,22101,European Journal of Human Genetics,10184813,1
21737241400,Carrie Lee,22191,Genetics in Medicine,10983600,1
21737241400,Carrie Lee,22243,Human Gene Therapy,10430342,1
21737241400,Carrie Lee,22266,Human Molecular Genetics,09646906,3
21737241400,Carrie Lee,22267,Human Mutation,10597794,2
21737241400,Carrie Lee,22271,Immunogenetics,00937711,1
21737241400,Carrie Lee,22343,Infection and Immunity,00199567,1
21737241400,Carrie Lee,22444,Journal of Parasitology,00223395,1
21737241400,Carrie Lee,22465,Korean Journal of Parasitology,00234001,3
21737241400,Carrie Lee,23311,American Journal of Physiology Heart and Circulatory Physiology,03636135,1
21737241400,Carrie Lee,23398,Comparative Biochemistry and Physiology Part A Physiology,03009629,2
21737241400,Carrie Lee,24537,Surface and Coatings Technology,02578972,1
21737241400,Carrie Lee,24680,Diamond and Related Materials,09259635,3
21737241400,Carrie Lee,24918,Electronics Letters,00135194,2
21737241400,Carrie Lee,25297,Journal of Hepatology,01688278,1
21737241400,Carrie Lee,25336,Neurodegenerative Diseases,16602854,1
21737241400,Carrie Lee,25879,International Journal of Molecular Sciences,16616596,3
21737241400,Carrie Lee,25935,Cytotherapy,14653249,1
21737241400,Carrie Lee,26516,Annals of the Academy of Medicine Singapore,03044602,1
21737241400,Carrie Lee,26618,Expert Reviews in Molecular Medicine,14623994,1
21737241400,Carrie Lee,26663,Korean Journal of Internal Medicine,12263303,1
21737241400,Carrie Lee,26786,Clinical Chemistry,00099147,7
21737241400,Carrie Lee,27030,Applied Physics Letters,00036951,2
21737241400,Carrie Lee,27083,Thermochimica Acta,00406031,1
21737241400,Carrie Lee,27256,Molecular and Cellular Probes,08908508,1
21737241400,Carrie Lee,27477,Current Applied Physics,15671739,2
21737241400,Carrie Lee,27825,American Journal of Gastroenterology,00029270,1
21737241400,Carrie Lee,27974,Frontiers in Bioscience,27686701,1
21737241400,Carrie Lee,28010,Molecular Human Reproduction,13609947,1
21737241400,Carrie Lee,28081,Gene Therapy,09697128,3
21737241400,Carrie Lee,28132,Journal of Applied Physics,00218979,2
21737241400,Carrie Lee,28371,Hepatology,02709139,1
21737241400,Carrie Lee,28379,Scripta Materialia,13596462,1
21737241400,Carrie Lee,28526,Journal of Magnetism and Magnetic Materials,03048853,5
21737241400,Carrie Lee,28564,Journal of Physics and Chemistry of Solids,00223697,1
21737241400,Carrie Lee,28567,Journal of Physics Condensed Matter,09538984,1
21737241400,Carrie Lee,28583,Acta Materialia,13596454,1
21737241400,Carrie Lee,28637,Journal of the Korean Physical Society,03744884,2
21737241400,Carrie Lee,28697,Materials Letters,0167577X,1
21737241400,Carrie Lee,29109,Corrosion Engineering Science and Technology,1478422X,1
21737241400,Carrie Lee,29127,Cancer Gene Therapy,09291903,1
21737241400,Carrie Lee,29236,Carcinogenesis,01433334,2
21737241400,Carrie Lee,29482,Physics Letters Section B Nuclear Elementary Particle and High Energy Physics,03702693,1
21737241400,Carrie Lee,29710,Clinical Science,01435221,2
21737241400,Carrie Lee,38818,Antisense and Nucleic Acid Drug Development,10872906,1
21737241400,Carrie Lee,4400151517,Cell Communication and Signaling,1478811X,1
21737241400,Carrie Lee,4900153107,Zeitschrift Fur Physik C Particles and Fields,01709739,1
21737241400,Carrie Lee,5800173370,Cell Division,17471028,1
21737241400,Carrie Lee,5800207508,Molecular Oncology,15747891,1
21737241400,Carrie Lee,7700153108,International Journal of Nanomedicine,11769114,1
21737241400,Carrie Lee,7900153106,Reproductive Sciences,19337191,1
21737241400,Carrie Lee,9500153903,Biological Reviews,14647931,1
22938320500,Chu Kim-Prieto,13468,Psychological Science,09567976,1
22938320500,Chu Kim-Prieto,144820,Journal of Happiness Studies,13894978,1
22938320500,Chu Kim-Prieto,15371,Journal of Adolescent Research,07435584,1
22938320500,Chu Kim-Prieto,15390,Journal of Applied Social Psychology,00219029,1
22938320500,Chu Kim-Prieto,15418,Women and Therapy,02703149,1
22938320500,Chu Kim-Prieto,15453,Journal of Cross Cultural Psychology,00220221,1
22938320500,Chu Kim-Prieto,19391,Social Indicators Research,03038300,1
22938320500,Chu Kim-Prieto,30039,Journal of Personality and Social Psychology,00223514,3
22938320500,Chu Kim-Prieto,5800207373,Journal of Positive Psychology,17439760,2
22938320500,Chu Kim-Prieto,58622,Biochemistry and Molecular Biology Education,14708175,1
22965575500,Catherine R. Albiston,16926,American Journal of Sociology,00029602,1
22965575500,Catherine R. Albiston,17585,Law and Social Inquiry,08976546,3
22965575500,Catherine R. Albiston,17591,Law and Society Review,00239216,1
22965575500,Catherine R. Albiston,19295,Gender Work and Organization,09686673,1
22965575500,Catherine R. Albiston,21100908414,Proceedings of the ACM on Human Computer Interaction,25730142,1
22965575500,Catherine R. Albiston,22771,Wisconsin Law Review,0043650X,1
22965575500,Catherine R. Albiston,29057,Berkeley Women S Law Journal,08824312,1
22965575500,Catherine R. Albiston,29150,Physical Review Letters,00319007,1
22965575500,Catherine R. Albiston,29465,Physical Review C,05562813,2
22981571500,Emily Sydnor,15300154823,Journal of Acquired Immune Deficiency Syndromes,15254135,1
22981571500,Emily Sydnor,15871,Journal of Clinical Microbiology,00951137,1
22981571500,Emily Sydnor,19651,Clinical Microbiology Reviews,08938512,1
22981571500,Emily Sydnor,21786,American Journal of Infection Control,01966553,1
22981571500,Emily Sydnor,21817,Clinical Infectious Diseases,10584838,1
22981571500,Emily Sydnor,22344,Infection Control and Hospital Epidemiology,0899823X,2
22981571500,Emily Sydnor,22440,Journal of Infectious Diseases,00221899,1
23006054100,Susan Persky,10600153309,Plos One,19326203,1
23006054100,Susan Persky,11300153602,Parenting,15295192,1
23006054100,Susan Persky,12057,Media Psychology,15213269,1
23006054100,Susan Persky,12538,European Journal of Clinical Nutrition,09543007,1
23006054100,Susan Persky,12697,International Journal of Obesity,03070565,3
23006054100,Susan Persky,12717,Journal of Nutrition Education and Behavior,14994046,1
23006054100,Susan Persky,13545,Eating Behaviors,14710153,4
23006054100,Susan Persky,14012,Psychology and Health,08870446,1
23006054100,Susan Persky,14107,European Journal of Psychological Assessment,10155759,1
23006054100,Susan Persky,14277,Health Psychology,02786133,1
23006054100,Susan Persky,144702,Virtual Reality,13594338,1
23006054100,Susan Persky,14873,International Journal of Behavioral Medicine,10705503,1
23006054100,Susan Persky,14900154701,Public Health Genomics,16624246,2
23006054100,Susan Persky,15499,Journal of Experimental Social Psychology,00221031,1
23006054100,Susan Persky,15509,Journal of Genetic Counseling,10597700,2
23006054100,Susan Persky,15536,Journal of Health Psychology,13591053,3
23006054100,Susan Persky,15916,Journal of Health Communication,10810730,2
23006054100,Susan Persky,16272,Cyberpsychology Behavior the Impact of the Internet Multimedia and Virtual Reality on Behavior and Society,15578364,1
23006054100,Susan Persky,16664,Journal of Behavioral Medicine,01607715,2
23006054100,Susan Persky,17945,Bioinformatics,13674803,1
23006054100,Susan Persky,18983,Social Science and Medicine,02779536,2
23006054100,Susan Persky,19300156904,Communications of the Association for Information Systems,15293181,1
23006054100,Susan Persky,19561,American Journal of Public Health,00900036,1
23006054100,Susan Persky,19700176047,Cyberpsychology Behavior and Social Networking,21522715,4
23006054100,Susan Persky,19700200840,Childhood Obesity,21532168,1
23006054100,Susan Persky,19900192137,Social and Personality Psychology Compass,17519004,2
23006054100,Susan Persky,20099,Women and Health,03630242,1
23006054100,Susan Persky,20739,Family and Community Health,01606379,1
23006054100,Susan Persky,21100199546,Translational Behavioral Medicine,18696716,2
23006054100,Susan Persky,21100200805,Scientific Reports,20452322,1
23006054100,Susan Persky,21100201916,Pediatric Obesity,20476302,1
23006054100,Susan Persky,21100464683,BMC Psychology,20507283,1
23006054100,Susan Persky,21100469641,BMJ Open Diabetes Research and Care,20524897,1
23006054100,Susan Persky,21100894518,Jci Insight,23793708,1
23006054100,Susan Persky,21100932754,Obesity Science and Practice,20552238,1
23006054100,Susan Persky,21101012669,Npj Digital Medicine,23986352,1
23006054100,Susan Persky,21101042149,Stigma and Health,23766972,1
23006054100,Susan Persky,21101048255,Environmental Epigenetics,20585888,1
23006054100,Susan Persky,21101107986,Frontiers in Virtual Reality,26734192,2
23006054100,Susan Persky,21101150071,Nejm Catalyst Innovations in Care Delivery,26420007,1
23006054100,Susan Persky,21101163294,BMJ Mental Health,27559734,1
23006054100,Susan Persky,21101370215,Journal of Medical Extended Reality,29941520,2
23006054100,Susan Persky,21121,Proceedings of the National Academy of Sciences of the United States of America,00278424,1
23006054100,Susan Persky,22191,Genetics in Medicine,10983600,1
23006054100,Susan Persky,22460,Patient Education and Counseling,07383991,5
23006054100,Susan Persky,23709,Journal of Medical Internet Research,14388871,4
23006054100,Susan Persky,25644,Presence Teleoperators and Virtual Environments,10547460,2
23006054100,Susan Persky,27473,Annals of Behavioral Medicine,08836612,8
23006054100,Susan Persky,29994,Appetite,01956663,5
23006054100,Susan Persky,33982,Health Communication,15327027,1
23006054100,Susan Persky,4000151808,Plos Genetics,15537390,1
23006054100,Susan Persky,4500151530,Personalized Medicine,17410541,2
23006054100,Susan Persky,4700152825,Obesity,19307381,1
23006054100,Susan Persky,5800179627,Self and Identity,15298868,1
23006054100,Susan Persky,6700153284,Social Influence,15534510,1
23059913900,Rebecca Ferrer,10600153309,Plos One,19326203,4
23059913900,Rebecca Ferrer,12127,Behaviour Research and Therapy,00057967,1
23059913900,Rebecca Ferrer,12772,British Journal of Health Psychology,1359107X,1
23059913900,Rebecca Ferrer,12811,Personality and Social Psychology Bulletin,01461672,1
23059913900,Rebecca Ferrer,12812,Personality and Social Psychology Review,10888683,1
23059913900,Rebecca Ferrer,12858,Cognition and Emotion,02699931,1
23059913900,Rebecca Ferrer,13069,Psycho Oncology,10579249,1
23059913900,Rebecca Ferrer,13545,Eating Behaviors,14710153,1
23059913900,Rebecca Ferrer,14012,Psychology and Health,08870446,11
23059913900,Rebecca Ferrer,14075,Emotion,15283542,2
23059913900,Rebecca Ferrer,14277,Health Psychology,02786133,11
23059913900,Rebecca Ferrer,144989,International Journal of Environmental Research and Public Health,16617827,1
23059913900,Rebecca Ferrer,14622,Social Work in Health Care,00981389,1
23059913900,Rebecca Ferrer,14900154701,Public Health Genomics,16624246,1
23059913900,Rebecca Ferrer,15391,Journal of Black Psychology,00957984,1
23059913900,Rebecca Ferrer,15499,Journal of Experimental Social Psychology,00221031,2
23059913900,Rebecca Ferrer,15536,Journal of Health Psychology,13591053,3
23059913900,Rebecca Ferrer,15916,Journal of Health Communication,10810730,2
23059913900,Rebecca Ferrer,15989,Journal of Palliative Medicine,10966218,2
23059913900,Rebecca Ferrer,16664,Journal of Behavioral Medicine,01607715,10
23059913900,Rebecca Ferrer,17058,Nicotine and Tobacco Research,14622203,1
23059913900,Rebecca Ferrer,17449,Science Communication,10755470,1
23059913900,Rebecca Ferrer,17665,Preventive Medicine,00917435,1
23059913900,Rebecca Ferrer,17732,Quality of Life Research,09629343,1
23059913900,Rebecca Ferrer,17792,Medical Decision Making,0272989X,2
23059913900,Rebecca Ferrer,18983,Social Science and Medicine,02779536,6
23059913900,Rebecca Ferrer,19400158464,Health Psychology Review,17437199,2
23059913900,Rebecca Ferrer,19621,BMC Public Health,14712458,1
23059913900,Rebecca Ferrer,19700176047,Cyberpsychology Behavior and Social Networking,21522715,1
23059913900,Rebecca Ferrer,19700182323,Perspectives on Psychological Science,17456916,1
23059913900,Rebecca Ferrer,19700188308,Research in Human Development,15427609,1
23059913900,Rebecca Ferrer,19700200840,Childhood Obesity,21532168,1
23059913900,Rebecca Ferrer,19900192137,Social and Personality Psychology Compass,17519004,1
23059913900,Rebecca Ferrer,19900193555,Social Psychological and Personality Science,19485506,1
23059913900,Rebecca Ferrer,20153,AIDS and Behavior,10907165,1
23059913900,Rebecca Ferrer,20537,Journal of Behavioral Decision Making,08943257,4
23059913900,Rebecca Ferrer,20877,Health Education and Behavior,10901981,2
23059913900,Rebecca Ferrer,20885,Health Expectations,13696513,2
23059913900,Rebecca Ferrer,21100199546,Translational Behavioral Medicine,18696716,1
23059913900,Rebecca Ferrer,21100893578,Jmir Mhealth and Uhealth,22915222,1
23059913900,Rebecca Ferrer,21100967335,Jmir Research Protocols,19290748,1
23059913900,Rebecca Ferrer,21101007461,Jnci Cancer Spectrum,25155091,1
23059913900,Rebecca Ferrer,21101146449,Pec Innovation,27726282,1
23059913900,Rebecca Ferrer,21101150129,Affective Science,26622041,1
23059913900,Rebecca Ferrer,21321,AIDS Care Psychological and Socio Medical Aspects of AIDS HIV,09540121,2
23059913900,Rebecca Ferrer,22101,European Journal of Human Genetics,10184813,1
23059913900,Rebecca Ferrer,22443,Journal of Medical Screening,09691413,1
23059913900,Rebecca Ferrer,22915,Journal of Economic Psychology,01674870,1
23059913900,Rebecca Ferrer,23019,Prevention Science,13894986,1
23059913900,Rebecca Ferrer,23434,Journal of Risk Research,13669877,1
23059913900,Rebecca Ferrer,23709,Journal of Medical Internet Research,14388871,1
23059913900,Rebecca Ferrer,24763,Addictive Behaviors,03064603,1
23059913900,Rebecca Ferrer,25372,Psychology of Addictive Behaviors,0893164X,1
23059913900,Rebecca Ferrer,26382,Drug and Alcohol Review,09595236,1
23059913900,Rebecca Ferrer,27063,American Journal of Preventive Medicine,07493797,3
23059913900,Rebecca Ferrer,27473,Annals of Behavioral Medicine,08836612,15
23059913900,Rebecca Ferrer,28796,Cancer Causes and Control,09575243,1
23059913900,Rebecca Ferrer,29124,Cancer Epidemiology Biomarkers and Prevention,10559965,1
23059913900,Rebecca Ferrer,29761,European Journal of Cancer,09598049,1
23059913900,Rebecca Ferrer,29928,Journal of Cancer Education,08858195,2
23059913900,Rebecca Ferrer,30039,Journal of Personality and Social Psychology,00223514,1
23059913900,Rebecca Ferrer,30085,Journal of Social and Clinical Psychology,07367236,1
23059913900,Rebecca Ferrer,33982,Health Communication,10410236,1
23059913900,Rebecca Ferrer,4000151904,Palliative and Supportive Care,14789515,1
23396720900,Adam Glynn,12094,Journal of the American Statistical Association,01621459,2
23396720900,Adam Glynn,13530,Journal of the Royal Statistical Society Series A Statistics in Society,09641998,2
23396720900,Adam Glynn,145558,Political Analysis,10471987,2
23396720900,Adam Glynn,15555,American Journal of Political Science,00925853,5
23396720900,Adam Glynn,15557,American Political Science Review,00030554,2
23396720900,Adam Glynn,18090,Sociological Methodology,00811750,1
23396720900,Adam Glynn,18091,Sociological Methods and Research,00491241,2
23396720900,Adam Glynn,19877,Journal of Democracy,10455736,1
23396720900,Adam Glynn,20333,Journal of Politics,00223816,2
23396720900,Adam Glynn,21100835891,Journal of Experimental Political Science,20522630,1
23396720900,Adam Glynn,21100838541,Nature Human Behaviour,23973374,1
23396720900,Adam Glynn,21100908414,Proceedings of the ACM on Human Computer Interaction,25730142,1
23396720900,Adam Glynn,22861,Political Psychology,0162895X,1
23396720900,Adam Glynn,3900148225,Statistical Methodology,15723127,1
23485677100,Joshua Kertzer,15555,American Journal of Political Science,00925853,6
23485677100,Joshua Kertzer,16232,British Journal of Political Science,00071234,2
23485677100,Joshua Kertzer,16767,Journal of Neurosurgery,00223085,1
23485677100,Joshua Kertzer,20333,Journal of Politics,00223816,4
23485677100,Joshua Kertzer,23930,Conflict Management and Peace Science,07388942,1
23485677100,Joshua Kertzer,25118,Geopolitics,14650045,1
23485677100,Joshua Kertzer,25725,World Politics,00438871,1
23485677100,Joshua Kertzer,25848,International Studies Quarterly,00208833,2
23485677100,Joshua Kertzer,27663,Journal of Conflict Resolution,00220027,5
23485677100,Joshua Kertzer,39139,International Organization,00208183,4
23485677100,Joshua Kertzer,4400151505,Critical Review,08913811,1
23967956500,Antoine J. Banks,10300153306,International Journal of Press Politics,19401612,1
23967956500,Antoine J. Banks,145558,Political Analysis,10471987,1
23967956500,Antoine J. Banks,15555,American Journal of Political Science,00925853,2
23967956500,Antoine J. Banks,15559,American Politics Research,1532673X,1
23967956500,Antoine J. Banks,22832,Political Behavior,01909320,3
23967956500,Antoine J. Banks,22861,Political Psychology,0162895X,4
23967956500,Antoine J. Banks,23574,Public Opinion Quarterly,0033362X,2
24069339300,Juergen Schupp,12006,Journal of Vocational Behavior,00018791,1
24069339300,Juergen Schupp,12134,Journal of Official Statistics,0282423X,1
24069339300,Juergen Schupp,12807,Personality and Individual Differences,01918869,2
24069339300,Juergen Schupp,13500,Developmental Psychology,00121649,2
24069339300,Juergen Schupp,14427,European Sociological Review,02667215,2
24069339300,Juergen Schupp,144820,Journal of Happiness Studies,13894978,1
24069339300,Juergen Schupp,146223,Behavior Research Methods,1554351X,1
24069339300,Juergen Schupp,15726,Kolner Zeitschrift Fur Soziologie Und Sozialpsychologie,00232653,2
24069339300,Juergen Schupp,15909,Zeitschrift Fur Arbeits Und Organisationspsychologie,09324089,1
24069339300,Juergen Schupp,18192,Soziale Welt,00386073,2
24069339300,Juergen Schupp,18700156718,Zeitschrift Fur Erziehungswissenschaft,1434663X,1
24069339300,Juergen Schupp,19285,Zeitschrift Fur Soziologie,03401804,4
24069339300,Juergen Schupp,19391,Social Indicators Research,03038300,3
24069339300,Juergen Schupp,19692,Economics of Education Review,02727757,1
24069339300,Juergen Schupp,20112,Bundesgesundheitsblatt Gesundheitsforschung Gesundheitsschutz,14369990,1
24069339300,Juergen Schupp,20717,Epidemiology,10443983,1
24069339300,Juergen Schupp,21100256106,Survey Research Methods,18643361,1
24069339300,Juergen Schupp,21100857520,Collabra Psychology,24747394,1
24069339300,Juergen Schupp,21100873453,Palgrave Communications,20551045,1
24069339300,Juergen Schupp,21100874136,Sozialer Fortschritt,0038609X,4
24069339300,Juergen Schupp,21100901162,Large Scale Assessments in Education,21960739,1
24069339300,Juergen Schupp,21121,Proceedings of the National Academy of Sciences of the United States of America,00278424,1
24069339300,Juergen Schupp,21741,Behavior Genetics,00018244,1
24069339300,Juergen Schupp,23540,Wirtschaftsdienst,00436275,3
24069339300,Juergen Schupp,23574,Public Opinion Quarterly,0033362X,1
24069339300,Juergen Schupp,23865,Journal of Economic Behavior and Organization,01672681,1
24069339300,Juergen Schupp,2700147401,Journal of Immigrant and Minority Health,15571912,1
24069339300,Juergen Schupp,27132,Jahrbucher Fur Nationalokonomie Und Statistik,00214027,1
24069339300,Juergen Schupp,27159,Innovation the European Journal of Social Science Research,13511610,1
24069339300,Juergen Schupp,28471,Ageing and Society,0144686X,1
24069339300,Juergen Schupp,28490,Economics Letters,01651765,1
24069339300,Juergen Schupp,28980,Journal of Economic Perspectives,08953309,1
24069339300,Juergen Schupp,29224,International Archives of Occupational and Environmental Health,03400131,1
24069339300,Juergen Schupp,29561,Journals of Gerontology Series B Psychological Sciences and Social Sciences,10795014,1
24069339300,Juergen Schupp,29802,Psychology and Aging,08827974,6
24069339300,Juergen Schupp,30039,Journal of Personality and Social Psychology,00223514,1
24069339300,Juergen Schupp,40637,Zeitschrift Fur Gerontologie Und Geriatrie,09486704,1
24069339300,Juergen Schupp,5800184475,Economic Bulletin,0343754X,1
24069339300,Juergen Schupp,5800207373,Journal of Positive Psychology,17439760,1
24069339300,Juergen Schupp,7500153126,Journal of the European Economic Association,15424766,1
24168517000,Mirya R. Holman,12100156092,Journal of Political Science Education,15512169,2
24168517000,Mirya R. Holman,12177,Climatic Change,01650009,3
24168517000,Mirya R. Holman,13936,Journal of Urban Affairs,07352166,1
24168517000,Mirya R. Holman,145558,Political Analysis,10471987,1
24168517000,Mirya R. Holman,14798,Sex Roles,03600025,1
24168517000,Mirya R. Holman,15557,American Political Science Review,00030554,3
24168517000,Mirya R. Holman,16114,Electoral Studies,02613794,1
24168517000,Mirya R. Holman,17521,Law and Contemporary Problems,00239186,1
24168517000,Mirya R. Holman,18500158100,Forum Germany,15408884,1
24168517000,Mirya R. Holman,20333,Journal of Politics,00223816,2
24168517000,Mirya R. Holman,20444,Legislative Studies Quarterly,03629805,4
24168517000,Mirya R. Holman,21100217634,Journal of Empirical Legal Studies,17401453,1
24168517000,Mirya R. Holman,21100826864,Climate,22251154,1
24168517000,Mirya R. Holman,21100865122,Research and Politics,20531680,1
24168517000,Mirya R. Holman,21100888814,Journal of Race Ethnicity and Politics,20566085,1
24168517000,Mirya R. Holman,21100942111,Journal of Law and Courts,21646570,1
24168517000,Mirya R. Holman,21101077280,Frontiers in Political Science,26733145,1
24168517000,Mirya R. Holman,21101259366,Journal of Political Institutions and Political Economy,26894815,1
24168517000,Mirya R. Holman,21101260416,Journal of Historical Political Economy,26939290,1
24168517000,Mirya R. Holman,22197,PS Political Science and Politics,10490965,1
24168517000,Mirya R. Holman,22831,Yale Journal of Health Policy Law and Ethics,15353532,1
24168517000,Mirya R. Holman,22832,Political Behavior,01909320,2
24168517000,Mirya R. Holman,22838,Political Communication,10584609,1
24168517000,Mirya R. Holman,22861,Political Psychology,0162895X,2
24168517000,Mirya R. Holman,22867,Political Research Quarterly,10659129,5
24168517000,Mirya R. Holman,23574,Public Opinion Quarterly,0033362X,1
24168517000,Mirya R. Holman,26439,Social Science Quarterly,00384941,5
24168517000,Mirya R. Holman,27285,Journal for the Scientific Study of Religion,00218294,1
24168517000,Mirya R. Holman,29643,Urban Affairs Review,10780874,5
24168517000,Mirya R. Holman,4000148701,Perspectives on Politics,15375927,1
24168517000,Mirya R. Holman,4400151519,Journal of Women Politics and Policy,1554477X,4
24168517000,Mirya R. Holman,4700152270,State Politics and Policy Quarterly,15324400,1
24168517000,Mirya R. Holman,4700152786,Journal of Political Marketing,15377857,1
24168517000,Mirya R. Holman,5200152632,Environmental Research Letters,17489318,1
24168517000,Mirya R. Holman,5600155308,Canadian Slavonic Papers,00085006,1
24168517000,Mirya R. Holman,5700160451,Politics and Religion,17550483,3
24168517000,Mirya R. Holman,5700166179,Politics and Gender,1743923X,1
24168517000,Mirya R. Holman,5800169479,Representation,00344893,2
24173705700,Elmar Schlueter,10600153309,Plos One,19326203,1
24173705700,Elmar Schlueter,13468,Psychological Science,09567976,1
24173705700,Elmar Schlueter,14117,European Journal of Social Psychology,00462772,2
24173705700,Elmar Schlueter,14427,European Sociological Review,02667215,2
24173705700,Elmar Schlueter,15453,Journal of Cross Cultural Psychology,00220221,1
24173705700,Elmar Schlueter,18983,Social Science and Medicine,02779536,1
24173705700,Elmar Schlueter,19774,International Journal of Public Opinion Research,09542892,1
24173705700,Elmar Schlueter,20112,Bundesgesundheitsblatt Gesundheitsforschung Gesundheitsschutz,14369990,1
24173705700,Elmar Schlueter,21100446014,Royal Society Open Science,20545703,1
24173705700,Elmar Schlueter,21101023171,Frontiers in Sociology,22977775,1
24173705700,Elmar Schlueter,21121,Proceedings of the National Academy of Sciences of the United States of America,00278424,1
24173705700,Elmar Schlueter,26441,Social Science Research,0049089X,5
24173705700,Elmar Schlueter,27343,Journal of Ethnic and Migration Studies,1369183X,3
24173705700,Elmar Schlueter,28161,Reproductive Biomedicine Online,14726483,1
24173705700,Elmar Schlueter,4100151507,Research in Social Stratification and Mobility,02765624,1
24173705700,Elmar Schlueter,4700152304,European Journal of Work and Organizational Psychology,1359432X,1
24173705700,Elmar Schlueter,72639,International Journal of Comparative Sociology,00207152,1
24463521000,Matthew Levendusky,145558,Political Analysis,10471987,1
24463521000,Matthew Levendusky,15555,American Journal of Political Science,00925853,3
24463521000,Matthew Levendusky,15559,American Politics Research,1532673X,1
24463521000,Matthew Levendusky,20333,Journal of Politics,00223816,6
24463521000,Matthew Levendusky,20444,Legislative Studies Quarterly,03629805,1
24463521000,Matthew Levendusky,21100457028,Science Advances,23752548,1
24463521000,Matthew Levendusky,21100835891,Journal of Experimental Political Science,20522630,3
24463521000,Matthew Levendusky,21100838541,Nature Human Behaviour,23973374,1
24463521000,Matthew Levendusky,21100865122,Research and Politics,20531680,1
24463521000,Matthew Levendusky,21101186976,Pnas Nexus,27526542,1
24463521000,Matthew Levendusky,22832,Political Behavior,01909320,2
24463521000,Matthew Levendusky,22838,Political Communication,10584609,3
24463521000,Matthew Levendusky,22861,Political Psychology,0162895X,1
24463521000,Matthew Levendusky,22867,Political Research Quarterly,10659129,1
24463521000,Matthew Levendusky,23571,Science,00368075,1
24463521000,Matthew Levendusky,23574,Public Opinion Quarterly,0033362X,7
24463521000,Matthew Levendusky,24733,American Behavioral Scientist,00027642,1
24463521000,Matthew Levendusky,28933,Judicature,00225800,1
24464890800,David Hardisty,13468,Psychological Science,09567976,2
24464890800,David Hardisty,15410,Journal of Clinical Psychology,00219762,1
24464890800,David Hardisty,15470,Journal of Environmental Psychology,02724944,1
24464890800,David Hardisty,15478,Journal of Experimental Psychology General,00963445,1
24464890800,David Hardisty,17700156733,Journal of Consumer Behaviour,14720817,1
24464890800,David Hardisty,17822,Conservation Biology,08888892,1
24464890800,David Hardisty,19400157006,Judgment and Decision Making,19302975,4
24464890800,David Hardisty,20537,Journal of Behavioral Decision Making,08943257,2
24464890800,David Hardisty,21100945816,Case Journal,15449106,1
24464890800,David Hardisty,21307,Management Science,00251909,2
24464890800,David Hardisty,22326,Organizational Behavior and Human Decision Processes,07495978,1
24464890800,David Hardisty,22336,Harvard Business Review,00178012,1
24464890800,David Hardisty,22833,International Journal of Research in Marketing,01678116,1
24464890800,David Hardisty,22899,Journal of Consumer Research,00935301,1
24464890800,David Hardisty,22915,Journal of Economic Psychology,01674870,1
24464890800,David Hardisty,22951,Journal of Marketing,00222429,1
24464890800,David Hardisty,22961,Journal of Marketing Research,00222437,4
24464890800,David Hardisty,22990,Journal of Retailing,00224359,1
24464890800,David Hardisty,28181,Journal of Consumer Psychology,10577408,3
24464890800,David Hardisty,29011,Journal of Risk and Uncertainty,08955646,1
24464890800,David Hardisty,36483,Global Environmental Change,09593780,1
24472408500,Emily Thorson,15557,American Political Science Review,00030554,1
24472408500,Emily Thorson,15559,American Politics Research,1532673X,1
24472408500,Emily Thorson,16232,British Journal of Political Science,00071234,1
24472408500,Emily Thorson,17649,Communication Research,00936502,1
24472408500,Emily Thorson,200147110,Information Communication and Society,1369118X,1
24472408500,Emily Thorson,20687,Journalism and Mass Communication Quarterly,10776990,1
24472408500,Emily Thorson,21100457028,Science Advances,23752548,1
24472408500,Emily Thorson,21100835891,Journal of Experimental Political Science,20522630,1
24472408500,Emily Thorson,21100838541,Nature Human Behaviour,23973374,2
24472408500,Emily Thorson,21100855741,Sociological Science,23306696,1
24472408500,Emily Thorson,21121,Proceedings of the National Academy of Sciences of the United States of America,00278424,1
24472408500,Emily Thorson,21206,Nature,00280836,2
24472408500,Emily Thorson,22786,Policy Studies Journal,0190292X,1
24472408500,Emily Thorson,22838,Political Communication,10584609,1
24472408500,Emily Thorson,23571,Science,00368075,4
24472408500,Emily Thorson,23574,Public Opinion Quarterly,0033362X,1
24472408500,Emily Thorson,5600155256,Television and New Media,15274764,1
24472408500,Emily Thorson,5700165635,Journal of Elections Public Opinion and Parties,17457289,1
24492154100,John T. Jost,10600153309,Plos One,19326203,6
24492154100,John T. Jost,1100147103,Analyses of Social Issues and Public Policy,15297489,2
24492154100,John T. Jost,12088,Basic and Applied Social Psychology,01973533,1
24492154100,John T. Jost,12710,Motivation and Emotion,01467239,2
24492154100,John T. Jost,12776,British Journal of Social Psychology,01446665,1
24492154100,John T. Jost,12811,Personality and Social Psychology Bulletin,01461672,10
24492154100,John T. Jost,12812,Personality and Social Psychology Review,10888683,1
24492154100,John T. Jost,13456,Psychological Inquiry,1047840X,3
24492154100,John T. Jost,13468,Psychological Science,09567976,4
24492154100,John T. Jost,13477,Current Directions in Psychological Science,09637214,3
24492154100,John T. Jost,13602,Philosophical Transactions of the Royal Society B Biological Sciences,09628436,2
24492154100,John T. Jost,14035,Psychology of Women Quarterly,03616843,1
24492154100,John T. Jost,14117,European Journal of Social Psychology,00462772,4
24492154100,John T. Jost,14798,Sex Roles,03600025,2
24492154100,John T. Jost,14823,Social Cognition,0278016X,6
24492154100,John T. Jost,14896,International Journal of Psychology,00207594,2
24492154100,John T. Jost,14946,Group Processes and Intergroup Relations,13684302,6
24492154100,John T. Jost,14980,Humor,09331719,2
24492154100,John T. Jost,15300154836,Zeitschrift Fur Psychologie Journal of Psychology,21908370,1
24492154100,John T. Jost,15324,Theory Psychology,09593543,4
24492154100,John T. Jost,15390,Journal of Applied Social Psychology,00219029,1
24492154100,John T. Jost,15453,Journal of Cross Cultural Psychology,00220221,2
24492154100,John T. Jost,15478,Journal of Experimental Psychology General,00963445,2
24492154100,John T. Jost,15499,Journal of Experimental Social Psychology,00221031,5
24492154100,John T. Jost,15500154703,Evolutionary Psychology,14747049,1
24492154100,John T. Jost,15528,Annals of the American Academy of Political and Social Science,00027162,1
24492154100,John T. Jost,15557,American Political Science Review,00030554,1
24492154100,John T. Jost,17436,Nature Neuroscience,10976256,1
24492154100,John T. Jost,17534,Social Justice Research,08857466,8
24492154100,John T. Jost,17562,Social Psychology Quarterly,01902725,1
24492154100,John T. Jost,18232,Journal of Computer Mediated Communication,10836101,1
24492154100,John T. Jost,18300156710,European Review of Social Psychology,10463283,2
24492154100,John T. Jost,19400157006,Judgment and Decision Making,19302975,1
24492154100,John T. Jost,19400158483,Social Issues and Policy Review,17512395,1
24492154100,John T. Jost,19500157012,Journal of Theoretical and Philosophical Psychology,10688471,1
24492154100,John T. Jost,19700182323,Perspectives on Psychological Science,17456916,2
24492154100,John T. Jost,19700182758,Nature Communications,20411723,1
24492154100,John T. Jost,19900192137,Social and Personality Psychology Compass,17519004,3
24492154100,John T. Jost,19900193555,Social Psychological and Personality Science,19485506,3
24492154100,John T. Jost,21100198409,Nature Climate Change,1758678X,1
24492154100,John T. Jost,21100200805,Scientific Reports,20452322,2
24492154100,John T. Jost,21100255401,Sage Open,21582440,1
24492154100,John T. Jost,21100457028,Science Advances,23752548,1
24492154100,John T. Jost,21100790809,International Review of Social Psychology,23978570,1
24492154100,John T. Jost,21100812569,Journal of Social and Political Psychology,21953325,1
24492154100,John T. Jost,21100837352,Social Media and Society,20563051,1
24492154100,John T. Jost,21100838541,Nature Human Behaviour,23973374,1
24492154100,John T. Jost,21101017693,Motivation Science,23338113,1
24492154100,John T. Jost,21101021052,Journal of the Association for Consumer Research,23781815,1
24492154100,John T. Jost,21101077280,Frontiers in Political Science,26733145,1
24492154100,John T. Jost,21101298217,Frontiers in Social Psychology,28137876,1
24492154100,John T. Jost,21121,Proceedings of the National Academy of Sciences of the United States of America,00278424,2
24492154100,John T. Jost,22861,Political Psychology,0162895X,11
24492154100,John T. Jost,22899,Journal of Consumer Research,00935301,1
24492154100,John T. Jost,23571,Science,00368075,1
24492154100,John T. Jost,23574,Public Opinion Quarterly,0033362X,1
24492154100,John T. Jost,24472,Children and Society,09510605,1
24492154100,John T. Jost,28181,Journal of Consumer Psychology,10577408,2
24492154100,John T. Jost,29492,American Psychologist,0003066X,1
24492154100,John T. Jost,30039,Journal of Personality and Social Psychology,00223514,7
24492154100,John T. Jost,30073,Journal of Research in Personality,00926566,2
24492154100,John T. Jost,30088,Journal of Social Issues,00224537,4
24492154100,John T. Jost,30090,Journal of Social Psychology,00224545,1
24492154100,John T. Jost,5700161675,Journal of Language and Politics,15692159,1
24492154100,John T. Jost,5700166187,Du Bois Review,1742058X,1
24492154100,John T. Jost,5800179627,Self and Identity,15298868,1
24492154100,John T. Jost,6700153284,Social Influence,15534510,1
24538151600,Amber Wichowsky,13479,Current Psychology,10461310,1
24538151600,Amber Wichowsky,15555,American Journal of Political Science,00925853,1
24538151600,Amber Wichowsky,15559,American Politics Research,1532673X,3
24538151600,Amber Wichowsky,18500158100,Forum,15408884,2
24538151600,Amber Wichowsky,20333,Journal of Politics,00223816,3
24538151600,Amber Wichowsky,20444,Legislative Studies Quarterly,03629805,2
24538151600,Amber Wichowsky,21100448003,Journal of Higher Education Outreach and Engagement,15346102,1
24538151600,Amber Wichowsky,21100469450,Communication Culture and Critique,17539129,1
24538151600,Amber Wichowsky,21100865122,Research and Politics,20531680,1
24538151600,Amber Wichowsky,22786,Policy Studies Journal,0190292X,1
24538151600,Amber Wichowsky,22832,Political Behavior,01909320,1
24538151600,Amber Wichowsky,26261,Review of International Political Economy,09692290,1
24538151600,Amber Wichowsky,26439,Social Science Quarterly,00384941,1
24538151600,Amber Wichowsky,28840,Elementary School Journal,00135984,1
24538151600,Amber Wichowsky,29643,Urban Affairs Review,10780874,3
24824711800,Alison Gash,12100157009,Politics and Policy,15555623,1
24824711800,Alison Gash,15823,Journal of Public Administration Research and Theory,10531858,2
24824711800,Alison Gash,17585,Law and Social Inquiry,08976546,1
24824711800,Alison Gash,18100156705,Innovation Journal,17153816,1
24824711800,Alison Gash,18500158100,Forum Germany,21946183,2
24824711800,Alison Gash,23484,Polity,00323497,2
24824711800,Alison Gash,5700152892,New Political Science,07393148,2
25226021600,Jonathon Schuldt,10600153309,Plos One,19326203,1
25226021600,Jonathon Schuldt,1100147103,Analyses of Social Issues and Public Policy,15297489,1
25226021600,Jonathon Schuldt,12177,Climatic Change,01650009,8
25226021600,Jonathon Schuldt,14014,Psychology and Marketing,07426046,1
25226021600,Jonathon Schuldt,14277,Health Psychology,02786133,1
25226021600,Jonathon Schuldt,14823,Social Cognition,0278016X,1
25226021600,Jonathon Schuldt,14946,Group Processes and Intergroup Relations,13684302,2
25226021600,Jonathon Schuldt,15081,Agriculture and Human Values,0889048X,1
25226021600,Jonathon Schuldt,15470,Journal of Environmental Psychology,02724944,8
25226021600,Jonathon Schuldt,15478,Journal of Experimental Psychology General,00963445,1
25226021600,Jonathon Schuldt,15528,Annals of the American Academy of Political and Social Science,00027162,2
25226021600,Jonathon Schuldt,15536,Journal of Health Psychology,13591053,1
25226021600,Jonathon Schuldt,17449,Science Communication,10755470,1
25226021600,Jonathon Schuldt,19400157006,Judgment and Decision Making,19302975,1
25226021600,Jonathon Schuldt,19700182323,Perspectives on Psychological Science,17456916,1
25226021600,Jonathon Schuldt,19700182745,Environmental Communication,17524032,1
25226021600,Jonathon Schuldt,19774,International Journal of Public Opinion Research,09542892,1
25226021600,Jonathon Schuldt,19900193555,Social Psychological and Personality Science,19485506,1
25226021600,Jonathon Schuldt,20537,Journal of Behavioral Decision Making,08943257,1
25226021600,Jonathon Schuldt,21100215718,Weather Climate and Society,19488327,1
25226021600,Jonathon Schuldt,21100317906,Methodsx,22150161,1
25226021600,Jonathon Schuldt,21100464902,Journal of Environmental Studies and Sciences,21906483,1
25226021600,Jonathon Schuldt,21101042012,Citizen Science Theory and Practice,20574991,1
25226021600,Jonathon Schuldt,21121,Proceedings of the National Academy of Sciences of the United States of America,00278424,1
25226021600,Jonathon Schuldt,23434,Journal of Risk Research,13669877,1
25226021600,Jonathon Schuldt,23574,Public Opinion Quarterly,0033362X,1
25226021600,Jonathon Schuldt,26372,Risk Analysis,02724332,3
25226021600,Jonathon Schuldt,27851,Marine Policy,0308597X,1
25226021600,Jonathon Schuldt,29011,Journal of Risk and Uncertainty,08955646,1
25226021600,Jonathon Schuldt,29403,Energy Policy,03014215,1
25226021600,Jonathon Schuldt,29492,American Psychologist,0003066X,1
25226021600,Jonathon Schuldt,29994,Appetite,01956663,1
25226021600,Jonathon Schuldt,33982,Health Communication,10410236,4
25226021600,Jonathon Schuldt,36483,Global Environmental Change,09593780,1
25226021600,Jonathon Schuldt,5700176815,Journalism,14648849,1
25226021600,Jonathon Schuldt,7500153126,Journal of the European Economic Association,15424766,1
25226290400,Dmitry Taubinsky,14166,Journal of Health Economics,01676296,1
25226290400,Dmitry Taubinsky,19482,Econometrica,00129682,1
25226290400,Dmitry Taubinsky,22697,American Economic Review,00028282,4
25226290400,Dmitry Taubinsky,24202,Review of Economic Studies,00346527,4
25226290400,Dmitry Taubinsky,24204,Review of Economics and Statistics,00346535,1
25226290400,Dmitry Taubinsky,29009,Journal of Public Economics,00472727,2
25226290400,Dmitry Taubinsky,29011,Journal of Risk and Uncertainty,08955646,1
25226290400,Dmitry Taubinsky,29431,Quarterly Journal of Economics,00335533,1
25226290400,Dmitry Taubinsky,7500153126,Journal of the European Economic Association,15424766,2
25226290400,Dmitry Taubinsky,8300153204,B E Journal of Theoretical Economics,19351704,1
25422678500,Andrew Reed,14075,Emotion,15283542,1
25422678500,Andrew Reed,19400157006,Judgment and Decision Making,19302975,1
25422678500,Andrew Reed,21100216571,Frontiers in Psychology,16641078,1
25422678500,Andrew Reed,29561,Journals of Gerontology Series B Psychological Sciences and Social Sciences,10795014,3
25422678500,Andrew Reed,29802,Psychology and Aging,08827974,6
25623088800,Johanna Dunaway,10600153309,Plos One,19326203,1
25623088800,Johanna Dunaway,15528,Annals of the American Academy of Political and Social Science,00027162,1
25623088800,Johanna Dunaway,15555,American Journal of Political Science,00925853,1
25623088800,Johanna Dunaway,15559,American Politics Research,1532673X,3
25623088800,Johanna Dunaway,15613,Journal of Communication,00219916,2
25623088800,Johanna Dunaway,16114,Electoral Studies,02613794,1
25623088800,Johanna Dunaway,18232,Journal of Computer Mediated Communication,10836101,2
25623088800,Johanna Dunaway,19400158571,Race and Social Problems,18671748,1
25623088800,Johanna Dunaway,19700187607,Journalism Studies,1461670X,2
25623088800,Johanna Dunaway,200147110,Information Communication and Society,1369118X,1
25623088800,Johanna Dunaway,20333,Journal of Politics,00223816,1
25623088800,Johanna Dunaway,20687,Journalism and Mass Communication Quarterly,10776990,1
25623088800,Johanna Dunaway,22786,Policy Studies Journal,0190292X,1
25623088800,Johanna Dunaway,22832,Political Behavior,01909320,1
25623088800,Johanna Dunaway,22838,Political Communication,10584609,4
25623088800,Johanna Dunaway,22867,Political Research Quarterly,10659129,2
25623088800,Johanna Dunaway,23574,Public Opinion Quarterly,0033362X,1
25623088800,Johanna Dunaway,26439,Social Science Quarterly,00384941,6
25623088800,Johanna Dunaway,5600153585,Mass Communication and Society,15205436,1
25625306300,Elizabeth Suhay,10300153306,International Journal of Press Politics,19401612,1
25625306300,Elizabeth Suhay,15555,American Journal of Political Science,00925853,2
25625306300,Elizabeth Suhay,15559,American Politics Research,1532673X,1
25625306300,Elizabeth Suhay,18500158100,Forum Germany,15408884,1
25625306300,Elizabeth Suhay,19700182745,Environmental Communication,17524032,1
25625306300,Elizabeth Suhay,19774,International Journal of Public Opinion Research,09542892,1
25625306300,Elizabeth Suhay,19900193555,Social Psychological and Personality Science,19485506,1
25625306300,Elizabeth Suhay,20333,Journal of Politics,00223816,2
25625306300,Elizabeth Suhay,20444,Legislative Studies Quarterly,03629805,1
25625306300,Elizabeth Suhay,21100886215,Rsf,23778253,1
25625306300,Elizabeth Suhay,22832,Political Behavior,01909320,1
25625306300,Elizabeth Suhay,22861,Political Psychology,0162895X,1
25625306300,Elizabeth Suhay,22867,Political Research Quarterly,10659129,1
25625306300,Elizabeth Suhay,23442,Politics and the Life Sciences,07309384,1
25625306300,Elizabeth Suhay,23574,Public Opinion Quarterly,0033362X,1
25625306300,Elizabeth Suhay,5700166179,Politics and Gender,1743923X,1
25822103900,Benjamin A. Converse,12177,Climatic Change,01650009,1
25822103900,Benjamin A. Converse,13468,Psychological Science,09567976,4
25822103900,Benjamin A. Converse,14075,Emotion,15283542,1
25822103900,Benjamin A. Converse,15388,Journal of Applied Psychology,00219010,1
25822103900,Benjamin A. Converse,15470,Journal of Environmental Psychology,02724944,1
25822103900,Benjamin A. Converse,15478,Journal of Experimental Psychology General,00963445,1
25822103900,Benjamin A. Converse,19700182323,Perspectives on Psychological Science,17456916,1
25822103900,Benjamin A. Converse,19900193555,Social Psychological and Personality Science,19485506,1
25822103900,Benjamin A. Converse,21100198409,Nature Climate Change,1758678X,1
25822103900,Benjamin A. Converse,21121,Proceedings of the National Academy of Sciences of the United States of America,00278424,2
25822103900,Benjamin A. Converse,21206,Nature,00280836,1
25822103900,Benjamin A. Converse,22326,Organizational Behavior and Human Decision Processes,07495978,1
25822103900,Benjamin A. Converse,29492,American Psychologist,1935990X,1
25822103900,Benjamin A. Converse,30039,Journal of Personality and Social Psychology,00223514,2
25923521800,Melanie Penny,26278,New Zealand Dental Journal,00288047,1
25955434200,Robyn Dawes,110208,Journal of Experimental Psychology,00221015,1
25955434200,Robyn Dawes,12023,Applied and Preventive Psychology,09621849,1
25955434200,Robyn Dawes,12028,Applied Psychological Measurement,01466216,1
25955434200,Robyn Dawes,12108,Behavioral and Brain Sciences,0140525X,5
25955434200,Robyn Dawes,12123,Behavioral Sciences the Law,07353936,1
25955434200,Robyn Dawes,12308,Journal of Social Work Education,10437797,1
25955434200,Robyn Dawes,12710,Motivation and Emotion,01467239,1
25955434200,Robyn Dawes,12775,British Journal of Psychology London England 1953,00071269,1
25955434200,Robyn Dawes,12854,Clinical Psychology Review,02727358,1
25955434200,Robyn Dawes,13272,Environm Planning A,,1
25955434200,Robyn Dawes,13443,Psychological Bulletin,00332909,3
25955434200,Robyn Dawes,13465,Psychological Reports,00332941,1
25955434200,Robyn Dawes,13467,Psychological Review,0033295X,2
25955434200,Robyn Dawes,13468,Psychological Science,09567976,2
25955434200,Robyn Dawes,13631,American Statistician,00031305,1
25955434200,Robyn Dawes,13969,Psychological Science in the Public Interest,15291006,1
25955434200,Robyn Dawes,14095,Ethics Behavior,10508422,1
25955434200,Robyn Dawes,14756,Statistical Science,08834237,1
25955434200,Robyn Dawes,14798,Sex Roles,03600025,1
25955434200,Robyn Dawes,14896,International Journal of Psychology,00207594,1
25955434200,Robyn Dawes,15410,Journal of Clinical Psychology,00219762,1
25955434200,Robyn Dawes,15439,Journal of Consulting and Clinical Psychology,0022006X,4
25955434200,Robyn Dawes,15499,Journal of Experimental Social Psychology,00221031,1
25955434200,Robyn Dawes,15557,American Political Science Review,00030554,4
25955434200,Robyn Dawes,16071,Harvard Mental Health Letter from Harvard Medical School,10575022,1
25955434200,Robyn Dawes,16444,Journal of Educational and Behavioral Statistics,10769986,1
25955434200,Robyn Dawes,16812,Journal of Psychiatric Research,00223956,1
25955434200,Robyn Dawes,16926,American Journal of Sociology,00029602,1
25955434200,Robyn Dawes,17545,Law and Human Behavior,01477307,2
25955434200,Robyn Dawes,18983,Social Science and Medicine,02779536,1
25955434200,Robyn Dawes,19400157006,Judgment and Decision Making,19302975,1
25955434200,Robyn Dawes,20537,Journal of Behavioral Decision Making,08943257,1
25955434200,Robyn Dawes,21100264009,Journal of Multi Criteria Decision Analysis,10579214,1
25955434200,Robyn Dawes,22326,Organizational Behavior and Human Decision Processes,07495978,3
25955434200,Robyn Dawes,22706,International Journal of Forecasting,01692070,2
25955434200,Robyn Dawes,22867,Political Research Quarterly,10659129,1
25955434200,Robyn Dawes,23571,Science,00368075,3
25955434200,Robyn Dawes,23574,Public Opinion Quarterly,0033362X,1
25955434200,Robyn Dawes,23611,Public Choice,00485829,1
25955434200,Robyn Dawes,23865,Journal of Economic Behavior and Organization,01672681,1
25955434200,Robyn Dawes,25330,Rationality and Society,10434631,1
25955434200,Robyn Dawes,28535,Networks,00283045,1
25955434200,Robyn Dawes,29011,Journal of Risk and Uncertainty,08955646,1
25955434200,Robyn Dawes,29424,Acta Psychologica,00016918,1
25955434200,Robyn Dawes,29474,American Journal of Psychology,00029556,1
25955434200,Robyn Dawes,29492,American Psychologist,0003066X,4
25955434200,Robyn Dawes,30039,Journal of Personality and Social Psychology,00223514,5
25955434200,Robyn Dawes,30088,Journal of Social Issues,00224537,1
25955434200,Robyn Dawes,31882,IEEE Transactions on Systems Man and Cybernetics,00189472,1
25955434200,Robyn Dawes,5800224123,Journal of Abnormal and Social Psychology,0096851X,1
25955434200,Robyn Dawes,87046,Journal of Consulting Psychology,00958891,1
25959092400,Laurel Harbridge-Yong,15555,American Journal of Political Science,00925853,1
25959092400,Laurel Harbridge-Yong,15559,American Politics Research,1532673X,3
25959092400,Laurel Harbridge-Yong,18500158100,Forum Germany,15408884,1
25959092400,Laurel Harbridge-Yong,20333,Journal of Politics,00223816,1
25959092400,Laurel Harbridge-Yong,20444,Legislative Studies Quarterly,03629805,6
25959092400,Laurel Harbridge-Yong,21100372856,Data in Brief,23523409,1
25959092400,Laurel Harbridge-Yong,21100465147,Election Law Journal Rules Politics and Policy,15331296,1
25959092400,Laurel Harbridge-Yong,21100886215,Rsf,23778253,1
25959092400,Laurel Harbridge-Yong,22772,Policy Review,01465945,1
25959092400,Laurel Harbridge-Yong,22832,Political Behavior,01909320,3
25959092400,Laurel Harbridge-Yong,22867,Political Research Quarterly,10659129,1
26032421200,Hillary Shulman,10600153309,Plos One,19326203,1
26032421200,Hillary Shulman,12057,Media Psychology,15213269,1
26032421200,Hillary Shulman,12807,Personality and Individual Differences,01918869,1
26032421200,Hillary Shulman,12853,Communication Monographs,03637751,1
26032421200,Hillary Shulman,13468,Psychological Science,09567976,1
26032421200,Hillary Shulman,14772,Human Communication Research,03603989,6
26032421200,Hillary Shulman,14818,Small Group Research,10464964,1
26032421200,Hillary Shulman,15536,Journal of Health Psychology,13591053,2
26032421200,Hillary Shulman,15564,Journal of Language and Social Psychology,0261927X,4
26032421200,Hillary Shulman,15613,Journal of Communication,00219916,1
26032421200,Hillary Shulman,17649,Communication Research,00936502,3
26032421200,Hillary Shulman,19700190349,Communication Methods and Measures,19312458,1
26032421200,Hillary Shulman,21100200805,Scientific Reports,20452322,1
26032421200,Hillary Shulman,21100202907,International Journal of Communication,19328036,1
26032421200,Hillary Shulman,21100216571,Frontiers in Psychology,16641078,1
26032421200,Hillary Shulman,21100457028,Science Advances,23752548,1
26032421200,Hillary Shulman,21101061926,Frontiers in Communication,2297900X,1
26032421200,Hillary Shulman,21121,Proceedings of the National Academy of Sciences of the United States of America,00278424,1
26032421200,Hillary Shulman,22370,Public Understanding of Science,09636625,3
26032421200,Hillary Shulman,22838,Political Communication,10584609,2
26032421200,Hillary Shulman,23574,Public Opinion Quarterly,0033362X,1
26032421200,Hillary Shulman,33982,Health Communication,10410236,2
26032421200,Hillary Shulman,5600153399,Communication Studies,10510974,1
26032421200,Hillary Shulman,5600154339,Communication Quarterly,01463373,1
26032421200,Hillary Shulman,5700155425,Communication Research Reports,08824096,4
26032596200,Amber Koblitz,10600153309,Plos One,19326203,1
26032596200,Amber Koblitz,13442,Psychological Assessment,10403590,1
26032596200,Amber Koblitz,14277,Health Psychology,02786133,1
26032596200,Amber Koblitz,15390,Journal of Applied Social Psychology,00219029,1
26032596200,Amber Koblitz,17058,Nicotine and Tobacco Research,14622203,3
26032596200,Amber Koblitz,20099,Women and Health,03630242,1
26032596200,Amber Koblitz,21100372295,Preventive Medicine Reports,22113355,1
26032596200,Amber Koblitz,24763,Addictive Behaviors,03064603,2
26032596200,Amber Koblitz,27473,Annals of Behavioral Medicine,08836612,1
26038994100,Duncan Callaway,130030,Proceedings of the Royal Society B Biological Sciences,09628452,1
26038994100,Duncan Callaway,13321,Journal of Solar Energy Engineering Transactions of the ASME,01996231,1
26038994100,Duncan Callaway,13333,Solar Energy,0038092X,3
26038994100,Duncan Callaway,13845,Bulletin of Mathematical Biology,00928240,1
26038994100,Duncan Callaway,14599,Ecology Letters,1461023X,1
26038994100,Duncan Callaway,15838,Atmosphere,20734433,1
26038994100,Duncan Callaway,15847,New England Journal of Medicine,00284793,1
26038994100,Duncan Callaway,16044,Electric Power Systems Research,03787796,6
26038994100,Duncan Callaway,17339,IEEE Transactions on Automatic Control,00189286,2
26038994100,Duncan Callaway,17342,IEEE Transactions on Control Systems Technology,10636536,3
26038994100,Duncan Callaway,17915,Proceedings of the IEEE,00189219,2
26038994100,Duncan Callaway,17985,International Journal of Electrical Power and Energy Systems,01420615,1
26038994100,Duncan Callaway,18063,Journal of Power Sources,03787753,1
26038994100,Duncan Callaway,19400158701,Energy Systems,18683967,2
26038994100,Duncan Callaway,19700170610,IEEE Transactions on Smart Grid,19493053,8
26038994100,Duncan Callaway,19700177027,IEEE Transactions on Sustainable Energy,19493029,1
26038994100,Duncan Callaway,21100198409,Nature Climate Change,1758678X,1
26038994100,Duncan Callaway,21100325067,Energy Research and Social Science,22146296,1
26038994100,Duncan Callaway,21100371258,Sustainable Energy Grids and Networks,23524677,1
26038994100,Duncan Callaway,21100812579,Nature Energy,20587546,2
26038994100,Duncan Callaway,21100855841,Physical Review E Statistical Physics Plasmas Fluids and Related Interdisciplinary Topics,1063651X,2
26038994100,Duncan Callaway,21100861110,Journal of the Association of Environmental and Resource Economists,23335955,1
26038994100,Duncan Callaway,21100885366,IEEE Control Systems Letters,24751456,1
26038994100,Duncan Callaway,21101021638,Stochastic Systems,19465238,1
26038994100,Duncan Callaway,21101046767,Environmental Research Communications,25157620,1
26038994100,Duncan Callaway,21101194987,Environmental Research Infrastructure and Sustainability,26344505,1
26038994100,Duncan Callaway,21101276710,Physical Review E Statistical Nonlinear and Soft Matter Physics,15393755,1
26038994100,Duncan Callaway,21101343415,IEEE Transactions on Energy Markets Policy and Regulation,27719626,1
26038994100,Duncan Callaway,21121,Proceedings of the National Academy of Sciences of the United States of America,00278424,4
26038994100,Duncan Callaway,23411,Journal of Industrial Ecology,10881980,1
26038994100,Duncan Callaway,25349,Science of the Total Environment,00489697,1
26038994100,Duncan Callaway,25563,Systems and Control Letters,01676911,1
26038994100,Duncan Callaway,26874,Building and Environment,03601323,1
26038994100,Duncan Callaway,27569,Renewable Energy,09601481,1
26038994100,Duncan Callaway,28801,Applied Energy,03062619,6
26038994100,Duncan Callaway,28802,Electricity Journal,10406190,1
26038994100,Duncan Callaway,28824,IEEE Transactions on Energy Conversion,08858969,2
26038994100,Duncan Callaway,28825,IEEE Transactions on Power Systems,08858950,16
26038994100,Duncan Callaway,29150,Physical Review Letters,00319007,1
26038994100,Duncan Callaway,29359,Energy and Buildings,03787788,1
26038994100,Duncan Callaway,29372,Energy Conversion and Management,01968904,1
26038994100,Duncan Callaway,29403,Energy Policy,03014215,3
26038994100,Duncan Callaway,5200152632,Environmental Research Letters,17489318,2
26221571600,Lori Bougher,14798,Sex Roles,03600025,1
26221571600,Lori Bougher,18091,Sociological Methods and Research,00491241,1
26221571600,Lori Bougher,21100812569,Journal of Social and Political Psychology,21953325,1
26221571600,Lori Bougher,22832,Political Behavior,01909320,1
26221571600,Lori Bougher,22861,Political Psychology,0162895X,1
26221571600,Lori Bougher,5700155900,Applied Developmental Science,10888691,1
26424282100,Karen Hilyard,10600153309,Plos One,19326203,1
26424282100,Karen Hilyard,14236,Culture Health and Sexuality,13691058,1
26424282100,Karen Hilyard,14798,Sex Roles,03600025,1
26424282100,Karen Hilyard,15434,Biosecurity and Bioterrorism,15387135,1
26424282100,Karen Hilyard,15916,Journal of Health Communication,10810730,2
26424282100,Karen Hilyard,18232,Journal of Computer Mediated Communication,10836101,1
26424282100,Karen Hilyard,20833,Health Affairs,02782715,1
26424282100,Karen Hilyard,20877,Health Education and Behavior,10901981,2
26424282100,Karen Hilyard,21317,Health Promotion Practice,15248399,2
26424282100,Karen Hilyard,21376,Vaccine,0264410X,1
26424282100,Karen Hilyard,26372,Risk Analysis,02724332,1
26424282100,Karen Hilyard,27063,American Journal of Preventive Medicine,07493797,1
26424282100,Karen Hilyard,27584,Journal of Human Lactation,08903344,2
26424282100,Karen Hilyard,29615,Health Education Research,02681153,1
26424744500,Sebastian Schnettler,10600153309,Plos One,19326203,1
26424744500,Sebastian Schnettler,12602,American Journal of Human Biology,10420533,1
26424744500,Sebastian Schnettler,145480,Environmental Health A Global Access Science Source,1476069X,1
26424744500,Sebastian Schnettler,15594,Journal of Biosocial Science,00219320,1
26424744500,Sebastian Schnettler,15726,Kolner Zeitschrift Fur Soziologie Und Sozialpsychologie,00232653,3
26424744500,Sebastian Schnettler,19700174730,Zeitschrift Fur Familienforschung,14372940,1
26424744500,Sebastian Schnettler,21101023171,Frontiers in Sociology,22977775,1
26424744500,Sebastian Schnettler,21503,Evolution and Human Behavior,10905138,1
26424744500,Sebastian Schnettler,25987,Social Networks,03788733,2
26424744500,Sebastian Schnettler,5600155894,Advances in Life Course Research,15694909,1
26532782600,Emily Huddart Kennedy,14000155895,Sociology Compass,17519020,1
26532782600,Emily Huddart Kennedy,14356,Environment and Behavior,00139165,1
26532782600,Emily Huddart Kennedy,14506,Local Environment,13549839,1
26532782600,Emily Huddart Kennedy,15081,Agriculture and Human Values,0889048X,2
26532782600,Emily Huddart Kennedy,17389,Rural Sociology,00360112,2
26532782600,Emily Huddart Kennedy,17409,Poetics,0304422X,2
26532782600,Emily Huddart Kennedy,17497,British Journal of Sociology,00071315,1
26532782600,Emily Huddart Kennedy,17530,Social Forces,00377732,1
26532782600,Emily Huddart Kennedy,17587,Canadian Journal of Sociology,03186431,2
26532782600,Emily Huddart Kennedy,18084,Sociological Forum,08848971,1
26532782600,Emily Huddart Kennedy,18102,Sociological Perspectives,07311214,1
26532782600,Emily Huddart Kennedy,20500195092,International Journal of Sustainable Society,17562538,1
26532782600,Emily Huddart Kennedy,20970,Environmental Education Research,13504622,1
26532782600,Emily Huddart Kennedy,21100325067,Energy Research and Social Science,22146296,1
26532782600,Emily Huddart Kennedy,21100870585,Environmental Sociology,23251042,3
26532782600,Emily Huddart Kennedy,21101021489,Socius,23780231,1
26532782600,Emily Huddart Kennedy,24519,Environmental Politics,09644016,2
26532782600,Emily Huddart Kennedy,24733,American Behavioral Scientist,00027642,1
26532782600,Emily Huddart Kennedy,25639,Canadian Journal of Forest Research,00455067,1
26532782600,Emily Huddart Kennedy,25798,International Journal of Politics Culture and Society,08914486,1
26532782600,Emily Huddart Kennedy,29403,Energy Policy,03014215,2
26532782600,Emily Huddart Kennedy,55750,Human Ecology Review,10744827,1
26532782600,Emily Huddart Kennedy,5700161512,Journal of Consumer Culture,14695405,1
26533810000,Mark Brandt,10600153309,Plos One,19326203,2
26533810000,Mark Brandt,12058,Assessment,10731911,1
26533810000,Mark Brandt,12088,Basic and Applied Social Psychology,01973533,1
26533810000,Mark Brandt,12776,British Journal of Social Psychology,01446665,1
26533810000,Mark Brandt,12793,Peace and Conflict,10781919,1
26533810000,Mark Brandt,12807,Personality and Individual Differences,01918869,1
26533810000,Mark Brandt,12811,Personality and Social Psychology Bulletin,01461672,14
26533810000,Mark Brandt,12858,Cognition and Emotion,02699931,1
26533810000,Mark Brandt,13461,Psychological Methods,1082989X,1
26533810000,Mark Brandt,13468,Psychological Science,09567976,5
26533810000,Mark Brandt,13477,Current Directions in Psychological Science,09637214,3
26533810000,Mark Brandt,14075,Emotion,15283542,3
26533810000,Mark Brandt,14105,European Journal of Personality,08902070,2
26533810000,Mark Brandt,14117,European Journal of Social Psychology,00462772,4
26533810000,Mark Brandt,14427,European Sociological Review,02667215,1
26533810000,Mark Brandt,14823,Social Cognition,0278016X,1
26533810000,Mark Brandt,14946,Group Processes and Intergroup Relations,13684302,1
26533810000,Mark Brandt,15390,Journal of Applied Social Psychology,00219029,1
26533810000,Mark Brandt,15499,Journal of Experimental Social Psychology,00221031,6
26533810000,Mark Brandt,17534,Social Justice Research,08857466,1
26533810000,Mark Brandt,18300156710,European Review of Social Psychology,10463283,1
26533810000,Mark Brandt,18916,Social Science Computer Review,08944393,1
26533810000,Mark Brandt,19400157006,Judgment and Decision Making,19302975,1
26533810000,Mark Brandt,19400158521,Review of Philosophy and Psychology,18785158,2
26533810000,Mark Brandt,19419,Computers in Human Behavior,07475632,1
26533810000,Mark Brandt,19700182323,Perspectives on Psychological Science,17456916,3
26533810000,Mark Brandt,19700188900,Social Psychology,18649335,4
26533810000,Mark Brandt,19900193555,Social Psychological and Personality Science,19485506,8
26533810000,Mark Brandt,20500195402,Psychology Learning and Teaching,14757257,1
26533810000,Mark Brandt,20654,Journal of Managerial Psychology,02683946,1
26533810000,Mark Brandt,21100200805,Scientific Reports,20452322,1
26533810000,Mark Brandt,21100305282,Emerging Adulthood,21676968,1
26533810000,Mark Brandt,21100812569,Journal of Social and Political Psychology,21953325,1
26533810000,Mark Brandt,21100838541,Nature Human Behaviour,23973374,1
26533810000,Mark Brandt,21100857520,Collabra Psychology,24747394,2
26533810000,Mark Brandt,21100887623,Comprehensive Results in Social Psychology,23743611,2
26533810000,Mark Brandt,21101046404,Advances in Methods and Practices in Psychological Science,25152459,2
26533810000,Mark Brandt,21101184725,Journal of Open Psychology Data,20509863,2
26533810000,Mark Brandt,22326,Organizational Behavior and Human Decision Processes,07495978,1
26533810000,Mark Brandt,22861,Political Psychology,0162895X,3
26533810000,Mark Brandt,22915,Journal of Economic Psychology,01674870,1
26533810000,Mark Brandt,23571,Science,00368075,2
26533810000,Mark Brandt,26439,Social Science Quarterly,00384941,1
26533810000,Mark Brandt,26843,International Journal for the Psychology of Religion,10508619,2
26533810000,Mark Brandt,29424,Acta Psychologica,00016918,1
26533810000,Mark Brandt,29492,American Psychologist,0003066X,1
26533810000,Mark Brandt,30022,Journal of Personality,00223506,1
26533810000,Mark Brandt,30039,Journal of Personality and Social Psychology,00223514,9
26642961000,David R. Jones,10600153309,Plos One,19326203,6
26642961000,David R. Jones,130124,Sensors,14248220,1
26642961000,David R. Jones,13041,Plant Cell and Environment,01407791,3
26642961000,David R. Jones,13048,Polar Biology,07224060,2
26642961000,David R. Jones,13845,Bulletin of Mathematical Biology,00928240,2
26642961000,David R. Jones,14464,Polymer Testing,01429418,1
26642961000,David R. Jones,144664,British Food Journal,0007070X,1
26642961000,David R. Jones,144989,International Journal of Environmental Research and Public Health,16617827,1
26642961000,David R. Jones,14500,Land Use Policy,02648377,4
26642961000,David R. Jones,14648,European Journal of Soil Biology,11645563,3
26642961000,David R. Jones,14802,Soil Biology and Biochemistry,00380717,150
26642961000,David R. Jones,15061,Agricultural Systems,0308521X,2
26642961000,David R. Jones,15081,Agriculture and Human Values,0889048X,1
26642961000,David R. Jones,15110,Agriculture Ecosystems and Environment,01678809,20
26642961000,David R. Jones,15112,Freshwater Biology,00465070,1
26642961000,David R. Jones,15131,Global Change Biology,13541013,10
26642961000,David R. Jones,15423,Bioresource Technology,09608524,7
26642961000,David R. Jones,15611,Agroforestry Systems,01674366,1
26642961000,David R. Jones,15656,Journal of Plant Nutrition and Soil Science,14368730,4
26642961000,David R. Jones,15673,Journal of Rural Studies,07430167,1
26642961000,David R. Jones,16574,Plant and Soil,0032079X,40
26642961000,David R. Jones,16594,Plant Cell,10404651,1
26642961000,David R. Jones,16615,Plant Physiology,00320889,4
26642961000,David R. Jones,16646,Planta,00320935,2
26642961000,David R. Jones,16700154710,Ecohydrology,19360584,1
26642961000,David R. Jones,16784,Australian Journal of Botany,00671924,1
26642961000,David R. Jones,16794,BMC Plant Biology,14712229,1
26642961000,David R. Jones,16894,Biogeochemistry,01682563,5
26642961000,David R. Jones,17244,Biological Conservation,00063207,2
26642961000,David R. Jones,17481,FEBS Letters,00145793,1
26642961000,David R. Jones,17512,Journal of Water and Health,14778920,3
26642961000,David R. Jones,17600155041,Nature Geoscience,17520894,1
26642961000,David R. Jones,18002,Functional Ecology,02698463,4
26642961000,David R. Jones,18012,Environmental and Experimental Botany,00988472,1
26642961000,David R. Jones,18571,Fungal Genetics and Biology,10871845,1
26642961000,David R. Jones,18795,Water Research,00431354,18
26642961000,David R. Jones,19167,Journal of Cleaner Production,09596526,2
26642961000,David R. Jones,19210,Journal of Experimental Botany,00220957,1
26642961000,David R. Jones,19235,Journal of Plant Nutrition,01904167,3
26642961000,David R. Jones,19300157103,Insect Conservation and Diversity,1752458X,1
26642961000,David R. Jones,19325,Arab Gulf Journal of Scientific Research,19859899,1
26642961000,David R. Jones,19400158516,Food and Environmental Virology,18670334,3
26642961000,David R. Jones,19552,Veterinary Record,00424900,1
26642961000,David R. Jones,19607,Anaerobe,10759964,1
26642961000,David R. Jones,19618,Applied and Environmental Microbiology,00992240,2
26642961000,David R. Jones,19649,Canadian Journal of Microbiology,00084166,2
26642961000,David R. Jones,19683,Environmental Microbiology,14622912,1
26642961000,David R. Jones,19686,Epidemiology and Infection,09502688,1
26642961000,David R. Jones,19700182758,Nature Communications,20411723,3
26642961000,David R. Jones,19700188364,Viruses,19994915,1
26642961000,David R. Jones,19700201636,Soil Research,1838675X,3
26642961000,David R. Jones,19705,FEMS Microbiology Ecology,01686496,4
26642961000,David R. Jones,19706,FEMS Microbiology Letters,03781097,1
26642961000,David R. Jones,19717,Food Microbiology,07400020,1
26642961000,David R. Jones,19836,Mycorrhiza,09406360,3
26642961000,David R. Jones,19900191993,Journal of Visualized Experiments,1940087X,1
26642961000,David R. Jones,19908,New Phytologist,0028646X,9
26642961000,David R. Jones,19937,Nordic Journal of Botany,0107055X,1
26642961000,David R. Jones,19983,Pakistan Journal of Botany,05563321,3
26642961000,David R. Jones,200147102,Archives of Agronomy and Soil Science,03650340,3
26642961000,David R. Jones,20115,International Journal of Food Science and Technology,09505423,1
26642961000,David R. Jones,20217,Journal of Applied Microbiology,13645072,7
26642961000,David R. Jones,20241,Journal of Virological Methods,01660934,2
26642961000,David R. Jones,20266,Microbial Ecology,00953628,2
26642961000,David R. Jones,20267,Microbiological Research,09445013,1
26642961000,David R. Jones,20291,Ecological Engineering,09258574,2
26642961000,David R. Jones,20292,Ecological Indicators,1470160X,2
26642961000,David R. Jones,20343,Ecosystems,14329840,4
26642961000,David R. Jones,20582,Journal of Food Composition and Analysis,08891575,1
26642961000,David R. Jones,20861,Systematic and Applied Microbiology,07232020,1
26642961000,David R. Jones,20912,Environment International,01604120,5
26642961000,David R. Jones,21100198409,Nature Climate Change,1758678X,1
26642961000,David R. Jones,21100200421,Journal of Soil Science and Plant Nutrition,07189508,2
26642961000,David R. Jones,21100200805,Scientific Reports,20452322,9
26642961000,David R. Jones,21100201068,Cell Reports,26391856,1
26642961000,David R. Jones,21100216308,Gcb Bioenergy,17571693,4
26642961000,David R. Jones,21100218506,ACS Synthetic Biology,21615063,1
26642961000,David R. Jones,21100219934,Forests,19994907,2
26642961000,David R. Jones,21100226442,Frontiers in Microbiology,1664302X,10
26642961000,David R. Jones,21100240100,Sustainability Switzerland,20711050,1
26642961000,David R. Jones,21100246535,Lankesteriana,14093871,2
26642961000,David R. Jones,21100255400,Water Switzerland,20734441,2
26642961000,David R. Jones,21100255493,Journal of Environmental Chemical Engineering,22133437,1
26642961000,David R. Jones,21100264002,Ecology and Evolution,20457758,1
26642961000,David R. Jones,21100313905,Frontiers in Plant Science,1664462X,1
26642961000,David R. Jones,21100373623,Geoderma Regional,23520094,1
26642961000,David R. Jones,21100385961,Environmental Technology and Innovation,23521864,2
26642961000,David R. Jones,21100401152,Microbiome,20492618,1
26642961000,David R. Jones,21100409311,Future Internet,19995903,1
26642961000,David R. Jones,21100411756,Heliyon,24058440,1
26642961000,David R. Jones,21100433120,Microbiology Spectrum,21650497,2
26642961000,David R. Jones,21100447811,Agronomy,20734395,1
26642961000,David R. Jones,21100773752,Nature Microbiology,20585276,1
26642961000,David R. Jones,21100781511,Agriculture Switzerland,20770472,1
26642961000,David R. Jones,21100788801,Rhizosphere,24522198,4
26642961000,David R. Jones,21100798718,Frontiers in Public Health,22962565,2
26642961000,David R. Jones,21100826280,Frontiers in Environmental Science,2296665X,1
26642961000,David R. Jones,21100838131,Processes,22279717,2
26642961000,David R. Jones,21100838766,Frontiers of Agricultural Science and Engineering,20957505,6
26642961000,David R. Jones,21100850723,Msystems,23795077,1
26642961000,David R. Jones,21100869487,Forest Ecosystems,20956355,1
26642961000,David R. Jones,21100907393,Environmental Microbiome,25246372,2
26642961000,David R. Jones,21100933947,Microorganisms,20762607,3
26642961000,David R. Jones,21100941001,Frontiers in Sustainable Food Systems,2571581X,1
26642961000,David R. Jones,21101020131,Methods and Protocols,24099279,2
26642961000,David R. Jones,21101024040,Soil Systems,25718789,1
26642961000,David R. Jones,21101046232,Soil Ecology Letters,26622289,1
26642961000,David R. Jones,21101049099,Biochar,25247867,9
26642961000,David R. Jones,21101055861,Resources Environment and Sustainability,26669161,1
26642961000,David R. Jones,21101065035,Environmental Advances,26667657,2
26642961000,David R. Jones,21101065239,Communications Earth and Environment,26624435,1
26642961000,David R. Jones,21101077279,Frontiers in Agronomy,26733218,4
26642961000,David R. Jones,21101088422,Ecological Solutions and Evidence,26888319,1
26642961000,David R. Jones,21101109915,ACS Es and T Engineering,26900645,1
26642961000,David R. Jones,21101126567,Environmental Science Advances,27547000,1
26642961000,David R. Jones,21101129622,Jmir Infodemiology,25641891,1
26642961000,David R. Jones,21101153191,Carbon Research,27316696,1
26642961000,David R. Jones,21101159013,FEMS Microbes,26336685,1
26642961000,David R. Jones,21101162893,Journal of Sustainable Agriculture and Environment,2767035X,1
26642961000,David R. Jones,21101226473,Plos Global Public Health,27673375,1
26642961000,David R. Jones,21101278533,Rsc Applied Polymers,2755371X,1
26642961000,David R. Jones,21101381389,Npj Sustainable Agriculture,27319202,1
26642961000,David R. Jones,21101445769,Sustainable Microbiology,27551970,1
26642961000,David R. Jones,21206,Nature,00280836,1
26642961000,David R. Jones,21482,Environmental Monitoring and Assessment,01676369,1
26642961000,David R. Jones,21524,Environmental Research,00139351,2
26642961000,David R. Jones,21536,Environmental Science and Policy,14629011,2
26642961000,David R. Jones,21537,Environmental Science and Technology,0013936X,8
26642961000,David R. Jones,21552,Environmental Technology United Kingdom,09593330,2
26642961000,David R. Jones,21848,Global Biogeochemical Cycles,08866236,2
26642961000,David R. Jones,22044,Global Ecology and Biogeography,1466822X,1
26642961000,David R. Jones,22428,Journal of Infection,01634453,1
26642961000,David R. Jones,22475,Trends in Food Science and Technology,09242244,1
26642961000,David R. Jones,22577,Food Control,09567135,3
26642961000,David R. Jones,22586,Journal of Shellfish Research,07308000,1
26642961000,David R. Jones,23239,Land Degradation and Development,10853278,4
26642961000,David R. Jones,23312,Pedosphere,10020160,2
26642961000,David R. Jones,23357,Atmospheric Environment,13522310,1
26642961000,David R. Jones,23371,Journal of Environmental Management,03014797,5
26642961000,David R. Jones,23375,Journal of Environmental Quality,00472425,3
26642961000,David R. Jones,23434,Journal of Risk Research,13669877,1
26642961000,David R. Jones,23915,Analytical Chemistry,00032700,1
26642961000,David R. Jones,23916,Environmental Pollution,02697491,11
26642961000,David R. Jones,23918,Environmental Science and Pollution Research,09441344,4
26642961000,David R. Jones,24024,Marine Pollution Bulletin,0025326X,1
26642961000,David R. Jones,24554,Water Air and Soil Pollution,00496979,1
26642961000,David R. Jones,24559,Water Air and Soil Pollution Focus,15677230,5
26642961000,David R. Jones,24615,Applied Geochemistry,08832927,1
26642961000,David R. Jones,24657,Chemosphere,00456535,5
26642961000,David R. Jones,25076,Ecotoxicology and Environmental Safety,01476513,1
26642961000,David R. Jones,25155,Catena,03418162,1
26642961000,David R. Jones,25259,Restoration Ecology,10612971,3
26642961000,David R. Jones,25349,Science of the Total Environment,00489697,39
26642961000,David R. Jones,25385,Elements,18115209,1
26642961000,David R. Jones,25427,Journal of Horticultural Science and Biotechnology,14620316,1
26642961000,David R. Jones,25720,Forest Ecology and Management,03781127,3
26642961000,David R. Jones,25858,Journal of Hazardous Materials,03043894,21
26642961000,David R. Jones,25917,Journal of Polymers and the Environment,15662543,1
26642961000,David R. Jones,26424,Resources Conservation and Recycling,09213449,1
26642961000,David R. Jones,26490,Waste Management,0956053X,4
26642961000,David R. Jones,26844,Estuarine Coastal and Shelf Science,02727714,2
26642961000,David R. Jones,29034,Aquatic Sciences,10151621,2
26642961000,David R. Jones,29547,Journal of Applied Ecology,00218901,2
26642961000,David R. Jones,29576,Limnology and Oceanography,19395590,3
26642961000,David R. Jones,29602,Journal of Ecology,00220477,1
26642961000,David R. Jones,30999,Australian Journal of Soil Research,00049573,1
26642961000,David R. Jones,31671,Communications in Soil Science and Plant Analysis,00103624,3
26642961000,David R. Jones,32999,Compost Science and Utilization,1065657X,2
26642961000,David R. Jones,33722,Journal of Agricultural and Food Chemistry,00218561,1
26642961000,David R. Jones,33928,Journal of the Science of Food and Agriculture,00225142,1
26642961000,David R. Jones,36093,Pedobiologia,00314056,1
26642961000,David R. Jones,36209,European Journal of Soil Science,13510754,15
26642961000,David R. Jones,36538,Soil Use and Management,02660032,3
26642961000,David R. Jones,37206,Soil Science Society of America Journal,03615995,5
26642961000,David R. Jones,38003,Soil and Tillage Research,01671987,7
26642961000,David R. Jones,38284,Grass and Forage Science,01425242,1
26642961000,David R. Jones,39098,Journal of Dairy Research,00220299,1
26642961000,David R. Jones,39112,Geoderma,00167061,14
26642961000,David R. Jones,4000148310,Geobiology,14724677,1
26642961000,David R. Jones,4000151809,Plos Pathogens,15537374,1
26642961000,David R. Jones,4000151823,Scientia Agricola,01039016,3
26642961000,David R. Jones,40981,Biology and Fertility of Soils,01782762,18
26642961000,David R. Jones,51952,Acta Agriculturae Scandinavica Section B Soil and Plant Science,09064710,1
26642961000,David R. Jones,5200153105,Zoonoses and Public Health,18631959,1
26642961000,David R. Jones,5300152613,Animal,17517311,1
26642961000,David R. Jones,5400152649,Mycological Progress,1617416X,1
26642961000,David R. Jones,5800173382,Isme Journal,17517362,1
26642961000,David R. Jones,59988,European Journal of Agronomy,11610301,1
26642961000,David R. Jones,61490,Biosystems Engineering,15375110,1
26642961000,David R. Jones,68435,Plant Soil and Environment,12141178,1
26642961000,David R. Jones,7000153262,Journal of Forestry Research,1007662X,1
26642961000,David R. Jones,78796,Field Crops Research,03784290,1
26642961000,David R. Jones,8200153106,Plant Signaling and Behavior,15592316,1
26642961000,David R. Jones,86245,Precision Agriculture,13852256,1
26642961000,David R. Jones,96119,Applied Soil Ecology,09291393,15
26642961000,David R. Jones,99584,Journal of Soils and Sediments,14390108,2
26657081500,Julia Behrman,12828,Population and Environment,01990039,2
26657081500,Julia Behrman,13356,Health Economics,10579230,1
26657081500,Julia Behrman,13358,Sociology of Education,00380407,1
26657081500,Julia Behrman,14100,Development in Practice,09614524,1
26657081500,Julia Behrman,14103,Development Policy Review,09506764,2
26657081500,Julia Behrman,14849,Journal of Development Studies,00220388,1
26657081500,Julia Behrman,15357,Journal of Adolescent Health,1054139X,1
26657081500,Julia Behrman,15653,Journal of Marriage and Family,00222445,2
26657081500,Julia Behrman,15670,Journal of Peasant Studies,03066150,1
26657081500,Julia Behrman,17530,Social Forces,00377732,1
26657081500,Julia Behrman,18983,Social Science and Medicine,02779536,1
26657081500,Julia Behrman,21100855741,Sociological Science,23306696,1
26657081500,Julia Behrman,21101021489,Socius,23780231,3
26657081500,Julia Behrman,26361,Demographic Research,14359871,5
26657081500,Julia Behrman,26365,Demography,00703370,8
26657081500,Julia Behrman,26857,International Migration Review,01979183,2
26657081500,Julia Behrman,27364,Population and Development Review,00987921,3
26657081500,Julia Behrman,27387,Population Research and Policy Review,01675923,2
26657081500,Julia Behrman,27392,Population Studies,00324728,1
26657081500,Julia Behrman,27896,Studies in Family Planning,00393665,3
26663822500,Megan L. Knowles,12811,Personality and Social Psychology Bulletin,01461672,6
26663822500,Megan L. Knowles,14105,European Journal of Personality,08902070,1
26663822500,Megan L. Knowles,14117,European Journal of Social Psychology,00462772,1
26663822500,Megan L. Knowles,14823,Social Cognition,0278016X,2
26663822500,Megan L. Knowles,14871,International Journal of Behavioral Development,01650254,1
26663822500,Megan L. Knowles,15499,Journal of Experimental Social Psychology,00221031,1
26663822500,Megan L. Knowles,19700188900,Social Psychology,18649335,1
26663822500,Megan L. Knowles,19900192137,Social and Personality Psychology Compass,17519004,1
26663822500,Megan L. Knowles,19900193555,Social Psychological and Personality Science,19485506,1
26663822500,Megan L. Knowles,21100244224,Religion Brain and Behavior,2153599X,1
26663822500,Megan L. Knowles,21100887623,Comprehensive Results in Social Psychology,23743611,1
26663822500,Megan L. Knowles,30039,Journal of Personality and Social Psychology,00223514,1
27468015800,David Scott Yeager,10600153309,Plos One,19326203,1
27468015800,David Scott Yeager,12808,Journal of Educational Psychology,00220663,1
27468015800,David Scott Yeager,12882,Contemporary Educational Psychology,0361476X,1
27468015800,David Scott Yeager,13442,Psychological Assessment,10403590,1
27468015800,David Scott Yeager,13443,Psychological Bulletin,00332909,1
27468015800,David Scott Yeager,13468,Psychological Science,09567976,3
27468015800,David Scott Yeager,13477,Current Directions in Psychological Science,09637214,1
27468015800,David Scott Yeager,13491,Development and Psychopathology,09545794,2
27468015800,David Scott Yeager,13500,Developmental Psychology,00121649,3
27468015800,David Scott Yeager,13900154713,Child Development Perspectives,17508592,1
27468015800,David Scott Yeager,13969,Psychological Science in the Public Interest,15291006,1
27468015800,David Scott Yeager,15269,Monographs of the Society for Research in Child Development,0037976X,1
27468015800,David Scott Yeager,15369,Journal of Abnormal Child Psychology,00910627,1
27468015800,David Scott Yeager,15371,Journal of Adolescent Research,07435584,1
27468015800,David Scott Yeager,15415,Phi Delta Kappan,00317217,1
27468015800,David Scott Yeager,15478,Journal of Experimental Psychology General,00963445,1
27468015800,David Scott Yeager,17500155105,Emotion Review,17540739,2
27468015800,David Scott Yeager,17508,Social Development,0961205X,1
27468015800,David Scott Yeager,17785,Medical Care,00257079,1
27468015800,David Scott Yeager,18091,Sociological Methods and Research,00491241,1
27468015800,David Scott Yeager,19700182323,Perspectives on Psychological Science,17456916,2
27468015800,David Scott Yeager,19700182758,Nature Communications,20411723,1
27468015800,David Scott Yeager,19700187601,Developmental Cognitive Neuroscience,18789293,1
27468015800,David Scott Yeager,19700187625,Journal of Research on Educational Effectiveness,19345747,1
27468015800,David Scott Yeager,19900193555,Social Psychological and Personality Science,19485506,1
27468015800,David Scott Yeager,20749,European Economic Review,00142921,1
27468015800,David Scott Yeager,21100200805,Scientific Reports,20452322,1
27468015800,David Scott Yeager,21100274406,Clinical Psychological Science,21677026,1
27468015800,David Scott Yeager,21100902636,Behavioral Science and Policy,23794607,1
27468015800,David Scott Yeager,21101044934,Npj Science of Learning,20567936,1
27468015800,David Scott Yeager,21101045327,Aera Open,23328584,2
27468015800,David Scott Yeager,21101094914,Observational Studies,27673324,1
27468015800,David Scott Yeager,21101107951,Comprehensive Psychoneuroendocrinology,26664976,1
27468015800,David Scott Yeager,21101159371,Nature Reviews Psychology,27310574,1
27468015800,David Scott Yeager,21101229222,Jcpp Advances,26929384,1
27468015800,David Scott Yeager,21121,Proceedings of the National Academy of Sciences of the United States of America,00278424,5
27468015800,David Scott Yeager,21206,Nature,00280836,2
27468015800,David Scott Yeager,23571,Science,00368075,2
27468015800,David Scott Yeager,23574,Public Opinion Quarterly,0033362X,3
27468015800,David Scott Yeager,23865,Journal of Economic Behavior and Organization,01672681,1
27468015800,David Scott Yeager,24456,Child Development,00093920,5
27468015800,David Scott Yeager,25098,Future of Children,10548289,1
27468015800,David Scott Yeager,25678,Journal of Research on Adolescence,10508392,3
27468015800,David Scott Yeager,25680,Journal of Youth and Adolescence,00472891,1
27468015800,David Scott Yeager,29492,American Psychologist,0003066X,2
27468015800,David Scott Yeager,30039,Journal of Personality and Social Psychology,00223514,4
27468015800,David Scott Yeager,5000158308,Cbe Life Sciences Education,19317913,1
28767906600,Genevieve Pham-Kanter,10600153309,Plos One,19326203,1
28767906600,Genevieve Pham-Kanter,144840,Plos Medicine,15491277,1
28767906600,Genevieve Pham-Kanter,144989,International Journal of Environmental Research and Public Health,16617827,1
28767906600,Genevieve Pham-Kanter,15896,Journal of Epidemiology and Community Health,0143005X,1
28767906600,Genevieve Pham-Kanter,16244,Journal of Law Medicine and Ethics,10731105,1
28767906600,Genevieve Pham-Kanter,16448,Journal of Urban Health,10993460,1
28767906600,Genevieve Pham-Kanter,17665,Preventive Medicine,00917435,1
28767906600,Genevieve Pham-Kanter,17785,Medical Care,00257079,1
28767906600,Genevieve Pham-Kanter,18983,Social Science and Medicine,02779536,1
28767906600,Genevieve Pham-Kanter,19200157106,Journal of Addiction Medicine,19320620,1
28767906600,Genevieve Pham-Kanter,19800188003,BMJ Open,20446055,1
28767906600,Genevieve Pham-Kanter,20833,Health Affairs,02782715,3
28767906600,Genevieve Pham-Kanter,21100881654,Journal of Law and the Biosciences,20539711,2
28767906600,Genevieve Pham-Kanter,21100900345,JAMA Network Open,25743805,3
28767906600,Genevieve Pham-Kanter,21100941739,Journal of the Endocrine Society,24721972,1
28767906600,Genevieve Pham-Kanter,21103,Milbank Quarterly,0887378X,1
28767906600,Genevieve Pham-Kanter,21944,Substance Abuse,08897077,2
28767906600,Genevieve Pham-Kanter,26575,Archives of Internal Medicine,00039926,1
28767906600,Genevieve Pham-Kanter,26643,Journal of General Internal Medicine,08848734,1
28767906600,Genevieve Pham-Kanter,27063,American Journal of Preventive Medicine,07493797,1
28767906600,Genevieve Pham-Kanter,27467,Gynecologic Oncology,00908258,1
28767906600,Genevieve Pham-Kanter,29561,Journals of Gerontology Series B Psychological Sciences and Social Sciences,10795014,1
29067761300,Phil Gussin,11600153640,Quarterly Journal of Political Science,15540626,1
29067957800,Brian J. McCabe,13838,Housing Policy Debate,10511482,2
29067957800,Brian J. McCabe,13934,Journal of the American Planning Association,01944363,1
29067957800,Brian J. McCabe,16929,American Sociological Review,00031224,1
29067957800,Brian J. McCabe,17530,Social Forces,00377732,1
29067957800,Brian J. McCabe,18091,Sociological Methods and Research,00491241,1
29067957800,Brian J. McCabe,19774,International Journal of Public Opinion Research,09542892,1
29067957800,Brian J. McCabe,21100465147,Election Law Journal Rules Politics and Policy,15331296,1
29067957800,Brian J. McCabe,21100855741,Sociological Science,23306696,1
29067957800,Brian J. McCabe,21100886215,Rsf,23778253,1
29067957800,Brian J. McCabe,21101021489,Socius,23780231,1
29067957800,Brian J. McCabe,21101097039,Sociology of Race and Ethnicity,23326492,1
29067957800,Brian J. McCabe,24406,Journal of Urban Economics,00941190,1
29067957800,Brian J. McCabe,26439,Social Science Quarterly,00384941,1
29067957800,Brian J. McCabe,26441,Social Science Research,0049089X,1
29067957800,Brian J. McCabe,29643,Urban Affairs Review,10780874,2
29067957800,Brian J. McCabe,5700161712,City and Community,15356841,2
31067533600,Jose D. Villalobos,16032,Administration and Society,00953997,2
31067533600,Jose D. Villalobos,17162,Public Administration,00333298,1
31067533600,Jose D. Villalobos,19774,International Journal of Public Opinion Research,09542892,1
31067533600,Jose D. Villalobos,19951,International Journal of Conflict Management,10444068,1
31067533600,Jose D. Villalobos,20333,Journal of Politics,00223816,1
31067533600,Jose D. Villalobos,22832,Political Behavior,01909320,1
31067533600,Jose D. Villalobos,22861,Political Psychology,0162895X,1
31067533600,Jose D. Villalobos,22867,Political Research Quarterly,10659129,2
31067533600,Jose D. Villalobos,23528,Presidential Studies Quarterly,03604918,4
31067533600,Jose D. Villalobos,24733,American Behavioral Scientist,00027642,1
31067533600,Jose D. Villalobos,4700151710,International Journal of Public Administration,01900692,1
31067533600,Jose D. Villalobos,50039,Review of Policy Research,1541132X,1
31067533600,Jose D. Villalobos,5600155004,Contemporary Politics,13569775,1
31067533600,Jose D. Villalobos,5700166179,Politics and Gender,1743923X,1
31967965800,James R. Zink,15557,American Political Science Review,00030554,1
31967965800,James R. Zink,20333,Journal of Politics,00223816,2
31967965800,James R. Zink,21100835891,Journal of Experimental Political Science,20522630,1
31967965800,James R. Zink,21100872361,American Political Thought,21611580,2
31967965800,James R. Zink,22832,Political Behavior,01909320,1
31967965800,James R. Zink,22867,Political Research Quarterly,10659129,2
31967965800,James R. Zink,87222,Review of Politics,00346705,1
33267933200,Laura Scherer,10600153309,Plos One,19326203,2
33267933200,Laura Scherer,12459,Journal of the National Cancer Institute,00278874,1
33267933200,Laura Scherer,12772,British Journal of Health Psychology,1359107X,1
33267933200,Laura Scherer,12811,Personality and Social Psychology Bulletin,01461672,1
33267933200,Laura Scherer,13477,Current Directions in Psychological Science,09637214,1
33267933200,Laura Scherer,14012,Psychology and Health,08870446,1
33267933200,Laura Scherer,14075,Emotion,15283542,1
33267933200,Laura Scherer,14117,European Journal of Social Psychology,00462772,1
33267933200,Laura Scherer,14120,European Psychologist,10169040,1
33267933200,Laura Scherer,14277,Health Psychology,02786133,5
33267933200,Laura Scherer,146223,Behavior Research Methods,1554351X,1
33267933200,Laura Scherer,14823,Social Cognition,0278016X,2
33267933200,Laura Scherer,14955,Clinical Pediatrics,00099228,2
33267933200,Laura Scherer,15357,Journal of Adolescent Health,1054139X,1
33267933200,Laura Scherer,15476,Journal of Experimental Psychology Applied,1076898X,1
33267933200,Laura Scherer,15478,Journal of Experimental Psychology General,00963445,1
33267933200,Laura Scherer,15499,Journal of Experimental Social Psychology,00221031,2
33267933200,Laura Scherer,15536,Journal of Health Psychology,13591053,1
33267933200,Laura Scherer,15756,Pediatrics,00314005,1
33267933200,Laura Scherer,16664,Journal of Behavioral Medicine,01607715,2
33267933200,Laura Scherer,16800154743,Academic Pediatrics,18762859,1
33267933200,Laura Scherer,17697,Public Health,00333506,1
33267933200,Laura Scherer,17792,Medical Decision Making,0272989X,16
33267933200,Laura Scherer,18747,Psychophysiology,00485772,1
33267933200,Laura Scherer,18983,Social Science and Medicine,02779536,1
33267933200,Laura Scherer,19400157006,Judgment and Decision Making,19302975,1
33267933200,Laura Scherer,19700166401,Circulation Cardiovascular Quality and Outcomes,19417713,2
33267933200,Laura Scherer,19700175819,Patient Preference and Adherence,1177889X,1
33267933200,Laura Scherer,19800188003,BMJ Open,20446055,1
33267933200,Laura Scherer,20029,American Journal of Roentgenology,0361803X,1
33267933200,Laura Scherer,20537,Journal of Behavioral Decision Making,08943257,3
33267933200,Laura Scherer,21100228546,JAMA Internal Medicine,21686106,2
33267933200,Laura Scherer,21100246515,Journal of the American Heart Association,20479980,1
33267933200,Laura Scherer,21100779233,Journal of Racial and Ethnic Health Disparities,21973792,1
33267933200,Laura Scherer,21100798718,Frontiers in Public Health,22962565,1
33267933200,Laura Scherer,21100821132,Decision,23259965,1
33267933200,Laura Scherer,21100853551,Diagnosis,2194802X,1
33267933200,Laura Scherer,21100878576,BMJ Evidence Based Medicine,2515446X,1
33267933200,Laura Scherer,21100900345,JAMA Network Open,25743805,7
33267933200,Laura Scherer,21100948915,Mdm Policy and Practice,23814683,3
33267933200,Laura Scherer,21100981740,JCO Oncology Practice,26881527,1
33267933200,Laura Scherer,21101028582,Jmir Formative Research,2561326X,1
33267933200,Laura Scherer,21101120622,JAMA Health Forum,26890186,1
33267933200,Laura Scherer,21101140334,Heart and Mind,24686476,1
33267933200,Laura Scherer,21101146449,Pec Innovation,27726282,1
33267933200,Laura Scherer,21339,Health Risk and Society,13698575,1
33267933200,Laura Scherer,21376,Vaccine,0264410X,1
33267933200,Laura Scherer,21728,Journal of Surgical Research,00224804,1
33267933200,Laura Scherer,21786,American Journal of Infection Control,01966553,1
33267933200,Laura Scherer,22305,Surgery United States,00396060,1
33267933200,Laura Scherer,22414,American Heart Journal,00028703,1
33267933200,Laura Scherer,22460,Patient Education and Counseling,07383991,5
33267933200,Laura Scherer,23709,Journal of Medical Internet Research,14388871,2
33267933200,Laura Scherer,23826,Journal of Cardiac Failure,10719164,1
33267933200,Laura Scherer,26372,Risk Analysis,02724332,1
33267933200,Laura Scherer,26574,Annals of Internal Medicine,00034819,1
33267933200,Laura Scherer,26643,Journal of General Internal Medicine,08848734,2
33267933200,Laura Scherer,27059,American Journal of Hospice and Palliative Medicine,10499091,1
33267933200,Laura Scherer,27473,Annals of Behavioral Medicine,08836612,1
33267933200,Laura Scherer,27479,Annals of Family Medicine,15441709,1
33267933200,Laura Scherer,27620,American Journal of Health Promotion,08901171,1
33267933200,Laura Scherer,29070,Gerontologist,00169013,1
33267933200,Laura Scherer,30039,Journal of Personality and Social Psychology,00223514,4
33267933200,Laura Scherer,31445,American Journal of Medicine,00029343,1
33267933200,Laura Scherer,33982,Health Communication,10410236,1
33267933200,Laura Scherer,36513,BMC Infectious Diseases,14712334,1
33267933200,Laura Scherer,51748,BMJ Online,09598146,1
33367892500,Ashley Jardina,14000155895,Sociology Compass,17519020,1
33367892500,Ashley Jardina,15528,Annals of the American Academy of Political and Social Science,00027162,2
33367892500,Ashley Jardina,16114,Electoral Studies,02613794,1
33367892500,Ashley Jardina,16232,British Journal of Political Science,00071234,1
33367892500,Ashley Jardina,18500158100,Forum Germany,15408884,1
33367892500,Ashley Jardina,21100888814,Journal of Race Ethnicity and Politics,20566085,1
33367892500,Ashley Jardina,21101136809,Current Research in Ecological and Social Psychology,26666227,1
33367892500,Ashley Jardina,21101259366,Journal of Political Institutions and Political Economy,26894815,1
33367892500,Ashley Jardina,22832,Political Behavior,01909320,1
33367892500,Ashley Jardina,22861,Political Psychology,0162895X,2
33367892500,Ashley Jardina,23574,Public Opinion Quarterly,0033362X,2
33367892500,Ashley Jardina,5600155054,Journal of International Migration and Integration,14883473,1
34877720900,Jaime Settle,10600153309,Plos One,19326203,2
34877720900,Jaime Settle,13602,Philosophical Transactions of the Royal Society B Biological Sciences,09628436,1
34877720900,Jaime Settle,15555,American Journal of Political Science,00925853,1
34877720900,Jaime Settle,15559,American Politics Research,1532673X,2
34877720900,Jaime Settle,20333,Journal of Politics,00223816,1
34877720900,Jaime Settle,21100457028,Science Advances,23752548,1
34877720900,Jaime Settle,21100838541,Nature Human Behaviour,23973374,2
34877720900,Jaime Settle,21100855741,Sociological Science,23306696,1
34877720900,Jaime Settle,21121,Proceedings of the National Academy of Sciences of the United States of America,00278424,2
34877720900,Jaime Settle,21206,Nature,00280836,2
34877720900,Jaime Settle,22197,PS Political Science and Politics,10490965,1
34877720900,Jaime Settle,22832,Political Behavior,01909320,1
34877720900,Jaime Settle,22838,Political Communication,10584609,2
34877720900,Jaime Settle,22861,Political Psychology,0162895X,4
34877720900,Jaime Settle,22867,Political Research Quarterly,10659129,1
34877720900,Jaime Settle,23442,Politics and the Life Sciences,07309384,1
34877720900,Jaime Settle,23571,Science,00368075,3
34880205600,Vladimir Kogan,15555,American Journal of Political Science,00925853,5
34880205600,Vladimir Kogan,15557,American Political Science Review,00030554,2
34880205600,Vladimir Kogan,15559,American Politics Research,1532673X,1
34880205600,Vladimir Kogan,15821,Journal of Policy Analysis and Management,02768739,1
34880205600,Vladimir Kogan,15823,Journal of Public Administration Research and Theory,10531858,2
34880205600,Vladimir Kogan,16114,Electoral Studies,02613794,1
34880205600,Vladimir Kogan,19700176401,Applied Economic Perspectives and Policy,20405790,1
34880205600,Vladimir Kogan,20333,Journal of Politics,00223816,3
34880205600,Vladimir Kogan,21101045327,Aera Open,23328584,1
34880205600,Vladimir Kogan,21101259366,Journal of Political Institutions and Political Economy,26894815,1
34880205600,Vladimir Kogan,22838,Political Communication,10584609,1
34880205600,Vladimir Kogan,29009,Journal of Public Economics,00472727,1
34880205600,Vladimir Kogan,29643,Urban Affairs Review,10780874,3
34880205600,Vladimir Kogan,4700152270,State Politics and Policy Quarterly,15324400,3
34880205600,Vladimir Kogan,5800169158,Public Works Management and Policy,1087724X,1
34880205600,Vladimir Kogan,67863,Party Politics,13540688,1
35179145000,Christophe Bisson,130132,Information Technology and People,09593845,1
35179145000,Christophe Bisson,14704,Technological Forecasting and Social Change,00401625,1
35179145000,Christophe Bisson,17900156718,Journal of Strategic Marketing,0965254X,1
35179145000,Christophe Bisson,19500157803,Journal of the Knowledge Economy,18687865,1
35179145000,Christophe Bisson,19714,Journal of Organizational Computing and Electronic Commerce,10919392,1
35179145000,Christophe Bisson,21100327708,Journal of Intelligence Studies in Business,2001015X,5
35179145000,Christophe Bisson,21101268324,Plos Climate,27673200,1
35179145000,Christophe Bisson,21101457142,Vie and Sciences De L Entreprise,22625321,1
35179145000,Christophe Bisson,25561,Futures,00163287,2
35179145000,Christophe Bisson,5700155425,Communication Research Reports,08824096,1
35183713000,Efren Perez,145558,Political Analysis,10471987,2
35183713000,Efren Perez,14946,Group Processes and Intergroup Relations,13684302,3
35183713000,Efren Perez,15555,American Journal of Political Science,00925853,3
35183713000,Efren Perez,15557,American Political Science Review,00030554,3
35183713000,Efren Perez,19700182323,Perspectives on Psychological Science,17456916,1
35183713000,Efren Perez,19900193555,Social Psychological and Personality Science,19485506,2
35183713000,Efren Perez,20333,Journal of Politics,00223816,4
35183713000,Efren Perez,21100835891,Journal of Experimental Political Science,20522630,4
35183713000,Efren Perez,21100865122,Research and Politics,20531680,3
35183713000,Efren Perez,21100870919,Political Science Research and Methods,20498470,1
35183713000,Efren Perez,21100888814,Journal of Race Ethnicity and Politics,20566085,2
35183713000,Efren Perez,21101364770,Advances in Psychology,2976937X,1
35183713000,Efren Perez,21121,Proceedings of the National Academy of Sciences of the United States of America,00278424,1
35183713000,Efren Perez,22197,PS Political Science and Politics,10490965,2
35183713000,Efren Perez,22832,Political Behavior,01909320,7
35183713000,Efren Perez,22861,Political Psychology,0162895X,2
35183713000,Efren Perez,22867,Political Research Quarterly,10659129,4
35190798800,Arnaud Maurel,20062,Economie Et Statistique,03361454,1
35190798800,Arnaud Maurel,20246,Journal of Labor Economics,0734306X,2
35190798800,Arnaud Maurel,21100255526,Quantitative Economics,17597323,1
35190798800,Arnaud Maurel,21100775634,Iza Journal of Labor Economics,21938997,1
35190798800,Arnaud Maurel,22902,Oxford Bulletin of Economics and Statistics,03059049,1
35190798800,Arnaud Maurel,23719,Reflets Et Perspectives De La Vie Economique,00342971,1
35190798800,Arnaud Maurel,24202,Review of Economic Studies,00346527,1
35190798800,Arnaud Maurel,24204,Review of Economics and Statistics,00346535,1
35190798800,Arnaud Maurel,24404,Journal of Political Economy,00223808,2
35190798800,Arnaud Maurel,28464,Econometric Theory,02664666,1
35190798800,Arnaud Maurel,28973,Journal of Econometrics,03044076,2
35190798800,Arnaud Maurel,4400151715,Stata Journal,1536867X,1
35191112900,Laurel Westbrook,145733,Sexualities,13634607,1
35191112900,Laurel Westbrook,14925,Gender and Society,08912432,4
35191112900,Laurel Westbrook,15645,Journal of Health and Social Behavior,00221465,1
35191112900,Laurel Westbrook,15900154722,Journal of Lgbt Youth,19361653,1
35191112900,Laurel Westbrook,17560,Social Problems,00377791,1
35191112900,Laurel Westbrook,21101021489,Socius,23780231,1
35191112900,Laurel Westbrook,21101021989,European Journal of Politics and Gender,25151088,1
35195479200,Mathew Creighton,12856,Comparative Education Review,00104086,1
35195479200,Mathew Creighton,13936,Journal of Urban Affairs,07352166,1
35195479200,Mathew Creighton,14424,European Societies,14616696,1
35195479200,Mathew Creighton,15653,Journal of Marriage and Family,00222445,1
35195479200,Mathew Creighton,15865,Journal of Interdisciplinary History,00221953,1
35195479200,Mathew Creighton,17530,Social Forces,00377732,2
35195479200,Mathew Creighton,17560,Social Problems,00377791,1
35195479200,Mathew Creighton,18983,Social Science and Medicine,02779536,2
35195479200,Mathew Creighton,19391,Social Indicators Research,03038300,1
35195479200,Mathew Creighton,19875,Journal of Common Market Studies,00219886,1
35195479200,Mathew Creighton,21100451321,Scientific Data,20524463,1
35195479200,Mathew Creighton,21100972446,International Journal of Sociology,15579336,1
35195479200,Mathew Creighton,26361,Demographic Research,14359871,1
35195479200,Mathew Creighton,26365,Demography,00703370,1
35195479200,Mathew Creighton,26437,Social Science Journal,03623319,1
35195479200,Mathew Creighton,26439,Social Science Quarterly,00384941,1
35195479200,Mathew Creighton,26441,Social Science Research,0049089X,2
35195479200,Mathew Creighton,26481,Society,01472011,1
35195479200,Mathew Creighton,26855,International Migration,00207985,1
35195479200,Mathew Creighton,27343,Journal of Ethnic and Migration Studies,1369183X,3
35195479200,Mathew Creighton,28673,Educational Gerontology,03601277,1
35195479200,Mathew Creighton,5600155054,Journal of International Migration and Integration,14883473,1
35226971400,David Barker,110157,Physical Review D Particles Fields Gravitation and Cosmology,15507998,39
35226971400,David Barker,15563,Review of Scientific Instruments,00346748,1
35226971400,David Barker,19900192103,Astrophysical Journal Letters,20418205,30
35226971400,David Barker,21100201772,Physical Review X,21603308,8
35226971400,David Barker,21100237615,Progress of Theoretical and Experimental Physics,20503911,1
35226971400,David Barker,21100422153,Softwarex,23527110,2
35226971400,David Barker,21100779241,Physical Review D,24700010,61
35226971400,David Barker,21100874237,Physical Review A,24699926,1
35226971400,David Barker,21100903488,Universe,22181997,1
35226971400,David Barker,21101062817,Frontiers in Artificial Intelligence,26248212,1
35226971400,David Barker,21206,Nature,00280836,3
35226971400,David Barker,23571,Science,00368075,1
35226971400,David Barker,26750,Astronomy and Astrophysics,00046361,4
35226971400,David Barker,26765,Astrophysical Journal,0004637X,50
35226971400,David Barker,26769,Astrophysical Journal Supplement Series,00670049,5
35226971400,David Barker,26998,Annalen Der Physik,00033804,1
35226971400,David Barker,27030,Applied Physics Letters,00036951,1
35226971400,David Barker,27433,Classical and Quantum Gravity,02649381,21
35226971400,David Barker,29047,New Journal of Physics,13672630,1
35226971400,David Barker,29067,Nuclear Instruments and Methods in Physics Research Section A Accelerators Spectrometers Detectors and Associated Equipment,01689002,2
35226971400,David Barker,29150,Physical Review Letters,10797114,34
35226971400,David Barker,29593,Applied Optics,1559128X,1
35226971400,David Barker,29709,Reports on Progress in Physics,00344885,1
35226971400,David Barker,4000151822,Nature Physics,17452473,1
35226971400,David Barker,4900152808,Journal of Instrumentation,17480221,2
35226971400,David Barker,5700165152,Nature Photonics,17494885,1
35262248500,Jerry Jacobs,12244,Journal of Health and Social Policy,08977186,1
35262248500,Jerry Jacobs,130173,Community Work and Family,13668803,1
35262248500,Jerry Jacobs,14427,European Sociological Review,02667215,1
35262248500,Jerry Jacobs,14798,Sex Roles,03600025,1
35262248500,Jerry Jacobs,14925,Gender and Society,08912432,5
35262248500,Jerry Jacobs,15528,Annals of the American Academy of Political and Social Science,00027162,1
35262248500,Jerry Jacobs,15617,Journal of Comparative Family Studies,00472328,1
35262248500,Jerry Jacobs,16926,American Journal of Sociology,00029602,1
35262248500,Jerry Jacobs,16929,American Sociological Review,00031224,1
35262248500,Jerry Jacobs,16931,American Sociologist,00031232,3
35262248500,Jerry Jacobs,17530,Social Forces,00377732,3
35262248500,Jerry Jacobs,18083,Sociological Focus,00380237,2
35262248500,Jerry Jacobs,18084,Sociological Forum,08848971,2
35262248500,Jerry Jacobs,18103,Sociological Quarterly,00380253,1
35262248500,Jerry Jacobs,18877,Monthly Labor Review,00981818,1
35262248500,Jerry Jacobs,19250,Work and Occupations,07308884,4
35262248500,Jerry Jacobs,19251,Work Employment and Society,09500170,1
35262248500,Jerry Jacobs,19327,Historical Methods,01615440,1
35262248500,Jerry Jacobs,19490,Journal of Higher Education,00221546,2
35262248500,Jerry Jacobs,20099,Women and Health,03630242,1
35262248500,Jerry Jacobs,20731,Research in Higher Education,03610365,1
35262248500,Jerry Jacobs,21100810500,Social Sciences,20760760,1
35262248500,Jerry Jacobs,21101021489,Socius,23780231,1
35262248500,Jerry Jacobs,24228,Review of Social Economy,00346764,1
35262248500,Jerry Jacobs,25330,Rationality and Society,10434631,1
35262248500,Jerry Jacobs,26439,Social Science Quarterly,00384941,1
35262248500,Jerry Jacobs,26574,Annals of Internal Medicine,00034819,1
35262248500,Jerry Jacobs,28902,Family Relations,01976664,1
35262248500,Jerry Jacobs,37521,Journal of Occupational Medicine,00961736,1
35269412700,Stephen Morgan,13358,Sociology of Education,00380407,6
35269412700,Stephen Morgan,15735,Australian Journal of Politics and History,00049522,1
35269412700,Stephen Morgan,16929,American Sociological Review,00031224,2
35269412700,Stephen Morgan,17530,Social Forces,00377732,1
35269412700,Stephen Morgan,18090,Sociological Methodology,00811750,2
35269412700,Stephen Morgan,18091,Sociological Methods and Research,00491241,2
35269412700,Stephen Morgan,21100838541,Nature Human Behaviour,23973374,1
35269412700,Stephen Morgan,21100855741,Sociological Science,23306696,6
35269412700,Stephen Morgan,21100886215,Rsf,23778253,1
35269412700,Stephen Morgan,21101021489,Socius,23780231,4
35269412700,Stephen Morgan,23464,China Journal Canberra A C T,13249347,1
35269412700,Stephen Morgan,23465,China Quarterly,03057410,1
35269412700,Stephen Morgan,24733,American Behavioral Scientist,00027642,1
35269412700,Stephen Morgan,25330,Rationality and Society,10434631,1
35269412700,Stephen Morgan,26441,Social Science Research,0049089X,4
35269412700,Stephen Morgan,26926,African Studies Review,00020206,1
35269412700,Stephen Morgan,29013,Journal of Socio Economics,10535357,1
35269412700,Stephen Morgan,5600152957,American Journal of Criminal Justice,10662316,1
35269412700,Stephen Morgan,5800194481,Educational Researcher,0013189X,1
35279563000,Alexander L Janus,14427,European Sociological Review,02667215,1
35279563000,Alexander L Janus,144947,European Journal of Ageing,16139372,1
35279563000,Alexander L Janus,17530,Social Forces,00377732,1
35279563000,Alexander L Janus,26439,Social Science Quarterly,00384941,1
35279563000,Alexander L Janus,28098,BMC Health Services Research,14726963,1
35279563000,Alexander L Janus,4100151507,Research in Social Stratification and Mobility,02765624,1
35311785900,Tonya L. Putnam,17681,Contemporary Sociology,00943061,1
35311785900,Tonya L. Putnam,39139,International Organization,00208183,3
35311785900,Tonya L. Putnam,5700166959,Human Rights Review,15248879,1
35354727500,N. Derek Brown,110157,Physical Review D Particles Fields Gravitation and Cosmology,15507998,203
35354727500,N. Derek Brown,17368,IEEE Transactions on Nuclear Science,00189499,2
35354727500,N. Derek Brown,21100779241,Physical Review D,24700010,28
35354727500,N. Derek Brown,29067,Nuclear Instruments and Methods in Physics Research Section A Accelerators Spectrometers Detectors and Associated Equipment,01689002,27
35354727500,N. Derek Brown,29087,Nuclear Physics B Proceedings Supplements,09205632,1
35354727500,N. Derek Brown,29150,Physical Review Letters,00319007,281
35354727500,N. Derek Brown,29459,Physical Review D,05562821,52
35354727500,N. Derek Brown,29482,Physics Letters Section B Nuclear Elementary Particle and High Energy Physics,03702693,159
35354727500,N. Derek Brown,4900152808,Journal of Instrumentation,17480221,2
35354727500,N. Derek Brown,4900153107,Zeitschrift Fur Physik C Particles and Fields,01709739,26
35366361100,Dana Garbarski,12134,Journal of Official Statistics,0282423X,2
35366361100,Dana Garbarski,144989,International Journal of Environmental Research and Public Health,16617827,1
35366361100,Dana Garbarski,15559,American Politics Research,1532673X,1
35366361100,Dana Garbarski,15641,Journal of Family Issues,0192513X,1
35366361100,Dana Garbarski,15645,Journal of Health and Social Behavior,00221465,1
35366361100,Dana Garbarski,17732,Quality of Life Research,09629343,3
35366361100,Dana Garbarski,18090,Sociological Methodology,00811750,1
35366361100,Dana Garbarski,18103,Sociological Quarterly,00380253,1
35366361100,Dana Garbarski,18983,Social Science and Medicine,02779536,2
35366361100,Dana Garbarski,19621,BMC Public Health,14712458,1
35366361100,Dana Garbarski,21100443787,Ssm Population Health,23528273,2
35366361100,Dana Garbarski,21100456759,Journal of Graduate Medical Education,19498349,1
35366361100,Dana Garbarski,21100797724,Journal of Survey Statistics and Methodology,23250984,4
35366361100,Dana Garbarski,21100865122,Research and Politics,20531680,1
35366361100,Dana Garbarski,23574,Public Opinion Quarterly,0033362X,2
35366361100,Dana Garbarski,26439,Social Science Quarterly,00384941,1
35366361100,Dana Garbarski,26441,Social Science Research,0049089X,2
35366361100,Dana Garbarski,29561,Journals of Gerontology Series B Psychological Sciences and Social Sciences,10795014,1
35366361100,Dana Garbarski,30088,Journal of Social Issues,00224537,1
35366361100,Dana Garbarski,4700152270,State Politics and Policy Quarterly,15324400,1
35366361100,Dana Garbarski,4700152623,Applied Research in Quality of Life,18712584,1
35366361100,Dana Garbarski,5600155075,Field Methods,1525822X,1
35366361100,Dana Garbarski,5600155894,Advances in Life Course Research,15694909,1
35368470600,Matt Guardino,15555,American Journal of Political Science,00925853,1
35368470600,Matt Guardino,21100202907,International Journal of Communication,19328036,1
35368470600,Matt Guardino,22838,Political Communication,10584609,1
35368470600,Matt Guardino,22867,Political Research Quarterly,10659129,1
35368470600,Matt Guardino,5700152892,New Political Science,07393148,3
35368470600,Matt Guardino,5700167223,Critical Discourse Studies,17405904,1
35368545600,Austin Hart,13447,Comparative Political Studies,00104140,1
35368545600,Austin Hart,20333,Journal of Politics,00223816,3
35369308400,Emily Vraga,10300153306,International Journal of Press Politics,19401612,1
35369308400,Emily Vraga,10600153309,Plos One,19326203,1
35369308400,Emily Vraga,11600153484,Journalism Practice,17512786,1
35369308400,Emily Vraga,12100157009,Politics and Policy,15555623,1
35369308400,Emily Vraga,15386,Online Information Review,14684527,1
35369308400,Emily Vraga,15470,Journal of Environmental Psychology,02724944,1
35369308400,Emily Vraga,15613,Journal of Communication,00219916,2
35369308400,Emily Vraga,15916,Journal of Health Communication,10810730,2
35369308400,Emily Vraga,16306,New Media and Society,14614448,3
35369308400,Emily Vraga,17449,Science Communication,10755470,2
35369308400,Emily Vraga,17649,Communication Research,00936502,2
35369308400,Emily Vraga,18232,Journal of Computer Mediated Communication,10836101,1
35369308400,Emily Vraga,18916,Social Science Computer Review,08944393,1
35369308400,Emily Vraga,19419,Computers in Human Behavior,07475632,2
35369308400,Emily Vraga,19561,American Journal of Public Health,00900036,1
35369308400,Emily Vraga,19700170417,Journal of Information Technology and Politics,19331681,4
35369308400,Emily Vraga,19700176047,Cyberpsychology Behavior and Social Networking,21522715,3
35369308400,Emily Vraga,19700182745,Environmental Communication,17524032,1
35369308400,Emily Vraga,19700190349,Communication Methods and Measures,19312458,1
35369308400,Emily Vraga,19900192123,World Medical and Health Policy,21532028,2
35369308400,Emily Vraga,19936,Communication Theory,10503293,1
35369308400,Emily Vraga,200147110,Information Communication and Society,1369118X,4
35369308400,Emily Vraga,20228,Emerging Infectious Diseases,10806040,1
35369308400,Emily Vraga,20687,Journalism and Mass Communication Quarterly,10776990,4
35369308400,Emily Vraga,20970,Environmental Education Research,13504622,1
35369308400,Emily Vraga,21100202907,International Journal of Communication,19328036,3
35369308400,Emily Vraga,21100430187,Digital Journalism,21670811,1
35369308400,Emily Vraga,21100446014,Royal Society Open Science,20545703,1
35369308400,Emily Vraga,21100792085,Media and Communication,21832439,1
35369308400,Emily Vraga,21100837352,Social Media and Society,20563051,4
35369308400,Emily Vraga,21100860697,Journalism and Mass Communication Educator,10776958,2
35369308400,Emily Vraga,21100865122,Research and Politics,20531680,1
35369308400,Emily Vraga,21100911066,Communication and the Public,20570481,1
35369308400,Emily Vraga,21101030810,Jmir Public Health and Surveillance,23692960,1
35369308400,Emily Vraga,21101078232,Journal of Computational Social Science,24322717,1
35369308400,Emily Vraga,21101129622,Jmir Infodemiology,25641891,1
35369308400,Emily Vraga,21101158576,Harvard Kennedy School Misinformation Review,27661652,2
35369308400,Emily Vraga,21240,Newspaper Research Journal,07395329,1
35369308400,Emily Vraga,21376,Vaccine,0264410X,2
35369308400,Emily Vraga,21786,American Journal of Infection Control,01966553,1
35369308400,Emily Vraga,22460,Patient Education and Counseling,07383991,1
35369308400,Emily Vraga,22838,Political Communication,10584609,2
35369308400,Emily Vraga,24733,American Behavioral Scientist,00027642,1
35369308400,Emily Vraga,26439,Social Science Quarterly,00384941,1
35369308400,Emily Vraga,27063,American Journal of Preventive Medicine,07493797,1
35369308400,Emily Vraga,33982,Health Communication,10410236,4
35369308400,Emily Vraga,4700151740,Journal of Broadcasting and Electronic Media,08838151,5
35369308400,Emily Vraga,4700152728,Bulletin of the Atomic Scientists,00963402,1
35369308400,Emily Vraga,5600153585,Mass Communication and Society,15205436,7
35369308400,Emily Vraga,5700176815,Journalism,14648849,4
35515028500,Gary King,10600153309,Plos One,19326203,1
35515028500,Gary King,12094,Journal of the American Statistical Association,01621459,6
35515028500,Gary King,12137,Journal of Statistical Software,15487660,5
35515028500,Gary King,12400154748,Population Health Management,19427891,1
35515028500,Gary King,13447,Comparative Political Studies,00104140,1
35515028500,Gary King,13530,Journal of the Royal Statistical Society Series A Statistics in Society,09641998,1
35515028500,Gary King,14066,Library Trends,00242594,1
35515028500,Gary King,14188,Statistica Neerlandica,00390402,1
35515028500,Gary King,145558,Political Analysis,10471987,16
35515028500,Gary King,14756,Statistical Science,08834237,2
35515028500,Gary King,15528,Annals of the American Academy of Political and Social Science,00027162,1
35515028500,Gary King,15555,American Journal of Political Science,00925853,8
35515028500,Gary King,15557,American Political Science Review,00030554,10
35515028500,Gary King,15559,American Politics Research,1532673X,1
35515028500,Gary King,15819,Nature Medicine,10788956,2
35515028500,Gary King,15821,Journal of Policy Analysis and Management,02768739,1
35515028500,Gary King,16232,British Journal of Political Science,00071234,2
35515028500,Gary King,16590,Lancet,01406736,1
35515028500,Gary King,17575,Law Policy,02658240,1
35515028500,Gary King,18053,New York University Law Review,00287881,1
35515028500,Gary King,18091,Sociological Methods and Research,00491241,6
35515028500,Gary King,18916,Social Science Computer Review,08944393,2
35515028500,Gary King,19700182758,Nature Communications,20411723,1
35515028500,Gary King,20086,Statistics in Medicine,02776715,1
35515028500,Gary King,20333,Journal of Politics,00223816,1
35515028500,Gary King,21100255423,R Journal,20734859,1
35515028500,Gary King,21100838541,Nature Human Behaviour,23973374,1
35515028500,Gary King,21100903225,Eclinicalmedicine,25895370,2
35515028500,Gary King,21100935978,Frontiers in Education,2504284X,1
35515028500,Gary King,21101093357,Statistics Politics and Policy,21946299,1
35515028500,Gary King,21101226473,Plos Global Public Health,27673375,1
35515028500,Gary King,21121,Proceedings of the National Academy of Sciences of the United States of America,00278424,2
35515028500,Gary King,21307,Management Science,00251909,1
35515028500,Gary King,21461,International Journal for Equity in Health,14759276,1
35515028500,Gary King,21629,University of Chicago Law Review,00419494,1
35515028500,Gary King,22197,PS Political Science and Politics,10490965,8
35515028500,Gary King,22494,Population Health Metrics,14787954,2
35515028500,Gary King,22857,Political Geography,09626298,1
35515028500,Gary King,22889,Political Science Quarterly,00323195,1
35515028500,Gary King,23571,Science,00368075,3
35515028500,Gary King,23574,Public Opinion Quarterly,0033362X,2
35515028500,Gary King,23863,Journal of Computational and Graphical Statistics,10618600,1
35515028500,Gary King,25535,IEEE Transactions on Visualization and Computer Graphics,10772626,1
35515028500,Gary King,25725,World Politics,00438871,1
35515028500,Gary King,25847,International Studies Perspectives,15283577,1
35515028500,Gary King,25848,International Studies Quarterly,00208833,1
35515028500,Gary King,26361,Demographic Research,14359871,1
35515028500,Gary King,26365,Demography,00703370,2
35515028500,Gary King,26441,Social Science Research,0049089X,1
35515028500,Gary King,28979,Journal of Economic History,00220507,1
35515028500,Gary King,28980,Journal of Economic Perspectives,08953309,1
35515028500,Gary King,39139,International Organization,00208183,3
35515028500,Gary King,4000148701,Perspectives on Politics,15375927,1
35515028500,Gary King,4400151715,Stata Journal,1536867X,1
35515028500,Gary King,4700151726,Trials,17456215,1
35515028500,Gary King,5600152867,Historical Social Research,01726404,1
35559650200,Jacob N. Shapiro,11600153640,Quarterly Journal of Political Science,15540626,2
35559650200,Jacob N. Shapiro,12125,Behaviour and Information Technology,0144929X,1
35559650200,Jacob N. Shapiro,14432,Daedalus,00115266,1
35559650200,Jacob N. Shapiro,145558,Political Analysis,10471987,1
35559650200,Jacob N. Shapiro,145594,Military Operations Research,02755823,1
35559650200,Jacob N. Shapiro,14834,Journal of Development Economics,03043878,1
35559650200,Jacob N. Shapiro,15528,Annals of the American Academy of Political and Social Science,00027162,1
35559650200,Jacob N. Shapiro,15555,American Journal of Political Science,00925853,3
35559650200,Jacob N. Shapiro,15557,American Political Science Review,00030554,1
35559650200,Jacob N. Shapiro,15819,Nature Medicine,10788956,1
35559650200,Jacob N. Shapiro,17272,Defence and Peace Economics,10242694,1
35559650200,Jacob N. Shapiro,17496,Journal of Corporate Finance,09291199,1
35559650200,Jacob N. Shapiro,20048,Economica,00130427,1
35559650200,Jacob N. Shapiro,20333,Journal of Politics,00223816,1
35559650200,Jacob N. Shapiro,21100200805,Scientific Reports,20452322,2
35559650200,Jacob N. Shapiro,21100325067,Energy Research and Social Science,22146296,1
35559650200,Jacob N. Shapiro,21100457028,Science Advances,23752548,2
35559650200,Jacob N. Shapiro,21100865122,Research and Politics,20531680,1
35559650200,Jacob N. Shapiro,21100870919,Political Science Research and Methods,20498470,1
35559650200,Jacob N. Shapiro,21101158576,Harvard Kennedy School Misinformation Review,27661652,3
35559650200,Jacob N. Shapiro,21101186976,Pnas Nexus,27526542,1
35559650200,Jacob N. Shapiro,23571,Science,00368075,1
35559650200,Jacob N. Shapiro,23574,Public Opinion Quarterly,0033362X,1
35559650200,Jacob N. Shapiro,23861,Journal of Comparative Economics,01475967,1
35559650200,Jacob N. Shapiro,23894,Journal of Functional Analysis,00221236,1
35559650200,Jacob N. Shapiro,23930,Conflict Management and Peace Science,07388942,1
35559650200,Jacob N. Shapiro,24204,Review of Economics and Statistics,00346535,1
35559650200,Jacob N. Shapiro,24404,Journal of Political Economy,00223808,2
35559650200,Jacob N. Shapiro,25725,World Politics,00438871,1
35559650200,Jacob N. Shapiro,25835,International Security,01622889,2
35559650200,Jacob N. Shapiro,26362,Journal of Peace Research,00223433,2
35559650200,Jacob N. Shapiro,27663,Journal of Conflict Resolution,00220027,4
35559650200,Jacob N. Shapiro,28011,Security Studies,09636412,1
35559650200,Jacob N. Shapiro,28489,Economics and Politics,09541985,1
35559650200,Jacob N. Shapiro,28523,Terrorism and Political Violence,09546553,1
35559650200,Jacob N. Shapiro,29011,Journal of Risk and Uncertainty,08955646,1
35559650200,Jacob N. Shapiro,39139,International Organization,00208183,1
35559650200,Jacob N. Shapiro,4700152728,Bulletin of the Atomic Scientists,00963402,2
35559650200,Jacob N. Shapiro,5600153930,Small Wars and Insurgencies,09592318,1
35559650200,Jacob N. Shapiro,5600155013,Intelligence and National Security,02684527,1
35559650200,Jacob N. Shapiro,5700166959,Human Rights Review,15248879,1
35604457000,Spencer Piston,14000155895,Sociology Compass,17519020,1
35604457000,Spencer Piston,15557,American Political Science Review,00030554,1
35604457000,Spencer Piston,16114,Electoral Studies,02613794,1
35604457000,Spencer Piston,16232,British Journal of Political Science,00071234,1
35604457000,Spencer Piston,17785,Medical Care,00257079,1
35604457000,Spencer Piston,20333,Journal of Politics,00223816,4
35604457000,Spencer Piston,21100888814,Journal of Race Ethnicity and Politics,20566085,1
35604457000,Spencer Piston,21101136809,Current Research in Ecological and Social Psychology,26666227,1
35604457000,Spencer Piston,21121,Proceedings of the National Academy of Sciences of the United States of America,00278424,1
35604457000,Spencer Piston,22832,Political Behavior,01909320,4
35604457000,Spencer Piston,22838,Political Communication,10584609,1
35604457000,Spencer Piston,22856,Yale Law Journal,00440094,1
35604457000,Spencer Piston,22861,Political Psychology,0162895X,1
35604457000,Spencer Piston,27691,Journal of Public Policy,0143814X,2
35604457000,Spencer Piston,29643,Urban Affairs Review,10780874,1
35604457000,Spencer Piston,4000148701,Perspectives on Politics,15375927,1
35604457000,Spencer Piston,5700166187,Du Bois Review,1742058X,1
35605425800,Anthony Viera,10600153309,Plos One,19326203,1
35605425800,Anthony Viera,11600153423,American Journal of Men S Health,15579883,1
35605425800,Anthony Viera,12123,Behavioral Sciences and the Law,07353936,1
35605425800,Anthony Viera,12653,Nutrition Journal,14752891,1
35605425800,Anthony Viera,130115,Contemporary Clinical Trials,15517144,1
35605425800,Anthony Viera,13140,Epidemiologic Reviews,0193936X,1
35605425800,Anthony Viera,13266,American Journal of Ophthalmology,00029394,1
35605425800,Anthony Viera,13298,Family Medicine,07423225,5
35605425800,Anthony Viera,144654,Nutrition and Food Science,00346659,1
35605425800,Anthony Viera,14521,BMC Pediatrics,14712431,1
35605425800,Anthony Viera,14955,Clinical Pediatrics,00099228,1
35605425800,Anthony Viera,15094,Retina,0275004X,1
35605425800,Anthony Viera,15282,Journal of the American Academy of Physician Assistants,15471896,2
35605425800,Anthony Viera,15756,Pediatrics,00314005,1
35605425800,Anthony Viera,15847,New England Journal of Medicine,00284793,1
35605425800,Anthony Viera,15870,Journal of Clinical Investigation,00219738,1
35605425800,Anthony Viera,15908,Journal of Family Practice,00943509,4
35605425800,Anthony Viera,15915,Journal of Health Care for the Poor and Underserved,10492089,1
35605425800,Anthony Viera,15916,Journal of Health Communication,10810730,1
35605425800,Anthony Viera,17222,Mayo Clinic Proceedings,00256196,3
35605425800,Anthony Viera,17665,Preventive Medicine,00917435,1
35605425800,Anthony Viera,17800156772,International Journal of Workplace Health Management,17538351,1
35605425800,Anthony Viera,19054,Military Medicine,00264075,2
35605425800,Anthony Viera,19064,Resuscitation,03009572,1
35605425800,Anthony Viera,19447,Journal of the American Pharmacists Association,15443191,2
35605425800,Anthony Viera,19508,Southern Medical Journal,00384348,2
35605425800,Anthony Viera,19600166028,BMC Research Notes,17560500,1
35605425800,Anthony Viera,19621,BMC Public Health,14712458,5
35605425800,Anthony Viera,19700166401,Circulation Cardiovascular Quality and Outcomes,19417713,1
35605425800,Anthony Viera,19700201654,BMJ Case Reports,1757790X,2
35605425800,Anthony Viera,19800188003,BMJ Open,20446055,2
35605425800,Anthony Viera,20052,Medical Care Research and Review,10775587,1
35605425800,Anthony Viera,20577,World Journal of Urology,07244983,1
35605425800,Anthony Viera,21100198495,Journal of the Academy of Nutrition and Dietetics,22122672,1
35605425800,Anthony Viera,21100211738,European Journal of Preventive Cardiology,20474873,1
35605425800,Anthony Viera,21100228531,JAMA Ophthalmology,21686165,2
35605425800,Anthony Viera,21100244810,Fp Essentials,21593000,11
35605425800,Anthony Viera,21100246515,Journal of the American Heart Association,20479980,3
35605425800,Anthony Viera,21100372295,Preventive Medicine Reports,22113355,1
35605425800,Anthony Viera,21100390417,AMA Journal of Ethics,23766980,1
35605425800,Anthony Viera,21100826360,JAMA Cardiology,23806583,1
35605425800,Anthony Viera,21100856573,European Heart Journal Quality of Care and Clinical Outcomes,20585225,1
35605425800,Anthony Viera,21100932737,BMJ Open Quality,23996641,1
35605425800,Anthony Viera,21101063028,Frontiers in Sports and Active Living,26249367,1
35605425800,Anthony Viera,21101147415,American Heart Journal Plus Cardiology Research and Practice,26666022,1
35605425800,Anthony Viera,21376,Vaccine,0264410X,1
35605425800,Anthony Viera,22414,American Heart Journal,00028703,1
35605425800,Anthony Viera,22415,American Journal of Cardiology,00029149,1
35605425800,Anthony Viera,22420,American Journal of Hypertension,08957061,12
35605425800,Anthony Viera,22483,Atherosclerosis,00219150,2
35605425800,Anthony Viera,22492,Blood Pressure Monitoring,13595237,4
35605425800,Anthony Viera,23135,Current Hypertension Reports,15226417,1
35605425800,Anthony Viera,23183,European Heart Journal,0195668X,1
35605425800,Anthony Viera,23741,Hypertension,0194911X,12
35605425800,Anthony Viera,23853,Journal of Clinical Hypertension,15246175,11
35605425800,Anthony Viera,23877,Journal of Hypertension,02636352,5
35605425800,Anthony Viera,25584,Diabetologia,0012186X,1
35605425800,Anthony Viera,26643,Journal of General Internal Medicine,08848734,1
35605425800,Anthony Viera,27043,American Family Physician,0002838X,15
35605425800,Anthony Viera,27479,Annals of Family Medicine,15441709,1
35605425800,Anthony Viera,27630,Journal of Reproductive Medicine for the Obstetrician and Gynecologist,00247758,2
35605425800,Anthony Viera,27658,Maternal and Child Health Journal,10927875,1
35605425800,Anthony Viera,27902,Family Practice Management,10695648,2
35605425800,Anthony Viera,28098,BMC Health Services Research,14726963,3
35605425800,Anthony Viera,28099,BMC Medical Education,14726920,1
35605425800,Anthony Viera,28110,BMC Medical Research Methodology,14712288,1
35605425800,Anthony Viera,29747,Clinics in Family Practice,15225720,1
35605425800,Anthony Viera,29994,Appetite,01956663,1
35605425800,Anthony Viera,31445,American Journal of Medicine,00029343,1
35605425800,Anthony Viera,31458,Acupuncture in Medicine,09645284,1
35605425800,Anthony Viera,34441,BMC Complementary and Alternative Medicine,14726882,1
35605425800,Anthony Viera,4700151503,Journal of the American Board of Family Medicine,15572625,6
35605425800,Anthony Viera,500147005,Maternal and Child Nutrition,17408695,1
35605425800,Anthony Viera,5700165203,Journal of Cardiopulmonary Rehabilitation and Prevention,19327501,1
35605425800,Anthony Viera,5700191207,Journal of the American Society of Hypertension,19331711,4
35605425800,Anthony Viera,85291,JAMA Journal of the American Medical Association,00987484,2
35606385600,Mirta Galesic,10600153309,Plos One,19326203,2
35606385600,Mirta Galesic,12006,Journal of Vocational Behavior,00018791,1
35606385600,Mirta Galesic,12024,Applied Cognitive Psychology,08884080,2
35606385600,Mirta Galesic,12740,New Ideas in Psychology,0732118X,1
35606385600,Mirta Galesic,13378,Psicothema,02149915,1
35606385600,Mirta Galesic,13467,Psychological Review,0033295X,2
35606385600,Mirta Galesic,13468,Psychological Science,09567976,1
35606385600,Mirta Galesic,13602,Philosophical Transactions of the Royal Society of London Series B Biological Sciences,14712970,1
35606385600,Mirta Galesic,14277,Health Psychology,02786133,3
35606385600,Mirta Galesic,146223,Behavior Research Methods,1554351X,1
35606385600,Mirta Galesic,14896,International Journal of Psychology,00207594,1
35606385600,Mirta Galesic,15272,Spanish Journal of Psychology,11387416,1
35606385600,Mirta Galesic,15302,Studia Psychologica,00393320,1
35606385600,Mirta Galesic,15453,Journal of Cross Cultural Psychology,00220221,1
35606385600,Mirta Galesic,15476,Journal of Experimental Psychology Applied,1076898X,1
35606385600,Mirta Galesic,17792,Medical Decision Making,0272989X,5
35606385600,Mirta Galesic,18916,Social Science Computer Review,08944393,1
35606385600,Mirta Galesic,18983,Social Science and Medicine,02779536,1
35606385600,Mirta Galesic,19400157006,Judgment and Decision Making,19302975,2
35606385600,Mirta Galesic,19561,American Journal of Public Health,00900036,1
35606385600,Mirta Galesic,19700182323,Perspectives on Psychological Science,17456916,1
35606385600,Mirta Galesic,19700182758,Nature Communications,20411723,1
35606385600,Mirta Galesic,19774,International Journal of Public Opinion Research,09542892,2
35606385600,Mirta Galesic,19900191735,Topics in Cognitive Science,17568757,1
35606385600,Mirta Galesic,20537,Journal of Behavioral Decision Making,08943257,2
35606385600,Mirta Galesic,20550,Journal of Business Research,01482963,2
35606385600,Mirta Galesic,20885,Health Expectations,13696513,1
35606385600,Mirta Galesic,21100200805,Scientific Reports,20452322,1
35606385600,Mirta Galesic,21100216571,Frontiers in Psychology,16641078,1
35606385600,Mirta Galesic,21100397403,EPJ Data Science,21931127,1
35606385600,Mirta Galesic,21100457028,Science Advances,23752548,2
35606385600,Mirta Galesic,21100821132,Decision,23259965,2
35606385600,Mirta Galesic,21100838541,Nature Human Behaviour,23973374,3
35606385600,Mirta Galesic,21101186976,Pnas Nexus,27526542,2
35606385600,Mirta Galesic,21121,Proceedings of the National Academy of Sciences of the United States of America,00278424,3
35606385600,Mirta Galesic,22460,Patient Education and Counseling,07383991,3
35606385600,Mirta Galesic,23574,Public Opinion Quarterly,0033362X,2
35606385600,Mirta Galesic,23602,BMC Medical Informatics and Decision Making,14726947,1
35606385600,Mirta Galesic,25823,Complexity,10762787,1
35606385600,Mirta Galesic,26001,Drustvena Istrazivanja,13300288,1
35606385600,Mirta Galesic,26575,Archives of Internal Medicine,00039926,1
35606385600,Mirta Galesic,26643,Journal of General Internal Medicine,08848734,1
35606385600,Mirta Galesic,27663,Journal of Conflict Resolution,00220027,1
35606385600,Mirta Galesic,28945,Industrial and Corporate Change,09606491,1
35606385600,Mirta Galesic,29115,Physica A Statistical Mechanics and Its Applications,03784371,1
35606385600,Mirta Galesic,29424,Acta Psychologica,00016918,1
35606385600,Mirta Galesic,4700152304,European Journal of Work and Organizational Psychology,1359432X,1
35606385600,Mirta Galesic,51748,BMJ Clinical Research Ed,17561833,1
35606385600,Mirta Galesic,5600155075,Field Methods,1525822X,1
35606385600,Mirta Galesic,5800208235,Spatial Cognition and Computation,13875868,1
35725744600,Sarah E. Kreps,10600153309,Plos One,19326203,4
35725744600,Sarah E. Kreps,12372,Acta Astronautica,00945765,1
35725744600,Sarah E. Kreps,12915,Space Policy,02659646,1
35725744600,Sarah E. Kreps,145016,Defense and Security Analysis,14751798,1
35725744600,Sarah E. Kreps,14735,Government Information Quarterly,0740624X,1
35725744600,Sarah E. Kreps,15819,Nature Medicine,10788956,1
35725744600,Sarah E. Kreps,16306,New Media and Society,14614448,1
35725744600,Sarah E. Kreps,18437,European Journal of Political Research,03044130,1
35725744600,Sarah E. Kreps,18983,Social Science and Medicine,02779536,1
35725744600,Sarah E. Kreps,19877,Journal of Democracy,10455736,1
35725744600,Sarah E. Kreps,20333,Journal of Politics,00223816,1
35725744600,Sarah E. Kreps,21100335701,Vaccines,2076393X,1
35725744600,Sarah E. Kreps,21100457028,Science Advances,23752548,1
35725744600,Sarah E. Kreps,21100835891,Journal of Experimental Political Science,20522630,1
35725744600,Sarah E. Kreps,21100850730,Npj Vaccines,20590105,2
35725744600,Sarah E. Kreps,21100855505,Journal of Cybersecurity,20572085,1
35725744600,Sarah E. Kreps,21100865122,Research and Politics,20531680,3
35725744600,Sarah E. Kreps,21100900345,JAMA Network Open,25743805,1
35725744600,Sarah E. Kreps,21100933954,Big Data and Society,20539517,1
35725744600,Sarah E. Kreps,21101129622,Jmir Infodemiology,25641891,1
35725744600,Sarah E. Kreps,21101158576,Harvard Kennedy School Misinformation Review,27661652,1
35725744600,Sarah E. Kreps,21376,Vaccine,0264410X,2
35725744600,Sarah E. Kreps,23484,Polity,00323497,1
35725744600,Sarah E. Kreps,23528,Presidential Studies Quarterly,03604918,2
35725744600,Sarah E. Kreps,23574,Public Opinion Quarterly,0033362X,1
35725744600,Sarah E. Kreps,25725,World Politics,00438871,1
35725744600,Sarah E. Kreps,25835,International Security,01622889,1
35725744600,Sarah E. Kreps,25847,International Studies Perspectives,15283577,1
35725744600,Sarah E. Kreps,26362,Journal of Peace Research,00223433,2
35725744600,Sarah E. Kreps,26364,Journal of Strategic Studies,01402390,2
35725744600,Sarah E. Kreps,27025,Orbis,00304387,1
35725744600,Sarah E. Kreps,27663,Journal of Conflict Resolution,00220027,4
35725744600,Sarah E. Kreps,28011,Security Studies,09636412,1
35725744600,Sarah E. Kreps,5600155013,Intelligence and National Security,02684527,1
35725744600,Sarah E. Kreps,5700164288,Cambridge Review of International Affairs,09557571,1
35745930100,David Doherty,10600153309,Plos One,19326203,1
35745930100,David Doherty,12100156092,Journal of Political Science Education,15512169,1
35745930100,David Doherty,15555,American Journal of Political Science,00925853,2
35745930100,David Doherty,15557,American Political Science Review,00030554,1
35745930100,David Doherty,15559,American Politics Research,1532673X,10
35745930100,David Doherty,15931,Journal of Health Politics Policy and Law,03616878,1
35745930100,David Doherty,16232,British Journal of Political Science,00071234,1
35745930100,David Doherty,18103,Sociological Quarterly,00380253,1
35745930100,David Doherty,20333,Journal of Politics,00223816,4
35745930100,David Doherty,20444,Legislative Studies Quarterly,03629805,2
35745930100,David Doherty,20833,Health Affairs,02782715,2
35745930100,David Doherty,21100835891,Journal of Experimental Political Science,20522630,1
35745930100,David Doherty,21100865122,Research and Politics,20531680,1
35745930100,David Doherty,21100888814,Journal of Race Ethnicity and Politics,20566085,1
35745930100,David Doherty,21101186976,Pnas Nexus,27526542,1
35745930100,David Doherty,22197,PS Political Science and Politics,10490965,2
35745930100,David Doherty,22832,Political Behavior,01909320,5
35745930100,David Doherty,22867,Political Research Quarterly,10659129,1
35745930100,David Doherty,23574,Public Opinion Quarterly,0033362X,2
35745930100,David Doherty,26439,Social Science Quarterly,00384941,4
35745930100,David Doherty,4000149610,Politics,02633957,1
35745930100,David Doherty,4700152270,State Politics and Policy Quarterly,15324400,1
35745930100,David Doherty,5700165635,Journal of Elections Public Opinion and Parties,17457289,1
35759060800,Brendan Nyhan,145558,Political Analysis,10471987,1
35759060800,Brendan Nyhan,15357,Journal of Adolescent Health,1054139X,1
35759060800,Brendan Nyhan,15555,American Journal of Political Science,00925853,4
35759060800,Brendan Nyhan,15559,American Politics Research,1532673X,2
35759060800,Brendan Nyhan,15613,Journal of Communication,00219916,2
35759060800,Brendan Nyhan,15756,Pediatrics,00314005,1
35759060800,Brendan Nyhan,15931,Journal of Health Politics Policy and Law,03616878,1
35759060800,Brendan Nyhan,16114,Electoral Studies,02613794,1
35759060800,Brendan Nyhan,16232,British Journal of Political Science,00071234,3
35759060800,Brendan Nyhan,17785,Medical Care,00257079,1
35759060800,Brendan Nyhan,18500158100,Forum,15408884,2
35759060800,Brendan Nyhan,19700170417,Journal of Information Technology and Politics,19331681,1
35759060800,Brendan Nyhan,20333,Journal of Politics,00223816,2
35759060800,Brendan Nyhan,21100200805,Scientific Reports,20452322,1
35759060800,Brendan Nyhan,21100457028,Science Advances,23752548,4
35759060800,Brendan Nyhan,21100835891,Journal of Experimental Political Science,20522630,7
35759060800,Brendan Nyhan,21100838541,Nature Human Behaviour,23973374,6
35759060800,Brendan Nyhan,21100855741,Sociological Science,23306696,1
35759060800,Brendan Nyhan,21100865122,Research and Politics,20531680,7
35759060800,Brendan Nyhan,21100945900,Health Psychology and Behavioral Medicine,21642850,1
35759060800,Brendan Nyhan,21101158576,Harvard Kennedy School Misinformation Review,27661652,3
35759060800,Brendan Nyhan,21101186976,Pnas Nexus,27526542,3
35759060800,Brendan Nyhan,21103,Milbank Quarterly,0887378X,1
35759060800,Brendan Nyhan,21121,Proceedings of the National Academy of Sciences of the United States of America,00278424,7
35759060800,Brendan Nyhan,21206,Nature,00280836,2
35759060800,Brendan Nyhan,21376,Vaccine,0264410X,3
35759060800,Brendan Nyhan,22197,PS Political Science and Politics,10490965,2
35759060800,Brendan Nyhan,22832,Political Behavior,01909320,4
35759060800,Brendan Nyhan,22861,Political Psychology,0162895X,3
35759060800,Brendan Nyhan,22867,Political Research Quarterly,10659129,2
35759060800,Brendan Nyhan,23571,Science,00368075,5
35759060800,Brendan Nyhan,23611,Public Choice,00485829,1
35759060800,Brendan Nyhan,24197,Scientific American,00368733,1
35759060800,Brendan Nyhan,25987,Social Networks,03788733,1
35759060800,Brendan Nyhan,4000148701,Perspectives on Politics,15375927,1
35759060800,Brendan Nyhan,5700165635,Journal of Elections Public Opinion and Parties,17457289,1
35786862900,Christopher Weber,10600153309,Plos One,19326203,2
35786862900,Christopher Weber,11400153331,Mucosal Immunology,19330219,2
35786862900,Christopher Weber,12430,Molecular Cancer Research,15417786,1
35786862900,Christopher Weber,14024,Human Pathology,00468177,1
35786862900,Christopher Weber,14859,Biophysical Journal,15420086,2
35786862900,Christopher Weber,15048,FASEB Journal,08926638,1
35786862900,Christopher Weber,15800154704,Cancer Prevention Research,19406207,1
35786862900,Christopher Weber,15819,Nature Medicine,10788956,1
35786862900,Christopher Weber,15870,Journal of Clinical Investigation,00219738,2
35786862900,Christopher Weber,16807,Applied Immunohistochemistry and Molecular Morphology,15412016,1
35786862900,Christopher Weber,17219,Matrix Biology,0945053X,1
35786862900,Christopher Weber,17592,Journal of Biological Chemistry,00219258,5
35786862900,Christopher Weber,18406,Biochimica Et Biophysica Acta Biomembranes,00052736,1
35786862900,Christopher Weber,18555,Journal of Cell Biology,00219525,3
35786862900,Christopher Weber,18605,Molecular Biology of the Cell,10591524,1
35786862900,Christopher Weber,19700174677,Science Translational Medicine,19466234,3
35786862900,Christopher Weber,19700174916,Therapeutic Advances in Gastroenterology,1756283X,1
35786862900,Christopher Weber,19700174918,Clinical and Translational Science,17528054,1
35786862900,Christopher Weber,19700175861,Gut Microbes,19490976,1
35786862900,Christopher Weber,19700182758,Nature Communications,20411723,3
35786862900,Christopher Weber,19700188323,Nutrients,20726643,1
35786862900,Christopher Weber,19700188419,Cancers,20726694,1
35786862900,Christopher Weber,19700201211,Cell Death and Disease,20414889,1
35786862900,Christopher Weber,21100200805,Scientific Reports,20452322,1
35786862900,Christopher Weber,21100212318,Cancer Discovery,21598274,1
35786862900,Christopher Weber,21100242814,Elife,2050084X,5
35786862900,Christopher Weber,21100255109,Frontiers in Cellular and Infection Microbiology,22352988,1
35786862900,Christopher Weber,21100335701,Vaccines,2076393X,1
35786862900,Christopher Weber,21100386500,Cellular and Molecular Gastroenterology and Hepatology,2352345X,1
35786862900,Christopher Weber,21100428409,United European Gastroenterology Journal,20506406,1
35786862900,Christopher Weber,21101041955,Crohn S and Colitis 360,2631827X,1
35786862900,Christopher Weber,21101042930,Journal of Pancreatology,20965664,1
35786862900,Christopher Weber,21101212771,Annals of Internal Medicine Clinical Cases,27677664,1
35786862900,Christopher Weber,21121,Proceedings of the National Academy of Sciences of the United States of America,00278424,2
35786862900,Christopher Weber,21206,Nature,00280836,2
35786862900,Christopher Weber,21315,Nature Immunology,15292908,1
35786862900,Christopher Weber,21754,Annals of the New York Academy of Sciences,00778923,2
35786862900,Christopher Weber,22343,Infection and Immunity,00199567,1
35786862900,Christopher Weber,22401,Journal of the American College of Cardiology,07351097,1
35786862900,Christopher Weber,22581,Circulation,00097322,3
35786862900,Christopher Weber,23063,Circulation Research,00097330,4
35786862900,Christopher Weber,23306,American Journal of Physiology Cell Physiology,03636143,1
35786862900,Christopher Weber,23310,American Journal of Physiology Gastrointestinal and Liver Physiology,01931857,5
35786862900,Christopher Weber,23460,Journal of General Physiology,00221295,5
35786862900,Christopher Weber,23478,Journal of Physiology,00223751,1
35786862900,Christopher Weber,27062,American Journal of Pathology,00029440,1
35786862900,Christopher Weber,27085,American Journal of Surgical Pathology,01475185,2
35786862900,Christopher Weber,27242,Laboratory Investigation,00236837,3
35786862900,Christopher Weber,27825,American Journal of Gastroenterology,00029270,1
35786862900,Christopher Weber,28273,Clinical Gastroenterology and Hepatology,15423565,2
35786862900,Christopher Weber,28300,Digestive Diseases and Sciences,01632116,2
35786862900,Christopher Weber,28330,Gastroenterology,00165085,2
35786862900,Christopher Weber,28350,Gastrointestinal Endoscopy,00165107,2
35786862900,Christopher Weber,28366,Gut,00175749,2
35786862900,Christopher Weber,28387,Inflammatory Bowel Diseases,10780998,7
35786862900,Christopher Weber,28747,BMC Cancer,14712407,1
35786862900,Christopher Weber,29990,American Journal of Clinical Nutrition,00029165,1
35786862900,Christopher Weber,4000151810,Plos Computational Biology,1553734X,1
35786862900,Christopher Weber,5800173382,Isme Journal,17517362,1
35786862900,Christopher Weber,9500154109,Journal of Crohn S and Colitis,18739946,2
35810646800,Emma E. McGinty,10600153309,Plos One,19326203,4
35810646800,Emma E. McGinty,110175,Psychiatric Services Washington D C,15579700,20
35810646800,Emma E. McGinty,11300153406,Disability and Health Journal,19366574,1
35810646800,Emma E. McGinty,11300153503,Journal of Correctional Health Care,10783458,1
35810646800,Emma E. McGinty,12123,Behavioral Sciences and the Law,07353936,1
35810646800,Emma E. McGinty,12538,European Journal of Clinical Nutrition,09543007,1
35810646800,Emma E. McGinty,130114,Journal of Dual Diagnosis,15504263,1
35810646800,Emma E. McGinty,130115,Contemporary Clinical Trials,15517144,2
35810646800,Emma E. McGinty,13356,Health Economics United Kingdom,10579230,1
35810646800,Emma E. McGinty,13377,Health Services and Outcomes Research Methodology,13873741,1
35810646800,Emma E. McGinty,13408,Health Services Research,00179124,2
35810646800,Emma E. McGinty,14045,Psychology Public Policy and Law,10768971,1
35810646800,Emma E. McGinty,14260,BMC Psychiatry,1471244X,2
35810646800,Emma E. McGinty,14432,Daedalus,00115266,1
35810646800,Emma E. McGinty,144840,Plos Medicine,15491277,1
35810646800,Emma E. McGinty,144989,International Journal of Environmental Research and Public Health,16617827,1
35810646800,Emma E. McGinty,14838,Canadian Journal of Psychiatry,07067437,1
35810646800,Emma E. McGinty,15054,Injury Prevention,13538047,4
35810646800,Emma E. McGinty,15665,General Hospital Psychiatry,01638343,4
35810646800,Emma E. McGinty,15756,Pediatrics,00314005,3
35810646800,Emma E. McGinty,15847,New England Journal of Medicine,00284793,2
35810646800,Emma E. McGinty,15931,Journal of Health Politics Policy and Law,03616878,4
35810646800,Emma E. McGinty,16203,International Review of Psychiatry,09540261,1
35810646800,Emma E. McGinty,16244,Journal of Law Medicine and Ethics,10731105,3
35810646800,Emma E. McGinty,16448,Journal of Urban Health,10993460,1
35810646800,Emma E. McGinty,16734,Journal of Nervous and Mental Disease,00223018,1
35810646800,Emma E. McGinty,17664,American Journal of Psychiatry,0002953X,1
35810646800,Emma E. McGinty,17665,Preventive Medicine,00917435,19
35810646800,Emma E. McGinty,17785,Medical Care,00257079,2
35810646800,Emma E. McGinty,18684,Psychiatric Annals,00485713,1
35810646800,Emma E. McGinty,18701,Psychiatric Rehabilitation Journal,1095158X,1
35810646800,Emma E. McGinty,18983,Social Science and Medicine,02779536,1
35810646800,Emma E. McGinty,19353,Schizophrenia Bulletin,05867614,1
35810646800,Emma E. McGinty,19561,American Journal of Public Health,00900036,5
35810646800,Emma E. McGinty,19621,BMC Public Health,14712458,1
35810646800,Emma E. McGinty,20122,Women S Health Issues,10493867,1
35810646800,Emma E. McGinty,20228,Emerging Infectious Diseases,10806040,2
35810646800,Emma E. McGinty,20814,Harm Reduction Journal,14777517,1
35810646800,Emma E. McGinty,20833,Health Affairs,02782715,9
35810646800,Emma E. McGinty,21100198495,Journal of the Academy of Nutrition and Dietetics,22122672,1
35810646800,Emma E. McGinty,21100202907,International Journal of Communication,19328036,1
35810646800,Emma E. McGinty,21100216569,Frontiers in Psychiatry,16640640,5
35810646800,Emma E. McGinty,21100228546,JAMA Internal Medicine,21686106,1
35810646800,Emma E. McGinty,21100892509,Cannabis and Cannabinoid Research,23788763,1
35810646800,Emma E. McGinty,21100900345,JAMA Network Open,25743805,12
35810646800,Emma E. McGinty,21100947283,Journal of Clinical and Translational Science,20598661,1
35810646800,Emma E. McGinty,21100967335,Jmir Research Protocols,19290748,1
35810646800,Emma E. McGinty,21101034398,American Journal of Obstetrics and Gynecology Mfm,25899333,1
35810646800,Emma E. McGinty,21101088431,Antimicrobial Stewardship and Healthcare Epidemiology,2732494X,1
35810646800,Emma E. McGinty,21101120622,JAMA Health Forum,26890186,4
35810646800,Emma E. McGinty,21101165565,Implementation Science Communications,26622211,2
35810646800,Emma E. McGinty,21101308467,Health Affairs Scholar,29765390,9
35810646800,Emma E. McGinty,21103,Milbank Quarterly,0887378X,2
35810646800,Emma E. McGinty,21267,Journal of Allergy and Clinical Immunology,00916749,1
35810646800,Emma E. McGinty,21905,Journal of Public Health Management and Practice,10784659,1
35810646800,Emma E. McGinty,21945,Substance Use and Misuse,10826084,1
35810646800,Emma E. McGinty,21948,Regional Anesthesia and Pain Medicine,10987339,1
35810646800,Emma E. McGinty,22538,Public Health Reports,00333549,1
35810646800,Emma E. McGinty,22894,Research Evaluation,09582029,1
35810646800,Emma E. McGinty,23019,Prevention Science,13894986,1
35810646800,Emma E. McGinty,24469,Child Maltreatment,10775595,1
35810646800,Emma E. McGinty,24745,Addiction,09652140,1
35810646800,Emma E. McGinty,25290,International Journal of Drug Policy,09553959,4
35810646800,Emma E. McGinty,25334,Journal of Substance Abuse Treatment,07405472,1
35810646800,Emma E. McGinty,26380,Drug and Alcohol Dependence,03768716,5
35810646800,Emma E. McGinty,26382,Drug and Alcohol Review,09595236,1
35810646800,Emma E. McGinty,26574,Annals of Internal Medicine,00034819,3
35810646800,Emma E. McGinty,26613,Administration and Policy in Mental Health and Mental Health Services Research,0894587X,2
35810646800,Emma E. McGinty,26643,Journal of General Internal Medicine,08848734,6
35810646800,Emma E. McGinty,27063,American Journal of Preventive Medicine,07493797,8
35810646800,Emma E. McGinty,27473,Annals of Behavioral Medicine,08836612,2
35810646800,Emma E. McGinty,27997,Public Health Nutrition,13689800,1
35810646800,Emma E. McGinty,28098,BMC Health Services Research,14726963,1
35810646800,Emma E. McGinty,29291,Community Mental Health Journal,00103853,1
35810646800,Emma E. McGinty,29492,American Psychologist,0003066X,1
35810646800,Emma E. McGinty,29615,Health Education Research,02681153,1
35810646800,Emma E. McGinty,29989,Journal of the American Dietetic Association,00028223,1
35810646800,Emma E. McGinty,4700152825,Obesity,19307381,1
35810646800,Emma E. McGinty,5000160303,Psychiatric Times,08932905,1
35810646800,Emma E. McGinty,5600157619,Obesity Research and Clinical Practice,1871403X,1
35810646800,Emma E. McGinty,5700191210,Implementation Science,17485908,3
35848730100,Shana Kushner Gadarian,10600153309,Plos One,19326203,2
35848730100,Shana Kushner Gadarian,12807,Personality and Individual Differences,01918869,1
35848730100,Shana Kushner Gadarian,145558,Political Analysis,10471987,1
35848730100,Shana Kushner Gadarian,15555,American Journal of Political Science,00925853,1
35848730100,Shana Kushner Gadarian,15645,Journal of Health and Social Behavior,00221465,1
35848730100,Shana Kushner Gadarian,15931,Journal of Health Politics Policy and Law,03616878,1
35848730100,Shana Kushner Gadarian,18500158100,Forum Germany,15408884,1
35848730100,Shana Kushner Gadarian,18983,Social Science and Medicine,02779536,2
35848730100,Shana Kushner Gadarian,20333,Journal of Politics,00223816,2
35848730100,Shana Kushner Gadarian,21100835891,Journal of Experimental Political Science,20522630,1
35848730100,Shana Kushner Gadarian,21100840020,Perspectives on Terrorism,23343745,1
35848730100,Shana Kushner Gadarian,21100870919,Political Science Research and Methods,20498470,1
35848730100,Shana Kushner Gadarian,21103,Milbank Quarterly,0887378X,1
35848730100,Shana Kushner Gadarian,22191,Genetics in Medicine,10983600,1
35848730100,Shana Kushner Gadarian,22832,Political Behavior,01909320,2
35848730100,Shana Kushner Gadarian,22838,Political Communication,10584609,1
35848730100,Shana Kushner Gadarian,22861,Political Psychology,0162895X,3
35848730100,Shana Kushner Gadarian,23574,Public Opinion Quarterly,0033362X,1
35848730100,Shana Kushner Gadarian,26481,Society,01472011,1
35848730100,Shana Kushner Gadarian,29643,Urban Affairs Review,10780874,1
35848730100,Shana Kushner Gadarian,4000148701,Perspectives on Politics,15375927,1
35849422800,Elizabeth N. Simas,15555,American Journal of Political Science,00925853,1
35849422800,Elizabeth N. Simas,15557,American Political Science Review,00030554,1
35849422800,Elizabeth N. Simas,15559,American Politics Research,1532673X,1
35849422800,Elizabeth N. Simas,16114,Electoral Studies,02613794,3
35849422800,Elizabeth N. Simas,20333,Journal of Politics,00223816,4
35849422800,Elizabeth N. Simas,21100835891,Journal of Experimental Political Science,20522630,1
35849422800,Elizabeth N. Simas,21100865122,Research and Politics,20531680,1
35849422800,Elizabeth N. Simas,21100870919,Political Science Research and Methods,20498470,2
35849422800,Elizabeth N. Simas,22197,PS Political Science and Politics,10490965,1
35849422800,Elizabeth N. Simas,22832,Political Behavior,01909320,4
35849422800,Elizabeth N. Simas,22861,Political Psychology,0162895X,1
35849422800,Elizabeth N. Simas,22867,Political Research Quarterly,10659129,1
35849422800,Elizabeth N. Simas,23574,Public Opinion Quarterly,0033362X,3
35849422800,Elizabeth N. Simas,5700166179,Politics and Gender,1743923X,1
35849422800,Elizabeth N. Simas,67863,Party Politics,13540688,1
35894398600,Gary C. Jacobson,15528,Annals of the American Academy of Political and Social Science,00027162,2
35894398600,Gary C. Jacobson,15557,American Political Science Review,00030554,3
35894398600,Gary C. Jacobson,16114,Electoral Studies,02613794,3
35894398600,Gary C. Jacobson,20333,Journal of Politics,00223816,5
35894398600,Gary C. Jacobson,22197,PS Political Science Politics,10490965,2
35894398600,Gary C. Jacobson,22889,Political Science Quarterly,00323195,12
35894398600,Gary C. Jacobson,23528,Presidential Studies Quarterly,03604918,17
35894398600,Gary C. Jacobson,23574,Public Opinion Quarterly,0033362X,2
35894398600,Gary C. Jacobson,23611,Public Choice,00485829,1
35894398600,Gary C. Jacobson,24733,American Behavioral Scientist,00027642,1
35894398600,Gary C. Jacobson,4700152270,State Politics and Policy Quarterly,15324400,2
35894398600,Gary C. Jacobson,5800169166,Congress and the Presidency,07343469,1
35917888400,Eleanor Singer,12024,Applied Cognitive Psychology,08884080,1
35917888400,Eleanor Singer,12134,Journal of Official Statistics,0282423X,2
35917888400,Eleanor Singer,15528,Annals of the American Academy of Political and Social Science,00027162,1
35917888400,Eleanor Singer,15559,American Politics Research,1532673X,1
35917888400,Eleanor Singer,15613,Journal of Communication,00219916,1
35917888400,Eleanor Singer,15645,Journal of Health and Social Behavior,00221465,1
35917888400,Eleanor Singer,16270,Archives of Physical Medicine and Rehabilitation,00039993,1
35917888400,Eleanor Singer,16929,American Sociological Review,00031224,2
35917888400,Eleanor Singer,17792,Medical Decision Making,0272989X,5
35917888400,Eleanor Singer,17800156703,Journal of Empirical Research on Human Research Ethics,15562646,2
35917888400,Eleanor Singer,18091,Sociological Methods and Research,00491241,1
35917888400,Eleanor Singer,18916,Social Science Computer Review,08944393,1
35917888400,Eleanor Singer,18983,Social Science and Medicine,00377856,1
35917888400,Eleanor Singer,19391,Social Indicators Research,03038300,2
35917888400,Eleanor Singer,19545,AIDS Education and Prevention,08999546,1
35917888400,Eleanor Singer,19561,American Journal of Public Health,00900036,3
35917888400,Eleanor Singer,19774,International Journal of Public Opinion Research,09542892,5
35917888400,Eleanor Singer,20877,Health Education Behavior,10901981,1
35917888400,Eleanor Singer,20885,Health Expectations,13696513,1
35917888400,Eleanor Singer,21100256106,Survey Research Methods,18643361,1
35917888400,Eleanor Singer,21100797724,Journal of Survey Statistics and Methodology,23250984,2
35917888400,Eleanor Singer,21309,AIDS,02699370,1
35917888400,Eleanor Singer,22167,Genetic Testing,10906576,1
35917888400,Eleanor Singer,22899,Journal of Consumer Research,00935301,2
35917888400,Eleanor Singer,23574,Public Opinion Quarterly,0033362X,26
35917888400,Eleanor Singer,24763,Addictive Behaviors,03064603,1
35917888400,Eleanor Singer,26441,Social Science Research,0049089X,1
35917888400,Eleanor Singer,27387,Population Research and Policy Review,01675923,1
35917888400,Eleanor Singer,30227,IRB A Review of Human Subjects Research,01937758,1
35917888400,Eleanor Singer,40581,Journal of Chronic Diseases,00219681,2
35973462400,Vesla M. Weaver,13936,Journal of Urban Affairs,07352166,1
35973462400,Vesla M. Weaver,14432,Daedalus,00115266,1
35973462400,Vesla M. Weaver,15528,Annals of the American Academy of Political and Social Science,00027162,2
35973462400,Vesla M. Weaver,15557,American Political Science Review,00030554,1
35973462400,Vesla M. Weaver,17530,Social Forces,00377732,1
35973462400,Vesla M. Weaver,20333,Journal of Politics,00223816,1
35973462400,Vesla M. Weaver,21100888814,Journal of Race Ethnicity and Politics,20566085,1
35973462400,Vesla M. Weaver,21599,Studies in American Political Development,0898588X,1
35973462400,Vesla M. Weaver,22832,Political Behavior,01909320,1
35973462400,Vesla M. Weaver,23571,Science,00368075,1
35973462400,Vesla M. Weaver,26124,Ethnic and Racial Studies,01419870,1
35973462400,Vesla M. Weaver,26439,Social Science Quarterly,00384941,1
35973462400,Vesla M. Weaver,4000148701,Perspectives on Politics,15375927,2
35975857200,Ryan Enos,10600153309,Plos One,19326203,1
35975857200,Ryan Enos,145558,Political Analysis,10471987,1
35975857200,Ryan Enos,15555,American Journal of Political Science,00925853,1
35975857200,Ryan Enos,15557,American Political Science Review,00030554,4
35975857200,Ryan Enos,16232,British Journal of Political Science,00071234,1
35975857200,Ryan Enos,20333,Journal of Politics,00223816,2
35975857200,Ryan Enos,21100217634,Journal of Empirical Legal Studies,17401453,1
35975857200,Ryan Enos,21100457028,Science Advances,23752548,1
35975857200,Ryan Enos,21100835891,Journal of Experimental Political Science,20522630,1
35975857200,Ryan Enos,21100838541,Nature Human Behaviour,23973374,1
35975857200,Ryan Enos,21100870919,Political Science Research and Methods,20498470,1
35975857200,Ryan Enos,21121,Proceedings of the National Academy of Sciences of the United States of America,00278424,3
35975857200,Ryan Enos,22889,Political Science Quarterly,00323195,1
35975857200,Ryan Enos,26439,Social Science Quarterly,00384941,1
35976307100,Seth J. Hill,10600153309,Plos One,19326203,3
35976307100,Seth J. Hill,11600153640,Quarterly Journal of Political Science,15540626,1
35976307100,Seth J. Hill,145558,Political Analysis,10471987,1
35976307100,Seth J. Hill,15555,American Journal of Political Science,00925853,2
35976307100,Seth J. Hill,15557,American Political Science Review,00030554,3
35976307100,Seth J. Hill,16114,Electoral Studies,02613794,2
35976307100,Seth J. Hill,16232,British Journal of Political Science,00071234,1
35976307100,Seth J. Hill,20333,Journal of Politics,00223816,3
35976307100,Seth J. Hill,20444,Legislative Studies Quarterly,03629805,1
35976307100,Seth J. Hill,21100427853,Politics and Governance,21832463,1
35976307100,Seth J. Hill,21100457028,Science Advances,23752548,2
35976307100,Seth J. Hill,21100465147,Election Law Journal Rules Politics and Policy,15331296,1
35976307100,Seth J. Hill,21100835891,Journal of Experimental Political Science,20522630,2
35976307100,Seth J. Hill,21100837257,College Teaching,87567555,1
35976307100,Seth J. Hill,21100865122,Research and Politics,20531680,1
35976307100,Seth J. Hill,21100870919,Political Science Research and Methods,20498470,2
35976307100,Seth J. Hill,21101186976,Pnas Nexus,27526542,1
35976307100,Seth J. Hill,21121,Proceedings of the National Academy of Sciences of the United States of America,00278424,2
35976307100,Seth J. Hill,22832,Political Behavior,01909320,2
35976307100,Seth J. Hill,22838,Political Communication,10584609,1
35976307100,Seth J. Hill,22861,Political Psychology,0162895X,1
35976307100,Seth J. Hill,23574,Public Opinion Quarterly,0033362X,1
35976307100,Seth J. Hill,23611,Public Choice,00485829,1
35976307100,Seth J. Hill,25494,Southern Economic Journal,00384038,1
35976307100,Seth J. Hill,25725,World Politics,00438871,1
36018867400,Rochelle Terman,130158,British Journal of Politics and International Relations,13691481,1
36018867400,Rochelle Terman,15557,American Political Science Review,00030554,1
36018867400,Rochelle Terman,18699,Theory Culture Society,02632764,1
36018867400,Rochelle Terman,25722,World Policy Journal,07402775,1
36018867400,Rochelle Terman,25848,International Studies Quarterly,00208833,3
36018867400,Rochelle Terman,27663,Journal of Conflict Resolution,00220027,1
36018867400,Rochelle Terman,4700152638,Review of International Organizations,15597431,1
36018867400,Rochelle Terman,5700160451,Politics and Religion,17550483,1
36019824600,Christopher Devine,12100156092,Journal of Political Science Education,15512169,1
36019824600,Christopher Devine,15593,Journal of Asian and African Studies,00219096,1
36019824600,Christopher Devine,16114,Electoral Studies,02613794,1
36019824600,Christopher Devine,18500158100,Forum Germany,15408884,2
36019824600,Christopher Devine,21100255401,Sage Open,21582440,1
36019824600,Christopher Devine,22197,PS Political Science and Politics,10490965,1
36019824600,Christopher Devine,22832,Political Behavior,01909320,2
36019824600,Christopher Devine,22861,Political Psychology,0162895X,1
36019824600,Christopher Devine,23528,Presidential Studies Quarterly,03604918,4
36019824600,Christopher Devine,5700162015,Public Integrity,10999922,1
36019824600,Christopher Devine,5700165635,Journal of Elections Public Opinion and Parties,17457289,1
36091233000,Christopher D. Johnston,11600153640,Quarterly Journal of Political Science,15540626,1
36091233000,Christopher D. Johnston,15555,American Journal of Political Science,00925853,3
36091233000,Christopher D. Johnston,15559,American Politics Research,1532673X,1
36091233000,Christopher D. Johnston,16114,Electoral Studies,02613794,1
36091233000,Christopher D. Johnston,17591,Law and Society Review,00239216,1
36091233000,Christopher D. Johnston,20333,Journal of Politics,00223816,1
36091233000,Christopher D. Johnston,21100838541,Nature Human Behaviour,23973374,1
36091233000,Christopher D. Johnston,22832,Political Behavior,01909320,1
36091233000,Christopher D. Johnston,22861,Political Psychology,0162895X,5
36091233000,Christopher D. Johnston,22867,Political Research Quarterly,10659129,1
36091233000,Christopher D. Johnston,23574,Public Opinion Quarterly,0033362X,5
36091233000,Christopher D. Johnston,28955,Justice System Journal,0098261X,1
36091233000,Christopher D. Johnston,4700152270,State Politics and Policy Quarterly,15324400,1
36097540600,Aldo Cimino,15500154703,Evolutionary Psychology,14747049,2
36097540600,Aldo Cimino,21100451649,Evolutionary Behavioral Sciences,23302925,1
36097540600,Aldo Cimino,21503,Evolution and Human Behavior,10905138,3
36097540600,Aldo Cimino,27067,Human Nature,10456767,1
36097540600,Aldo Cimino,29412,Group and Organization Management,10596011,1
36097540600,Aldo Cimino,30039,Journal of Personality and Social Psychology,00223514,1
36097540600,Aldo Cimino,4700152736,Journal of School Violence,15388220,1
36098660800,Sarah Vaala,12057,Media Psychology,15213269,2
36098660800,Sarah Vaala,12100156106,Journal of Children and Media,17482798,3
36098660800,Sarah Vaala,12717,Journal of Nutrition Education and Behavior,14994046,1
36098660800,Sarah Vaala,14493,Archives of Pediatrics and Adolescent Medicine,10724710,1
36098660800,Sarah Vaala,14820,Infant and Child Development,15227227,1
36098660800,Sarah Vaala,15916,Journal of Health Communication,10810730,1
36098660800,Sarah Vaala,17649,Communication Research,00936502,1
36098660800,Sarah Vaala,19635,Teaching and Learning in Medicine,10401334,1
36098660800,Sarah Vaala,21759,Journal of Consumer Affairs,00220078,1
36098660800,Sarah Vaala,21905,Journal of Public Health Management and Practice,10784659,1
36098660800,Sarah Vaala,23600,Journal of the American Medical Informatics Association,10675027,2
36098660800,Sarah Vaala,24733,American Behavioral Scientist,00027642,2
36098660800,Sarah Vaala,25545,Diabetes Technology and Therapeutics,15209156,1
36098660800,Sarah Vaala,4700151740,Journal of Broadcasting and Electronic Media,08838151,1
36182144200,Aneeta Rattan,10600153309,Plos One,19326203,1
36182144200,Aneeta Rattan,12811,Personality and Social Psychology Bulletin,01461672,5
36182144200,Aneeta Rattan,12817,Personnel Psychology,00315826,1
36182144200,Aneeta Rattan,13468,Psychological Science,09567976,3
36182144200,Aneeta Rattan,14117,European Journal of Social Psychology,00462772,1
36182144200,Aneeta Rattan,14130,Research in Organizational Behavior,01913085,1
36182144200,Aneeta Rattan,14946,Group Processes and Intergroup Relations,13684302,1
36182144200,Aneeta Rattan,15388,Journal of Applied Psychology,00219010,2
36182144200,Aneeta Rattan,15453,Journal of Cross Cultural Psychology,00220221,1
36182144200,Aneeta Rattan,15478,Journal of Experimental Psychology General,00963445,2
36182144200,Aneeta Rattan,15499,Journal of Experimental Social Psychology,00221031,2
36182144200,Aneeta Rattan,19700182323,Perspectives on Psychological Science,17456916,1
36182144200,Aneeta Rattan,19900192137,Social and Personality Psychology Compass,17519004,1
36182144200,Aneeta Rattan,19900193555,Social Psychological and Personality Science,19485506,3
36182144200,Aneeta Rattan,21100850511,London Business School Review,20571607,4
36182144200,Aneeta Rattan,21121,Proceedings of the National Academy of Sciences of the United States of America,00278424,1
36182144200,Aneeta Rattan,30039,Journal of Personality and Social Psychology,00223514,6
36182856700,Eran N. Ben-Porath,11600153403,Disaster Medicine and Public Health Preparedness,19357893,1
36182856700,Eran N. Ben-Porath,11600153484,Journalism Practice,17512786,1
36182856700,Eran N. Ben-Porath,13408,Health Services Research,00179124,1
36182856700,Eran N. Ben-Porath,13900154714,Influenza and Other Respiratory Viruses,17502640,1
36182856700,Eran N. Ben-Porath,15613,Journal of Communication,00219916,1
36182856700,Eran N. Ben-Porath,19558,Journal of Women S Health,15409996,2
36182856700,Eran N. Ben-Porath,19621,BMC Public Health,14712458,1
36182856700,Eran N. Ben-Porath,19936,Communication Theory,10503293,1
36182856700,Eran N. Ben-Porath,20612,Journal of Food Safety,01496085,1
36182856700,Eran N. Ben-Porath,20833,Health Affairs,02782715,2
36182856700,Eran N. Ben-Porath,21100215166,Journal of Obesity,20900708,1
36182856700,Eran N. Ben-Porath,21100438328,Health Security,23265094,5
36182856700,Eran N. Ben-Porath,21376,Vaccine,0264410X,2
36182856700,Eran N. Ben-Porath,22471,Lancet Infectious Diseases,14733099,2
36182856700,Eran N. Ben-Porath,2700147401,Journal of Immigrant and Minority Health,15571912,1
36342940900,Emily Shafer,130173,Community Work and Family,13668803,1
36342940900,Emily Shafer,15641,Journal of Family Issues,0192513X,2
36342940900,Emily Shafer,15653,Journal of Marriage and Family,00222445,2
36342940900,Emily Shafer,17530,Social Forces,00377732,1
36342940900,Emily Shafer,18877,Monthly Labor Review,00981818,1
36342940900,Emily Shafer,23636,Gender Issues,1098092X,2
36342940900,Emily Shafer,26361,Demographic Research,14359871,1
36342940900,Emily Shafer,26365,Demography,00703370,1
36342940900,Emily Shafer,27058,American Journal of Epidemiology,00029262,1
36342940900,Emily Shafer,27063,American Journal of Preventive Medicine,07493797,1
36342940900,Emily Shafer,27658,Maternal and Child Health Journal,10927875,1
36489724400,Katja Kleinberg,20333,Journal of Politics,00223816,1
36489724400,Katja Kleinberg,25794,International Interactions,03050629,1
36489724400,Katja Kleinberg,25848,International Studies Quarterly,00208833,2
36489724400,Katja Kleinberg,27663,Journal of Conflict Resolution,00220027,2
36489724400,Katja Kleinberg,39139,International Organization,00208183,2
36489724400,Katja Kleinberg,5800191489,Foreign Policy Analysis,17438586,3
36514321500,Kathleen Denny,14925,Gender and Society,08912432,1
36514321500,Kathleen Denny,15641,Journal of Family Issues,0192513X,1
36514321500,Kathleen Denny,15653,Journal of Marriage and Family,00222445,3
36514321500,Kathleen Denny,18086,Sociological Inquiry,00380245,1
36514321500,Kathleen Denny,19700170283,Fathering,15376680,1
36519360000,Yotam Margalit,13447,Comparative Political Studies,00104140,2
36519360000,Yotam Margalit,13448,Comparative Politics,00104159,1
36519360000,Yotam Margalit,145558,Political Analysis,10471987,1
36519360000,Yotam Margalit,15555,American Journal of Political Science,00925853,7
36519360000,Yotam Margalit,15557,American Political Science Review,00030554,4
36519360000,Yotam Margalit,16232,British Journal of Political Science,00071234,4
36519360000,Yotam Margalit,18437,European Journal of Political Research,03044130,1
36519360000,Yotam Margalit,20333,Journal of Politics,00223816,5
36519360000,Yotam Margalit,20749,European Economic Review,00142921,1
36519360000,Yotam Margalit,21100870919,Political Science Research and Methods,20498470,2
36519360000,Yotam Margalit,21121,Proceedings of the National Academy of Sciences of the United States of America,00278424,1
36519360000,Yotam Margalit,22197,PS Political Science and Politics,10490965,1
36519360000,Yotam Margalit,23666,International Economic Review,00206598,1
36519360000,Yotam Margalit,24393,Journal of International Economics,00221996,1
36519360000,Yotam Margalit,25848,International Studies Quarterly,00208833,1
36519360000,Yotam Margalit,28980,Journal of Economic Perspectives,08953309,1
36519360000,Yotam Margalit,39139,International Organization,00208183,1
36598128600,Justin de Benedictis-Kessner,15555,American Journal of Political Science,00925853,1
36598128600,Justin de Benedictis-Kessner,15557,American Political Science Review,00030554,3
36598128600,Justin de Benedictis-Kessner,17500155126,Attention Perception and Psychophysics,19433921,1
36598128600,Justin de Benedictis-Kessner,19600161828,Public Transport,1866749X,1
36598128600,Justin de Benedictis-Kessner,20333,Journal of Politics,00223816,4
36598128600,Justin de Benedictis-Kessner,21100457028,Science Advances,23752548,1
36598128600,Justin de Benedictis-Kessner,21100870919,Political Science Research and Methods,20498470,3
36598128600,Justin de Benedictis-Kessner,21101259366,Journal of Political Institutions and Political Economy,26894815,1
36598128600,Justin de Benedictis-Kessner,21121,Proceedings of the National Academy of Sciences of the United States of America,00278424,1
36598128600,Justin de Benedictis-Kessner,22832,Political Behavior,01909320,2
36598128600,Justin de Benedictis-Kessner,22838,Political Communication,10584609,1
36618122200,Abigail Sussman,12061,Memory and Cognition,0090502X,1
36618122200,Abigail Sussman,12857,Cognition,00100277,3
36618122200,Abigail Sussman,13468,Psychological Science,09567976,1
36618122200,Abigail Sussman,15476,Journal of Experimental Psychology Applied,1076898X,1
36618122200,Abigail Sussman,15478,Journal of Experimental Psychology General,00963445,1
36618122200,Abigail Sussman,15499,Journal of Experimental Social Psychology,00221031,3
36618122200,Abigail Sussman,17500,Journal of Finance,00221082,2
36618122200,Abigail Sussman,19700182323,Perspectives on Psychological Science,17456916,1
36618122200,Abigail Sussman,19900193555,Social Psychological and Personality Science,19485506,2
36618122200,Abigail Sussman,20537,Journal of Behavioral Decision Making,08943257,2
36618122200,Abigail Sussman,21100200805,Scientific Reports,20452322,1
36618122200,Abigail Sussman,21100886228,Policy Insights from the Behavioral and Brain Sciences,23727322,1
36618122200,Abigail Sussman,21101186976,Pnas Nexus,27526542,1
36618122200,Abigail Sussman,21121,Proceedings of the National Academy of Sciences of the United States of America,00278424,2
36618122200,Abigail Sussman,21759,Journal of Consumer Affairs,00220078,1
36618122200,Abigail Sussman,22899,Journal of Consumer Research,00935301,3
36618122200,Abigail Sussman,22951,Journal of Marketing,00222429,2
36618122200,Abigail Sussman,22961,Journal of Marketing Research,00222437,3
36618122200,Abigail Sussman,23865,Journal of Economic Behavior and Organization,01672681,1
36618122200,Abigail Sussman,24204,Review of Economics and Statistics,00346535,1
36630155500,Thomas R. Hochschild Jr.,13954,Journal of Urban Planning and Development,07339488,1
36630155500,Thomas R. Hochschild Jr.,15619,Journal of Contemporary Ethnography,08912416,1
36630155500,Thomas R. Hochschild Jr.,18109,Sociological Spectrum,02732173,1
36630155500,Thomas R. Hochschild Jr.,18675,Teaching Sociology,0092055X,1
36630155500,Thomas R. Hochschild Jr.,24470,Childhood,09075682,1
36630155500,Thomas R. Hochschild Jr.,26437,Social Science Journal,03623319,1
36707086900,Emily Beaulieu,13447,Comparative Political Studies,00104140,2
36707086900,Emily Beaulieu,16114,Electoral Studies,02613794,2
36707086900,Emily Beaulieu,19088,Governance,09521895,2
36707086900,Emily Beaulieu,20333,Journal of Politics,00223816,1
36707086900,Emily Beaulieu,21100835891,Journal of Experimental Political Science,20522630,1
36707086900,Emily Beaulieu,22197,PS Political Science and Politics,10490965,2
36707086900,Emily Beaulieu,22867,Political Research Quarterly,10659129,1
36707086900,Emily Beaulieu,39139,International Organization,00208183,1
36707086900,Emily Beaulieu,5700166179,Politics and Gender,1743923X,1
36710399500,Kjersten Nelson,15559,American Politics Research,1532673X,3
36710399500,Kjersten Nelson,21100888814,Journal of Race Ethnicity and Politics,20566085,1
36710399500,Kjersten Nelson,22832,Political Behavior,01909320,1
36710399500,Kjersten Nelson,22867,Political Research Quarterly,10659129,1
36710399500,Kjersten Nelson,24359,Women S Studies International Forum,02775395,1
36710399500,Kjersten Nelson,26437,Social Science Journal,03623319,1
36710399500,Kjersten Nelson,26439,Social Science Quarterly,00384941,1
36710399500,Kjersten Nelson,28933,Judicature,00225800,1
36710399500,Kjersten Nelson,5700166179,Politics and Gender,1743923X,1
36713552500,Jennifer A. Heerwig,13600,Georgetown Law Journal,00168092,1
36713552500,Jennifer A. Heerwig,16926,American Journal of Sociology,00029602,1
36713552500,Jennifer A. Heerwig,17560,Social Problems,00377791,1
36713552500,Jennifer A. Heerwig,18084,Sociological Forum,08848971,1
36713552500,Jennifer A. Heerwig,18103,Sociological Quarterly,00380253,1
36713552500,Jennifer A. Heerwig,19774,International Journal of Public Opinion Research,09542892,1
36713552500,Jennifer A. Heerwig,21100448080,Interest Groups and Advocacy,20477414,1
36713552500,Jennifer A. Heerwig,21100465147,Election Law Journal Rules Politics and Policy,15331296,1
36713552500,Jennifer A. Heerwig,21101021489,Socius,23780231,1
36713552500,Jennifer A. Heerwig,26365,Demography,00703370,1
36713552500,Jennifer A. Heerwig,26439,Social Science Quarterly,00384941,1
36713552500,Jennifer A. Heerwig,26441,Social Science Research,0049089X,2
36713552500,Jennifer A. Heerwig,29643,Urban Affairs Review,10780874,1
36766861800,Christy Aroopala,20350,Journal of Theoretical Politics,09516298,1
36766861800,Christy Aroopala,22832,Political Behavior,01909320,1
36802811600,Elise Tak,17530,Social Forces,00377732,1
36802811600,Elise Tak,21101041823,Strategy Science,23332050,1
36931126000,Cigdem V. Sirin,16562,Armed Forces and Society,0095327X,1
36931126000,Cigdem V. Sirin,19774,International Journal of Public Opinion Research,09542892,1
36931126000,Cigdem V. Sirin,19951,International Journal of Conflict Management,10444068,2
36931126000,Cigdem V. Sirin,20333,Journal of Politics,00223816,1
36931126000,Cigdem V. Sirin,22832,Political Behavior,01909320,1
36931126000,Cigdem V. Sirin,22861,Political Psychology,0162895X,1
36931126000,Cigdem V. Sirin,23528,Presidential Studies Quarterly,03604918,2
36931126000,Cigdem V. Sirin,24733,American Behavioral Scientist,00027642,1
36931126000,Cigdem V. Sirin,25833,International Political Science Review,01925121,1
36931126000,Cigdem V. Sirin,25848,International Studies Quarterly,00208833,1
36931126000,Cigdem V. Sirin,28523,Terrorism and Political Violence,09546553,1
36931126000,Cigdem V. Sirin,5600152808,Acta Politica,00016810,1
36931126000,Cigdem V. Sirin,5600155969,Civil Wars,13698249,1
36931126000,Cigdem V. Sirin,5700162123,Turkish Studies,14683849,1
36931126000,Cigdem V. Sirin,5700166179,Politics and Gender,1743923X,1
36951310100,Seth K. Goldman,14929,Global Networks,14702266,1
36951310100,Seth K. Goldman,14946,Group Processes and Intergroup Relations,13684302,1
36951310100,Seth K. Goldman,15555,American Journal of Political Science,00925853,2
36951310100,Seth K. Goldman,19774,International Journal of Public Opinion Research,09542892,1
36951310100,Seth K. Goldman,20333,Journal of Politics,00223816,2
36951310100,Seth K. Goldman,21100870919,Political Science Research and Methods,20498470,1
36951310100,Seth K. Goldman,22197,PS Political Science and Politics,10490965,1
36951310100,Seth K. Goldman,22838,Political Communication,10584609,2
36951310100,Seth K. Goldman,22861,Political Psychology,0162895X,1
36951310100,Seth K. Goldman,22867,Political Research Quarterly,10659129,2
36951310100,Seth K. Goldman,23574,Public Opinion Quarterly,0033362X,1
36951343500,Keisha Cutright,14075,Emotion,15283542,1
36951343500,Keisha Cutright,15478,Journal of Experimental Psychology General,00963445,1
36951343500,Keisha Cutright,19900193555,Social Psychological and Personality Science,19485506,1
36951343500,Keisha Cutright,21101021052,Journal of the Association for Consumer Research,23781815,1
36951343500,Keisha Cutright,21121,Proceedings of the National Academy of Sciences of the United States of America,00278424,1
36951343500,Keisha Cutright,22899,Journal of Consumer Research,00935301,7
36951343500,Keisha Cutright,22951,Journal of Marketing,00222429,1
36951343500,Keisha Cutright,22961,Journal of Marketing Research,00222437,3
36951343500,Keisha Cutright,23714,Marketing Science,07322399,1
36951343500,Keisha Cutright,28181,Journal of Consumer Psychology,10577408,2
36960029800,Basak Senova,13892,International Journal of Urban and Regional Research,03091317,1
36960029800,Basak Senova,5700155425,Communication Research Reports,08824096,1
36998347400,Asia A. Eaton,1100147103,Analyses of Social Issues and Public Policy,15297489,1
36998347400,Asia A. Eaton,12006,Journal of Vocational Behavior,00018791,1
36998347400,Asia A. Eaton,12024,Applied Cognitive Psychology,08884080,1
36998347400,Asia A. Eaton,12675,International Journal of Eating Disorders,02763478,1
36998347400,Asia A. Eaton,12807,Personality and Individual Differences,01918869,1
36998347400,Asia A. Eaton,12811,Personality and Social Psychology Bulletin,01461672,1
36998347400,Asia A. Eaton,14031,Psychology of Men and Masculinity,15249220,1
36998347400,Asia A. Eaton,14035,Psychology of Women Quarterly,03616843,5
36998347400,Asia A. Eaton,14230,Cultural Diversity and Ethnic Minority Psychology,10999809,1
36998347400,Asia A. Eaton,14236,Culture Health and Sexuality,13691058,2
36998347400,Asia A. Eaton,144965,Employee Responsibilities and Rights Journal,08927545,1
36998347400,Asia A. Eaton,14798,Sex Roles,03600025,5
36998347400,Asia A. Eaton,15371,Journal of Adolescent Research,07435584,1
36998347400,Asia A. Eaton,15373,Journal of Aggression Maltreatment and Trauma,10926771,1
36998347400,Asia A. Eaton,15388,Journal of Applied Psychology,00219010,2
36998347400,Asia A. Eaton,15391,Journal of Black Psychology,00957984,1
36998347400,Asia A. Eaton,15430,Journal of Community Psychology,00904392,1
36998347400,Asia A. Eaton,18300156710,European Review of Social Psychology,10463283,1
36998347400,Asia A. Eaton,18777,Violence Against Women,10778012,2
36998347400,Asia A. Eaton,18778,Violence and Victims,08866708,1
36998347400,Asia A. Eaton,19400158483,Social Issues and Policy Review,17512395,1
36998347400,Asia A. Eaton,19419,Computers in Human Behavior,07475632,2
36998347400,Asia A. Eaton,19700176047,Cyberpsychology Behavior and Social Networking,21522715,2
36998347400,Asia A. Eaton,19700186336,Psychology of Violence,21520828,2
36998347400,Asia A. Eaton,19900193855,Revista De Psicologia Del Trabajo Y De Las Organizaciones,15765962,1
36998347400,Asia A. Eaton,20374,Journal of Interpersonal Violence,08862605,1
36998347400,Asia A. Eaton,21100228034,Journal of Student Affairs Research and Practice,19496591,1
36998347400,Asia A. Eaton,21100830172,Psychology of Sexual Orientation and Gender Diversity,23290382,1
36998347400,Asia A. Eaton,21100886228,Policy Insights from the Behavioral and Brain Sciences,23727322,1
36998347400,Asia A. Eaton,21100938252,Journal of Women and Gender in Higher Education,26379112,1
36998347400,Asia A. Eaton,24451,Child Abuse and Neglect,01452134,1
36998347400,Asia A. Eaton,26613,Administration and Policy in Mental Health and Mental Health Services Research,0894587X,1
36998347400,Asia A. Eaton,27562,Archives of Sexual Behavior,15732800,1
36998347400,Asia A. Eaton,28902,Family Relations,01976664,1
36998347400,Asia A. Eaton,29492,American Psychologist,0003066X,2
36998347400,Asia A. Eaton,30020,Journal of Organizational Behavior,08943796,1
36998347400,Asia A. Eaton,30073,Journal of Research in Personality,00926566,1
36998347400,Asia A. Eaton,30084,Journal of Sex Research,00224499,1
36998347400,Asia A. Eaton,30088,Journal of Social Issues,00224537,2
36998347400,Asia A. Eaton,4700152835,American Journal of Sexuality Education,15546128,1
36998347400,Asia A. Eaton,5700166815,Sexuality Research and Social Policy,18689884,1
36998347400,Asia A. Eaton,6500153248,Victims and Offenders,15564886,1
37037666000,Melissa Knoll,15653,Journal of Marriage and Family,00222445,1
37037666000,Melissa Knoll,16835,Social Security Bulletin,00377910,3
37037666000,Melissa Knoll,20537,Journal of Behavioral Decision Making,08943257,1
37037666000,Melissa Knoll,21101215218,Financial Planning Review,25738615,1
37037666000,Melissa Knoll,21121,Proceedings of the National Academy of Sciences of the United States of America,00278424,1
37037666000,Melissa Knoll,21759,Journal of Consumer Affairs,00220078,2
37037666000,Melissa Knoll,29561,Journals of Gerontology Series B Psychological Sciences and Social Sciences,10795014,1
37039829000,Amy E. Lerman,130146,Journal of Experimental Criminology,15733750,1
37039829000,Amy E. Lerman,147233,Punishment and Society,14624745,3
37039829000,Amy E. Lerman,15528,Annals of the American Academy of Political and Social Science,00027162,2
37039829000,Amy E. Lerman,15557,American Political Science Review,00030554,2
37039829000,Amy E. Lerman,15559,American Politics Research,1532673X,1
37039829000,Amy E. Lerman,17585,Law and Social Inquiry,08976546,2
37039829000,Amy E. Lerman,17591,Law and Society Review,00239216,1
37039829000,Amy E. Lerman,17700156740,Journal of Diversity in Higher Education,19388926,1
37039829000,Amy E. Lerman,19625,Crime and Delinquency,00111287,1
37039829000,Amy E. Lerman,19664,Criminal Justice and Behavior,00938548,1
37039829000,Amy E. Lerman,20333,Journal of Politics,00223816,1
37039829000,Amy E. Lerman,22810,British Journal of Criminology,00070955,1
37039829000,Amy E. Lerman,22832,Political Behavior,01909320,1
37039829000,Amy E. Lerman,22861,Political Psychology,0162895X,1
37039829000,Amy E. Lerman,23574,Public Opinion Quarterly,0033362X,2
37039829000,Amy E. Lerman,26124,Ethnic and Racial Studies,01419870,1
37039829000,Amy E. Lerman,4000148701,Perspectives on Politics,15375927,1
37039829000,Amy E. Lerman,5700164129,Criminal Justice Studies,1478601X,1
37063497400,Kevin Mullinix,130146,Journal of Experimental Criminology,15733750,1
37063497400,Kevin Mullinix,15559,American Politics Research,1532673X,1
37063497400,Kevin Mullinix,21100835891,Journal of Experimental Political Science,20522630,1
37063497400,Kevin Mullinix,21121,Proceedings of the National Academy of Sciences of the United States of America,00278424,1
37063497400,Kevin Mullinix,22197,PS Political Science and Politics,10490965,1
37063497400,Kevin Mullinix,22786,Policy Studies Journal,0190292X,2
37063497400,Kevin Mullinix,22832,Political Behavior,01909320,4
37063497400,Kevin Mullinix,22838,Political Communication,10584609,1
37063497400,Kevin Mullinix,22867,Political Research Quarterly,10659129,4
37063497400,Kevin Mullinix,23528,Presidential Studies Quarterly,03604918,1
37063497400,Kevin Mullinix,26439,Social Science Quarterly,00384941,1
37063497400,Kevin Mullinix,28465,Economic Development Quarterly,08912424,1
37063497400,Kevin Mullinix,4700152270,State Politics and Policy Quarterly,15324400,1
37107583800,Maureen Alyson Craig,10600153309,Plos One,19326203,1
37107583800,Maureen Alyson Craig,12807,Personality and Individual Differences,01918869,1
37107583800,Maureen Alyson Craig,12811,Personality and Social Psychology Bulletin,01461672,4
37107583800,Maureen Alyson Craig,13468,Psychological Science,09567976,2
37107583800,Maureen Alyson Craig,13477,Current Directions in Psychological Science,09637214,2
37107583800,Maureen Alyson Craig,14432,Daedalus,00115266,1
37107583800,Maureen Alyson Craig,14823,Social Cognition,0278016X,1
37107583800,Maureen Alyson Craig,14946,Group Processes and Intergroup Relations,13684302,1
37107583800,Maureen Alyson Craig,14980,Humor,09331719,2
37107583800,Maureen Alyson Craig,15478,Journal of Experimental Psychology General,00963445,1
37107583800,Maureen Alyson Craig,15499,Journal of Experimental Social Psychology,00221031,3
37107583800,Maureen Alyson Craig,15528,Annals of the American Academy of Political and Social Science,00027162,1
37107583800,Maureen Alyson Craig,19400158483,Social Issues and Policy Review,17512395,1
37107583800,Maureen Alyson Craig,19900193555,Social Psychological and Personality Science,19485506,1
37107583800,Maureen Alyson Craig,21100838541,Nature Human Behaviour,23973374,1
37107583800,Maureen Alyson Craig,21101046404,Advances in Methods and Practices in Psychological Science,25152459,1
37107583800,Maureen Alyson Craig,21101159371,Nature Reviews Psychology,27310574,1
37107583800,Maureen Alyson Craig,21121,Proceedings of the National Academy of Sciences of the United States of America,00278424,1
37107583800,Maureen Alyson Craig,22861,Political Psychology,0162895X,1
37107583800,Maureen Alyson Craig,23571,Science,00368075,1
37107583800,Maureen Alyson Craig,30039,Journal of Personality and Social Psychology,00223514,2
39962148200,Celia Paris,20333,Journal of Politics,00223816,1
39962148200,Celia Paris,20444,Legislative Studies Quarterly,03629805,1
39962148200,Celia Paris,4000148701,Perspectives on Politics,15375927,1
40661245400,Hanna Grol-Prokopczyk,10600153309,Plos One,19326203,2
40661245400,Hanna Grol-Prokopczyk,12100155324,Qualitative Sociology Review,17338077,1
40661245400,Hanna Grol-Prokopczyk,12100157016,International Journal of Law Crime and Justice,17560616,1
40661245400,Hanna Grol-Prokopczyk,13222,European Journal of Pain United Kingdom,10903801,1
40661245400,Hanna Grol-Prokopczyk,15645,Journal of Health and Social Behavior,00221465,3
40661245400,Hanna Grol-Prokopczyk,15987,Journal of Pain,15265900,3
40661245400,Hanna Grol-Prokopczyk,17665,Preventive Medicine,00917435,1
40661245400,Hanna Grol-Prokopczyk,17732,Quality of Life Research,09629343,1
40661245400,Hanna Grol-Prokopczyk,18148,Pain,03043959,8
40661245400,Hanna Grol-Prokopczyk,18500161700,Pain Medicine United States,15262375,1
40661245400,Hanna Grol-Prokopczyk,18983,Social Science and Medicine,02779536,3
40661245400,Hanna Grol-Prokopczyk,19700201448,Critical Studies on Terrorism,17539153,2
40661245400,Hanna Grol-Prokopczyk,19841,Social Psychiatry and Psychiatric Epidemiology,09337954,1
40661245400,Hanna Grol-Prokopczyk,20357,Journal of Criminal Law and Criminology,00914169,1
40661245400,Hanna Grol-Prokopczyk,21100256106,Survey Research Methods,18643361,1
40661245400,Hanna Grol-Prokopczyk,21100443787,Ssm Population Health,23528273,1
40661245400,Hanna Grol-Prokopczyk,21100773741,Journal of Policing Intelligence and Counter Terrorism,18335330,1
40661245400,Hanna Grol-Prokopczyk,21100929312,Criminology Criminal Justice Law and Society,2332886X,1
40661245400,Hanna Grol-Prokopczyk,21101041612,Lancet Healthy Longevity,26667568,1
40661245400,Hanna Grol-Prokopczyk,21101048248,Innovation in Aging,23995300,2
40661245400,Hanna Grol-Prokopczyk,21101082055,Lancet Regional Health Americas,2667193X,1
40661245400,Hanna Grol-Prokopczyk,21101097039,Sociology of Race and Ethnicity,23326492,1
40661245400,Hanna Grol-Prokopczyk,21101183408,Dialogues in Health,27726533,1
40661245400,Hanna Grol-Prokopczyk,26361,Demographic Research,14359871,1
40661245400,Hanna Grol-Prokopczyk,26365,Demography,00703370,2
40661245400,Hanna Grol-Prokopczyk,29070,Gerontologist,00169013,1
40661245400,Hanna Grol-Prokopczyk,29189,Journal of Aging and Health,08982643,3
40661245400,Hanna Grol-Prokopczyk,29559,Journals of Gerontology Series A Biological Sciences and Medical Sciences,10795006,1
40661245400,Hanna Grol-Prokopczyk,29561,Journals of Gerontology Series B Psychological Sciences and Social Sciences,10795014,5
41461060900,Annelies Blom,12134,Journal of Official Statistics,0282423X,2
41461060900,Annelies Blom,13530,Journal of the Royal Statistical Society Series A Statistics in Society,09641998,3
41461060900,Annelies Blom,14424,European Societies,14616696,1
41461060900,Annelies Blom,18091,Sociological Methods and Research,00491241,3
41461060900,Annelies Blom,18916,Social Science Computer Review,08944393,6
41461060900,Annelies Blom,18983,Social Science and Medicine,02779536,1
41461060900,Annelies Blom,19419,Computers in Human Behavior,07475632,1
41461060900,Annelies Blom,19774,International Journal of Public Opinion Research,09542892,1
41461060900,Annelies Blom,21100256106,Survey Research Methods,18643361,4
41461060900,Annelies Blom,21100797724,Journal of Survey Statistics and Methodology,23250984,4
41461060900,Annelies Blom,21100798718,Frontiers in Public Health,22962565,1
41461060900,Annelies Blom,21100886407,European Policy Analysis,23806567,1
41461060900,Annelies Blom,22819,International Journal of Market Research,14707853,1
41461060900,Annelies Blom,23709,Journal of Medical Internet Research,14388871,1
41461060900,Annelies Blom,5600155075,Field Methods,1525822X,1
43061682700,Vanessa Williamson,15559,American Politics Research,1532673X,1
43061682700,Vanessa Williamson,16023,Dissent,00123846,1
43061682700,Vanessa Williamson,22197,PS Political Science and Politics,10490965,1
43061682700,Vanessa Williamson,23528,Presidential Studies Quarterly,03604918,1
47361532000,Judd R. Thornton,15557,American Political Science Review,00030554,1
47361532000,Judd R. Thornton,15559,American Politics Research,1532673X,3
47361532000,Judd R. Thornton,16114,Electoral Studies,02613794,4
47361532000,Judd R. Thornton,18437,European Journal of Political Research,03044130,1
47361532000,Judd R. Thornton,18916,Social Science Computer Review,08944393,1
47361532000,Judd R. Thornton,20333,Journal of Politics,00223816,1
47361532000,Judd R. Thornton,21100865122,Research and Politics,20531680,1
47361532000,Judd R. Thornton,21100870919,Political Science Research and Methods,20498470,1
47361532000,Judd R. Thornton,21100888814,Journal of Race Ethnicity and Politics,20566085,2
47361532000,Judd R. Thornton,22832,Political Behavior,01909320,4
47361532000,Judd R. Thornton,22861,Political Psychology,0162895X,3
47361532000,Judd R. Thornton,22867,Political Research Quarterly,10659129,2
47361532000,Judd R. Thornton,23574,Public Opinion Quarterly,0033362X,1
47361532000,Judd R. Thornton,26439,Social Science Quarterly,00384941,2
47361532000,Judd R. Thornton,67863,Party Politics,13540688,2
49861890200,Kenneth S. Michniewicz,10900153311,Musicae Scientiae,10298649,1
49861890200,Kenneth S. Michniewicz,11600153423,American Journal of Men S Health,15579883,1
49861890200,Kenneth S. Michniewicz,14798,Sex Roles,03600025,1
49861890200,Kenneth S. Michniewicz,15499,Journal of Experimental Social Psychology,00221031,1
49861890200,Kenneth S. Michniewicz,19700188900,Social Psychology,18649335,1
49861890200,Kenneth S. Michniewicz,21100444326,Masculinities and Social Change,20143605,1
49861890200,Kenneth S. Michniewicz,21100830172,Psychology of Sexual Orientation and Gender Diversity,23290382,1
49861890200,Kenneth S. Michniewicz,21100932758,Women S Reproductive Health,23293691,1
49861890200,Kenneth S. Michniewicz,30039,Journal of Personality and Social Psychology,00223514,1
51565431700,Aimee Chabot,130115,Contemporary Clinical Trials,15517144,1
51565431700,Aimee Chabot,14798,Sex Roles,03600025,1
51964515100,Carl Palmer,15559,American Politics Research,1532673X,2
51964515100,Carl Palmer,20333,Journal of Politics,00223816,2
51964515100,Carl Palmer,21101077280,Frontiers in Political Science,26733145,1
51964515100,Carl Palmer,22867,Political Research Quarterly,10659129,1
51964515100,Carl Palmer,23442,Politics and the Life Sciences,07309384,1
51964515100,Carl Palmer,25272,International Journal on Minority and Group Rights,13854879,1
51964515100,Carl Palmer,26439,Social Science Quarterly,00384941,1
51964515100,Carl Palmer,5700165635,Journal of Elections Public Opinion and Parties,17457289,1
51964515100,Carl Palmer,5700166179,Politics and Gender,1743923X,1
51964515100,Carl Palmer,5800191489,Foreign Policy Analysis,17438586,1
52364621600,John Parmer,15434,Biosecurity and Bioterrorism,15387135,1
52364621600,John Parmer,19700169402,Progress in Community Health Partnerships Research Education and Action,15570541,1
52364621600,John Parmer,21317,Health Promotion Practice,15248399,1
52364621600,John Parmer,22538,Public Health Reports,00333549,1
52364621600,John Parmer,27115,American Journal of Nursing,0002936X,1
52364621600,John Parmer,33982,Health Communication,10410236,1
52364621600,John Parmer,5800179609,Global Public Health,17441692,1
53867729700,Stephanie Edgerly,12100156106,Journal of Children and Media,17482798,1
53867729700,Stephanie Edgerly,15528,Annals of the American Academy of Political and Social Science,00027162,2
53867729700,Stephanie Edgerly,15613,Journal of Communication,00219916,2
53867729700,Stephanie Edgerly,16306,New Media and Society,14614448,2
53867729700,Stephanie Edgerly,17649,Communication Research,00936502,2
53867729700,Stephanie Edgerly,19700170417,Journal of Information Technology and Politics,19331681,3
53867729700,Stephanie Edgerly,19700176047,Cyberpsychology Behavior and Social Networking,21522715,1
53867729700,Stephanie Edgerly,19700187607,Journalism Studies,1461670X,4
53867729700,Stephanie Edgerly,200147110,Information Communication and Society,1369118X,2
53867729700,Stephanie Edgerly,20687,Journalism and Mass Communication Quarterly,10776990,4
53867729700,Stephanie Edgerly,21100202907,International Journal of Communication,19328036,2
53867729700,Stephanie Edgerly,21100430187,Digital Journalism,21670811,4
53867729700,Stephanie Edgerly,21100860697,Journalism and Mass Communication Educator,10776958,1
53867729700,Stephanie Edgerly,22838,Political Communication,10584609,1
53867729700,Stephanie Edgerly,24733,American Behavioral Scientist,00027642,1
53867729700,Stephanie Edgerly,4700151740,Journal of Broadcasting and Electronic Media,08838151,2
53867729700,Stephanie Edgerly,5600153585,Mass Communication and Society,15205436,5
53867729700,Stephanie Edgerly,5700176815,Journalism,14648849,3
53877524700,Hal Hershfield,10600153309,Plos One,19326203,1
53877524700,Hal Hershfield,12710,Motivation and Emotion,01467239,1
53877524700,Hal Hershfield,12807,Personality and Individual Differences,01918869,1
53877524700,Hal Hershfield,13468,Psychological Science,09567976,3
53877524700,Hal Hershfield,13477,Current Directions in Psychological Science,09637214,1
53877524700,Hal Hershfield,14075,Emotion,15283542,2
53877524700,Hal Hershfield,15476,Journal of Experimental Psychology Applied,1076898X,2
53877524700,Hal Hershfield,15478,Journal of Experimental Psychology General,19392222,3
53877524700,Hal Hershfield,17664,American Journal of Psychiatry,0002953X,1
53877524700,Hal Hershfield,18730,Psychiatry Research Neuroimaging,09254927,1
53877524700,Hal Hershfield,19400157006,Judgment and Decision Making,19302975,2
53877524700,Hal Hershfield,19684,Criminology,00111384,1
53877524700,Hal Hershfield,19700182323,Perspectives on Psychological Science,17456916,1
53877524700,Hal Hershfield,19900193555,Social Psychological and Personality Science,19485506,4
53877524700,Hal Hershfield,20031,Academic Radiology,10766332,1
53877524700,Hal Hershfield,20537,Journal of Behavioral Decision Making,08943257,1
53877524700,Hal Hershfield,21100457028,Science Advances,23752548,1
53877524700,Hal Hershfield,21100887623,Comprehensive Results in Social Psychology,23743611,1
53877524700,Hal Hershfield,21100902636,Behavioral Science and Policy,23794607,1
53877524700,Hal Hershfield,21101021052,Journal of the Association for Consumer Research,23781815,1
53877524700,Hal Hershfield,21101095132,Behavioural Public Policy,2398063X,1
53877524700,Hal Hershfield,21121,Proceedings of the National Academy of Sciences of the United States of America,00278424,3
53877524700,Hal Hershfield,21754,Annals of the New York Academy of Sciences,00778923,1
53877524700,Hal Hershfield,22326,Organizational Behavior and Human Decision Processes,07495978,2
53877524700,Hal Hershfield,22336,Harvard Business Review,00178012,1
53877524700,Hal Hershfield,22899,Journal of Consumer Research,00935301,4
53877524700,Hal Hershfield,22961,Journal of Marketing Research,00222437,4
53877524700,Hal Hershfield,23714,Marketing Science,07322399,1
53877524700,Hal Hershfield,25675,Journal of Early Adolescence,02724316,1
53877524700,Hal Hershfield,28181,Journal of Consumer Psychology,10577408,1
53877524700,Hal Hershfield,29403,Energy Policy,03014215,1
53877524700,Hal Hershfield,29802,Psychology and Aging,08827974,2
53877524700,Hal Hershfield,30039,Journal of Personality and Social Psychology,00223514,4
53877524700,Hal Hershfield,7000153204,Social Cognitive and Affective Neuroscience,17495016,1
54411275200,Michael Sances,11600153640,Quarterly Journal of Political Science,15540626,1
54411275200,Michael Sances,145558,Political Analysis,10471987,1
54411275200,Michael Sances,15499,Journal of Experimental Social Psychology,00221031,1
54411275200,Michael Sances,15528,Annals of the American Academy of Political and Social Science,00027162,1
54411275200,Michael Sances,15555,American Journal of Political Science,00925853,2
54411275200,Michael Sances,15557,American Political Science Review,00030554,1
54411275200,Michael Sances,15931,Journal of Health Politics Policy and Law,03616878,1
54411275200,Michael Sances,16114,Electoral Studies,02613794,1
54411275200,Michael Sances,18500158100,Forum Germany,21946183,1
54411275200,Michael Sances,20333,Journal of Politics,00223816,7
54411275200,Michael Sances,21100465147,Election Law Journal Rules Politics and Policy,15331296,1
54411275200,Michael Sances,21100865122,Research and Politics,20531680,1
54411275200,Michael Sances,21100870919,Political Science Research and Methods,20498470,2
54411275200,Michael Sances,21101259366,Journal of Political Institutions and Political Economy,26894815,1
54411275200,Michael Sances,22832,Political Behavior,01909320,4
54411275200,Michael Sances,23574,Public Opinion Quarterly,0033362X,3
54411275200,Michael Sances,29643,Urban Affairs Review,10780874,2
54411275200,Michael Sances,4000148701,Perspectives on Politics,15375927,1
54411275200,Michael Sances,4700152270,State Politics and Policy Quarterly,15324400,1
54411975800,Jessica Calarco,15641,Journal of Family Issues,0192513X,1
54411975800,Jessica Calarco,16929,American Sociological Review,00031224,3
54411975800,Jessica Calarco,17562,Social Psychology Quarterly,01902725,1
54411975800,Jessica Calarco,17649,Communication Research,00936502,1
54411975800,Jessica Calarco,18983,Social Science and Medicine,02779536,1
54411975800,Jessica Calarco,21101021489,Socius,23780231,1
54411975800,Jessica Calarco,29432,American Educational Research Journal,00028312,1
54411975800,Jessica Calarco,5800194481,Educational Researcher,0013189X,1
54411975800,Jessica Calarco,5900152783,Visual Studies,1472586X,1
54411993800,Erin Cassese,1100147103,Analyses of Social Issues and Public Policy,15297489,1
54411993800,Erin Cassese,12100156092,Journal of Political Science Education,15512169,1
54411993800,Erin Cassese,14798,Sex Roles,03600025,1
54411993800,Erin Cassese,20333,Journal of Politics,00223816,1
54411993800,Erin Cassese,20444,Legislative Studies Quarterly,03629805,1
54411993800,Erin Cassese,22197,PS Political Science and Politics,10490965,2
54411993800,Erin Cassese,22832,Political Behavior,01909320,4
54411993800,Erin Cassese,22861,Political Psychology,0162895X,1
54411993800,Erin Cassese,22867,Political Research Quarterly,10659129,2
54411993800,Erin Cassese,26439,Social Science Quarterly,00384941,1
54411993800,Erin Cassese,29471,American Journal of Orthopsychiatry,00029432,1
54411993800,Erin Cassese,4400151519,Journal of Women Politics and Policy,1554477X,2
54411993800,Erin Cassese,5700166179,Politics and Gender,1743923X,5
54419921900,Philip Garland,12000154553,Journal of Otolaryngology Head and Neck Surgery,19160216,1
54419921900,Philip Garland,13030,Journal of Sound and Vibration,0022460X,1
54419921900,Philip Garland,13801,Laryngoscope,0023852X,1
54419921900,Philip Garland,15526,Measurement Science and Technology,09570233,1
54419921900,Philip Garland,17267,Magnetic Resonance in Medicine,07403194,1
54419921900,Philip Garland,20949,Journal of Applied Mechanics Transactions ASME,00218936,2
54419921900,Philip Garland,21100399705,Minerals,2075163X,1
54419921900,Philip Garland,28132,Journal of Applied Physics,00218979,1
54419921900,Philip Garland,28525,Journal of Magnetic Resonance,10907807,2
54419921900,Philip Garland,35716,Ultrasound in Medicine and Biology,03015629,1
54419921900,Philip Garland,4900153217,Journal of Computational and Nonlinear Dynamics,15551423,1
54785521400,Stephen Utych,15559,American Politics Research,1532673X,4
54785521400,Stephen Utych,16032,Administration and Society,00953997,1
54785521400,Stephen Utych,16114,Electoral Studies,02613794,2
54785521400,Stephen Utych,20333,Journal of Politics,00223816,5
54785521400,Stephen Utych,21100812569,Journal of Social and Political Psychology,21953325,1
54785521400,Stephen Utych,21100835891,Journal of Experimental Political Science,20522630,2
54785521400,Stephen Utych,21100870919,Political Science Research and Methods,20498470,1
54785521400,Stephen Utych,21100887531,Administrative Theory and Praxis,10841806,1
54785521400,Stephen Utych,21100888814,Journal of Race Ethnicity and Politics,20566085,1
54785521400,Stephen Utych,22832,Political Behavior,01909320,2
54785521400,Stephen Utych,22867,Political Research Quarterly,10659129,3
54785521400,Stephen Utych,26439,Social Science Quarterly,00384941,2
54785521400,Stephen Utych,4000149603,Political Studies Review,14789299,1
54785521400,Stephen Utych,4700152270,State Politics and Policy Quarterly,15324400,1
54881904100,Nichole Bauer,10300153306,International Journal of Press Politics,19401612,2
54881904100,Nichole Bauer,14798,Sex Roles,03600025,1
54881904100,Nichole Bauer,15559,American Politics Research,1532673X,1
54881904100,Nichole Bauer,15613,Journal of Communication,00219916,1
54881904100,Nichole Bauer,15931,Journal of Health Politics Policy and Law,03616878,1
54881904100,Nichole Bauer,16232,British Journal of Political Science,00071234,1
54881904100,Nichole Bauer,17649,Communication Research,00936502,2
54881904100,Nichole Bauer,19700187607,Journalism Studies,1461670X,1
54881904100,Nichole Bauer,200147110,Information Communication and Society,1369118X,1
54881904100,Nichole Bauer,20333,Journal of Politics,00223816,2
54881904100,Nichole Bauer,20687,Journalism and Mass Communication Quarterly,10776990,1
54881904100,Nichole Bauer,21100865122,Research and Politics,20531680,1
54881904100,Nichole Bauer,22832,Political Behavior,01909320,5
54881904100,Nichole Bauer,22861,Political Psychology,0162895X,4
54881904100,Nichole Bauer,22867,Political Research Quarterly,10659129,5
54881904100,Nichole Bauer,23442,Politics and the Life Sciences,07309384,1
54881904100,Nichole Bauer,29643,Urban Affairs Review,10780874,1
54881904100,Nichole Bauer,4400151519,Journal of Women Politics and Policy,1554477X,3
54881904100,Nichole Bauer,4700152786,Journal of Political Marketing,15377857,1
54881904100,Nichole Bauer,5600153585,Mass Communication and Society,15205436,1
54881904100,Nichole Bauer,5700166179,Politics and Gender,1743923X,5
54890056000,Pablo A. Mitnik,14233,Statistical Papers,09325026,1
54890056000,Pablo A. Mitnik,15528,Annals of the American Academy of Political and Social Science,00027162,1
54890056000,Pablo A. Mitnik,16926,American Journal of Sociology,00029602,1
54890056000,Pablo A. Mitnik,18090,Sociological Methodology,00811750,3
54890056000,Pablo A. Mitnik,18091,Sociological Methods and Research,00491241,2
54890056000,Pablo A. Mitnik,20642,Empirical Economics,03777332,1
54890056000,Pablo A. Mitnik,21100855741,Sociological Science,23306696,1
54890056000,Pablo A. Mitnik,28921,Communications in Statistics Theory and Methods,03610926,1
54891708000,Michele Margolis,15499,Journal of Experimental Social Psychology,00221031,1
54891708000,Michele Margolis,15555,American Journal of Political Science,00925853,1
54891708000,Michele Margolis,15931,Journal of Health Politics Policy and Law,03616878,1
54891708000,Michele Margolis,16114,Electoral Studies,02613794,1
54891708000,Michele Margolis,20333,Journal of Politics,00223816,1
54891708000,Michele Margolis,21100457028,Science Advances,23752548,1
54891708000,Michele Margolis,21100870919,Political Science Research and Methods,20498470,1
54891708000,Michele Margolis,22832,Political Behavior,01909320,2
54891708000,Michele Margolis,22838,Political Communication,10584609,1
54891708000,Michele Margolis,22861,Political Psychology,0162895X,1
54891708000,Michele Margolis,23574,Public Opinion Quarterly,0033362X,3
54891708000,Michele Margolis,27285,Journal for the Scientific Study of Religion,00218294,1
54891708000,Michele Margolis,5700160451,Politics and Religion,17550483,1
54998513300,Thomas Leeper,14432,Daedalus,00115266,1
54998513300,Thomas Leeper,145558,Political Analysis,10471987,1
54998513300,Thomas Leeper,15555,American Journal of Political Science,00925853,1
54998513300,Thomas Leeper,15559,American Politics Research,1532673X,1
54998513300,Thomas Leeper,16232,British Journal of Political Science,00071234,1
54998513300,Thomas Leeper,21100255423,R Journal,20734859,2
54998513300,Thomas Leeper,21100835891,Journal of Experimental Political Science,20522630,5
54998513300,Thomas Leeper,21121,Proceedings of the National Academy of Sciences of the United States of America,00278424,1
54998513300,Thomas Leeper,22832,Political Behavior,01909320,4
54998513300,Thomas Leeper,22838,Political Communication,10584609,2
54998513300,Thomas Leeper,22861,Political Psychology,0162895X,2
54998513300,Thomas Leeper,23574,Public Opinion Quarterly,0033362X,2
55000850800,Christin Munsch,11400153312,Feminist Criminology,15570851,1
55000850800,Christin Munsch,14798,Sex Roles,03600025,1
55000850800,Christin Munsch,15617,Journal of Comparative Family Studies,00472328,1
55000850800,Christin Munsch,15653,Journal of Marriage and Family,00222445,1
55000850800,Christin Munsch,15965,Personal Relationships,13504126,1
55000850800,Christin Munsch,16926,American Journal of Sociology,00029602,1
55000850800,Christin Munsch,16929,American Sociological Review,00031224,1
55000850800,Christin Munsch,17530,Social Forces,00377732,1
55000850800,Christin Munsch,17562,Social Psychology Quarterly,01902725,1
55000850800,Christin Munsch,18084,Sociological Forum,08848971,1
55000850800,Christin Munsch,18777,Violence Against Women,10778012,1
55000850800,Christin Munsch,19250,Work and Occupations,07308884,1
55000850800,Christin Munsch,19700170190,Journal of Men S Studies,10608265,1
55000850800,Christin Munsch,21100819062,Social Currents,23294965,1
55000850800,Christin Munsch,21100838541,Nature Human Behaviour,23973374,1
55000850800,Christin Munsch,21101021489,Socius,23780231,1
55000850800,Christin Munsch,30088,Journal of Social Issues,00224537,1
55014524900,Nathan Kalmoe,10600153309,Plos One,19326203,1
55014524900,Nathan Kalmoe,19700170417,Journal of Information Technology and Politics,19331681,1
55014524900,Nathan Kalmoe,19774,International Journal of Public Opinion Research,09542892,1
55014524900,Nathan Kalmoe,21100202907,International Journal of Communication,19328036,1
55014524900,Nathan Kalmoe,21100835891,Journal of Experimental Political Science,20522630,1
55014524900,Nathan Kalmoe,21100870919,Political Science Research and Methods,20498470,1
55014524900,Nathan Kalmoe,21100888814,Journal of Race Ethnicity and Politics,20566085,1
55014524900,Nathan Kalmoe,22832,Political Behavior,01909320,1
55014524900,Nathan Kalmoe,22838,Political Communication,10584609,2
55014524900,Nathan Kalmoe,22861,Political Psychology,0162895X,4
55014524900,Nathan Kalmoe,22867,Political Research Quarterly,10659129,1
55014524900,Nathan Kalmoe,23574,Public Opinion Quarterly,0033362X,2
55014524900,Nathan Kalmoe,23859,Journal of Business Ethics,01674544,1
55014524900,Nathan Kalmoe,29452,Aggressive Behavior,0096140X,1
55014524900,Nathan Kalmoe,4000148701,Perspectives on Politics,15375927,3
55133387300,Dianne Singer,10600153309,Plos One,19326203,1
55133387300,Dianne Singer,110320,American Journal of Medical Genetics Part C Seminars in Medical Genetics,15524868,1
55133387300,Dianne Singer,11100153303,American Journal of Disaster Medicine,1932149X,1
55133387300,Dianne Singer,11600153403,Disaster Medicine and Public Health Preparedness,19357893,1
55133387300,Dianne Singer,14167,Journal of Healthcare Management,10969012,1
55133387300,Dianne Singer,14493,Archives of Pediatrics and Adolescent Medicine,10724710,1
55133387300,Dianne Singer,14699,Inquiry United States,00469580,1
55133387300,Dianne Singer,14900154701,Public Health Genomics,16624246,2
55133387300,Dianne Singer,14955,Clinical Pediatrics,00099228,1
55133387300,Dianne Singer,15116,Journal of Pediatrics,00223476,1
55133387300,Dianne Singer,15756,Pediatrics,00314005,5
55133387300,Dianne Singer,15877,Journal of Community Health,00945145,1
55133387300,Dianne Singer,16432,Journal of Telemedicine and Telecare,1357633X,1
55133387300,Dianne Singer,16800154743,Academic Pediatrics,18762859,3
55133387300,Dianne Singer,17665,Preventive Medicine,00917435,1
55133387300,Dianne Singer,19700174918,Clinical and Translational Science,17528054,3
55133387300,Dianne Singer,20506,Archives of Surgery,00040010,2
55133387300,Dianne Singer,21100228518,JAMA Otolaryngology Head and Neck Surgery,21686181,2
55133387300,Dianne Singer,21100228531,JAMA Ophthalmology,21686165,1
55133387300,Dianne Singer,21100372295,Preventive Medicine Reports,22113355,1
55133387300,Dianne Singer,21100403234,Alzheimer S and Dementia Diagnosis Assessment and Disease Monitoring,23528729,1
55133387300,Dianne Singer,21100892509,Cannabis and Cannabinoid Research,23788763,1
55133387300,Dianne Singer,21100900345,JAMA Network Open,25743805,6
55133387300,Dianne Singer,21101048248,Innovation in Aging,23995300,1
55133387300,Dianne Singer,21101120622,JAMA Health Forum,26890186,2
55133387300,Dianne Singer,21376,Vaccine,0264410X,2
55133387300,Dianne Singer,21948,Regional Anesthesia and Pain Medicine,10987339,1
55133387300,Dianne Singer,22344,Infection Control and Hospital Epidemiology,0899823X,2
55133387300,Dianne Singer,22401,Journal of the American College of Cardiology,07351097,1
55133387300,Dianne Singer,24745,Addiction,09652140,1
55133387300,Dianne Singer,24944,Sexually Transmitted Diseases,01485717,2
55133387300,Dianne Singer,26380,Drug and Alcohol Dependence,03768716,1
55133387300,Dianne Singer,26643,Journal of General Internal Medicine,08848734,1
55133387300,Dianne Singer,27446,Youth and Society,0044118X,1
55133387300,Dianne Singer,27516,Applied Health Economics and Health Policy,11755652,1
55133387300,Dianne Singer,27658,Maternal and Child Health Journal,10927875,1
55133387300,Dianne Singer,27666,Menopause,10723714,1
55133387300,Dianne Singer,28273,Clinical Gastroenterology and Hepatology,15423565,1
55133387300,Dianne Singer,28514,Journal of the American Geriatrics Society,00028614,2
55133387300,Dianne Singer,28534,American Journal of Geriatric Psychiatry,10647481,2
55133387300,Dianne Singer,28652,Clinical Gerontologist,07317115,1
55133387300,Dianne Singer,29037,Geriatric Nursing,01974572,1
55133387300,Dianne Singer,29070,Gerontologist,00169013,1
55133387300,Dianne Singer,29189,Journal of Aging and Health,08982643,1
55133387300,Dianne Singer,29553,Journal of Gerontological Social Work,01634372,1
55133387300,Dianne Singer,29559,Journals of Gerontology Series A Biological Sciences and Medical Sciences,10795006,1
55133387300,Dianne Singer,29802,Psychology and Aging,08827974,1
55133387300,Dianne Singer,3900148612,Journal of Clinical Sleep Medicine,15509389,1
55133387300,Dianne Singer,69138,American Journal of Managed Care,10880224,3
55133387300,Dianne Singer,85291,JAMA,00987484,4
55135830500,Gabor Simonovits,11600153640,Quarterly Journal of Political Science,15540626,1
55135830500,Gabor Simonovits,145558,Political Analysis,10471987,1
55135830500,Gabor Simonovits,145663,Language Resources and Evaluation,1574020X,1
55135830500,Gabor Simonovits,15555,American Journal of Political Science,00925853,1
55135830500,Gabor Simonovits,15557,American Political Science Review,00030554,1
55135830500,Gabor Simonovits,16114,Electoral Studies,02613794,2
55135830500,Gabor Simonovits,16232,British Journal of Political Science,00071234,1
55135830500,Gabor Simonovits,19900193555,Social Psychological and Personality Science,19485506,1
55135830500,Gabor Simonovits,20333,Journal of Politics,00223816,4
55135830500,Gabor Simonovits,21100200805,Scientific Reports,20452322,1
55135830500,Gabor Simonovits,21100244407,East European Politics,21599165,1
55135830500,Gabor Simonovits,21100838541,Nature Human Behaviour,23973374,1
55135830500,Gabor Simonovits,21100865122,Research and Politics,20531680,1
55135830500,Gabor Simonovits,21100870919,Political Science Research and Methods,20498470,2
55135830500,Gabor Simonovits,21101023171,Frontiers in Sociology,22977775,1
55135830500,Gabor Simonovits,21101186976,Pnas Nexus,27526542,1
55135830500,Gabor Simonovits,22832,Political Behavior,01909320,5
55135830500,Gabor Simonovits,23571,Science,00368075,1
55135830500,Gabor Simonovits,23574,Public Opinion Quarterly,0033362X,2
55135830500,Gabor Simonovits,23611,Public Choice,00485829,1
55135830500,Gabor Simonovits,64461,European Journal of Political Economy,01762680,1
55136094800,Bryan T. Gervais,15559,American Politics Research,1532673X,1
55136094800,Bryan T. Gervais,18086,Sociological Inquiry,00380245,1
55136094800,Bryan T. Gervais,19700170417,Journal of Information Technology and Politics,19331681,2
55136094800,Bryan T. Gervais,19774,International Journal of Public Opinion Research,09542892,1
55136094800,Bryan T. Gervais,21100865122,Research and Politics,20531680,1
55136094800,Bryan T. Gervais,22197,PS Political Science and Politics,10490965,3
55136094800,Bryan T. Gervais,22838,Political Communication,10584609,2
55136094800,Bryan T. Gervais,22861,Political Psychology,0162895X,1
55136094800,Bryan T. Gervais,22867,Political Research Quarterly,10659129,2
55136094800,Bryan T. Gervais,26439,Social Science Quarterly,00384941,2
55173715700,Rebecca A. Glazier,12100156092,Journal of Political Science Education,15512169,5
55173715700,Rebecca A. Glazier,15559,American Politics Research,1532673X,1
55173715700,Rebecca A. Glazier,17781,International Review of Research in Open and Distributed Learning,14923831,1
55173715700,Rebecca A. Glazier,18083,Sociological Focus,00380237,1
55173715700,Rebecca A. Glazier,19553,Journal of Applied Communication Research,00909882,1
55173715700,Rebecca A. Glazier,19700170417,Journal of Information Technology and Politics,19331681,1
55173715700,Rebecca A. Glazier,200147112,Teaching in Higher Education,13562517,1
55173715700,Rebecca A. Glazier,200147137,Islam and Christian Muslim Relations,09596410,1
55173715700,Rebecca A. Glazier,21100865122,Research and Politics,20531680,2
55173715700,Rebecca A. Glazier,21100897500,Education Sciences,22277102,1
55173715700,Rebecca A. Glazier,22197,PS Political Science and Politics,10490965,5
55173715700,Rebecca A. Glazier,22786,Policy Studies Journal,0190292X,1
55173715700,Rebecca A. Glazier,22838,Political Communication,10584609,2
55173715700,Rebecca A. Glazier,23574,Public Opinion Quarterly,0033362X,1
55173715700,Rebecca A. Glazier,27285,Journal for the Scientific Study of Religion,00218294,1
55173715700,Rebecca A. Glazier,29632,Review of Religious Research,0034673X,1
55173715700,Rebecca A. Glazier,5700159257,Peace and Conflict Studies,10827307,1
55173715700,Rebecca A. Glazier,5700160310,European Political Science,16804333,1
55173715700,Rebecca A. Glazier,5700160451,Politics and Religion,17550483,2
55173715700,Rebecca A. Glazier,5800191489,Foreign Policy Analysis,17438586,1
55218386400,Matthew Thornton,20333,Journal of Politics,00223816,1
55222268200,Michael Nelson,15528,Annals of the American Academy of Political and Social Science,00027162,1
55222268200,Michael Nelson,15555,American Journal of Political Science,00925853,1
55222268200,Michael Nelson,16114,Electoral Studies,02613794,1
55222268200,Michael Nelson,18437,European Journal of Political Research,03044130,2
55222268200,Michael Nelson,19600165500,Politica Y Gobierno,14051060,2
55222268200,Michael Nelson,20333,Journal of Politics,00223816,5
55222268200,Michael Nelson,21100217634,Journal of Empirical Legal Studies,17401453,1
55222268200,Michael Nelson,21100865122,Research and Politics,20531680,2
55222268200,Michael Nelson,21100942111,Journal of Law and Courts,21646570,6
55222268200,Michael Nelson,21101093357,Statistics Politics and Policy,21946299,1
55222268200,Michael Nelson,22867,Political Research Quarterly,10659129,9
55222268200,Michael Nelson,22889,Political Science Quarterly,00323195,1
55222268200,Michael Nelson,23574,Public Opinion Quarterly,0033362X,1
55222268200,Michael Nelson,25848,International Studies Quarterly,00208833,1
55222268200,Michael Nelson,28933,Judicature,00225800,2
55222268200,Michael Nelson,28955,Justice System Journal,0098261X,2
55222268200,Michael Nelson,4700152270,State Politics and Policy Quarterly,15324400,4
55258542600,Katherine McCabe,15555,American Journal of Political Science,00925853,1
55258542600,Katherine McCabe,15559,American Politics Research,1532673X,3
55258542600,Katherine McCabe,15613,Journal of Communication,00219916,1
55258542600,Katherine McCabe,15931,Journal of Health Politics Policy and Law,03616878,1
55258542600,Katherine McCabe,16114,Electoral Studies,02613794,1
55258542600,Katherine McCabe,16306,New Media and Society,14614448,1
55258542600,Katherine McCabe,20333,Journal of Politics,00223816,1
55258542600,Katherine McCabe,21100865122,Research and Politics,20531680,1
55258542600,Katherine McCabe,21100888814,Journal of Race Ethnicity and Politics,20566085,1
55258542600,Katherine McCabe,21101120622,JAMA Health Forum,26890186,1
55258542600,Katherine McCabe,21317,Health Promotion Practice,15248399,1
55258542600,Katherine McCabe,22197,PS Political Science and Politics,10490965,1
55258542600,Katherine McCabe,22832,Political Behavior,01909320,2
55258542600,Katherine McCabe,23574,Public Opinion Quarterly,0033362X,1
55258542600,Katherine McCabe,23577,Publius the Journal of Federalism,00485950,1
55258542600,Katherine McCabe,5700165635,Journal of Elections Public Opinion and Parties,17457289,1
55273639800,Jason Coronel,12100156106,Journal of Children and Media,17482798,1
55273639800,Jason Coronel,12857,Cognition,00100277,1
55273639800,Jason Coronel,13468,Psychological Science,09567976,1
55273639800,Jason Coronel,14772,Human Communication Research,03603989,3
55273639800,Jason Coronel,15555,American Journal of Political Science,00925853,1
55273639800,Jason Coronel,15613,Journal of Communication,00219916,3
55273639800,Jason Coronel,17649,Communication Research,00936502,4
55273639800,Jason Coronel,18009,Neuropsychologia,00283932,1
55273639800,Jason Coronel,19700170417,Journal of Information Technology and Politics,19331681,1
55273639800,Jason Coronel,19700190349,Communication Methods and Measures,19312458,1
55273639800,Jason Coronel,21100216571,Frontiers in Psychology,16641078,1
55273639800,Jason Coronel,21101186976,Pnas Nexus,27526542,1
55273639800,Jason Coronel,22838,Political Communication,10584609,2
55273639800,Jason Coronel,4400151505,Critical Review,08913811,1
55273639800,Jason Coronel,7000153204,Social Cognitive and Affective Neuroscience,17495016,1
55293255100,Florian Keusch,10600153309,Plos One,19326203,1
55293255100,Florian Keusch,12134,Journal of Official Statistics,0282423X,1
55293255100,Florian Keusch,13530,Journal of the Royal Statistical Society Series A Statistics in Society,09641998,2
55293255100,Florian Keusch,15726,Kolner Zeitschrift Fur Soziologie Und Sozialpsychologie,00232653,1
55293255100,Florian Keusch,17493,Internet Research,10662243,1
55293255100,Florian Keusch,18091,Sociological Methods and Research,00491241,2
55293255100,Florian Keusch,18916,Social Science Computer Review,08944393,13
55293255100,Florian Keusch,19419,Computers in Human Behavior,07475632,1
55293255100,Florian Keusch,19561,American Journal of Public Health,00900036,1
55293255100,Florian Keusch,19700190349,Communication Methods and Measures,19312458,1
55293255100,Florian Keusch,19774,International Journal of Public Opinion Research,09542892,1
55293255100,Florian Keusch,200147110,Information Communication and Society,1369118X,2
55293255100,Florian Keusch,21100256106,Survey Research Methods,18643361,3
55293255100,Florian Keusch,21100278302,Management Review Quarterly,21981620,1
55293255100,Florian Keusch,21100294621,Journal of Sport and Health Science,20952546,1
55293255100,Florian Keusch,21100788289,Mobile Media and Communication,20501579,1
55293255100,Florian Keusch,21100797724,Journal of Survey Statistics and Methodology,23250984,3
55293255100,Florian Keusch,21101028388,Patterns,26663899,1
55293255100,Florian Keusch,21101054449,Journal of Clinical Medicine,20770383,1
55293255100,Florian Keusch,22819,International Journal of Market Research,14707853,1
55293255100,Florian Keusch,23442,Politics and the Life Sciences,07309384,1
55293255100,Florian Keusch,23574,Public Opinion Quarterly,0033362X,3
55293255100,Florian Keusch,23709,Journal of Medical Internet Research,14388871,1
55293255100,Florian Keusch,25453,Biology of Blood and Marrow Transplantation,10838791,1
55293255100,Florian Keusch,26365,Demography,00703370,1
55293255100,Florian Keusch,26441,Social Science Research,0049089X,1
55293255100,Florian Keusch,27204,International Journal of Social Research Methodology,13645579,3
55293255100,Florian Keusch,29403,Energy Policy,03014215,1
55293255100,Florian Keusch,4300151408,Significance,17409705,1
55293255100,Florian Keusch,5600155075,Field Methods,1525822X,1
55326498000,Jon Rogowski,11600153640,Quarterly Journal of Political Science,15540626,1
55326498000,Jon Rogowski,145558,Political Analysis,10471987,1
55326498000,Jon Rogowski,15555,American Journal of Political Science,00925853,8
55326498000,Jon Rogowski,15557,American Political Science Review,00030554,3
55326498000,Jon Rogowski,15559,American Politics Research,1532673X,1
55326498000,Jon Rogowski,16114,Electoral Studies,02613794,1
55326498000,Jon Rogowski,16232,British Journal of Political Science,00071234,2
55326498000,Jon Rogowski,20333,Journal of Politics,00223816,2
55326498000,Jon Rogowski,20444,Legislative Studies Quarterly,03629805,4
55326498000,Jon Rogowski,21100870919,Political Science Research and Methods,20498470,6
55326498000,Jon Rogowski,21101259366,Journal of Political Institutions and Political Economy,26894815,1
55326498000,Jon Rogowski,22832,Political Behavior,01909320,4
55326498000,Jon Rogowski,22867,Political Research Quarterly,10659129,1
55326498000,Jon Rogowski,23528,Presidential Studies Quarterly,03604918,8
55326498000,Jon Rogowski,23574,Public Opinion Quarterly,0033362X,1
55344310600,Tamar Kricheli Katz,10600153309,Plos One,19326203,1
55344310600,Tamar Kricheli Katz,14925,Gender and Society,08912432,1
55344310600,Tamar Kricheli Katz,15478,Journal of Experimental Psychology General,19392222,1
55344310600,Tamar Kricheli Katz,17585,Law and Social Inquiry,08976546,2
55344310600,Tamar Kricheli Katz,17591,Law and Society Review,00239216,2
55344310600,Tamar Kricheli Katz,19700202605,Law and Ethics of Human Rights,19382545,1
55344310600,Tamar Kricheli Katz,21100217634,Journal of Empirical Legal Studies,17401453,3
55344310600,Tamar Kricheli Katz,21100259111,Journal of Legal Analysis,21617201,1
55344310600,Tamar Kricheli Katz,21100457028,Science Advances,23752548,1
55344310600,Tamar Kricheli Katz,21100924420,Jerusalem Review of Legal Studies,22197117,1
55344310600,Tamar Kricheli Katz,21100942111,Journal of Law and Courts,21646570,1
55344310600,Tamar Kricheli Katz,21101021489,Socius,23780231,2
55344310600,Tamar Kricheli Katz,21101044934,Npj Science of Learning,20567936,1
55344310600,Tamar Kricheli Katz,21101095132,Behavioural Public Policy,2398063X,2
55344310600,Tamar Kricheli Katz,21121,Proceedings of the National Academy of Sciences of the United States of America,00278424,1
55344310600,Tamar Kricheli Katz,22771,Wisconsin Law Review,0043650X,1
55344310600,Tamar Kricheli Katz,24274,Social Politics,10724745,1
55344310600,Tamar Kricheli Katz,4100151507,Research in Social Stratification and Mobility,02765624,1
55364149100,Benjamin Newman,15555,American Journal of Political Science,00925853,4
55364149100,Benjamin Newman,15557,American Political Science Review,00030554,3
55364149100,Benjamin Newman,15559,American Politics Research,1532673X,4
55364149100,Benjamin Newman,16114,Electoral Studies,02613794,1
55364149100,Benjamin Newman,16232,British Journal of Political Science,00071234,6
55364149100,Benjamin Newman,19774,International Journal of Public Opinion Research,09542892,2
55364149100,Benjamin Newman,20333,Journal of Politics,00223816,4
55364149100,Benjamin Newman,21100838541,Nature Human Behaviour,23973374,1
55364149100,Benjamin Newman,21100865122,Research and Politics,20531680,2
55364149100,Benjamin Newman,21100870919,Political Science Research and Methods,20498470,2
55364149100,Benjamin Newman,21101186976,Pnas Nexus,27526542,1
55364149100,Benjamin Newman,21121,Proceedings of the National Academy of Sciences of the United States of America,00278424,1
55364149100,Benjamin Newman,22832,Political Behavior,01909320,3
55364149100,Benjamin Newman,22861,Political Psychology,0162895X,3
55364149100,Benjamin Newman,22867,Political Research Quarterly,10659129,4
55364149100,Benjamin Newman,23574,Public Opinion Quarterly,0033362X,6
55364149100,Benjamin Newman,4700152270,State Politics and Policy Quarterly,15324400,2
55388382000,Gaurav Sood,11600153640,Quarterly Journal of Political Science,15540626,2
55388382000,Gaurav Sood,145558,Political Analysis,10471987,1
55388382000,Gaurav Sood,15528,Annals of the American Academy of Political and Social Science,00027162,1
55388382000,Gaurav Sood,15555,American Journal of Political Science,00925853,1
55388382000,Gaurav Sood,15613,Journal of Communication,00219916,1
55388382000,Gaurav Sood,16232,British Journal of Political Science,00071234,1
55388382000,Gaurav Sood,18091,Sociological Methods and Research,00491241,1
55388382000,Gaurav Sood,19400158612,International Journal of Public Sector Performance Management,17411041,1
55388382000,Gaurav Sood,200147110,Information Communication and Society,1369118X,1
55388382000,Gaurav Sood,20333,Journal of Politics,00223816,1
55388382000,Gaurav Sood,21100870919,Political Science Research and Methods,20498470,1
55388382000,Gaurav Sood,22832,Political Behavior,01909320,2
55388382000,Gaurav Sood,23574,Public Opinion Quarterly,0033362X,1
55388382000,Gaurav Sood,24034,Democratization,13510347,1
55388382000,Gaurav Sood,5700165635,Journal of Elections Public Opinion and Parties,17457289,1
55388382000,Gaurav Sood,64461,European Journal of Political Economy,01762680,1
55418856700,Samantha Paustian-Underdahl,12776,British Journal of Social Psychology,01446665,1
55418856700,Samantha Paustian-Underdahl,12817,Personnel Psychology,00315826,1
55418856700,Samantha Paustian-Underdahl,13382,Health Care Management Review,03616274,1
55418856700,Samantha Paustian-Underdahl,14788,Human Performance,08959285,1
55418856700,Samantha Paustian-Underdahl,15388,Journal of Applied Psychology,00219010,5
55418856700,Samantha Paustian-Underdahl,15392,Journal of Business and Psychology,08893268,1
55418856700,Samantha Paustian-Underdahl,20635,Journal of Management,01492063,2
55418856700,Samantha Paustian-Underdahl,20654,Journal of Managerial Psychology,02683946,1
55418856700,Samantha Paustian-Underdahl,21100217612,Industrial and Organizational Psychology,17549426,2
55418856700,Samantha Paustian-Underdahl,21100437623,Burnout Research,22130586,1
55418856700,Samantha Paustian-Underdahl,21149,Leadership Quarterly,10489843,1
55418856700,Samantha Paustian-Underdahl,23859,Journal of Business Ethics,01674544,1
55418856700,Samantha Paustian-Underdahl,24718,Human Resource Management,00904848,1
55418856700,Samantha Paustian-Underdahl,24840,International Journal of Human Resource Management,09585192,2
55418856700,Samantha Paustian-Underdahl,29253,Nursing Outlook,00296554,1
55418856700,Samantha Paustian-Underdahl,29282,Journal of Occupational Health Psychology,10768998,1
55418856700,Samantha Paustian-Underdahl,29412,Group and Organization Management,10596011,1
55418856700,Samantha Paustian-Underdahl,30017,Journal of Occupational and Organizational Psychology,09631798,3
55418856700,Samantha Paustian-Underdahl,30020,Journal of Organizational Behavior,08943796,5
55434430300,Alondra Nelson,14432,Daedalus,00115266,1
55434430300,Alondra Nelson,17497,British Journal of Sociology,14684446,1
55434430300,Alondra Nelson,19561,American Journal of Public Health,15410048,1
55434430300,Alondra Nelson,21100837352,Social Media and Society,20563051,1
55434430300,Alondra Nelson,23571,Science,00368075,1
55434430300,Alondra Nelson,24377,Social Studies of Science,03063127,1
55434430300,Alondra Nelson,26168,Computers and Composition,87554615,1
55434430300,Alondra Nelson,28831,Public Culture,08992363,1
55434430300,Alondra Nelson,32383,Cultural Anthropology,08867356,1
55434430300,Alondra Nelson,5700166187,Du Bois Review,1742058X,1
55434430300,Alondra Nelson,5900152898,Art Journal,00043249,1
55461249300,Craig Burnett,12100157009,Politics and Policy,15555623,2
55461249300,Craig Burnett,15559,American Politics Research,1532673X,1
55461249300,Craig Burnett,16114,Electoral Studies,02613794,4
55461249300,Craig Burnett,19878,Journal of European Public Policy,13501763,1
55461249300,Craig Burnett,20333,Journal of Politics,00223816,1
55461249300,Craig Burnett,21100865122,Research and Politics,20531680,1
55461249300,Craig Burnett,21100870919,Political Science Research and Methods,20498470,1
55461249300,Craig Burnett,21100915696,State and Local Government Review,0160323X,1
55461249300,Craig Burnett,22197,PS Political Science and Politics,10490965,1
55461249300,Craig Burnett,22832,Political Behavior,01909320,1
55461249300,Craig Burnett,22838,Political Communication,10584609,1
55461249300,Craig Burnett,23528,Presidential Studies Quarterly,03604918,1
55461249300,Craig Burnett,23577,Publius the Journal of Federalism,00485950,1
55461249300,Craig Burnett,27691,Journal of Public Policy,0143814X,1
55461249300,Craig Burnett,28955,Justice System Journal,0098261X,1
55461249300,Craig Burnett,29643,Urban Affairs Review,10780874,1
55461249300,Craig Burnett,4400151505,Critical Review,08913811,1
55461249300,Craig Burnett,4700152270,State Politics and Policy Quarterly,15324400,2
55461249300,Craig Burnett,67863,Party Politics,13540688,2
55477037600,John T. Scott,130020,International Journal of Medical Sciences,14491907,3
55477037600,John T. Scott,19716,Canadian Entomologist,0008347X,1
55477037600,John T. Scott,20136,Canada Communicable Disease Report Releve Des Maladies Transmissibles Au Canada,11884169,3
55477037600,John T. Scott,20430,International Journal of Acarology,01647954,1
55477037600,John T. Scott,20491,Journal of Medical Entomology,00222585,4
55477037600,John T. Scott,21100205763,Systematic and Applied Acarology,13621971,3
55477037600,John T. Scott,21100337905,Pathogens,20760817,2
55477037600,John T. Scott,21100852989,Diagnostics,20754418,1
55477037600,John T. Scott,21101041844,Healthcare Switzerland,22279032,7
55477037600,John T. Scott,21101181921,Parasitologia,26736772,1
55477037600,John T. Scott,22444,Journal of Parasitology,00223395,3
55477037600,John T. Scott,22600,Journal of Wildlife Rehabilitation,10712232,1
55477037600,John T. Scott,29688,Journal of Vector Ecology,10811710,2
55477037600,John T. Scott,68480,CMAJ Canadian Medical Association Journal,08203946,1
55478833800,Jonathan Hill,11000153778,Journal of the Chemical Society Perkin Transactions 2,1472779X,1
55478833800,Jonathan Hill,110040,Nanotechnology,09574484,1
55478833800,Jonathan Hill,11500153511,ACS Nano,19360851,9
55478833800,Jonathan Hill,12284,Surface Science,00396028,1
55478833800,Jonathan Hill,12347,Thin Solid Films,00406090,1
55478833800,Jonathan Hill,12878,Chemistry of Materials,08974756,1
55478833800,Jonathan Hill,130039,Crystengcomm,14668033,1
55478833800,Jonathan Hill,130069,Chemistry and Biodiversity,16121872,2
55478833800,Jonathan Hill,145691,Soft Matter,1744683X,3
55478833800,Jonathan Hill,16398,Chemical Engineering Journal,13858947,2
55478833800,Jonathan Hill,17853,Nano Letters,15306984,1
55478833800,Jonathan Hill,17918,Science and Technology of Advanced Materials,14686996,5
55478833800,Jonathan Hill,18063,Journal of Power Sources,03787753,1
55478833800,Jonathan Hill,18375,Synthetic Metals,03796779,1
55478833800,Jonathan Hill,18663,Organic Electronics,15661199,1
55478833800,Jonathan Hill,19600166212,Journal of Physical Chemistry Letters,19487185,3
55478833800,Jonathan Hill,19700171101,ACS Applied Materials and Interfaces,19448244,16
55478833800,Jonathan Hill,19700173215,Nanoscale,20403364,2
55478833800,Jonathan Hill,19700182758,Nature Communications,20411723,3
55478833800,Jonathan Hill,19700186885,Nanoscience and Nanotechnology Letters,19414900,1
55478833800,Jonathan Hill,19700190315,Beilstein Journal of Nanotechnology,21904286,2
55478833800,Jonathan Hill,19700200838,Chemical Science,20416520,5
55478833800,Jonathan Hill,19881,Advanced Materials,09359648,7
55478833800,Jonathan Hill,19900195053,Frontiers of Chemical Science and Engineering,20950179,1
55478833800,Jonathan Hill,21100199840,Rsc Advances,20462069,4
55478833800,Jonathan Hill,21100200805,Scientific Reports,20452322,1
55478833800,Jonathan Hill,21100201542,Symmetry,20738994,2
55478833800,Jonathan Hill,21100229202,Journal of Materials Chemistry B,2050750X,4
55478833800,Jonathan Hill,21100229207,Journal of Materials Chemistry C,20507534,2
55478833800,Jonathan Hill,21100232403,Journal of Materials Chemistry A,20507488,8
55478833800,Jonathan Hill,21100253674,Nanomaterials,20794991,3
55478833800,Jonathan Hill,21100255548,Advanced Optical Materials,21951071,1
55478833800,Jonathan Hill,21100287113,Chemistryopen,21911363,1
55478833800,Jonathan Hill,21100310046,APL Materials,2166532X,1
55478833800,Jonathan Hill,21100403124,Advanced Materials Interfaces,21967350,2
55478833800,Jonathan Hill,21100403813,Organic Chemistry Frontiers,20524110,1
55478833800,Jonathan Hill,21100403931,Materials Horizons,20516347,2
55478833800,Jonathan Hill,21100457028,Science Advances,23752548,1
55478833800,Jonathan Hill,21100779404,Macromolecules,00249297,2
55478833800,Jonathan Hill,21100810714,Materials Today Chemistry,24685194,1
55478833800,Jonathan Hill,21100824897,ACS Sensors,23793694,1
55478833800,Jonathan Hill,21100828963,ACS Omega,24701343,1
55478833800,Jonathan Hill,21100843238,Advanced Materials Technologies,2365709X,1
55478833800,Jonathan Hill,21100850505,Chemistryselect,23656549,2
55478833800,Jonathan Hill,21100875643,Materials Chemistry Frontiers,20521537,1
55478833800,Jonathan Hill,21100904205,ACS Applied Energy Materials,25740962,3
55478833800,Jonathan Hill,21100914527,ACS Applied Nano Materials,25740970,1
55478833800,Jonathan Hill,21100924839,Communications Chemistry,23993669,2
55478833800,Jonathan Hill,21101155822,Neuromorphic Computing and Engineering,26344386,1
55478833800,Jonathan Hill,21101170302,C Journal of Carbon Research,23115629,1
55478833800,Jonathan Hill,21101185512,Small Structures,26884062,1
55478833800,Jonathan Hill,21101309421,Advanced Sensor Research,27511219,1
55478833800,Jonathan Hill,21162,Journal of Materials Science,00222461,1
55478833800,Jonathan Hill,21522,Ceramics International,02728842,1
55478833800,Jonathan Hill,21960,Supramolecular Chemistry,10610278,1
55478833800,Jonathan Hill,22657,Accounts of Chemical Research,00014842,2
55478833800,Jonathan Hill,22680,Journal of the American Chemical Society,00027863,24
55478833800,Jonathan Hill,22687,Angewandte Chemie International Edition,14337851,11
55478833800,Jonathan Hill,22781,Chemical Communications,13597345,21
55478833800,Jonathan Hill,23345,Bulletin of the Chemical Society of Japan,00092673,8
55478833800,Jonathan Hill,23350,Chemical Society Reviews,03060012,2
55478833800,Jonathan Hill,23392,Chemistry A European Journal,09476539,10
55478833800,Jonathan Hill,23418,Chemistry Letters,03667022,2
55478833800,Jonathan Hill,23448,Chinese Chemical Letters,10018417,1
55478833800,Jonathan Hill,23488,Current Medicinal Chemistry,09298673,1
55478833800,Jonathan Hill,23571,Science,00368075,1
55478833800,Jonathan Hill,24177,Journal of Coordination Chemistry,00958972,1
55478833800,Jonathan Hill,24614,Applied Clay Science,01691317,1
55478833800,Jonathan Hill,24641,Journal of Materials Chemistry,09599428,2
55478833800,Jonathan Hill,24646,Journal of Porphyrins and Phthalocyanines,10884246,8
55478833800,Jonathan Hill,24693,Journal of Applied Crystallography,00218898,1
55478833800,Jonathan Hill,24824,New Journal of Chemistry,11440546,2
55478833800,Jonathan Hill,25143,Advanced Functional Materials,1616301X,3
55478833800,Jonathan Hill,25180,Electrochemistry Communications,13882481,1
55478833800,Jonathan Hill,25256,European Journal of Inorganic Chemistry,14341948,1
55478833800,Jonathan Hill,25264,Inorganic Chemistry,00201669,3
55478833800,Jonathan Hill,25270,Inorganica Chimica Acta,00201693,2
55478833800,Jonathan Hill,25780,Biomacromolecules,15257797,1
55478833800,Jonathan Hill,25789,Bioorganic Chemistry,00452068,1
55478833800,Jonathan Hill,25806,Carbon,00086223,1
55478833800,Jonathan Hill,25853,European Journal of Organic Chemistry,1434193X,3
55478833800,Jonathan Hill,25882,Journal of Heterocyclic Chemistry,0022152X,2
55478833800,Jonathan Hill,25896,Journal of Organic Chemistry,00223263,2
55478833800,Jonathan Hill,26370,Molecules,14203049,1
55478833800,Jonathan Hill,26388,Organic and Biomolecular Chemistry,14770520,1
55478833800,Jonathan Hill,26514,Tetrahedron Letters,00404039,2
55478833800,Jonathan Hill,26588,Chemphyschem,14394235,1
55478833800,Jonathan Hill,26589,Colloids and Surfaces A Physicochemical and Engineering Aspects,09277757,3
55478833800,Jonathan Hill,26590,Colloids and Surfaces B Biointerfaces,09277765,1
55478833800,Jonathan Hill,26969,Journal of Physical Chemistry A,10895639,2
55478833800,Jonathan Hill,26970,Journal of Physical Chemistry B,15206106,1
55478833800,Jonathan Hill,26972,Journal of Solid State Chemistry,00224596,1
55478833800,Jonathan Hill,26987,Langmuir,07437463,8
55478833800,Jonathan Hill,27011,Physical Chemistry Chemical Physics,14639076,17
55478833800,Jonathan Hill,27030,Applied Physics Letters,00036951,1
55478833800,Jonathan Hill,28546,Journal of Nanoscience and Nanotechnology,15334880,7
55478833800,Jonathan Hill,3200147828,Small,16136810,4
55478833800,Jonathan Hill,35328,Journal of the Chemical Society Chemical Communications,00224936,1
55478833800,Jonathan Hill,38401,Molecular Crystals and Liquid Crystals Science and Technology Section A Molecular Crystals and Liquid Crystals,1058725X,1
55478833800,Jonathan Hill,4700152613,Current Organic Synthesis,15701794,1
55478833800,Jonathan Hill,4700152855,Journal of Inorganic and Organometallic Polymers and Materials,15741443,4
55478833800,Jonathan Hill,4800156201,Chemistry an Asian Journal,18614728,4
55478833800,Jonathan Hill,5100155074,Journal of Chemical Theory and Computation,15499618,1
55478833800,Jonathan Hill,5200152801,Nanoscale Research Letters,19317573,1
55478833800,Jonathan Hill,5200153123,Journal of Physical Chemistry C,19327447,4
55478833800,Jonathan Hill,5800207366,Nature Protocols,17542189,1
55478833800,Jonathan Hill,61114,Advanced Materials for Optics and Electronics,10579257,1
55478833800,Jonathan Hill,76627,Materials,19961944,1
55478833800,Jonathan Hill,7700153108,International Journal of Nanomedicine,11769114,1
55478833800,Jonathan Hill,9500153949,Dalton Transactions,14779226,4
55503231400,Krista Loose,27010,Photochemistry and Photobiology,00318655,1
55569631400,Brittany P. Bloodhart,10600153309,Plos One,19326203,3
55569631400,Brittany P. Bloodhart,12074,Bulletin of the American Meteorological Society,00030007,1
55569631400,Brittany P. Bloodhart,12882,Contemporary Educational Psychology,0361476X,1
55569631400,Brittany P. Bloodhart,13344,Social Psychology of Education,13812890,1
55569631400,Brittany P. Bloodhart,144675,Frontiers in Ecology and the Environment,15409295,1
55569631400,Brittany P. Bloodhart,144989,International Journal of Environmental Research and Public Health,16617827,1
55569631400,Brittany P. Bloodhart,14946,Group Processes and Intergroup Relations,13684302,1
55569631400,Brittany P. Bloodhart,19700182745,Environmental Communication,17524032,1
55569631400,Brittany P. Bloodhart,21100228016,Ecopsychology,19429347,2
55569631400,Brittany P. Bloodhart,21100240100,Sustainability Switzerland,20711050,1
55569631400,Brittany P. Bloodhart,21100416081,Sustainable Production and Consumption,23525509,1
55569631400,Brittany P. Bloodhart,21101061926,Frontiers in Communication,2297900X,2
55569631400,Brittany P. Bloodhart,21101064807,Cleaner and Responsible Consumption,26667843,1
55569631400,Brittany P. Bloodhart,21101065239,Communications Earth and Environment,26624435,1
55569631400,Brittany P. Bloodhart,30088,Journal of Social Issues,00224537,1
55569631400,Brittany P. Bloodhart,5000157102,Teaching and Learning in Nursing,15573087,1
55572348500,Tobias Stark,12024,Applied Cognitive Psychology,08884080,1
55572348500,Tobias Stark,12776,British Journal of Social Psychology,01446665,1
55572348500,Tobias Stark,12793,Peace and Conflict,10781919,1
55572348500,Tobias Stark,12811,Personality and Social Psychology Bulletin,01461672,1
55572348500,Tobias Stark,13358,Sociology of Education,00380407,1
55572348500,Tobias Stark,14117,European Journal of Social Psychology,00462772,1
55572348500,Tobias Stark,14946,Group Processes and Intergroup Relations,13684302,4
55572348500,Tobias Stark,15429,Journal of Community and Applied Social Psychology,10529284,1
55572348500,Tobias Stark,15430,Journal of Community Psychology,00904392,1
55572348500,Tobias Stark,15496,International Journal of Intercultural Relations,01471767,6
55572348500,Tobias Stark,15528,Annals of the American Academy of Political and Social Science,00027162,1
55572348500,Tobias Stark,16114,Electoral Studies,02613794,1
55572348500,Tobias Stark,16306,New Media and Society,14614448,1
55572348500,Tobias Stark,17562,Social Psychology Quarterly,01902725,1
55572348500,Tobias Stark,17649,Communication Research,00936502,1
55572348500,Tobias Stark,18091,Sociological Methods and Research,00491241,2
55572348500,Tobias Stark,18700156718,Zeitschrift Fur Erziehungswissenschaft,1434663X,1
55572348500,Tobias Stark,21100797724,Journal of Survey Statistics and Methodology,23250984,1
55572348500,Tobias Stark,21100855741,Sociological Science,23306696,1
55572348500,Tobias Stark,21100897500,Education Sciences,22277102,1
55572348500,Tobias Stark,22861,Political Psychology,0162895X,2
55572348500,Tobias Stark,23574,Public Opinion Quarterly,0033362X,1
55572348500,Tobias Stark,25678,Journal of Research on Adolescence,10508392,3
55572348500,Tobias Stark,25987,Social Networks,03788733,9
55572348500,Tobias Stark,26124,Ethnic and Racial Studies,01419870,1
55572348500,Tobias Stark,26441,Social Science Research,0049089X,1
55572348500,Tobias Stark,27343,Journal of Ethnic and Migration Studies,1369183X,1
55572348500,Tobias Stark,30039,Journal of Personality and Social Psychology,19391315,1
55577072200,Lawton K. Swan,13339,Professional Psychology Research and Practice,07357028,1
55577072200,Lawton K. Swan,13468,Psychological Science,09567976,2
55577072200,Lawton K. Swan,14075,Emotion Washington D C,19311516,1
55577072200,Lawton K. Swan,14798,Sex Roles,03600025,1
55577072200,Lawton K. Swan,15410,Journal of Clinical Psychology,00219762,1
55577072200,Lawton K. Swan,19400157006,Judgment and Decision Making,19302975,2
55577072200,Lawton K. Swan,21100202146,Journal of Obsessive Compulsive and Related Disorders,22113649,1
55577072200,Lawton K. Swan,26843,International Journal for the Psychology of Religion,10508619,1
55577072200,Lawton K. Swan,5800179597,Training and Education in Professional Psychology,19313918,1
55586516300,James Chu,10600153309,Plos One,19326203,1
55586516300,James Chu,12072,International Journal of Educational Development,07380593,2
55586516300,James Chu,12763,International Journal of Technology Management,02675730,1
55586516300,James Chu,12856,Comparative Education Review,00104086,2
55586516300,James Chu,14122,Economic Development and Cultural Change,00130079,1
55586516300,James Chu,14834,Journal of Development Economics,03043878,1
55586516300,James Chu,15821,Journal of Policy Analysis and Management,02768739,1
55586516300,James Chu,16036,Administrative Science Quarterly,00018392,1
55586516300,James Chu,16926,American Journal of Sociology,00029602,2
55586516300,James Chu,16929,American Sociological Review,00031224,1
55586516300,James Chu,17530,Social Forces,00377732,1
55586516300,James Chu,19400158465,Asia Pacific Journal of Education,02188791,1
55586516300,James Chu,19700201635,China Agricultural Economic Review,1756137X,1
55586516300,James Chu,20246,Journal of Labor Economics,0734306X,1
55586516300,James Chu,20566,China Economic Review,1043951X,3
55586516300,James Chu,20833,Health Affairs,02782715,1
55586516300,James Chu,21100207610,Journal of Development Effectiveness,19439342,1
55586516300,James Chu,21100838541,Nature Human Behaviour,23973374,1
55586516300,James Chu,21100886215,Rsf,23778253,1
55586516300,James Chu,21101019771,Journal of Organization Design,2245408X,1
55586516300,James Chu,21101021489,Socius,23780231,1
55586516300,James Chu,21121,Proceedings of the National Academy of Sciences of the United States of America,00278424,5
55586516300,James Chu,21307,Management Science,00251909,1
55586516300,James Chu,23465,China Quarterly,03057410,1
55586516300,James Chu,23571,Science,00368075,1
55586516300,James Chu,23861,Journal of Comparative Economics,01475967,1
55586516300,James Chu,27365,World Bank Economic Review,02586770,1
55586516300,James Chu,30060,World Development,0305750X,1
55586516300,James Chu,5200153107,China and World Economy,16712234,3
55601702200,Ashley Whillans,10600153309,Plos One,19326203,1
55601702200,Ashley Whillans,12807,Personality and Individual Differences,01918869,1
55601702200,Ashley Whillans,12811,Personality and Social Psychology Bulletin,01461672,2
55601702200,Ashley Whillans,13468,Psychological Science,09567976,1
55601702200,Ashley Whillans,13477,Current Directions in Psychological Science,09637214,1
55601702200,Ashley Whillans,14075,Emotion,15283542,2
55601702200,Ashley Whillans,14277,Health Psychology,02786133,1
55601702200,Ashley Whillans,15320,Teaching of Psychology,00986283,1
55601702200,Ashley Whillans,15499,Journal of Experimental Social Psychology,00221031,3
55601702200,Ashley Whillans,18258,Compensation and Benefits Review,08863687,3
55601702200,Ashley Whillans,19400158483,Social Issues and Policy Review,17512395,1
55601702200,Ashley Whillans,19700182323,Perspectives on Psychological Science,17456916,1
55601702200,Ashley Whillans,19700182758,Nature Communications,20411723,1
55601702200,Ashley Whillans,19700188900,Social Psychology,18649335,1
55601702200,Ashley Whillans,19900192137,Social and Personality Psychology Compass,17519004,1
55601702200,Ashley Whillans,19900193555,Social Psychological and Personality Science,19485506,3
55601702200,Ashley Whillans,21100200437,Applied Psychology Health and Well Being,17580846,1
55601702200,Ashley Whillans,21100200805,Scientific Reports,20452322,1
55601702200,Ashley Whillans,21100457028,Science Advances,23752548,1
55601702200,Ashley Whillans,21100804406,Lancet Public Health,24682667,1
55601702200,Ashley Whillans,21100838541,Nature Human Behaviour,23973374,2
55601702200,Ashley Whillans,21100857520,Collabra Psychology,24747394,1
55601702200,Ashley Whillans,21100887623,Comprehensive Results in Social Psychology,23743611,1
55601702200,Ashley Whillans,21101018925,Humanities and Social Sciences Communications,26629992,1
55601702200,Ashley Whillans,21101021052,Journal of the Association for Consumer Research,23781815,2
55601702200,Ashley Whillans,21101114177,International Sport Coaching Journal,2328918X,1
55601702200,Ashley Whillans,21101186976,Pnas Nexus,27526542,1
55601702200,Ashley Whillans,21121,Proceedings of the National Academy of Sciences of the United States of America,00278424,5
55601702200,Ashley Whillans,21206,Nature,00280836,1
55601702200,Ashley Whillans,21307,Management Science,00251909,1
55601702200,Ashley Whillans,22326,Organizational Behavior and Human Decision Processes,07495978,3
55601702200,Ashley Whillans,22336,Harvard Business Review,00178012,1
55601702200,Ashley Whillans,23865,Journal of Economic Behavior and Organization,01672681,2
55601702200,Ashley Whillans,27063,American Journal of Preventive Medicine,07493797,1
55601702200,Ashley Whillans,28181,Journal of Consumer Psychology,10577408,1
55601702200,Ashley Whillans,29492,American Psychologist,0003066X,1
55601702200,Ashley Whillans,29745,Information and Organization,14717727,1
55601702200,Ashley Whillans,300147009,Acta Neuropsychologica,17307503,1
55601702200,Ashley Whillans,30039,Journal of Personality and Social Psychology,00223514,2
55601702200,Ashley Whillans,30086,Journal of Social and Personal Relationships,02654075,2
55601702200,Ashley Whillans,5800179627,Self and Identity,15298868,1
55601702200,Ashley Whillans,5800207373,Journal of Positive Psychology,17439760,1
55601702200,Ashley Whillans,6700153284,Social Influence,15534510,1
55629491700,Andrea Headley,13936,Journal of Urban Affairs,07352166,1
55629491700,Andrea Headley,15821,Journal of Policy Analysis and Management,02768739,1
55629491700,Andrea Headley,15823,Journal of Public Administration Research and Theory,10531858,1
55629491700,Andrea Headley,15964,Journal of Prevention and Intervention in the Community,10852352,1
55629491700,Andrea Headley,16051,American Review of Public Administration,02750740,4
55629491700,Andrea Headley,17167,Public Administration Review,00333352,7
55629491700,Andrea Headley,21100228018,International Journal of Disaster Risk Reduction,22124209,1
55629491700,Andrea Headley,21100385807,International Journal of Emergency Services,20470894,1
55629491700,Andrea Headley,21100817648,Race and Justice,21533687,1
55629491700,Andrea Headley,21101068168,Perspectives on Public Management and Governance,23984910,2
55629491700,Andrea Headley,24200,Review of Black Political Economy,00346446,1
55629491700,Andrea Headley,25290,International Journal of Drug Policy,09553959,1
55629491700,Andrea Headley,25733,Journal of Criminal Justice,00472352,2
55629491700,Andrea Headley,4700152305,Public Management Review,14719037,1
55629491700,Andrea Headley,5600153974,Policing and Society,10439463,1
55629491700,Andrea Headley,5600155055,Review of Public Personnel Administration,0734371X,1
55636964600,Long Doan,14925,Gender and Society,08912432,1
55636964600,Long Doan,15653,Journal of Marriage and Family,00222445,3
55636964600,Long Doan,16929,American Sociological Review,00031224,2
55636964600,Long Doan,17530,Social Forces,00377732,2
55636964600,Long Doan,17560,Social Problems,00377791,1
55636964600,Long Doan,17562,Social Psychology Quarterly,01902725,2
55636964600,Long Doan,18090,Sociological Methodology,00811750,3
55636964600,Long Doan,18983,Social Science and Medicine,02779536,2
55636964600,Long Doan,200147110,Information Communication and Society,1369118X,1
55636964600,Long Doan,20369,Journal of Family Violence,08857482,1
55636964600,Long Doan,21100461914,Lgbt Health,23258292,1
55636964600,Long Doan,21100830172,Psychology of Sexual Orientation and Gender Diversity,23290382,1
55636964600,Long Doan,21100855741,Sociological Science,23306696,1
55636964600,Long Doan,21100886215,Rsf,23778253,1
55636964600,Long Doan,21101021489,Socius,23780231,4
55636964600,Long Doan,21101034376,Journal of Time Use Research,26647958,1
55636964600,Long Doan,25987,Social Networks,03788733,1
55636964600,Long Doan,27562,Archives of Sexual Behavior,00040002,1
55659164700,Sean Ingham,15555,American Journal of Political Science,00925853,2
55659164700,Sean Ingham,15557,American Political Science Review,00030554,2
55659164700,Sean Ingham,19700182415,Good Society,10890017,1
55659164700,Sean Ingham,19774,International Journal of Public Opinion Research,09542892,1
55659164700,Sean Ingham,19900192164,Journal of Political Power,2158379X,1
55659164700,Sean Ingham,20350,Journal of Theoretical Politics,09516298,1
55659164700,Sean Ingham,21101348085,Journal of Ethics and Social Philosophy,15593061,1
55659164700,Sean Ingham,22738,Philosophy and Public Affairs,00483915,1
55659164700,Sean Ingham,22867,Political Research Quarterly,10659129,1
55659164700,Sean Ingham,22890,Political Studies,00323217,1
55659164700,Sean Ingham,23611,Public Choice,00485829,1
55659164700,Sean Ingham,4100151709,European Journal of Political Theory,14748851,1
55659164700,Sean Ingham,5700163963,Politics Philosophy and Economics,1470594X,2
55681642200,Ruth Burke,21101097039,Sociology of Race and Ethnicity,23326492,1
55681642200,Ruth Burke,26124,Ethnic and Racial Studies,01419870,1
55684486100,Steven Graham,12811,Personality and Social Psychology Bulletin,01461672,2
55684486100,Steven Graham,13456,Psychological Inquiry,1047840X,1
55684486100,Steven Graham,13468,Psychological Science,09567976,3
55684486100,Steven Graham,13480,Current Research in Social Psychology,10887423,2
55684486100,Steven Graham,17700156745,Psychology of Religion and Spirituality,19411022,2
55684486100,Steven Graham,30039,Journal of Personality and Social Psychology,00223514,1
55684486100,Steven Graham,30085,Journal of Social and Clinical Psychology,07367236,1
55684486100,Steven Graham,5800207373,Journal of Positive Psychology,17439760,2
55723899900,Martin Johnson,144614,Twin Research and Human Genetics,18324274,1
55723899900,Martin Johnson,14772,Human Communication Research,03603989,1
55723899900,Martin Johnson,15555,American Journal of Political Science,00925853,3
55723899900,Martin Johnson,15559,American Politics Research,1532673X,1
55723899900,Martin Johnson,16114,Electoral Studies,02613794,1
55723899900,Martin Johnson,18916,Social Science Computer Review,08944393,1
55723899900,Martin Johnson,200147134,First Monday,13960466,1
55723899900,Martin Johnson,20333,Journal of Politics,00223816,1
55723899900,Martin Johnson,20444,Legislative Studies Quarterly,03629805,2
55723899900,Martin Johnson,21100835891,Journal of Experimental Political Science,20522630,2
55723899900,Martin Johnson,22197,PS Political Science and Politics,10490965,1
55723899900,Martin Johnson,22838,Political Communication,10584609,1
55723899900,Martin Johnson,22867,Political Research Quarterly,10659129,2
55723899900,Martin Johnson,24350,Journal of Economic Education,00220485,1
55723899900,Martin Johnson,26439,Social Science Quarterly,00384941,5
55723899900,Martin Johnson,26855,International Migration,00207985,1
55723899900,Martin Johnson,29643,Urban Affairs Review,10780874,1
55723899900,Martin Johnson,4700152270,State Politics and Policy Quarterly,15324400,2
55723899900,Martin Johnson,5700161675,Journal of Language and Politics,15692159,1
55723899900,Martin Johnson,5700165635,Journal of Elections Public Opinion and Parties,17457289,1
55734630400,Kristen Deppe,15557,American Political Science Review,00030554,1
55734630400,Kristen Deppe,19400157006,Judgment and Decision Making,19302975,1
55734630400,Kristen Deppe,19774,International Journal of Public Opinion Research,09542892,1
55734753300,Margaret E. Roberts,12094,Journal of the American Statistical Association,01621459,1
55734753300,Margaret E. Roberts,12137,Journal of Statistical Software,15487660,1
55734753300,Margaret E. Roberts,13143,Columbia Law Review,00101958,1
55734753300,Margaret E. Roberts,145558,Political Analysis,10471987,3
55734753300,Margaret E. Roberts,15555,American Journal of Political Science,00925853,3
55734753300,Margaret E. Roberts,15557,American Political Science Review,00030554,3
55734753300,Margaret E. Roberts,18091,Sociological Methods and Research,00491241,2
55734753300,Margaret E. Roberts,19877,Journal of Democracy,10455736,1
55734753300,Margaret E. Roberts,20333,Journal of Politics,00223816,1
55734753300,Margaret E. Roberts,21100208044,Policy and Internet,19442866,1
55734753300,Margaret E. Roberts,21100255401,Sage Open,21582440,1
55734753300,Margaret E. Roberts,21100457028,Science Advances,23752548,2
55734753300,Margaret E. Roberts,21100837352,Social Media and Society,20563051,1
55734753300,Margaret E. Roberts,21100942111,Journal of Law and Courts,21646570,1
55734753300,Margaret E. Roberts,21101049047,Transactions of the Association for Computational Linguistics,2307387X,1
55734753300,Margaret E. Roberts,21121,Proceedings of the National Academy of Sciences of the United States of America,00278424,3
55734753300,Margaret E. Roberts,21206,Nature,00280836,1
55734753300,Margaret E. Roberts,23571,Science,00368075,1
55734753300,Margaret E. Roberts,25650,Columbia Journal of Transnational Law,00101931,1
55734753300,Margaret E. Roberts,27663,Journal of Conflict Resolution,00220027,1
55752852700,Alexander Kuo,13447,Comparative Political Studies,00104140,3
55752852700,Alexander Kuo,13448,Comparative Politics,00104159,2
55752852700,Alexander Kuo,145349,Business and Politics,13695258,1
55752852700,Alexander Kuo,15559,American Politics Research,1532673X,1
55752852700,Alexander Kuo,18437,European Journal of Political Research,03044130,1
55752852700,Alexander Kuo,19878,Journal of European Public Policy,13501763,1
55752852700,Alexander Kuo,20333,Journal of Politics,00223816,2
55752852700,Alexander Kuo,21100427853,Politics and Governance,21832463,1
55752852700,Alexander Kuo,21100835891,Journal of Experimental Political Science,20522630,1
55752852700,Alexander Kuo,21617,Nations and Nationalism,13545078,1
55752852700,Alexander Kuo,22867,Political Research Quarterly,10659129,1
55752852700,Alexander Kuo,22890,Political Studies,00323217,1
55752852700,Alexander Kuo,25848,International Studies Quarterly,00208833,1
55752852700,Alexander Kuo,26362,Journal of Peace Research,00223433,1
55752852700,Alexander Kuo,26796,Socio Economic Review,14751461,1
55752852700,Alexander Kuo,27691,Journal of Public Policy,0143814X,1
55754821200,Samara Klar,10600153309,Plos One,19326203,2
55754821200,Samara Klar,15555,American Journal of Political Science,00925853,3
55754821200,Samara Klar,15557,American Political Science Review,00030554,1
55754821200,Samara Klar,18500158100,Forum Germany,15408884,1
55754821200,Samara Klar,20333,Journal of Politics,00223816,4
55754821200,Samara Klar,21100202907,International Journal of Communication,19328036,1
55754821200,Samara Klar,21100835891,Journal of Experimental Political Science,20522630,2
55754821200,Samara Klar,21100838541,Nature Human Behaviour,23973374,2
55754821200,Samara Klar,22197,PS Political Science and Politics,10490965,1
55754821200,Samara Klar,22832,Political Behavior,01909320,1
55754821200,Samara Klar,22838,Political Communication,10584609,1
55754821200,Samara Klar,22861,Political Psychology,0162895X,3
55754821200,Samara Klar,23574,Public Opinion Quarterly,0033362X,3
55754821200,Samara Klar,26439,Social Science Quarterly,00384941,2
55754821200,Samara Klar,27691,Journal of Public Policy,0143814X,1
55754821200,Samara Klar,4400151519,Journal of Women Politics and Policy,1554477X,1
55754821200,Samara Klar,4700152270,State Politics and Policy Quarterly,15324400,1
55818100400,Cynthia Levine,10600153309,Plos One,19326203,1
55818100400,Cynthia Levine,12811,Personality and Social Psychology Bulletin,01461672,1
55818100400,Cynthia Levine,13468,Psychological Science,09567976,2
55818100400,Cynthia Levine,13491,Development and Psychopathology,09545794,1
55818100400,Cynthia Levine,14075,Emotion,15283542,1
55818100400,Cynthia Levine,14277,Health Psychology,02786133,3
55818100400,Cynthia Levine,14946,Group Processes and Intergroup Relations,13684302,1
55818100400,Cynthia Levine,15756,Pediatrics,00314005,1
55818100400,Cynthia Levine,16664,Journal of Behavioral Medicine,01607715,1
55818100400,Cynthia Levine,17806,Medical Education,03080110,1
55818100400,Cynthia Levine,18983,Social Science and Medicine,02779536,1
55818100400,Cynthia Levine,19172,Psychosomatic Medicine,00333174,1
55818100400,Cynthia Levine,19900193555,Social Psychological and Personality Science,19485506,3
55818100400,Cynthia Levine,20695,Brain Behavior and Immunity,08891591,1
55818100400,Cynthia Levine,21121,Proceedings of the National Academy of Sciences of the United States of America,00278424,1
55818100400,Cynthia Levine,24456,Child Development,00093920,1
55818100400,Cynthia Levine,30022,Journal of Personality,00223506,1
55818100400,Cynthia Levine,30039,Journal of Personality and Social Psychology,00223514,2
55818100400,Cynthia Levine,5800179627,Self and Identity,15298868,1
55821050500,Julie Wronski,15557,American Political Science Review,00030554,1
55821050500,Julie Wronski,20333,Journal of Politics,00223816,2
55821050500,Julie Wronski,21100812569,Journal of Social and Political Psychology,21953325,1
55821050500,Julie Wronski,22197,PS Political Science and Politics,10490965,1
55821050500,Julie Wronski,22832,Political Behavior,01909320,2
55821050500,Julie Wronski,22861,Political Psychology,0162895X,3
55821050500,Julie Wronski,22867,Political Research Quarterly,10659129,1
55855694100,Van C. Tran,12400154748,Population Health Management,19427891,1
55855694100,Van C. Tran,15528,Annals of the American Academy of Political and Social Science,00027162,3
55855694100,Van C. Tran,21100779233,Journal of Racial and Ethnic Health Disparities,21973792,1
55855694100,Van C. Tran,21100855741,Sociological Science,23306696,1
55855694100,Van C. Tran,21100886215,Rsf,23778253,3
55855694100,Van C. Tran,21121,Proceedings of the National Academy of Sciences of the United States of America,00278424,1
55855694100,Van C. Tran,26124,Ethnic and Racial Studies,01419870,4
55855694100,Van C. Tran,26857,International Migration Review,01979183,2
55855694100,Van C. Tran,27343,Journal of Ethnic and Migration Studies,1369183X,2
55855694100,Van C. Tran,5700161712,City and Community,15356841,2
55857867000,Brittany Jakubiak,11700154712,Traumatology,15347656,1
55857867000,Brittany Jakubiak,12811,Personality and Social Psychology Bulletin,01461672,4
55857867000,Brittany Jakubiak,12812,Personality and Social Psychology Review,10888683,2
55857867000,Brittany Jakubiak,15499,Journal of Experimental Social Psychology,00221031,2
55857867000,Brittany Jakubiak,15965,Personal Relationships,13504126,2
55857867000,Brittany Jakubiak,19900192612,Europe S Journal of Psychology,18410413,1
55857867000,Brittany Jakubiak,19900193555,Social Psychological and Personality Science,19485506,1
55857867000,Brittany Jakubiak,30039,Journal of Personality and Social Psychology,00223514,2
55857867000,Brittany Jakubiak,30086,Journal of Social and Personal Relationships,02654075,8
55857867000,Brittany Jakubiak,30090,Journal of Social Psychology,00224545,1
55902275000,Lauren O'Connor,12550,BMC Pregnancy and Childbirth,14712393,1
55902275000,Lauren O'Connor,12716,Journal of Nutrition,00223166,6
55902275000,Lauren O'Connor,12717,Journal of Nutrition Education and Behavior,14994046,1
55902275000,Lauren O'Connor,13343,Nutrition Research,02715317,1
55902275000,Lauren O'Connor,13361,Nutrition Today,0029666X,2
55902275000,Lauren O'Connor,144840,Plos Medicine,15491277,1
55902275000,Lauren O'Connor,15756,Pediatrics,00314005,1
55902275000,Lauren O'Connor,18983,Social Science and Medicine,02779536,1
55902275000,Lauren O'Connor,19700188323,Nutrients,20726643,1
55902275000,Lauren O'Connor,21100198495,Journal of the Academy of Nutrition and Dietetics,22122672,3
55902275000,Lauren O'Connor,21100202730,Advances in Nutrition,21618313,1
55902275000,Lauren O'Connor,21100243003,Nutrition and Diabetes,20444052,1
55902275000,Lauren O'Connor,21100913479,Frontiers in Nutrition,2296861X,2
55902275000,Lauren O'Connor,21101263089,Journal of Public Health Germany,21981833,1
55902275000,Lauren O'Connor,21101278636,Discover Public Health,30050774,1
55902275000,Lauren O'Connor,21309,AIDS,02699370,1
55902275000,Lauren O'Connor,21524,Environmental Research,00139351,1
55902275000,Lauren O'Connor,21955,Critical Reviews in Food Science and Nutrition,10408398,1
55902275000,Lauren O'Connor,22581,Circulation,00097322,1
55902275000,Lauren O'Connor,24007,Physiology and Behavior,00319384,1
55902275000,Lauren O'Connor,28330,Gastroenterology,00165085,1
55902275000,Lauren O'Connor,28809,Journal of American College Health,07448481,1
55902275000,Lauren O'Connor,29124,Cancer Epidemiology Biomarkers and Prevention,10559965,1
55902275000,Lauren O'Connor,29990,American Journal of Clinical Nutrition,00029165,4
55902275000,Lauren O'Connor,30025,British Journal of Nutrition,00071145,1
55902275000,Lauren O'Connor,85291,JAMA Journal of the American Medical Association,00987484,1
55939572800,David Pedulla,12102,Behavior Modification,01454455,1
55939572800,David Pedulla,13358,Sociology of Education,00380407,1
55939572800,David Pedulla,14925,Gender and Society,08912432,1
55939572800,David Pedulla,16926,American Journal of Sociology,00029602,2
55939572800,David Pedulla,16929,American Sociological Review,00031224,3
55939572800,David Pedulla,17530,Social Forces,00377732,3
55939572800,David Pedulla,17560,Social Problems,00377791,1
55939572800,David Pedulla,17562,Social Psychology Quarterly,01902725,2
55939572800,David Pedulla,19250,Work and Occupations,07308884,2
55939572800,David Pedulla,21100886215,Rsf,23778253,1
55939572800,David Pedulla,21101097039,Sociology of Race and Ethnicity,23326492,1
55939572800,David Pedulla,22324,Organization Science,10477039,1
55939572800,David Pedulla,4700153008,Nation,00278378,1
55939572800,David Pedulla,5700166179,Politics and Gender,1743923X,1
55963399400,Carly Wayne,13447,Comparative Political Studies,00104140,1
55963399400,Carly Wayne,15555,American Journal of Political Science,00925853,1
55963399400,Carly Wayne,15557,American Political Science Review,00030554,1
55963399400,Carly Wayne,21101043565,Journal of Global Security Studies,20573189,1
55963399400,Carly Wayne,22832,Political Behavior,01909320,1
55963399400,Carly Wayne,22861,Political Psychology,0162895X,1
55963399400,Carly Wayne,25725,World Politics,00438871,1
55963399400,Carly Wayne,26362,Journal of Peace Research,00223433,1
55963399400,Carly Wayne,27663,Journal of Conflict Resolution,00220027,1
55963399400,Carly Wayne,39139,International Organization,00208183,2
56002020400,Irina Iles,14012,Psychology and Health,08870446,1
56002020400,Irina Iles,15536,Journal of Health Psychology,13591053,1
56002020400,Irina Iles,15989,Journal of Palliative Medicine,10966218,1
56002020400,Irina Iles,16003,Journal of Rural Health,0890765X,1
56002020400,Irina Iles,16664,Journal of Behavioral Medicine,01607715,1
56002020400,Irina Iles,17449,Science Communication,10755470,1
56002020400,Irina Iles,18983,Social Science and Medicine,02779536,1
56002020400,Irina Iles,19561,American Journal of Public Health,00900036,1
56002020400,Irina Iles,19700187619,International Journal of Strategic Communication,1553118X,1
56002020400,Irina Iles,19900191805,Review of Communication,15358593,1
56002020400,Irina Iles,200147107,Communication Reports,08934215,1
56002020400,Irina Iles,20374,Journal of Interpersonal Violence,08862605,1
56002020400,Irina Iles,20607,Journal of Food Products Marketing,10454446,1
56002020400,Irina Iles,20878,Health Education Journal,00178969,1
56002020400,Irina Iles,21100215718,Weather Climate and Society,19488327,1
56002020400,Irina Iles,21100830505,Communication and Sport,21674795,1
56002020400,Irina Iles,21101046173,Argumentation and Advocacy,10511431,1
56002020400,Irina Iles,21101051829,Psychology of Popular Media,26896567,1
56002020400,Irina Iles,21300,Health Marketing Quarterly,07359683,1
56002020400,Irina Iles,21541,Policing,1363951X,1
56002020400,Irina Iles,23434,Journal of Risk Research,13669877,1
56002020400,Irina Iles,26372,Risk Analysis,02724332,1
56002020400,Irina Iles,26382,Drug and Alcohol Review,09595236,1
56002020400,Irina Iles,27473,Annals of Behavioral Medicine,08836612,1
56002020400,Irina Iles,27618,American Journal of Health Behavior,10873244,1
56002020400,Irina Iles,27620,American Journal of Health Promotion,08901171,2
56002020400,Irina Iles,28796,Cancer Causes and Control,09575243,1
56002020400,Irina Iles,29139,Public Relations Review,03638111,1
56002020400,Irina Iles,33982,Health Communication,10410236,10
56002020400,Irina Iles,5000155600,Health Education,09654283,3
56002020400,Irina Iles,5400152645,Journal of Cancer Survivorship,19322259,1
56002020400,Irina Iles,5600153399,Communication Studies,10510974,1
56002020400,Irina Iles,5700155425,Communication Research Reports,08824096,1
56003449500,Joshua Tasoff,10600153309,Plos One,19326203,1
56003449500,Joshua Tasoff,19900191883,American Economic Journal Microeconomics,19457669,1
56003449500,Joshua Tasoff,20002,Economic Inquiry,00952583,1
56003449500,Joshua Tasoff,20048,Economica,00130427,1
56003449500,Joshua Tasoff,20749,European Economic Review,00142921,1
56003449500,Joshua Tasoff,21100216571,Frontiers in Psychology,16641078,1
56003449500,Joshua Tasoff,21100372152,Journal of Behavioral and Experimental Economics,22148043,1
56003449500,Joshua Tasoff,21101041558,Nature Food,26621355,1
56003449500,Joshua Tasoff,21307,Management Science,00251909,2
56003449500,Joshua Tasoff,22915,Journal of Economic Psychology,01674870,1
56003449500,Joshua Tasoff,23011,Economic Journal,00130133,1
56003449500,Joshua Tasoff,23865,Journal of Economic Behavior and Organization,01672681,4
56003449500,Joshua Tasoff,25330,Rationality and Society,10434631,1
56003449500,Joshua Tasoff,35048,Food Policy,03069192,1
56003449500,Joshua Tasoff,6700153287,Economics Bulletin,15452921,1
56003449500,Joshua Tasoff,7500153126,Journal of the European Economic Association,15424766,1
56022585300,Mara Ostfeld,17530,Social Forces,00377732,1
56022585300,Mara Ostfeld,21100888814,Journal of Race Ethnicity and Politics,20566085,1
56022585300,Mara Ostfeld,22832,Political Behavior,01909320,3
56022585300,Mara Ostfeld,22838,Political Communication,10584609,2
56022585300,Mara Ostfeld,22861,Political Psychology,0162895X,2
56027234600,Catherine J. Taylor,16926,American Journal of Sociology,00029602,1
56027234600,Catherine J. Taylor,18983,Social Science and Medicine,02779536,2
56027234600,Catherine J. Taylor,19490,Journal of Higher Education,00221546,2
56071751000,Landon Schnabel,10600153309,Plos One,19326203,1
56071751000,Landon Schnabel,14000155895,Sociology Compass,17519020,1
56071751000,Landon Schnabel,14925,Gender and Society,08912432,1
56071751000,Landon Schnabel,15499,Journal of Experimental Social Psychology,00221031,1
56071751000,Landon Schnabel,16929,American Sociological Review,00031224,3
56071751000,Landon Schnabel,16931,American Sociologist,00031232,1
56071751000,Landon Schnabel,17530,Social Forces,00377732,3
56071751000,Landon Schnabel,18084,Sociological Forum,08848971,1
56071751000,Landon Schnabel,18140,Sociology of Religion,10694404,2
56071751000,Landon Schnabel,19391,Social Indicators Research,03038300,1
56071751000,Landon Schnabel,21100208046,Politics Religion and Ideology,21567689,1
56071751000,Landon Schnabel,21100286926,Religions,20771444,2
56071751000,Landon Schnabel,21100457028,Science Advances,23752548,1
56071751000,Landon Schnabel,21100819062,Social Currents,23294965,1
56071751000,Landon Schnabel,21100838541,Nature Human Behaviour,23973374,1
56071751000,Landon Schnabel,21100855741,Sociological Science,23306696,3
56071751000,Landon Schnabel,21101021489,Socius,23780231,6
56071751000,Landon Schnabel,21121,Proceedings of the National Academy of Sciences of the United States of America,00278424,2
56071751000,Landon Schnabel,21206,Nature,00280836,2
56071751000,Landon Schnabel,21617,Nations and Nationalism,13545078,1
56071751000,Landon Schnabel,22197,PS Political Science and Politics,10490965,1
56071751000,Landon Schnabel,23574,Public Opinion Quarterly,0033362X,1
56071751000,Landon Schnabel,24359,Women S Studies International Forum,02775395,1
56071751000,Landon Schnabel,25059,Contemporary Jewry,01471694,1
56071751000,Landon Schnabel,26124,Ethnic and Racial Studies,01419870,1
56071751000,Landon Schnabel,26441,Social Science Research,0049089X,2
56071751000,Landon Schnabel,27285,Journal for the Scientific Study of Religion,00218294,4
56071751000,Landon Schnabel,28846,Disability and Society,09687599,1
56071751000,Landon Schnabel,29632,Review of Religious Research,0034673X,2
56071751000,Landon Schnabel,30039,Journal of Personality and Social Psychology,00223514,1
56102501200,Henning Silber,12134,Journal of Official Statistics,0282423X,1
56102501200,Henning Silber,13530,Journal of the Royal Statistical Society Series A Statistics in Society,09641998,2
56102501200,Henning Silber,18090,Sociological Methodology,00811750,1
56102501200,Henning Silber,18091,Sociological Methods and Research,00491241,3
56102501200,Henning Silber,18916,Social Science Computer Review,08944393,3
56102501200,Henning Silber,19621,BMC Public Health,14712458,1
56102501200,Henning Silber,19774,International Journal of Public Opinion Research,09542892,1
56102501200,Henning Silber,200147110,Information Communication and Society,1369118X,1
56102501200,Henning Silber,21100218072,Metodoloski Zvezki,18540023,1
56102501200,Henning Silber,21100228113,Bms Bulletin of Sociological Methodology Bulletin De Methodologie Sociologique,07591063,1
56102501200,Henning Silber,21100256106,Survey Research Methods,18643361,3
56102501200,Henning Silber,21100446014,Royal Society Open Science,20545703,1
56102501200,Henning Silber,21100797724,Journal of Survey Statistics and Methodology,23250984,3
56102501200,Henning Silber,21100837352,Social Media and Society,20563051,1
56102501200,Henning Silber,21100945714,Methods Data Analyses,18646956,4
56102501200,Henning Silber,21121,Proceedings of the National Academy of Sciences of the United States of America,00278424,1
56102501200,Henning Silber,22370,Public Understanding of Science,09636625,1
56102501200,Henning Silber,22819,International Journal of Market Research,14707853,3
56102501200,Henning Silber,23442,Politics and the Life Sciences,07309384,1
56102501200,Henning Silber,23709,Journal of Medical Internet Research,14388871,1
56102501200,Henning Silber,25987,Social Networks,03788733,2
56102501200,Henning Silber,26439,Social Science Quarterly,00384941,2
56102501200,Henning Silber,27204,International Journal of Social Research Methodology,13645579,6
56102501200,Henning Silber,5600155075,Field Methods,1525822X,2
56102501200,Henning Silber,5700184957,Methodology,16141881,1
56115054500,Rahul Nayak,17700156734,Nature Reviews Clinical Oncology,17594774,1
56115054500,Rahul Nayak,18406,Biochimica Et Biophysica Acta Biomembranes,00052736,1
56115054500,Rahul Nayak,19508,Southern Medical Journal,00384348,1
56115054500,Rahul Nayak,20833,Health Affairs,02782715,1
56115054500,Rahul Nayak,21100324708,AJOB Empirical Bioethics,23294515,1
56115054500,Rahul Nayak,21100826360,JAMA Cardiology,23806583,1
56115054500,Rahul Nayak,24641,Journal of Materials Chemistry,09599428,1
56115054500,Rahul Nayak,26574,Annals of Internal Medicine,00034819,1
56115054500,Rahul Nayak,51748,BMJ,09598146,1
56115054500,Rahul Nayak,85291,JAMA,00987484,1
56182309400,Douglas Ahler,18500158100,Forum Germany,15408884,1
56182309400,Douglas Ahler,20333,Journal of Politics,00223816,2
56182309400,Douglas Ahler,21100870919,Political Science Research and Methods,20498470,1
56182309400,Douglas Ahler,22832,Political Behavior,01909320,2
56182309400,Douglas Ahler,29193,Journal of Aging and Social Policy,08959420,1
56211230100,David Ciuk,10600153309,Plos One,19326203,1
56211230100,David Ciuk,14075,Emotion,15283542,1
56211230100,David Ciuk,21100865122,Research and Politics,20531680,1
56211230100,David Ciuk,21100915696,State and Local Government Review,0160323X,1
56211230100,David Ciuk,22832,Political Behavior,01909320,1
56211230100,David Ciuk,22838,Political Communication,10584609,3
56211230100,David Ciuk,22861,Political Psychology,0162895X,3
56211230100,David Ciuk,22867,Political Research Quarterly,10659129,2
56211230100,David Ciuk,26439,Social Science Quarterly,00384941,1
56224960100,Dawn Teele,14432,Daedalus,00115266,1
56224960100,Dawn Teele,15557,American Political Science Review,00030554,4
56224960100,Dawn Teele,20333,Journal of Politics,00223816,3
56224960100,Dawn Teele,22197,PS Political Science and Politics,10490965,1
56224960100,Dawn Teele,23439,Politics and Society,00323292,1
56224960100,Dawn Teele,23611,Public Choice,00485829,1
56227045100,Will Gorman,17985,International Journal of Electrical Power and Energy Systems,01420615,1
56227045100,Will Gorman,19700182758,Nature Communications,20411723,1
56227045100,Will Gorman,19700194012,Journal of Renewable and Sustainable Energy,19417012,1
56227045100,Will Gorman,19786,Utilities Policy,09571787,3
56227045100,Will Gorman,20894,Transportation Research Part D Transport and Environment,13619209,1
56227045100,Will Gorman,21100400826,Journal of Energy Storage,2352152X,1
56227045100,Will Gorman,21100834904,Joule,25424351,1
56227045100,Will Gorman,27569,Renewable Energy,09601481,1
56227045100,Will Gorman,28801,Applied Energy,03062619,5
56227045100,Will Gorman,28802,Electricity Journal,10406190,5
56227045100,Will Gorman,29348,Energy,03605442,1
56227045100,Will Gorman,29359,Energy and Buildings,03787788,1
56227045100,Will Gorman,29374,Energy Economics,01409883,1
56227045100,Will Gorman,29391,Energy Journal,01956574,1
56227045100,Will Gorman,29403,Energy Policy,03014215,3
56227045100,Will Gorman,62932,Energies,19961073,1
56239499600,Stanley Feldman,18338,Journal of the Royal Society of Medicine,01410768,2
56239499600,Stanley Feldman,21395,Acta Anaesthesiologica Belgica,00015164,3
56239499600,Stanley Feldman,21397,Acta Anaesthesiologica Scandinavica,00015172,1
56239499600,Stanley Feldman,21410,Anaesthesia,00032409,33
56239499600,Stanley Feldman,21411,Anaesthesia and Intensive Care,0310057X,2
56239499600,Stanley Feldman,21843,Anesthesia and Analgesia,00032999,6
56239499600,Stanley Feldman,21846,Anesthesiology,00033022,5
56239499600,Stanley Feldman,21858,British Journal of Anaesthesia,00070912,14
56239499600,Stanley Feldman,21887,European Journal of Anaesthesiology,02650215,2
56239499600,Stanley Feldman,21889,European Journal of Anaesthesiology Supplement,09521941,2
56239499600,Stanley Feldman,21894,International Anesthesiology Clinics,00205907,2
56239499600,Stanley Feldman,39194,British Journal of Hospital Medicine,00071064,1
56239499600,Stanley Feldman,51748,British Medical Journal,00071447,1
56239499600,Stanley Feldman,83627,Clinics in Anaesthesiology,02619881,1
56296869000,Alexander Browman,12811,Personality and Social Psychology Bulletin,01461672,1
56296869000,Alexander Browman,13344,Social Psychology of Education,13812890,1
56296869000,Alexander Browman,15499,Journal of Experimental Social Psychology,00221031,1
56296869000,Alexander Browman,19400158483,Social Issues and Policy Review,17512395,1
56296869000,Alexander Browman,19700187625,Journal of Research on Educational Effectiveness,19345747,1
56296869000,Alexander Browman,21101017693,Motivation Science,23338113,1
56296869000,Alexander Browman,21101089656,Translational Issues in Psychological Science,23322136,1
56296869000,Alexander Browman,21448,Journal of Experimental Education,00220973,1
56296869000,Alexander Browman,30039,Journal of Personality and Social Psychology,00223514,1
56296869000,Alexander Browman,30088,Journal of Social Issues,00224537,1
56296869000,Alexander Browman,30090,Journal of Social Psychology,00224545,1
56296869000,Alexander Browman,5800179627,Self and Identity,15298868,1
56329786700,Joshua Robison,10600153309,Plos One,19326203,1
56329786700,Joshua Robison,13447,Comparative Political Studies,00104140,1
56329786700,Joshua Robison,16114,Electoral Studies,02613794,1
56329786700,Joshua Robison,16232,British Journal of Political Science,00071234,2
56329786700,Joshua Robison,17497,British Journal of Sociology,00071315,1
56329786700,Joshua Robison,18437,European Journal of Political Research,03044130,1
56329786700,Joshua Robison,19774,International Journal of Public Opinion Research,09542892,2
56329786700,Joshua Robison,20333,Journal of Politics,00223816,2
56329786700,Joshua Robison,21100255401,Sage Open,21582440,1
56329786700,Joshua Robison,21100835891,Journal of Experimental Political Science,20522630,1
56329786700,Joshua Robison,22832,Political Behavior,01909320,4
56329786700,Joshua Robison,22838,Political Communication,10584609,2
56329786700,Joshua Robison,22861,Political Psychology,0162895X,4
56329786700,Joshua Robison,22867,Political Research Quarterly,10659129,2
56329786700,Joshua Robison,22890,Political Studies,00323217,1
56329786700,Joshua Robison,26439,Social Science Quarterly,00384941,1
56329786700,Joshua Robison,26441,Social Science Research,0049089X,1
56371168200,Erik Peterson,12198,Journal of Bone and Joint Surgery,00219355,3
56371168200,Erik Peterson,12201,Journal of Bone and Joint Surgery Series B,0301620X,1
56371168200,Erik Peterson,12239,Journal of Orthopaedic Research,07360266,1
56371168200,Erik Peterson,13068,Spine,03622436,5
56371168200,Erik Peterson,144804,Acta Orthopaedica,17453674,7
56371168200,Erik Peterson,15846,Journal of Biomechanics,00219290,1
56371168200,Erik Peterson,15847,New England Journal of Medicine,00284793,1
56371168200,Erik Peterson,16589,Lakartidningen,00237205,6
56371168200,Erik Peterson,16817,Journal of Psychosomatic Research,00223999,1
56371168200,Erik Peterson,16916,Physical Therapy,00319023,1
56371168200,Erik Peterson,17574,Acta Psychiatrica Scandinavica,0001690X,1
56371168200,Erik Peterson,17909,Skeletal Radiology A Journal of Radiology Pathology and Orthopedics,03642348,1
56371168200,Erik Peterson,18148,Pain,03043959,1
56371168200,Erik Peterson,19059,Tissue Engineering,10763279,1
56371168200,Erik Peterson,19393,British Journal of Urology,00071331,1
56371168200,Erik Peterson,19732,Osteoarthritis and Cartilage,10634584,2
56371168200,Erik Peterson,19799,American Journal of Sports Medicine,03635465,16
56371168200,Erik Peterson,19817,British Journal of Sports Medicine,03063674,4
56371168200,Erik Peterson,19873,Journal of Orthopaedic and Sports Physical Therapy,01906011,1
56371168200,Erik Peterson,19890,Knee Surgery Sports Traumatology Arthroscopy,09422056,1
56371168200,Erik Peterson,19894,Medicine and Science in Sports and Exercise,01959131,2
56371168200,Erik Peterson,20032,Acta Radiologica,02841851,3
56371168200,Erik Peterson,20346,Scandinavian Journal of Medicine Science in Sports,09057188,1
56371168200,Erik Peterson,20510,Scandinavian Journal of Urology and Nephrology,00365599,1
56371168200,Erik Peterson,21100197977,Cartilage,19476035,1
56371168200,Erik Peterson,21178,Journal of Materials Science Materials in Medicine,09574530,1
56371168200,Erik Peterson,21239,Drugs,00126667,2
56371168200,Erik Peterson,21326,European Journal of Clinical Pharmacology,00316970,2
56371168200,Erik Peterson,22269,Scandinavian Journal of Plastic and Reconstructive Surgery and Hand Surgery,02844311,2
56371168200,Erik Peterson,22418,Journal of Antimicrobial Chemotherapy,03057453,1
56371168200,Erik Peterson,23183,European Heart Journal,0195668X,1
56371168200,Erik Peterson,23758,International Angiology,03929590,1
56371168200,Erik Peterson,23850,Journal of Cardiovascular Surgery,00219509,1
56371168200,Erik Peterson,25422,Calcified Tissue International,0171967X,2
56371168200,Erik Peterson,26037,Pathophysiology of Haemostasis and Thrombosis,14248832,1
56371168200,Erik Peterson,27467,Gynecologic Oncology,00908258,1
56371168200,Erik Peterson,27592,Arthritis Research Therapy,14786362,1
56371168200,Erik Peterson,28200,Biomaterials,01429612,1
56371168200,Erik Peterson,28668,Acta Oncologica,0284186X,1
56371168200,Erik Peterson,29166,Cells Tissues Organs,14226405,1
56371168200,Erik Peterson,29603,Clinical Orthopaedics and Related Research,0009921X,3
56371168200,Erik Peterson,29735,Foot,09582592,1
56371168200,Erik Peterson,30056,Acta Obstetricia Et Gynecologica Scandinavica,00016349,3
56371168200,Erik Peterson,32422,Journal of International Medical Research,03000605,2
56371168200,Erik Peterson,33489,Surgery Gynecology and Obstetrics,00396087,1
56371168200,Erik Peterson,38602,International Journal of Oral Surgery,03009785,1
56371168200,Erik Peterson,39545,Annales Chirurgiae Et Gynaecologiae,03559521,1
56371168200,Erik Peterson,7600153105,Bulletin of the Hospital for Joint Diseases Orthopaedic Institute,00185647,1
56371168200,Erik Peterson,79174,Clinical Trials Journal,00099325,1
56378689300,Katherine Weisshaar,16929,American Sociological Review,00031224,3
56378689300,Katherine Weisshaar,17530,Social Forces,00377732,2
56378689300,Katherine Weisshaar,19250,Work and Occupations,07308884,1
56378689300,Katherine Weisshaar,21100855741,Sociological Science,23306696,1
56378689300,Katherine Weisshaar,21101021489,Socius,23780231,1
56378689300,Katherine Weisshaar,26365,Demography,00703370,1
56428054900,Gert Wagner,10600153309,Plos One,19326203,8
56428054900,Gert Wagner,12006,Journal of Vocational Behavior,00018791,1
56428054900,Gert Wagner,12100155617,Blatter Der Dgvfm,00120200,1
56428054900,Gert Wagner,12134,Journal of Official Statistics,0282423X,1
56428054900,Gert Wagner,12445,Deutsche Medizinische Wochenschrift,00120472,1
56428054900,Gert Wagner,13468,Psychological Science,09567976,3
56428054900,Gert Wagner,13500,Developmental Psychology,00121649,4
56428054900,Gert Wagner,13627,Allgemeines Statistisches Archiv,00026018,1
56428054900,Gert Wagner,14075,Emotion,15283542,5
56428054900,Gert Wagner,14105,European Journal of Personality,08902070,2
56428054900,Gert Wagner,144824,Standort,01743635,1
56428054900,Gert Wagner,144933,Review of Economics of the Household,15695239,1
56428054900,Gert Wagner,144947,European Journal of Ageing,16139372,2
56428054900,Gert Wagner,146223,Behavior Research Methods,1554351X,1
56428054900,Gert Wagner,147231,International Review for the Sociology of Sport,10126902,1
56428054900,Gert Wagner,14750,International Journal of Epidemiology,03005771,1
56428054900,Gert Wagner,14760,Zeitschrift Fur Bibliothekswesen Und Bibliographie,00442380,1
56428054900,Gert Wagner,14773,Information Wissenschaft Und Praxis,14344653,1
56428054900,Gert Wagner,14780,Swiss Journal of Psychology,14210185,1
56428054900,Gert Wagner,14871,International Journal of Behavioral Development,01650254,1
56428054900,Gert Wagner,15470,Journal of Environmental Psychology,02724944,1
56428054900,Gert Wagner,15726,Kolner Zeitschrift Fur Soziologie Und Sozialpsychologie,00232653,1
56428054900,Gert Wagner,16110,Kyklos,00235962,1
56428054900,Gert Wagner,17700155011,Asta Wirtschafts Und Sozialstatistisches Archiv,18638155,1
56428054900,Gert Wagner,17700156312,Environmental Policy and Governance,1756932X,1
56428054900,Gert Wagner,18091,Sociological Methods and Research,00491241,1
56428054900,Gert Wagner,18745,Psychoneuroendocrinology,03064530,1
56428054900,Gert Wagner,18990,Nature Genetics,10614036,3
56428054900,Gert Wagner,19041,Landscape and Urban Planning,01692046,1
56428054900,Gert Wagner,19391,Social Indicators Research,03038300,6
56428054900,Gert Wagner,19700170495,Liber Quarterly,14355205,1
56428054900,Gert Wagner,19700173006,Clinical Epigenetics,18687075,2
56428054900,Gert Wagner,20112,Bundesgesundheitsblatt Gesundheitsforschung Gesundheitsschutz,14369990,1
56428054900,Gert Wagner,20733,European Journal of Public Health,11011262,1
56428054900,Gert Wagner,20749,European Economic Review,00142921,1
56428054900,Gert Wagner,20912,Environment International,01604120,1
56428054900,Gert Wagner,21100199831,Frontiers in Aging Neuroscience,16634365,1
56428054900,Gert Wagner,21100200805,Scientific Reports,20452322,3
56428054900,Gert Wagner,21100216571,Frontiers in Psychology,16641078,1
56428054900,Gert Wagner,21100256106,Survey Research Methods,18643361,1
56428054900,Gert Wagner,21100274406,Clinical Psychological Science,21677026,1
56428054900,Gert Wagner,21100283775,Biology of Sex Differences,20426410,1
56428054900,Gert Wagner,21100805354,Geroscience,25092715,1
56428054900,Gert Wagner,21100823451,German Journal of Exercise and Sport Research,25093142,1
56428054900,Gert Wagner,21100836334,Publications,23046775,2
56428054900,Gert Wagner,21100857520,Collabra Psychology,24747394,2
56428054900,Gert Wagner,21100873453,Palgrave Communications,20551045,1
56428054900,Gert Wagner,21100899292,List Forum Fur Wirtschafts Und Finanzpolitik,09370862,1
56428054900,Gert Wagner,21101016911,Review of Economics,09485139,1
56428054900,Gert Wagner,21101021196,Environment and Planning B Urban Analytics and City Science,23998083,1
56428054900,Gert Wagner,21101188408,Frontiers in Research Metrics and Analytics,25040537,1
56428054900,Gert Wagner,21121,Proceedings of the National Academy of Sciences of the United States of America,00278424,1
56428054900,Gert Wagner,21255,Feminist Economics,13545701,1
56428054900,Gert Wagner,21604,European Environment,09610405,1
56428054900,Gert Wagner,21741,Behavior Genetics,00018244,1
56428054900,Gert Wagner,22532,Public Health Forum,09445587,1
56428054900,Gert Wagner,22900,Research Policy,00487333,1
56428054900,Gert Wagner,23273,International Journal of Phytoremediation,15226514,1
56428054900,Gert Wagner,23434,Journal of Risk Research,13669877,1
56428054900,Gert Wagner,23540,Wirtschaftsdienst,00436275,21
56428054900,Gert Wagner,23861,Journal of Comparative Economics,01475967,1
56428054900,Gert Wagner,23865,Journal of Economic Behavior and Organization,01672681,1
56428054900,Gert Wagner,26350,Journal of European Social Policy,09589287,1
56428054900,Gert Wagner,26441,Social Science Research,0049089X,1
56428054900,Gert Wagner,26661,Journal of Nutrition Health and Aging,12797707,2
56428054900,Gert Wagner,26857,International Migration Review,01979183,1
56428054900,Gert Wagner,27132,Jahrbucher Fur Nationalokonomie Und Statistik,00214027,1
56428054900,Gert Wagner,27159,Innovation the European Journal of Social Science Research,13511610,1
56428054900,Gert Wagner,27343,Journal of Ethnic and Migration Studies,1369183X,1
56428054900,Gert Wagner,27364,Population Development Review,,1
56428054900,Gert Wagner,27663,Journal of Conflict Resolution,00220027,1
56428054900,Gert Wagner,28471,Ageing and Society,0144686X,1
56428054900,Gert Wagner,28490,Economics Letters,01651765,1
56428054900,Gert Wagner,29009,Journal of Public Economics,00472727,1
56428054900,Gert Wagner,29071,Gerontology,0304324X,3
56428054900,Gert Wagner,29224,International Archives of Occupational and Environmental Health,03400131,1
56428054900,Gert Wagner,29559,Journals of Gerontology Series A Biological Sciences and Medical Sciences,10795006,1
56428054900,Gert Wagner,29561,Journals of Gerontology Series B Psychological Sciences and Social Sciences,10795014,4
56428054900,Gert Wagner,29802,Psychology and Aging,08827974,19
56428054900,Gert Wagner,30022,Journal of Personality,00223506,1
56428054900,Gert Wagner,30039,Journal of Personality and Social Psychology,00223514,5
56428054900,Gert Wagner,30073,Journal of Research in Personality,00926566,2
56428054900,Gert Wagner,30969,Moct Most Economic Policy in Transitional Economies,11207388,1
56428054900,Gert Wagner,4000152130,Economists Voice,15533832,1
56428054900,Gert Wagner,40637,Zeitschrift Fur Gerontologie Und Geriatrie,09486704,4
56428054900,Gert Wagner,4700152623,Applied Research in Quality of Life,18712584,1
56428054900,Gert Wagner,5800184475,Economic Bulletin,0343754X,1
56428054900,Gert Wagner,5800191435,Economic Analysis and Policy,03135926,1
56428054900,Gert Wagner,5800207373,Journal of Positive Psychology,17439760,1
56428054900,Gert Wagner,5800224144,Zeitschrift Fur Evangelische Ethik,00442674,1
56428054900,Gert Wagner,69336,Names,00277738,2
56428054900,Gert Wagner,7500153126,Journal of the European Economic Association,15424766,1
56428054900,Gert Wagner,77191,Early Childhood Research Quarterly,08852006,1
56453385500,Ilene Hollin,13384,Health Care Manager,15255794,1
56453385500,Ilene Hollin,15509,Journal of Genetic Counseling,10597700,1
56453385500,Ilene Hollin,15771,Muscle and Nerve,0148639X,1
56453385500,Ilene Hollin,17643,Journal of the American Academy of Child and Adolescent Psychiatry,08908567,1
56453385500,Ilene Hollin,17732,Quality of Life Research,09629343,1
56453385500,Ilene Hollin,17785,Medical Care,00257079,1
56453385500,Ilene Hollin,17952,Neurology,00283878,1
56453385500,Ilene Hollin,19278,Transplantation,00411337,1
56453385500,Ilene Hollin,19279,Transplantation Proceedings,00411345,1
56453385500,Ilene Hollin,19700174999,Patient,11781653,5
56453385500,Ilene Hollin,19700175819,Patient Preference and Adherence,1177889X,1
56453385500,Ilene Hollin,21100932737,BMJ Open Quality,23996641,1
56453385500,Ilene Hollin,21100948915,Mdm Policy and Practice,23814683,1
56453385500,Ilene Hollin,21101061926,Frontiers in Communication,2297900X,1
56453385500,Ilene Hollin,21101132921,Exploratory Research in Clinical and Social Pharmacy,26672766,1
56453385500,Ilene Hollin,22377,Value in Health,10983015,1
56453385500,Ilene Hollin,23602,BMC Medical Informatics and Decision Making,14726947,1
56453385500,Ilene Hollin,23643,Health Informatics Journal,14604582,1
56453385500,Ilene Hollin,25294,Journal of Cystic Fibrosis,15691993,1
56453385500,Ilene Hollin,29712,Clinical Therapeutics,01492918,1
56453385500,Ilene Hollin,4700151922,Research in Social and Administrative Pharmacy,15517411,1
56453385500,Ilene Hollin,92233,Issue Brief Commonwealth Fund,15586847,1
56465449000,Maya Sen,10600153309,Plos One,19326203,1
56465449000,Maya Sen,145558,Political Analysis,10471987,4
56465449000,Maya Sen,145595,American Law and Economics Review,14657252,2
56465449000,Maya Sen,15528,Annals of the American Academy of Political and Social Science,00027162,2
56465449000,Maya Sen,15555,American Journal of Political Science,00925853,1
56465449000,Maya Sen,15557,American Political Science Review,00030554,1
56465449000,Maya Sen,16220,Journal of Law and Economics,00222186,1
56465449000,Maya Sen,16269,Journal of Legal Studies,00472530,2
56465449000,Maya Sen,20333,Journal of Politics,00223816,6
56465449000,Maya Sen,20350,Journal of Theoretical Politics,09516298,1
56465449000,Maya Sen,21058,UCLA Law Review,00415650,1
56465449000,Maya Sen,21100259111,Journal of Legal Analysis,21617201,1
56465449000,Maya Sen,21100838541,Nature Human Behaviour,23973374,1
56465449000,Maya Sen,21100942111,Journal of Law and Courts,21646570,1
56465449000,Maya Sen,21101186976,Pnas Nexus,27526542,1
56465449000,Maya Sen,21121,Proceedings of the National Academy of Sciences of the United States of America,00278424,1
56465449000,Maya Sen,22197,PS Political Science and Politics,10490965,1
56465449000,Maya Sen,22867,Political Research Quarterly,10659129,1
56465449000,Maya Sen,23574,Public Opinion Quarterly,0033362X,1
56465449000,Maya Sen,28933,Judicature,00225800,1
56465449000,Maya Sen,4000148701,Perspectives on Politics,15375927,1
56482652000,Matthew Levy,19900191883,American Economic Journal Microeconomics,19457669,1
56482652000,Matthew Levy,20002,Economic Inquiry,00952583,1
56482652000,Matthew Levy,20048,Economica,00130427,1
56482652000,Matthew Levy,21100838541,Nature Human Behaviour,23973374,1
56482652000,Matthew Levy,21307,Management Science,00251909,1
56482652000,Matthew Levy,22915,Journal of Economic Psychology,01674870,1
56482652000,Matthew Levy,23865,Journal of Economic Behavior and Organization,01672681,2
56482652000,Matthew Levy,6700153287,Economics Bulletin,15452921,1
56482652000,Matthew Levy,7500153126,Journal of the European Economic Association,15424766,1
56487218300,Scott Clifford,145558,Political Analysis,10471987,2
56487218300,Scott Clifford,146223,Behavior Research Methods,1554351X,1
56487218300,Scott Clifford,15555,American Journal of Political Science,00925853,2
56487218300,Scott Clifford,15557,American Political Science Review,00030554,4
56487218300,Scott Clifford,15559,American Politics Research,1532673X,2
56487218300,Scott Clifford,16114,Electoral Studies,02613794,1
56487218300,Scott Clifford,19400157006,Judgment and Decision Making,19302975,1
56487218300,Scott Clifford,20333,Journal of Politics,00223816,4
56487218300,Scott Clifford,21100835891,Journal of Experimental Political Science,20522630,2
56487218300,Scott Clifford,21100865122,Research and Politics,20531680,1
56487218300,Scott Clifford,21100870919,Political Science Research and Methods,20498470,2
56487218300,Scott Clifford,22832,Political Behavior,01909320,10
56487218300,Scott Clifford,22838,Political Communication,10584609,1
56487218300,Scott Clifford,22861,Political Psychology,0162895X,1
56487218300,Scott Clifford,22867,Political Research Quarterly,10659129,2
56487218300,Scott Clifford,23442,Politics and the Life Sciences,07309384,1
56487218300,Scott Clifford,23574,Public Opinion Quarterly,0033362X,3
56487218300,Scott Clifford,5800179612,Social Neuroscience,17470919,1
56489591900,Adam Levine,12191,Journal of Arthroplasty,08835403,1
56489591900,Adam Levine,12198,Journal of Bone and Joint Surgery,00219355,2
56489591900,Adam Levine,12239,Journal of Orthopaedic Research,07360266,2
56489591900,Adam Levine,12647,Pediatric Blood and Cancer,15455009,1
56489591900,Adam Levine,12911,Orthopedics,01477447,2
56489591900,Adam Levine,13118,Sarcoma,1357714X,5
56489591900,Adam Levine,13149,Surgical Oncology,09607404,3
56489591900,Adam Levine,145157,American Journal of Medical Genetics Part A,15524825,1
56489591900,Adam Levine,15206,Journal of the American Academy of Orthopaedic Surgeons,1067151X,9
56489591900,Adam Levine,15898,Journal of Evaluation in Clinical Practice,13561294,1
56489591900,Adam Levine,17191,International Journal of Radiation Oncology Biology Physics,03603016,1
56489591900,Adam Levine,17241,Journal of Ultrasound in Medicine,02784297,1
56489591900,Adam Levine,17858,Radiologia Medica,00338362,1
56489591900,Adam Levine,17909,Skeletal Radiology,03642348,1
56489591900,Adam Levine,18387,Medicine United States,00257974,1
56489591900,Adam Levine,19700175014,Translational Oncology,19365233,1
56489591900,Adam Levine,19700182810,Patient Safety in Surgery,17549493,1
56489591900,Adam Levine,19700188368,Genes,20734425,1
56489591900,Adam Levine,19732,Osteoarthritis and Cartilage,10634584,2
56489591900,Adam Levine,19900191708,Oncotarget,19492553,1
56489591900,Adam Levine,20483,Annals of Plastic Surgery,01487043,1
56489591900,Adam Levine,20558,Urology,00904295,1
56489591900,Adam Levine,21100206283,Journal of Bone Oncology,22121374,3
56489591900,Adam Levine,21100218036,Radiation Oncology Journal,22341900,1
56489591900,Adam Levine,21100225608,Stem Cells Translational Medicine,21576564,1
56489591900,Adam Levine,21100256976,Journal of Orthopaedics,0972978X,1
56489591900,Adam Levine,21100275443,Frontiers in Oncology,2234943X,1
56489591900,Adam Levine,21100445819,Arthroplasty Today,23523441,1
56489591900,Adam Levine,21100465104,Advances in Radiation Oncology,24521094,2
56489591900,Adam Levine,21100466857,Jbjs Case Connector,21603251,6
56489591900,Adam Levine,21100466864,Journal for Immunotherapy of Cancer,20511426,1
56489591900,Adam Levine,21100779066,Jbjs Reviews,23299185,3
56489591900,Adam Levine,21100897027,JCO Clinical Cancer Informatics,24734276,1
56489591900,Adam Levine,21100900345,JAMA Network Open,25743805,1
56489591900,Adam Levine,21100984155,Jbjs Open Access,24727245,1
56489591900,Adam Levine,21101019709,Journal of the American Academy of Orthopaedic Surgeons Global Research and Reviews,24747661,3
56489591900,Adam Levine,21625,International Journal of Surgical Pathology,10668969,1
56489591900,Adam Levine,21678,Journal of Foot and Ankle Surgery,10672516,1
56489591900,Adam Levine,21679,Journal of Gastrointestinal Surgery,1091255X,1
56489591900,Adam Levine,21725,Journal of Surgical Oncology,00224790,5
56489591900,Adam Levine,22170,Plastic and Reconstructive Surgery,00321052,1
56489591900,Adam Levine,23728,Telemedicine and E Health,15305627,1
56489591900,Adam Levine,27085,American Journal of Surgical Pathology,01475185,1
56489591900,Adam Levine,28785,Cancer,0008543X,3
56489591900,Adam Levine,29263,Clinical Cancer Research,10780432,2
56489591900,Adam Levine,29319,Current Oncology,17187729,1
56489591900,Adam Levine,29603,Clinical Orthopaedics and Related Research,0009921X,9
56489591900,Adam Levine,29949,Journal of Clinical Oncology,0732183X,1
56489591900,Adam Levine,29956,Journal of Pediatric Hematology Oncology,10774114,1
56489591900,Adam Levine,39465,Annals of Surgical Oncology,10689265,1
56489591900,Adam Levine,4700151726,Trials,17456215,1
56489591900,Adam Levine,5200152837,Journal of Surgical Education,19317204,4
56489591900,Adam Levine,5700191212,Journal of Orthopaedic Surgery and Research,1749799X,1
56495038200,Kevin Pinkston,16931,American Sociologist,00031232,1
56495038200,Kevin Pinkston,30090,Journal of Social Psychology,00224545,1
56495038200,Kevin Pinkston,5700155900,Applied Developmental Science,10888691,1
56513594200,Sachini Bandara,10600153309,Plos One,19326203,1
56513594200,Sachini Bandara,110175,Psychiatric Services Washington D C,15579700,4
56513594200,Sachini Bandara,11300153503,Journal of Correctional Health Care,10783458,1
56513594200,Sachini Bandara,12000154320,Addiction Science and Clinical Practice,19400632,1
56513594200,Sachini Bandara,13408,Health Services Research,00179124,3
56513594200,Sachini Bandara,15571,Journal of Mental Health Policy and Economics,10914358,1
56513594200,Sachini Bandara,15665,General Hospital Psychiatry,01638343,1
56513594200,Sachini Bandara,15915,Journal of Health Care for the Poor and Underserved,10492089,1
56513594200,Sachini Bandara,15916,Journal of Health Communication,10810730,1
56513594200,Sachini Bandara,15931,Journal of Health Politics Policy and Law,03616878,3
56513594200,Sachini Bandara,16448,Journal of Urban Health,10993460,1
56513594200,Sachini Bandara,17665,Preventive Medicine,00917435,3
56513594200,Sachini Bandara,18983,Social Science and Medicine,02779536,1
56513594200,Sachini Bandara,19200157106,Journal of Addiction Medicine,19320620,2
56513594200,Sachini Bandara,19561,American Journal of Public Health,00900036,1
56513594200,Sachini Bandara,20122,Women S Health Issues,10493867,1
56513594200,Sachini Bandara,20814,Harm Reduction Journal,14777517,1
56513594200,Sachini Bandara,20833,Health Affairs,02782715,4
56513594200,Sachini Bandara,20885,Health Expectations,13696513,1
56513594200,Sachini Bandara,21100774810,Health and Justice,21947899,1
56513594200,Sachini Bandara,21100798718,Frontiers in Public Health,22962565,1
56513594200,Sachini Bandara,21100900345,JAMA Network Open,25743805,5
56513594200,Sachini Bandara,21101034398,American Journal of Obstetrics and Gynecology Mfm,25899333,1
56513594200,Sachini Bandara,21101120622,JAMA Health Forum,26890186,1
56513594200,Sachini Bandara,21101247455,Journal of Substance Use and Addiction Treatment,29498767,3
56513594200,Sachini Bandara,21101274001,Substance Use and Addiction Journal,29767342,1
56513594200,Sachini Bandara,21101308467,Health Affairs Scholar,29765390,1
56513594200,Sachini Bandara,21103,Milbank Quarterly,0887378X,1
56513594200,Sachini Bandara,21317,Health Promotion Practice,15248399,1
56513594200,Sachini Bandara,21906,Journal of Public Health Policy,01975897,1
56513594200,Sachini Bandara,21945,Substance Use and Misuse,10826084,1
56513594200,Sachini Bandara,23019,Prevention Science,13894986,1
56513594200,Sachini Bandara,24745,Addiction,09652140,1
56513594200,Sachini Bandara,25290,International Journal of Drug Policy,09553959,4
56513594200,Sachini Bandara,25334,Journal of Substance Abuse Treatment,07405472,2
56513594200,Sachini Bandara,26380,Drug and Alcohol Dependence,03768716,5
56513594200,Sachini Bandara,26643,Journal of General Internal Medicine,08848734,2
56513594200,Sachini Bandara,27063,American Journal of Preventive Medicine,07493797,3
56513594200,Sachini Bandara,28098,BMC Health Services Research,14726963,1
56513594200,Sachini Bandara,29291,Community Mental Health Journal,00103853,1
56513594200,Sachini Bandara,4700152825,Obesity,19307381,2
56519267500,Travis Johnston,147233,Punishment and Society,14624745,1
56519267500,Travis Johnston,15559,American Politics Research,1532673X,1
56519267500,Travis Johnston,20738,Review of Higher Education,01625748,1
56519267500,Travis Johnston,21101122746,Journal of Labor and Society,24714607,1
56519267500,Travis Johnston,22197,PS Political Science and Politics,10490965,1
56519267500,Travis Johnston,23528,Presidential Studies Quarterly,03604918,1
56523595800,Mingnan Liu,12134,Journal of Official Statistics,0282423X,1
56523595800,Mingnan Liu,15453,Journal of Cross Cultural Psychology,00220221,1
56523595800,Mingnan Liu,18916,Social Science Computer Review,08944393,5
56523595800,Mingnan Liu,19372,Quality and Quantity,00335177,1
56523595800,Mingnan Liu,19419,Computers in Human Behavior,07475632,3
56523595800,Mingnan Liu,19700182730,Asian American Journal of Psychology,19481985,1
56523595800,Mingnan Liu,21101058963,Methodological Innovations,20597991,2
56523595800,Mingnan Liu,22819,International Journal of Market Research,14707853,2
56523595800,Mingnan Liu,23574,Public Opinion Quarterly,0033362X,2
56523595800,Mingnan Liu,24359,Women S Studies International Forum,02775395,1
56523595800,Mingnan Liu,27204,International Journal of Social Research Methodology,13645579,1
56523595800,Mingnan Liu,29972,Journal of Homosexuality,00918369,1
56534131300,Natasha Quadlin,13358,Sociology of Education,00380407,3
56534131300,Natasha Quadlin,14925,Gender and Society,08912432,2
56534131300,Natasha Quadlin,15500,Journal of Family and Economic Issues,10580476,1
56534131300,Natasha Quadlin,15653,Journal of Marriage and Family,00222445,3
56534131300,Natasha Quadlin,16926,American Journal of Sociology,00029602,1
56534131300,Natasha Quadlin,16929,American Sociological Review,00031224,1
56534131300,Natasha Quadlin,17530,Social Forces,00377732,4
56534131300,Natasha Quadlin,17562,Social Psychology Quarterly,01902725,1
56534131300,Natasha Quadlin,18103,Sociological Quarterly,00380253,1
56534131300,Natasha Quadlin,21100819062,Social Currents,23294965,1
56534131300,Natasha Quadlin,21100886215,Rsf,23778253,1
56534131300,Natasha Quadlin,21101021489,Socius,23780231,2
56534131300,Natasha Quadlin,26441,Social Science Research,0049089X,2
56534131300,Natasha Quadlin,4100151507,Research in Social Stratification and Mobility,02765624,3
56566089400,Abigail Fisher Williamson,20877,Health Education and Behavior,10901981,1
56566089400,Abigail Fisher Williamson,21101134736,Ssm Mental Health,26665603,2
56566089400,Abigail Fisher Williamson,21905,Journal of Public Health Management and Practice,10784659,1
56566089400,Abigail Fisher Williamson,27343,Journal of Ethnic and Migration Studies,1369183X,1
56566709800,Alexandre Morin-Chasse,144970,Science and Education,09267220,1
56566709800,Alexandre Morin-Chasse,19774,International Journal of Public Opinion Research,09542892,1
56566709800,Alexandre Morin-Chasse,21100325067,Energy Research and Social Science,22146296,1
56566709800,Alexandre Morin-Chasse,21100464902,Journal of Environmental Studies and Sciences,21906483,1
56566709800,Alexandre Morin-Chasse,21100835891,Journal of Experimental Political Science,20522630,1
56566709800,Alexandre Morin-Chasse,5700165635,Journal of Elections Public Opinion and Parties,17457289,1
56566709800,Alexandre Morin-Chasse,67863,Party Politics,13540688,1
56581841800,Joshua Kalla,10600153309,Plos One,19326203,1
56581841800,Joshua Kalla,11600153640,Quarterly Journal of Political Science,15540626,1
56581841800,Joshua Kalla,145558,Political Analysis,10471987,1
56581841800,Joshua Kalla,15555,American Journal of Political Science,00925853,5
56581841800,Joshua Kalla,15557,American Political Science Review,00030554,5
56581841800,Joshua Kalla,15559,American Politics Research,1532673X,2
56581841800,Joshua Kalla,16232,British Journal of Political Science,00071234,2
56581841800,Joshua Kalla,20333,Journal of Politics,00223816,3
56581841800,Joshua Kalla,21100835891,Journal of Experimental Political Science,20522630,1
56581841800,Joshua Kalla,21121,Proceedings of the National Academy of Sciences of the United States of America,00278424,2
56581841800,Joshua Kalla,21376,Vaccine,0264410X,1
56581841800,Joshua Kalla,23571,Science,00368075,1
56589876800,Andrew Guess,12811,Personality and Social Psychology Bulletin,01461672,1
56589876800,Andrew Guess,145558,Political Analysis,10471987,1
56589876800,Andrew Guess,15555,American Journal of Political Science,00925853,2
56589876800,Andrew Guess,15613,Journal of Communication,00219916,1
56589876800,Andrew Guess,18916,Social Science Computer Review,08944393,1
56589876800,Andrew Guess,20333,Journal of Politics,00223816,1
56589876800,Andrew Guess,21100255401,Sage Open,21582440,1
56589876800,Andrew Guess,21100457028,Science Advances,23752548,2
56589876800,Andrew Guess,21100835891,Journal of Experimental Political Science,20522630,2
56589876800,Andrew Guess,21100838541,Nature Human Behaviour,23973374,4
56589876800,Andrew Guess,21100855741,Sociological Science,23306696,1
56589876800,Andrew Guess,21100870919,Political Science Research and Methods,20498470,2
56589876800,Andrew Guess,21101158576,Harvard Kennedy School Misinformation Review,27661652,1
56589876800,Andrew Guess,21101186976,Pnas Nexus,27526542,1
56589876800,Andrew Guess,21121,Proceedings of the National Academy of Sciences of the United States of America,00278424,6
56589876800,Andrew Guess,21206,Nature,00280836,1
56589876800,Andrew Guess,21376,Vaccine,0264410X,1
56589876800,Andrew Guess,22832,Political Behavior,01909320,2
56589876800,Andrew Guess,22838,Political Communication,10584609,2
56589876800,Andrew Guess,23571,Science,00368075,3
56589876800,Andrew Guess,78414,Asian Australasian Journal of Animal Sciences,10112367,1
56590030100,Alexander Coppock,11600153640,Quarterly Journal of Political Science,15540626,1
56590030100,Alexander Coppock,145558,Political Analysis,10471987,1
56590030100,Alexander Coppock,145678,Biology Letters,17449561,1
56590030100,Alexander Coppock,15555,American Journal of Political Science,00925853,3
56590030100,Alexander Coppock,15557,American Political Science Review,00030554,3
56590030100,Alexander Coppock,16114,Electoral Studies,02613794,1
56590030100,Alexander Coppock,16232,British Journal of Political Science,00071234,1
56590030100,Alexander Coppock,20333,Journal of Politics,00223816,2
56590030100,Alexander Coppock,21100457028,Science Advances,23752548,2
56590030100,Alexander Coppock,21100797724,Journal of Survey Statistics and Methodology,23250984,1
56590030100,Alexander Coppock,21100835891,Journal of Experimental Political Science,20522630,3
56590030100,Alexander Coppock,21100838541,Nature Human Behaviour,23973374,1
56590030100,Alexander Coppock,21100865122,Research and Politics,20531680,2
56590030100,Alexander Coppock,21101093357,Statistics Politics and Policy,21946299,1
56590030100,Alexander Coppock,21101186976,Pnas Nexus,27526542,1
56590030100,Alexander Coppock,21121,Proceedings of the National Academy of Sciences of the United States of America,00278424,2
56590030100,Alexander Coppock,21206,Nature,00280836,1
56590030100,Alexander Coppock,22197,PS Political Science and Politics,10490965,1
56590030100,Alexander Coppock,22326,Organizational Behavior and Human Decision Processes,07495978,1
56590030100,Alexander Coppock,22832,Political Behavior,01909320,2
56590030100,Alexander Coppock,22838,Political Communication,10584609,1
56590030100,Alexander Coppock,23574,Public Opinion Quarterly,0033362X,2
56608726200,William Schulz,10600153309,Plos One,19326203,1
56608726200,William Schulz,144989,International Journal of Environmental Research and Public Health,16617827,1
56608726200,William Schulz,145558,Political Analysis,10471987,1
56608726200,William Schulz,19621,BMC Public Health,14712458,1
56608726200,William Schulz,21100218003,Plos Currents,21573999,2
56608726200,William Schulz,21100369815,Ebiomedicine,23523964,1
56608726200,William Schulz,21100457028,Science Advances,23752548,1
56608726200,William Schulz,21100835891,Journal of Experimental Political Science,20522630,1
56608726200,William Schulz,21376,Vaccine,0264410X,2
56612026700,Meredith Sadin,130146,Journal of Experimental Criminology,15733750,1
56612026700,Meredith Sadin,13953,Journal of Urban Design,13574809,1
56612026700,Meredith Sadin,147233,Punishment and Society,14624745,1
56612026700,Meredith Sadin,15557,American Political Science Review,00030554,1
56612026700,Meredith Sadin,17585,Law and Social Inquiry,08976546,1
56612026700,Meredith Sadin,19664,Criminal Justice and Behavior,00938548,1
56612026700,Meredith Sadin,20333,Journal of Politics,00223816,1
56612026700,Meredith Sadin,22861,Political Psychology,0162895X,1
56612026700,Meredith Sadin,23574,Public Opinion Quarterly,0033362X,1
56623671500,Siwei Cheng,15896,Journal of Epidemiology and Community Health,0143005X,1
56623671500,Siwei Cheng,16926,American Journal of Sociology,00029602,2
56623671500,Siwei Cheng,16929,American Sociological Review,00031224,2
56623671500,Siwei Cheng,17530,Social Forces,00377732,2
56623671500,Siwei Cheng,17700156447,Biodemography and Social Biology,19485565,1
56623671500,Siwei Cheng,18090,Sociological Methodology,00811750,1
56623671500,Siwei Cheng,18091,Sociological Methods and Research,00491241,2
56623671500,Siwei Cheng,21100200805,Scientific Reports,20452322,1
56623671500,Siwei Cheng,21100457028,Science Advances,23752548,1
56623671500,Siwei Cheng,21100855741,Sociological Science,23306696,1
56623671500,Siwei Cheng,21100886215,Rsf,23778253,1
56623671500,Siwei Cheng,21101021489,Socius,23780231,1
56623671500,Siwei Cheng,21121,Proceedings of the National Academy of Sciences of the United States of America,00278424,3
56623671500,Siwei Cheng,26365,Demography,00703370,2
56624531700,Levi Boxell,10600153309,Plos One,19326203,1
56624531700,Levi Boxell,11600153640,Quarterly Journal of Political Science,15540626,1
56624531700,Levi Boxell,145660,Atlantic Economic Journal,01974254,1
56624531700,Levi Boxell,21121,Proceedings of the National Academy of Sciences of the United States of America,00278424,1
56624531700,Levi Boxell,23861,Journal of Comparative Economics,01475967,1
56624531700,Levi Boxell,24204,Review of Economics and Statistics,00346535,1
56624531700,Levi Boxell,28490,Economics Letters,01651765,1
56624531700,Levi Boxell,29009,Journal of Public Economics,00472727,1
56624531700,Levi Boxell,29441,Review of Economic Design,14344742,1
56624531700,Levi Boxell,30060,World Development,0305750X,1
56646126000,Pia Dietze,12811,Personality and Social Psychology Bulletin,01461672,2
56646126000,Pia Dietze,13468,Psychological Science,09567976,1
56646126000,Pia Dietze,14946,Group Processes and Intergroup Relations,13684302,1
56646126000,Pia Dietze,15478,Journal of Experimental Psychology General,19392222,1
56646126000,Pia Dietze,21100838541,Nature Human Behaviour,23973374,1
56646126000,Pia Dietze,21101263089,Journal of Public Health,21981833,1
56646126000,Pia Dietze,21121,Proceedings of the National Academy of Sciences of the United States of America,00278424,1
56646126000,Pia Dietze,23571,Science,00368075,1
56646126000,Pia Dietze,30039,Journal of Personality and Social Psychology,00223514,1
56692768700,Michael Stagnaro,10600153309,Plos One,19326203,1
56692768700,Michael Stagnaro,12857,Cognition,00100277,2
56692768700,Michael Stagnaro,14095,Ethics and Behavior,10508422,1
56692768700,Michael Stagnaro,19400157006,Judgment and Decision Making,19302975,2
56692768700,Michael Stagnaro,19700182758,Nature Communications,20411723,1
56692768700,Michael Stagnaro,19900193555,Social Psychological and Personality Science,19485506,2
56692768700,Michael Stagnaro,21100239824,Journal for the Study of Religion Nature and Culture,17494907,1
56692768700,Michael Stagnaro,21100244224,Religion Brain and Behavior,2153599X,2
56692768700,Michael Stagnaro,21100838541,Nature Human Behaviour,23973374,4
56692768700,Michael Stagnaro,21101158576,Harvard Kennedy School Misinformation Review,27661652,1
56692768700,Michael Stagnaro,21101163244,Journal for the Cognitive Science of Religion,20497555,1
56692768700,Michael Stagnaro,21121,Proceedings of the National Academy of Sciences of the United States of America,00278424,4
56692768700,Michael Stagnaro,23571,Science,00368075,1
56749101200,Patrick Ishizuka,17530,Social Forces,00377732,1
56749101200,Patrick Ishizuka,26365,Demography,00703370,3
56749101200,Patrick Ishizuka,26441,Social Science Research,0049089X,1
56767511600,Matthew H. Graham,15555,American Journal of Political Science,00925853,1
56767511600,Matthew H. Graham,15557,American Political Science Review,00030554,4
56767511600,Matthew H. Graham,16114,Electoral Studies,02613794,1
56767511600,Matthew H. Graham,20333,Journal of Politics,00223816,3
56767511600,Matthew H. Graham,21100835891,Journal of Experimental Political Science,20522630,2
56767511600,Matthew H. Graham,22832,Political Behavior,01909320,2
56767511600,Matthew H. Graham,22838,Political Communication,10584609,1
56767511600,Matthew H. Graham,23574,Public Opinion Quarterly,0033362X,6
56788845300,Patrick Corrigan,10600153309,Plos One,19326203,1
56788845300,Patrick Corrigan,110175,Psychiatric Services Washington D C,15579700,35
56788845300,Patrick Corrigan,11600153420,Social Work in Public Health,19371918,1
56788845300,Patrick Corrigan,12023,Applied and Preventive Psychology,09621849,3
56788845300,Patrick Corrigan,12053,Archives of Suicide Research,13811118,2
56788845300,Patrick Corrigan,12084,Australian Psychologist,00050067,1
56788845300,Patrick Corrigan,12088,Basic and Applied Social Psychology,01973533,1
56788845300,Patrick Corrigan,12102,Behavior Modification,01454455,2
56788845300,Patrick Corrigan,12107,Behavior Therapy,00057894,1
56788845300,Patrick Corrigan,12126,Behaviour Change,08134839,1
56788845300,Patrick Corrigan,12759,Omega United States,00302228,1
56788845300,Patrick Corrigan,12820,Canadian Journal of Community Mental Health,07133936,1
56788845300,Patrick Corrigan,12844,Clinical Psychology Science and Practice,09695893,3
56788845300,Patrick Corrigan,12854,Clinical Psychology Review,02727358,1
56788845300,Patrick Corrigan,12867,Cognitive and Behavioral Practice,10777229,3
56788845300,Patrick Corrigan,12887,Cognitive Therapy and Research,01475916,2
56788845300,Patrick Corrigan,130114,Journal of Dual Diagnosis,15504263,4
56788845300,Patrick Corrigan,13164,British Journal of Guidance and Counselling,03069885,1
56788845300,Patrick Corrigan,13339,Professional Psychology Research and Practice,07357028,1
56788845300,Patrick Corrigan,13378,Psicothema,02149915,1
56788845300,Patrick Corrigan,13443,Psychological Bulletin,00332909,1
56788845300,Patrick Corrigan,13454,Crisis,02275910,2
56788845300,Patrick Corrigan,13465,Psychological Reports,00332941,2
56788845300,Patrick Corrigan,13710,Disability and Rehabilitation,09638288,1
56788845300,Patrick Corrigan,13969,Psychological Science in the Public Interest Supplement,15291006,1
56788845300,Patrick Corrigan,14112,Rehabilitation Psychology,00905550,4
56788845300,Patrick Corrigan,14140,Journal of Health Administration Education,07356722,1
56788845300,Patrick Corrigan,14250,Australian and New Zealand Journal of Psychiatry,00048674,1
56788845300,Patrick Corrigan,14260,BMC Psychiatry,1471244X,4
56788845300,Patrick Corrigan,14282,Behavioral Interventions,10720847,2
56788845300,Patrick Corrigan,14364,British Journal of Psychiatry,00071250,4
56788845300,Patrick Corrigan,14415,Rehabilitation Counseling Bulletin,00343552,3
56788845300,Patrick Corrigan,145675,Social Work in Mental Health,15332985,1
56788845300,Patrick Corrigan,146215,Jnccn Journal of the National Comprehensive Cancer Network,15401405,1
56788845300,Patrick Corrigan,14622,Social Work in Health Care,00981389,1
56788845300,Patrick Corrigan,14838,Canadian Journal of Psychiatry,07067437,3
56788845300,Patrick Corrigan,14872,Child Psychiatry and Human Development,0009398X,1
56788845300,Patrick Corrigan,14921,Comprehensive Psychiatry,0010440X,1
56788845300,Patrick Corrigan,15300154805,Clinical Psychology Forum,17475732,1
56788845300,Patrick Corrigan,15357,Journal of Adolescent Health,1054139X,1
56788845300,Patrick Corrigan,15390,Journal of Applied Social Psychology,00219029,2
56788845300,Patrick Corrigan,15399,Journal of Child and Family Studies,10621024,3
56788845300,Patrick Corrigan,15402,Journal of Child Psychology and Psychiatry and Allied Disciplines,00219630,1
56788845300,Patrick Corrigan,15410,Journal of Clinical Psychology,10974679,4
56788845300,Patrick Corrigan,15430,Journal of Community Psychology,00904392,3
56788845300,Patrick Corrigan,15503,Journal of Family Psychology,08933200,1
56788845300,Patrick Corrigan,15546,European Archives of Psychiatry and Clinical Neuroscience,09401334,3
56788845300,Patrick Corrigan,15578,European Psychiatry,09249338,1
56788845300,Patrick Corrigan,15645,Journal of Health and Social Behavior,00221465,1
56788845300,Patrick Corrigan,15915,Journal of Health Care for the Poor and Underserved,10492089,1
56788845300,Patrick Corrigan,15916,Journal of Health Communication,10810730,1
56788845300,Patrick Corrigan,16180,International Journal of Psychiatry in Clinical Practice,13651501,1
56788845300,Patrick Corrigan,16186,International Journal of Social Psychiatry,00207640,4
56788845300,Patrick Corrigan,16203,International Review of Psychiatry,09540261,1
56788845300,Patrick Corrigan,16245,Journal of Affective Disorders,01650327,2
56788845300,Patrick Corrigan,16249,Journal of Behavior Therapy and Experimental Psychiatry,00057916,9
56788845300,Patrick Corrigan,16685,Journal of Clinical Psychiatry,01606689,1
56788845300,Patrick Corrigan,16727,Journal of Mental Health,09638237,11
56788845300,Patrick Corrigan,16734,Journal of Nervous and Mental Disease,00223018,23
56788845300,Patrick Corrigan,16780,International Journal of Rehabilitation Research,03425282,1
56788845300,Patrick Corrigan,16813,Journal of Rehabilitation,00224154,2
56788845300,Patrick Corrigan,16907,Research on Social Work Practice,10497315,2
56788845300,Patrick Corrigan,17574,Acta Psychiatrica Scandinavica,0001690X,2
56788845300,Patrick Corrigan,17664,American Journal of Psychiatry,0002953X,2
56788845300,Patrick Corrigan,18684,Psychiatric Annals,00485713,1
56788845300,Patrick Corrigan,18701,Psychiatric Rehabilitation Journal,1095158X,18
56788845300,Patrick Corrigan,18710,Psychiatry New York,00332747,5
56788845300,Patrick Corrigan,18729,Psychiatry Research,01651781,28
56788845300,Patrick Corrigan,18742,Psychological Medicine,00332917,1
56788845300,Patrick Corrigan,18950,Journal of College Student Development,08975264,1
56788845300,Patrick Corrigan,18983,Social Science and Medicine,02779536,3
56788845300,Patrick Corrigan,19353,Schizophrenia Bulletin,05867614,10
56788845300,Patrick Corrigan,19355,Schizophrenia Research,09209964,16
56788845300,Patrick Corrigan,19561,American Journal of Public Health,00900036,1
56788845300,Patrick Corrigan,19600163400,Social Work,00378046,1
56788845300,Patrick Corrigan,19700175275,Mental Health and Social Inclusion,20428308,1
56788845300,Patrick Corrigan,19841,Social Psychiatry and Psychiatric Epidemiology,09337954,6
56788845300,Patrick Corrigan,19900191617,International Journal of Culture and Mental Health,17542863,1
56788845300,Patrick Corrigan,19900192160,Epidemiology and Psychiatric Sciences,20457960,1
56788845300,Patrick Corrigan,19928,Transcultural Psychiatry,13634615,1
56788845300,Patrick Corrigan,20209,Business Horizons,00076813,1
56788845300,Patrick Corrigan,20877,Health Education and Behavior,10901981,1
56788845300,Patrick Corrigan,21100202146,Journal of Obsessive Compulsive and Related Disorders,22113649,2
56788845300,Patrick Corrigan,21100202721,Journal of Public Mental Health,17465729,7
56788845300,Patrick Corrigan,21100216569,Frontiers in Psychiatry,16640640,1
56788845300,Patrick Corrigan,21100247024,Advances in Dual Diagnosis,17570972,1
56788845300,Patrick Corrigan,21100332425,Australian Journal of Rehabilitation Counselling,13238922,1
56788845300,Patrick Corrigan,21100464683,BMC Psychology,20507283,1
56788845300,Patrick Corrigan,21100774810,Health and Justice,21947899,1
56788845300,Patrick Corrigan,21100775590,Games for Health Journal,2161783X,1
56788845300,Patrick Corrigan,21100859994,Pilot and Feasibility Studies,20555784,2
56788845300,Patrick Corrigan,21100901172,Military Behavioral Health,21635781,1
56788845300,Patrick Corrigan,21101030478,Journal of Psychosocial Rehabilitation and Mental Health,21989834,1
56788845300,Patrick Corrigan,21101042149,Stigma and Health,23766972,3
56788845300,Patrick Corrigan,21101053562,Lancet Regional Health Europe,26667762,1
56788845300,Patrick Corrigan,21101113246,Journal of Technology in Behavioral Science,23665963,1
56788845300,Patrick Corrigan,21101117185,Gateways,18363393,1
56788845300,Patrick Corrigan,21101301193,Israel Journal of Psychiatry,26172402,1
56788845300,Patrick Corrigan,21321,AIDS Care Psychological and Socio Medical Aspects of AIDS HIV,09540121,1
56788845300,Patrick Corrigan,22111,Journal of Autism and Developmental Disorders,01623257,1
56788845300,Patrick Corrigan,22643,Mental Retardation,00476765,1
56788845300,Patrick Corrigan,24759,Addiction Research and Theory,16066359,3
56788845300,Patrick Corrigan,24791,Alcoholism Clinical and Experimental Research,01456008,1
56788845300,Patrick Corrigan,25231,American Journal on Addictions,10550496,2
56788845300,Patrick Corrigan,25319,Journal of Psychoactive Drugs,02791072,1
56788845300,Patrick Corrigan,26380,Drug and Alcohol Dependence,03768716,2
56788845300,Patrick Corrigan,26602,Evaluation and Program Planning,01497189,1
56788845300,Patrick Corrigan,26613,Administration and Policy in Mental Health and Mental Health Services Research,0894587X,5
56788845300,Patrick Corrigan,28098,BMC Health Services Research,14726963,1
56788845300,Patrick Corrigan,28558,BMC Geriatrics,14712318,1
56788845300,Patrick Corrigan,29282,Journal of Occupational Health Psychology,10768998,1
56788845300,Patrick Corrigan,29283,Journal of Occupational Rehabilitation,10530487,1
56788845300,Patrick Corrigan,29285,Journal of Vocational Rehabilitation,10522263,2
56788845300,Patrick Corrigan,29291,Community Mental Health Journal,00103853,20
56788845300,Patrick Corrigan,29471,American Journal of Orthopsychiatry,00029432,1
56788845300,Patrick Corrigan,29492,American Psychologist,0003066X,3
56788845300,Patrick Corrigan,30020,Journal of Organizational Behavior,08943796,2
56788845300,Patrick Corrigan,30085,Journal of Social and Clinical Psychology,07367236,3
56788845300,Patrick Corrigan,33905,Hospital and Community Psychiatry,00221597,1
56788845300,Patrick Corrigan,4700152495,International Journal of Mental Health and Addiction,15571874,3
56788845300,Patrick Corrigan,4700152707,American Journal of Psychiatric Rehabilitation,15487768,1
56788845300,Patrick Corrigan,500147004,Primary Care Companion to the Journal of Clinical Psychiatry,15235998,1
56788845300,Patrick Corrigan,54906,New Directions for Mental Health Services,01939416,1
56788845300,Patrick Corrigan,5700162931,Journal of Social Work,14680173,1
56788845300,Patrick Corrigan,58705,Psychology Health and Medicine,13548506,1
56788845300,Patrick Corrigan,58763,Medical Interface,08964831,1
56788845300,Patrick Corrigan,5900153309,Journal of Muslim Mental Health,15564908,1
56788845300,Patrick Corrigan,6200180159,World Psychiatry,17238617,1
56811422600,Anup Gampa,12811,Personality and Social Psychology Bulletin,01461672,1
56811422600,Anup Gampa,12812,Personality and Social Psychology Review,10888683,1
56811422600,Anup Gampa,19900193555,Social Psychological and Personality Science,19485506,1
56811422600,Anup Gampa,21100812569,Journal of Social and Political Psychology,21953325,1
56811422600,Anup Gampa,21100838541,Nature Human Behaviour,23973374,1
56811422600,Anup Gampa,23571,Science,00368075,1
56811422600,Anup Gampa,75220,Therapeutic Communities,09641866,1
56894573800,James Yocom,85291,Journal of the American Medical Association,00029955,1
56899254500,Liberty Barnes,14000155895,Sociology Compass,17519020,1
56899254500,Liberty Barnes,15619,Journal of Contemporary Ethnography,08912416,1
56899254500,Liberty Barnes,16926,American Journal of Sociology,00029602,1
56899254500,Liberty Barnes,21101021489,Socius,23780231,1
56899254500,Liberty Barnes,21308,Health Policy and Planning,02681080,1
56919435100,Adam J. Howat,1200147101,Sport in Society,17430437,1
56919435100,Adam J. Howat,12100156092,Journal of Political Science Education,15512169,1
56919435100,Adam J. Howat,21100870919,Political Science Research and Methods,20498470,1
56919435100,Adam J. Howat,22197,PS Political Science and Politics,10490965,2
56919435100,Adam J. Howat,22832,Political Behavior,01909320,1
56919435100,Adam J. Howat,26439,Social Science Quarterly,00384941,2
56958020400,Stefan Vogler,12811,Personality and Social Psychology Bulletin,01461672,1
56958020400,Stefan Vogler,14000155895,Sociology Compass,17519020,1
56958020400,Stefan Vogler,145137,Critical Criminology,12058629,1
56958020400,Stefan Vogler,145138,Sexuality and Culture,10955143,1
56958020400,Stefan Vogler,14925,Gender and Society,08912432,1
56958020400,Stefan Vogler,17560,Social Problems,00377791,1
56958020400,Stefan Vogler,17585,Law and Social Inquiry,08976546,1
56958020400,Stefan Vogler,17591,Law and Society Review,00239216,1
56958020400,Stefan Vogler,18983,Social Science and Medicine,02779536,1
56958020400,Stefan Vogler,19684,Criminology,00111384,1
56958020400,Stefan Vogler,20374,Journal of Interpersonal Violence,08862605,2
56958020400,Stefan Vogler,21100970270,Current Issues in Criminal Justice,10345329,1
56958020400,Stefan Vogler,22087,Theoretical Criminology,13624806,1
56958020400,Stefan Vogler,29972,Journal of Homosexuality,00918369,1
56964283000,Ian Anson,12100156092,Journal of Political Science Education,15512169,4
56964283000,Ian Anson,18735,Accountability in Research,08989621,1
56964283000,Ian Anson,21100835891,Journal of Experimental Political Science,20522630,1
56964283000,Ian Anson,21100865122,Research and Politics,20531680,2
56964283000,Ian Anson,22786,Policy Studies Journal,0190292X,1
56964283000,Ian Anson,22832,Political Behavior,01909320,1
56964283000,Ian Anson,22861,Political Psychology,0162895X,1
56964283000,Ian Anson,22867,Political Research Quarterly,10659129,2
56964283000,Ian Anson,23429,Assessing Writing,10752935,1
56964283000,Ian Anson,23574,Public Opinion Quarterly,0033362X,1
56964283000,Ian Anson,4700152270,State Politics and Policy Quarterly,15324400,1
56964283000,Ian Anson,5700165635,Journal of Elections Public Opinion and Parties,17457289,1
56992481600,Joanna Pepin,144973,Men and Masculinities,1097184X,1
56992481600,Joanna Pepin,15500,Journal of Family and Economic Issues,10580476,1
56992481600,Joanna Pepin,15653,Journal of Marriage and Family,00222445,3
56992481600,Joanna Pepin,16926,American Journal of Sociology,00029602,1
56992481600,Joanna Pepin,16929,American Sociological Review,00031224,1
56992481600,Joanna Pepin,18086,Sociological Inquiry,00380245,2
56992481600,Joanna Pepin,18109,Sociological Spectrum,02732173,1
56992481600,Joanna Pepin,19295,Gender Work and Organization,09686673,1
56992481600,Joanna Pepin,21100855741,Sociological Science,23306696,1
56992481600,Joanna Pepin,21101021489,Socius,23780231,4
56992481600,Joanna Pepin,23703,Journal of Feminist Family Therapy,08952833,4
56992481600,Joanna Pepin,26365,Demography,15337790,2
57026349600,Paul H. Robinson,12127,Behaviour Research and Therapy,00057967,1
57026349600,Paul H. Robinson,12675,International Journal of Eating Disorders,02763478,6
57026349600,Paul H. Robinson,12767,British Journal of Clinical Psychology,01446657,1
57026349600,Paul H. Robinson,13307,Nutrition,08999007,1
57026349600,Paul H. Robinson,14097,European Eating Disorders Review,10724133,14
57026349600,Paul H. Robinson,14222,Peptides,01969781,1
57026349600,Paul H. Robinson,14260,BMC Psychiatry,1471244X,2
57026349600,Paul H. Robinson,14346,Brain Research,00068993,1
57026349600,Paul H. Robinson,14364,British Journal of Psychiatry,00071250,5
57026349600,Paul H. Robinson,15460,Eating and Weight Disorders,11244909,1
57026349600,Paul H. Robinson,15548,European Child and Adolescent Psychiatry,10188827,1
57026349600,Paul H. Robinson,16203,International Review of Psychiatry,09540261,1
57026349600,Paul H. Robinson,16812,Journal of Psychiatric Research,00223956,1
57026349600,Paul H. Robinson,16817,Journal of Psychosomatic Research,00223999,1
57026349600,Paul H. Robinson,17600,Advances in Psychiatric Treatment,13555146,1
57026349600,Paul H. Robinson,17664,American Journal of Psychiatry,0002953X,1
57026349600,Paul H. Robinson,18742,Psychological Medicine,00332917,4
57026349600,Paul H. Robinson,21100329539,Journal of Eating Disorders,20502974,3
57026349600,Paul H. Robinson,21100828905,Bjpsych Advances,20564678,1
57026349600,Paul H. Robinson,23310,American Journal of Physiology Gastrointestinal and Liver Physiology,01931857,1
57026349600,Paul H. Robinson,23327,American Journal of Physiology Regulatory Integrative and Comparative Physiology,00029513,2
57026349600,Paul H. Robinson,23648,Health Technology Assessment Winchester England,20464924,2
57026349600,Paul H. Robinson,26643,Journal of General Internal Medicine,08848734,1
57026349600,Paul H. Robinson,28366,Gut,00175749,1
57026349600,Paul H. Robinson,29994,Appetite,01956663,1
57026349600,Paul H. Robinson,39466,Federation Proceedings,00149446,1
57026349600,Paul H. Robinson,4700151726,Trials,17456215,2
57026349600,Paul H. Robinson,57848,Journal of the Royal College of Physicians of London,00358819,1
57055910700,Eric Shuman,12807,Personality and Individual Differences,01918869,1
57055910700,Eric Shuman,12811,Personality and Social Psychology Bulletin,01461672,5
57055910700,Eric Shuman,14117,European Journal of Social Psychology,00462772,2
57055910700,Eric Shuman,14946,Group Processes and Intergroup Relations,13684302,3
57055910700,Eric Shuman,15390,Journal of Applied Social Psychology,00219029,1
57055910700,Eric Shuman,19900193555,Social Psychological and Personality Science,19485506,2
57055910700,Eric Shuman,21100200805,Scientific Reports,20452322,1
57055910700,Eric Shuman,21100216571,Frontiers in Psychology,16641078,1
57055910700,Eric Shuman,21100457028,Science Advances,23752548,1
57055910700,Eric Shuman,21100812569,Journal of Social and Political Psychology,21953325,1
57055910700,Eric Shuman,21100838541,Nature Human Behaviour,23973374,1
57055910700,Eric Shuman,21121,Proceedings of the National Academy of Sciences of the United States of America,00278424,1
57055910700,Eric Shuman,22861,Political Psychology,0162895X,1
57055910700,Eric Shuman,30039,Journal of Personality and Social Psychology,00223514,1
57060408100,Karen Powroznik,13147,Supportive Care in Cancer,09414355,1
57060408100,Karen Powroznik,19250,Work and Occupations,07308884,1
57060408100,Karen Powroznik,27660,Maturitas,03785122,1
57060408100,Karen Powroznik,29979,Journal of Psychosocial Oncology,07347332,1
57063543300,Emily Taylor Poppe,13020,Fordham Law Review,0015704X,1
57063543300,Emily Taylor Poppe,17585,Law and Social Inquiry,08976546,1
57063543300,Emily Taylor Poppe,17591,Law and Society Review,00239216,3
57063543300,Emily Taylor Poppe,18090,Sociological Methodology,00811750,1
57063543300,Emily Taylor Poppe,21100217634,Journal of Empirical Legal Studies,17401453,1
57063543300,Emily Taylor Poppe,29156,Boston University Law Review,00068047,1
57063543300,Emily Taylor Poppe,5700153969,University of Toronto Law Journal,00420220,1
57103068500,Ozan Kuru,10300153306,International Journal of Press Politics,19401612,2
57103068500,Ozan Kuru,10600153309,Plos One,19326203,1
57103068500,Ozan Kuru,144989,International Journal of Environmental Research and Public Health,16617827,1
57103068500,Ozan Kuru,15536,Journal of Health Psychology,13591053,1
57103068500,Ozan Kuru,15613,Journal of Communication,00219916,2
57103068500,Ozan Kuru,17730,Asian Journal of Communication,01292986,1
57103068500,Ozan Kuru,18916,Social Science Computer Review,08944393,1
57103068500,Ozan Kuru,19419,Computers in Human Behavior,07475632,1
57103068500,Ozan Kuru,19561,American Journal of Public Health,00900036,1
57103068500,Ozan Kuru,19700176047,Cyberpsychology Behavior and Social Networking,21522715,1
57103068500,Ozan Kuru,19774,International Journal of Public Opinion Research,09542892,1
57103068500,Ozan Kuru,200147110,Information Communication and Society,1369118X,1
57103068500,Ozan Kuru,20896,Telematics and Informatics,07365853,1
57103068500,Ozan Kuru,21100202907,International Journal of Communication,19328036,2
57103068500,Ozan Kuru,21100216571,Frontiers in Psychology,16641078,1
57103068500,Ozan Kuru,21100788289,Mobile Media and Communication,20501579,1
57103068500,Ozan Kuru,21100837352,Social Media and Society,20563051,1
57103068500,Ozan Kuru,21100900345,JAMA Network Open,25743805,1
57103068500,Ozan Kuru,21101158576,Harvard Kennedy School Misinformation Review,27661652,2
57103068500,Ozan Kuru,21101262281,SN Social Sciences,26629283,1
57103068500,Ozan Kuru,22370,Public Understanding of Science,09636625,1
57103068500,Ozan Kuru,23574,Public Opinion Quarterly,0033362X,1
57103068500,Ozan Kuru,26372,Risk Analysis,02724332,1
57103068500,Ozan Kuru,33982,Health Communication,10410236,3
57103068500,Ozan Kuru,5600153585,Mass Communication and Society,15205436,2
57111829300,Ravi Vora,21101092741,Critical Care Explorations,26398028,1
57111829300,Ravi Vora,27822,Alimentary Pharmacology and Therapeutics,02692813,1
57111829300,Ravi Vora,28371,Hepatology Baltimore Md,15273350,6
57111829300,Ravi Vora,29916,Critical Care Medicine,00903493,1
57155411600,Byungkyu Lee,10600153309,Plos One,19326203,2
57155411600,Byungkyu Lee,16926,American Journal of Sociology,00029602,1
57155411600,Byungkyu Lee,16929,American Sociological Review,00031224,1
57155411600,Byungkyu Lee,17530,Social Forces,00377732,3
57155411600,Byungkyu Lee,20485,Annals of Surgery,00034932,1
57155411600,Byungkyu Lee,21100457028,Science Advances,23752548,1
57155411600,Byungkyu Lee,21100855741,Sociological Science,23306696,1
57155411600,Byungkyu Lee,21100900345,JAMA Network Open,25743805,3
57155411600,Byungkyu Lee,21121,Proceedings of the National Academy of Sciences of the United States of America,00278424,2
57155411600,Byungkyu Lee,24745,Addiction,09652140,1
57155411600,Byungkyu Lee,25330,Rationality and Society,10434631,1
57155411600,Byungkyu Lee,27058,American Journal of Epidemiology,00029262,1
57155411600,Byungkyu Lee,4400151412,Journal of Preventive Medicine and Public Health,19758375,1
57188576914,Trenton Mize,130173,Community Work and Family,13668803,1
57188576914,Trenton Mize,14000155895,Sociology Compass,17519020,1
57188576914,Trenton Mize,15653,Journal of Marriage and Family,00222445,2
57188576914,Trenton Mize,16929,American Sociological Review,00031224,3
57188576914,Trenton Mize,17560,Social Problems,00377791,1
57188576914,Trenton Mize,17562,Social Psychology Quarterly,01902725,2
57188576914,Trenton Mize,18090,Sociological Methodology,00811750,2
57188576914,Trenton Mize,18983,Social Science and Medicine,02779536,1
57188576914,Trenton Mize,21100819062,Social Currents,23294965,2
57188576914,Trenton Mize,21100855741,Sociological Science,23306696,3
57188576914,Trenton Mize,21101021489,Socius,23780231,3
57188576914,Trenton Mize,26441,Social Science Research,0049089X,4
57188593768,Jessica Glazier,12811,Personality and Social Psychology Bulletin,01461672,1
57188593768,Jessica Glazier,13500,Developmental Psychology,00121649,1
57188593768,Jessica Glazier,14798,Sex Roles,03600025,2
57188593768,Jessica Glazier,14820,Infant and Child Development,15227227,1
57188593768,Jessica Glazier,17545,Law and Human Behavior,01477307,1
57188593768,Jessica Glazier,21100446014,Royal Society Open Science,20545703,1
57188593768,Jessica Glazier,21100857520,Collabra Psychology,24747394,1
57188593768,Jessica Glazier,21100900345,JAMA Network Open,25743805,1
57188593768,Jessica Glazier,21121,Proceedings of the National Academy of Sciences of the United States of America,00278424,1
57188593768,Jessica Glazier,24456,Child Development,00093920,1
57189630346,Kris-Stella Trump,13447,Comparative Political Studies,00104140,1
57189630346,Kris-Stella Trump,15559,American Politics Research,1532673X,1
57189630346,Kris-Stella Trump,16232,British Journal of Political Science,00071234,1
57189630346,Kris-Stella Trump,20333,Journal of Politics,00223816,1
57189630346,Kris-Stella Trump,21100835891,Journal of Experimental Political Science,20522630,1
57189630346,Kris-Stella Trump,21100865122,Research and Politics,20531680,1
57189630346,Kris-Stella Trump,21101095132,Behavioural Public Policy,2398063X,1
57189630346,Kris-Stella Trump,23528,Presidential Studies Quarterly,03604918,1
57189630346,Kris-Stella Trump,26439,Social Science Quarterly,00384941,1
57189630346,Kris-Stella Trump,29643,Urban Affairs Review,10780874,1
57190658247,Matthew Grace,15645,Journal of Health and Social Behavior,00221465,2
57190658247,Matthew Grace,16929,American Sociological Review,00031224,1
57190658247,Matthew Grace,18675,Teaching Sociology,0092055X,1
57190658247,Matthew Grace,18983,Social Science and Medicine,02779536,6
57190658247,Matthew Grace,19250,Work and Occupations,07308884,2
57190658247,Matthew Grace,19900192607,International Journal of Medical Education,20426372,1
57190658247,Matthew Grace,21100782431,Society and Mental Health,21568693,4
57190658247,Matthew Grace,21101021489,Socius,23780231,1
57190658247,Matthew Grace,21101097039,Sociology of Race and Ethnicity,23326492,1
57190658247,Matthew Grace,21101134736,Ssm Mental Health,26665603,1
57190807580,LaFleur Stephens-Dougan,15557,American Political Science Review,00030554,1
57190807580,LaFleur Stephens-Dougan,16114,Electoral Studies,02613794,1
57190807580,LaFleur Stephens-Dougan,20333,Journal of Politics,00223816,1
57190807580,LaFleur Stephens-Dougan,21100888814,Journal of Race Ethnicity and Politics,20566085,1
57192168805,Mayya Komisarchik,11600153640,Quarterly Journal of Political Science,15540626,1
57192168805,Mayya Komisarchik,15555,American Journal of Political Science,00925853,3
57192168805,Mayya Komisarchik,16114,Electoral Studies,02613794,1
57192168805,Mayya Komisarchik,20333,Journal of Politics,00223816,2
57192168805,Mayya Komisarchik,21100364916,IEEE Transactions on Computational Social Systems,2329924X,1
57192168805,Mayya Komisarchik,21100870919,Political Science Research and Methods,20498470,1
57192168805,Mayya Komisarchik,25535,IEEE Transactions on Visualization and Computer Graphics,10772626,1
57192207991,Dimitri Kelly,22832,Political Behavior,01909320,1
57192207991,Dimitri Kelly,26439,Social Science Quarterly,00384941,1
57193264144,Richard M. Shafranek,20333,Journal of Politics,00223816,1
57193264144,Richard M. Shafranek,21100215718,Weather Climate and Society,19488327,1
57193264144,Richard M. Shafranek,21206,Nature,00280836,1
57193264144,Richard M. Shafranek,22832,Political Behavior,01909320,2
57193264144,Richard M. Shafranek,22861,Political Psychology,0162895X,1
57193276705,Ethan C. Busby,145558,Political Analysis,10471987,1
57193276705,Ethan C. Busby,16114,Electoral Studies,02613794,1
57193276705,Ethan C. Busby,18091,Sociological Methods and Research,00491241,1
57193276705,Ethan C. Busby,20333,Journal of Politics,00223816,2
57193276705,Ethan C. Busby,21100835891,Journal of Experimental Political Science,20522630,1
57193276705,Ethan C. Busby,21100870919,Political Science Research and Methods,20498470,1
57193276705,Ethan C. Busby,21100972443,Chinese Political Science Review,23654244,1
57193276705,Ethan C. Busby,21101076096,Nature Computational Science,26628457,1
57193276705,Ethan C. Busby,21101077280,Frontiers in Political Science,26733145,1
57193276705,Ethan C. Busby,21121,Proceedings of the National Academy of Sciences of the United States of America,00278424,2
57193276705,Ethan C. Busby,22832,Political Behavior,01909320,3
57193276705,Ethan C. Busby,22838,Political Communication,10584609,1
57193276705,Ethan C. Busby,22867,Political Research Quarterly,10659129,1
57193385216,Xuan Zhu,12057,Media Psychology,15213269,1
57193385216,Xuan Zhu,12772,British Journal of Health Psychology,1359107X,1
57193385216,Xuan Zhu,130115,Contemporary Clinical Trials,15517144,1
57193385216,Xuan Zhu,14900154701,Public Health Genomics,16628063,1
57193385216,Xuan Zhu,15800154704,Cancer Prevention Research,19406207,1
57193385216,Xuan Zhu,15877,Journal of Community Health,00945145,1
57193385216,Xuan Zhu,16800154743,Academic Pediatrics,18762859,2
57193385216,Xuan Zhu,17222,Mayo Clinic Proceedings,00256196,1
57193385216,Xuan Zhu,18983,Social Science and Medicine,02779536,2
57193385216,Xuan Zhu,19600166304,Journal of Community Genetics,1868310X,1
57193385216,Xuan Zhu,19700190349,Communication Methods and Measures,19312458,1
57193385216,Xuan Zhu,21100372295,Preventive Medicine Reports,22113355,4
57193385216,Xuan Zhu,21100443787,Ssm Population Health,23528273,1
57193385216,Xuan Zhu,21100868809,Frontiers in Medicine,2296858X,1
57193385216,Xuan Zhu,21100900345,JAMA Network Open,25743805,1
57193385216,Xuan Zhu,21100924250,Digital Health,20552076,1
57193385216,Xuan Zhu,21101012669,Npj Digital Medicine,23986352,1
57193385216,Xuan Zhu,21101036624,Techniques and Innovations in Gastrointestinal Endoscopy,25900307,1
57193385216,Xuan Zhu,21101039771,Journal of Patient Experience,23743735,1
57193385216,Xuan Zhu,21101096461,Women S Health Reports,26884844,1
57193385216,Xuan Zhu,21101129622,Jmir Infodemiology,25641891,1
57193385216,Xuan Zhu,21101147415,American Heart Journal Plus Cardiology Research and Practice,26666022,2
57193385216,Xuan Zhu,21101150071,Nejm Catalyst Innovations in Care Delivery,26420007,1
57193385216,Xuan Zhu,21101165565,Implementation Science Communications,26622211,1
57193385216,Xuan Zhu,21101242952,Plos Digital Health,27673170,1
57193385216,Xuan Zhu,21101272844,Jmir AI,28171705,1
57193385216,Xuan Zhu,21376,Vaccine,0264410X,1
57193385216,Xuan Zhu,22191,Genetics in Medicine,10983600,1
57193385216,Xuan Zhu,22460,Patient Education and Counseling,07383991,1
57193385216,Xuan Zhu,23602,BMC Medical Informatics and Decision Making,14726947,1
57193385216,Xuan Zhu,23709,Journal of Medical Internet Research,14394456,1
57193385216,Xuan Zhu,26643,Journal of General Internal Medicine,08848734,1
57193385216,Xuan Zhu,29100,Cancer Control,10732748,1
57193385216,Xuan Zhu,29928,Journal of Cancer Education,08858195,1
57193385216,Xuan Zhu,4000148311,Preventing Chronic Disease,15451151,1
57193385216,Xuan Zhu,5700163257,International Journal of Qualitative Methods,16094069,1
57193801279,Natasha Yurk,26441,Social Science Research,0049089X,1
57194125131,Amanda Mireles,18675,Teaching Sociology,0092055X,1
57194125131,Amanda Mireles,21101021489,Socius,23780231,1
57194246305,Nicole Yadon,17530,Social Forces,00377732,1
57194246305,Nicole Yadon,21100819062,Social Currents,23294965,1
57194246305,Nicole Yadon,21100888814,Journal of Race Ethnicity and Politics,20566085,1
57194246305,Nicole Yadon,22832,Political Behavior,01909320,2
57194246305,Nicole Yadon,4000148701,Perspectives on Politics,15375927,1
57195522139,Kwan-Lamar Blount-Hill,11300153503,Journal of Correctional Health Care,10783458,1
57195522139,Kwan-Lamar Blount-Hill,11400153312,Feminist Criminology,15570851,1
57195522139,Kwan-Lamar Blount-Hill,13854,Housing Studies,02673037,1
57195522139,Kwan-Lamar Blount-Hill,145137,Critical Criminology,12058629,1
57195522139,Kwan-Lamar Blount-Hill,15528,Annals of the American Academy of Political and Social Science,00027162,1
57195522139,Kwan-Lamar Blount-Hill,17167,Public Administration Review,00333352,1
57195522139,Kwan-Lamar Blount-Hill,17822,Conservation Biology,08888892,2
57195522139,Kwan-Lamar Blount-Hill,19625,Crime and Delinquency,00111287,1
57195522139,Kwan-Lamar Blount-Hill,19664,Criminal Justice and Behavior,00938548,2
57195522139,Kwan-Lamar Blount-Hill,20369,Journal of Family Violence,08857482,1
57195522139,Kwan-Lamar Blount-Hill,20388,Justice Quarterly,07418825,2
57195522139,Kwan-Lamar Blount-Hill,21100388413,Policing Oxford,17524512,1
57195522139,Kwan-Lamar Blount-Hill,21100817648,Race and Justice,21533687,3
57195522139,Kwan-Lamar Blount-Hill,21100834704,Frontiers in Ecology and Evolution,2296701X,1
57195522139,Kwan-Lamar Blount-Hill,21101021489,Socius,23780231,1
57195522139,Kwan-Lamar Blount-Hill,21101091647,Lgbtq Family an Interdisciplinary Journal,27703371,1
57195522139,Kwan-Lamar Blount-Hill,21101169073,International Annals of Criminology,00034452,1
57195522139,Kwan-Lamar Blount-Hill,21101186824,Corrections Policy Practice and Research,23774657,1
57195522139,Kwan-Lamar Blount-Hill,21541,Policing,1363951X,1
57195522139,Kwan-Lamar Blount-Hill,21570,Prison Journal,00328855,1
57195522139,Kwan-Lamar Blount-Hill,25733,Journal of Criminal Justice,00472352,1
57195522139,Kwan-Lamar Blount-Hill,5600152957,American Journal of Criminal Justice,10662316,1
57195522139,Kwan-Lamar Blount-Hill,5600153974,Policing and Society,10439463,1
57195522139,Kwan-Lamar Blount-Hill,5700164129,Criminal Justice Studies,1478601X,1
57195522139,Kwan-Lamar Blount-Hill,5700166815,Sexuality Research and Social Policy,18689884,1
57195522139,Kwan-Lamar Blount-Hill,5800179627,Self and Identity,15298868,1
57195528045,Victor J. St. John,11300153503,Journal of Correctional Health Care,10783458,1
57195528045,Victor J. St. John,145137,Critical Criminology,12058629,1
57195528045,Victor J. St. John,17167,Public Administration Review,00333352,1
57195528045,Victor J. St. John,19400158571,Race and Social Problems,18671748,1
57195528045,Victor J. St. John,19664,Criminal Justice and Behavior,00938548,1
57195528045,Victor J. St. John,21100255401,Sage Open,21582440,1
57195528045,Victor J. St. John,21100298645,Journal of Crime and Justice,0735648X,1
57195528045,Victor J. St. John,21100774810,Health and Justice,21947899,1
57195528045,Victor J. St. John,21100779233,Journal of Racial and Ethnic Health Disparities,21973792,1
57195528045,Victor J. St. John,21100817648,Race and Justice,21533687,2
57195528045,Victor J. St. John,21570,Prison Journal,00328855,1
57195528045,Victor J. St. John,25733,Journal of Criminal Justice,00472352,1
57195528045,Victor J. St. John,5600153974,Policing and Society,10439463,1
57195528045,Victor J. St. John,5800154205,International Journal of Comparative and Applied Criminal Justice,01924036,1
57195914977,Jennifer Bowers,14012,Psychology and Health,08870446,1
57195914977,Jennifer Bowers,14873,International Journal of Behavioral Medicine,10705503,1
57195914977,Jennifer Bowers,15536,Journal of Health Psychology,13591053,1
57195914977,Jennifer Bowers,19561,American Journal of Public Health,00900036,1
57195914977,Jennifer Bowers,21100386467,Sleep Health,23527218,1
57195914977,Jennifer Bowers,21100967335,Jmir Research Protocols,19290748,1
57195914977,Jennifer Bowers,25584,Diabetologia,0012186X,1
57195914977,Jennifer Bowers,27063,American Journal of Preventive Medicine,07493797,1
57195914977,Jennifer Bowers,28809,Journal of American College Health,07448481,1
57195914977,Jennifer Bowers,30048,Journal of Primary Prevention,0278095X,1
57195914977,Jennifer Bowers,58705,Psychology Health and Medicine,13548506,1
57195982699,Jacob E. Rothschild,21100372856,Data in Brief,23523409,1
57195982699,Jacob E. Rothschild,21100886534,International Journal of Political Economy,15580970,1
57195982699,Jacob E. Rothschild,22832,Political Behavior,01909320,1
57195982699,Jacob E. Rothschild,22867,Political Research Quarterly,10659129,1
57195982699,Jacob E. Rothschild,26439,Social Science Quarterly,00384941,2
57195987797,Cristina Salvador,12145,Biological Psychology,03010511,2
57195987797,Cristina Salvador,12811,Personality and Social Psychology Bulletin,01461672,2
57195987797,Cristina Salvador,13443,Psychological Bulletin,00332909,1
57195987797,Cristina Salvador,13468,Psychological Science,09567976,1
57195987797,Cristina Salvador,13479,Current Psychology,10461310,1
57195987797,Cristina Salvador,14075,Emotion,15283542,1
57195987797,Cristina Salvador,15453,Journal of Cross Cultural Psychology,00220221,2
57195987797,Cristina Salvador,15478,Journal of Experimental Psychology General,00963445,1
57195987797,Cristina Salvador,19400158483,Social Issues and Policy Review,17512395,1
57195987797,Cristina Salvador,19700182323,Perspectives on Psychological Science,17456916,1
57195987797,Cristina Salvador,21100200805,Scientific Reports,20452322,1
57195987797,Cristina Salvador,21100457028,Science Advances,23752548,1
57195987797,Cristina Salvador,21101136809,Current Research in Ecological and Social Psychology,26666227,1
57195987797,Cristina Salvador,21754,Annals of the New York Academy of Sciences,00778923,1
57195987797,Cristina Salvador,29492,American Psychologist,0003066X,1
57195987797,Cristina Salvador,30039,Journal of Personality and Social Psychology,00223514,1
57195987797,Cristina Salvador,5800207373,Journal of Positive Psychology,17439760,1
57195987797,Cristina Salvador,7000153204,Social Cognitive and Affective Neuroscience,17495016,2
57196082854,Cameron A. Hecht,12808,Journal of Educational Psychology,00220663,4
57196082854,Cameron A. Hecht,13453,Learning and Individual Differences,10416080,1
57196082854,Cameron A. Hecht,15269,Monographs of the Society for Research in Child Development,0037976X,1
57196082854,Cameron A. Hecht,21100216571,Frontiers in Psychology,16641078,1
57196082854,Cameron A. Hecht,21100457028,Science Advances,23752548,1
57196082854,Cameron A. Hecht,21100886228,Policy Insights from the Behavioral and Brain Sciences,23727322,1
57196082854,Cameron A. Hecht,21100902636,Behavioral Science and Policy,23794607,1
57196082854,Cameron A. Hecht,21101017693,Motivation Science,23338113,3
57196082854,Cameron A. Hecht,21101044934,Npj Science of Learning,20567936,1
57196082854,Cameron A. Hecht,21101159371,Nature Reviews Psychology,27310574,1
57196082854,Cameron A. Hecht,21101173089,Journal of Cognitive Enhancement,25093290,1
57196082854,Cameron A. Hecht,21101229222,Jcpp Advances,26929384,1
57196082854,Cameron A. Hecht,21121,Proceedings of the National Academy of Sciences of the United States of America,00278424,3
57196082854,Cameron A. Hecht,21448,Journal of Experimental Education,00220973,1
57196082854,Cameron A. Hecht,23571,Science,00368075,1
57196082854,Cameron A. Hecht,25678,Journal of Research on Adolescence,10508392,1
57196082854,Cameron A. Hecht,30039,Journal of Personality and Social Psychology,00223514,1
57196082854,Cameron A. Hecht,30088,Journal of Social Issues,00224537,1
57196082854,Cameron A. Hecht,5000158308,Cbe Life Sciences Education,19317913,1
57197060985,Susan Orr,12100156092,Journal of Political Science Education,15512169,1
57197060985,Susan Orr,19700182415,Good Society,10890017,2
57197060985,Susan Orr,22867,Political Research Quarterly,10659129,1
57197060985,Susan Orr,23484,Polity,00323497,1
57197785531,Lindsey Trimble O'Connor,130173,Community Work and Family,13668803,1
57197785531,Lindsey Trimble O'Connor,18102,Sociological Perspectives,07311214,1
57197785531,Lindsey Trimble O'Connor,18675,Teaching Sociology,0092055X,1
57197785531,Lindsey Trimble O'Connor,21100819062,Social Currents,23294965,1
57197785531,Lindsey Trimble O'Connor,25987,Social Networks,03788733,1
57199389433,Shannon M. Smith,12878,Chemistry of Materials,08974756,1
57199389433,Shannon M. Smith,15357,Journal of Adolescent Health,1054139X,2
57199389433,Shannon M. Smith,15771,Muscle and Nerve,0148639X,1
57199389433,Shannon M. Smith,15965,Personal Relationships,13504126,1
57199389433,Shannon M. Smith,15987,Journal of Pain,15265900,3
57199389433,Shannon M. Smith,17952,Neurology,1526632X,1
57199389433,Shannon M. Smith,18148,Pain,03043959,14
57199389433,Shannon M. Smith,18500161700,Pain Medicine United States,15262375,1
57199389433,Shannon M. Smith,20558,Urology,00904295,2
57199389433,Shannon M. Smith,20577,World Journal of Urology,07244983,1
57199389433,Shannon M. Smith,21100779404,Macromolecules,00249297,1
57199389433,Shannon M. Smith,21100967335,Jmir Research Protocols,19290748,1
57199389433,Shannon M. Smith,26987,Langmuir,07437463,1
57199389433,Shannon M. Smith,30039,Journal of Personality and Social Psychology,00223514,1
57200138702,Aruna Balakrishnan,21100389313,Transactions on Emerging Telecommunications Technologies,21613915,1
57200138702,Aruna Balakrishnan,21100889409,International Journal of Innovative Technology and Exploring Engineering,22783075,1
57200138702,Aruna Balakrishnan,21100889873,International Journal of Recent Technology and Engineering,22773878,1
57200138702,Aruna Balakrishnan,21101184660,Eai Endorsed Transactions on Internet of Things,24141399,3
57200138702,Aruna Balakrishnan,27318,Network Computation in Neural Systems,0954898X,1
57200138702,Aruna Balakrishnan,4700152484,Journal of Systems Science and Systems Engineering,10043756,1
57200138702,Aruna Balakrishnan,6700153285,International Journal of Mobile Network Design and Innovation,17442869,1
57201644039,Alexander Wenz,10600153309,Plos One,19326203,1
57201644039,Alexander Wenz,13530,Journal of the Royal Statistical Society Series A Statistics in Society,09641998,1
57201644039,Alexander Wenz,14424,European Societies,14616696,1
57201644039,Alexander Wenz,18916,Social Science Computer Review,08944393,5
57201644039,Alexander Wenz,18983,Social Science and Medicine,02779536,1
57201644039,Alexander Wenz,19419,Computers in Human Behavior,07475632,1
57201644039,Alexander Wenz,21100256106,Survey Research Methods,18643361,4
57201644039,Alexander Wenz,21100397403,EPJ Data Science,21931127,1
57201644039,Alexander Wenz,21100788289,Mobile Media and Communication,20501579,1
57201644039,Alexander Wenz,21100797724,Journal of Survey Statistics and Methodology,23250984,2
57201644039,Alexander Wenz,21100886407,European Policy Analysis,23806567,1
57201644039,Alexander Wenz,23574,Public Opinion Quarterly,0033362X,1
57201644039,Alexander Wenz,23709,Journal of Medical Internet Research,14388871,1
57201692045,Fiona Burlig,14834,Journal of Development Economics,03043878,1
57201692045,Fiona Burlig,21100861110,Journal of the Association of Environmental and Resource Economists,23335955,1
57201692045,Fiona Burlig,22697,American Economic Review,00028282,1
57201692045,Fiona Burlig,24404,Journal of Political Economy,00223808,1
57201692045,Fiona Burlig,28490,Economics Letters,01651765,1
57201692045,Fiona Burlig,69623,American Journal of Agricultural Economics,00029092,1
57201738169,Natalie M. Jackson,19700174918,Clinical and Translational Science,17528054,1
57201738169,Natalie M. Jackson,21100782250,Erj Open Research,23120541,2
57201738169,Natalie M. Jackson,21100840442,Biomedicines,22279059,3
57201738169,Natalie M. Jackson,21100978391,Cells,20734409,1
57201738169,Natalie M. Jackson,6200180178,International Journal of Copd,11769106,2
57201978329,Julia Melin,17562,Social Psychology Quarterly,01902725,1
57201978329,Julia Melin,21121,Proceedings of the National Academy of Sciences of the United States of America,00278424,1
57201978329,Julia Melin,30020,Journal of Organizational Behavior,08943796,1
57202576828,Adam Ozer,145349,Business and Politics,13695258,1
57202576828,Adam Ozer,16114,Electoral Studies,02613794,1
57202576828,Adam Ozer,21100865122,Research and Politics,20531680,2
57202576828,Adam Ozer,22867,Political Research Quarterly,10659129,2
57202576828,Adam Ozer,23574,Public Opinion Quarterly,0033362X,1
57202576828,Adam Ozer,26362,Journal of Peace Research,00223433,1
57202576828,Adam Ozer,5700165635,Journal of Elections Public Opinion and Parties,17457289,1
57202780050,Emma Cohen,13344,Social Psychology of Education,13812890,1
57202780050,Emma Cohen,13358,Sociology of Education,00380407,1
57202780050,Emma Cohen,18103,Sociological Quarterly,00380253,1
57202780050,Emma Cohen,19400158571,Race and Social Problems,18671748,1
57202780050,Emma Cohen,21101021489,Socius,23780231,1
57202780050,Emma Cohen,26441,Social Science Research,0049089X,1
57202780050,Emma Cohen,29432,American Educational Research Journal,00028312,1
57202780050,Emma Cohen,4100151507,Research in Social Stratification and Mobility,02765624,1
57202780050,Emma Cohen,5800194481,Educational Researcher,0013189X,1
57202896584,Julia Wolfson,10600153309,Plos One,19326203,2
57202896584,Julia Wolfson,12715,Journal of Human Nutrition and Dietetics,09523871,1
57202896584,Julia Wolfson,12716,Journal of Nutrition,00223166,3
57202896584,Julia Wolfson,12717,Journal of Nutrition Education and Behavior,14994046,7
57202896584,Julia Wolfson,144664,British Food Journal,0007070X,1
57202896584,Julia Wolfson,144989,International Journal of Environmental Research and Public Health,16617827,2
57202896584,Julia Wolfson,15054,Injury Prevention,13538047,1
57202896584,Julia Wolfson,15673,Journal of Rural Studies,07430167,1
57202896584,Julia Wolfson,15931,Journal of Health Politics Policy and Law,03616878,1
57202896584,Julia Wolfson,17665,Preventive Medicine,00917435,5
57202896584,Julia Wolfson,18983,Social Science and Medicine,02779536,1
57202896584,Julia Wolfson,19561,American Journal of Public Health,15410048,4
57202896584,Julia Wolfson,19621,BMC Public Health,14712458,1
57202896584,Julia Wolfson,19700188323,Nutrients,20726643,9
57202896584,Julia Wolfson,19700200840,Childhood Obesity,21532168,1
57202896584,Julia Wolfson,20833,Health Affairs,02782715,2
57202896584,Julia Wolfson,21100198495,Journal of the Academy of Nutrition and Dietetics,22122672,8
57202896584,Julia Wolfson,21100246515,Journal of the American Heart Association,20479980,1
57202896584,Julia Wolfson,21100372295,Preventive Medicine Reports,22113355,4
57202896584,Julia Wolfson,21100415502,Journal of Nutritional Science,20486790,1
57202896584,Julia Wolfson,21100443787,Ssm Population Health,23528273,1
57202896584,Julia Wolfson,21100779233,Journal of Racial and Ethnic Health Disparities,21973792,2
57202896584,Julia Wolfson,21100790524,Journal of Public Health Research,22799028,1
57202896584,Julia Wolfson,21100798718,Frontiers in Public Health,22962565,3
57202896584,Julia Wolfson,21100900345,JAMA Network Open,25743805,6
57202896584,Julia Wolfson,21100944557,Health Equity,24731242,4
57202896584,Julia Wolfson,21100967335,Jmir Research Protocols,19290748,1
57202896584,Julia Wolfson,21101065238,Health Policy Open,25902296,1
57202896584,Julia Wolfson,21101120622,JAMA Health Forum,26890186,4
57202896584,Julia Wolfson,21101170632,Journal of Agriculture Food Systems and Community Development,21520801,1
57202896584,Julia Wolfson,21101183660,Ajpm Focus,27730654,1
57202896584,Julia Wolfson,21103,Milbank Quarterly,0887378X,1
57202896584,Julia Wolfson,21312,Health Promotion International,09574824,1
57202896584,Julia Wolfson,22460,Patient Education and Counseling,07383991,1
57202896584,Julia Wolfson,23161,Food Quality and Preference,09503293,2
57202896584,Julia Wolfson,25504,Diabetes Educator,01457217,1
57202896584,Julia Wolfson,25527,Diabetes Obesity and Metabolism,14628902,1
57202896584,Julia Wolfson,26643,Journal of General Internal Medicine,08848734,1
57202896584,Julia Wolfson,27063,American Journal of Preventive Medicine,07493797,15
57202896584,Julia Wolfson,27479,Annals of Family Medicine,15441709,1
57202896584,Julia Wolfson,27620,American Journal of Health Promotion,08901171,2
57202896584,Julia Wolfson,27997,Public Health Nutrition,13689800,13
57202896584,Julia Wolfson,28514,Journal of the American Geriatrics Society,00028614,1
57202896584,Julia Wolfson,29561,Journals of Gerontology Series B Psychological Sciences and Social Sciences,10795014,1
57202896584,Julia Wolfson,29990,American Journal of Clinical Nutrition,00029165,6
57202896584,Julia Wolfson,29994,Appetite,01956663,13
57202896584,Julia Wolfson,3600148102,Alzheimer S and Dementia,15525260,1
57202896584,Julia Wolfson,4700152825,Obesity,19307381,3
57203297446,James Fowler,10600153309,Plos One,19326203,18
57203297446,James Fowler,130030,Proceedings of the Royal Society B Biological Sciences,09628452,1
57203297446,James Fowler,130115,Contemporary Clinical Trials,15517144,2
57203297446,James Fowler,13545,Eating Behaviors,14710153,1
57203297446,James Fowler,13794,Biosystems,03032647,1
57203297446,James Fowler,14277,Health Psychology,02786133,1
57203297446,James Fowler,14308,Biological Psychiatry,00063223,1
57203297446,James Fowler,14493,Archives of Pediatrics and Adolescent Medicine,10724710,1
57203297446,James Fowler,145558,Political Analysis,10471987,2
57203297446,James Fowler,15555,American Journal of Political Science,00925853,3
57203297446,James Fowler,15557,American Political Science Review,00030554,1
57203297446,James Fowler,15559,American Politics Research,1532673X,1
57203297446,James Fowler,15847,New England Journal of Medicine,00284793,2
57203297446,James Fowler,15916,Journal of Health Communication,10810730,1
57203297446,James Fowler,16269,Journal of Legal Studies,00472530,1
57203297446,James Fowler,16590,Lancet,01406736,1
57203297446,James Fowler,16926,American Journal of Sociology,00029602,1
57203297446,James Fowler,17382,Molecular Psychiatry,13594184,1
57203297446,James Fowler,17530,Social Forces,00377732,1
57203297446,James Fowler,17915,Proceedings of the IEEE,00189219,1
57203297446,James Fowler,18838,Preventive Veterinary Medicine,01675877,1
57203297446,James Fowler,18983,Social Science and Medicine,02779536,3
57203297446,James Fowler,19561,American Journal of Public Health,00900036,1
57203297446,James Fowler,19569,Annals of Epidemiology,10472797,1
57203297446,James Fowler,19621,BMC Public Health,14712458,1
57203297446,James Fowler,19700166619,Journal of Neuroscience Psychology and Economics,1937321X,1
57203297446,James Fowler,19700182758,Nature Communications,20411723,1
57203297446,James Fowler,19800188003,BMJ Open,20446055,1
57203297446,James Fowler,20086,Statistics in Medicine,02776715,1
57203297446,James Fowler,20297,Molecular Ecology,09621083,1
57203297446,James Fowler,20333,Journal of Politics,00223816,9
57203297446,James Fowler,20350,Journal of Theoretical Politics,09516298,1
57203297446,James Fowler,21100200805,Scientific Reports,20452322,3
57203297446,James Fowler,21100237403,Lancet Diabetes and Endocrinology,22138587,1
57203297446,James Fowler,21100397403,EPJ Data Science,21931127,1
57203297446,James Fowler,21100457028,Science Advances,23752548,2
57203297446,James Fowler,21100464772,Network Science,20501250,1
57203297446,James Fowler,21100838541,Nature Human Behaviour,23973374,1
57203297446,James Fowler,21100855741,Sociological Science,23306696,2
57203297446,James Fowler,21100923302,Infectious Disease Modelling,24680427,1
57203297446,James Fowler,21121,Proceedings of the National Academy of Sciences of the United States of America,00278424,12
57203297446,James Fowler,21149,Leadership Quarterly,10489843,1
57203297446,James Fowler,21206,Nature,00280836,5
57203297446,James Fowler,22197,PS Political Science and Politics,10490965,1
57203297446,James Fowler,22697,American Economic Review,00028282,1
57203297446,James Fowler,22838,Political Communication,10584609,1
57203297446,James Fowler,22861,Political Psychology,0162895X,2
57203297446,James Fowler,22867,Political Research Quarterly,10659129,1
57203297446,James Fowler,22889,Political Science Quarterly,00323195,1
57203297446,James Fowler,23709,Journal of Medical Internet Research,14388871,1
57203297446,James Fowler,23714,Marketing Science,07322399,1
57203297446,James Fowler,23865,Journal of Economic Behavior and Organization,01672681,2
57203297446,James Fowler,24222,Scientometrics,01389130,1
57203297446,James Fowler,25987,Social Networks,03788733,3
57203297446,James Fowler,26404,SIAM Journal on Applied Mathematics,00361399,1
57203297446,James Fowler,26574,Annals of Internal Medicine,00034819,1
57203297446,James Fowler,27562,Archives of Sexual Behavior,00040002,1
57203297446,James Fowler,27663,Journal of Conflict Resolution,00220027,1
57203297446,James Fowler,28490,Economics Letters,01651765,1
57203297446,James Fowler,28980,Journal of Economic Perspectives,08953309,1
57203297446,James Fowler,29115,Physica A Statistical Mechanics and Its Applications,03784371,2
57203297446,James Fowler,30039,Journal of Personality and Social Psychology,00223514,1
57203297446,James Fowler,3200147836,Norsk Epidemiologi,08032491,1
57203297446,James Fowler,39139,International Organization,00208183,1
57203297446,James Fowler,4000151907,Journal of the Royal Society Interface,17425689,1
57203297446,James Fowler,4700152825,Obesity,19307381,1
57203297446,James Fowler,51748,BMJ Online,17561833,2
57203308004,Emily Knaphus,16047,Race Ethnicity and Education,13613324,1
57203308004,Emily Knaphus,17600154907,Advances in Engineering Education,19411766,1
57203526149,Luke Elliott-Negri,17560,Social Problems,00377791,1
57203526149,Luke Elliott-Negri,21100448012,Partecipazione E Conflitto,19727623,1
57203526149,Luke Elliott-Negri,21101021489,Socius,23780231,1
57203526149,Luke Elliott-Negri,24848,Critical Sociology,08969205,1
57203526149,Luke Elliott-Negri,5700161511,Social Movement Studies,14742837,1
57203528227,Jonathan Chu,13447,Comparative Political Studies,00104140,1
57203528227,Jonathan Chu,20333,Journal of Politics,00223816,2
57203528227,Jonathan Chu,21100835891,Journal of Experimental Political Science,20522630,1
57203528227,Jonathan Chu,21121,Proceedings of the National Academy of Sciences of the United States of America,00278424,1
57203528227,Jonathan Chu,23571,Science,00368075,1
57203528227,Jonathan Chu,25725,World Politics,00438871,1
57203528227,Jonathan Chu,25794,International Interactions,03050629,1
57203528227,Jonathan Chu,25848,International Studies Quarterly,00208833,2
57203528227,Jonathan Chu,27663,Journal of Conflict Resolution,00220027,3
57203528227,Jonathan Chu,5800191489,Foreign Policy Analysis,17438586,1
57203743434,Marzia Oceno,16232,British Journal of Political Science,00071234,1
57203743434,Marzia Oceno,21100865122,Research and Politics,20531680,1
57203743434,Marzia Oceno,21100870919,Political Science Research and Methods,20498470,1
57203743434,Marzia Oceno,22832,Political Behavior,01909320,1
57203743434,Marzia Oceno,23574,Public Opinion Quarterly,0033362X,1
57203811358,Emily A. Marshall,15653,Journal of Marriage and Family,00222445,2
57203811358,Emily A. Marshall,21101140103,Ssm Qualitative Research in Health,26673215,1
57203811358,Emily A. Marshall,26361,Demographic Research,14359871,1
57203811358,Emily A. Marshall,26365,Demography,00703370,1
57203811358,Emily A. Marshall,27364,Population and Development Review,00987921,1
57203811358,Emily A. Marshall,27387,Population Research and Policy Review,01675923,1
57203866699,Gautam Nair,16300,Journal of Performance of Constructed Facilities,08873828,1
57203866699,Gautam Nair,20500195422,Journal of Pipeline Systems Engineering and Practice,19491190,2
57203866699,Gautam Nair,20986,Journal of Pressure Vessel Technology Transactions of the ASME,00949930,1
57204262962,Kevin Arceneaux,10600153309,Plos One,19326203,1
57204262962,Kevin Arceneaux,13602,Philosophical Transactions of the Royal Society B Biological Sciences,09628436,1
57204262962,Kevin Arceneaux,13936,Journal of Urban Affairs,07352166,1
57204262962,Kevin Arceneaux,144614,Twin Research and Human Genetics,18324274,1
57204262962,Kevin Arceneaux,145558,Political Analysis,10471987,2
57204262962,Kevin Arceneaux,15528,Annals of the American Academy of Political and Social Science,00027162,1
57204262962,Kevin Arceneaux,15555,American Journal of Political Science,00925853,7
57204262962,Kevin Arceneaux,15557,American Political Science Review,00030554,2
57204262962,Kevin Arceneaux,15559,American Politics Research,1532673X,3
57204262962,Kevin Arceneaux,16232,British Journal of Political Science,00071234,1
57204262962,Kevin Arceneaux,17167,Public Administration Review,00333352,1
57204262962,Kevin Arceneaux,18091,Sociological Methods and Research,00491241,1
57204262962,Kevin Arceneaux,18437,European Journal of Political Research,03044130,2
57204262962,Kevin Arceneaux,19621,BMC Public Health,14712458,1
57204262962,Kevin Arceneaux,20333,Journal of Politics,00223816,1
57204262962,Kevin Arceneaux,21100446014,Royal Society Open Science,20545703,1
57204262962,Kevin Arceneaux,21100835891,Journal of Experimental Political Science,20522630,4
57204262962,Kevin Arceneaux,21100838541,Nature Human Behaviour,23973374,1
57204262962,Kevin Arceneaux,21100865122,Research and Politics,20531680,1
57204262962,Kevin Arceneaux,21100870919,Political Science Research and Methods,20498470,1
57204262962,Kevin Arceneaux,21101077280,Frontiers in Political Science,26733145,1
57204262962,Kevin Arceneaux,22197,PS Political Science and Politics,10490965,1
57204262962,Kevin Arceneaux,22832,Political Behavior,01909320,2
57204262962,Kevin Arceneaux,22838,Political Communication,10584609,3
57204262962,Kevin Arceneaux,22861,Political Psychology,0162895X,7
57204262962,Kevin Arceneaux,22867,Political Research Quarterly,10659129,4
57204262962,Kevin Arceneaux,23442,Politics and the Life Sciences,07309384,3
57204262962,Kevin Arceneaux,23687,Marketing Letters,09230645,1
57204262962,Kevin Arceneaux,26439,Social Science Quarterly,00384941,1
57204262962,Kevin Arceneaux,30022,Journal of Personality,00223506,1
57204262962,Kevin Arceneaux,4000148701,Perspectives on Politics,15375927,1
57204262962,Kevin Arceneaux,4400151519,Journal of Women Politics and Policy,1554477X,1
57204262962,Kevin Arceneaux,4700152270,State Politics Policy Quarterly,15324400,2
57204262962,Kevin Arceneaux,5700165635,Journal of Elections Public Opinion and Parties,17457289,1
57204339223,Leda Cosmides,10600153309,Plos One,19326203,4
57204339223,Leda Cosmides,12108,Behavioral and Brain Sciences,0140525X,2
57204339223,Leda Cosmides,12857,Cognition,00100277,8
57204339223,Leda Cosmides,130030,Proceedings of the Royal Society B Biological Sciences,09628452,3
57204339223,Leda Cosmides,13467,Psychological Review,0033295X,1
57204339223,Leda Cosmides,13468,Psychological Science,09567976,2
57204339223,Leda Cosmides,14823,Social Cognition,0278016X,3
57204339223,Leda Cosmides,15478,Journal of Experimental Psychology General,00963445,1
57204339223,Leda Cosmides,15481,Journal of Experimental Psychology Human Perception and Performance,00961523,1
57204339223,Leda Cosmides,15500154703,Evolutionary Psychology,14747049,1
57204339223,Leda Cosmides,21100200805,Scientific Reports,20452322,1
57204339223,Leda Cosmides,21121,Proceedings of the National Academy of Sciences of the United States of America,00278424,12
57204339223,Leda Cosmides,21206,Nature,00280836,1
57204339223,Leda Cosmides,21503,Evolution and Human Behavior,10905138,15
57204339223,Leda Cosmides,22861,Political Psychology,0162895X,1
57204339223,Leda Cosmides,30022,Journal of Personality,00223506,1
57204339223,Leda Cosmides,30039,Journal of Personality and Social Psychology,00223514,2
57204339223,Leda Cosmides,30073,Journal of Research in Personality,00926566,1
57204339223,Leda Cosmides,37152,Ethology and Sociobiology,01623095,3
57204339223,Leda Cosmides,5800179612,Social Neuroscience,17470927,1
57204339223,Leda Cosmides,67863,Party Politics,13540688,1
57204339223,Leda Cosmides,80974,Ciba Foundation Symposia,03005208,1
57205184782,Christopher Petsko,10600153309,Plos One,19326203,1
57205184782,Christopher Petsko,12811,Personality and Social Psychology Bulletin,01461672,2
57205184782,Christopher Petsko,15388,Journal of Applied Psychology,00219010,1
57205184782,Christopher Petsko,15478,Journal of Experimental Psychology General,00963445,1
57205184782,Christopher Petsko,15499,Journal of Experimental Social Psychology,00221031,3
57205184782,Christopher Petsko,19900192137,Social and Personality Psychology Compass,17519004,1
57205184782,Christopher Petsko,19900193555,Social Psychological and Personality Science,19485506,2
57205184782,Christopher Petsko,30039,Journal of Personality and Social Psychology,00223514,1
57205184782,Christopher Petsko,4000148701,Perspectives on Politics,15375927,1
57205462057,William M. P. Klein,10600153309,Plos One,19326203,4
57205462057,William M. P. Klein,12088,Basic and Applied Social Psychology,01973533,1
57205462057,William M. P. Klein,12459,Journal of the National Cancer Institute,00278874,1
57205462057,William M. P. Klein,12772,British Journal of Health Psychology,1359107X,1
57205462057,William M. P. Klein,12811,Personality and Social Psychology Bulletin,01461672,3
57205462057,William M. P. Klein,12812,Personality and Social Psychology Review,10888683,1
57205462057,William M. P. Klein,12858,Cognition and Emotion,02699931,1
57205462057,William M. P. Klein,13069,Psycho Oncology,10579249,3
57205462057,William M. P. Klein,13468,Psychological Science,09567976,2
57205462057,William M. P. Klein,13477,Current Directions in Psychological Science,09637214,1
57205462057,William M. P. Klein,13480,Current Research in Social Psychology,10887423,1
57205462057,William M. P. Klein,14012,Psychology and Health,08870446,9
57205462057,William M. P. Klein,14117,European Journal of Social Psychology,00462772,1
57205462057,William M. P. Klein,14277,Health Psychology Official Journal of the Division of Health Psychology American Psychological Association,19307810,20
57205462057,William M. P. Klein,144989,International Journal of Environmental Research and Public Health,16617827,1
57205462057,William M. P. Klein,14900154701,Public Health Genomics,16624246,1
57205462057,William M. P. Klein,15390,Journal of Applied Social Psychology,00219029,1
57205462057,William M. P. Klein,15439,Journal of Consulting and Clinical Psychology,0022006X,1
57205462057,William M. P. Klein,15499,Journal of Experimental Social Psychology,00221031,1
57205462057,William M. P. Klein,15509,Journal of Genetic Counseling,10597700,2
57205462057,William M. P. Klein,15536,Journal of Health Psychology,13591053,1
57205462057,William M. P. Klein,15800154704,Cancer Prevention Research,19406207,1
57205462057,William M. P. Klein,15916,Journal of Health Communication,10810730,4
57205462057,William M. P. Klein,15962,Journal of Medical Ethics,03066800,1
57205462057,William M. P. Klein,16664,Journal of Behavioral Medicine,01607715,15
57205462057,William M. P. Klein,17058,Nicotine and Tobacco Research,14622203,1
57205462057,William M. P. Klein,17449,Science Communication,10755470,1
57205462057,William M. P. Klein,17665,Preventive Medicine,00917435,2
57205462057,William M. P. Klein,17792,Medical Decision Making,0272989X,4
57205462057,William M. P. Klein,17800156703,Journal of Empirical Research on Human Research Ethics,15562646,1
57205462057,William M. P. Klein,18983,Social Science and Medicine,02779536,6
57205462057,William M. P. Klein,19400157006,Judgment and Decision Making,19302975,1
57205462057,William M. P. Klein,19400158464,Health Psychology Review,17437199,1
57205462057,William M. P. Klein,19400158483,Social Issues and Policy Review,17512395,1
57205462057,William M. P. Klein,19561,American Journal of Public Health,00900036,1
57205462057,William M. P. Klein,19600166304,Journal of Community Genetics,1868310X,1
57205462057,William M. P. Klein,19621,BMC Public Health,14712458,2
57205462057,William M. P. Klein,19700176047,Cyberpsychology Behavior and Social Networking,21522715,1
57205462057,William M. P. Klein,19700182323,Perspectives on Psychological Science,17456916,1
57205462057,William M. P. Klein,19700187601,Developmental Cognitive Neuroscience,18789293,2
57205462057,William M. P. Klein,19900192137,Social and Personality Psychology Compass,17519004,2
57205462057,William M. P. Klein,19900193555,Social Psychological and Personality Science,19485506,1
57205462057,William M. P. Klein,20537,Journal of Behavioral Decision Making,08943257,2
57205462057,William M. P. Klein,20877,Health Education and Behavior,10901981,1
57205462057,William M. P. Klein,20885,Health Expectations,13696513,2
57205462057,William M. P. Klein,21100199546,Translational Behavioral Medicine,18696716,3
57205462057,William M. P. Klein,21100216571,Frontiers in Psychology,16641078,1
57205462057,William M. P. Klein,21100879846,Circulation Genomic and Precision Medicine,25748300,1
57205462057,William M. P. Klein,21100893578,Jmir Mhealth and Uhealth,22915222,1
57205462057,William M. P. Klein,21100941105,JCO Precision Oncology,24734284,1
57205462057,William M. P. Klein,21101140103,Ssm Qualitative Research in Health,26673215,1
57205462057,William M. P. Klein,21677,American Journal of Human Genetics,00029297,1
57205462057,William M. P. Klein,22064,Clinical Genetics,00099163,2
57205462057,William M. P. Klein,22101,European Journal of Human Genetics,10184813,2
57205462057,William M. P. Klein,22191,Genetics in Medicine,10983600,4
57205462057,William M. P. Klein,22460,Patient Education and Counseling,07383991,5
57205462057,William M. P. Klein,23434,Journal of Risk Research,13669877,3
57205462057,William M. P. Klein,23709,Journal of Medical Internet Research,14388871,1
57205462057,William M. P. Klein,24763,Addictive Behaviors,03064603,2
57205462057,William M. P. Klein,26382,Drug and Alcohol Review,09595236,1
57205462057,William M. P. Klein,26643,Journal of General Internal Medicine,08848734,1
57205462057,William M. P. Klein,27063,American Journal of Preventive Medicine,07493797,5
57205462057,William M. P. Klein,27473,Annals of Behavioral Medicine,08836612,12
57205462057,William M. P. Klein,27479,Annals of Family Medicine,15441709,1
57205462057,William M. P. Klein,28766,Breast Cancer Research and Treatment,01676806,2
57205462057,William M. P. Klein,28785,Cancer,0008543X,1
57205462057,William M. P. Klein,28809,Journal of American College Health,07448481,1
57205462057,William M. P. Klein,29124,Cancer Epidemiology Biomarkers Prevention A Publication of the American Association for Cancer Research Cosponsored by the American Society of Preventive Oncology,15387755,6
57205462057,William M. P. Klein,29769,Familial Cancer,13899600,1
57205462057,William M. P. Klein,29928,Journal of Cancer Education,08858195,2
57205462057,William M. P. Klein,30090,Journal of Social Psychology,00224545,1
57205462057,William M. P. Klein,30227,IRB Ethics and Human Research,01937758,2
57205462057,William M. P. Klein,33982,Health Communication,10410236,3
57205462057,William M. P. Klein,4000150503,American Journal of Health Education,19325037,1
57205462057,William M. P. Klein,5400152645,Journal of Cancer Survivorship,19322259,1
57205462057,William M. P. Klein,5800179627,Self and Identity,15298868,2
57205462057,William M. P. Klein,6400153136,Biopsychosocial Medicine,17510759,1
57205462057,William M. P. Klein,7000153204,Social Cognitive and Affective Neuroscience,17495016,1
57205551741,Brian Guay,15555,American Journal of Political Science,00925853,1
57205551741,Brian Guay,21100838541,Nature Human Behaviour,23973374,1
57205551741,Brian Guay,21121,Proceedings of the National Academy of Sciences of the United States of America,00278424,2
57205551741,Brian Guay,22197,PS Political Science and Politics,10490965,1
57205551741,Brian Guay,23574,Public Opinion Quarterly,0033362X,1
57205938098,Jo Phelan,110175,Psychiatric Services,10752730,4
57205938098,Jo Phelan,12811,Personality and Social Psychology Bulletin,01461672,1
57205938098,Jo Phelan,13163,Epilepsy and Behavior,15255050,1
57205938098,Jo Phelan,14230,Cultural Diversity and Ethnic Minority Psychology,10999809,2
57205938098,Jo Phelan,15430,Journal of Community Psychology,00904392,1
57205938098,Jo Phelan,15509,Journal of Genetic Counseling,10597700,2
57205938098,Jo Phelan,15510,Epilepsia,00139580,8
57205938098,Jo Phelan,15578,European Psychiatry,09249338,1
57205938098,Jo Phelan,15645,Journal of Health and Social Behavior,00221465,8
57205938098,Jo Phelan,15756,Pediatrics,00314005,1
57205938098,Jo Phelan,16734,Journal of Nervous and Mental Disease,00223018,1
57205938098,Jo Phelan,16925,American Journal of Community Psychology,00910562,2
57205938098,Jo Phelan,16929,American Sociological Review,00031224,2
57205938098,Jo Phelan,17562,Social Psychology Quarterly,01902725,4
57205938098,Jo Phelan,17656,Journal of the American Academy of Psychiatry and the Law,10936793,1
57205938098,Jo Phelan,17664,American Journal of Psychiatry,0002953X,2
57205938098,Jo Phelan,18701,Psychiatric Rehabilitation Journal,1095158X,1
57205938098,Jo Phelan,18729,Psychiatry Research,01651781,1
57205938098,Jo Phelan,18742,Psychological Medicine,00332917,1
57205938098,Jo Phelan,18983,Social Science and Medicine,02779536,7
57205938098,Jo Phelan,19250,Work and Occupations,07308884,1
57205938098,Jo Phelan,19500157064,School Mental Health,18662625,1
57205938098,Jo Phelan,19561,American Journal of Public Health,00900036,4
57205938098,Jo Phelan,19621,BMC Public Health,14712458,1
57205938098,Jo Phelan,19841,Social Psychiatry and Psychiatric Epidemiology,09337954,5
57205938098,Jo Phelan,20374,Journal of Interpersonal Violence,08862605,1
57205938098,Jo Phelan,21100443787,Ssm Population Health,23528273,1
57205938098,Jo Phelan,21100782431,Society and Mental Health,21568693,2
57205938098,Jo Phelan,21101042149,Stigma and Health,23766972,4
57205938098,Jo Phelan,21103,Milbank Quarterly,0887378X,1
57205938098,Jo Phelan,21908,Journal of School Health,00224391,1
57205938098,Jo Phelan,22191,Genetics in Medicine,10983600,1
57205938098,Jo Phelan,26365,Demography,00703370,1
57205938098,Jo Phelan,26441,Social Science Research,0049089X,1
57205938098,Jo Phelan,26602,Evaluation and Program Planning,01497189,1
57205938098,Jo Phelan,28796,Cancer Causes and Control,09575243,1
57205938098,Jo Phelan,29124,Cancer Epidemiology Biomarkers and Prevention,10559965,1
57205938098,Jo Phelan,29471,American Journal of Orthopsychiatry,00029432,2
57205938098,Jo Phelan,37521,Journal of Occupational Medicine,00961736,1
57205938098,Jo Phelan,85291,JAMA,00987484,1
57207509081,Alison Ledgerwood,12811,Personality and Social Psychology Bulletin,01461672,1
57207509081,Alison Ledgerwood,12812,Personality and Social Psychology Review,10888683,1
57207509081,Alison Ledgerwood,13443,Psychological Bulletin,00332909,1
57207509081,Alison Ledgerwood,13456,Psychological Inquiry,1047840X,1
57207509081,Alison Ledgerwood,13468,Psychological Science,09567976,2
57207509081,Alison Ledgerwood,14823,Social Cognition,0278016X,4
57207509081,Alison Ledgerwood,14946,Group Processes Intergroup Relations,13684302,1
57207509081,Alison Ledgerwood,15478,Journal of Experimental Psychology General,00963445,3
57207509081,Alison Ledgerwood,15499,Journal of Experimental Social Psychology,00221031,4
57207509081,Alison Ledgerwood,19400157156,Journal of Pacific Rim Psychology,18344909,1
57207509081,Alison Ledgerwood,19700182323,Perspectives on Psychological Science,17456916,6
57207509081,Alison Ledgerwood,19900192137,Social and Personality Psychology Compass,17519004,1
57207509081,Alison Ledgerwood,19900193555,Social Psychological and Personality Science,19485506,3
57207509081,Alison Ledgerwood,21100857520,Collabra Psychology,24747394,1
57207509081,Alison Ledgerwood,21100886228,Policy Insights from the Behavioral and Brain Sciences,23727322,1
57207509081,Alison Ledgerwood,21101136809,Current Research in Ecological and Social Psychology,26666227,1
57207509081,Alison Ledgerwood,21121,Proceedings of the National Academy of Sciences of the United States of America,00278424,1
57207509081,Alison Ledgerwood,30039,Journal of Personality and Social Psychology,00223514,4
57207532342,David Landy,12061,Memory and Cognition,0090502X,1
57207532342,David Landy,12108,Behavioral and Brain Sciences,14691825,1
57207532342,David Landy,12857,Cognition,00100277,2
57207532342,David Landy,12874,Cognitive Science,03640213,4
57207532342,David Landy,13357,Journal of the Learning Sciences,10508406,1
57207532342,David Landy,13477,Current Directions in Psychological Science,09637214,1
57207532342,David Landy,14062,Psychonomic Bulletin and Review,10699384,1
57207532342,David Landy,15482,Journal of Experimental Psychology Learning Memory and Cognition,02787393,3
57207532342,David Landy,19900191735,Topics in Cognitive Science,17568757,1
57207532342,David Landy,21100216571,Frontiers in Psychology,16641078,2
57207532342,David Landy,21100244224,Religion Brain and Behavior,2153599X,1
57207532342,David Landy,21100812579,Nature Energy,20587546,1
57207532342,David Landy,21100935976,Cognitive Research Principles and Implications,23657464,1
57207532342,David Landy,21121,Proceedings of the National Academy of Sciences of the United States of America,00278424,2
57207532342,David Landy,22197,PS Political Science and Politics,10490965,1
57207532342,David Landy,24777,Minds and Machines,09246495,1
57207532342,David Landy,4000149409,Quarterly Journal of Experimental Psychology,17470218,2
57209028574,Benjamin Lockwood,11600153640,Quarterly Journal of Political Science,15540626,1
57209028574,Benjamin Lockwood,14194,Games and Economic Behavior,08998256,2
57209028574,Benjamin Lockwood,14547,Social Choice and Welfare,01761714,2
57209028574,Benjamin Lockwood,14834,Journal of Development Economics,03043878,1
57209028574,Benjamin Lockwood,17557,Journal of Money Credit and Banking,00222879,2
57209028574,Benjamin Lockwood,19900191884,American Economic Journal Economic Policy,19457731,2
57209028574,Benjamin Lockwood,20048,Economica,00130427,1
57209028574,Benjamin Lockwood,20290,Ecological Economics,09218009,1
57209028574,Benjamin Lockwood,20749,European Economic Review,00142921,1
57209028574,Benjamin Lockwood,21100860760,Critical Finance Review,21645744,1
57209028574,Benjamin Lockwood,22863,Political Quarterly,00323179,1
57209028574,Benjamin Lockwood,22903,Oxford Economic Papers,00307653,1
57209028574,Benjamin Lockwood,23011,Economic Journal,00130133,3
57209028574,Benjamin Lockwood,23594,World Economy,03785920,2
57209028574,Benjamin Lockwood,23666,International Economic Review,00206598,1
57209028574,Benjamin Lockwood,24202,Review of Economic Studies,00346527,3
57209028574,Benjamin Lockwood,24204,Review of Economics and Statistics,00346535,1
57209028574,Benjamin Lockwood,24393,Journal of International Economics,00221996,2
57209028574,Benjamin Lockwood,24849,Scandinavian Journal of Economics,03470520,1
57209028574,Benjamin Lockwood,27094,Fiscal Studies,01435671,2
57209028574,Benjamin Lockwood,28062,International Tax and Public Finance,09275940,3
57209028574,Benjamin Lockwood,28467,Economic Modelling,02649993,1
57209028574,Benjamin Lockwood,28489,Economics and Politics,09541985,1
57209028574,Benjamin Lockwood,28490,Economics Letters,01651765,4
57209028574,Benjamin Lockwood,28708,National Tax Journal,00280283,1
57209028574,Benjamin Lockwood,28976,Journal of Economic Dynamics and Control,01651889,2
57209028574,Benjamin Lockwood,28981,Journal of Economic Theory,00220531,1
57209028574,Benjamin Lockwood,29009,Journal of Public Economics,00472727,15
57209028574,Benjamin Lockwood,29020,Manchester School,14636786,1
57209028574,Benjamin Lockwood,29431,Quarterly Journal of Economics,00335533,1
57209028574,Benjamin Lockwood,4900152303,Global Environmental Politics,15263800,1
57209028574,Benjamin Lockwood,5600152814,Journal of Public Economic Theory,10973923,2
57209028574,Benjamin Lockwood,64461,European Journal of Political Economy,01762680,2
57209264814,Mahzarin Banaji,10600153309,Plos One,19326203,3
57209264814,Mahzarin Banaji,12061,Memory and Cognition,0090502X,1
57209264814,Mahzarin Banaji,12103,Behavior Research Methods Instruments Computers,07433808,1
57209264814,Mahzarin Banaji,12108,Behavioral and Brain Sciences,14691825,1
57209264814,Mahzarin Banaji,12776,British Journal of Social Psychology,01446665,1
57209264814,Mahzarin Banaji,12811,Personality and Social Psychology Bulletin,01461672,3
57209264814,Mahzarin Banaji,12812,Personality and Social Psychology Review,10888683,1
57209264814,Mahzarin Banaji,12824,Philosophical Psychology,09515089,1
57209264814,Mahzarin Banaji,12869,Cognitive Development,08852014,1
57209264814,Mahzarin Banaji,13401,Consciousness and Cognition,10538100,1
57209264814,Mahzarin Banaji,13456,Psychological Inquiry,1047840X,2
57209264814,Mahzarin Banaji,13467,Psychological Review,0033295X,1
57209264814,Mahzarin Banaji,13468,Psychological Science,09567976,16
57209264814,Mahzarin Banaji,13477,Current Directions in Psychological Science,09637214,1
57209264814,Mahzarin Banaji,13500,Developmental Psychology,00121649,1
57209264814,Mahzarin Banaji,13503,Developmental Science,1363755X,3
57209264814,Mahzarin Banaji,13602,Philosophical Transactions of the Royal Society B Biological Sciences,09628436,1
57209264814,Mahzarin Banaji,14117,European Journal of Social Psychology,00462772,1
57209264814,Mahzarin Banaji,14246,Group Dynamics,10892699,1
57209264814,Mahzarin Banaji,14432,Daedalus,00115266,1
57209264814,Mahzarin Banaji,146223,Behavior Research Methods,1554351X,1
57209264814,Mahzarin Banaji,14823,Social Cognition,0278016X,7
57209264814,Mahzarin Banaji,14946,Group Processes and Intergroup Relations,13684302,1
57209264814,Mahzarin Banaji,15359,Trends in Cognitive Sciences,13646613,1
57209264814,Mahzarin Banaji,15413,Journal of Cognition and Development,15248372,1
57209264814,Mahzarin Banaji,15439,Journal of Consulting and Clinical Psychology,0022006X,1
57209264814,Mahzarin Banaji,15478,Journal of Experimental Psychology General,00963445,7
57209264814,Mahzarin Banaji,15499,Journal of Experimental Social Psychology,00221031,9
57209264814,Mahzarin Banaji,15508,Journal of General Psychology,00221309,1
57209264814,Mahzarin Banaji,16688,Journal of Cognitive Neuroscience,0898929X,4
57209264814,Mahzarin Banaji,16764,Journal of Neuroscience,02706474,1
57209264814,Mahzarin Banaji,16929,American Sociological Review,00031224,1
57209264814,Mahzarin Banaji,17409,Poetics,0304422X,1
57209264814,Mahzarin Banaji,17495,Neuroimage,10538119,2
57209264814,Mahzarin Banaji,17664,American Journal of Psychiatry,0002953X,1
57209264814,Mahzarin Banaji,17978,Neuron,08966273,1
57209264814,Mahzarin Banaji,18300156710,European Review of Social Psychology,10463283,1
57209264814,Mahzarin Banaji,19561,American Journal of Public Health,00900036,1
57209264814,Mahzarin Banaji,19700175114,Frontiers in Integrative Neuroscience,16625145,1
57209264814,Mahzarin Banaji,19900193555,Social Psychological and Personality Science,19485506,1
57209264814,Mahzarin Banaji,20731,Research in Higher Education,03610365,1
57209264814,Mahzarin Banaji,21100200805,Scientific Reports,20452322,1
57209264814,Mahzarin Banaji,21100829991,Psychology of Consciousness Theory Research and Practice,23265523,1
57209264814,Mahzarin Banaji,21100838541,Nature Human Behaviour,23973374,1
57209264814,Mahzarin Banaji,21100935976,Cognitive Research Principles and Implications,23657464,1
57209264814,Mahzarin Banaji,21101136809,Current Research in Ecological and Social Psychology,26666227,1
57209264814,Mahzarin Banaji,21101186976,Pnas Nexus,27526542,2
57209264814,Mahzarin Banaji,21121,Proceedings of the National Academy of Sciences of the United States of America,00278424,9
57209264814,Mahzarin Banaji,23571,Science,00368075,1
57209264814,Mahzarin Banaji,23672,RAND Journal of Economics,07416261,1
57209264814,Mahzarin Banaji,24456,Child Development,00093920,1
57209264814,Mahzarin Banaji,26643,Journal of General Internal Medicine,08848734,1
57209264814,Mahzarin Banaji,29492,American Psychologist,0003066X,7
57209264814,Mahzarin Banaji,30039,Journal of Personality and Social Psychology,00223514,18
57209264814,Mahzarin Banaji,30088,Journal of Social Issues,00224537,1
57209264814,Mahzarin Banaji,5700166187,Du Bois Review,1742058X,1
57209264814,Mahzarin Banaji,5800179627,Self and Identity,15298868,2
57209264814,Mahzarin Banaji,7000153204,Social Cognitive and Affective Neuroscience,17495016,2
57209307611,Laurel Eckhouse,15555,American Journal of Political Science,00925853,1
57209307611,Laurel Eckhouse,19664,Criminal Justice and Behavior,00938548,1
57209307611,Laurel Eckhouse,20333,Journal of Politics,00223816,1
57209307611,Laurel Eckhouse,4000148701,Perspectives on Politics,15375927,1
57209737792,Fangqi Wen,15532,International Sociology,02685809,1
57209737792,Fangqi Wen,17497,British Journal of Sociology,00071315,1
57209737792,Fangqi Wen,18983,Social Science and Medicine,02779536,1
57209737792,Fangqi Wen,21100869492,Chinese Journal of Sociology,2057150X,1
57209737792,Fangqi Wen,21121,Proceedings of the National Academy of Sciences of the United States of America,00278424,2
57209737792,Fangqi Wen,26365,Demography,00703370,2
57209737792,Fangqi Wen,26441,Social Science Research,0049089X,1
57209737792,Fangqi Wen,27364,Population and Development Review,00987921,1
57209869036,Rebecca Johnson,10600153309,Plos One,19326203,2
57209869036,Rebecca Johnson,14346,Brain Research,00068993,1
57209869036,Rebecca Johnson,15048,FASEB Journal,08926638,1
57209869036,Rebecca Johnson,16689,Journal of Comparative Neurology,00219967,1
57209869036,Rebecca Johnson,16764,Journal of Neuroscience the Official Journal of the Society for Neuroscience,15292401,1
57209869036,Rebecca Johnson,17121,American Journal of Veterinary Research,00029645,7
57209869036,Rebecca Johnson,17123,Journal of the American Veterinary Medical Association,00031488,3
57209869036,Rebecca Johnson,17436,Nature Neuroscience,10976256,1
57209869036,Rebecca Johnson,18042,Neuroscience,03064522,3
57209869036,Rebecca Johnson,18046,Neuroscience Letters,03043940,1
57209869036,Rebecca Johnson,18296,Journal of Equine Veterinary Science,07370806,1
57209869036,Rebecca Johnson,18300,Journal of Small Animal Practice,00224510,1
57209869036,Rebecca Johnson,18331,Journal of Zoo and Wildlife Medicine,10427260,2
57209869036,Rebecca Johnson,19143,Arthritis Care and Research,2151464X,1
57209869036,Rebecca Johnson,19498,Veterinary Anaesthesia and Analgesia,14672987,2
57209869036,Rebecca Johnson,19551,Veterinary Radiology and Ultrasound,10588183,6
57209869036,Rebecca Johnson,19574,Veterinary Surgery Vs the Official Journal of the American College of Veterinary Surgeons,01613499,1
57209869036,Rebecca Johnson,19600161811,Research in Gerontological Nursing,19404921,1
57209869036,Rebecca Johnson,19700201165,Tijdschrift Voor Ouderengeneeskunde,18794637,1
57209869036,Rebecca Johnson,19900191888,Journal of Parkinson S Disease,18777171,1
57209869036,Rebecca Johnson,21100455629,Military Medical Research,20957467,1
57209869036,Rebecca Johnson,21100843693,Frontiers in Veterinary Science,22971769,1
57209869036,Rebecca Johnson,22111,Journal of Autism and Developmental Disorders,01623257,1
57209869036,Rebecca Johnson,23079,Journal of Pharmaceutical Sciences,00223549,1
57209869036,Rebecca Johnson,23454,Journal of Applied Physiology,87507587,3
57209869036,Rebecca Johnson,23728,Telemedicine and E Health,15305627,1
57209869036,Rebecca Johnson,24030,Respiratory Physiology and Neurobiology,15699048,2
57209869036,Rebecca Johnson,24522,Zoo Biology,07333188,1
57209869036,Rebecca Johnson,24606,Anthrozoos,08927936,1
57209869036,Rebecca Johnson,27122,Applied Nursing Research,08971897,2
57209869036,Rebecca Johnson,27599,Clinical Nursing Research,10547738,3
57209869036,Rebecca Johnson,28240,Journal of Pediatric Nursing,08825963,1
57209869036,Rebecca Johnson,28673,Educational Gerontology,03601277,1
57209869036,Rebecca Johnson,29194,Journal of Aging Studies,08904065,1
57209869036,Rebecca Johnson,29195,Journal of Applied Gerontology,07334648,1
57209869036,Rebecca Johnson,29259,Nursing Research,00296562,1
57209869036,Rebecca Johnson,29317,Oncology Nursing Forum,0190535X,1
57209869036,Rebecca Johnson,29552,Journal of Gerontological Nursing,00989134,1
57209869036,Rebecca Johnson,29555,Journal of Housing for the Elderly,02763893,1
57209869036,Rebecca Johnson,30034,Western Journal of Nursing Research,01939459,3
57209869036,Rebecca Johnson,36608,Respiration Physiology,00345687,1
57209869036,Rebecca Johnson,4000152122,Journal of the American Association for Laboratory Animal Science,15596109,1
57209869036,Rebecca Johnson,4700152214,Journal of Exotic Pet Medicine,15575063,1
57209869036,Rebecca Johnson,4700152294,Activities Adaptation and Aging,01924788,1
57209869036,Rebecca Johnson,4700152402,Journal of Family Social Work,10522158,1
57209869036,Rebecca Johnson,4700152411,Chronic Illness,17423953,1
57209869036,Rebecca Johnson,5700163050,Qualitative Social Work,14733250,1
57209869036,Rebecca Johnson,80625,Equine Pratice,01628941,1
57210223786,Jennifer K. Bosson,11100153305,Journal of Men S Health,18756867,1
57210223786,Jennifer K. Bosson,11600153423,American Journal of Men S Health,15579883,1
57210223786,Jennifer K. Bosson,12088,Basic and Applied Social Psychology,01973533,3
57210223786,Jennifer K. Bosson,12675,International Journal of Eating Disorders,02763478,1
57210223786,Jennifer K. Bosson,12776,British Journal of Social Psychology,01446665,1
57210223786,Jennifer K. Bosson,12811,Personality and Social Psychology Bulletin,01461672,7
57210223786,Jennifer K. Bosson,12858,Cognition and Emotion,02699931,1
57210223786,Jennifer K. Bosson,13468,Psychological Science,09567976,1
57210223786,Jennifer K. Bosson,13928,Journal of Planning Education and Research,0739456X,1
57210223786,Jennifer K. Bosson,14031,Psychology of Men and Masculinity,15249220,8
57210223786,Jennifer K. Bosson,14035,Psychology of Women Quarterly,03616843,2
57210223786,Jennifer K. Bosson,14107,European Journal of Psychological Assessment,10155759,1
57210223786,Jennifer K. Bosson,14117,European Journal of Social Psychology,00462772,2
57210223786,Jennifer K. Bosson,14356,Environment and Behavior,00139165,1
57210223786,Jennifer K. Bosson,14798,Sex Roles,03600025,5
57210223786,Jennifer K. Bosson,14946,Group Processes and Intergroup Relations,13684302,2
57210223786,Jennifer K. Bosson,15390,Journal of Applied Social Psychology,00219029,1
57210223786,Jennifer K. Bosson,15453,Journal of Cross Cultural Psychology,00220221,1
57210223786,Jennifer K. Bosson,15478,Journal of Experimental Psychology General,00963445,1
57210223786,Jennifer K. Bosson,15499,Journal of Experimental Social Psychology,00221031,1
57210223786,Jennifer K. Bosson,15965,Personal Relationships,13504126,1
57210223786,Jennifer K. Bosson,16249,Journal of Behavior Therapy and Experimental Psychiatry,00057916,1
57210223786,Jennifer K. Bosson,19700182323,Perspectives on Psychological Science,17456916,1
57210223786,Jennifer K. Bosson,19900193555,Social Psychological and Personality Science,19485506,3
57210223786,Jennifer K. Bosson,21100216571,Frontiers in Psychology,16641078,1
57210223786,Jennifer K. Bosson,21100444326,Masculinities and Social Change,20143605,1
57210223786,Jennifer K. Bosson,21100451321,Scientific Data,20524463,1
57210223786,Jennifer K. Bosson,21100830172,Psychology of Sexual Orientation and Gender Diversity,23290382,1
57210223786,Jennifer K. Bosson,21100935978,Frontiers in Education,2504284X,1
57210223786,Jennifer K. Bosson,22861,Political Psychology,0162895X,1
57210223786,Jennifer K. Bosson,27562,Archives of Sexual Behavior,00040002,3
57210223786,Jennifer K. Bosson,29452,Aggressive Behavior,0096140X,1
57210223786,Jennifer K. Bosson,29492,American Psychologist,1935990X,1
57210223786,Jennifer K. Bosson,29972,Journal of Homosexuality,00918369,2
57210223786,Jennifer K. Bosson,30039,Journal of Personality and Social Psychology,00223514,3
57210223786,Jennifer K. Bosson,30042,Journal of Personality Assessment,00223891,1
57210223786,Jennifer K. Bosson,30088,Journal of Social Issues,00224537,3
57210223786,Jennifer K. Bosson,5800179627,Self and Identity,15298868,3
57210726256,Michael Hankinson,12100157014,Diagnostic Histopathology,17562317,2
57210726256,Michael Hankinson,12628,Oral Oncology,13688375,1
57210726256,Michael Hankinson,14522,Virchows Archiv,09456317,2
57210726256,Michael Hankinson,20530,British Journal of Oral and Maxillofacial Surgery,02664356,2
57210726256,Michael Hankinson,21100231618,Oral Surgery,17522471,3
57210726256,Michael Hankinson,23807,American Journal of Orthodontics and Dentofacial Orthopedics,08895406,2
57210726256,Michael Hankinson,24374,British Dental Journal,00070610,1
57210726256,Michael Hankinson,24963,Dental Update,03055000,1
57210726256,Michael Hankinson,28770,British Journal of Cancer,00070920,1
57210726256,Michael Hankinson,29820,Histopathology,03090167,1
57210726256,Michael Hankinson,3900148511,Stomatologija,13928589,1
57210835212,Jacob Rode,12775,British Journal of Psychology,00071269,1
57210835212,Jacob Rode,14798,Sex Roles,03600025,1
57210835212,Jacob Rode,15320,Teaching of Psychology,00986283,1
57210835212,Jacob Rode,15470,Journal of Environmental Psychology,02724944,2
57210835212,Jacob Rode,17449,Science Communication,10755470,2
57210835212,Jacob Rode,19700182745,Environmental Communication,17524032,1
57210835212,Jacob Rode,21100464902,Journal of Environmental Studies and Sciences,21906483,1
57210835212,Jacob Rode,21101077288,Scholarship of Teaching and Learning in Psychology,23322101,1
57210903733,Ingar Haaland,23011,Economic Journal,00130133,2
57210903733,Ingar Haaland,23865,Journal of Economic Behavior and Organization,01672681,1
57210903733,Ingar Haaland,24204,Review of Economics and Statistics,00346535,1
57210903733,Ingar Haaland,27165,Journal of Economic Literature,00220515,2
57210903733,Ingar Haaland,29009,Journal of Public Economics,00472727,2
57210903733,Ingar Haaland,29431,Quarterly Journal of Economics,00335533,1
57210925214,Rebecca Bucci,19684,Criminology,00111384,1
57210925214,Rebecca Bucci,20377,Journal of Quantitative Criminology,07484518,1
57210925214,Rebecca Bucci,21100900345,JAMA Network Open,25743805,1
57210925214,Rebecca Bucci,21100922747,Journal of Developmental and Life Course Criminology,21994641,1
57210925214,Rebecca Bucci,21101021489,Socius,23780231,1
57210925214,Rebecca Bucci,24456,Child Development,00093920,1
57210925214,Rebecca Bucci,7000153203,Journal of Studies on Alcohol and Drugs,19371888,1
57211273125,Lauren Hahn,10300153306,International Journal of Press Politics,19401612,1
57211273125,Lauren Hahn,19700176047,Cyberpsychology Behavior and Social Networking,21522715,1
57211273125,Lauren Hahn,21100837352,Social Media and Society,20563051,1
57211273125,Lauren Hahn,4700151740,Journal of Broadcasting and Electronic Media,08838151,1
57211582039,Stephanie Demora,12100156092,Journal of Political Science Education,15512169,1
57211582039,Stephanie Demora,16232,British Journal of Political Science,00071234,3
57211582039,Stephanie Demora,18983,Social Science and Medicine,02779536,1
57211582039,Stephanie Demora,21101018925,Humanities and Social Sciences Communications,26629992,1
57211582039,Stephanie Demora,21101158576,Harvard Kennedy School Misinformation Review,27661652,1
57211582039,Stephanie Demora,21121,Proceedings of the National Academy of Sciences of the United States of America,00278424,1
57211582039,Stephanie Demora,22197,PS Political Science and Politics,10490965,1
57211582039,Stephanie Demora,22762,Policy and Politics,03055736,1
57211582039,Stephanie Demora,22832,Political Behavior,01909320,2
57211582039,Stephanie Demora,22838,Political Communication,10584609,1
57211582039,Stephanie Demora,22867,Political Research Quarterly,10659129,1
57211582039,Stephanie Demora,23574,Public Opinion Quarterly,0033362X,2
57211582039,Stephanie Demora,24519,Environmental Politics,09644016,1
57211582039,Stephanie Demora,4700152786,Journal of Political Marketing,15377857,1
57211582039,Stephanie Demora,5700165635,Journal of Elections Public Opinion and Parties,17457289,2
57211585764,Alexander Sahn,145558,Political Analysis,10471987,1
57211585764,Alexander Sahn,15555,American Journal of Political Science,00925853,1
57211585764,Alexander Sahn,15557,American Political Science Review,00030554,2
57211585764,Alexander Sahn,20333,Journal of Politics,00223816,1
57211585764,Alexander Sahn,20444,Legislative Studies Quarterly,03629805,1
57211585764,Alexander Sahn,21100873499,Nature Sustainability,23989629,1
57211585764,Alexander Sahn,21101260416,Journal of Historical Political Economy,26939290,1
57211585764,Alexander Sahn,22832,Political Behavior,01909320,2
57211681600,Jae-Hee Jung,13447,Comparative Political Studies,00104140,1
57211681600,Jae-Hee Jung,15555,American Journal of Political Science,00925853,2
57211681600,Jae-Hee Jung,15557,American Political Science Review,00030554,1
57211681600,Jae-Hee Jung,16114,Electoral Studies,02613794,2
57211681600,Jae-Hee Jung,20333,Journal of Politics,00223816,1
57211681600,Jae-Hee Jung,5700165635,Journal of Elections Public Opinion and Parties,17457289,1
57211785696,Hui Bai,12776,British Journal of Social Psychology,01446665,2
57211785696,Hui Bai,12811,Personality and Social Psychology Bulletin,01461672,2
57211785696,Hui Bai,14823,Social Cognition,0278016X,1
57211785696,Hui Bai,14946,Group Processes and Intergroup Relations,13684302,1
57211785696,Hui Bai,15499,Journal of Experimental Social Psychology,00221031,1
57211785696,Hui Bai,19700182758,Nature Communications,20411723,1
57211785696,Hui Bai,19900193555,Social Psychological and Personality Science,19485506,1
57211785696,Hui Bai,21100812569,Journal of Social and Political Psychology,21953325,1
57211785696,Hui Bai,21100838541,Nature Human Behaviour,23973374,1
57211785696,Hui Bai,21101150129,Affective Science,26622041,1
57211785696,Hui Bai,21121,Proceedings of the National Academy of Sciences of the United States of America,00278424,1
57211785696,Hui Bai,30039,Journal of Personality and Social Psychology,00223514,2
57212340615,Jacqueline Rifkin,13468,Psychological Science,09567976,1
57212340615,Jacqueline Rifkin,21101021052,Journal of the Association for Consumer Research,23781815,1
57212340615,Jacqueline Rifkin,21206,Nature,00280836,1
57212340615,Jacqueline Rifkin,22899,Journal of Consumer Research,00935301,3
57212340615,Jacqueline Rifkin,22951,Journal of Marketing,00222429,1
57212340615,Jacqueline Rifkin,30039,Journal of Personality and Social Psychology,00223514,1
57212471490,Melissa Vega,1100147103,Analyses of Social Issues and Public Policy,15297489,1
57212471490,Melissa Vega,12088,Basic and Applied Social Psychology,01973533,1
57212471490,Melissa Vega,14946,Group Processes and Intergroup Relations,13684302,1
57212471490,Melissa Vega,15476,Journal of Experimental Psychology Applied,1076898X,1
57212471490,Melissa Vega,19900192137,Social and Personality Psychology Compass,17519004,1
57212757431,Tanika Raychaudhuri,15559,American Politics Research,1532673X,1
57212757431,Tanika Raychaudhuri,16114,Electoral Studies,02613794,1
57212757431,Tanika Raychaudhuri,20333,Journal of Politics,00223816,2
57212757431,Tanika Raychaudhuri,22832,Political Behavior,01909320,1
57212757431,Tanika Raychaudhuri,29643,Urban Affairs Review,10780874,1
57212757431,Tanika Raychaudhuri,4700152270,State Politics and Policy Quarterly,15324400,1
57213579538,Neil Malhotra,10600153309,Plos One,19326203,1
57213579538,Neil Malhotra,11600153640,Quarterly Journal of Political Science,15540626,4
57213579538,Neil Malhotra,145558,Political Analysis,10471987,4
57213579538,Neil Malhotra,15555,American Journal of Political Science,00925853,6
57213579538,Neil Malhotra,15557,American Political Science Review,00030554,5
57213579538,Neil Malhotra,15559,American Politics Research,1532673X,3
57213579538,Neil Malhotra,16232,British Journal of Political Science,00071234,2
57213579538,Neil Malhotra,17530,Social Forces,00377732,1
57213579538,Neil Malhotra,18091,Sociological Methods and Research,00491241,1
57213579538,Neil Malhotra,18769,Applied Economics Letters,13504851,1
57213579538,Neil Malhotra,19900193555,Social Psychological and Personality Science,19485506,1
57213579538,Neil Malhotra,20333,Journal of Politics,00223816,9
57213579538,Neil Malhotra,20444,Legislative Studies Quarterly,03629805,5
57213579538,Neil Malhotra,21058,UCLA Law Review,00415650,1
57213579538,Neil Malhotra,21100198409,Nature Climate Change,1758678X,1
57213579538,Neil Malhotra,21100240100,Sustainability Switzerland,20711050,1
57213579538,Neil Malhotra,21100457028,Science Advances,23752548,1
57213579538,Neil Malhotra,21100835891,Journal of Experimental Political Science,20522630,2
57213579538,Neil Malhotra,21100838541,Nature Human Behaviour,23973374,4
57213579538,Neil Malhotra,21100855741,Sociological Science,23306696,2
57213579538,Neil Malhotra,21100865122,Research and Politics,20531680,2
57213579538,Neil Malhotra,21100870919,Political Science Research and Methods,20498470,1
57213579538,Neil Malhotra,21100942111,Journal of Law and Courts,21646570,1
57213579538,Neil Malhotra,21101186976,Pnas Nexus,27526542,1
57213579538,Neil Malhotra,21121,Proceedings of the National Academy of Sciences of the United States of America,00278424,3
57213579538,Neil Malhotra,21206,Nature,00280836,1
57213579538,Neil Malhotra,21307,Management Science,00251909,1
57213579538,Neil Malhotra,22197,PS Political Science and Politics,10490965,1
57213579538,Neil Malhotra,22832,Political Behavior,01909320,3
57213579538,Neil Malhotra,22838,Political Communication,10584609,1
57213579538,Neil Malhotra,22867,Political Research Quarterly,10659129,1
57213579538,Neil Malhotra,23571,Science,00368075,4
57213579538,Neil Malhotra,23574,Public Opinion Quarterly,0033362X,9
57213579538,Neil Malhotra,23577,Publius the Journal of Federalism,00485950,1
57213579538,Neil Malhotra,26439,Social Science Quarterly,00384941,1
57213579538,Neil Malhotra,26441,Social Science Research,0049089X,1
57213579538,Neil Malhotra,27663,Journal of Conflict Resolution,00220027,1
57213579538,Neil Malhotra,28523,Terrorism and Political Violence,09546553,1
57213579538,Neil Malhotra,4700152270,State Politics and Policy Quarterly,15324400,1
57214853900,Trent Ollerenshaw,15557,American Political Science Review,00030554,1
57214853900,Trent Ollerenshaw,20333,Journal of Politics,00223816,1
57214853900,Trent Ollerenshaw,21100865122,Research and Politics,20531680,1
57214853900,Trent Ollerenshaw,21100870919,Political Science Research and Methods,20498470,1
57214853900,Trent Ollerenshaw,22832,Political Behavior,01909320,2
57214853900,Trent Ollerenshaw,23574,Public Opinion Quarterly,0033362X,4
57215850147,Simone Zhang,16929,American Sociological Review,00031224,1
57215850147,Simone Zhang,18091,Sociological Methods and Research,00491241,1
57215850147,Simone Zhang,18916,Social Science Computer Review,08944393,1
57215850147,Simone Zhang,18983,Social Science and Medicine,02779536,1
57215850147,Simone Zhang,21100855741,Sociological Science,23306696,1
57215880589,Spencer Goidel,145349,Business and Politics,13695258,1
57215880589,Spencer Goidel,15559,American Politics Research,1532673X,4
57215880589,Spencer Goidel,21100865122,Research and Politics,20531680,4
57215880589,Spencer Goidel,22197,PS Political Science and Politics,10490965,1
57215880589,Spencer Goidel,22867,Political Research Quarterly,10659129,1
57215880589,Spencer Goidel,23574,Public Opinion Quarterly,0033362X,3
57215880589,Spencer Goidel,26439,Social Science Quarterly,00384941,1
57216835629,Tammon Nash,15758,Pediatrics in Review,01919601,1
57216835629,Tammon Nash,21100947283,Journal of Clinical and Translational Science,20598661,1
57216835629,Tammon Nash,36099,Archives of Pathology and Laboratory Medicine,00039985,1
57217529720,Christopher W. Blair,15555,American Journal of Political Science,00925853,2
57217529720,Christopher W. Blair,15557,American Political Science Review,00030554,2
57217529720,Christopher W. Blair,20022,Economic Policy,02664658,1
57217529720,Christopher W. Blair,20333,Journal of Politics,00223816,3
57217529720,Christopher W. Blair,21101043565,Journal of Global Security Studies,20573189,1
57217529720,Christopher W. Blair,25848,International Studies Quarterly,00208833,1
57217529720,Christopher W. Blair,27343,Journal of Ethnic and Migration Studies,1369183X,1
57217529720,Christopher W. Blair,27663,Journal of Conflict Resolution,00220027,3
57217529720,Christopher W. Blair,39139,International Organization,00208183,3
57217532548,Joshua A. Schwartz,12100156092,Journal of Political Science Education,15512169,2
57217532548,Joshua A. Schwartz,23930,Conflict Management and Peace Science,07388942,1
57217532548,Joshua A. Schwartz,24519,Environmental Politics,09644016,1
57217532548,Joshua A. Schwartz,25848,International Studies Quarterly,00208833,1
57217532548,Joshua A. Schwartz,26362,Journal of Peace Research,00223433,1
57217532548,Joshua A. Schwartz,27663,Journal of Conflict Resolution,00220027,3
57217532548,Joshua A. Schwartz,28011,Security Studies,09636412,1
57217532548,Joshua A. Schwartz,39139,International Organization,00208183,2
57218377215,Sparsha Saha,19878,Journal of European Public Policy,13501763,1
57218377215,Sparsha Saha,21100216571,Frontiers in Psychology,16641078,1
57218377215,Sparsha Saha,21100812569,Journal of Social and Political Psychology,21953325,1
57218377215,Sparsha Saha,22832,Political Behavior,01909320,1
57219091574,Max Grossmann,21100316071,Journal of Behavioral and Experimental Finance,22146350,1
57219091574,Max Grossmann,21307,Management Science,00251909,1
57219091574,Max Grossmann,23540,Wirtschaftsdienst,00436275,1
57219091574,Max Grossmann,28527,Experimental Economics,13864157,1
57219294082,Jacob Conway,11600153640,Quarterly Journal of Political Science,15540626,1
57219294082,Jacob Conway,29009,Journal of Public Economics,00472727,1
57219294082,Jacob Conway,29441,Review of Economic Design,14344742,1
57219315106,Jennifer Wu,14166,Journal of Health Economics,01676296,1
57219315106,Jennifer Wu,15559,American Politics Research,1532673X,2
57219315106,Jennifer Wu,21100870919,Political Science Research and Methods,20498470,1
57219315106,Jennifer Wu,21100888814,Journal of Race Ethnicity and Politics,20566085,1
57219315106,Jennifer Wu,23574,Public Opinion Quarterly,0033362X,1
57219315106,Jennifer Wu,26439,Social Science Quarterly,00384941,1
57220591509,Daniel Kent,145558,Political Analysis,10471987,1
57220591509,Daniel Kent,15555,American Journal of Political Science,00925853,1
57220591509,Daniel Kent,27663,Journal of Conflict Resolution,00220027,2
57220851693,Arthur Aron,10600153309,Plos One,19326203,3
57220851693,Arthur Aron,12061,Memory and Cognition,0090502X,1
57220851693,Arthur Aron,12088,Basic and Applied Social Psychology,01973533,1
57220851693,Arthur Aron,12807,Personality and Individual Differences,01918869,1
57220851693,Arthur Aron,12811,Personality and Social Psychology Bulletin,01461672,5
57220851693,Arthur Aron,12812,Personality and Social Psychology Review,10888683,3
57220851693,Arthur Aron,12866,Cognitive Affective and Behavioral Neuroscience,15307026,1
57220851693,Arthur Aron,13456,Psychological Inquiry,1047840X,1
57220851693,Arthur Aron,13465,Psychological Reports,00332941,1
57220851693,Arthur Aron,13468,Psychological Science,09567976,2
57220851693,Arthur Aron,13491,Development and Psychopathology,09545794,1
57220851693,Arthur Aron,13500,Developmental Psychology,00121649,2
57220851693,Arthur Aron,14075,Emotion,15283542,1
57220851693,Arthur Aron,14317,Brain,00068950,1
57220851693,Arthur Aron,14698,Review of General Psychology,10892680,1
57220851693,Arthur Aron,14821,Social Behavior and Personality,03012212,2
57220851693,Arthur Aron,14823,Social Cognition,0278016X,1
57220851693,Arthur Aron,14946,Group Processes and Intergroup Relations,13684302,1
57220851693,Arthur Aron,15499,Journal of Experimental Social Psychology,00221031,1
57220851693,Arthur Aron,15540,Journal of Humanistic Psychology,00221678,1
57220851693,Arthur Aron,15548,European Child and Adolescent Psychiatry,10188827,1
57220851693,Arthur Aron,15965,Personal Relationships,13504126,7
57220851693,Arthur Aron,16101,Human Brain Mapping,10659471,1
57220851693,Arthur Aron,18001,Neuropsychobiology,0302282X,1
57220851693,Arthur Aron,18046,Neuroscience Letters,03043940,1
57220851693,Arthur Aron,18300156710,European Review of Social Psychology,10463283,1
57220851693,Arthur Aron,18500161700,Pain Medicine United States,15262375,1
57220851693,Arthur Aron,19700182323,Perspectives on Psychological Science,17456916,1
57220851693,Arthur Aron,19900191866,Translational Psychiatry,21583188,1
57220851693,Arthur Aron,19900193555,Social Psychological and Personality Science,19485506,2
57220851693,Arthur Aron,21100216571,Frontiers in Psychology,16641078,3
57220851693,Arthur Aron,21100286315,Brain and Behavior,21623279,1
57220851693,Arthur Aron,21101074921,Annals of Tourism Research Empirical Insights,26669579,1
57220851693,Arthur Aron,21101081716,Current Research in Behavioral Sciences,26665182,1
57220851693,Arthur Aron,23475,Journal of Neurophysiology,00223077,2
57220851693,Arthur Aron,24763,Addictive Behaviors,03064603,2
57220851693,Arthur Aron,27069,Human Relations,00187267,1
57220851693,Arthur Aron,28902,Family Relations,01976664,1
57220851693,Arthur Aron,30039,Journal of Personality and Social Psychology,00223514,9
57220851693,Arthur Aron,30073,Journal of Research in Personality,00926566,1
57220851693,Arthur Aron,30085,Journal of Social and Clinical Psychology,07367236,1
57220851693,Arthur Aron,30086,Journal of Social and Personal Relationships,02654075,12
57220851693,Arthur Aron,30088,Journal of Social Issues,00224537,1
57220851693,Arthur Aron,5100152905,Clinical Neuropsychiatry,17244935,2
57220851693,Arthur Aron,6600153204,Brain Structure and Function,18632653,1
57220851693,Arthur Aron,66559,Journal of Divorce,01474022,2
57220851693,Arthur Aron,7000153204,Social Cognitive and Affective Neuroscience,17495016,4
57221304853,Melissa Shannon,21100787508,Journal of Global Health,20472978,1
57221304853,Melissa Shannon,21100898934,BMJ Global Health,20597908,1
57222144830,Hajin Kim,16269,Journal of Legal Studies,00472530,1
57222144830,Hajin Kim,21100217634,Journal of Empirical Legal Studies,17401453,1
57222400594,James Fahey,15559,American Politics Research,1532673X,1
57222400594,James Fahey,16114,Electoral Studies,02613794,1
57222400594,James Fahey,21100835891,Journal of Experimental Political Science,20522630,1
57222400594,James Fahey,26439,Social Science Quarterly,00384941,1
57222400594,James Fahey,5600155015,German Politics and Society,10450300,1
57224369230,Hillary Style,21100870919,Political Science Research and Methods,20498470,1
57224369230,Hillary Style,23574,Public Opinion Quarterly,0033362X,2
57224369230,Hillary Style,25847,International Studies Perspectives,15283577,1
57224636213,Dev Patel,14834,Journal of Development Economics,03043878,2
57226192408,Chuck Howard,22899,Journal of Consumer Research,00935301,1
57226192408,Chuck Howard,22961,Journal of Marketing Research,00222437,1
57226244144,Anna-Kaisa Reiman,1100147103,Analyses of Social Issues and Public Policy,15297489,1
57226244144,Anna-Kaisa Reiman,11700154377,Journal of Individual Differences,16140001,1
57226244144,Anna-Kaisa Reiman,14031,Psychology of Men and Masculinity,15249220,1
57226244144,Anna-Kaisa Reiman,14035,Psychology of Women Quarterly,03616843,1
57226244144,Anna-Kaisa Reiman,14095,Ethics and Behavior,10508422,1
57226244144,Anna-Kaisa Reiman,14117,European Journal of Social Psychology,00462772,1
57226244144,Anna-Kaisa Reiman,14946,Group Processes and Intergroup Relations,13684302,1
57226244144,Anna-Kaisa Reiman,15476,Journal of Experimental Psychology Applied,1076898X,1
57226244144,Anna-Kaisa Reiman,15499,Journal of Experimental Social Psychology,00221031,2
57226244144,Anna-Kaisa Reiman,19400158571,Race and Social Problems,18671748,1
57226244144,Anna-Kaisa Reiman,19900193555,Social Psychological and Personality Science,19485506,1
57226244144,Anna-Kaisa Reiman,27562,Archives of Sexual Behavior,00040002,1
57226320861,Mariateresa Silvi,17700156312,Environmental Policy and Governance,1756932X,1
57226320861,Mariateresa Silvi,29374,Energy Economics,01409883,2
57273413000,Lauren Palladino,15722,Pediatric Emergency Care,07495161,1
57273413000,Lauren Palladino,17785,Medical Care,00257079,1
57273413000,Lauren Palladino,19064,Resuscitation,03009572,1
57273413000,Lauren Palladino,21100200604,Workplace Health and Safety,21650799,1
57273413000,Lauren Palladino,21100244201,Journal of Emergency Management,15435865,1
57273413000,Lauren Palladino,21100277902,Pediatric Emergency Medicine Practice,15499669,1
57688625700,Daniel Silverman,145592,Computational and Mathematical Organization Theory,1381298X,1
57688625700,Daniel Silverman,200147101,Studies in Conflict and Terrorism,1057610X,1
57688625700,Daniel Silverman,21101121575,American Journal of Islam and Society,26903733,1
57688625700,Daniel Silverman,22867,Political Research Quarterly,10659129,1
57688625700,Daniel Silverman,23574,Public Opinion Quarterly,0033362X,1
57688625700,Daniel Silverman,25848,International Studies Quarterly,00208833,3
57688625700,Daniel Silverman,26362,Journal of Peace Research,00223433,1
57688625700,Daniel Silverman,27663,Journal of Conflict Resolution,00220027,3
57688625700,Daniel Silverman,28011,Security Studies,09636412,1
57688625700,Daniel Silverman,39139,International Organization,00208183,1
57715870100,Claire Willeck,22832,Political Behavior,01909320,1
57891913400,Jennifer L. Mezzapelle,14035,Psychology of Women Quarterly,03616843,1
57891913400,Jennifer L. Mezzapelle,14117,European Journal of Social Psychology,00462772,1
57891913400,Jennifer L. Mezzapelle,15476,Journal of Experimental Psychology Applied,1076898X,1
57891913400,Jennifer L. Mezzapelle,19400158571,Race and Social Problems,18671748,1
57891913400,Jennifer L. Mezzapelle,19900191409,Partner Abuse,19466560,1
57891913400,Jennifer L. Mezzapelle,20369,Journal of Family Violence,08857482,1
57891913400,Jennifer L. Mezzapelle,27562,Archives of Sexual Behavior,00040002,1
57891913400,Jennifer L. Mezzapelle,6500153248,Victims and Offenders,15564886,1
58221721000,Daniel Relihan,12811,Personality and Social Psychology Bulletin,01461672,1
58221721000,Daniel Relihan,21100200805,Scientific Reports,20452322,1
58221721000,Daniel Relihan,21100812569,Journal of Social and Political Psychology,21953325,1
58221721000,Daniel Relihan,21100857520,Collabra Psychology,24747394,1
58221721000,Daniel Relihan,21101134736,Ssm Mental Health,26665603,1
58221721000,Daniel Relihan,21101186976,Pnas Nexus,27526542,1
58221721000,Daniel Relihan,22861,Political Psychology,0162895X,1
58221721000,Daniel Relihan,5200152632,Environmental Research Letters,17489326,1
58243225600,Maryann Fiebach,21100826360,JAMA Cardiology,23806583,1
58243225600,Maryann Fiebach,23752,Hypertension Research,09169636,1
58460608800,Elizabeth C. Connors,15557,American Political Science Review,00030554,1
58460608800,Elizabeth C. Connors,20333,Journal of Politics,00223816,1
58460608800,Elizabeth C. Connors,21100835891,Journal of Experimental Political Science,20522630,1
58460608800,Elizabeth C. Connors,21100870919,Political Science Research and Methods,20498470,1
58460608800,Elizabeth C. Connors,22786,Policy Studies Journal,0190292X,1
58460608800,Elizabeth C. Connors,22832,Political Behavior,01909320,2
58460608800,Elizabeth C. Connors,23574,Public Opinion Quarterly,0033362X,3
58615016600,Kimberly Rios Morrison,12811,Personality and Social Psychology Bulletin,01461672,6
58615016600,Kimberly Rios Morrison,14117,European Journal of Social Psychology,00462772,2
58615016600,Kimberly Rios Morrison,15499,Journal of Experimental Social Psychology,00221031,6
58615016600,Kimberly Rios Morrison,17649,Communication Research,00936502,1
58615016600,Kimberly Rios Morrison,19900193555,Social Psychological and Personality Science,19485506,1
58615016600,Kimberly Rios Morrison,30039,Journal of Personality and Social Psychology,00223514,1
58644510300,Sara Morell,16232,British Journal of Political Science,00071234,1
58644510300,Sara Morell,22861,Political Psychology,0162895X,1
58644510300,Sara Morell,22867,Political Research Quarterly,10659129,1
59023065400,Margaret Brower,14432,Daedalus,00115266,1
59058031600,Riana Brown,12807,Personality and Individual Differences,01918869,1
59058031600,Riana Brown,12811,Personality and Social Psychology Bulletin,01461672,1
59058031600,Riana Brown,13465,Psychological Reports,00332941,1
59058031600,Riana Brown,13468,Psychological Science,09567976,1
59058031600,Riana Brown,15478,Journal of Experimental Psychology General,00963445,1
59058031600,Riana Brown,15499,Journal of Experimental Social Psychology,00221031,1
59058031600,Riana Brown,19900192615,Cyberpsychology,18027962,1
59058031600,Riana Brown,21101159371,Nature Reviews Psychology,27310574,1
59058031600,Riana Brown,21121,Proceedings of the National Academy of Sciences of the United States of America,00278424,1
59058031600,Riana Brown,23571,Science,00368075,1
59379630300,Hannah Eareckson,10600153309,Plos One,19326203,1
59702089200,Nicole Huffman,20444,Legislative Studies Quarterly,03629805,1
59702089200,Nicole Huffman,21100835891,Journal of Experimental Political Science,20522630,1
59702089200,Nicole Huffman,22832,Political Behavior,01909320,1
59702089200,Nicole Huffman,22861,Political Psychology,0162895X,1
59702089200,Nicole Huffman,23574,Public Opinion Quarterly,0033362X,1
60724676900,Seth Behrends,21100819062,Social Currents,23294965,1
