scopus_id,sample_us_label,evidence_field,evidence_quote,rationale,us_and_non_us_samples_reported,title_only_us_signal,title_evidence,separate_us_sample_count_stated,separate_sample_count_quote,abstract_sha256,reviewer,reviewer_type,review_date,human_validated
84931077293,unclear,abstract,,No sample country or country-specific context.,false,false,,,,903279b3242ba9ff6baff7c2aca90b2bf89701492e09304cdbbe392890c21d0b,Codex (GPT-6),AI_assisted,2026-09-08,false
84941353207,us_inferred,abstract,American politics,Experiments follow analysis of US partisan polarization; sample location unstated.,false,false,,,,3a6072976b3ec3949ce9a31de578cd04f0d0cc7843b7c0579e967fef77a183ab,Codex (GPT-6),AI_assisted,2026-09-08,false
84944232504,unclear,abstract,,MTurk and university students do not establish country.,false,false,,,,42c579f0a031ded2b4658ad5d029aad0fcf2c56f2e4820315f2b6c8b8b7bc460,Codex (GPT-6),AI_assisted,2026-09-08,false
84945162574,us_explicit,abstract,African-Americans,Abstract reports experimental results for African-American respondents.,false,false,,,,d68fe3544b30d5c7add23dc57b8a8ad7a19aa3af119fa17b5e322051e0d22398,Codex (GPT-6),AI_assisted,2026-09-08,false
84959343624,us_explicit,abstract,national sample of US Catholic priests,"Abstract explicitly identifies Americans, US respondents, or a US study setting.",false,false,,,,8632962834268599800e5922d3b35a3d6f6001e0753ecf6149f56c5b961e8a2a,Codex (GPT-6),AI_assisted,2026-09-08,false
84959905263,us_inferred,abstract,American electorate,National surveys address US electorate and Fox News; sampling location unstated.,false,false,,,,a2d728c1c3858ebc02b9676509acfa2bc4100713ad148b4b614772788f024bde,Codex (GPT-6),AI_assisted,2026-09-08,false
84963994831,unclear,abstract,,HIV programme without sample location.,false,false,,,,a0cfbab4c7858f25b0b90a265f473e38cc186166ce34749435b5390bd7ff9329,Codex (GPT-6),AI_assisted,2026-09-08,false
84967215008,non_us,abstract,nationally representative survey in Brazil,Study population or findings explicitly situated outside the US.,false,false,,,,fc71f009de379ea73a1c3f9a5d50b3eb198dd34d8a76a14aa97fe98661a6c534,Codex (GPT-6),AI_assisted,2026-09-08,false
84975459634,non_us,abstract,survey experiment in China,Study population or findings explicitly situated outside the US.,false,false,,,,6094b329b8c5c6448582788520ec92696c581fa34ce88fc3c18165386190b3e0,Codex (GPT-6),AI_assisted,2026-09-08,false
84975770291,unclear,abstract,,Online panel location unstated.,false,false,,,,60070733b628b6ec604ea36d1fc9ceffb3690d0a11f4f3c5d22e8b4aeed34930,Codex (GPT-6),AI_assisted,2026-09-08,false
84975789795,unclear,abstract,,Global climate topic does not identify sample country.,false,false,,,,dbe4df603dad02853f0a31b7009a4b74fe012075d896fdff352ecedff09d00f7,Codex (GPT-6),AI_assisted,2026-09-08,false
84977676153,unclear,abstract,,No sample country or country-specific context.,false,false,,,,0610cf3f1942cb72f0bbc2310c18787d3fa200799221be28336c0028e3b53fda,Codex (GPT-6),AI_assisted,2026-09-08,false
84978085703,non_us,abstract,respondents in Japan,Study population or findings explicitly situated outside the US.,false,false,,,,3d809ee27ec20abb7f100b3741495de9b7b3ff9a796734beebaabccd031fdf96,Codex (GPT-6),AI_assisted,2026-09-08,false
84978906427,non_us,abstract,among Britons,Study population or findings explicitly situated outside the US.,false,false,,,,b159505dda97095e2bf9764af857df8e7a5894e4fa89cceeb92fa519c9dbb603,Codex (GPT-6),AI_assisted,2026-09-08,false
84980034387,non_us,abstract,Flemish city councillors,Belgian local politicians.,false,false,,,,7e55445f6b00a328592161cd6e9ca69680bfaa1e16eb5c6e7b3107a7617a49ab,Codex (GPT-6),AI_assisted,2026-09-08,false
84983314158,unclear,abstract,,MTurk and university students do not establish country.,false,false,,,,8efbcb1c52f51a95082d9f584c3b23903e6f6e905cf60efeb78382bd05bff807,Codex (GPT-6),AI_assisted,2026-09-08,false
84989282236,non_us,abstract,national samples of the native Dutch,Study population or findings explicitly situated outside the US.,false,false,,,,f81aa7998b2ea095784e01dc94644bf58a18ef53bc98d5e8bdd26ff2a02b718d,Codex (GPT-6),AI_assisted,2026-09-08,false
84992341283,unclear,abstract,,Global climate summit does not identify sample country.,false,false,,,,5c4f81fa999a8a12a5e220b94da137e63d002e24a55964623786900000e587f9,Codex (GPT-6),AI_assisted,2026-09-08,false
84992655159,non_us,abstract,experimental approach within Japan,Study population or findings explicitly situated outside the US.,false,false,,,,0b2be4da9d04c6f1c995ef485ae6c3df51e670920c28619d130052b66098c1e1,Codex (GPT-6),AI_assisted,2026-09-08,false
84995444937,us_explicit,abstract,nationally representative sample of the United States,"Abstract explicitly identifies Americans, US respondents, or a US study setting.",false,false,,,,90b12194050fad584247fc23e783c33c6f83cb77c412a3691588f53880aa611d,Codex (GPT-6),AI_assisted,2026-09-08,false
84995578409,us_explicit,abstract,we examine the extent to which Americans,"Abstract explicitly identifies Americans, US respondents, or a US study setting.",false,false,,,,595855da9e8b8d72325b2a76cfc90d5b4658cf9907bd314b50f178a315ddfff7,Codex (GPT-6),AI_assisted,2026-09-08,false
85003864913,non_us,abstract,nationwide survey experiment in Brazil,Study population or findings explicitly situated outside the US.,false,false,,,,eb2e6aa7e0df31096f4ec5ae0e57245c1726be51b551e2a23b82588ff03651f0,Codex (GPT-6),AI_assisted,2026-09-08,false
85012118612,unclear,abstract,,No country-specific sampling information.,false,false,,,,3c59dcb80949b9243008d9622a6a83512e753d2cd9abb391a2583b44619a9b4a,Codex (GPT-6),AI_assisted,2026-09-08,false
85012297251,non_us,abstract,original survey experiment in Brazil,Study population or findings explicitly situated outside the US.,false,false,,,,5def812014960d68686cbe930df7b88829c2ec0916a64bef9a94f7bc24881c80,Codex (GPT-6),AI_assisted,2026-09-08,false
85014540568,us_inferred,abstract,Republican female candidates,Democratic versus Republican candidates imply US electoral context.,false,false,,,,3c884491996323c397a8ad3c3abaf584283cd0e14bbbc227d93bb2a4bcbf087a,Codex (GPT-6),AI_assisted,2026-09-08,false
85014593137,us_explicit,abstract,we find that most Americans,"Abstract explicitly identifies Americans, US respondents, or a US study setting.",false,false,,,,9316b3549622ce1b47c760b4df4453d1886298aa7ac609e9e288c32d2546df0b,Codex (GPT-6),AI_assisted,2026-09-08,false
85014596724,us_explicit,abstract,sample of US adults,"Abstract explicitly identifies Americans, US respondents, or a US study setting.",false,false,,,,4fbbd5c91ec2f7a120b0f5daf185a05b2c7925c98b5a024d9db9323d5b574cc9,Codex (GPT-6),AI_assisted,2026-09-08,false
85014649599,us_inferred,abstract,Congress's ability,Congressional checks on unilateral presidential power imply US context.,false,false,,,,586d0b11948fe7ab58bc51302864e5c723dcb50cbb34370512f2bfef3bc555ea,Codex (GPT-6),AI_assisted,2026-09-08,false
85014922403,us_inferred,abstract,U.S. energy market,National opinion experiment framed around American public and US fracking.,false,false,,,,231aff7c2bcd2a785181a331fbb2361f6e0ba2415d041145098ae44b21163fb0,Codex (GPT-6),AI_assisted,2026-09-08,false
85016025310,non_us,abstract,fielded a survey experiment in China,Study population or findings explicitly situated outside the US.,false,false,,,,bb5ef2bbcfd0322a4ec8e622ae261377072b95150da59fa88faaea5e1a5f5532,Codex (GPT-6),AI_assisted,2026-09-08,false
85017479115,us_explicit,abstract,sample of 5042 Americans,"Abstract explicitly identifies Americans, US respondents, or a US study setting.",false,false,,,,407954505da9cd901ae638481b290a5cb4c1d391ef37986ce64b3cb7bb3d0798,Codex (GPT-6),AI_assisted,2026-09-08,false
85019021043,us_explicit,abstract,"1,680 US MTurkers",US and Danish data; experiments do not necessarily equal independent samples.,true,false,,,,f8cbab59077398f8e7b715ba26d1fb1556e042665124d24d2679a308ec672fd7,Codex (GPT-6),AI_assisted,2026-09-08,false
85019041831,non_us,abstract,population-based survey experiment in Turkey,Study population or findings explicitly situated outside the US.,false,false,,,,cce1df73a57ec3b1b44958577055c1795a7808015610fc14151c97d8ebefcb67,Codex (GPT-6),AI_assisted,2026-09-08,false
85020188394,unclear,abstract,,Foreign policy topic without identifiable sample country.,false,false,,,,fa5408e8e779b808a3f13b27a90a1c61db7ddf9df38110895e114a8abaddac78,Codex (GPT-6),AI_assisted,2026-09-08,false
85029279527,unclear,abstract,,Sanctions topic without identifiable sample country.,false,false,,,,e947e02a7ae4f4827046561006329200b2dd545c8cf9ffa892ed5e2e1613dd6f,Codex (GPT-6),AI_assisted,2026-09-08,false
85030544249,unclear,abstract,,Nationwide sample without country.,false,false,,,,ba4f7603a989015b5ded7ce27aaa85bd0b59eaf925047bf69dea8d61b92077da,Codex (GPT-6),AI_assisted,2026-09-08,false
85033714347,unclear,abstract,,National survey without country; labour politics not uniquely American.,false,false,,,,2551c67517cf0600a61f18488c83f25325fd918b1c81c1f0fa67a9f7df895d92,Codex (GPT-6),AI_assisted,2026-09-08,false
85033780100,unclear,abstract,,MTurk and university students do not establish country.,false,false,,,,ba7ce0ca1ceec51f601a9e2e96f9366472d40391748ad23a0f3a44ba330b0868,Codex (GPT-6),AI_assisted,2026-09-08,false
85033788510,unclear,abstract,,Crowdsourced samples without country.,false,false,,,,6f59c04e94b9e0ec3fe0b9d0aef4fc3b9847a665530115544e41de8f8bbea518,Codex (GPT-6),AI_assisted,2026-09-08,false
85034662474,unclear,abstract,,Education and tax policy not uniquely American.,false,false,,,,3987c2f6820e5357b10f421ef5c6458fe87b13edc17aa088d60b845d4465a7bf,Codex (GPT-6),AI_assisted,2026-09-08,false
85035364736,non_us,abstract,Brazilian public opinion,Study population or findings explicitly situated outside the US.,false,false,,,,96e5d71b53149ea6417b504a52062bb76b6435fcdbdfd86bb3d60b791ccbf88b,Codex (GPT-6),AI_assisted,2026-09-08,false
85037044153,us_explicit,abstract,"1,829 U.S. residents","Abstract explicitly identifies Americans, US respondents, or a US study setting.",false,false,,,,0ededf13d87382e3d23e39cd0845cf158436797511e874cdb01a15e566d3d4eb,Codex (GPT-6),AI_assisted,2026-09-08,false
85037647979,us_inferred,abstract,Donald Trump and Bernie Sanders,Nationwide voter experiment about US presidential candidates.,false,false,,,,46cd74f3ed62b3a95732858815d21af62e3d0b091a194a22893cefa7df880459,Codex (GPT-6),AI_assisted,2026-09-08,false
85037698515,us_inferred,abstract,National Collegiate Athletic Association (NCAA) Division 1,US college sports staffing context; country not stated.,false,false,,,,6083c81a82f8a8a40036e732e8ff638b156b50f65ac54a5dfe439b2c19d2fdd1,Codex (GPT-6),AI_assisted,2026-09-08,false
85038355714,not_applicable,abstract,The nine articles of the symposium,Overview of others' experiments; no original sample described.,false,false,,,,4d974e0a16fb3c12896875bd39a7372acbffc2a5cc53ebc498afb16bd7381513,Codex (GPT-6),AI_assisted,2026-09-08,false
85038356713,us_explicit,abstract,823 US citizens,"Abstract explicitly identifies Americans, US respondents, or a US study setting.",false,false,,,,2e814ca6a3db1b1b29a306224fc531dc74ded859592496da680f1a942cca8747,Codex (GPT-6),AI_assisted,2026-09-08,false
85039933179,us_explicit,abstract,understand American citizens’ attitudes,"Abstract explicitly identifies Americans, US respondents, or a US study setting.",false,false,,,,69f6336faab17983accb7c0a7c27239a2f7b6433efc148f0f64984201fdf1cce,Codex (GPT-6),AI_assisted,2026-09-08,false
85040085886,us_explicit,abstract,Americans incorporate information,"Abstract explicitly identifies Americans, US respondents, or a US study setting.",false,false,,,,c8f4a25a68e157c21b880b51b77a45023bff0c0c87a188dfada9e425674606b6,Codex (GPT-6),AI_assisted,2026-09-08,false
85040459526,unclear,abstract,,Adult population without country.,false,false,,,,8d9d4bf2b2d0be8c437d9dc04b10a4c671c6b6cb898ed436963ff2887cf0badb,Codex (GPT-6),AI_assisted,2026-09-08,false
85041371053,non_us,abstract,national sample of the native Dutch,Study population or findings explicitly situated outside the US.,false,false,,,,4ca8da9267941417ff31f470b61f624efe66b32d1e3853fcbd7d190baf0e3491,Codex (GPT-6),AI_assisted,2026-09-08,false
85041603336,unclear,abstract,,Tax and education topics not uniquely American.,false,false,,,,b602e05402bbef245a64a0c357d03599d0aa5421d40d1f4543073d38ce41c0fd,Codex (GPT-6),AI_assisted,2026-09-08,false
85041617753,non_us,abstract,fielded in the United Kingdom,Study population or findings explicitly situated outside the US.,false,false,,,,49f8adccbbe9637e4dd6ab10e4a73e07cca36a3b2a40adb1956335f7bd3e089c,Codex (GPT-6),AI_assisted,2026-09-08,false
85041625323,us_inferred,abstract,US presidents,National opinion experiments concern US congressional war powers.,false,false,,,,ba7d0a849d7a88150c60e42c297f19bb25aa207aec441797584fc8d1ae2c691c,Codex (GPT-6),AI_assisted,2026-09-08,false
85042090180,us_inferred,abstract,US foreign policy,Humanitarian intervention experiment framed around US public obligations.,false,false,,,,e59dbb77911efeac5771aa2ccc9a85c9633bdfe4d5cabcf7efc4f702465b9965,Codex (GPT-6),AI_assisted,2026-09-08,false
85042184003,non_us,abstract,survey-experiment in the summer of 2014 in Turkey,Study population or findings explicitly situated outside the US.,false,false,,,,85d14f79bd753b60d236ae7d63c9bad58a7d1d9261a4fcfa21d63359a38080d5,Codex (GPT-6),AI_assisted,2026-09-08,false
85042721612,unclear,abstract,,Aid attitudes without identifiable sample country.,false,false,,,,ba6f70255ea9b0504418a7680279f3f6c1861726e1238d2e59fd4493dcb2c243,Codex (GPT-6),AI_assisted,2026-09-08,false
85043332442,unclear,abstract,,Candidate images and gender without country-specific context.,false,false,,,,47dde0d48d6a00408f090bdc42cdd9f74eb1a521bd288ec80b98837a47f29714,Codex (GPT-6),AI_assisted,2026-09-08,false
85044032298,unclear,abstract,,University undergraduates without sample country.,false,false,,,,753ac2684473e2273fc73f69785ce68131b7805b3ef4855da36f3de2d04cfe12,Codex (GPT-6),AI_assisted,2026-09-08,false
85044370343,us_inferred,abstract,the American public remains divided,Nationally representative experiment follows US climate opinion framing.,false,false,,,,184a9ba04ca206f74d34304adb397c50f79e171dc62dad71b31167c1bd61c405,Codex (GPT-6),AI_assisted,2026-09-08,false
85046533072,unclear,abstract,,Foreign policy predispositions not uniquely American.,false,false,,,,25fe09ee1fb614fa6bab4afab17986ca6bbeddd41ee568ff3e5b61af5c7b5106,Codex (GPT-6),AI_assisted,2026-09-08,false
85046645518,unclear,abstract,,Numerical political rhetoric without sample country.,false,false,,,,4b307bafb69d30139c7bef7fa21e25ef5e2c703970415f1de7c0d84ef4e4fd94,Codex (GPT-6),AI_assisted,2026-09-08,false
85047903545,non_us,abstract,Jewish Israelis who were asked,Study population or findings explicitly situated outside the US.,false,false,,,,42bc0676b83cec666043e997fff066bb69bb802d857d934c295be9fa4587d506,Codex (GPT-6),AI_assisted,2026-09-08,false
85048742659,us_inferred,abstract,Democrats and Republicans,Experimental candidate strategies in US party system.,false,false,,,,e944b62fed4614f5b1882744148862197529e609ee19ba60a9e0c2f3de121439,Codex (GPT-6),AI_assisted,2026-09-08,false
85049075124,non_us,abstract,examining conspiracy beliefs in the MENA region,Study population or findings explicitly situated outside the US.,false,false,,,,db6bd8c3dfdb6e9157d9910d803c7b94ea0ca406f2c26510ef49c4413496cb54,Codex (GPT-6),AI_assisted,2026-09-08,false
85051013258,unclear,abstract,,Presidential accountability alone does not distinguish the US from other presidential systems.,false,false,,,,a6998c72ae4042283f8d5747789911a00cdbae129dd5d98b56620d4bdf0aa1a0,Codex (GPT-6),AI_assisted,2026-09-08,false
85052060424,us_explicit,abstract,Survey experiments fielded in the United States,"Abstract explicitly identifies Americans, US respondents, or a US study setting.",false,false,,,,0ff9cf06043efcdf1e520ca3443d12c43e915ab0a893c8e8c660aea7ff22ed88,Codex (GPT-6),AI_assisted,2026-09-08,false
85052331497,us_inferred,abstract,Barack Obama's successful presidential candidacy,"US racial and welfare context; named ANES data are observational, not direct sampling evidence for experiments.",false,false,,,,81fd564a78822b952f78785f9fba54bf77eb4b6e8d0482bb62d2520f2974410b,Codex (GPT-6),AI_assisted,2026-09-08,false
85052643404,non_us,abstract,using the case of Japan,Study population or findings explicitly situated outside the US.,false,false,,,,cf4841d99883f3924571338cfa66295de09654c3a5d34116570f59e9b279ba4c,Codex (GPT-6),AI_assisted,2026-09-08,false
85053017516,us_explicit,abstract,survey experiment involving unemployed Americans,"Abstract explicitly identifies Americans, US respondents, or a US study setting.",false,false,,,,714bf21853e71cbe3d4d6adfa115cd3eca83ea7bbdeb2f78dfbaffce52be8470,Codex (GPT-6),AI_assisted,2026-09-08,false
85053221139,us_explicit,abstract,Roman Catholic priests in the United States,"Abstract explicitly identifies Americans, US respondents, or a US study setting.",false,false,,,,a65faa016f4ad2b446f05686455304fd8c2df8b035759e2e7db39c3b286a4bc3,Codex (GPT-6),AI_assisted,2026-09-08,false
85053299605,us_inferred,abstract,American criminal justice system,US racial disparities in police stops frame the experiments.,false,false,,,,2439481be5ad94125173d977d4e0036670795b76d5e85596125d2260bf600b35,Codex (GPT-6),AI_assisted,2026-09-08,false
85053490407,us_explicit,abstract,"2,000 US-based respondents","Abstract explicitly identifies Americans, US respondents, or a US study setting.",false,false,,,,cd7b9c40d836ca0e6d4db3bce6ee301d36a8ed9518e8013e731782a625929ad3,Codex (GPT-6),AI_assisted,2026-09-08,false
85053509639,us_explicit,abstract,representative sample of American households,"Abstract explicitly identifies Americans, US respondents, or a US study setting.",false,false,,,,99824882d6def5018b125c2c44100d8e899884bc57c316e4a4bb301872ab6e7b,Codex (GPT-6),AI_assisted,2026-09-08,false
85053665784,unclear,abstract,,Party cues without country-specific context.,false,false,,,,dbde3e89603434c232d6a7840b3cbeadb3e0a3951a1468f806bce1d74884ac9a,Codex (GPT-6),AI_assisted,2026-09-08,false
85054474475,non_us,abstract,Using Danish employment agencies as our empirical setting,Study population or findings explicitly situated outside the US.,false,false,,,,7b5ed19c13e81d10d117f56686f4d95e67517050fa2df736f92c79895654ad84,Codex (GPT-6),AI_assisted,2026-09-08,false
85054952173,non_us,abstract,Our conjoint experiment results in Japan,Study population or findings explicitly situated outside the US.,false,false,,,,9849278d3152b6224628767690a958b64c779a10a5d46e20e26a6663717d5ed1,Codex (GPT-6),AI_assisted,2026-09-08,false
85055870318,non_us,abstract,we used Japan as a case,"Trump and US topics, but respondents in Japan.",false,false,,,,b8b4eed5806e46e83dd5d601bce858a24bd644f64237b8beb5fb40cc5b147d01,Codex (GPT-6),AI_assisted,2026-09-08,false
85057148304,non_us,abstract,residents living in the Seoul Metropolitan area,Study population or findings explicitly situated outside the US.,false,false,,,,ab5e454f416fb62642369ccb5d58f8ad2f2f54b8c9106428b3be4703de280f53,Codex (GPT-6),AI_assisted,2026-09-08,false
85057578602,unclear,abstract,,Original-replication comparison without sample countries.,false,false,,,,6f1d98b845cc8243d681aee828a289eee59fe1cc1e4b7a271f9a799e60024018,Codex (GPT-6),AI_assisted,2026-09-08,false
85057946678,non_us,abstract,prejudicial attitudes in Turkey,Study population or findings explicitly situated outside the US.,false,false,,,,26c8f3ec2f29e9dd076046d1880e037afa0f51b273a6479e8e2150a315bde653,Codex (GPT-6),AI_assisted,2026-09-08,false
85058068103,us_inferred,abstract,"MSNBC for Democrats, Fox News for Republicans",US partisan media and electorate context.,false,false,,,,c9164d0a8d06198b6974b28933725f568b5e5dd9dbbc7ceac1f7d8f02562eec5,Codex (GPT-6),AI_assisted,2026-09-08,false
85058618008,non_us,abstract,bridewealth norms in Africa,African setting; specific sample country unstated.,false,false,,,,f348b9f78ec8602f5a8f88896efbb8c84524e4a4c20a93adc4f0a6e2e72a5515,Codex (GPT-6),AI_assisted,2026-09-08,false
85058698012,us_inferred,abstract,"in the United States, consumers’ trust in utilities is low",US consumer context frames energy utility experiments.,false,false,,,,4020e4b63e4b002c08c7df2c665e6932bea0e024f07b651ea3e0b2ec7eef8f27,Codex (GPT-6),AI_assisted,2026-09-08,false
85059103503,unclear,abstract,,Ideological party cues not uniquely American.,false,false,,,,5148bf2763f94a0081ff082b17c6e769e1def37ec26849ed8b63ebf73b085de6,Codex (GPT-6),AI_assisted,2026-09-08,false
85059252534,us_explicit,abstract,survey experiment conducted in the United States,"Abstract explicitly identifies Americans, US respondents, or a US study setting.",false,false,,,,f9680412d37d466f2c8c588fdb604ddb144e097c3293ede5cea70636e349c4ef,Codex (GPT-6),AI_assisted,2026-09-08,false
85059905845,unclear,abstract,,No sample country.,false,false,,,,f6adaba45f9265235a24c478d854e1ccd0b9d061627e285b782e94598a81e6f4,Codex (GPT-6),AI_assisted,2026-09-08,false
85059946018,us_inferred,abstract,both Republican and Democratic legislators,US state legislators; country unstated.,false,false,,,,03c66fca3a6996f9205018add3dd08a01e26686443575bd67e7524085fbe24fe,Codex (GPT-6),AI_assisted,2026-09-08,false
85060580173,unclear,abstract,,Voting norms without sample country.,false,false,,,,58b72d0d4e7617f9297e9256b61250c1b24409600fd381364857e88f9cfa33c3,Codex (GPT-6),AI_assisted,2026-09-08,false
85060884767,unclear,abstract,,Three samples without country.,false,false,,,,d66881ffb9b86ffa91a2e480606ac65e92c7a8e29535e5bf9f43a15922392872,Codex (GPT-6),AI_assisted,2026-09-08,false
85061035641,non_us,abstract,original survey experiment in South Korea,Study population or findings explicitly situated outside the US.,false,false,,,,5539ec4c49bcb72ff572887404e0d02ad91e2364aff413776e43e966f7f96ae5,Codex (GPT-6),AI_assisted,2026-09-08,false
85061188236,us_inferred,abstract,throughout the Obama presidency,US partisan news setting and Democratic/Republican respondents.,false,false,,,,8b45c71acff24a85b04ca9957dc3ac4ecd9f15236e72f3e45aae612148d5052c,Codex (GPT-6),AI_assisted,2026-09-08,false
85061936887,non_us,abstract,Danish voters’ attitudes,Study population or findings explicitly situated outside the US.,false,false,,,,61eadbf6251a484023cbf8cffe5c4acfa5ba7f3b673cd480e5e919575ee59051,Codex (GPT-6),AI_assisted,2026-09-08,false
85062085474,us_explicit,abstract,"United States (n = 3,007)",Also Chinese participants.,true,false,,,,0b579b668d6953a35b697a5bc9067598bcc22986ccaf339f4f95c5bb60941f9b,Codex (GPT-6),AI_assisted,2026-09-08,false
85062262291,unclear,abstract,,High school teachers without sample country.,false,false,,,,b801dad2593a1c3806e6944d614c03fc5c3c691c8e05ce595878192e63c20591,Codex (GPT-6),AI_assisted,2026-09-08,false
85062479527,us_explicit,abstract,midshipmen at the U.S. Naval Academy,"Abstract explicitly identifies Americans, US respondents, or a US study setting.",false,false,,,,6788c49bcce4443a8560eb25f260a1f4aa35dc7bdbe3c9b0966cf0c170aabead,Codex (GPT-6),AI_assisted,2026-09-08,false
85062681263,us_inferred,abstract,government programs in the United States,National sample evaluating US benefit programmes.,false,false,,,,c48420e045708e2101a6eb18fb7e4523f24731805826c6f6e98eb6885a54e11b,Codex (GPT-6),AI_assisted,2026-09-08,false
85062719018,unclear,abstract,,Climate change experiment without country.,false,false,,,,0be2a843414a78b9c430dbd6c46a6c11c00b76c293d2c7e3815a38ddfb2ea770,Codex (GPT-6),AI_assisted,2026-09-08,false
85063679523,non_us,abstract,"1,688 Flemish local politicians",Belgium.,false,false,,,,d2d19ae91d55ccaf021c2c73eea039a6f144d75edb85fe42f1e349cb402e3e28,Codex (GPT-6),AI_assisted,2026-09-08,false
85064539825,unclear,abstract,,Roll-call votes and Supreme Court without named country; these institutions are not unique to US.,false,false,,,,b72acaa3da864f9f38ef1f4ed917c04b7a305e8eda96fc3627520d2a2d55133f,Codex (GPT-6),AI_assisted,2026-09-08,false
85064636420,non_us,abstract,survey experiments in Germany and the United Kingdom,Study population or findings explicitly situated outside the US.,false,false,,,,84c113582589721f753713ec3a32e06b0efae3faf01f1f01f0fc9b09e3f84869,Codex (GPT-6),AI_assisted,2026-09-08,false
85064805724,unclear,abstract,,Replication experiments without sample countries.,false,false,,,,ea97d96a37ad543a488d3bb4ef74bc198bd1f46c098b47e9c0d2ed7f718e7295,Codex (GPT-6),AI_assisted,2026-09-08,false
85065801512,non_us,abstract,survey experiments fielded in Britain,Study population or findings explicitly situated outside the US.,false,false,,,,f3c111d83cbe795d83b09de78c07cf5abf249a0f79ead527b79102a40b0fcc92,Codex (GPT-6),AI_assisted,2026-09-08,false
85066959974,unclear,abstract,,Qualtrics panel without country.,false,false,,,,2c16476e77bf6b9009865e2d51979b3b5f69cf4651d48b824b2f0d300ec48377,Codex (GPT-6),AI_assisted,2026-09-08,false
85067057847,us_inferred,abstract,criminal justice in the USA,Experiments test innocence framing in US criminal justice context.,false,false,,,,93cdad622174181d9bfc131cec7b7953f3201cfe0198b0529f7275c0bb4681fc,Codex (GPT-6),AI_assisted,2026-09-08,false
85067352245,us_inferred,abstract,Democratic and Republican female candidates,US party system.,false,false,,,,be95a1f15416cca0277de73fde80e80575a36dd77cab3ffe3f693237649e8c68,Codex (GPT-6),AI_assisted,2026-09-08,false
85067402720,unclear,abstract,,US appears in title only; abstract's national sample does not identify country.,false,true,"Organized Labor as the New Undeserving Rich?: Mass Media, Class-Based Anti-Union Rhetoric and Public Support for Unions in the United States",,,5bdac084d7c6ee3eafcba67d00cee7a0a5d330ac6a43c211324b784f052a96c7,Codex (GPT-6),AI_assisted,2026-09-08,false
85067407501,non_us,abstract,954 Danish politicians,Also Danish citizens.,false,false,,,,81711340724f7654796896585b67f743d250cbf25d57c948bd368c41cca4fb47,Codex (GPT-6),AI_assisted,2026-09-08,false
85067581830,unclear,abstract,,Coproduction experiments without country.,false,false,,,,334b9905e66d34e5fe69d9151fced4d5d156cccc5297c49efca3da33a806ba67,Codex (GPT-6),AI_assisted,2026-09-08,false
85067680513,non_us,abstract,Switzerland is the empirical focus,Study population or findings explicitly situated outside the US.,false,false,,,,4b2d30eac883a3b0ef602deffe2312a84ff2e526b60d27e7c1322f0ee61022db,Codex (GPT-6),AI_assisted,2026-09-08,false
85067962902,us_inferred,abstract,partisans (Democrats and Republicans),"US parties, CNN and Fox News frame experimental responses.",false,false,,,,c9fe5e3a1f7847a3c6f506a062ef31a280fe8ca277a3e98a460a0deedd419586,Codex (GPT-6),AI_assisted,2026-09-08,false
85068002083,unclear,abstract,,Politicians' pay without sample country.,false,false,,,,022c6a51f614604e56087a08cc6e0170ccc26b2769bb25136a785ca2485e33c3,Codex (GPT-6),AI_assisted,2026-09-08,false
85068387044,non_us,abstract,survey experiment in Georgia,"Country Georgia in conflict with Russia, not US state.",false,false,,,,282633d2eee90c0decaafbafbee63d7ecab92961265e849465a8dba8d86e41aa,Codex (GPT-6),AI_assisted,2026-09-08,false
85069682610,non_us,abstract,survey experiment in Turkey,Study population or findings explicitly situated outside the US.,false,false,,,,fa15cb0822890f8d0fdcbf1232ad118ba0266a033c3dfd238625cb0d9dfa0cf3,Codex (GPT-6),AI_assisted,2026-09-08,false
85069886131,us_explicit,abstract,American and Japanese respondents,US and Japan.,true,false,,,,26881d3ff12692f9cae1d56413a1f8c2fd1827de90b82762ad91ac293d5e2ed1,Codex (GPT-6),AI_assisted,2026-09-08,false
85070298879,us_inferred,abstract,"Republican Party leaders, Democratic Party leaders",US national security and party cues.,false,false,,,,25b7bcb60c83f7d4236e303fdf33a5890ed0eb1bdd9660bc4a4eed05dc9fcb6e,Codex (GPT-6),AI_assisted,2026-09-08,false
85070813530,non_us,abstract,"Data were collected from the Netherlands, France, Poland, Ukraine, and Russia",Study population or findings explicitly situated outside the US.,false,false,,,,681c69834d7e464b2d8e77acbf494182ce5ffe977f2b2031438bdd5cd240a59a,Codex (GPT-6),AI_assisted,2026-09-08,false
85070986430,unclear,abstract,,Candidate backgrounds without country.,false,false,,,,68a251a3ab171fbf60c0a53de5c97b5a1149421f30c08400494742e4f325e4cd,Codex (GPT-6),AI_assisted,2026-09-08,false
85071235282,us_explicit,abstract,novel survey experiment in the United States,40-country observational survey is separate.,false,false,,,,7b0c30a0e1abf0149548c30e422889d0bf47572fb5d45f4564f484047f964955,Codex (GPT-6),AI_assisted,2026-09-08,false
85071419972,non_us,abstract,In survey experiments in Bosnia,Study population or findings explicitly situated outside the US.,false,false,,,,4d5e44ae015c6d6e3cde5a87aced1caf7374d9390214cf3ad0c056c5965887c6,Codex (GPT-6),AI_assisted,2026-09-08,false
85073310147,unclear,abstract,,Judicial constraints on presidents and national surveys without named country.,false,false,,,,8364ad4ac283bcece00a37d9fcadc48c4f2b538fca66f39a7206e4b2503dabe6,Codex (GPT-6),AI_assisted,2026-09-08,false
85073767137,non_us,abstract,experiment conducted in the United Kingdom,Study population or findings explicitly situated outside the US.,false,false,,,,ffe747cf3f1b2127afc49657fceeca5d0d182ac8f006f2a39ad526ee2343c277,Codex (GPT-6),AI_assisted,2026-09-08,false
85073946170,non_us,abstract,panel survey of Danish voters,Study population or findings explicitly situated outside the US.,false,false,,,,92234db2cd77a4120b0eb5cda032581e0db879883316ea83b5c8d9bd0827f85f,Codex (GPT-6),AI_assisted,2026-09-08,false
85073950357,non_us,abstract,n<inf>Finland</inf>,"Samples in Finland, Netherlands and Germany.",false,false,,,,fb92ed1d9d3c8f85e50ef18a973c2f63091ba3b965411f3b18e909f4dc68bf0a,Codex (GPT-6),AI_assisted,2026-09-08,false
85074017190,non_us,abstract,child visitation in Denmark,Study population or findings explicitly situated outside the US.,false,false,,,,fbadd696f36732bf9fee6827a16455c0ba2afaa298e78e1b3f377b2da7a9b14b,Codex (GPT-6),AI_assisted,2026-09-08,false
85074029219,non_us,abstract,ethnic Danish clients,Danish social-caseworker context inferred; sample location unstated.,false,false,,,,79420bdea66a84d761e0cf9e340a8a74ed8244b60a7eef35b63cf33338d08a75,Codex (GPT-6),AI_assisted,2026-09-08,false
85074603977,unclear,abstract,,Household energy app without sample country.,false,false,,,,f5f0bc0a724761f1d730f17af966f9e78759728effdc4a9a34aa7c7d9c4f7009,Codex (GPT-6),AI_assisted,2026-09-08,false
85075548198,non_us,abstract,survey experiment conducted in the Netherlands,Study population or findings explicitly situated outside the US.,false,false,,,,3d46ad4ed80f56dacc88388b4f2ee66b39df62f145876e2296100b312b6438d0,Codex (GPT-6),AI_assisted,2026-09-08,false
85076027417,unclear,abstract,,Candidate qualifications without country.,false,false,,,,3ecdb594041ced5c0d73698c88db9bd0f781bbe69cb3b47cfa83edfa408ce6a1,Codex (GPT-6),AI_assisted,2026-09-08,false
85076167276,us_inferred,abstract,Republican female candidates,National experiments in US party context.,false,false,,,,8121fd91c4f9c258b3ccfe6a68c573bd407d1d8b2873196d25c17cfd2ef293e6,Codex (GPT-6),AI_assisted,2026-09-08,false
85076495848,us_inferred,abstract,American partisanship and public opinion,US executive-party relationships frame survey experiments.,false,false,,,,13a05de30edd24b503645169aa7f49c66f0eee990b9d1131d8812d0e134ad64e,Codex (GPT-6),AI_assisted,2026-09-08,false
85076524004,non_us,abstract,public high school teachers in Denmark,Study population or findings explicitly situated outside the US.,false,false,,,,492910900718c1ab62cfafd381aae03d954f12a21491c661c57db0a1a3834e5c,Codex (GPT-6),AI_assisted,2026-09-08,false
85078201451,us_explicit,abstract,novel survey experiment of US citizens,"Abstract explicitly identifies Americans, US respondents, or a US study setting.",false,false,,,,973bac24fe9456228fc6c953aba8b247760f45d3236bc25b79528ccb9606f729,Codex (GPT-6),AI_assisted,2026-09-08,false
85078960506,non_us,abstract,yellow fever outbreak in Brazil,National survey and epidemic experiments in Brazilian context.,false,false,,,,216b0aa2a89e069891f364fc396b7279dfa2e04b1d58219330ed76eb84279e8b,Codex (GPT-6),AI_assisted,2026-09-08,false
85082410038,non_us,abstract,survey experiment of Chinese internet users,US policy is treatment topic; respondents Chinese.,false,false,,,,b6b59fe75cfa0b206d676ac51fd3629eee996272a16c2bef36100811543a803f,Codex (GPT-6),AI_assisted,2026-09-08,false
85082430134,us_explicit,abstract,fielded representative US surveys,"Abstract explicitly identifies Americans, US respondents, or a US study setting.",false,false,,,,b849bd3d96acdafee8ea443b80e2e6421c9d373fae8ac54af36b16b6ae737d98,Codex (GPT-6),AI_assisted,2026-09-08,false
85083358513,unclear,abstract,,Politicians' pay without sample country.,false,false,,,,c6ccd67a71f0a224bb663ec0027f869807ef6b894968b3ed0b9bfe97e3c53f7a,Codex (GPT-6),AI_assisted,2026-09-08,false
85083672997,unclear,abstract,,Numerical preferences without sample country.,false,false,,,,079f7f686049caccb3abdfd99a3fa1de084bba33f6ba3286f546862dbff0bf05,Codex (GPT-6),AI_assisted,2026-09-08,false
85083863861,non_us,abstract,national referendum on this issue in Switzerland,Study population or findings explicitly situated outside the US.,false,false,,,,6bdeb4cec348608a848bc00fe4950025bc8971cb2794336101791c6978926b70,Codex (GPT-6),AI_assisted,2026-09-08,false
85084324260,unclear,abstract,,National longitudinal survey and diverse adult sample without countries.,false,false,,,,14638314a198fe7db6b15f90471c7b7a6324f230161962a8a910fa72add8bdbc,Codex (GPT-6),AI_assisted,2026-09-08,false
85085764776,us_explicit,abstract,nationally-representative sample of US households,"Abstract explicitly identifies Americans, US respondents, or a US study setting.",false,false,,,,a9a93aa1e94801d1c1a8ef3c2c25a5ac598cb12090af944f9310e8bd0f0318a8,Codex (GPT-6),AI_assisted,2026-09-08,false
85087378517,us_explicit,abstract,"1,606 US respondents","Abstract explicitly identifies Americans, US respondents, or a US study setting.",false,false,,,,cba93b71c461f0ead2d5564d48319d63ab1042b4dacdc2bc4e50a522ef4016c1,Codex (GPT-6),AI_assisted,2026-09-08,false
85087880256,non_us,abstract,caseworkers working in Danish employment agencies,Study population or findings explicitly situated outside the US.,false,false,,,,e1ef3e8a0fb52ea6f24a79b96d190541e850d21f7b4c185040429b4c6c1c326d,Codex (GPT-6),AI_assisted,2026-09-08,false
85087950052,us_explicit,abstract,samples of US adults,"Abstract explicitly identifies Americans, US respondents, or a US study setting.",false,false,,,,385ff963188cf8b16420df6a4fd727d7e5afcc7182aad6f8cc3f077b094daf8a,Codex (GPT-6),AI_assisted,2026-09-08,false
85089290541,us_explicit,abstract,nationally representative random sample of U.S. adults,"Abstract explicitly identifies Americans, US respondents, or a US study setting.",false,false,,,,4704ed746046e22b4e0355f4aca6c359d50687150296e1059228bda79d551eb0,Codex (GPT-6),AI_assisted,2026-09-08,false
85089815116,us_explicit,abstract,1105 US adults,"Abstract explicitly identifies Americans, US respondents, or a US study setting.",false,false,,,,c52de852871bdc21419ee2e68c4a297e0ab6ad0608f559f242195f7320487e17,Codex (GPT-6),AI_assisted,2026-09-08,false
85091181242,non_us,abstract,public caseworkers working in Danish employment agencies,Study population or findings explicitly situated outside the US.,false,false,,,,a5b86a19488ee5d3356597c13cac0fe1e96063e65ca0141421528c1dd801814f,Codex (GPT-6),AI_assisted,2026-09-08,false
85091202562,unclear,abstract,,National police executive sample without country.,false,false,,,,1e4c14b83abaa9cbcdd724878e260046753d3bac2c0c4c1fdcf091e5db53b7cf,Codex (GPT-6),AI_assisted,2026-09-08,false
85091718485,us_explicit,abstract,Our studies suggest that Americans’ optimism,Results directly described as Americans' views.,false,false,,,,681e28f784beb94fa6ce277b357f87ec88cf5b17ccd68ee15d6e767b360f4667,Codex (GPT-6),AI_assisted,2026-09-08,false
85092367680,non_us,abstract,"survey experiments in Spain, Portugal, Italy, the UK and Germany",Study population or findings explicitly situated outside the US.,false,false,,,,084643f605a5128a3ea6c102a93f446d6fa0db518da3e82536819ae424555a60,Codex (GPT-6),AI_assisted,2026-09-08,false
85092499524,us_inferred,abstract,several US cities,US violence-prevention policy and Republican respondents.,false,false,,,,e81a295e9a315486cc50b4b8316e53355cfddf8d4a4eb345aed0a201ffef1115,Codex (GPT-6),AI_assisted,2026-09-08,false
85092586367,non_us,abstract,"1,595 Danish caseworkers",Study population or findings explicitly situated outside the US.,false,false,,,,b9362b3c35dec9db35a8a0e04782ee74e63f40bc52a66709706a0df1241cbc8b,Codex (GPT-6),AI_assisted,2026-09-08,false
85094221120,us_explicit,abstract,attitudes of more than 6000 Americans,"Abstract explicitly identifies Americans, US respondents, or a US study setting.",false,false,,,,8723094c841fb058dc07dd0d40a51aec0fe69e77462dfd35302879e82aaa2525,Codex (GPT-6),AI_assisted,2026-09-08,false
85095117105,us_explicit,abstract,survey experiment with American citizens,"Abstract explicitly identifies Americans, US respondents, or a US study setting.",false,false,,,,d4c7446a7957c7569f7c72b8fa10e83e4ef2e936cf7105bb957267b8610a5bfc,Codex (GPT-6),AI_assisted,2026-09-08,false
85096111198,unclear,abstract,,Programme examples without country; name of intervention alone insufficient.,false,false,,,,1446166f2b0d83d44068d6bbbadd75a7297b1ca76510091a07dc3e1dddf8ed24,Codex (GPT-6),AI_assisted,2026-09-08,false
85096694153,us_inferred,abstract,In the US case,"US presidents and partisan audiences in reported findings, without direct sampling statement.",false,false,,,,4cd14bbf5945bbc9b3ff85471e1dcb1207642db04692a1bd1af8dc4959b97279,Codex (GPT-6),AI_assisted,2026-09-08,false
85096943476,us_inferred,abstract,among Democrats but backfired among Republicans,US presidential tweets and party system.,false,false,,,,c658315330964db473a577d37e5933eacce36d5eef4620f172b01c854085bbfe,Codex (GPT-6),AI_assisted,2026-09-08,false
85097264174,unclear,abstract,,University students without country.,false,false,,,,65e21808490c36857bfa6a743918d42d28269f6eb9f1430be93c91d2e503b5c6,Codex (GPT-6),AI_assisted,2026-09-08,false
85097381620,unclear,abstract,,Candidate policy positions without country.,false,false,,,,14922326401c6aa201be7f352f4cb18cd219e7c2aab93e9f22d36f7cb80e8d1b,Codex (GPT-6),AI_assisted,2026-09-08,false
85099391391,us_explicit,abstract,national sample of 1068 U.S. adults,"Abstract explicitly identifies Americans, US respondents, or a US study setting.",false,false,,,,23012913e19cd0ddfe62290f795c25278e64797791a822d2f8b8c9d2d0f675b5,Codex (GPT-6),AI_assisted,2026-09-08,false
85099406266,us_explicit,abstract,Americans' support for federal tax credits,"Abstract explicitly identifies Americans, US respondents, or a US study setting.",false,false,,,,a42cd046b60305e192fadccc9b7c81d4aa93f056fe6950feebb01c8f27ef7183,Codex (GPT-6),AI_assisted,2026-09-08,false
85099962519,non_us,abstract,"Sarajevo, Bosnia and Herzegovina",Local and national surveys around Pride in Bosnia.,false,false,,,,dbc459c43734a38e5e318d8eb691c36b7d522a6d37b1ea1b8efc598978c8ec56,Codex (GPT-6),AI_assisted,2026-09-08,false
85099984460,unclear,abstract,,Partisan media without named parties or country.,false,false,,,,4f5ad599b158363449bc412212a48c5ccaaa299c8d328b37b2a5b0718bdec6e2,Codex (GPT-6),AI_assisted,2026-09-08,false
85100598411,non_us,abstract,"In Shanghai, China 186 adults were recruited",Study population or findings explicitly situated outside the US.,false,false,,,,bc7a9bd9fb229d865826ab5f893fe5b22a013f57b99444a1cec92ebd8cdbd688,Codex (GPT-6),AI_assisted,2026-09-08,false
85100970268,us_inferred,abstract,the League of Women Voters,US electoral organization and election-information context; sampling country unstated.,false,false,,,,48c5e889c67489a23c4249361fb8b5eb2f67fc0c4a082e52e4c4b194739318fd,Codex (GPT-6),AI_assisted,2026-09-08,false
85101069099,unclear,abstract,,Lucid sample without country.,false,false,,,,5899432771ccf6c076fbaf74849cf1d81d72abdb00fe815cfa8f73a936c7a5a6,Codex (GPT-6),AI_assisted,2026-09-08,false
85101215653,non_us,abstract,Our original surveys conducted in Japan,Study population or findings explicitly situated outside the US.,false,false,,,,a8f99eb75d51b625b64298adc9139b6a16293d7bb975c718ebb22a9320233bb1,Codex (GPT-6),AI_assisted,2026-09-08,false
85101463174,non_us,abstract,"fielded in the United Kingdom and in Istanbul, Turkey",Study population or findings explicitly situated outside the US.,false,false,,,,daeda4f8fcbd52acae40cec3941d4f2bf58b317a149c51e9c550c11984960aa7,Codex (GPT-6),AI_assisted,2026-09-08,false
85101803291,unclear,abstract,,Candidate aggression without country-specific context.,false,false,,,,898e04a353347a8f5b51c92f889c11429c881eae70a0858b550bff289857e2e4,Codex (GPT-6),AI_assisted,2026-09-08,false
85102071850,non_us,abstract,sample of rural Malians,Study population or findings explicitly situated outside the US.,false,false,,,,b3d252c89e802f81883557b22a0d86ade2e9b7be29ebaad5545f59cdced5916a,Codex (GPT-6),AI_assisted,2026-09-08,false
85102185208,unclear,abstract,,Asylum and crime experiment without sample country.,false,false,,,,9ff49a80ce73ce1b4ac056eb3aa88bdd0353a92bdcc1b9df5e27e35ca8f109ae,Codex (GPT-6),AI_assisted,2026-09-08,false
85103049149,unclear,abstract,,Twitter and misinformation without sample country.,false,false,,,,14df7f24596c3e29ab6284b3ba39825bf52b29da3e97f8f0274b633a12a90b8b,Codex (GPT-6),AI_assisted,2026-09-08,false
85103173621,non_us,abstract,Danish local politicians,Study population or findings explicitly situated outside the US.,false,false,,,,627439b7a520411c0b91d153bb364c546bfa82e86b9c2398931022c211be6a92,Codex (GPT-6),AI_assisted,2026-09-08,false
85103382393,us_explicit,abstract,survey experiments fielded in the United States,"Abstract explicitly identifies Americans, US respondents, or a US study setting.",false,false,,,,ad6540beec31c535b9f9ae40773f6ddabea20b779fca2747946e00a0b5d88823,Codex (GPT-6),AI_assisted,2026-09-08,false
85103645348,us_explicit,abstract,"survey respondents from China, Germany, and the United States",Multiple countries including US.,true,false,,,,4e24272f104fba781fd0810a644bf468c9ed223305b52eb2e8b50a4b81b12ce3,Codex (GPT-6),AI_assisted,2026-09-08,false
85103905289,unclear,abstract,,Distancing norms without country-specific sampling information.,false,false,,,,69c7a0ecd742b35b833e41a140054c913a5678a494020035a6aba97361b849f2,Codex (GPT-6),AI_assisted,2026-09-08,false
85104056574,non_us,abstract,Survey experiments in Switzerland,Study population or findings explicitly situated outside the US.,false,false,,,,fbcf96e942d3561a13ce59ba432a4025d326422ff38d6a20a425d217a2d55eee,Codex (GPT-6),AI_assisted,2026-09-08,false
85104593177,non_us,abstract,Dhaka slum-dwellers,Bangladesh.,false,false,,,,edf4933940dc0d44e99b319a82d09e9de329c15258deb86b6fa2bd3e5e31971a,Codex (GPT-6),AI_assisted,2026-09-08,false
85104712462,us_explicit,abstract,two countries: Switzerland and the United States,"Abstract explicitly identifies Americans, US respondents, or a US study setting.",true,false,,,,74ee5bc729d0e9d4abba17861025321850b8607d0ff372a4890cd881165cf954,Codex (GPT-6),AI_assisted,2026-09-08,false
85104756695,non_us,abstract,survey experiment in a Brazilian favela,Study population or findings explicitly situated outside the US.,false,false,,,,ce9127769356ecf6609d20c5158fc8eb85490870e78d37348127a8b79a75ccbe,Codex (GPT-6),AI_assisted,2026-09-08,false
85106697357,us_inferred,abstract,2020 US presidential election,Nationwide post-midterm survey with Republican and Trump-supporter results.,false,false,,,,942869b370ee90ba8016c62a8314cb29efeee08647a0615e5dff5da83d865489,Codex (GPT-6),AI_assisted,2026-09-08,false
85107869445,us_explicit,abstract,survey experiments in Japan and the United States,"Abstract explicitly identifies Americans, US respondents, or a US study setting.",true,false,,,,38f25c197755b38dcbbb270077faebeadc25e3152f9bf098e4de7b383ab80882,Codex (GPT-6),AI_assisted,2026-09-08,false
85108557459,non_us,abstract,ordinary civilians in Mosul,Iraqi civilians and displaced ISIS-affiliated families.,false,false,,,,7edfb06772bba44dba6a2b21d94b0bf901afbf4067dbba1b8b1823ec9694035c,Codex (GPT-6),AI_assisted,2026-09-08,false
85109276344,non_us,abstract,recent economic crisis in Turkey,Population-based experiment in Turkish electoral setting.,false,false,,,,1d86e74948ec5d67886b0863fe3a92f1983010a6511cdf2bbb3476f8015f0b5e,Codex (GPT-6),AI_assisted,2026-09-08,false
85109308295,us_inferred,abstract,In the United States which we examine here,US jobs and partisan electoral context; sampling location unstated.,false,false,,,,30b476ea4fdf955be309720e5bbe746d1f9ec9e7a454176c057ea4578de223d8,Codex (GPT-6),AI_assisted,2026-09-08,false
85109571277,us_explicit,abstract,survey experiment in Germany and the United States,"Abstract explicitly identifies Americans, US respondents, or a US study setting.",true,false,,,,797a330fd14d9e163c2897418c936fe601ceee5a528b7d39af26bb64e49bcbf4,Codex (GPT-6),AI_assisted,2026-09-08,false
85110788543,unclear,abstract,,Public high-school teachers without country.,false,false,,,,cde271900fa12296b0facfaa2c7a1488aafd06052af5c2c74fad04b664b10168,Codex (GPT-6),AI_assisted,2026-09-08,false
85110876599,non_us,abstract,survey deployed in Denmark,Study population or findings explicitly situated outside the US.,false,false,,,,c27f2a496288d9bac5c4f6701a4c9014ca5e5db13ad918e8e283c942d44fe9ee,Codex (GPT-6),AI_assisted,2026-09-08,false
85111820523,us_inferred,abstract,politically polarized views on environmentalism in the United States,US political-consumer context frames vignette experiment.,false,false,,,,fc2bfba3690b2a60584cc6b4334733445aee882b39a081933ab10f54c52bf3c2,Codex (GPT-6),AI_assisted,2026-09-08,false
85111834004,us_explicit,abstract,experiment with United States (US) residents,"Abstract explicitly identifies Americans, US respondents, or a US study setting.",false,false,,,,24fed7cc9f21105984cd4dba7ef3f1955b639f528aafe337d94f6d3a602c9791,Codex (GPT-6),AI_assisted,2026-09-08,false
85111979067,us_inferred,abstract,self-identified Republicans,Biden/Trump vaccination appeals to Republicans in US context.,false,false,,,,f555508058d9692f1b0cabe0d0b4f12f306f16b0451bbbb34e0bd64b387f4a23,Codex (GPT-6),AI_assisted,2026-09-08,false
85112316568,us_explicit,abstract,online sample of U.S. adults,"Abstract explicitly identifies Americans, US respondents, or a US study setting.",false,false,,,,724484d925050109d6442a177b7880e6a21702ea87bc4b78407e6894310865a4,Codex (GPT-6),AI_assisted,2026-09-08,false
85112464435,unclear,abstract,,Six OECD countries not enumerated; US participation cannot be assumed.,false,false,,,,5a4b2a336b61fa61e2354b2f3cf05d67bc7ca2ea8c693d5cfa1996ab2b599f71,Codex (GPT-6),AI_assisted,2026-09-08,false
85113817293,unclear,abstract,,Immigration experiment without country-specific sampling information.,false,false,,,,27ba09e90916e163c0ca5b54a074c9a6da0f49fbd9f466a638c4840cf6165821,Codex (GPT-6),AI_assisted,2026-09-08,false
85115188399,us_inferred,abstract,preferences about congressional candidates,Congressional candidate experiment suggests US electoral context; second study's country unstated.,false,false,,,,b08a78168b4af502b69341c6dc7c627732fbea7cd5d4b9b988d9812864983798,Codex (GPT-6),AI_assisted,2026-09-08,false
85115941650,non_us,abstract,population-based survey experiment from Turkey,Study population or findings explicitly situated outside the US.,false,false,,,,57da8399c0a8e5793ae3699597afbbd9675f1f00747dbeb8ceec91c4010f9848,Codex (GPT-6),AI_assisted,2026-09-08,false
85116875533,us_explicit,abstract,staff who work in disability services at U.S. colleges,"Abstract explicitly identifies Americans, US respondents, or a US study setting.",false,false,,,,1fd398c84df96b7a810e492163dae99f39ebf90629eb344dfa9bc2566c556029,Codex (GPT-6),AI_assisted,2026-09-08,false
85117921915,unclear,abstract,,COVID misinformation experiment without sample country.,false,false,,,,bc7e024aea6c10c5b0574da445be4128d68b59007af75a4d6335e8d27df0c001,Codex (GPT-6),AI_assisted,2026-09-08,false
85118144335,non_us,abstract,Danish unemployment insurance recipients,Study population or findings explicitly situated outside the US.,false,false,,,,ecc9c60f61817d3314c89f8374feea65c28f8931d04b5b4c77be6fbc4c264bb9,Codex (GPT-6),AI_assisted,2026-09-08,false
85118477821,non_us,abstract,under-examined case of Japan,Study population or findings explicitly situated outside the US.,false,false,,,,4c5ed7257d02965b69d34fe0a682483c06634de633a528e19ddbf0e4a4b8d7de,Codex (GPT-6),AI_assisted,2026-09-08,false
85118939204,unclear,abstract,,Media source experiments without sample country.,false,false,,,,15818063c2d284e4a85e1225bd44b047a1d00d16b59e9da327e1acfbe310467d,Codex (GPT-6),AI_assisted,2026-09-08,false
85119018835,us_explicit,abstract,nationally representative sample of Americans,"Abstract explicitly identifies Americans, US respondents, or a US study setting.",false,false,,,,899a20ca6fa61ad7507af7265258995088b76014906b02a3e3149af80d240e12,Codex (GPT-6),AI_assisted,2026-09-08,false
85119401868,non_us,abstract,presenting German voters,Study population or findings explicitly situated outside the US.,false,false,,,,d104a3329df0694c57cf4135f8244dc864cc48f3fa1be1717d8b7dbb71deb734,Codex (GPT-6),AI_assisted,2026-09-08,false
85119426755,non_us,abstract,Swiss parliamentary elections of 2019,Representative voter survey in Swiss election context.,false,false,,,,d40a45020100dcf8401e05947f7387e46e54be563a3b414ce36b7834c12b8802,Codex (GPT-6),AI_assisted,2026-09-08,false
85120323140,us_explicit,abstract,"total n = 7,609 Americans","Abstract explicitly identifies Americans, US respondents, or a US study setting.",false,false,,,,d901adcfd539e89e023c202b3975c64f295ff0be0321d1159cb058ab87910723,Codex (GPT-6),AI_assisted,2026-09-08,false
85120491400,not_applicable,abstract,Here we review recent innovations,Review of experimental methods; no original sample described.,false,false,,,,bac3fb74f3b076c50c19457e99e1f8b25a59f86c7f70ea93e3ff24570290b028,Codex (GPT-6),AI_assisted,2026-09-08,false
85120781136,non_us,abstract,vignette experiments in Switzerland,Study population or findings explicitly situated outside the US.,false,false,,,,564d0a0b6e529d033cace634e06c6761bfd847451446ff92aa447651ac0f7b88,Codex (GPT-6),AI_assisted,2026-09-08,false
85120875984,us_inferred,abstract,"In the United States, White evangelicals",Experiments framed around US evangelical vaccine attitudes; sampling location unstated.,false,false,,,,550bb820105ed1d6fe827aff5cda92d15d647d18a38f39de9d2716d2722a8a1f,Codex (GPT-6),AI_assisted,2026-09-08,false
85120885789,us_explicit,abstract,sample of unvaccinated American Christians,"Abstract explicitly identifies Americans, US respondents, or a US study setting.",false,false,,,,70eb7793694f54e3513b3121bfef43ab14fe3aa3f82b38070ed811b447aaef04,Codex (GPT-6),AI_assisted,2026-09-08,false
85121452284,non_us,abstract,Our experiment in Ukraine,26-country observational survey separate.,false,false,,,,d5f09dbe1576ce5162a46f378f18aca655ef987a4f918ff82a9aa685cd9848cd,Codex (GPT-6),AI_assisted,2026-09-08,false
85122139505,unclear,abstract,,Wartime conduct experiments without sample country.,false,false,,,,034788ef8cc496dcb7814201f5699a006f97298cd06daa541e17fe70af62a7fb,Codex (GPT-6),AI_assisted,2026-09-08,false
85122529325,us_inferred,abstract,President Richard Nixon's Gallup approval,National survey on Johnny Carson's US presidential political comedy.,false,false,,,,110acf76924938f4574b9329f9cade1695f6b68ea9b192954930b7998aee633f,Codex (GPT-6),AI_assisted,2026-09-08,false
85122571011,non_us,abstract,We examine public support in Japan,Study population or findings explicitly situated outside the US.,false,false,,,,5c0e60580f41cef3bb9811d91c9b68f29e01d67f8789f1be87a05e57d5f0578e,Codex (GPT-6),AI_assisted,2026-09-08,false
85122780387,us_inferred,abstract,elected political office in the U.S.,Latina representation in US elections frames experiment.,false,false,,,,8ccc1725cb391f855347353f155c0bcb857dd1898d0e143bd0d8273dabdc7868,Codex (GPT-6),AI_assisted,2026-09-08,false
85123476525,us_explicit,abstract,targeted sample of U.S. military servicemembers,Other national samples also described but only military country explicit.,false,false,,,,57e486a257ea88d443f2c0b1d768fa0ebe96dde362f8288e4ee6b94fbfa3cec2,Codex (GPT-6),AI_assisted,2026-09-08,false
85123926675,us_inferred,abstract,Kamala Harris,US vice-presidential nomination and inauguration frame opinion experiments.,false,false,,,,0cea4d857b98d7d82d9c10f05be5e67157eb982d68ff1d812ba01214fba7dc72,Codex (GPT-6),AI_assisted,2026-09-08,false
85124121558,unclear,abstract,,Three sample countries not named; American reference is a cited prior study.,false,false,,,,b50b160e49481e3a56a78957ce22fe10705888de785d846f3dd329f0085f76c5,Codex (GPT-6),AI_assisted,2026-09-08,false
85124140550,us_explicit,abstract,"survey experiments in the United States, Great Britain and Canada","Abstract explicitly identifies Americans, US respondents, or a US study setting.",true,false,,,,8f0dee985afc136aad55fd27e9f6359396da7450aa9b5400158ab6ee19cf87bc,Codex (GPT-6),AI_assisted,2026-09-08,false
85124170048,unclear,abstract,,Foreign perceptions of China without experiment sample countries.,false,false,,,,7ff493ffb4917a4c5e8c24ac0d1e59a7c2857ee3b60d17d7a69a25d0b6001f55,Codex (GPT-6),AI_assisted,2026-09-08,false
85124196620,us_explicit,abstract,Using survey experiments in China and the United States,"Abstract explicitly identifies Americans, US respondents, or a US study setting.",true,false,,,,8e9f042cfce1afa7c76124f8f37240ba7799719d2b774121722151dc4d86521d,Codex (GPT-6),AI_assisted,2026-09-08,false
85124455446,non_us,abstract,"3,329 citizens from a high-income country, Switzerland",Study population or findings explicitly situated outside the US.,false,false,,,,d669250a285599ef90e65d39093b199112593302217415a383ae2acfb74c0631,Codex (GPT-6),AI_assisted,2026-09-08,false
85124994501,us_explicit,abstract,"national sample of 2,133 US adults","Abstract explicitly identifies Americans, US respondents, or a US study setting.",false,false,,,,ec802aa355b624d0ffb32723539adc2a27a4d788ea6c8eb8d2ecb5aa3bda5353,Codex (GPT-6),AI_assisted,2026-09-08,false
85125415127,non_us,abstract,Japanese skilled workers,Respondents considering emigration from Japan.,false,false,,,,8f04e836c9488f9a969aa7e16964b439c5a3f0a820599ec8d1fa756c60dae881,Codex (GPT-6),AI_assisted,2026-09-08,false
85125441524,unclear,abstract,,Politicians' salaries without sample country.,false,false,,,,5bda813d4f0a0901543e48de0aa27e86ef39a8e02afd0af8beb2080503cbfdb6,Codex (GPT-6),AI_assisted,2026-09-08,false
85125698803,us_explicit,abstract,"nationally representative sample of 1,245 Americans","Abstract explicitly identifies Americans, US respondents, or a US study setting.",false,false,,,,3e3f3f355595dba45df23ec2df8afe42750efdbfbf579ba2acf5500c88d4e475,Codex (GPT-6),AI_assisted,2026-09-08,false
85125920680,us_inferred,abstract,ESPN,US sports-media politicization context; sampling location unstated.,false,false,,,,51809619fbb82319020ac0e40cc0c5d71f04612f54eb67c11a4abbebff99b5af,Codex (GPT-6),AI_assisted,2026-09-08,false
85126184203,us_explicit,abstract,disproportionate stratified random sample of U.S. adults,"Abstract explicitly identifies Americans, US respondents, or a US study setting.",false,false,,,,d6e7506374fde132c153db6ccf08b0e10fb5208adbebeeafa1fecb0602f5d626,Codex (GPT-6),AI_assisted,2026-09-08,false
85126806972,us_explicit,abstract,In both countries,Public preferences and respondents explicitly linked to US and Japan.,true,false,,,,886347e625fdf069f29f6661738807d01ac2c6014d52719a4a2b249f0ed59348,Codex (GPT-6),AI_assisted,2026-09-08,false
85127190236,us_explicit,abstract,U.S. military service members,"Abstract explicitly identifies Americans, US respondents, or a US study setting.",false,false,,,,25d5d44f67906e7a7bbe348e2b998993b0e834df3c738a99b74c18cdccf0cd22,Codex (GPT-6),AI_assisted,2026-09-08,false
85127254828,us_explicit,abstract,"survey of 1,194 US adults","Abstract explicitly identifies Americans, US respondents, or a US study setting.",false,false,,,,2c7a83533762da40e30baa9669be7d9187d557459e89e9e809a09e94d97bbac3,Codex (GPT-6),AI_assisted,2026-09-08,false
85127581823,us_inferred,abstract,America's pandemic response,Experiments interpreted within American pandemic-politicization setting.,false,false,,,,ee1adb15f88b26bcd95b1ed8e42a28a132737c4d6711c68f5d7738047996c0ab,Codex (GPT-6),AI_assisted,2026-09-08,false
85127696366,non_us,abstract,101 British members of Parliament,Study population or findings explicitly situated outside the US.,false,false,,,,66f8442a7e1f57fae28f200f615ad84e540337b4f876f4f77dac41c95376f19c,Codex (GPT-6),AI_assisted,2026-09-08,false
85127735283,us_explicit,abstract,"Survey experiments with nearly 7,000 Americans","Abstract explicitly identifies Americans, US respondents, or a US study setting.",false,false,,,,aca7cf33439c9301e86831db79aed8d3671e8a62885504e9bedd29a97603d35d,Codex (GPT-6),AI_assisted,2026-09-08,false
85128583393,us_explicit,abstract,nationally representative samples in France and the United States,"Abstract explicitly identifies Americans, US respondents, or a US study setting.",true,false,,,,3dd536b4d7ca98f3b256080b686638d2b5dcd18150bb44828a2d419f2a794d55,Codex (GPT-6),AI_assisted,2026-09-08,false
85129014294,us_explicit,abstract,national survey experiments fielded in the United States and Canada,"Abstract explicitly identifies Americans, US respondents, or a US study setting.",true,false,,,,56e3f3c070a2c770e67987510f05b397637259c73af060868fdf2a999ebbefb0,Codex (GPT-6),AI_assisted,2026-09-08,false
85129159055,unclear,abstract,,Immigration experiment without sample country.,false,false,,,,c97f498601309d82f778cc722f054cc46d64a9bdac6cdea63b4f3cd75cdbff5b,Codex (GPT-6),AI_assisted,2026-09-08,false
85129226690,non_us,abstract,"with 4,102 Chinese citizens",Study population or findings explicitly situated outside the US.,false,false,,,,930941efbb3705598c0c42b8f9256360a803150e85c75700f3437472a08375cc,Codex (GPT-6),AI_assisted,2026-09-08,false
85129300276,us_explicit,abstract,the US public is more supportive,Experimental results explicitly attributed to US public.,false,false,,,,56e2e43fc0680636eec3850f0715c00c32bb199dceea970faf870b00aee75e74,Codex (GPT-6),AI_assisted,2026-09-08,false
85130585909,unclear,abstract,,News accuracy experiment without sample country.,false,false,,,,f76873583cfd42b3b9452c2cd1dc22ea3add580ed7ab29a5f759e77ad8745dc7,Codex (GPT-6),AI_assisted,2026-09-08,false
85130733510,unclear,abstract,,US appears in title only; abstract does not identify sampling country.,false,true,How Negative Frames Can Undermine Public Support for Studying Solar Geoengineering in the U.S,,,a24a6023e7cb66669bb4e1ad63d5324ba385c07bdee6ac7597421b98e86028df,Codex (GPT-6),AI_assisted,2026-09-08,false
85130898035,unclear,abstract,,Replication experiments without sample countries.,false,false,,,,e6c467925b9d97a9a7790a0285e73dc772b162526d609772d550be411b2d0114,Codex (GPT-6),AI_assisted,2026-09-08,false
85131358788,non_us,abstract,"Germany, Netherlands",Study population or findings explicitly situated outside the US.,false,false,,,,cc366f38a29f45f3ea3da324613ab01429d8f5df131f76c826753885069d14dc,Codex (GPT-6),AI_assisted,2026-09-08,false
85131571257,non_us,abstract,survey experiments in the country most affected by US protectionism: China,"Additional Argentine experiment; US is policy actor, not sample.",false,false,,,,0c7185822a2ccaa05ef1fd50b03d3e56d4523f61133723026e1ec8018535f31f,Codex (GPT-6),AI_assisted,2026-09-08,false
85131738044,us_explicit,abstract,national survey experiment in the United States,"Abstract explicitly identifies Americans, US respondents, or a US study setting.",false,false,,,,9ccf3b4904ec9d113dde1a66635a0638eafab217fdee6c9d655bfb00da1c4c1d,Codex (GPT-6),AI_assisted,2026-09-08,false
85132755374,non_us,abstract,survey of Mosul residents,"Iraq, including displaced families.",false,false,,,,1fa1e0b4e03e61931181b14f7a0a0636e50cf102f63c19470a60c0cc5aeb1f15,Codex (GPT-6),AI_assisted,2026-09-08,false
85132896321,us_inferred,abstract,composition of the Democratic and Republican parties,Experiments measure US party stereotypes; Americans mentioned for prior research.,false,false,,,,7f4ef12d12bf5fccd791d3511da090c94b0fb6fe22f35de6c5bafcc2224f597c,Codex (GPT-6),AI_assisted,2026-09-08,false
85133863087,us_inferred,abstract,Covid-19 pandemic in the United States,US masking and distancing context; sampling location unstated.,false,false,,,,c4e32961718e523147dc14fd9df3611a85cf4cba036a287a8443f07519eac74f,Codex (GPT-6),AI_assisted,2026-09-08,false
85133919585,us_explicit,abstract,survey experiment on a nationally representative sample in the United States,"Abstract explicitly identifies Americans, US respondents, or a US study setting.",false,false,,,,8c05de487a518ef7b3bff5be90299ff209a5468ddcfe7cd94ca9305cff1e0aca,Codex (GPT-6),AI_assisted,2026-09-08,false
85133968124,non_us,abstract,nationally representative samples of Dutch majority members,Study population or findings explicitly situated outside the US.,false,false,,,,e19e0a132bcd6497d59b9ad6849c73025f36fe2581ae940a107cd1672fbc0132,Codex (GPT-6),AI_assisted,2026-09-08,false
85134747070,unclear,abstract,,US in title only; Jewish community sample country not identified in abstract.,false,true,Suicide Stigma in Jewish Communities in the United States,,,438c9dcafeb30bc5facdbae452636e3f99017ed598e05f20a0b9b772c813b4f7,Codex (GPT-6),AI_assisted,2026-09-08,false
85135896371,non_us,abstract,we used the case of Japan,Study population or findings explicitly situated outside the US.,false,false,,,,d5ea635f13813fb056968c51b0922c8edd4aa47cc8f919e626c4e3b171c917e8,Codex (GPT-6),AI_assisted,2026-09-08,false
85136473193,non_us,abstract,we conducted a survey experiment in Japan,"US mentioned as earlier research, not current sample.",false,false,,,,0c7b26813d2d315dab6fde56dc3b8d36385f9139d32d24dd20dfedea17bb5697,Codex (GPT-6),AI_assisted,2026-09-08,false
85136531185,us_explicit,abstract,quota sample of U.S. adults,"Abstract explicitly identifies Americans, US respondents, or a US study setting.",false,false,,,,ccea28410693159cb948f67af9f48c1923799a8535aaff51643fe7859b282921,Codex (GPT-6),AI_assisted,2026-09-08,false
85136722514,us_inferred,abstract,in the US context,US military manpower policies frame experiment.,false,false,,,,ddbaa93569d0e13a9916bfcd023ee4e5515a99c747050560808da7420ad4bceb,Codex (GPT-6),AI_assisted,2026-09-08,false
85138248657,non_us,abstract,Original survey experiments in Japan,Study population or findings explicitly situated outside the US.,false,false,,,,cf34f4e6f2895d16b3a866cc157e68e7b3468a1c6a29dd4439597e10618d7d5a,Codex (GPT-6),AI_assisted,2026-09-08,false
85140277195,non_us,abstract,nationally representative sample of Dutch majority members,Study population or findings explicitly situated outside the US.,false,false,,,,c02223e2b03e380b51f069110ba5eeea3204025b993e7e8fd4ae3c02fcc51ba5,Codex (GPT-6),AI_assisted,2026-09-08,false
85140278720,non_us,abstract,nationally representative sample of native-born Dutch,Study population or findings explicitly situated outside the US.,false,false,,,,79fe3454d62e90215017ada2462f5dfaf8d3bbb9d683f6f49e1a744c696a94f5,Codex (GPT-6),AI_assisted,2026-09-08,false
85141374427,us_inferred,abstract,12 largest OECD,US inclusion inferred from coverage of the 12 largest OECD importing countries; country list not given.,true,false,,,,ccaf8311328769609591ae4e460cad90ee87e2d180dfc8df94f1ead361985e81,Codex (GPT-6),AI_assisted,2026-09-08,false
85145327725,us_explicit,abstract,decrease American citizens’ support,"Abstract explicitly identifies Americans, US respondents, or a US study setting.",false,false,,,,4090ec47b1bf610aa4eed50e68b5059f9a90f6dfd7fdded2bd1b775b18532592,Codex (GPT-6),AI_assisted,2026-09-08,false
85145409036,non_us,abstract,survey experiment fielded in Japan,US democracy is treatment topic; Japanese sample.,false,false,,,,a420869be1db376daa8d30b0c87c2e213148eaeaffd11d5ae5ccfb493d1d9a10,Codex (GPT-6),AI_assisted,2026-09-08,false
85145825392,unclear,abstract,,US in title only; Latino community sample country not identified in abstract.,false,true,Public Stigma Toward Schizophrenia Within Latino Communities in the United States,,,3935e6be035de654aff65d72071532b543332402e159fd1b607ff847ac49c8f8,Codex (GPT-6),AI_assisted,2026-09-08,false
85146866960,us_explicit,abstract,journalists’ job satisfaction in Egypt and the United States,Comparative journalist samples in both countries.,true,false,,,,4c4bd659e32b6674a444ac0e60047af08c09c0bdf05a8a8d3915475cb48bae61,Codex (GPT-6),AI_assisted,2026-09-08,false
85147143671,us_explicit,abstract,This study examines the stigma within the US Jewish communities,"Abstract explicitly identifies Americans, US respondents, or a US study setting.",false,false,,,,adf92355b7fc57616bd139abba1eaaadbab0c78c645850a7429ecd321304f5ee,Codex (GPT-6),AI_assisted,2026-09-08,false
85147434032,non_us,abstract,survey experiment with Dutch local politicians,Study population or findings explicitly situated outside the US.,false,false,,,,8e803733084117ad25e17eef41fcf7d616b7bfb7da58368f101c7976bb340514,Codex (GPT-6),AI_assisted,2026-09-08,false
85147720720,us_explicit,abstract,US respondents,"Abstract explicitly identifies Americans, US respondents, or a US study setting.",false,false,,,,746a7376e846e1b7aa9f62c25a6c501730efbd37b7c7c55f40597f5cd365b2f7,Codex (GPT-6),AI_assisted,2026-09-08,false
85149118557,us_explicit,abstract,We test whether American partisans’ receptivity,"Abstract explicitly identifies Americans, US respondents, or a US study setting.",false,false,,,,f98fc6afc09452f6d4c007c82cd5dd2e589956675b811397d3d7a3ead75a7bc8,Codex (GPT-6),AI_assisted,2026-09-08,false
85150819039,non_us,abstract,sample of Ukrainians,"Russia, EU and Tanzania are treatment topics.",false,false,,,,e8c5679472287d5a09e9ceae4140bf8189358d32f2ffb0795d5a1161de7ea8ce,Codex (GPT-6),AI_assisted,2026-09-08,false
85152296772,non_us,abstract,survey experiment in Argentina,Study population or findings explicitly situated outside the US.,false,false,,,,82ac43e3b3ef16a98f154a1d987b124e62f9fa98393f3c17d01bf512079d93a7,Codex (GPT-6),AI_assisted,2026-09-08,false
85158001358,unclear,abstract,,Waste sorting experiments without sample country.,false,false,,,,f073dd5d42e38f117f07af653c8377eba0f9c79dfd8a3bf3d5f6f53e17370452,Codex (GPT-6),AI_assisted,2026-09-08,false
85158112186,non_us,abstract,we conducted an original survey experiment in Japan,"US mentioned for prior work, not current sample.",false,false,,,,14d3046da20fb000a10575bed62a5b0498b8897a2804b890158ab4772646ebb7,Codex (GPT-6),AI_assisted,2026-09-08,false
85159235309,non_us,abstract,representative survey (N = 8’000) in Switzerland,Study population or findings explicitly situated outside the US.,false,false,,,,082a719b408c127ab5384a0aac015de77e553388a0b24872e7504d2f7f732077,Codex (GPT-6),AI_assisted,2026-09-08,false
85159334579,non_us,abstract,real-world referendum in Switzerland,Representative voters in Swiss referendum.,false,false,,,,1b86c91b97f2b7a20bbd1a406e6d7c45d36706f658ee959057392f8cb082645b,Codex (GPT-6),AI_assisted,2026-09-08,false
85159582567,non_us,abstract,population-based survey experiment in Switzerland,Study population or findings explicitly situated outside the US.,false,false,,,,9e8dd34a0b1156ab0b3251e5e041671346f1bb0c2407a70d9583f91338c092ee,Codex (GPT-6),AI_assisted,2026-09-08,false
85159594856,us_explicit,abstract,survey experiments on US adults,"Abstract explicitly identifies Americans, US respondents, or a US study setting.",false,false,,,,d5d5f7f752dfaa688b862ff37cff7a38a0da952af75da1c84a83eab4012f78ee,Codex (GPT-6),AI_assisted,2026-09-08,false
85160547976,non_us,abstract,"Myanmar, Nepal, and Indonesia",Study population or findings explicitly situated outside the US.,false,false,,,,0350656d6b5a5a0b53a3f6113fe8061a0815e6cd1fa410c307384bda6666adb8,Codex (GPT-6),AI_assisted,2026-09-08,false
85160596820,us_inferred,abstract,democratic backsliding in the United States,Survey of state legislators in US democratic-backsliding setting.,false,false,,,,a3bed72082ae0308a973e402fbf6116e54ee8112c73a5e542ef9964046e6a4d2,Codex (GPT-6),AI_assisted,2026-09-08,false
85160835182,non_us,abstract,"1,024 Chinese public officials",Study population or findings explicitly situated outside the US.,false,false,,,,3ae3fc1d0a276e13e895f080b90e5923c227f94b95ac07daac672a0732d44fca,Codex (GPT-6),AI_assisted,2026-09-08,false
85161446266,non_us,abstract,urban governance scenarios in China,Study population or findings explicitly situated outside the US.,false,false,,,,8bcb67d2b8c1224a62d9002e1b3acfb8f0987f1c61bd1eb92b61cbc6f43ab924,Codex (GPT-6),AI_assisted,2026-09-08,false
85162185399,us_inferred,abstract,Marjorie Taylor Greene,US congressional candidate and QAnon context.,false,false,,,,0064b7aa6b207c6101143fe545173618399cb35d71cfe43a3033e5ccbe9614d5,Codex (GPT-6),AI_assisted,2026-09-08,false
85163212575,us_inferred,abstract,U.S. policy issue advertising,US issue-advertising survey experiments; sampling country unstated.,false,false,,,,8fadbf015fcd8aefe325c5a150fc9682a2e97916c5cc97a8edb1e612dfe51a68,Codex (GPT-6),AI_assisted,2026-09-08,false
85165518545,unclear,abstract,,US in title only; abstract does not identify sample country.,false,true,Exploring the artificial intelligence “Trust paradox”: Evidence from a survey experiment in the United States,,,ce69937df96aff8e147e711b7607f0293b51805231af36e0c9af301bae94dd6d,Codex (GPT-6),AI_assisted,2026-09-08,false
85166589138,non_us,abstract,in Germany and France,Study population or findings explicitly situated outside the US.,false,false,,,,eb44189fb2ec55e8f9d50955f2ad29a2f689d8c6089bd92d4032a3546843e2c2,Codex (GPT-6),AI_assisted,2026-09-08,false
85167408025,us_explicit,abstract,affect the American public’s beliefs,"Abstract explicitly identifies Americans, US respondents, or a US study setting.",false,false,,,,3798563592a7ace48e2f97d7316b324b71e7d0051ae2e7c93c48e4bd9abac86a,Codex (GPT-6),AI_assisted,2026-09-08,false
85167655087,us_explicit,abstract,conjoint experiment among US residents,"Abstract explicitly identifies Americans, US respondents, or a US study setting.",false,false,,,,8ed0fdb2293e8cabe664e8046632b7145e4d931c10b88d8323dfe04f15ed6b2e,Codex (GPT-6),AI_assisted,2026-09-08,false
85168483699,non_us,abstract,follow-up survey experiment in Turkey,Argentina is an additional observational survey.,false,false,,,,556be53702fbecc7d2b8ae82cc2fb03b92b08cad73ac1832bf16fe781e47a135,Codex (GPT-6),AI_assisted,2026-09-08,false
85170289998,unclear,abstract,,Wartime conduct without sample country.,false,false,,,,950007ecf1de1f78b1ec7dec2a386af917313df848e3cf1093fd457997c5b947,Codex (GPT-6),AI_assisted,2026-09-08,false
85170631568,us_explicit,abstract,the state of New Hampshire in the United States,Also Great Britain and Canada.,true,false,,,,0f5b921d35054ba49fe73a06c35169840dab71caa4eee8a0a130c72facdf23e4,Codex (GPT-6),AI_assisted,2026-09-08,false
85170705867,non_us,abstract,Using a survey experiment in Austria,Study population or findings explicitly situated outside the US.,false,false,,,,8477ac990d454da8f4366d868bdfc5630c312e1f54d0aa4db6294801b43952de,Codex (GPT-6),AI_assisted,2026-09-08,false
85174056404,us_inferred,abstract,Americans may be especially,US masking and co-partisan norms frame experimental study.,false,false,,,,cd5f38addf45eb1f778670108f98f2501e322b6f78c333d0b708669f873480f2,Codex (GPT-6),AI_assisted,2026-09-08,false
85174062271,non_us,abstract,"survey experiments in Greece, Ireland, Portugal, and Spain",Study population or findings explicitly situated outside the US.,false,false,,,,816e17470b73e50c2a84236a366f5b9a72ecf9b27f4255562eda3d609bbbad4b,Codex (GPT-6),AI_assisted,2026-09-08,false
85174071113,us_explicit,abstract,Latino respondents in the US and in Mexico,"Abstract explicitly identifies Americans, US respondents, or a US study setting.",true,false,,,,5ced06e3cb50172a0e751b25ab55e89a850396c35e7bdbb2fdd7f916454dea35,Codex (GPT-6),AI_assisted,2026-09-08,false
85174613687,non_us,abstract,Danish public school teachers,Study population or findings explicitly situated outside the US.,false,false,,,,c46834d16c4da41e88d16c1549aa7192251db6320b6d30e367186efd30d4e5c2,Codex (GPT-6),AI_assisted,2026-09-08,false
85175473443,unclear,abstract,,Population-based experiments without countries.,false,false,,,,60f33a129619aae544609782e11ed473f43be533aefcb7faf9755c3e2a46aa94,Codex (GPT-6),AI_assisted,2026-09-08,false
85175495163,non_us,abstract,"respondents in Germany, Portugal, Spain and the UK",Study population or findings explicitly situated outside the US.,false,false,,,,660652464e3182294d80ad5b3401808d87588db78b64c7a3ebb000da9334312e,Codex (GPT-6),AI_assisted,2026-09-08,false
85175738454,unclear,abstract,,Administrative rules without sample country.,false,false,,,,714321c1c6f806a3e48635717d658a784941baaedd398bd943ae6c124a0e4b38,Codex (GPT-6),AI_assisted,2026-09-08,false
85176547661,us_inferred,abstract,conservative Republicans,US party identity inferred; residence not stated.,false,false,,,,fef19939875a94aa452bc6c3112b6fdde23837683297ad41272b7ee7f1cccb83,Codex (GPT-6),AI_assisted,2026-09-08,false
85176725704,non_us,abstract,survey experiment involving 735 Chinese citizens,Study population or findings explicitly situated outside the US.,false,false,,,,b200c7bd5fa3412b2bec9e3a5f2e37519c2ba73f06c75aaf2850aeb1aa1f331b,Codex (GPT-6),AI_assisted,2026-09-08,false
85176924618,us_explicit,abstract,nationally representative sample of Americans,"Abstract explicitly identifies Americans, US respondents, or a US study setting.",false,false,,,,3b26a19fe492dd306632ed3d84fe2e7fe5f0d375ca6700360d43319ca914380c,Codex (GPT-6),AI_assisted,2026-09-08,false
85179678265,non_us,abstract,survey experiment in Italy,"US mentioned as prior research, not current sample.",false,false,,,,0420483711bf175a285d30e34b88e8c7c8b6ed839b63b7ee8db57d5bacb30437,Codex (GPT-6),AI_assisted,2026-09-08,false
85179742651,us_explicit,abstract,survey experiments in Germany and the United States,"Abstract explicitly identifies Americans, US respondents, or a US study setting.",true,false,,,,d2daeda8cd307b634ab23953d939e1c3d345942f13c0dd4588f3cdbb95a97a34,Codex (GPT-6),AI_assisted,2026-09-08,false
85180219290,unclear,abstract,,Replication experiments with national samples but countries unstated.,false,false,,,,ef8dc5db26b7f71b9f99a99d11ebc7667ffa31ba2e0156055d6a86452b3aa419,Codex (GPT-6),AI_assisted,2026-09-08,false
85182577401,non_us,abstract,population-representative survey in Switzerland,Study population or findings explicitly situated outside the US.,false,false,,,,9109ad77fe50d1dc2a2e246a497bb03c37745761aa50a7d41ac49208f7f66eab,Codex (GPT-6),AI_assisted,2026-09-08,false
85183015664,non_us,abstract,representative sample of Danish residents,Study population or findings explicitly situated outside the US.,false,false,,,,8002b90a16aa53fd2fe29d77b69bb914d0b92747b8c52a9ca03fcea0ba69fcb7,Codex (GPT-6),AI_assisted,2026-09-08,false
85183492832,us_inferred,abstract,"7,000 verified midterm donors","US elections, Democratic and Republican campaign donors.",false,false,,,,531ade8ee2671536cd2f09778f9a470d3436c313b19d69b2f55820484f3cd984,Codex (GPT-6),AI_assisted,2026-09-08,false
85183616534,us_explicit,abstract,nationally diverse sample of Americans,"Abstract explicitly identifies Americans, US respondents, or a US study setting.",false,false,,,,a94d0c2398a8ccc9481cd7571bc946763f67f45609edd4ec8f61c1fa82c795da,Codex (GPT-6),AI_assisted,2026-09-08,false
85183977264,non_us,abstract,broadly representative sample of Danes,Study population or findings explicitly situated outside the US.,false,false,,,,76dc6a2b21b60289a8b07871ef13d2b3e87cd236399e7ff06b57156de313482f,Codex (GPT-6),AI_assisted,2026-09-08,false
85185575879,not_applicable,abstract,The present essay therefore highlights,Methodological guidance; no original experimental sample described.,false,false,,,,9781ce8c6e270ee677ac06676110c4004802bc1417fc052832ba6df7862ef294,Codex (GPT-6),AI_assisted,2026-09-08,false
85185836671,us_explicit,abstract,conjoint experiment involving 1520 US respondents,"Abstract explicitly identifies Americans, US respondents, or a US study setting.",false,false,,,,5d229ec1b62352612f967e64886152bc09a835aa46bc95f3a6aa6ef4c8e56cde,Codex (GPT-6),AI_assisted,2026-09-08,false
85186447775,non_us,abstract,two novel survey experiments in Japan,Study population or findings explicitly situated outside the US.,false,false,,,,00983c3390ddc2675d15044d1014aabf912e9fc04a33044eb1193e5454f49a58,Codex (GPT-6),AI_assisted,2026-09-08,false
85186919352,non_us,abstract,1048 Danish public caseworkers,Study population or findings explicitly situated outside the US.,false,false,,,,c81cee96327f8379daa74c3125d24237f02b626b9840e04fada75b6b377e8c78,Codex (GPT-6),AI_assisted,2026-09-08,false
85187132462,non_us,abstract,"Brazil, India, Indonesia",Study population or findings explicitly situated outside the US.,false,false,,,,8551ff2daeaa2e352564e039da85788fe89e90fa4346153d419357c538362cdd,Codex (GPT-6),AI_assisted,2026-09-08,false
85188096695,us_explicit,abstract,"survey experiment of 1,110 U.S. residents","Abstract explicitly identifies Americans, US respondents, or a US study setting.",false,false,,,,a0fefe6530f0c58dffa2168d9a83e622d900eac83da4d5e1ee665a61ba717163,Codex (GPT-6),AI_assisted,2026-09-08,false
85188604798,non_us,abstract,Switzerland,Survey panel in Switzerland; experimental eligibility separate from geography annotation.,false,false,,,,ef26a3407a1011441f3fbd18600a9551078610a9ee19ae54807c464ddd140119,Codex (GPT-6),AI_assisted,2026-09-08,false
85190319537,us_inferred,abstract,a hidden consensus exists in America,National gun-ownership experiments framed around US public and Republicans.,false,false,,,,11b553493d1d8ef5b9bf9963fab754ba8876d57f6f98863f1e83fbc9eb70d645,Codex (GPT-6),AI_assisted,2026-09-08,false
85191915888,us_explicit,abstract,representative of the US population,"Abstract explicitly identifies Americans, US respondents, or a US study setting.",false,false,,,,acff5f6eb744641cfac4bef2578d6153999751e7e26e50200d623dc151aeed5e,Codex (GPT-6),AI_assisted,2026-09-08,false
85193819898,unclear,abstract,,Party rhetoric without sample country.,false,false,,,,395956b3a5b97b5b702a3cde7ce1a8418229aa4f4b9636e8ee69ef870c4c164c,Codex (GPT-6),AI_assisted,2026-09-08,false
85193946140,us_explicit,abstract,Using conjoint survey experiments in the U.S.,"Abstract explicitly identifies Americans, US respondents, or a US study setting.",false,false,,,,3982f026408786cddaeb07f73200987430f388c663b671e6cb65fb2d69c6b1c7,Codex (GPT-6),AI_assisted,2026-09-08,false
85193970570,us_inferred,abstract,political assortment of Americans,US partisan Twitter networks followed by survey replication; survey country unstated.,false,false,,,,7e219983d697e4601c92529f8e6497c8fd1d973f1dbe75579732c0dca79b8c1d,Codex (GPT-6),AI_assisted,2026-09-08,false
85193987772,us_explicit,abstract,In a survey experiment in California,US state identifies location.,false,false,,,,bb9140a7d83585ed63849e0da1ff562a999384e19ab55f7a18c23496c38c26f4,Codex (GPT-6),AI_assisted,2026-09-08,false
85196067903,unclear,abstract,,Politicians from several government levels without country.,false,false,,,,e67aed825bcc244f20c5b97e7bc738783e41426fcc991db3159c5d6ab6b58fee,Codex (GPT-6),AI_assisted,2026-09-08,false
85197852159,us_explicit,abstract,non-probability sample of U.S. adults,"Abstract explicitly identifies Americans, US respondents, or a US study setting.",false,false,,,,8e878ee4bb5ef8bf3fd36d4e47296ef234687850cb10f275aa508a47df68ebe9,Codex (GPT-6),AI_assisted,2026-09-08,false
85198928846,us_explicit,abstract,South Africa and the United States,Also Kenya; number of experiments not allocated by country.,true,false,,,,fe5d68bdffcdcc42a00b02b8d6f8ff9ea7c09c03dc16290202e58b2e7fcf6036,Codex (GPT-6),AI_assisted,2026-09-08,false
85198952844,us_explicit,abstract,respondents in the US and Canada,"Abstract explicitly identifies Americans, US respondents, or a US study setting.",true,false,,,,ddb60311ca7b58706fb2fbc9e3dc7ee6a8e204d29274697aeb6db3a70a4cb971,Codex (GPT-6),AI_assisted,2026-09-08,false
85198999643,us_explicit,abstract,separate samples of 3000 Americans,Two separately described samples; do not sum across papers without overlap checks.,false,false,,2,two original survey experiments with separate samples of 3000 Americans,103cc86ededf5b194264e55bb2e67b1296d505231dc47ae5bba69b42eab7ffef,Codex (GPT-6),AI_assisted,2026-09-08,false
85200455835,unclear,abstract,,AI jobs experiment without country-specific context.,false,false,,,,e476f7d697b33892b2c7965cc41960969612c46c529855818183fccef90613b5,Codex (GPT-6),AI_assisted,2026-09-08,false
85200831312,us_explicit,abstract,sample of U.S. adults,"Abstract explicitly identifies Americans, US respondents, or a US study setting.",false,false,,,,4a0750c888728a2af337e67f50b9618c4d771974e5d8a2a34c37d5931cb9bd2f,Codex (GPT-6),AI_assisted,2026-09-08,false
85202949339,us_explicit,abstract,nationally representative samples in the United States and Germany,"Abstract explicitly identifies Americans, US respondents, or a US study setting.",true,false,,,,e8a4a7532a510a98904169030bd193f2e118f0315f9179607bd1d88f42f630a9,Codex (GPT-6),AI_assisted,2026-09-08,false
85203879255,non_us,abstract,with a focus on Switzerland,Study population or findings explicitly situated outside the US.,false,false,,,,7f726ebbd1b272d892483d11e7562e3790bd94312be79122fac597e70e3bff47,Codex (GPT-6),AI_assisted,2026-09-08,false
85204418104,us_inferred,abstract,points of contention in the US,National survey of hate-speech censorship in US party context.,false,false,,,,4fb1179fba6538c7e9728d550e8cf398ba1dbd83e9b559225afce2f5c140272c,Codex (GPT-6),AI_assisted,2026-09-08,false
85205118689,us_inferred,abstract,Presidential elections are arguably the most consequential recurring political event in the United States,US presidential elections frame experiment.,false,false,,,,899d373ae8969394d1b30d9397f624d21553da5cbd8e6baec6e57f14cb4f48ba,Codex (GPT-6),AI_assisted,2026-09-08,false
85205257452,non_us,abstract,survey experiment using Chinese public officials,Study population or findings explicitly situated outside the US.,false,false,,,,e0a33fae17091eaa7cbac89b215c7333c43251882f322a8c6a530a1472b82c5c,Codex (GPT-6),AI_assisted,2026-09-08,false
85205529418,us_inferred,abstract,their members of Congress,US congressional representation and local media context.,false,false,,,,df7ead4e895ae58a9b58387d1b5c47f60deafbe6176cfdf2b1cac539e8f60e0b,Codex (GPT-6),AI_assisted,2026-09-08,false
85205574905,us_explicit,abstract,experimental vignette design in Jewish communities in the United States,"Abstract explicitly identifies Americans, US respondents, or a US study setting.",false,false,,,,99b398e75d3c89deaf74ad07500ec63d075989fa2c163fb812b97cd53b6b6b17,Codex (GPT-6),AI_assisted,2026-09-08,false
85205594046,unclear,abstract,,US Twitter data and 16-country pooled sources; survey-experiment countries not separately identified.,false,false,,,,d9d50b7f9da86e782df657e66b0a40e31834007df1e28b8674f4142cdd29c078,Codex (GPT-6),AI_assisted,2026-09-08,false
85206340986,non_us,abstract,survey experiments in Japan,Study population or findings explicitly situated outside the US.,false,false,,,,bef555786b8065243a68ea64c69c7855bc043a0e29d50755c3da76f208f80f15,Codex (GPT-6),AI_assisted,2026-09-08,false
85206618776,unclear,abstract,,Partisan social-media experiment without country or named parties.,false,false,,,,db85e004244bdb47a2d3d62cebfff12818ba5f96fc5f36a2776661767a8b937c,Codex (GPT-6),AI_assisted,2026-09-08,false
85206830858,us_explicit,abstract,"Egypt, India, Italy, Japan, Thailand, and the United States","Abstract explicitly identifies Americans, US respondents, or a US study setting.",true,false,,,,f044c14a302036f19d6bf886a759a1c5ae45213ae391e3528cc6c1c9c2dcd162,Codex (GPT-6),AI_assisted,2026-09-08,false
85206976729,non_us,abstract,survey experiment in Switzerland,Study population or findings explicitly situated outside the US.,false,false,,,,c34da139deba8e77588fe2d262c4a34fa7a88cbbf44b2121c72c1b4d7400c6e4,Codex (GPT-6),AI_assisted,2026-09-08,false
85207005517,us_explicit,abstract,survey experiment of roughly 700 Americans,"Abstract explicitly identifies Americans, US respondents, or a US study setting.",false,false,,,,26cc12d8434ca4bca38cfc828b44fe2cc375399b81aee0f7af9f981dfe166fd1,Codex (GPT-6),AI_assisted,2026-09-08,false
85207749628,non_us,abstract,French and German voters,Study population or findings explicitly situated outside the US.,false,false,,,,c8a6fcc8a696165f4ac933b7ea9c1529716d0f16e9adef249c6cb1607ea09b58,Codex (GPT-6),AI_assisted,2026-09-08,false
85208657819,unclear,abstract,,Candidate race without country-specific sampling information.,false,false,,,,35984d5a7de41ec209b266a2b3239885c217709bc95ed9e2d64a21e8f7f8a790,Codex (GPT-6),AI_assisted,2026-09-08,false
85209378959,us_explicit,abstract,nationally representative sample in the U.S.,"Abstract explicitly identifies Americans, US respondents, or a US study setting.",false,false,,,,d47f161e868eb1b65b7d1bd3b3d7b98057cf66045c5b9036779ebec17b9dcd3d,Codex (GPT-6),AI_assisted,2026-09-08,false
85212439594,non_us,abstract,survey experiment conducted among Danish residents,Study population or findings explicitly situated outside the US.,false,false,,,,0092614aaf27c750795aeb06236ed9b37e623bc935753bd5779075d71b56d072,Codex (GPT-6),AI_assisted,2026-09-08,false
85213442851,not_applicable,abstract,we combine survey measures and digital trace data,"US observational study; survey experiments mentioned as prior research, not current samples.",false,false,,,,021c90c90f2a76d85b20548f7a1c4ca866d37e162bebb9f76443f2ad5785e6cc,Codex (GPT-6),AI_assisted,2026-09-08,false
85214296759,us_explicit,abstract,representative sample of U.S. respondents,"Abstract explicitly identifies Americans, US respondents, or a US study setting.",false,false,,,,a8a54be25fcd2e13d6f872f5adea018a91202a216bd3895ca6eea05de7e6937b,Codex (GPT-6),AI_assisted,2026-09-08,false
85214354427,non_us,abstract,Our survey experiment with Dutch citizens,Study population or findings explicitly situated outside the US.,false,false,,,,d2703754149efc1c6d8707f5a4c1f0aeff1a9816449a64857960fb4cc12e1051,Codex (GPT-6),AI_assisted,2026-09-08,false
85214572618,non_us,abstract,"2,000 participants from Denmark",Study population or findings explicitly situated outside the US.,false,false,,,,01a05faf8c3c25e4a80d2a2abe6c9ebe9a21bacc44a1bc1560805a89afaec01f,Codex (GPT-6),AI_assisted,2026-09-08,false
85215379642,unclear,abstract,,Coproduction experiments without sample country.,false,false,,,,ac61bb6479a4480ced0be4f11f094acfe2874d173d094a7809d266dffe135c4e,Codex (GPT-6),AI_assisted,2026-09-08,false
85216104420,non_us,abstract,"Mosul, Iraq",Survey and dictator game in Iraqi context; eligibility separate.,false,false,,,,cf59b6dcaebdce9fedb3bef806d9bd08fb1d4d5bf28ca5d90fddd23434616ce1,Codex (GPT-6),AI_assisted,2026-09-08,false
85216215252,us_inferred,abstract,undergraduate students at a USG institution,"University System of Georgia and Georgia residents imply US state, not country Georgia.",false,false,,,,28307f905e9656727e8672bec4699174e8e025dcfa11ea6c482a19cc4198cfe4,Codex (GPT-6),AI_assisted,2026-09-08,false
85216353783,us_explicit,abstract,highly nationalistic Americans increase their support,"Abstract explicitly identifies Americans, US respondents, or a US study setting.",false,false,,,,e785f411aee2666f25bd4b841ff0482779579896e34b143dad48b2d3a10f3bfb,Codex (GPT-6),AI_assisted,2026-09-08,false
85216486046,non_us,abstract,Bosnian Serb leader Milorad Dodik,National experiments on Bosnian leader and LGBT rights context.,false,false,,,,76e742533a7cd5ea9cd7b886fa0553c5ee99052774a1996583301559494a166e,Codex (GPT-6),AI_assisted,2026-09-08,false
85216620221,us_explicit,abstract,survey experiment in the United States,"Abstract explicitly identifies Americans, US respondents, or a US study setting.",false,false,,,,55e59aa3c2ea9f3f32bab07c66528d38837a88ba50d9c8ec08b2d4b687f1af7c,Codex (GPT-6),AI_assisted,2026-09-08,false
85216671878,us_inferred,abstract,2022 Republican candidates,Local journalists covering US congressional campaigns and 2020 election denial.,false,false,,,,d6f65e8f5cabaff37d067361a613333c3e974f8ac3ac2a433bf0eda5116c1cab,Codex (GPT-6),AI_assisted,2026-09-08,false
85217158927,us_inferred,abstract,U.S. beliefs about AI,US public opinion is the stated study focus; sampling country unstated.,false,false,,,,0a51afb7a4d7e30284ae9bdc466a0507ca80544784d0aece3d991bf2de93030c,Codex (GPT-6),AI_assisted,2026-09-08,false
85217932803,not_applicable,abstract,Their conclusion that factorial survey,Methodological critique of other authors' experiments; no original sample described.,false,false,,,,7463f8996d429e7815a9fd01a3920579098dcece691c4228e0b53a5a3f9cad11,Codex (GPT-6),AI_assisted,2026-09-08,false
85218245112,us_inferred,abstract,Racial divides in American attitudes toward trade,National experiment tests US racial-group trade attitudes.,false,false,,,,1e03f8f2f974d110558984b18cc9c70ed5e15701788b971e35a3dd25a398bc42,Codex (GPT-6),AI_assisted,2026-09-08,false
85219095528,non_us,abstract,survey experiment with Japanese voters,Study population or findings explicitly situated outside the US.,false,false,,,,8c6124b4d0ddee7820d9b8e786307b5ba4c15b28844c786f3f55161330ad5778,Codex (GPT-6),AI_assisted,2026-09-08,false
86000296951,us_explicit,abstract,786 US adults were randomly assigned,"Abstract explicitly identifies Americans, US respondents, or a US study setting.",false,false,,,,976034556d86d13e5a8f49b1f005eb71bc4c11aee2656631626a70256ce4a712,Codex (GPT-6),AI_assisted,2026-09-08,false
86000435450,unclear,abstract,,Caseworker sample without country.,false,false,,,,21b2a6a9eecdfb321a968a1de77a416480451bd7b3de0d94e89e893436ef9a2d,Codex (GPT-6),AI_assisted,2026-09-08,false
105000131600,non_us,abstract,Japan's upper house,Japanese bicameral-representation context.,false,false,,,,6e0585caaded2f7ee91cb544aaee038f7b098cc563e743eedb1258db51195e69,Codex (GPT-6),AI_assisted,2026-09-08,false
105000519465,non_us,abstract,LGBT+ people in Mosul Iraq,Local conflict and LGBT tolerance experiment in Iraq.,false,false,,,,8e63ca122db2f8410e3b388517b79c2f0bbcfc62e4a14c5763f1f594444019d3,Codex (GPT-6),AI_assisted,2026-09-08,false
105001077495,us_explicit,abstract,Americans on the political right,Experimental results directly attributed to Americans.,false,false,,,,0db9b30389d6ec223de022f7977a3e0d5c8327dde1a7740c2c5d5a9e3567692c,Codex (GPT-6),AI_assisted,2026-09-08,false
105001127398,non_us,abstract,Chinese civil servants,Study population or findings explicitly situated outside the US.,false,false,,,,f3b43b46e40a4d41f8c6d8cbb94fe7367797a5a7bdde22d5c9e3c7bd98f56a4d,Codex (GPT-6),AI_assisted,2026-09-08,false
105001820017,unclear,abstract,,Americans in title only; sample country unstated in abstract.,false,true,"Can Americans’ trust in local news be trusted? The emergence, sources, and implications of the local news trust advantage",,,a6bc41ac5ba02f2c7572fbbca5e4eee8f6dec0a253f707737dab2f6118b4931a,Codex (GPT-6),AI_assisted,2026-09-08,false
105001850441,non_us,abstract,Using an online survey experiment in Argentina,Study population or findings explicitly situated outside the US.,false,false,,,,81eb45186f4c1e9ab80bbc0db3af7504bcbca939a92891b3d851bd158a0355ea,Codex (GPT-6),AI_assisted,2026-09-08,false
105002134171,non_us,abstract,2023 Polish parliamentary election,Study population or findings explicitly situated outside the US.,false,false,,,,28311e08c4330f608e6e096603cf51009e2a508d4220a8f390071595bff26457,Codex (GPT-6),AI_assisted,2026-09-08,false
105002152711,non_us,abstract,"survey experiment with 2,000 Danish citizens",Study population or findings explicitly situated outside the US.,false,false,,,,00e8681151d2003380b82c30e4ce8a6f47acff7713102a42951e0d133b7ecdb8,Codex (GPT-6),AI_assisted,2026-09-08,false
105002982634,non_us,abstract,nationally representative survey fielded in Turkey,Study population or findings explicitly situated outside the US.,false,false,,,,96e799f1f80f1b6788a3a9d98d7b5ea7b300231cfea9ef8c1ea0b45d7152ea51,Codex (GPT-6),AI_assisted,2026-09-08,false
105003442248,us_explicit,abstract,nationwide surveys in the USA,Also Russia.,true,false,,,,48ecbd10e09d6120634fb2396fc41a4958721241035b645a298c20f2bff8e059,Codex (GPT-6),AI_assisted,2026-09-08,false
105003759877,us_inferred,abstract,the American public,US news trust and Republican elite criticism frame experiment.,false,false,,,,cd5133cc91d29a25a099c6e270b6d1c2c3424268730789b2e391ad370cccc36f,Codex (GPT-6),AI_assisted,2026-09-08,false
105005029873,us_inferred,abstract,reducing Americans’ animosity,Longitudinal extension of US partisan-animosity interventions; sample country unstated.,false,false,,,,c1cb513923fc454e5ae0737eab54d7e1d55bc4fb7829f6568e9139bcc1cd4e88,Codex (GPT-6),AI_assisted,2026-09-08,false
105005574189,non_us,abstract,at Danish unemployment agencies,Study population or findings explicitly situated outside the US.,false,false,,,,2335050678be391bcdece6288db7ca00526058aa4b66a6d50592acd20a1c5723,Codex (GPT-6),AI_assisted,2026-09-08,false
105005597308,us_inferred,abstract,abortion policy in the United States,Dobbs and US state courts frame experiments.,false,false,,,,3c60734e5ef2faa35ce2b47537e44cda87af7186e2c6928e1bcbb31a8aabddfe,Codex (GPT-6),AI_assisted,2026-09-08,false
105005626231,unclear,abstract,,Abortion and equal pay alone do not establish US sample.,false,false,,,,cb36f772879505c6faf3e574a8299b6a7ac70511684323008ebc091d1ec1050c,Codex (GPT-6),AI_assisted,2026-09-08,false
105005805574,us_inferred,abstract,U.S. political stability,National experiment on US white nationalism and political violence.,false,false,,,,96c3b176e7f4157121a9ab18792bd576d0165fe18e082eb4dd44dc38badcc713,Codex (GPT-6),AI_assisted,2026-09-08,false
105006801172,non_us,abstract,population-representative sample of Swiss residents,Study population or findings explicitly situated outside the US.,false,false,,,,469cec81f119097169ec5fc5c747008edaf9a81b6486cde8d03fc46f616103db,Codex (GPT-6),AI_assisted,2026-09-08,false
105007228428,unclear,abstract,,Police-civilian interaction experiments without country.,false,false,,,,b17b0016191f7447dab326a501cad5b7f639e60c7d521317be6aab88ac4e0bab,Codex (GPT-6),AI_assisted,2026-09-08,false
105008067194,unclear,abstract,,random university sample without country.,false,false,,,,4e26e5a86aa5c4d6c0df86ed91db600c0360cbdc15b28bdc8052856f340b2e64,Codex (GPT-6),AI_assisted,2026-09-08,false
105008461820,unclear,abstract,,French election is treatment topic; respondent nationality or residence unstated.,false,false,,,,a468214909f3fb9377ce277bdeb9426673debc519ca11e95a2fd84e7e0029dcc,Codex (GPT-6),AI_assisted,2026-09-08,false
105008878283,us_explicit,abstract,"total n = 7,579 Americans","Abstract explicitly identifies Americans, US respondents, or a US study setting.",false,false,,,,c62195968b5aff6078ecc2284def2b08125538b8375253c0beb4569dd6901d23,Codex (GPT-6),AI_assisted,2026-09-08,false
105009206681,non_us,abstract,"In Japan, the gender gap",Japanese college admissions context.,false,false,,,,64f182a50e03d43110cf6a5c761f2c3c0deb3c853fc850a18700db06db0d3919,Codex (GPT-6),AI_assisted,2026-09-08,false
105009501936,non_us,abstract,over 7000 elected local politicians in Japan,Study population or findings explicitly situated outside the US.,false,false,,,,897c6d8fb0df789ea5f9ca0b27d1c7458c77d1ebddff6e1714aae4053eff5bd2,Codex (GPT-6),AI_assisted,2026-09-08,false
105010226878,non_us,abstract,Using a survey experiment in Thailand,Study population or findings explicitly situated outside the US.,false,false,,,,c79da0c8d4afb35aefe1a79b864d88e212f2155a9594f4ab23c0922f6d1d2b28,Codex (GPT-6),AI_assisted,2026-09-08,false
105010461822,non_us,abstract,"In Accra and Tamale, Ghana, 197 adults were recruited",Study population or findings explicitly situated outside the US.,false,false,,,,194b1bd22eb5be05556d3672952db807cffdd7a9b1b32807b3cc9406aba8bb21,Codex (GPT-6),AI_assisted,2026-09-08,false
105010591172,non_us,abstract,"2,212 Danish employment insurance recipients",Study population or findings explicitly situated outside the US.,false,false,,,,61fe43db0523dd16330c6db77ab7d2c254694c4fcc092bb391d73122829ed125,Codex (GPT-6),AI_assisted,2026-09-08,false
105011988550,non_us,abstract,this study explores Tajik people’s beliefs,Study population or findings explicitly situated outside the US.,false,false,,,,c15626a805b125968ce76b7656ae70a8c8240e425c3cf78b571fa3c7a317737e,Codex (GPT-6),AI_assisted,2026-09-08,false
105012258249,us_inferred,abstract,Republicans believed fraudulent votes,2020/2024 elections and US party system.,false,false,,,,dbb98591d9f27c55be7f9912ab4a33b8b3131bfd45d77ecf7de45b684330ae7c,Codex (GPT-6),AI_assisted,2026-09-08,false
105012359420,us_explicit,abstract,survey experiments implemented in the United States and Egypt,"Abstract explicitly identifies Americans, US respondents, or a US study setting.",true,false,,,,d410767622e984848229b0ee8cf27ee68717b1ffc15a966cb71eca59b0253009,Codex (GPT-6),AI_assisted,2026-09-08,false
105012597345,us_explicit,abstract,representative samples from Japan and the United States,"Abstract explicitly identifies Americans, US respondents, or a US study setting.",true,false,,,,5b7c681fab21ab16eed6ff171039c5f728c31effc557230186141bdca3489f2e,Codex (GPT-6),AI_assisted,2026-09-08,false
105013200123,us_inferred,abstract,field experiments conducted in Mississippi and Florida,Survey replications of US voter turnout experiments; survey sample country unstated.,false,false,,,,361581f5d803bb5a531a4b234416e1626e654ca79244afb48cdbff3ac0ecc898,Codex (GPT-6),AI_assisted,2026-09-08,false
105014746447,us_explicit,abstract,whether Americans are more supportive of immigration,"Abstract explicitly identifies Americans, US respondents, or a US study setting.",false,false,,,,2c0e8bf36a8b5a078e98fa379f1244e4aa0ca783881905427d79ee9312794175,Codex (GPT-6),AI_assisted,2026-09-08,false
105014927185,non_us,abstract,Austrian National Election Study,Austrian voter panel including experimental modules.,false,false,,,,66681ad34051c37e0298804585f4ba1cfafd411a3215b0392d58a0eb2b88e1d1,Codex (GPT-6),AI_assisted,2026-09-08,false
105018032059,non_us,abstract,"survey experiments in Germany, Flanders, Spain, and Austria",Study population or findings explicitly situated outside the US.,false,false,,,,e66477aee04caca26ef9e691e8c36c04d87a6b2a81c40e999e09bcd2eb83c969,Codex (GPT-6),AI_assisted,2026-09-08,false
105018624506,us_explicit,abstract,priming Americans to think about inflation,"Abstract explicitly identifies Americans, US respondents, or a US study setting.",false,false,,,,19d71c4ae101774347dd7d561d7dc93ec1c311fea3f8b1e7d2289a03f38f2b2b,Codex (GPT-6),AI_assisted,2026-09-08,false
105019345621,non_us,abstract,658 Ghanaians participated,Study population or findings explicitly situated outside the US.,false,false,,,,0e06d0f9327efbf9fc2eb8290cb5f0a2a1c81a6651cb0c5b171fc71a0c078ee8,Codex (GPT-6),AI_assisted,2026-09-08,false
105019779764,unclear,abstract,,Budget cuts experiment without sample country.,false,false,,,,6e447fcdc50c903d40a74cc1da49c57c973f14f1bd90893030aefd242f9d1fc4,Codex (GPT-6),AI_assisted,2026-09-08,false
105021366057,non_us,abstract,we conducted a vignette experiment in Japan,Study population or findings explicitly situated outside the US.,false,false,,,,9fc7acaca2a65a7c802451df422ffd51697ebb9115b0a06f267bbf8fa9772b54,Codex (GPT-6),AI_assisted,2026-09-08,false
105024217606,non_us,abstract,"survey in Mosul and Basra, Iraq",Study population or findings explicitly situated outside the US.,false,false,,,,8924563cb340baad25ace1edb0245e0ae81ec886d3142bd9c6d4fc97ef8d9d07,Codex (GPT-6),AI_assisted,2026-09-08,false
105024555682,non_us,abstract,sample of 2000 Danish citizens,Study population or findings explicitly situated outside the US.,false,false,,,,b764e3d8c7ac9ec394fa41cb4ecd8b0e0d9930fb154e94e21a2538a493481129,Codex (GPT-6),AI_assisted,2026-09-08,false
105025108627,non_us,abstract,survey experiment in Slovakia and Finland,Study population or findings explicitly situated outside the US.,false,false,,,,6d657f7a0243ca5fb5035d9ed4f2f3f67b48392b69f939cf6ffee1156a107022,Codex (GPT-6),AI_assisted,2026-09-08,false
105025248279,non_us,abstract,survey experiment with Polish citizens,Study population or findings explicitly situated outside the US.,false,false,,,,21cb87299ebede715d38cd8eeb96d04e5eedad538ca8490b988878b686c51c43,Codex (GPT-6),AI_assisted,2026-09-08,false
105026243740,non_us,abstract,surveys and survey experiments in Ukraine,Study population or findings explicitly situated outside the US.,false,false,,,,5124d07ca9e40a4a1c493aa6d0cc15f1347d0f0dfe396bf106b4736d9ba68ce7,Codex (GPT-6),AI_assisted,2026-09-08,false
105027159077,us_explicit,abstract,US American and Polish respondents,"Abstract explicitly identifies Americans, US respondents, or a US study setting.",true,false,,,,51586b8c6139861aaf926be325bce2318189a876035d4c8299ecde4bc54c700c,Codex (GPT-6),AI_assisted,2026-09-08,false
105027197362,non_us,abstract,two-wave survey experiment in Germany,Study population or findings explicitly situated outside the US.,false,false,,,,a63c28fe43fb5099005845beb4a3bb8ddfa46461f14cc19c7b47c7f7824950a6,Codex (GPT-6),AI_assisted,2026-09-08,false
105027329225,us_explicit,abstract,"respondents in the United States, the United Kingdom, Germany, France, and Italy","Abstract explicitly identifies Americans, US respondents, or a US study setting.",true,false,,,,39c02a65d4e4006fbe71ba9136865b713081b7f560598989ce9182df749ed32f,Codex (GPT-6),AI_assisted,2026-09-08,false
105029190749,us_inferred,abstract,US federal rulemaking,Experiments in US notice-and-comment regulatory context; sampling location unstated.,false,false,,,,fba4ef46d60f7ba3c5c3b2368430b6fc9100c6e8f1727888c5ca03da9e8b5e23,Codex (GPT-6),AI_assisted,2026-09-08,false
105029946035,us_explicit,abstract,on a diverse sample of Americans,"Abstract explicitly identifies Americans, US respondents, or a US study setting.",false,false,,,,b4a9bfd1a36fcd80d0b31991637ac8cc0f553a72c433f54daf624c2bd60a3fb2,Codex (GPT-6),AI_assisted,2026-09-08,false
105029985491,non_us,abstract,representative samples in Poland,Study population or findings explicitly situated outside the US.,false,false,,,,5c91f8a98a2d92f89e128f0c79b5768c271a0e1ff553853475bfc5d967ad2dbb,Codex (GPT-6),AI_assisted,2026-09-08,false
105030588739,us_explicit,abstract,when Asian Americans are asked,"Abstract explicitly identifies Americans, US respondents, or a US study setting.",false,false,,,,02b18665346582ed9852df148e763e0db55dcf979d41630167a195261f9d4eb4,Codex (GPT-6),AI_assisted,2026-09-08,false
105033260134,us_explicit,abstract,representative sample of the U.S. population,"Abstract explicitly identifies Americans, US respondents, or a US study setting.",false,false,,,,d4cc221ec177001ebf760119daaa98392fec330c88117aabfae8d36d09feb289,Codex (GPT-6),AI_assisted,2026-09-08,false
105034645576,non_us,abstract,original surveys in Norway,Also Switzerland.,false,false,,,,cece8a7c170333f7f63cf9903ac88f73620bda7982587e34d32431678211965b,Codex (GPT-6),AI_assisted,2026-09-08,false
105035324372,non_us,abstract,"Argentina, Turkey, and Russia",China is lender; samples in recipient countries.,false,false,,,,7860c617a0f1768f391c6c47080883cab70b45a1935618aa5e65abe140f0fb5b,Codex (GPT-6),AI_assisted,2026-09-08,false
105037769935,non_us,abstract,nationally representative sample of the Swiss adult population,Study population or findings explicitly situated outside the US.,false,false,,,,f98a0e1b4e850009ab80eebad4d28e9660bf69dd9dbe2f2ad1075d5d3804f13d,Codex (GPT-6),AI_assisted,2026-09-08,false
105038900974,us_explicit,abstract,We implement survey experiments in the United States,"Abstract explicitly identifies Americans, US respondents, or a US study setting.",false,false,,,,fdc6ac31104df4b10535b1b113865ae8ec9e7d1a87923c8a4f093b5c52cd4330,Codex (GPT-6),AI_assisted,2026-09-08,false
105039204587,non_us,abstract,population-representative survey experiments in Switzerland,Study population or findings explicitly situated outside the US.,false,false,,,,2c55287c06b1eb361c5b0f1bcbf4efb98d9185df8d8054849e4b9ebc259b0218,Codex (GPT-6),AI_assisted,2026-09-08,false
105039827469,us_explicit,abstract,representative panel of U.S. respondents,"Abstract explicitly identifies Americans, US respondents, or a US study setting.",false,false,,,,2083115f5702113f9dddb4ed20cab18fd083117b08f098940ba85b7be05575ca,Codex (GPT-6),AI_assisted,2026-09-08,false
105040241040,unclear,abstract,,Citizen sample and congenial party messages without country.,false,false,,,,23a8cf972e7cbde6cc7580ead42823bcd3fffcba5a69d8384c6ae252bc104688,Codex (GPT-6),AI_assisted,2026-09-08,false
105040509962,unclear,abstract,,Local election experiment without country-specific context.,false,false,,,,ff9f0ba9ce57d296fa8a8cc6eb8d38b69e3f186af66f50998080aa7dac6a342d,Codex (GPT-6),AI_assisted,2026-09-08,false
105041965396,non_us,abstract,We evaluate this concern in Hungary,Hungarian Pride law and named local opposition leaders.,false,false,,,,515599abf0cb4e40c442c5c7e4923080095a34f07267af9451390146a6ec7baf,Codex (GPT-6),AI_assisted,2026-09-08,false
105042398599,non_us,abstract,survey experiment we fielded in Japan,Study population or findings explicitly situated outside the US.,false,false,,,,2abf418600f795c51a279e2ef163e43c78af77f87cd96d4ff079c50cf8a68c08,Codex (GPT-6),AI_assisted,2026-09-08,false
105042428497,unclear,abstract,,Novel virus vignette experiments without sample country.,false,false,,,,49688cb1582e7291415a097ccb17f1651e44ed11cbfa4969231e55266ee5857b,Codex (GPT-6),AI_assisted,2026-09-08,false
105042603565,us_inferred,abstract,contra the will of Congress,Congressional constraints and executive orders imply US setting.,false,false,,,,1002cd93996c6de208f244cf2d8ae7e91078752747444e8b4fe5ec7816336af1,Codex (GPT-6),AI_assisted,2026-09-08,false
105043412577,non_us,abstract,population in rural Bangladesh,Study population or findings explicitly situated outside the US.,false,false,,,,25f30e826d2d1c01c7d4415a2735aefe37a1443f8f989291b6b39d51c3f1e32a,Codex (GPT-6),AI_assisted,2026-09-08,false
105043534448,us_explicit,abstract,"two higher-income (the United States, Germany)",Also Brazil and Vietnam.,true,false,,,,0132d7c80b729cdcb3d089b5286763d830a8b0fd5cccae2d172697dbfd52bfe9,Codex (GPT-6),AI_assisted,2026-09-08,false
105044369270,us_explicit,abstract,survey experiments in the USA,Archival experimental data; does not establish ownership or new data collection.,false,false,,,,3dc5fc6b0883d7468fbafd2c66bca663b471ad41cbeac6986df9b61dba4b4450,Codex (GPT-6),AI_assisted,2026-09-08,false
105046162689,non_us,abstract,China's waste-sorting policy,Chinese public-policy context; sampling location unstated.,false,false,,,,8cec919763400213b94dffd3aeeda86cd56407ff78516e1465113aed778ddb08,Codex (GPT-6),AI_assisted,2026-09-08,false
105048098704,non_us,abstract,British respondents,Study population or findings explicitly situated outside the US.,false,false,,,,c427d69ed83b538bf6ef3d184369614740a8aa929583d74e45c70369d0389173,Codex (GPT-6),AI_assisted,2026-09-08,false
