authid,name,orcid,name_source_scopus_id
6503848466,Lovatt F.,,85064079071
6503853641,Rowling C.M.,0000-0002-5791-6613,85130930099
6503862791,Ijpma F.F.A.,,105012935442
6503957547,Lingnau V.,,85154575564
6503959466,Orthwein J.,,78650087695
6503968082,Alarifi M.,0000-0002-8269-2367,105041448429
6504003238,Trappmann M.,,85168088349
6504021970,Stoerk T.,,84924221338
6504038764,Heruti I.,,80955136594
6504039959,Slapin J.,0000-0002-6237-2868,105038382881
6504054126,Bytzek E.,0000-0002-8510-206X,85144956495
6504062437,Walrave M.,,85027420513
6504116289,Peay H.,,84902186245
6504146915,Strömbäck J.,0000-0001-7392-9791,105039637371
6504180121,Qiuxia W.,,84884198040
6504243751,Wedeking J.,0000-0002-3438-225X,105016166477
6504309371,Bogos B.,,84905969902
6504397587,Gouwens N.W.,,85082815928
6504402383,Brabers A.E.M.,,85088676018
6504434791,Matarazzo O.,,85122081765
6504448777,Tavakolian J.D.,,105012935442
6504459459,Sulitzeanu-Kenan R.,,85205897280
6504511608,Pakalniškienė V.,0000-0002-8042-2910,105031824184
6504566147,Abouharb M.R.,,105035719746
6504589688,Rodríguez-Arias D.,,85205771824
6504591571,Spirling A.,,84857236813
6504607017,Loizides N.,0000-0002-0327-4643,85132859647
6504610641,Harfst P.,,85150968807
6504645781,Weijters B.,0000-0002-8590-0088,85120410059
6504647839,Decuypere A.,,85214704822
6504673437,Imdorf C.,,85087371588
6504713225,Barigozzi F.,0000-0002-4071-5161,105019094345
6504717695,Nahari G.,,85064149443
6504784320,Betancor V.,0000-0001-5663-9055,85113793445
6504799526,Elena Medina-Mora M.,,85084521601
6505477789,Vanpaemel W.,,85064149443
6505489090,Marler S.,,85030317816
6505539477,Mattinen L.,,85124773382
6505541028,Jurado-Guerrero T.,,85089502197
6505763978,Gerster A.,,85077148678
6505764222,Evans D.G.,,105046637828
6505777923,Franchino F.,,85063158201
6505784593,Bernardes S.F.,,85162889653
6505784617,Torcal M.,0000-0002-0060-1522,85198858118
6505791820,Zouridis S.,,85173923907
6505792950,Brader T.,,85079376382
6505802379,Hoerl C.,,85081291207
6505804802,Ponnet K.,0000-0002-6911-7632,105032532691
6505807414,Bulling A.,0000-0001-6317-7303,85193254362
6505807840,van Anders S.M.,,85013670616
6505811940,Brighton H.,,84928920386
6505815274,Werrij M.,,78649608763
6505835155,Prinzie P.,0000-0003-3441-7157,105049008875
6505843046,Matera D.,,84875243382
6505846340,Sellnow T.L.,,84890056315
6505868314,Dolnicar S.,,105038796493
6505869891,Grabner-Kräuter S.,,84929252904
6505870464,Kadivar H.,,84906994329
6505880640,Rockloff M.J.,,85126683962
6505880934,Flykt A.,,85183048904
6505883328,Massett H.,,79953841969
6505902304,Stenstrom D.,,85087411027
6505910383,Tomz M.,0000-0002-0453-024X,105018760904
6505912362,St-Amour P.,,105048604572
6505914903,Marette S.,,77953487320
6505942728,Zamarro G.,0000-0002-3893-7523,85146041280
6505943995,Cassino D.,,77649214051
6505952696,Manzano García G.,0000-0003-4546-0513,85102308344
6505957239,Flavián C.,0000-0001-7118-9013,85115049582
6505959671,Smythe I.,,77954410975
6505964653,Gronke P.,,85084977757
6505965129,Tentori K.,,85050639442
6505965176,Sheringham J.,,85104620647
6505972415,Kummervold P.E.,,84894768898
6506008801,Pullig C.,,85086906996
6506018677,Kuusisto H.,,85199373363
6506029556,Knoll N.,,84983778266
6506032700,Boeckelman K.,,85071849197
6506033030,Aardal B.,,85101368479
6506034661,Chantler T.,,85133865161
6506037678,Moyano-Díaz E.,0000-0003-2433-9271,85136176787
6506070961,Mageau G.A.,,85070736573
6506090416,Nijstad B.,,105003936982
6506133639,Ayede A.I.,,85067129058
6506138853,van Swol L.M.,0000-0002-2484-748X,105030283088
6506153820,Zagalo C.,,85148353191
6506165520,Lewinsohn-Zamir D.,,84970021918
6506166520,Alperstein N.,0000-0003-3906-3474,85136089056
6506186141,Musto M.,,80054794799
6506188357,Beutell N.J.,,85086908064
6506194765,Trawalter S.,,85037698515
6506205495,van Kleef G.A.,,105034183699
6506208475,McAleer P.,,84905920842
6506216106,Eifler S.,,85136695741
6506217442,Lopoo L.,0000-0003-2675-4962,85167336441
6506217789,Bekelman J.E.,,105011879767
6506220577,Mespoulet M.,,84982851871
6506222997,Tuunainen V.K.,,105041455414
6506223338,Piquero N.,,77956070111
6506238671,Gouliquer L.,,105037052423
6506245937,Stocklmayer S.,0000-0002-2363-1345,105040392937
6506256777,Ruthig J.C.,,85094167956
6506262757,Amirkhanyan A.A.,,85145684182
6506265295,Wampler B.,0000-0001-8338-8095,85175422942
6506266920,Sade O.,0000-0002-2651-1007,105004994941
6506268654,Tumuluru R.,,85030317816
6506273541,Bruzzese J.M.,,84872173752
6506276662,Vase L.,0000-0002-0379-2256,85182501125
6506299096,Kreyenfeld M.,,105015194773
6506305282,Ortner C.N.M.,0000-0002-2250-3608,85160045248
6506309293,Ruva C.,0000-0001-8911-786X,85108822591
6506310989,Collins C.,,84928403676
6506312265,Schmeelk-Cone K.,,85062658754
6506313950,Velthuijsen H.,,85178190396
6506366863,Mockabee S.T.,,85069221239
6506373454,Buijzen M.,,105028017881
6506375580,Vringer K.,0000-0003-4575-1775,105033985432
6506381190,García-Albacete G.,,85153601137
6506385442,Vavreck L.,0000-0003-4582-7960,105009530392
6506393509,Dégremont L.,,85049318932
6506394349,Segrist D.J.,,85059301804
6506394702,Smithpeter M.,,79959287525
6506399893,Kwortnik R.J.,,85013469498
6506412868,Bartholomae S.,0000-0001-5779-6239,85059587282
6506424926,Sánchez-Ferrer L.,0000-0002-4727-0804,85205939738
6506426641,Yackee S.W.,,105004666144
6506429297,Cramon D.,,84861569619
6506429707,Legood R.,,105046637828
6506434525,Kulygina M.,,85084521601
6506438236,Bliesener T.,0000-0002-8696-338X,105026494277
6506445759,Schildcrout J.S.,0000-0003-2276-2551,85053701626
6506462990,Knobe J.,,84951189777
6506467966,DeHart-Davis L.,0000-0001-9406-3851,85046755053
6506488889,Stasio M.J.,,105029378857
6506502222,Ditman T.,,77549086343
6506510374,Janeiro V.,,85156219887
6506514689,Togeby L.,,79959301476
6506520658,Geistfeld L.,,84911957828
6506524593,Epstude K.,,105022694840
6506538663,Ferree K.E.,,105032843624
6506544165,Gwebu K.L.,,85120655057
6506544927,Otondo R.F.,,85042398288
6506550455,Terrance C.,,85021979578
6506553717,Shafritz A.B.,,105012935442
6506556076,Blaydes L.,0000-0002-3422-071X,85180204009
6506563137,Chantala K.,,77955460063
6506566027,Wielhouwer J.L.,,105005377017
6506575232,Wyble B.,,85146994265
6506605530,Lopresto C.T.,,77953598313
6506624643,Verhagen T.,,85071495181
6506626599,Hobman E.V.,,85007339908
6506664051,Tozan Y.,,85070899643
6506674965,Polikoff L.,,85134493142
6506680755,Ballart X.,,85188795319
6506685612,Bloemers F.W.,,105012935442
6506686976,Suffredini E.,0000-0001-7605-0539,85136340359
6506688421,Hiscox M.J.,,77952421759
6506693387,DeSilva G.,,105012935442
6506712323,Polverari A.,,84910069085
6506715804,Bliemer M.C.J.,,105022440877
6506718378,Midtbø T.,0000-0001-6904-0260,105042526917
6506723970,Varakin D.,,77952861020
6506764099,Krakower D.S.,,85150648929
6506786136,Helmig B.,,85162976989
6506789846,Djupe P.A.,0000-0001-6944-429X,85199470820
6506793350,Van Aelst P.,0000-0002-2548-0309,85115173163
6506805639,Muratbekova-Touron M.,0000-0003-0366-258X,85110520492
6506806340,Lippert-Rasmussen K.,0000-0003-0950-0215,85180210862
6506813830,Zohlnhöfer R.,,85038391565
6506833394,Doel P.,,85126624477
6506837974,Halberda J.,,85084409884
6506856864,Baxamusa T.,,85150751341
6506857788,Bliuc A.M.,,85071936113
6506859557,Rovira T.,0000-0003-1317-1282,85079037666
6506865108,Van Bavel R.,,84908049616
6506915028,Palacios W.R.,0000-0002-4926-4088,85138407074
6506917465,Soberman D.,,85126256655
6506938260,Armingeon K.,0000-0003-4186-3155,85213043524
6506941820,Nancollas M.P.,,105012935442
6506961885,Mangurian C.,,85134512380
6506999189,Elmendorf C.S.,,85174000856
6506999505,Jirásek I.,,85050541810
6507006777,Vansweevelt T.,,85215629624
6507017287,Babul-Hirji R.,,85123307033
6507030977,Bettinger E.P.,,84865352111
6507031044,Ceccato V.,,85190438856
6507039971,Hönnige C.,0000-0001-7596-4363,85116854412
6507043128,McCright A.M.,0000-0001-6251-5251,105004829427
6507055185,Settles I.H.,0000-0001-5015-7231,85189804981
6507058640,Dechter A.,0000-0002-1681-4733,85126184203
6507061681,Bosnyak D.,,85105453766
6507062428,Puranam P.,,85173054120
6507078540,Milhausen R.,,85065256275
6507081724,Jerit J.,0000-0002-7982-9959,85212790320
6507091201,Persuh M.,,84864249950
6507099680,Inzlicht M.,,84929055454
6507100917,Magenheim E.B.,0000-0002-2219-7065,85119409532
6507104295,Meinke S.R.,0000-0002-5354-7013,85209182554
6507129282,Meyer-Sahling J.H.,,85190479468
6507131911,Eppink F.V.,,84994037008
6507143434,Bloemraad I.,0000-0001-7167-2582,105005605769
6507148162,Cinner J.E.,,105037401011
6507151299,Austermann J.E.,0000-0002-6338-0069,105011302164
6507160469,Dwiyahreni A.A.,,105007002458
6507164896,Quercia N.,,85123307033
6507171636,Vallée-Tourangeau G.,,84930805371
6507172151,Nerini A.,,85140740474
6507175225,Urbach T.P.,,84862234183
6507182815,Polatsch D.,,85150751341
6507183547,Goedhuys M.,0000-0003-4222-2106,105029240991
6507196860,Cytrynbaum C.,,85123307033
6507200086,Shipworth D.,,85092060139
6507213300,Rumball K.M.,,105012935442
6507218210,Vranken L.,,85102151641
6507236920,Leiserowitz A.,,105029518936
6507245660,Kmec J.A.,0000-0002-5345-0553,105012630617
6507246484,Luna-Reyes L.F.,,85120815262
6507259939,Albornoz F.,,85206875956
6507262881,Isokoski P.,,85199998314
6507267802,Rettinger D.,,75649088099
6507270952,Jamil I.,,85121538764
6507290704,Stoebenau K.,,85062803942
6507303347,Spraakman G.,,84957945528
6507304363,Basedau M.,0000-0002-0409-2665,105040035709
6507306187,Torres-Ruiz F.J.,,86000634662
6507317611,Mundry R.,,85069940074
6507325950,Petzina R.,,105001107075
6507331707,Lanzkron S.,,85041003403
6507345413,Siebelink B.M.,,85083631943
6507347718,Gutheil C.,,84977090447
6507348904,Lothridge K.,,85171295847
6507358541,Rhodebeck L.,,84986617489
6507365939,Cabassa L.J.,,84882893419
6507366904,Kronberger N.,,85046125338
6507368077,Noordegraaf M.,,85085868733
6507375556,Christopher Cohrs J.,,85194087797
6507377602,Pastina M.,,84860418081
6507379819,Lagnado D.A.,,85081291207
6507399574,Mikels J.A.,0000-0002-2679-4393,85112125192
6507427139,Diep L.M.,,84961190121
6507446350,Kaplanoglou G.,,84925358862
6507454665,Huntjens R.J.C.,,85064149443
6507462031,Deckman M.,0000-0002-5725-8681,85128381919
6507470507,Irz X.,,85042211239
6507474146,Guisinger A.,,85198952844
6507482369,Ossokina I.V.,,85116051886
6507488952,Glovinsky I.,,105009876071
6507490068,Schleiter P.,0000-0002-1150-0954,85159817834
6507490629,Baguley T.,0000-0002-0477-2492,85132367551
6507496747,Langstieh B.,0000-0002-9232-6694,84941773973
6507498753,Van Eerten P.,,105012935442
6507519353,Scheiter K.,,85065960094
6507527295,Capezza N.M.,,85042405148
6507529361,Janyan A.,,85218185895
6507541203,Graeff P.,,85081260508
6507544050,Kahlbaugh P.,,85042227597
6507565235,Kinne B.J.,0000-0002-4488-6662,105029516576
6507567782,Ravarotto L.,,84856350658
6507568229,Morgan-Jones E.,,85132859647
6507576322,Siemer W.F.,,85180249412
6507596114,De Swert K.,,85048610997
6507599307,Faia E.,,85194423611
6507601724,Kessels U.,0000-0002-1764-9442,85164741684
6507614128,Setzler M.,0000-0002-6387-1466,85216620221
6507617105,Dupriez F.,,105025850938
6507634068,Braucher J.,,84870322491
6507635279,Curley B.,0000-0002-7095-5537,85105079678
6507639810,van der Klaauw W.,,85185602459
6507640807,Nicholson-Crotty J.,,85153350971
6507643209,Lavrakas P.J.,,105042563243
6507643766,Canevello A.,0000-0001-7723-5770,85137191359
6507659714,Castelhano M.S.,,84925710432
6507663585,Savadori L.,,85050639442
6507680992,Kray J.,,85058443394
6507697849,Kotzian P.,,85037607239
6507701077,Kimani E.N.,,85183747023
6507701240,Koenig-Archibugi M.,0000-0003-4637-9477,85131762118
6507704058,Citrin J.,,85053875657
6507704884,Jakobsson N.,,85001130097
6507705607,Souchay C.,,84878947726
6507706279,Loedel P.,,85013354766
6507717433,Rapanos V.T.,,84925358862
6507718046,Ssewamala F.M.,0000-0002-4849-5650,85070899643
6507728608,Schoebi D.,0000-0003-3991-2712,85125772832
6507729014,McKimmie B.M.,0000-0002-2750-6111,85041601239
6507755868,Abowitz D.A.,,75649102859
6507757344,Kirke A.B.,,105018398247
6507779856,Gummadi K.P.,,85075073807
6507782071,Bisconti T.L.,,85075456322
6507801935,Wolaver A.,0000-0002-0905-9397,85077077802
6507809976,Carpini M.X.D.,,80052246931
6507813524,Hammert W.C.,,105012935442
6507836740,Vervloed M.,,84855222670
6507838639,Parnes N.P.,,105012935442
6507847274,Burgoon B.,,105045370981
6507877246,Bruton S.V.,,85053244201
6507879590,Minbaeva D.,,85058987092
6507883275,Ballini C.,,84941973000
6507915718,Ridout T.N.,,84923924266
6507944680,Sabesan V.J.,,85150751341
6507951854,Brigman S.,,85095857107
6507956037,Segatti P.,0000-0003-1505-2519,85033703721
6507961505,Veling H.,,105019064673
6507962992,Honigfeld L.,,85028981241
6507965070,Jaušovec K.,,84890826344
6507971953,DeBell M.,0000-0002-1126-1586,85193706647
6507981039,Jannot A.S.,,84979781456
6507982433,Fennis B.M.,,105022694840
6507993459,Bellmore A.,,85074996965
6508006616,Dockry M.J.,,85104966575
6508026665,Gentzkow M.,,85150414412
6508039471,Goemans H.,,105026885708
6508040241,Enosh G.,0000-0003-3663-0496,85087620957
6508044058,Nässén J.,,85211027858
6508047023,Muthitacharoen A.,0000-0003-3891-5428,85192090135
6508050225,Rothgerber H.,,84899583287
6508051453,Gutchess A.,,85103132055
6508056009,Riyanto Y.,,85045615462
6508058220,Unah I.,0000-0002-7510-5814,85219724477
6508068712,Vanhuysse P.,,85030152265
6508077795,Sirghi D.L.,,85166440803
6508112755,Hicken A.,0000-0002-3995-953X,85183542861
6508114747,Siakaluk P.D.,,85142121999
6508131110,Marlow L.A.V.,,85087616692
6508137521,Wehkamp K.,,105001107075
6508143157,Mammarella I.,,77955443489
6508147786,Froud K.,,85194020938
6508152143,Coenders M.,,84994613652
6508167439,Levy Yeyati E.,,85077870896
6508174891,Wit E.,,84944145668
6508177597,Tasso A.,,105034954403
6508187138,Caskie G.I.L.,0000-0003-2366-7695,85188180691
6508189028,Morning A.,,85073523455
6508189888,Shlay A.B.,,70449093751
6508208024,Mendelberg T.,0000-0002-4494-7541,105022777443
6508220000,Wollebæk D.,,85020815944
6508229749,Fazal T.M.,0000-0003-3314-5815,105004581160
6508236245,Chie B.T.,,105035361015
6508237340,Canto J.M.,0000-0001-8139-0896,85083277227
6508243528,Sorens J.,,85135277158
6508256410,Julion W.A.,,85111481317
6508259424,Hadjichristidis C.,,105002667608
6508263157,Pop-Eleches G.,0000-0003-3570-6233,85178200337
6508266176,Carrero G.,,85195977275
6508272518,Benbaji Y.,,84950111310
6508273756,Canache D.,,85120550900
6508296287,Armantier O.,,85185602459
6508301406,Galariotis E.,,85098725919
6508320762,Badida M.,,85128749251
6508323655,Terum L.,,85015026292
6508326541,De Verdalle L.,,84982851871
6508329465,Gwiasda G.W.,,77950941472
6508336173,Mehlkop G.,0000-0003-3095-6188,105039779372
6508337114,Tadlock B.L.,,85040805854
6508345773,Konrath S.H.,,79952659541
6508352468,Saguy A.C.,,84899913089
6508363434,Ruhs M.,0000-0001-6376-2414,105034682425
6508370293,Galuppi B.,,85103442864
6508372984,Dechurch L.A.,,85097015205
6508382500,Winett L.B.,,85113135382
6508384425,Elkins Z.,0000-0002-7932-773X,85116829890
6508388329,De Brauw A.,0000-0002-5045-8939,85143834127
6508390351,Serber E.R.,,77649180734
6601918332,Streb J.,,85095937109
6601924137,Sniderman P.M.,,85182896373
6601949049,Fjell A.M.,,85112410054
6601953528,Mouazen A.M.,0000-0002-0354-0067,85199271305
6601955323,Reisenzein R.,0000-0002-6091-108X,105022086443
6601956224,Gastil J.,,105024003881
6601967769,Fiorito J.,0000-0003-1898-4354,85100911911
6601972298,Kittel B.,0000-0001-9799-8310,105017678126
6601977069,Kühnen U.,,85065119258
6601985595,Costelloe M.,,85058398410
6601986894,Olley B.,,84958545456
6601987187,Rakner L.,,85190415526
6601991403,Fiebach C.J.,,84960408856
6601992604,Klandermans B.,,85070721033
6601995406,Safdar S.,,85143329887
6602003102,Schnyer D.M.,,84954052445
6602072466,Kuropatkin N.,0000-0003-2511-0946,85126624477
6602074574,Warman D.,,85055420673
6602074957,Stich S.,,85088216599
6602076925,Van Boven L.,,85188564895
6602078802,Schwitzgebel E.,,85088658749
6602079224,Cherryman J.,,85074579244
6602086370,Arin K.P.,,85194821044
6602088021,Galperin H.,,85107501518
6602090638,Yashar B.M.,,84956844791
6602100286,Radomsky A.S.,0000-0003-2807-184X,85176255308
6602104017,Crepaz M.M.L.,0000-0003-3062-3009,85197902746
6602110388,Bernauer T.,,105043534448
6602110438,Staggs S.T.,0000-0002-7020-7301,105011302164
6602115689,Gohmann S.,,85143858690
6602116185,Patt A.G.,,105033842473
6602116782,Wernstedt K.,0000-0003-4448-4724,85088817409
6602116787,Ben-Gal I.,,85076509763
6602120340,Vallée-Tourangeau F.,,84930805371
6602124193,Schermer M.H.N.,,85026898144
6602124418,Meneghetti C.,,85079754149
6602124911,Sulsky L.M.,,84944706691
6602126251,Scholte J.A.,,85063328286
6602126505,Rasinski K.A.,,82255191868
6602129078,Wascher D.C.,,105012935442
6602134841,Hagger M.S.,,85020458056
6602139501,Bade S.,,84966702092
6602139967,Belopolsky A.V.,,84992409634
6602142300,Lickel B.,,85122153971
6602143678,Loken B.,,85100124958
6602146413,Hochschild J.,,85103499459
6602149669,Pile J.,,77954320771
6602150585,Vansteenkiste M.,,105049008875
6602151641,Durfee J.M.,,85115088848
6602155183,Blazar P.,,85150751341
6602156363,Bleakley A.,,84958043605
6602156375,Bazzini D.G.,,85125275698
6602156578,Chatzisarantis N.L.D.,,85020458056
6602163999,Ben-ari R.,,85017535918
6602165948,Pogarsky G.,,85099058632
6602167168,Afrin L.B.,,77649180734
6602167774,Bucy E.P.,,85143604059
6602184830,Cornacchia G.,,84875243382
6602192383,Cabrales A.,,105013090987
6602200141,Laibson D.,,84951003254
6602213082,Ginis K.A.M.,,84888405031
6602213733,Recasens L.,,84873620035
6602214882,Culpepper P.D.,0000-0001-6227-0813,105040003129
6602223380,Schwaninger A.,,78049272758
6602224225,Nieuwbeerta P.,0000-0001-5134-3175,105001068201
6602226307,Sheeler R.D.,,84978766856
6602227594,Tsafrir A.,,84885909502
6602228540,Steg L.,0000-0002-8375-9607,86000080205
6602237439,Bellani G.,,85210769305
6602237699,Overbye E.,,85015026292
6602237931,Riccucci N.M.,,84930726235
6602241000,Trueswell J.C.,,79959332464
6602242326,Wantchekon L.,,85099537007
6602243856,Lotto L.,,105034954403
6602246665,Yap O.,,84875797748
6602247197,Méon P.G.,,85185516367
6602250812,Oenema A.,,85094861671
6602253495,Galliher R.V.,0000-0003-0430-9294,85142720865
6602255046,Barbey A.K.,,79952850224
6602256518,van der Lippe T.,,85190988573
6602264026,Furler J.,,85091101136
6602274167,Fiksenbaum L.,,85053670796
6602277054,Portielje J.E.A.,,85118542681
6602277868,Madrian B.C.,,84951003254
6602281287,Schuengel C.,,85073101774
6602281748,Colombatto E.,,105002231965
6602283062,Pevehouse J.C.W.,,105032860235
6602283639,Ramberg M.,,84961190121
6602286499,Duch R.,,105023538588
6602291594,Coppedge M.,,85210917338
6602294045,Fluke J.,0000-0003-3578-2463,85126325764
6602294266,Steinmo S.,,85104447444
6602298026,Berent M.K.,,105023444230
6602298752,Herne K.,,85124773382
6602298978,Kazaura M.R.,,84973862000
6602301804,Veenstra-VanderWeele J.,,85030317816
6602306343,Haselgrove M.,,85135774271
6602316855,Girandola F.,,85077050163
6602318923,Montpetit É.,,84937251689
6602323322,Lintunen T.,,85020458056
6602326924,Wibbels E.,,105044015595
6602330678,Eisenstadt T.A.,0000-0003-3431-0819,85191745594
6602342750,Revuelta G.,,85046125338
6602343552,Kaplowitz S.A.,,84945532137
6602353571,Achterberg P.,,84904053706
6602359888,Hanoch Y.,0000-0001-9453-4588,85124811069
6602361014,Gennetian L.A.,,85216854151
6602362667,Bamberger H.B.,,105012935442
6602363790,Schambach T.P.,,84877673282
6602364598,Isernia P.,0000-0002-8396-2082,85105685379
6602365360,Mcgonagle K.A.,,85044379276
6602365934,Kiesel A.,,85161181234
6602369240,Ravizza S.M.,,85028298073
6602375694,Kaphingst K.A.,0000-0003-2668-9080,85209666658
6602378448,Fouillet H.,,85062409842
6602386277,van der Brug W.,,85075334741
6602395661,Oliva-Paterna F.J.,,84862990975
6602397918,Elffers H.,,84862219019
6602398574,Sedelmeier U.,0000-0001-6963-4296,85173494123
6602405157,Armony M.,0000-0001-5970-3753,105046244640
6602405220,Braüninger T.,0000-0003-2767-717X,85119401868
6602405457,Zopf R.,,79954425112
6602410458,d'Arripe-Longueville F.,,84936177761
6602410947,Westergren H.,,85208161938
6602416227,Kuisma J.,,84880826805
6602423646,Scholarios D.,,105009510585
6602434188,Keiser L.R.,,85137333494
6602442458,Margetts H.,0000-0003-4597-8283,86000640200
6602453537,Lubart T.,0000-0002-8776-8797,105038469790
6602454385,Hassenzahl M.,,105024885700
6602455593,Akins S.,,85158850487
6602457647,Winstok Z.,,105046217989
6602459820,Svartdal F.,,85046294101
6602469531,Lomas T.,0000-0001-9458-6185,85063863752
6602472447,van Prooijen J.W.,,85107882218
6602474186,Forestell C.,,85060990785
6602475480,Gruenewald T.L.,,84992381870
6602476349,Baeyens D.,,105004341133
6602481647,Rosenbluth F.,,85158112186
6602486398,Gauri V.,,85114105553
6602488486,Kaysen D.,,84959543274
6602492145,Bucciarelli M.,,84929277260
6602494550,Luskin R.,,79958833504
6602498748,Arriaga R.I.,0000-0002-8642-7245,105004259427
6602510308,Kuhnle S.,,85214368599
6602512550,Goodliffe J.,,85198292465
6602513602,Peffley M.,0000-0002-7841-0654,85165559230
6602515271,Golby J.,,85034439604
6602519450,McComas K.A.,,85180249412
6602522799,Kymlicka W.,,85139840386
6602526433,Koprivnikar J.,,84902533362
6602528372,Sinatra G.M.,,105040087268
6602532635,Adserà A.,0000-0001-7146-2825,105046307853
6602533817,Tallberg J.,,105022218358
6602541788,Torsvik G.,,85015026292
6602544767,DeBeer S.,,84947223717
6602552096,Van Der Linden D.,0000-0001-7098-8948,85150475648
6602554995,Bailis D.S.,,85052648835
6602562959,Bech-Larsen T.,,85198316553
6602566488,Alge B.J.,,85049963013
6602572190,Eggett D.,,84939144823
6602573913,Raymo J.M.,,85183797088
6602574842,Bellagamba F.,0000-0002-6342-3110,85192351129
6602581474,Ouellet C.,0000-0002-8642-5442,105043313228
6602585494,Welzel C.,,85018794230
6602585549,Job O.,,84877691576
6602601724,Puhl R.M.,,85038890963
6602602634,Bereby-Meyer Y.,,85014719943
6602609696,Aassve A.,0000-0002-9980-8610,105046307853
6602609742,Clozza A.,,85166440803
6602618145,Oerlemans L.,,84937707932
6602621929,Garnavos C.,,105012935442
6602622718,Plutzer E.,0000-0002-5456-7227,85216299312
6602627436,Jovicich J.,,85028707044
6602631792,Gwizdka J.,0000-0003-2273-3996,85029612266
6602633375,Dagan H.,,85129754540
6602641663,Hoddie M.,,85171589965
6602643966,Preisendörfer P.,,85084071067
6602647141,Rockenbach B.,0000-0003-2624-1964,105001860207
6602670041,Beike D.R.,,85050263387
6602671093,Corning A.,,84871916957
6602671616,Persily N.,,85176605621
6602672700,Trottier L.,,85114370534
6602675795,Matzarakis A.,,105045922287
6602676810,Hayo B.,,85185516367
6602678629,Frickel S.,,84921455919
6602681867,Haghighat R.,,84860418081
6602682833,Tir J.,0000-0001-9492-5837,85175070400
6602683528,Liossi C.,,85060983874
6602689650,Tuschen-Caffier B.,,85131763281
6602689838,van Ryn M.,,84903310507
6602698051,Bonoli G.,0000-0002-2832-0984,85212286208
6602698815,Tyllianakis M.,,105012935442
6602698835,Doosje B.,,85187449895
6602700252,Lemyre L.,,84877878010
6602700910,Peoples C.D.,0000-0002-0256-434X,105044617291
6602703767,Serin R.,,84928398485
6602706190,Lina J.M.,,85165561626
6602707505,Morss R.E.,,85042088071
6602712238,Pontusson J.,,85124501942
6602713172,van Dulmen S.,,85072755694
6602713284,Marletta L.,,85103002076
6602714670,Leighley J.,,85213358307
6602714831,Benabdelmouna A.,,85049318932
6602720842,Henig J.R.,,85161300315
6602724058,Clay-Warner J.,0000-0001-5585-524X,85198365223
6602726060,Thurner P.W.,0000-0001-7336-9878,105027329225
6602729382,Evertsson M.,,85175430342
6602730816,Pituch K.,,85100997969
6602731804,Treich N.,,85183940490
6602735313,Strange N.,,85057284961
6602738312,Nownes A.J.,0000-0003-0858-2749,85202849264
6602743380,Haselton M.G.,,85023764653
6602746736,Png I.P.L.,,105016593587
6602753010,Spece R.,,84985864658
6602758038,Veysey B.M.,,85042616935
6602759224,Dotan Y.,,85087093352
6602759623,Lamblin N.,,84958902068
6602762014,Goethals F.,0000-0003-0045-5665,85148661109
6602764751,Jagsi R.,,85134512380
6602765882,De Coster S.,0000-0003-1889-2679,105020869610
6602768172,Singelis T.M.,,85042933726
6602768235,Tillmann P.,,85214339128
6602768917,Padavic I.,0000-0003-0646-559X,85100911911
6602769314,Pekrun R.,,84975229285
6602772925,Voeten E.,,85119473120
6602775243,Bente G.,,105029975832
6602779216,Koubi V.,,85111099207
6602779290,Grietens H.,0000-0002-8849-3430,85126325764
6602784503,Papamichail K.N.,,84979084044
6602786086,Einarsen S.,,85021200122
6602790730,Gilens M.,0000-0001-5485-6275,105021654617
6602791492,Lascher E.L.,0009-0000-8793-4591,85194380866
6602797557,Kroska A.,,85123286188
6602799764,Walbeehm E.T.,,105012935442
6602800094,De Waal M.W.M.,,85074741963
6602803644,Raufaste E.,,85195977275
6602804263,Desposato S.,,85156134798
6602805202,Hollway J.A.,,85030317816
6602807672,Luchini S.,,85120313779
6602809383,Lenhard W.,0000-0002-8184-6889,85114432179
6602810672,Berinsky A.J.,0000-0001-7827-9396,105008878283
6602814384,Borella E.,0000-0001-5481-6601,85079754149
6602814637,Solga H.,,85214796267
6602814751,Feiock R.C.,,85127125550
6602823961,Wolman H.,,84877016107
6602829063,Lishner D.,,80053342980
6602831989,Patashnik E.M.,,85127568081
6602832776,Weal M.J.,,85124286437
6602833029,Bonasoro F.,,84862305942
6602835287,Naganathan V.,,85185956655
6602835424,Kuipers S.,,105010482123
6602837437,Kalof L.,,105018928061
6602838023,Eys M.,,85069859988
6602844678,Surakka V.,,85199998314
6602849119,Verschuere B.,,85064149443
6602851785,Bordignon M.,,105042587917
6602853104,Andrilla C.,,84906994329
6602853952,Zeitzer J.M.,,105041458788
6602855233,Stecklov G.,,84962483337
6602859199,Grøholt B.,,84961190121
6602862372,Gartzke E.,,85156134798
6602864826,Martinello R.A.,,85115088848
6602867047,Poutvaara P.,0000-0003-2070-784X,105013176186
6602867472,Ashur S.,,85202823630
6602869160,Scruggs L.,,85190096620
6602871599,Gruter G.J.M.,,85108887424
6602872553,Jurafsky D.,0000-0002-6459-7745,105029946035
6602880401,Ellefson M.R.,,84925554604
6602880955,Van Beukering P.,,105043494359
6602882351,Frondel M.,0000-0003-4269-7937,105010923291
6602884718,Melbourne B.A.,,84902533362
6602884820,Repping S.,,85100359042
6602885829,Gilljam M.,,85018392116
6602885924,Dorussen H.,,85169823316
6602896542,Veldkamp B.P.,,105037802369
6602903941,Gächter S.,,79952043823
6602909086,Gurven M.,,85088216599
6602910478,Leshner G.,0000-0001-8614-9380,85195566275
6602912368,Hazelett S.,,84885756740
6602915394,Kostopoulou O.,0000-0001-9643-0838,85152864013
6602926799,Krystallis A.,,85107337857
6602931718,Boren-Alpizar A.,,85212284360
6602935272,Krahmer E.,,84922252816
6602940460,Tuset V.,,84873620035
6602942718,Ginges J.,,78651518755
6602943698,Heyndels B.,,85042588704
6602944403,Jürges H.,,84870564570
6602945886,Vigoda-Gadot E.,,105046552624
6602946442,Loschky L.,,77952861020
6602950323,Kelemen R.D.,0000-0002-0622-8036,85179917717
6602955255,Zajac L.,,80051883854
6602956196,Kuratko D.F.,,85207777618
6602965052,Spencer-Rodgers J.,,84959231696
6602965752,Ketzenberg M.,,85122265535
6602973003,Çarkoğlu A.,,105002982634
6602973662,Jones-Correa M.,,105042361625
6602977773,Burruss G.W.,0000-0002-1148-7446,105015786678
6602978609,Homel R.,,85052858745
6602980715,Aalberg T.,,84962420684
6602985171,Clarridge B.,,77950240325
6602985643,Vossler C.A.,,85026474357
6602988902,Namasivayam K.,,85086908064
6602991268,Strunk D.R.,,85161424892
6602992135,Pallesen S.,,85205081076
6602996520,Schendan H.E.,,84988005883
6602997635,Pilet J.B.,,85188966382
6603004345,Camillus J.,,84925137431
6603004669,Hansmann R.,0000-0001-8488-2669,85111640842
6603007430,Beegle K.,,85191983844
6603008447,Maredia M.K.,0000-0002-3200-532X,105046391979
6603010460,Souchon A.L.,0000-0003-0320-2006,85048079880
6603016227,Barkoukis V.,,85105602456
6603024008,Aars J.,,85074815430
6603028848,Tserpes G.,,84873739468
6603029604,Prayson M.,,105012935442
6603030334,de Vreese C.,,105019107189
6603030665,Sisti D.A.,,84925271000
6603032375,Pirpiris M.,,105012935442
6603033155,Garand J.C.,0000-0001-5754-8673,85192543255
6603036406,Lachapelle E.,0000-0002-0808-0688,85112684468
6603037138,Glomb T.M.,,105005545864
6603040905,Macklin E.A.,,85030317816
6603045072,Bimber B.,,85041600745
6603046435,Fridlund A.J.,,84874724915
6603047361,Surian L.,,105002667608
6603050427,Janeba E.,,85162261815
6603052641,Gleitman L.R.,,79959332464
6603055733,Georgellis Y.,0000-0002-7866-8014,85038873543
6603057403,Schroedel J.R.,,85125647744
6603059942,Ekroll V.,,85122629727
6603064022,Velikova G.,0000-0003-1899-5942,85216715166
6603064455,Serences J.T.,,105035377218
6603066002,Jasinskaja-Lahti I.,0000-0002-6419-5324,85089395177
6603067765,Raney G.E.,,85091366960
6603070857,Kreiner H.,,105034612665
6603071846,Sturgis P.,,105039232120
6603073291,Strough J.,,85053467772
6603078460,Raijman R.,,85185333173
6603078935,Bissett I.,,84925876634
6603080074,Kleinmann M.,,105014436444
6603080096,Feaver P.,,85034439604
6603080729,Fugelsang J.,,85054303933
6603080945,Hirschberger G.,,84964945410
6603081817,Lodewijkx H.,,84904037830
6603086900,Drieghe D.,,85197800364
6603102536,Dambrun M.,,85195977275
6603102901,Arslanian-Engoren C.,,85100997969
6603107607,Ashburn-Nardo L.,,85133509645
6603111730,Dur R.,,85107624027
6603125325,Muehlenkamp J.J.,,85147654005
6603133214,Flache A.,0000-0002-8276-8819,85202995551
6603134043,Lacourse É.,0000-0002-4779-9900,85165561626
6603137505,Sliwka D.,,84938704049
6603140186,Gély-Nargeot M.C.,,85136215225
6603143177,Czopp A.M.,,85213974010
6603143707,Megías J.L.,0000-0003-2365-3779,85200418138
6603144161,Tambone V.,,85160546701
6603149971,Vandebosch H.,0000-0001-6779-3170,105017959757
6603150896,Irlenbusch B.,,84938704049
6603155929,Snedeker J.,,79959332464
6603156767,Vallier H.,,85160036617
6603157773,Sabbagh C.,0000-0002-2730-240X,85116769492
6603160014,Knetsch J.,,85045615462
6603161570,Sanz-Menéndez L.,0000-0002-6869-8105,85064654926
6603163483,Manciola P.,,84994390930
6603166806,McGinn L.K.,,84932606263
6603173368,Dallimer M.,0000-0001-8120-3309,85116343883
6603174934,Yovel G.,0000-0003-0971-2357,85056571324
6603176622,Goodman-Delahunty J.,0000-0003-4409-0063,86000206820
6603178539,Tropp L.R.,0000-0003-0203-7846,85164490821
6603179702,Ezpeleta L.,,85084521601
6603185658,van Eeten M.J.G.,,105020936584
6603191591,Udry C.,,85191983844
6603192739,Melegaro A.,0000-0003-2221-8898,85159331946
6603195672,Gaudiano B.A.,,84959501331
6603207190,Hegtvedt K.A.,,85152255039
6603210796,Collado-Mesa F.,,85042191442
6603211270,Frihagen F.,,105012935442
6603214243,Hoorens V.,0000-0002-4855-9861,85083785799
6603214568,Beingessner D.,,105012935442
6603220192,Rafnsdóttir G.L.,0000-0003-2662-5773,85132151228
6603224629,Roose H.,0000-0003-3223-7144,85179999541
6603226866,Jeffares D.C.,,85208167219
6603226983,Gerend M.A.,,84888013564
6603228850,Schildkraut D.J.,,85041214122
6603230370,Vanman E.J.,,85171350861
6603236651,Vanberg G.,,105011071462
6603238307,Filik R.,0000-0001-9022-8364,105048031949
6603240733,Reips U.D.,0000-0002-1566-4745,105000517947
6603243901,van de Werfhorst H.G.,,85116333355
6603244606,Deldin P.J.,,85100997969
6603248215,Berejikian J.D.,,105028246602
6603248892,Vandenbroucke F.,,85128697803
6603249045,Tsfati Y.,0000-0001-7395-3257,105039637371
6603254608,Bearce D.,,84935050171
6603256174,Gerson K.,,84966938242
6603259233,Buxmann P.,,85101758860
6603259964,Teekachunhatean S.,,84951914677
6603264003,Geva N.,,85061202415
6603266995,Van Der Wurff R.,,85048610997
6603269101,Curlin F.A.,,82255191868
6603271342,Göritz A.S.,,85019942117
6603273811,Quell M.,,105012935442
6603275562,Baldy V.,,84941973000
6603287654,Lazer D.,0000-0002-7991-9110,85159352129
6603298597,Guriev S.,,105029305576
6603303861,Nakayachi K.,,85129150978
6603304927,Montinola G.R.,0000-0003-3297-7484,105012597345
6603305048,Van Dyke G.,,85013354766
6603318597,Nespor M.,,84904907338
6603321701,Wetzels P.,0009-0000-1488-0799,105046104474
6603322565,Andison D.W.,,105044416644
6603324875,Brocas I.,,85080877114
6603328004,Bäckstrand K.,,85195799765
6603332256,Aul R.,,85123307033
6603333986,Ostfeld B.M.,,85089251540
6603336784,Plaks J.E.,,85203391336
6603338167,Meares T.L.,,85010604453
6603339268,Laslier J.F.,,85150968807
6603339500,Genicot G.,,85125131841
6603345563,Torgersen H.,,85046125338
6603349293,Valentino N.A.,,85193706647
6603351105,Alicke M.D.,,85081754660
6603351828,Vescio T.K.,,85133509645
6603356129,Grote U.,0000-0002-9073-6294,85199950656
6603360788,Manwell L.,0000-0002-0528-6365,85074000133
6603364133,Strazzera E.,,84963951597
6603364599,Walhovd K.B.,,85112410054
6603364727,Ertekin E.,,85059537329
6603366646,Zaman T.,,85205594046
6603367954,Tranter B.,,85044123899
6603372206,van Laar C.,,85048372318
6603373510,Benzeval M.,,85077948545
6603374365,Consedine N.,,84925876634
6603378319,Hilbert A.,,85011977630
6603379273,McKibbin C.L.,,84901733553
6603380656,Keefer P.,,105009858168
6603383764,Bronkhorst M.W.G.A.,,105012935442
6603386933,Latner J.D.,,84959086305
6603390069,Mezzetti C.,0000-0002-6132-2623,105037676496
6603394178,Seufert S.,,105026027398
6603395174,Vatn A.,0000-0002-9092-8712,85099600880
6603395728,Grunseit A.,,85061505149
6603397388,Bicchieri C.,,105047872627
6603399834,Materstvedt L.J.,,84965056785
6603399835,Brattico E.,,85068940978
6603403580,Fawole O.I.,,85067129058
6603408557,Unni J.,,85177784624
6603409166,Ansolabehere S.,,85069741801
6603409485,Sahakyan L.,,78751479357
6603410852,Knotts T.L.,,105040016698
6603413435,Hallerberg M.,,85087979372
6603416225,Blom-Hansen J.,0000-0002-7148-0334,85098134714
6603417201,Torres-Gil F.,,85210748812
6603422942,Oppewal H.,,84929747725
6603424679,Bravender T.,,77649140877
6603426310,Noar S.M.,,85053446676
6603426593,Schulz-Hardt S.,,78149332092
6603435675,Tyran J.R.,,85183940490
6603436346,Louis-Sylvestre C.,,85091161513
6603437086,Peterchev A.V.,,85116972333
6603439316,Wirth O.,,85096198853
6603439987,van de Veerdonk F.L.,,105014548474
6603441559,Steenbergen M.,0000-0002-5709-5165,105017678126
6603443503,Giner-Sorolla R.,,84858244025
6603449133,Ulleberg P.,,105003271015
6603456463,Hansford T.G.,,85195301813
6603464879,Bischoff I.,,85074825621
6603467192,Rohmann A.,,85073950357
6603467952,Bott L.,,85066027821
6603471029,Sobotová L.,,85128749251
6603485631,Lemay E.P.,,85177174473
6603488908,Blüher S.,,84983778266
6603491212,Almanza B.,,85135320477
6603491874,Beersma B.,0000-0001-8705-9045,85178490180
6603497784,van Harreveld F.,,85108887424
6603499435,Guadagno R.E.,,84908031168
6603503426,Uskul A.K.,,105001852582
6603506044,Shenhav S.R.,0000-0002-8820-3579,105041671253
6603518807,Zürn M.,,85201483333
6603519070,Pinsonneault A.,,85161927637
6603543544,Proença L.,,85148353191
6603544711,Lobb E.A.,,84908356568
6603550976,Arriaga X.B.,,85042405148
6603552141,Kaschak M.P.,,85071729940
6603556364,Thabane L.,0000-0003-0355-9734,85103442864
6603557582,Lyratzopoulos G.,,85065546287
6603559510,Turgeon M.,0000-0003-0134-4027,105044141502
6603559818,DiMaggio P.,,85114047130
6603561248,Matland R.E.,,85081365977
6603563825,Bellamy S.,,85070899643
6603567230,Schwappach D.,,84929940704
6603568354,Mathios A.D.,,105040678928
6603568491,Hrywna M.,,105028268249
6603569444,Árvai J.,,85071226682
6603569863,Gleditsch K.S.,0000-0003-4149-3211,84978085703
6603575653,Hallman W.K.,,85042088071
6603582477,Ajuwon A.J.,,85054005988
6603583453,Giuliano T.A.,,85064458153
6603587508,Pottick K.J.,,85014879044
6603589015,Hooghe M.,,85215680809
6603589906,Le Pelley M.E.,,85119009680
6603590215,Datt G.,,85130859956
6603591242,Mariel P.,,85049693637
6603601441,Baccaro L.,0000-0001-6410-6179,85136198646
6603603355,Marschall S.,0000-0002-7621-6399,105002365860
6603607604,van Riet R.,,105012935442
6603608397,Levi-Faur D.,,85205897280
6603610319,Larrick R.P.,,85130239966
6603612816,Ulhøi J.P.,,85127739875
6603614481,Schonlau M.,,85194560329
6603615734,Bastin C.,0000-0002-4556-9490,105040995029
6603615888,Schickler E.,,84897075398
6603618895,Van Trijp H.C.M.,,84950326838
6603620360,Van Den Eijnden R.,,85014010934
6603620367,Wildschut T.,0000-0002-6499-5487,105036106495
6603621890,Geuens M.,,84963799609
6603622422,Saxe R.,,81355138432
6603625335,Gauquelin T.,,84941973000
6603625852,Guyll M.,,85054876553
6603627020,Wager T.D.,,84955382649
6603631549,Stasavage D.,,105032580339
6603633607,Farrer C.,,84886436497
6603635576,Lundén J.,,85139044767
6603639242,Yzer M.C.,,86000382291
6603643855,Nicholson-Crotty S.,0000-0003-2297-6939,85153350971
6603644273,Walgrave S.,0000-0003-1814-1015,105034062439
6603652157,Thibodeau R.,0000-0001-5371-8102,85133648538
6603654027,Torres-Harding S.R.,0000-0001-7009-7117,85142294859
6603654351,Scheve K.,,105032580339
6603657163,Splansky G.L.,,85076876768
6603660517,Pistaferri L.,,105015578518
6603666035,Joslyn M.R.,,85069904157
6603669231,Renzi C.,,85046985026
6603686435,Appleton K.,,84890429712
6603689664,Arun B.,,85092141172
6603691081,Ménard K.S.,0000-0002-7055-1970,105001066656
6603696960,Druckman J.,0000-0002-1249-6790,105031601408
6603703173,Dodoo F.N.A.,,85082048077
6603706568,Basdogan C.,0000-0002-6382-7334,105003482416
6603713184,Bottoms B.L.,0000-0003-1050-9460,85121848019
6603714583,Wiest R.,,85113671401
6603716049,Forest B.,,85071180012
6603717694,Yount K.M.,,84872943856
6603719172,Leblang D.,,85118161056
6603720778,Mantel S.P.,,85132172590
6603724445,Diekmann A.,,85122427008
6603731251,Verhoeven L.,,84855222670
6603732268,Finkbeiner M.,,79954425112
6603734280,Colbert A.E.,,85130706187
6603740312,Slepian M.J.,0000-0002-7864-6691,85168628918
6603740686,Kliegel M.,,105000168411
6603741027,Chasteen A.L.,,85044393950
6603745808,Sam D.L.,,85146270142
6603749047,Huddy L.,0000-0003-1313-625X,85115998698
6603749252,Hollingshead A.B.,,85137576797
6603752472,Babalola C.P.,,85067129058
6603759197,Bracke P.,,85162889653
6603759340,Gilhooly M.L.M.,,84890442716
6603761542,Stalans L.J.,0000-0003-1568-1577,105034353261
6603763623,Kantrow S.,,85142402221
6603766870,Lazzeroni L.,,105041458788
6603769419,Gounot D.,,75149165988
6603770315,McCaffery K.J.,,85185956655
6603778061,Elinder L.S.,,85211027858
6603783157,Fagerlin A.,0000-0002-9192-2777,105045333079
6603791107,Søgaard K.,0000-0003-3968-6364,85216078939
6603792748,Guiso L.,,105027169753
6603794743,Söderlund A.,,85208161938
6603794834,Kraimer M.L.,,85059932376
6603796507,Baldry A.C.,,85044528926
6603797962,Vandenberghe C.,0000-0002-9707-3171,85131541880
6603798767,Wlezien C.,,85204445209
6603799070,Fias W.,,85215568278
6603801122,Bessen H.,,105044658302
6603801661,Nasr-Esfahani M.H.,,85146710012
6603806968,Jappelli T.,0000-0001-9254-6526,105027169753
6603809525,Haider-Markel D.P.,0000-0002-2095-1618,85195580760
6603816813,Leisner J.J.,,85139044767
6603818576,Escolar M.,,85087944217
6603822346,Friedel D.,0000-0002-3632-7668,85126624477
6603823491,Ullman C.,,77957714383
6603825089,Knill C.,0000-0002-8562-2102,105035219443
6603825267,van Witteloostuijn A.,,85195829321
6603825610,Stoker G.,,85201000153
6603826266,Fessler D.M.T.,,85088216599
6603828554,Gilhooly K.J.,,84890442716
6603829762,Mastekaasa A.,,85050945621
6603836607,Slud E.,,85036507417
6603843843,Erdfelder E.,,84856843966
6603848413,Salyers M.P.,,85090305943
6603864613,Volpp K.G.,,85127270458
6603867288,Thum M.,,85194821044
6603868767,Elder L.,0000-0002-7779-8503,105011313665
6603872042,Gabriel O.W.,,85039972657
6603875874,Skarlicki D.P.,,84886309013
6603875896,Markman E.M.,,85192586586
6603877124,Candia Carnevali M.,,84862305942
6603877898,Casebeer L.,,77954127712
6603879730,Walstrom K.A.,,84877673282
6603880096,Peersman G.,,85186557175
6603880119,Gidengil E.,0000-0001-8198-5654,85129666036
6603883254,Felmlee D.,0000-0003-4211-0489,105000547765
6603894344,Beetsma R.,,85146657812
6603894606,Jenkins-Smith H.C.,,84930452540
6603894637,Klasen S.,,84928315250
6603894792,Sterr A.,,85121869632
6603895309,Hampel J.,,85046125338
6603896920,Schokkaert E.,,105046174535
6603902742,Zaninelli D.,,77954834727
6603904733,Västfjäll D.,0000-0003-2873-4500,85123957924
6603911791,Melara R.D.,,84864249950
6603912397,Handen B.L.,,85030317816
6603913719,Hernández-Andrés J.,,85076296802
6603922259,Maynou F.,,84873620035
6603923667,Kiser E.,,85089290541
6603924689,Volden C.,,85121376619
6603927897,Bayen U.J.,,85209119651
6603929495,Kochan T.,,85091452322
6603930499,Bellia L.,,80054794799
6603940511,Toussaint L.,0000-0003-3945-2146,85102632291
6603944175,Meiser T.,,85012066416
6603947418,Jones P.,0000-0002-1744-2097,85183542861
6603950255,Terrono A.L.,,105012935442
6603950425,Colpin H.,0000-0003-3712-2709,85102208486
6603950590,Lecci L.,0000-0003-2284-8320,85074846706
6603951747,Schwarzinger M.,,85120313779
6603953186,Ouwerkerk J.W.,,85033685966
6603953412,Partin M.R.,,85053865862
6603953821,Jonker F.H.,,85130966021
6603955251,Kleiber D.,,84905652875
6603955274,Brynjolfsson E.,,85195339204
6603980504,DeKeseredy W.S.,,85049867952
6603983849,Sabiston C.M.,,85094201686
6604023299,Chavannes N.H.,,85074741963
6604024069,Girotto V.,,85050639442
6604046496,Henkens K.,0000-0002-3416-5191,85180492822
6604047405,Hagedoorn M.,,85044284394
6604048496,Whitsel E.A.,,84857191191
6604054547,Contractor N.,,85097015205
6604061599,Weatherburn D.,,85010521588
6604070095,Nepola J.V.,,105012935442
6604078970,Sereno S.C.,,84905920842
6604085679,Correll S.J.,0000-0002-4597-3872,105038637635
6604086045,Rahn W.M.,,84963612048
6701315673,Mutz D.C.,,85120303538
6701316398,Kabir K.,,105012935442
6701326505,Galinsky A.D.,,84873736512
6701333407,Rufino M.M.,,85207155208
6701338441,Van Hiel A.,0000-0003-2286-737X,85197442398
6701341905,Lewis-Beck M.S.,,105016587302
6701346298,Rimal R.N.,,85136089056
6701348575,Cosson E.,,85100654780
6701349350,Maltzman F.,,79951879445
6701350962,Dykstra J.,,83655211490
6701351969,Hartig T.,,85183048904
6701357619,Porfiri M.,,85042768893
6701369361,Bolino M.C.,,105047609821
6701370173,Gerdes V.,,84937971715
6701370216,Tabernero C.,,84887550841
6701374518,Tzelgov J.,,84907218694
6701377929,Birkland T.A.,0000-0003-3073-8471,85177174857
6701382957,Henneman L.,,85100359042
6701383005,Lombarte A.,,84873620035
6701385118,Delnevo C.D.,0000-0001-9597-4307,105034280381
6701386664,Sekhon J.,,105041026145
6701387710,Fernández-Delgado C.,,84862990975
6701391249,Hanewinkel R.,,105012380981
6701400869,Rehder B.,,84925554604
6701402310,Spiess C.K.,,85178902903
6701402962,Gaff C.L.,,84908356568
6701403604,Wurm L.H.,,85118291069
6701404351,Hoeks J.,,105041142983
6701405161,Zink C.F.,,85048150153
6701408705,Babis G.,,105012935442
6701410623,Gerlsma C.,,85064149443
6701413652,von Keyserlingk M.A.G.,,85043777541
6701423617,McLaurin T.M.,,105012935442
6701430906,Dickman A.J.,0000-0002-7879-415X,85185207583
6701445972,Hupé J.M.,,84886436497
6701449583,Schunk D.,,84876084664
6701453325,Fieldhouse E.,,85054726873
6701456330,Van Wely M.,,85100359042
6701456892,Benhaim P.,,105012935442
6701458790,Einsiedel E.,,84884162001
6701458932,Racine E.,,105036072221
6701462582,Nortvedt P.,,84965056785
6701464750,Van Spronsen D.J.,,85067653209
6701466585,Özge A.,,105017658909
6701469520,Goubert L.,0000-0002-7657-5148,85162889653
6701470867,Markowitz F.E.,0000-0003-2026-791X,85076914127
6701473564,Mondak J.J.,,85120550900
6701474715,Cappella J.,,78649631702
6701475448,Overbeek G.,,77957749138
6701476370,Elgarøy ,,85163431111
6701480135,Soroka S.,,105032149587
6701490596,Gawande K.,,84872403321
6701490746,Cope K.L.,,85176118939
6701491860,Domke D.,,84988014541
6701493888,DiLillo D.,,85125106134
6701497991,Lavine H.,,84920164595
6701498798,Rogelberg S.G.,,85181470606
6701499451,Strybel T.Z.,,85004081531
6701504115,Finocchiaro C.J.,0000-0003-1851-3990,105009625922
6701504647,Huth P.,,85193394259
6701506076,Penner A.M.,,85084324260
6701516198,Salmivalli C.,,85097606697
6701517091,Jaušovec N.,,84890826344
6701519199,Wrede M.,0000-0001-8376-517X,85207024939
6701529002,Delaney L.,,85104972333
6701530771,Ruiter R.,,78649608763
6701531050,Kenkel D.S.,0000-0002-9032-8477,105040678928
6701534045,Stoorvogel J.,,84862646897
6701534396,Pidgeon N.,0000-0002-8991-0398,85205511533
6701537658,Noussair C.N.,,105004986212
6701540954,Ingledew D.K.,,84922674899
6701542136,Kleck G.,,85044942114
6701542791,Codispoti M.,0000-0002-7285-4342,85092441744
6701546298,Kardes F.R.,,85132172590
6701549686,Garoupa N.,0000-0001-6792-0918,105012123001
6701551266,Béné C.,0000-0002-7078-9241,85211165388
6701561071,Tebbutt S.J.,,85165700640
6701562105,Iaria G.,,84928902072
6701574316,Donnellan M.B.,,84906765911
6701580156,Combescure C.,,84979781456
6701580827,Alla F.,,85120313779
6701582929,Diekman A.B.,,85176244290
6701584398,Tourangeau R.,,85018517691
6701586052,Birge N.O.,,105003189389
6701587876,Windschitl P.D.,,85066099680
6701593923,Semetko H.A.,,79952303910
6701594355,Fuest C.,,85145200685
6701594582,Falusi A.G.,,85067129058
6701597346,Hertwig R.,,85147720720
6701601881,Twohig M.P.,,85079756336
6701602753,Fenn K.M.,,85028298073
6701606723,van Strien T.,,85178190396
6701610679,Carels R.A.,0000-0003-4067-5750,85145848726
6701611912,Gingerich D.W.,0000-0001-6413-6917,85143588705
6701617013,Stoker R.,,84877016107
6701622721,Noordzij M.L.,,85071495181
6701633133,Oldmixon E.,,85053221139
6701643263,Spilimbergo A.,,85199352674
6701649676,Lauber T.B.,,85180249412
6701651462,Ruffo G.,0000-0002-3407-9234,85140429590
6701654629,Allaart C.F.,,85118542681
6701659407,Mosley L.,,105038368441
6701663176,Nehaniv C.L.,0000-0002-7807-1875,105008516999
6701666319,Ohtake F.,,85119410530
6701668859,Rouet J.F.,,85096199177
6701677694,Begue T.C.,,105012935442
6701677837,Goerke L.,,85171625391
6701681965,Hix S.,,85101490389
6701684703,Kasch H.,,85208161938
6701685019,Essig K.,,84923869700
6701686533,Muys B.,,85102151641
6701687766,Shelly R.,,85058384161
6701688615,Milyo J.D.,,105046220290
6701706851,Sandal G.M.,,85122629727
6701707251,Mahy M.,,85025667086
6701709422,Kensinger E.A.,,85103132055
6701710625,van Dick R.,0000-0002-6308-9466,85107392085
6701710660,Ter Kuile M.M.,,84926647827
6701714045,Duchesne A.,,85142121999
6701717204,Mazor K.M.,,85143379923
6701720101,Neuschatz J.,,105011671586
6701721673,Gillmor D.,,85150526821
6701727323,Buehner M.J.,,85081291207
6701727327,Ravaja N.,,85084877538
6701728500,Dahlgren P.M.,0000-0002-3509-3329,85110400125
6701730807,Nasar J.L.,0000-0002-8214-8257,85142722682
6701732501,Sattler D.N.,0000-0003-3551-7459,85197442398
6701735555,Paulin G.,,85045115151
6701735576,Salomon K.,,85144506657
6701736473,Carsey T.M.,,85068611268
6701737081,Stine-Morrow E.A.L.,0000-0002-9977-2160,85112125192
6701741584,Slabbekoorn H.,,85101702478
6701741731,DeLamater J.,,84963642473
6701744250,Halpern-Felsher B.,0000-0001-9276-1322,105029661891
6701747473,Crespin M.H.,0000-0002-8137-6776,105009625922
6701747971,Wittsack H.J.,,85065103450
6701748906,Drews F.A.,,85135598111
6701749452,Thorsen B.J.,,85057284961
6701750327,Zea M.C.,,85196879542
6701750975,Mazzocco K.,0000-0003-1382-6779,85078669526
6701751591,Magarian G.P.,,85074066315
6701752331,Teisl M.F.,,84973640760
6701756411,Dubas J.S.,,85173929562
6701758408,Redlich A.D.,,85084674495
6701758688,Dymond S.,,105024409055
6701758910,Palmisano B.,,84885756740
6701771384,Greitemeyer T.,,84929376794
6701776355,Matsueda R.,,105008067194
6701777345,Bartholow B.,,84897063469
6701777677,Manusov V.,0000-0002-1610-5478,85146955489
6701782463,Atran S.,,78651518755
6701782892,Brosnan S.F.,,85132734289
6701785096,Layman G.C.,,86000427712
6701787287,Baillet S.,,85015999937
6701788898,Vilaichone R.k.,,84994731782
6701793148,Donner T.H.,,85082648729
6701802790,Jenne E.K.,0000-0003-1028-8055,105018681448
6701806415,Winne P.H.,,84975229285
6701806872,Skitka L.J.,0000-0002-7078-0650,105045306961
6701810256,Van Den Akker O.B.A.,,84155163879
6701811351,Holtgraves T.,0000-0003-0764-6923,105022079181
6701818225,Folta K.M.,,105044410329
6701818465,Ritov I.,,105041273032
6701822286,Jenson M.,,79953080716
6701827782,Deković M.,,85173929562
6701828416,Gonsalves G.,,105038393810
6701830479,Salinas G.D.,,77954127712
6701831685,Agostini T.,0000-0003-0105-2999,85076412744
6701841440,Mork P.J.,0000-0003-3355-2680,85216078939
6701842951,Brink O.,,105012935442
6701845502,Bègue L.,,85064149443
6701849760,Plumert J.M.,,78650161131
6701850118,Nisbet M.C.,,84864280890
6701853107,Hewson S.,,85123307033
6701854564,Caldeira G.A.,,84857179438
6701854851,Rakow T.,0000-0002-7127-8793,105008999594
6701854875,Seligson M.A.,,85120550900
6701856268,Butter E.,,85030317816
6701863160,Dahlen E.R.,,85207528560
6701863954,Strack M.,,84874731670
6701896945,Strömwall L.A.,,85042614346
6701914131,Hornik R.,,78649631702
6701915757,Bosnjak M.,0000-0002-1431-8461,105016864314
6701921446,Weingart L.R.,,85117938231
6701921682,Monks C.,,84998591727
7003266792,Hofmeister E.P.,,105012935442
7003268731,Fallavollita J.A.,,85059193550
7003268945,Friedman O.,0000-0003-2346-9787,85126945523
7003269528,Emslie G.J.,,84876815115
7003284799,Krosnick J.A.,,105023444230
7003287281,Sprafkin J.,,84906934646
7003287581,Greenglass E.R.,,85053670796
7003288632,Tommasi L.,,84884187435
7003289388,Zupancic J.,,85179902325
7003293292,Schaubroeck J.M.,0000-0001-9204-3603,105001965546
7003302770,Hochwarter W.,,105034125547
7003305185,Dautenhahn K.,0000-0002-9263-3897,105008516999
7003307290,Spalart P.,,84875215770
7003316543,Jetten J.,0000-0002-7588-5355,85112397472
7003326173,Giulietti M.,,105024846075
7003333225,Simonsen B.,,85213893857
7003334499,Kersten A.,,84926291318
7003334703,Roemmich J.N.,0000-0002-6270-9678,85166661070
7003335274,Jex S.,,85177568334
7003343456,Martz D.M.,,85125275698
7003348836,Timmermans D.,0000-0002-3602-3875,85098545942
7003355759,Sedikides C.,0000-0002-7563-306X,105036106495
7003357551,Reiter-Theil S.,,84934973406
7003360092,Toole T.M.,,75649102859
7003363298,Putnam L.L.,,85066939224
7003365946,Lohr S.,,85056277647
7003366798,Heinisch R.,0000-0002-0019-2423,85209221117
7003367120,Bozeman B.,,85042503143
7003371440,Den Hartog D.N.,,85112404761
7003372292,Milner H.V.,,85172920970
7003373705,Zacks J.,,84930756006
7003383333,Mayes T.,,84876815115
7003384418,Tettamanti M.,,85065103450
7003385572,Baumeister S.,,84959319641
7003385670,Breyer F.,,105031606956
7003387239,Skitmore M.,,105012945317
7003392492,Lewandowsky S.,,85189950436
7003394348,Wolinsky P.R.,,85160036617
7003397523,Calcagni M.,,105012935442
7003397557,Meyn M.S.,,85123307033
7003398981,Côté H.,,85165700640
7003402224,Biesecker B.B.,,84902186245
7003407037,Besser A.,0000-0002-0294-3315,105045877966
7003410839,Bertoldi F.,,84946544478
7003413872,Christ S.E.,,85174300242
7003417146,MacCoun R.,,85010521588
7003418034,Fogg L.,,85111481317
7003418133,Nagin D.S.,0000-0003-0075-1851,85099058632
7003431376,Cary M.,,84941091077
7003435867,Donner-Banzhoff N.,,84872290575
7003438163,Hollingworth A.,,84856108085
7003452884,Dodge T.,,85208187000
7003456123,Hellings J.A.,,85030317816
7003460100,Brossard D.,0000-0002-9188-8388,105043329814
7003465287,Shoptaw S.,,85150648929
7003472087,Ungar W.J.,,85123307033
7003475703,Satchell S.,,84868192082
7003495258,Rawson K.A.,,85130604647
7003496076,Valentino B.,0000-0002-9393-9687,85136230646
7003502248,Smilek D.,,85042400598
7003506186,Rupp D.E.,,84886309013
7003509539,Asarnow J.R.,,84876815115
7003513848,Gerdtham U.G.,,84894720672
7003515216,Kushida C.,,105041458788
7003517824,Arimitsu K.,0000-0003-0587-1190,105019182032
7003521948,Bleichrodt H.,0000-0002-2700-412X,85138016554
7003521957,Sagan S.D.,,85136230646
7003522990,Gaugler J.E.,,85059798221
7003523104,Waite B.M.,,77249149886
7003524280,Bukstein O.G.,,84991260524
7003525977,Saravanan P.,0000-0002-9566-2626,85135203212
7003529502,Kipp H.L.,,84906934646
7003529707,Annesini M.C.,,84876734748
7003532273,Escher M.,,84924388779
7003538220,Schaffner B.,0000-0003-1953-2464,105027946256
7003542602,Bohner G.,,85059650450
7003545173,Kuperberg G.,,85171179743
7003546468,Hadfield G.K.,0000-0003-4124-8187,105027604258
7003551926,Harries P.A.,,84890442716
7003554600,Stockdale M.S.,0000-0002-8770-6465,85131157018
7003556892,Kitagawa O.,,78649867527
7003567505,Bulut S.,,85146522826
7003580846,Beyers J.,0000-0002-8287-1162,105023852374
7003587400,Mion L.C.,,77954320771
7003588673,Ketchen D.J.,,105002264336
7003588697,Budescu D.V.,,85099799937
7003589159,Aarons G.A.,,85088495518
7003600497,De Wit N.J.,,85011693962
7003606167,Numans M.E.,,85083631943
7003607112,Weinreb A.A.,,84962483337
7003607784,Turvey C.G.,,84867626984
7003607797,Kaushal N.,,85204053529
7003610935,San Martín J.,,85083277227
7003614697,Montagne G.,,85032478859
7003626284,Turowski B.,,85065103450
7003626422,Gertler P.J.,,84898599463
7003632550,DeCoster T.,,105012935442
7003632659,Doepfner M.,0000-0002-7929-0463,85132667201
7003634101,Sum C.F.,,85125602691
7003642985,Wansink B.,0000-0003-0116-0017,85006839993
7003643279,Resnick P.,0000-0001-8368-0600,105005755328
7003643877,Dimitrova A.,,85163157405
7003643938,van de Vijver F.,,85091390390
7003645652,García-Bellido J.,0000-0002-9370-8360,85126624477
7003646191,Stanger C.,,84930182180
7003647475,Catellani P.,,85185598922
7003652929,Watermann R.,,85074668803
7003654758,Brackstone M.,,84957014859
7003654943,Hirt E.R.,,85060217148
7003655146,Paiva E.L.,,85115724903
7003655337,Zannoni M.,0000-0002-4495-571X,105011302164
7003659062,McGraw S.,,85076876768
7003660038,Arheart K.,,85042191442
7003671164,Barabas J.,0000-0002-4083-8428,85212790320
7003676918,Westhovens R.,,84892583980
7003678150,Freyd J.J.,,85158872802
7003678279,Elhai J.D.,,85179886377
7003679509,Arentze T.A.,,85116051886
7003682712,Hinman R.S.,0000-0001-6368-9456,85142911290
7003685151,Yamamura E.,0000-0002-5903-3582,85143436947
7003689427,Rimé B.,,77957736788
7003690058,Kuyper L.,,85061987731
7003690355,Ready R.C.,0000-0003-1907-7617,85113668035
7003696182,Svanström M.,,85051811719
7003698467,Benbasat I.,0000-0002-9731-3403,85097987004
7003701053,Di Maria F.,0000-0002-4343-6598,85136340359
7003701937,Van den Bergh O.,0000-0001-6394-7363,85139158378
7003707138,Ludwick R.,,85097503187
7003714858,Arce M.,0000-0003-1535-2132,105020927792
7003717640,Silk K.J.,,84934831898
7003718328,Voracek M.,,85064149443
7003721539,Cottrell C.A.,,84937705248
7003721543,Rosendahl K.E.,,105038998598
7003721660,Aquino K.,,105022500398
7003721731,Kübler D.,,85060096398
7003722637,Verfaillie K.,,84919481800
7003724351,Boysen S.T.,,84942259344
7003725643,Gagliano A.,0000-0002-0462-7586,105012535451
7003726457,van Heuven W.J.B.,,105018177767
7003729856,Wyman P.A.,,85062658754
7003735731,Youngstrom E.A.,,85084521601
7003736811,Safer M.A.,,84962226786
7003739400,Heerdink E.R.,,85113335222
7003745815,Traugott M.W.,,85087521964
7003748937,Antoch G.,,85065103450
7003755221,Ludman E.J.,,85053701626
7003756862,Chibnall J.T.,,85131226265
7003759440,Manber R.,,105041458788
7003762498,Weinfurt K.,,105002781025
7003766880,Brawley L.R.,,79959356566
7003772257,Hinz T.,,105004442973
7003776458,Shoval P.,,79551498300
7003776796,Nilsen P.,,85219714734
7003777329,Islam T.,,84868192082
7003780958,Contrada R.J.,,85115104245
7003782220,Borgida E.,0000-0003-1446-7149,105046189308
7003784837,Guppy M.,0000-0001-7256-4938,85138491739
7003785038,Lakhani K.,,85178615631
7003786580,Fraenkel L.,,85027916630
7003787305,Van Ryzin G.G.,,105044856142
7003789358,Philippot P.,,77957736788
7003797313,Etaugh C.,0000-0002-9748-7841,85042450510
7003798000,Montella A.,,84957014859
7003799778,Jenssen A.,,84962420684
7003799871,Ainslie M.A.,,85101702478
7003804283,Uhlmann W.R.,,85136285837
7003809042,Gerring J.,,85094885321
7003815096,Hochleitner M.,,85203498995
7003815436,Heilbrun K.,0000-0002-6032-0984,85152410500
7003817999,Ariely D.,,85166956526
7003818024,Lubbers M.,,105028420266
7003825972,Pescosolido B.A.,0000-0002-3690-5878,105048853841
7003826693,Earles J.,,84926291318
7003827326,Brannon L.A.,0000-0001-5103-572X,105032922322
7003831097,Quintanilha A.,,85046125338
7003835454,Vijan S.,,85117550049
7003839193,Nayga R.M.,,85139010673
7003839571,Matthys W.,,85084521601
7003844162,Papp B.,,84905969902
7003860580,Huneau J.F.,,85062409842
7003860731,Buxbaum L.J.,,84899848231
7003861385,Jäckle S.,0000-0002-9258-4888,105039269843
7003864958,Eekhof J.A.H.,,85074741963
7003869461,Pagliari C.,,85103536661
7003873555,Stiggelbout A.M.,0000-0002-6293-4509,85118542681
7003874308,Eggers A.C.,0000-0002-2362-0654,105015995549
7003874491,Abramowitz A.I.,,85020520642
7003882091,Scheufele D.A.,0000-0002-9914-5407,105001546538
7003884141,Winchell J.,,84855280433
7003893233,Branscombe N.R.,,84858681531
7003893695,Barquet A.,,105012935442
7003901981,Nolen-Hoeksema S.,,84976648749
7003903511,Ribisl K.M.,,85090614388
7003905753,Hennessy E.,0000-0002-5826-6667,85124182847
7003909132,Spinks A.,,84871799032
7003914213,Fiellin D.A.,,85027916630
7003914850,Corley E.A.,,85026401204
7003920773,Esser F.,0000-0002-1627-1521,85115173163
7003921661,Just D.,,85147863898
7003922794,Lyubomirsky S.,,85070854192
7003927709,Ayuso-Mateos J.L.,,85084521601
7003936520,Ditto P.H.,,85139179837
7003940899,Axhausen K.W.,0000-0003-3331-1318,85203879255
7003945061,Gelpi C.,0000-0002-1463-9011,105017667677
7003951314,Steger M.F.,0000-0003-4888-1153,85130816074
7003952922,Forgas J.,,82655162103
7003958020,Bäck H.,0000-0002-0296-9419,105032202385
7003959490,Martinsson P.,,85059470728
7003962295,Swerts M.,,84922252816
7003966474,Schuman H.,,84871916957
7003966785,Kranzler J.H.,,85125524398
7003967315,Bastien F.,,85100557478
7003967874,Moulds M.L.,,84945572216
7003970320,Ruback R.B.,,85067482148
7003975651,Magnus D.,,105023444230
7003988632,Gimpel J.,,84944172659
7003991866,Mulvaney D.,,105018964611
7003994115,Kalsi J.,,85034248303
7003997063,Mazzocca A.D.,,105012935442
7003999346,A. Jamal A.,,85092571231
7004000684,Eccleston C.P.,,79958226584
7004002344,Ben-Shakhar G.,,85064149443
7004018910,Tolbert C.,0000-0002-5229-6371,105037750844
7004019249,Magnus M.,,85118631537
7004022371,Bazarko A.,0000-0002-7888-6222,85205480864
7004023875,Pannell D.,,105003589132
7004029868,Söderlund M.,,84856878427
7004030582,Shin L.M.,0000-0002-9802-2261,85147676432
7004041293,Kirchler E.,,84924089831
7004044124,Musch J.,,85087417040
7004046709,Moons P.,,84892583980
7004058906,Battisti G.,,85050695359
7004060240,Mares I.,,85067171548
7004074798,Mayr S.,,85102555988
7004079505,Taplin R.,,84864421109
7004084150,Burden B.C.,0000-0002-6486-7039,105013881602
7004084205,Bresch D.N.,,85054757575
7004090491,Nap J.P.,,85170073105
7004099057,Federico C.,,85102831504
7004100302,Reppucci N.D.,,105006762653
7004104670,Semyonov M.,,85185333173
7004110327,Burge C.A.,,84926453658
7004112407,Feudtner C.,,84877583492
7004119524,Christ O.,0000-0002-4022-9278,85177214512
7004121922,Paller K.A.,0000-0003-4415-4143,85074284663
7004123400,Bateman H.,0000-0002-6997-938X,85129317547
7004129422,Paetzold R.L.,,84881219823
7004130265,Yarnell A.,0009-0000-9045-0117,105039914190
7004134121,Dukas R.,0000-0003-4533-8542,105033472448
7004136811,Corso S.W.,,84892777168
7004137577,Wilfond B.S.,,85102153409
7004137838,Vedsted P.,,85041729445
7004137983,Thøgersen J.,,105022440877
7004139075,Benbenishty R.,,85054187259
7004145149,Louviere J.,,84868192082
7004156703,Wilkie I.,,84862305942
7004175213,Van Royen P.,0000-0002-9554-1680,85215629624
7004176143,Candel M.,,78649608763
7004177717,Shiloh S.,,80955136594
7004177835,Barham B.L.,,85159490467
7004181693,Girardi P.,,84860418081
7004210492,Shepperd J.A.,,85058132313
7004215936,Albarracin D.,,105001866955
7004216573,Dušek L.,,85126475810
7004219854,Frye T.,0000-0001-8633-2046,105007031957
7004220544,Finch N.J.,,77649180734
7004220818,Rogowski R.,,105015890074
7004227037,Boehnke K.,0000-0002-5435-4037,85091390390
7004231413,Burton V.S.,,105002495856
7004233941,Crossley T.F.,0000-0003-0952-7450,85144387790
7004235526,Prat C.S.,,84863603884
7004237075,Zárate M.,,85086564155
7004237185,Winch P.,,85024113306
7004241930,Mason O.,,85078994580
7004243109,Verschueren K.,0000-0003-2172-1424,85102208486
7004254059,Bridge E.S.,,85114940264
7004257641,Bootsma R.J.,,85032478859
7004259602,Massutí E.,,84855813566
7004263096,Maravelias C.D.,,84873739468
7004287095,Heathcote A.,,85187881933
7004298758,Bjork R.A.,,77953918761
7004306263,Crone M.R.,,85083631943
7004309490,Rousseau N.,,85216715166
7004312288,Loewenstein G.,,85170266546
7004314182,Aubrey J.S.,,85148523390
7004315081,Schandelmaier P.,,105012935442
7004315829,Shapira B.,,79551498300
7004334616,McQuillan J.,,85144636953
7004337207,Naveh-Benjamin M.,,84867430076
7004342527,Reiter D.,,85193281907
7004348344,McWilliams L.,,84861727326
7004350365,Crescenzi M.J.C.,0000-0002-4111-1407,85157983267
7004352341,Kenrick D.T.,,105004475485
7004355543,Zeckhauser R.,,85050796131
7004366243,Bamberg S.,,105013308435
7004366356,Keeley J.W.,0000-0002-1437-5810,85210909449
7004367799,Barratt A.L.,,84908356568
7004367862,Mehlum L.,,85207896883
7004375365,Liebig S.,0000-0002-9977-6874,85116769492
7004377251,Leo J.,,84865629162
7004378105,Geller G.,,105002781025
7004381024,Voepel-Lewis T.,,77953078929
7004389462,Dwyer C.,,84952360579
7004399921,Hewstone M.,,79955689040
7004402846,Spada G.,,80054794799
7004412220,Wayne S.J.,,105034156984
7004413378,Glasgow G.,0000-0001-6418-5188,85085901295
7004414202,Jonides J.,,84879217448
7004415743,Maylor E.A.,0000-0001-6351-3434,85105762836
7004417196,Albertson B.,,85204496673
7004422264,Wagener A.,,85060987811
7004423208,Zawacki T.,,85042602731
7004426900,Bray S.R.,,85069859988
7004428803,Rolfe J.,0000-0001-7659-7040,85166300055
7004428990,Applegate B.K.,0000-0002-1086-8861,85131578152
7004431724,Dicker S.R.,0000-0002-1940-4289,105011302164
7004439906,Nocera F.,,85103002076
7004440368,Altarriba J.,,84926511791
7004455603,Barreto M.A.,,85188551584
7004458126,Baranowski T.,,84908049616
7004460194,Van Lange P.A.M.,,84862219019
7004462743,Schubotz R.,,84898050489
7004468542,Towse J.,,85205059246
7004471427,Lisanby S.H.,,85116972333
7004477846,Doucette W.R.,0000-0002-8603-7861,84939576162
7004482776,Dunlosky J.,,85130604647
7004484326,Munro G.D.,0000-0001-5438-5581,85100523400
7004485406,Kliegl R.,,84861643490
7004491976,Antle J.,,84862646897
7004494652,Jonas E.,,85219489421
7004496911,Valletti T.,,85200251673
7004506548,Lipp O.V.,0000-0001-6734-8608,85057282428
7004509465,Schouten B.,0000-0002-1205-9806,85141599338
7004512217,Trainor L.J.,,85105453766
7004512504,Vu K.P.L.,,85004081531
7004526046,Lantz P.M.,,79952278803
7004541030,Gaskell G.,,85046125338
7004545671,Kemmelmeier M.,0000-0002-1612-5903,85131722935
7004549654,Filippini M.,,85125644695
7004560419,Moyer A.,,84925861670
7004560663,Sale M.V.,,85085062224
7004562351,Prapavessis H.,,84859630916
7004566926,Gorter J.W.,0000-0002-3012-2119,85103442864
7004567506,Michelson M.R.,,85114890581
7004567733,Gillam R.B.,0000-0003-0106-1908,85041711401
7004576064,Mazzeo S.E.,,85074808960
7004576327,Rudolph T.,,82455171728
7004591530,Isbell L.M.,0000-0003-3467-3548,105044658302
7004592186,Trujillo L.T.,,84954052445
7004595460,Maxfield M.,,105040836671
7004601999,Hare M.,,84862234183
7004608464,Bongar B.,,78650087695
7004610426,Senn C.Y.,0000-0002-3463-5704,86000773623
7004611246,Finkelstein L.M.,0000-0002-2903-7726,105024490513
7004615124,De Vicente J.,0000-0001-8318-6813,85126624477
7004628711,Zhuang G.,,85054560559
7004635513,Samuelsson E.,,84938538001
7004638385,Pawlowski B.,,105004475485
7004639303,Nee V.,,85157148109
7004648191,Cherry T.L.,0000-0002-9561-8350,105033863770
7004649242,Kolko D.J.,,84991260524
7004649505,Demuth J.L.,,85042088071
7004650409,Bless H.,,105013395120
7004652171,Jasso G.,0000-0002-7416-2358,105043400536
7004653246,Stedman R.C.,,85180249412
7004655361,Yost B.A.,,84931864953
7004656365,Pasini M.,,85091697612
7004656689,Bauters C.,,84958902068
7004658306,Lockwood P.,,85044393950
7004668226,Vik T.,,85060811119
7004682347,Lukas B.A.,,85069850862
7004683662,Nusbaum H.C.,,84885790670
7004685955,Bos W.J.W.,0000-0002-5062-2567,85118542681
7004688725,Luber B.,,85116972333
7004691326,Sumner P.,,85066027821
7004693986,House L.A.,0000-0002-1901-6550,85140099381
7004701331,Marley J.V.,,105018398247
7004703788,Parkins J.R.,0000-0002-8005-0934,105044416644
7004710112,L'Abbé M.R.,,84905867355
7004719113,Milstein G.,,79958173222
7004721990,Fischhoff B.,,85086346137
7004726565,Grunert K.G.,,105015482028
7004726961,van den Bos K.,,85078863162
7004728954,Dunbar N.E.,,85048315121
7004730494,Chilson P.B.,,85114940264
7004738405,Goold S.D.,,84978766856
7004755736,Doust J.,0000-0002-4024-9308,85138491739
7004761575,Gable S.L.,,85067039725
7004764268,Bruine De Bruin W.,,85030657786
7004765368,Bonadonna L.,0000-0002-8395-0591,85136340359
7004768772,McNamara T.P.,,85051931514
7004785773,Sacchi S.,,85200745420
7004817362,Mallett R.K.,,85079634383
7004831793,Gerber E.R.,,85089367110
7004840227,Buckley F.,,85018779454
7004847974,Yzerbyt V.,0000-0003-1185-4733,85139158378
7004850729,Mair F.S.,0000-0001-9780-1135,85216078939
7004852334,Kenney P.J.,,85219729284
7004871840,Pepperberg I.M.,,85084409884
7004878648,Telles E.,,105027959279
7004879151,Pande R.,,84987971082
7004883415,Mariotti F.,,85062409842
7004886247,Mandel D.R.,,84878439319
7004889724,Gruendl R.A.,0000-0002-4588-6517,85126624477
7004913991,Teigen K.H.,,85046294101
7004918700,Jarjoura D.,,85097503187
7004923302,Mizrahi S.,0000-0001-6531-6557,85073991009
7004966093,Buchbinder R.,0000-0002-0597-0933,85132577788
7004978760,Fong G.T.,,85100348819
7004981315,Walther W.,,85100451583
7004984539,Witt G.B.,0000-0002-5282-8227,85081237919
7004986597,Freed G.L.,,84898753023
7004988837,Shields S.A.,,85103823792
7004988981,Wadden T.A.,,85019066477
7004994419,Seering W.P.,,85175847141
7004997535,Lusk J.L.,,85037617556
7004997807,Tissot B.N.,,84873497711
7005004314,Lamont B.T.,0000-0001-7921-8595,105007630445
7005009439,Malmström E.M.,,85208161938
7005010087,Najavits L.M.,,84944352994
7005020709,Karlawish J.,0000-0002-6880-2865,85120907807
7005023452,Sheeran P.,0000-0001-7449-4590,105000899871
7005027284,Marinho R.T.,,85131772491
7005031217,McAllister D.J.,,85172153416
7005033380,Joiner K.,,85083499796
7005034938,Schleich J.,0000-0001-6079-7240,105010877922
7005035888,Adkins S.M.,0009-0004-3835-600X,85205480864
7005039539,Samuels D.J.,0000-0002-5481-8217,105001651773
7005040792,Sauer D.U.,0000-0002-5622-3591,85028989892
7005051089,Greenfield T.K.,,105038081609
7005054371,Brewer N.T.,,105038081609
7005058017,Ratti S.,0000-0001-9448-3768,85192351129
7005064640,Kersten M.J.,,85072755694
7005073232,Kappers A.,,84855222670
7005080086,Thrasher J.F.,0000-0001-6418-4863,105009167724
7005111448,Langan J.,,84908552806
7005112071,Ohtsubo Y.,,85131524653
7005113362,Brilliant M.H.,0000-0002-2753-0699,85053701626
7005118400,Harms P.,,85074345637
7005120063,Bresnahan M.,,84983672061
7005123309,Rozenberg P.,,85058438338
7005125358,Sellers D.E.,,85076876768
7005130993,Giordano V.,,105012935442
7005131557,Couper M.P.,,85145288161
7005138337,Tiggemann M.,,85020444304
7005155531,Hubert C.R.J.,,84901288372
7005156389,Dasgupta N.,,85214924467
7005167633,Kaufman G.,,105000687702
7005167947,Garber S.S.,,85140811639
7005168238,Bäckström M.,,84890370318
7005168265,Campos P.R.A.,,84867745196
7005170023,Whiteley P.,,84891494021
7005175071,Rost K.,,77950538126
7005183013,Grande D.,,85147410768
7005186641,Mittelman M.,,105034981092
7005206047,Kass N.,,105047631609
7005210496,Abdel Rahman R.,,85103474076
7005215278,Blinov A.,,77950637317
7005221028,Willard J.,,85190142398
7005226608,Frieman J.,0000-0003-4079-3263,85126624477
7005228561,Pollack C.E.,,105023525899
7005230521,Halpern C.T.,,84857191191
7005243278,Finkel A.M.,0000-0001-6259-9387,85141045383
7005243670,Hallam J.S.,,85019814077
7005267586,Moskowitz G.B.,,85196743280
7005270771,Foucher J.,,75149165988
7005274723,Blum T.C.,,85139294341
7005287437,Elliot A.J.,,85091449340
7005290012,Guaraldo C.,0000-0002-8923-3438,85166440803
7005294172,Brandenburg H.,,85044259810
7005308612,Röder B.,,85082648729
7005309712,Fogel S.J.,,105019345621
7005315157,Stolle D.,,105008999797
7005318807,Corcoran C.M.,,84883120037
7005319198,Montori V.,0000-0003-0595-2898,85100654780
7005325536,Whalen D.H.,,84949667446
7005334415,Oppenheimer D.,,79960068677
7005336280,Beall J.A.,0000-0003-1263-6738,85205480864
7005336334,Quesenberry C.,,85067794991
7005341361,Ibrahim J.G.,,84892777168
7005342930,Perrin S.,,85100535251
7005343006,Maia M.A.G.,0000-0001-9856-9307,85126624477
7005346225,Graziano M.S.A.,,105017185369
7005358803,Hem E.,,85108030322
7005362408,Clinton J.D.,0000-0003-1683-9479,105038647500
7005362537,Schuler S.R.,,84872943856
7005365886,Collin C.A.,,85101307768
7005379282,Dunning T.,,105016854182
7005380025,Zuckerman Sivan E.W.,,85041488466
7005381250,Ruppin E.,,84905969902
7005394359,Waseem M.,,85150751341
7005396229,Chamberlin J.,,105019344357
7005398271,van IJzendoorn M.H.,,85073101774
7005400068,Kaufmann E.,,85101490389
7005400285,Tessler M.,,85074286911
7005400323,Christakis N.A.,,85197295730
7005402430,Kemmler G.,,85204159513
7005402702,Cowley P.,,85065801512
7005413233,Fullerton S.M.,0000-0002-0938-6048,85053701626
7005426314,Sadler M.S.,,84873722355
7005426461,Matlock D.D.,,85047911196
7005430757,Delaney B.,,84870521919
7005433761,Britt M.A.,,85096199177
7005436019,Roter D.,,85024113306
7005450670,Bachmann L.M.,,84877691576
7005461573,McConnell A.R.,,85159189569
7005462401,Gunter T.C.,,72749106763
7005462737,van Vugt M.,,105004475485
7005485693,Mair P.,,81555205787
7005487014,Bowen S.A.,0000-0001-7675-5002,85124106234
7005497474,Asari M.,,105019181039
7005498278,Engels R.,,77957749138
7005511140,Rigby D.,,84929688885
7005539263,Mattingley J.B.,,85085062224
7005545477,Orbell S.,,105034583584
7005550791,Bangsberg D.R.,,85020105992
7005558924,Ruth J.A.,,85053401821
7005560920,Thijs J.,,84922551432
7005565137,Meade M.L.,,84858590361
7005576058,Whitaker B.E.,0000-0002-0999-4713,85100336187
7005578875,Bennell K.L.,,85142911290
7005582504,Rebbeck T.,,85208161938
7005586351,Godwin H.J.,,85197800364
7005587785,Stroud M.,,85116548497
7005587873,Brunetti B.,,84876734748
7005596504,Reichel L.,,85153544310
7005615675,Chariot P.,,85091161513
7005622526,Andò B.,0000-0001-5099-6131,85197168395
7005636680,Given B.A.,,84971472409
7005637546,Lubell M.,0000-0001-5757-7116,85196896191
7005639939,Sommers S.R.,0000-0003-2981-5396,85147676432
7005643228,Mahon B.Z.,,84870946045
7005655001,Major B.,,85185931160
7005655770,Brian J.,,85030317816
7005665322,Sonobe T.,0000-0002-9961-9764,85199950656
7005668021,Henson S.,,85091243261
7005671177,Im C.H.,,85135792366
7005673329,Berti S.,,85099061029
7005674677,Shogren J.F.,0000-0003-3757-959X,85057284961
7005684036,Juan C.H.,,84907962878
7005695913,de Jonge J.,,77954275747
7005698229,Treleaven J.,,85208161938
7005703143,Kimball D.,,85141109504
7005711634,Salami A.,,85152165890
7005713280,Hale H.E.,,105038371927
7005720643,Koopmans R.,,85097567751
7005722592,Henke K.,,85113671401
7005728028,Teixeira D.L.,,85040071418
7005731529,Arkhipov A.,0000-0003-1106-8310,85082815928
7005740357,Salkovskis P.M.,0000-0002-2951-2283,85189347916
7005740412,Raney A.A.,0000-0001-8965-8068,85125097874
7005745384,Ferraro P.J.,,85116325673
7005745484,Petticrew M.,,79956328922
7005750378,Hanley N.,,84959189854
7005753038,Hawdon J.,0000-0002-0273-2227,85175722199
7005753356,Faulkner G.,0000-0001-8898-2536,85074334678
7005760819,Bayazit M.,0000-0001-5208-0610,85188553028
7005761726,Agnew C.R.,,85127881690
7005764925,Gerrard M.,,84920918381
7005775317,Bostrom A.,,85199795519
7005780059,Annis J.,0000-0002-0609-3987,85126624477
7005786573,Aman M.G.,,85030317816
7005788863,Mandell D.S.,,85143550125
7005797718,Claridge J.A.,,77954320771
7005817554,Maruya K.,,85098636700
7005827944,Corkum P.,,84894142099
7005834172,Clifford R.,0000-0002-7789-5717,105028890488
7005834883,Hodges P.W.,,84896283112
7005836896,Haider W.,,85034020526
7005838562,Danion J.M.,,75149165988
7005848789,Hurst S.A.,,84978766856
7005849224,Birmaher B.,,84876815115
7005853431,Worrall J.L.,,84899984920
7005859153,Straub D.W.,,105039083243
7005861312,Coon J.J.,0000-0002-0004-8253,85124870250
7005863600,Janssen O.,,105003936982
7005864342,Bloch G.,,85042768893
7005869022,Zeilhofer H.F.,,84934973406
7005870459,Meeks S.,,85097217094
7005877658,Chavez L.M.,,78649334248
7005879809,Macdermid J.,,85208161938
7005882312,Pompili M.,,84860418081
7005886779,Kuehn K.,0000-0003-0120-0808,85126624477
7005887449,Ahn W.K.,,85092885844
7005893805,Hyman M.R.,0000-0001-6675-8808,85092562205
7005894179,Suter S.M.,,85136285837
7005895513,Conrad F.G.,,85042199807
7005898396,Hegyi T.,0000-0001-9919-1043,85089251540
7005907886,Toman M.A.,0000-0001-6570-7398,85191745594
7005920737,Siegrist M.,,85130609643
7005921154,Kiernan M.,,85050292666
7005922956,Yim M.S.,0000-0001-8581-1635,85190458340
7005923525,Molina G.B.,,84882893419
7005923879,Victor D.G.,,85029288323
7005929887,Wassermann E.,,76749146947
7005931712,Pape R.A.,0000-0001-6622-1103,105036666004
7005934781,Bateman I.J.,,105043710160
7005939202,Sher K.,,84897063469
7005945603,Goff B.,,84906994329
7005945867,Maguire E.R.,0000-0001-8410-5288,85218704342
7005962066,Murillo M.V.,0000-0001-6972-4750,85107940292
7005963520,McRae K.,,84862234183
7005970679,Correll J.,,84873722355
7005974114,Conley T.D.,,85138686700
7005989187,Roediger H.,,77957255715
7005993313,Kastner S.,,84938416695
7005995752,Bodner G.E.,0000-0001-7837-4879,85164735555
7005997385,Kaufmann K.,,84922342885
7006005799,Berkman M.B.,,85216299312
7006009451,Logie R.H.,,105048961606
7006016885,Volk R.J.,,85092141172
7006024841,Reiner P.B.,,85026898144
7006030412,Wouters C.,,84892583980
7006030594,Lou W.,,84905867355
7006033464,Dudley S.,,105034583584
7006038740,Tatarelli R.,,84860418081
7006038824,Sherrill C.D.,,85054976638
7006044051,Afonso A.,0000-0002-3545-5035,105042545558
7006047539,Hannig M.,,85100451583
7006048872,Voigt S.,0000-0001-5564-3669,105001935059
7006052300,Evers A.W.M.,,85089473462
7006059165,Verkuyten M.,0000-0003-0137-1527,85140278720
7006064146,Giles H.,,85048315121
7006064771,Higgs S.,,85068381838
7006073571,McAuliffe J.A.,,105012935442
7006073818,Curatolo M.,,85208161938
7006076235,Nielson D.L.,,85218753134
7006082483,Westerling R.,,84997354281
7006089792,Gadow K.D.,,84991260524
7006090285,Mast B.T.,,105037801441
7006100196,Aguinis H.,,84907550478
7006101003,Wendler D.,,84940535251
7006104476,Plotkin J.B.,,85186741013
7006105788,Saiman L.,,79957959068
7006108306,De Vries N.K.,,77952521606
7006114911,Krueger B.,,85165944053
7006117410,Geers A.L.,,105003982095
7006118797,Rohm H.,,85073221738
7006124353,Molinari L.,0000-0002-8055-5385,85077363574
7006124684,Smets E.M.A.,0000-0002-8145-8595,105000173185
7006126634,Blais A.,,85201964089
7006132156,Cabeza R.,,85116972333
7006145211,Medin D.,,78651518755
7006145363,Pál C.,,84905969902
7006159164,Wiener R.L.,,85112125042
7006167816,Petrie K.J.,0000-0002-6337-2480,85073022198
7006174434,Bolt D.,,85214305683
7006180888,Hankins M.,,84858064901
7006184080,Wolter S.C.,0000-0003-2721-2284,105004310614
7006184739,Mazza M.,,84983356867
7006188708,Börner K.,,85138123392
7006196632,van den Bergh J.,,85120899057
7006196788,Flannelly K.J.,,79958173222
7006199540,Mansfield E.D.,,85097547967
7006206342,Findling R.L.,,84991260524
7006210811,Schulte T.,,85095849164
7006222471,de Ruiter J.P.,,84926511520
7006227646,Bavestrello G.,,84862305942
7006239369,Sun I.Y.,,105035077435
7006240664,Lennon M.C.,,85135201482
7006247055,Remington R.W.,,85106988343
7006253859,Frick U.,,105035034535
7006256590,Dovidio J.F.,,85196879542
7006266200,Na-Bangchang K.,,84951914677
7006267860,Chuang A.,,85186546014
7006268247,Hills P.J.,0000-0002-0097-9170,85087704776
7006277717,Meiser B.,,84908356568
7006277794,Hogg M.A.,,105003748486
7006280527,Nørgaard A.S.,,84956573265
7006280718,Connelly S.,0000-0002-2686-6836,85195566275
7006282519,Poythress N.G.,,81355149331
7006285290,Busby J.,,85082196062
7006292298,Munger K.,,85188307218
7006296964,Hietanen J.,,84959338707
7006303250,Hartzell C.A.,0000-0003-3498-9884,85171589965
7006307815,Moretti V.M.,0000-0001-6209-5576,85192351129
7006311271,Klein O.,,85199750985
7006316651,König T.,0000-0002-1797-6662,85183880382
7006328159,Ravaud P.,,85123966933
7006334135,Vonk J.,0000-0002-4362-5989,105003180127
7006342905,Bravo G.,,85114370534
7006344415,Sutter M.,,85200253477
7006344792,Cullen F.T.,0000-0003-4975-915X,105003777728
7006349311,Rosenkranz S.,,105037094331
7006350755,Meadows E.A.,,85011589624
7006351054,Bowler S.,,105037750844
7006355363,Shackelford T.K.,0000-0001-8101-4292,85076316615
7006359829,Kershaw T.S.,,85118631537
7006369845,Hooley J.M.,,85087099737
7006372293,McNamara N.K.,,84906934646
7006396726,Hatsukami D.,,85100124958
7006402119,Foy R.,,85216715166
7006406663,Shuman C.,,85123307033
7006408331,Garrett T.C.,,85109788347
7006408547,Nisbet E.C.,0000-0001-7030-6361,105030663299
7006411850,Anastasi J.S.,,85034713934
7006432138,Edens J.F.,0000-0002-2218-0650,85093941427
7006434162,Lyon T.,,84959557715
7006442086,Jackman S.,,85210492093
7006444838,Heiman J.R.,,84959543274
7006449994,Karasawa K.,,85205063753
7006455558,Lynn P.,0000-0002-3493-5686,85177222490
7006458428,Suter J.F.,0000-0003-0520-7150,85197428072
7006464748,Kearns A.,,79956328922
7006472563,Sterling M.,,85208161938
7006506948,Rief W.,,85093873819
7006507279,Gibbons F.X.,,84920918381
7006519454,Stiles P.G.,,81355149331
7006519929,Busch S.H.,,105038393810
7006520678,Widschwendter M.,,85067199251
7006526089,Leon S.C.,,84921520419
7006534581,Zatorre R.J.,,85015999937
7006540810,Sowa J.,,85186540040
7006543780,Fiske S.T.,,85021393450
7006543979,Timusk T.,,79957726502
7006544785,Clay S.L.,,85064149443
7006546186,Sharman J.C.,,85020929357
7006550139,Kalyanaraman S.,,84883622282
7006563956,Horowitz C.R.,,85053701626
7006565467,Carlsson F.,,77955097080
7006579470,Welch E.W.,,105008503320
7006589879,Cronan T.A.,,84976361854
7006599723,Courtney S.M.,,85052800378
7006601649,Manthorpe J.,,105008999594
7006617990,Drake P.,,84862990975
7006622074,Eklund R.C.,,85062893791
7006625081,Szeto A.C.H.,0000-0003-3420-0337,85213277637
7006625568,Grover V.,,85213811817
7006626655,Stout P.,,85145274613
7006638289,Freese J.,0000-0002-9451-6432,105031601408
7006645455,Castel A.D.,,84996563939
7006651322,Parrott D.J.,,85065434793
7006656565,Gartner S.S.,,84894236562
7006671378,Bero L.,,85189950436
7006687845,Michael Brick J.,,85056277647
7006690890,Dehaene S.,,85068564924
7006695029,Dietz T.,,84891906797
7006698274,Koivisto M.,,85055580660
7006698714,Herzog S.,,85163679637
7006721265,Asch S.M.,0000-0001-5838-5335,85115088848
7006721870,Wilber K.,,85210748812
7006736244,Panagopoulos C.,,85019162495
7006757985,Sorenson S.B.,,84885337222
7006758192,Marteau T.,,85152731327
7006759100,O'Carroll R.E.,,85065676712
7006761533,Gebhardt W.A.,,85048372318
7006762114,Hertel G.,0000-0002-7754-2786,85098865213
7006768493,Tsang H.W.H.,,105033344092
7006770041,Kaminer Y.,,85115626279
7006774430,Vink M.,,85177466594
7006781010,Sharp L.K.,,85214305683
7006783369,Schuller R.A.,,85060051020
7006784196,Collinson M.,,85216715166
7006793027,Bonneau R.,,85176605621
7006793048,Dedrick R.,,84879781970
7006796248,Holbrook A.L.,,105042563243
7006798143,Franzen A.,0000-0001-6660-8607,105030244949
7006807194,Steffens M.C.,,85144956495
7006807527,D'Ambrosio C.,,85182851238
7006812512,Bröder A.,,85042315721
7006812724,Hau K.,,84904901217
7006815055,Kremer W.D.J.,,85130966021
7006820587,Haslam N.,,85129364722
7006820865,Fay D.,,84946925603
7006828259,Manchanda R.,,105046637828
7006835645,Broekaert J.B.,0000-0002-4039-8514,105041651701
7006851916,Lawless J.L.,,85115653937
7006852525,Van Dijk L.,,85088676018
7006862228,Butterworth P.,,85129364722
7006862896,Flory J.,,85064120941
7006877282,Waldman D.A.,,85066939224
7006880779,Gong T.,,85107435740
7006883392,Bluhm R.,,105004829427
7006886875,Schoen H.,0000-0001-8893-1579,85164024846
7006892122,Bader C.D.,,105035908514
7006893661,König E.,,105013236358
7006899804,Lederman R.,,85052636854
7006910783,Hess U.,,85159345699
7006918196,Lapinski M.K.,,105029975832
7006920205,Hood M.V.,,105025062059
7006932399,Theeuwes J.,,84992409634
7006954459,Tyler L.K.,,84855900043
7006989788,Slaughter M.J.,,85100716057
7007005338,Sankar P.,,105034981092
7007009642,McCormack T.,,85081291207
7007012492,Keating B.,0000-0003-3118-5514,85205480864
7007021137,Tobin S.J.,0000-0002-3056-7767,85131902900
7007023278,Jebb S.A.,,85133961999
7007028044,Peek M.E.,,85041003403
7007035258,Scholte H.S.,,85087021974
7007037095,Mares M.L.,,84992159953
7007039052,Mitra K.,,105021065918
7007046040,Flynn S.,,85149942249
7007048665,Tedesco J.C.,0000-0002-9534-912X,85086597270
7007056491,Pfaff S.,0000-0003-2974-3134,105008067194
7007061398,Ashford S.J.,,85061080395
7007089608,Zimmerman F.J.,,84961727022
7007102157,Talwar V.,,85064181250
7007110679,Seibert F.J.,,105012935442
7007111080,Slovic P.,,85084124823
7007111210,van der Vleuten C.P.M.,,85130966021
7007119617,Latham G.P.,,85174403230
7007123148,Hammer L.,0000-0001-8066-7531,85122101406
7007127947,Flaherty K.E.,,85140966384
7007130996,Cartes J.E.,,84870045743
7007133589,Floyd K.,0000-0002-0664-0418,105048977450
7007139759,Willems W.J.,,85150751341
7007149707,Jamieson K.H.,0000-0002-4167-3688,85105914411
7007151167,Kimball H.L.,,105012935442
7007159799,Bushman B.J.,,85131771874
7007162303,Tilley J.,,85131883177
7007176089,Johnsen J.A.K.,,84894768898
7007177113,Resnicow K.,,85050292666
7101605473,Hsiao J.H.w.,,105033344092
7101627108,Lawson C.,,85172665073
7101646795,Landau M.J.,,85044627813
7101650446,Just M.A.,,84863603884
7101666245,Sheldon J.P.,,84956844791
7101673174,Sander D.,,85041824610
7101676030,Weinberg S.,,85185664761
7101679740,Carrillo J.D.,,85080877114
7101689318,Bolton P.,,85065246498
7101690502,Shore D.I.,,85109013986
7101692693,Douglas K.,,84938957588
7101713487,Greene E.,,84985991909
7101713645,Greene E.,,84876863308
7101722648,Greene K.F.,,85141427456
7101734235,Nicholson S.,,85041564041
7101734300,Laporte G.,,85171295847
7101739075,Zeng K.,,85046690233
7101740382,Ryan N.D.,,84876815115
7101741169,Poole G.C.,0000-0002-8458-0203,85113668035
7101743691,Stokes S.,0000-0001-9389-2826,105023812381
7101759958,Stephan G.,0000-0002-9266-5514,85144761803
7101785895,Glick P.,,85133509645
7101786191,Danis M.,,84978766856
7101787367,Maher C.G.,0000-0002-1628-7857,105009707708
7101792387,Kearney J.K.,,78650161131
7101794635,Maltby J.,,85041196671
7101808750,Howarth R.,,85173004370
7101809574,Quinn D.P.,0000-0002-0136-0898,85179982415
7101811057,O’Neill D.G.,0000-0003-1115-2723,105027705960
7101819462,Davison R.M.,,85126133920
7101823347,Michaud P.C.,,105048604572
7101827421,Neill J.T.,,85072243581
7101833389,Dorf M.,,85184585795
7101839749,Thomsen S.,0000-0002-9677-9199,105026494277
7101848690,Moller S.,0000-0002-8239-719X,105036410075
7101860643,Schmidt N.B.,,84903721869
7101865930,Kaiser C.R.,,85086564155
7101870469,Hess T.,,85062280608
7101879250,Mann T.,0000-0003-4853-3474,105001684749
7101884326,Wilkins C.H.,,85116548497
7101904480,Greene S.,0000-0003-2569-5307,105011313665
7101919004,Chatterjee R.,,85053401821
7101920804,Gottlieb A.,,84956744149
7101924933,Jæger M.M.,0000-0003-3666-8398,105048747889
7101967584,Fink E.L.,,85035781725
7101976797,Böhm G.,,85194771063
7101981522,Monahan J.L.,,85187806962
7101989224,Jarvis S.,,85204496673
7101995622,Barrett H.C.,,85088216599
7101997492,Patterson K.D.,,84981169079
7102013693,Spence C.,,84926284804
7102019262,Barnett N.,,85031092592
7102019967,Law A.V.,,105007699702
7102020452,Hodges S.,,84926171269
7102026861,Bowman L.L.,,77249149886
7102054574,Markus H.R.,,85132956459
7102057469,Dunn K.E.,,85111747516
7102067900,Viswanathan M.,,84870294153
7102070921,Gillespie T.,,79952419243
7102071616,Strasser R.,,84928895451
7102080890,Dick B.,,84861727326
7102085653,Prins M.H.,,85019250466
7102086755,Saeed S.A.,,85161655914
7102087206,Grafman J.,,79952850224
7102089435,Tait A.R.,,77953078929
7102089766,Webster N.,,84965057111
7102091416,Andrews H.F.,,85084521601
7102105723,Lowry P.B.,,105039083243
7102107180,Richter T.,,105043549924
7102110224,Lowe K.B.,,85088976785
7102114857,Devlin M.J.,0000-0002-3169-9761,105011302164
7102127416,Bickel W.K.,,105023857186
7102133803,Gomez B.T.,,85029532448
7102146930,Wardle J.,,85034248303
7102170257,MacKintosh C.,,77950872530
7102180823,McLeod H.L.,,84892777168
7102180874,Stoker J.I.,,85049078927
7102182157,Papageorgiou C.,,85199352674
7102190959,Galli E.,,105019082068
7102222039,Simpson B.,0000-0001-9468-157X,105029853044
7102229825,Schapira M.M.,0000-0002-3775-9462,105011879767
7102234396,Moya M.,,84898975976
7102247819,Crocker P.,,85081386604
7102254604,Sell J.,0000-0003-1756-8850,86000286539
7102259897,Perneger T.,,85084169812
7102261540,MacLean A.W.,,84862565840
7102268265,Hennessy M.,,84958043605
7102276726,Stephenson L.B.,,85192081135
7102282029,Ball L.J.,,84897933379
7102282862,Dolan K.,,85131632124
7102293820,Hess S.,,105041651701
7102306064,Lindberg S.I.,,85210917338
7102316575,Maldonado A.,,84920126795
7102324628,Quinn K.M.,,85041184497
7102332636,James O.,0000-0001-6031-2581,85101865548
7102334151,Konrad K.A.,,85121571006
7102350453,Brewer P.,,85062363095
7102354684,Melo M.A.,,85058404341
7102359355,Roe B.E.,,85097943165
7102367498,Angermeyer M.,,84959319641
7102373145,Chapman T.L.,0000-0001-7506-0583,85153952957
7102386057,Rupp J.A.,,85062042874
7102388129,Krieger A.,,85215701436
7102396569,Da Costa L.N.,0000-0002-7731-277X,85126624477
7102398221,Berry F.S.,,105030392002
7102407410,Devine P.G.,,85174676006
7102408321,Montgomery C.,0000-0003-2805-5807,105026794788
7102419168,Sørensen R.J.,,85042566118
7102424530,Sugarman J.,,105002781025
7102429358,Donovan T.,0000-0001-6098-5161,105037750844
7102432130,Clayton E.W.,0000-0002-0308-4110,85053701626
7102444873,London D.A.,,105012935442
7102445759,England P.,,105040689204
7102455004,Ritter A.,,85010521588
7102457214,Chai Y.H.,,85059020369
7102467109,Mitchell N.J.,,85153518941
7102468527,Ring D.,,105012935442
7102470609,Baumeister R.F.,,84897904370
7102483513,Tsang J.A.,0000-0001-7582-0474,85078593803
7102489016,Gagné M.,,77952888957
7102496858,Kameda T.,,105013970471
7102506576,Harding D.J.,,105001639207
7102531832,Lerner E.B.,,85129685284
7102537737,Giles M.,,85067639704
7102545680,Dalton M.,,85097864802
7102565996,Oakes J.M.,,85139056396
7102568215,Beach M.C.,0000-0002-1112-6309,105011377433
7102568541,Caño A.,,85118291069
7102577510,Sharpe L.,0000-0002-8790-6272,85172711334
7102581294,McNally R.J.,,85087570804
7102589649,Burt J.,,85104620647
7102597253,López N.,,84962656293
7102604377,Herzog T.,,78649963716
7102611306,Horne C.,0000-0001-5318-6978,105042428497
7102612572,Tomlinson G.,,85210769305
7102620086,Higgins E.T.,,85073113623
7102623518,Crocker J.,,85065157482
7102632176,Chong M.,,85189108848
7102646629,Gan Y.,,85159765720
7102650182,Hagen E.H.,,85150792285
7102652103,Ludwig C.,,85007197307
7102655752,Birch S.,0000-0001-6457-1310,105002056233
7102659260,Nicol D.,0000-0002-6553-2839,85074615140
7102665194,Barr A.,,85100453779
7102665660,Thomson H.,,79956328922
7102673564,Higgins T.F.,,105012935442
7102684718,Cain B.E.,,85089367110
7102697192,Yesavage J.A.,,105041458788
7102701496,Hoekstra J.,,84937971715
7102707431,Herbert R.D.,0000-0003-4188-9195,85132577788
7102717840,Cremer J.F.,,78650161131
7102718648,Rehm J.,,85196834368
7102729349,McNulty J.K.,0000-0002-5476-7472,85162651744
7102733434,Nadler J.,,85192988793
7102735341,Avery R.,,85184585795
7102736444,Bay A.H.,,84978759442
7102748394,Owens P.W.,,85150751341
7102750506,Arndt J.,,85044627813
7102755925,Pentland A.,,85146354731
7102759319,KAYE B.K.,,85099576940
7102760887,Jolicœur P.,,85101607529
7102782804,Binder K.S.,,84888631834
7102786298,Fowler R.,,85210769305
7102793051,Fraser L.,,85034248303
7102796382,Huo Y.J.,,85041214122
7102799649,Irwin D.J.,,84921995261
7102802932,Link B.G.,,85104782003
7102812392,Parrott R.,,84903612294
7102825272,Cramer K.M.,,85083491029
7102829954,Samson D.,0000-0001-7428-0031,84959338707
7102837320,Tait R.C.,0000-0002-7451-7913,85131226265
7102837533,Goldsmith R.,,85054761412
7102854543,Brückner H.,,85073523455
7102864988,Little T.D.,,105040036546
7102867222,Anthony D.,,85106536874
7102867632,Witte S.S.,,85070899643
7102894736,Marx P.,0000-0002-1671-6148,85114432179
7102899328,Lloyd B.,,85061505149
7102907649,Frey D.,,105036419257
7102918563,Quin Monson J.,0000-0001-5271-4441,85210846977
7102924453,Nigro G.,,85122081765
7102925200,Krueger A.,,84879697505
7102929335,Connolly D.A.,,85088799859
7102932105,Chalmers D.,,85074615140
7102932574,Downie J.,,85114370534
7102932947,Stock M.L.,0000-0001-5224-1103,85209634086
7102952429,Potter S.,0000-0001-8104-5777,85198365223
7102965750,Carey L.A.,,84892777168
7102969258,Dawson L.,,105046637828
7102988009,Slater A.,,85020444304
7102992402,Kowalski R.M.,0000-0002-9667-3116,105032888543
7102997220,Schwarz N.,0000-0002-8868-7067,105040087268
7102999899,Rao H.R.,,85145615438
7103004279,Goldberg T.,,76749146947
7103005555,Dayer P.,,84924388779
7103010018,Lau R.R.,,85054745740
7103022573,Bertelli A.M.,,105017403938
7103026902,Kowalski K.C.,,85094201686
7103028874,Carey S.E.,,85084409884
7103033462,Boivin J.,,85066027821
7103039098,Pieters R.,,76749143734
7103047234,McClelland M.,,105004341133
7103058642,Bryant F.,,84921520419
7103061070,Dodd M.D.,,84856108085
7103062943,Adler E.S.,,85086600850
7103063229,Korotkov A.,,85087204558
7103063276,Tomkins A.J.,,84866975774
7103067472,Lawrence E.,,85032647734
7103078963,Jeandel C.,,85136215225
7103088781,Brito M.,,85147313405
7103099585,Thiel M.A.,,84877691576
7103107169,Everitt J.,,85124052380
7103111008,van den Berg G.J.,,105039789025
7103124713,Feld L.P.,0000-0002-6858-9136,85145815131
7103129379,Gibson E.,,81355138432
7103130134,Kendall J.M.,,84943251131
7103135535,Farrell A.,,85065135903
7103141507,Boulton M.J.,,85075751860
7103162133,Mitra N.,,84919629133
7103162457,Meier K.J.,,105007025827
7103163480,Sandhu S.K.,,77954320771
7103185392,Jefferson T.,,84864421109
7103245744,Porter L.,,85065786322
7103246142,Holm H.,0000-0002-5097-8491,85157148109
7103248326,Waller G.,0000-0001-7794-9546,85118885411
7103255374,Levy I.,,84926307766
7103258684,Kirk S.A.,,85014879044
7103265286,Stanley B.H.,,84961190121
7103265316,Hsieh D.K.,,85014879044
7103268463,Baumgartner H.,,85120410059
7103270008,Israel G.D.,,77955498716
7103270179,Long B.T.,,84865352111
7103274277,Bode C.,,85178190396
7103291420,Hyun S.J.,,85059456392
7103306688,Cameron G.T.,,81055155626
7103323829,Luo N.,,85204159513
7103328070,Sundar S.S.,0000-0002-5779-8864,105038667392
7103334317,Giménez A.,,85082800200
7103336009,Vogel D.L.,,85054876553
7103340415,Humphreys C.,,85174687665
7103344807,Glover S.,,105009538487
7103360912,Arnold T.,,85207715474
7103373518,Sommer W.,,84861643490
7103383795,Baldwin L.,,84906994329
7103388522,Skowronski J.J.,,85064149443
7103391340,Albrecht K.,,85125624886
7103399801,Brochard L.,,85210769305
7103401959,Rothman A.J.,0000-0003-3163-1895,105001684749
7103404754,Perloff J.M.,,85090159000
7103407017,Sutherland A.,,105030582438
7103408913,Pinto P.M.,,105040920296
7201350813,McCallum R.S.,,78650060803
7201359601,Turnbull D.,,85131174118
7201360998,Reed G.M.,0000-0002-6572-4785,85210909449
7201363583,Sørensen T.A.,,85139044767
7201387251,Silva C.L.,,84930452540
7201387294,Silva C.,,76749146947
7201389798,Hansen N.B.,,85118631537
7201390372,Boyer P.,,85181695148
7201394356,Gordon H.S.,0000-0002-6712-5954,85053865862
7201397375,Kelley J.,0000-0001-5186-5563,85142289808
7201397443,Kelley J.,,85059536876
7201409088,Maier G.W.,,85140629841
7201410528,Jensen N.M.,,85086600172
7201433315,Buckley R.,,105012935442
7201440291,Golding J.M.,,105020738167
7201444063,Russo R.,,105034583584
7201453146,Solomon P.,,84885337222
7201459294,Gilbert E.A.,,105006762653
7201473130,Hughes M.,,84865561680
7201475798,Field M.,0000-0002-7790-5559,105038135574
7201480335,Rhodes M.G.,,85195435994
7201514122,Wiener J.,,85140966384
7201524826,Maier M.,0000-0002-7505-691X,105042958675
7201539763,Otto M.W.,,85043506248
7201549643,Griffiths M.D.,,85115770181
7201561857,Ulrich R.,,85017634770
7201564180,Rich A.N.,,85119009680
7201577863,Torres L.R.,0000-0001-5998-7688,105004450315
7201583026,Shen F.,0000-0001-5036-3190,85149640771
7201583080,Shen F.X.,,84922797383
7201594808,Kent J.,,77957714383
7201602574,Gross K.,,85179451002
7201608519,Warren P.A.,,105041943633
7201613055,Pollock A.C.,,85058141120
7201635855,Maier S.R.,,85027543299
7201640667,Christensen D.A.,,85160802270
7201652434,Kitamura H.,0000-0002-5800-1175,105041502101
7201655081,Moon T.K.,,85041711401
7201660299,Chong S.A.,,105011346615
7201665223,Levy H.P.,,79955896803
7201666856,Krueger J.I.,0000-0001-9607-1695,85124911908
7201667080,Holmes E.,,79955689040
7201667496,Hartmann M.,,85159768616
7201675447,Morrison M.,,85084796391
7201681809,Mayer K.H.,,85118631537
7201684101,Shepherd D.,,105000011283
7201692816,Tam K.,,78649926201
7201704136,Lucas R.,,85074286911
7201720005,Freedman A.,,79953841969
7201741106,Kay A.C.,,84929055454
7201745972,Olsson T.,0000-0002-1106-2544,85199998314
7201763848,Rubin E.V.,,85185664761
7201765085,Skinner C.H.,,78650060803
7201772464,Warner T.D.,,79959287525
7201777329,Pope C.,0000-0002-9761-9007,85053865862
7201800171,Simpson S.S.,,85044969206
7201824293,Gibson C.C.,,85101402918
7201825206,Ferrara A.,,85067794991
7201833735,Horowitz J.,,85134062755
7201836009,Larson L.M.,,77649275522
7201847561,Baldwin D.R.,,85032789741
7201854557,Núñez J.,,85107628562
7201862387,Rousseau D.L.,,85150423592
7201869563,John P.,,105005845952
7201875764,Collins B.,,83655211490
7201897007,Frey B.S.,,84882800743
7201899724,Diamond J.,,85144636953
7201903920,Clarke G.N.,,84876815115
7201905320,Chou K.,,85019683705
7201911066,Walker I.,0000-0002-1020-5873,85129186966
7201941508,Chandler J.J.,0000-0001-8151-0915,85063030326
7201943246,Barrett C.B.,0000-0001-9139-2721,85164359227
7201951159,Goodwin S.A.,,84914810204
7201974520,Mann G.J.,,84908356568
7201984568,König H.H.,,84867432689
7201984715,Lam L.W.,,105042156724
7201986958,Xue Q.L.,,105023525899
7201993317,Payne R.A.,,85192800629
7201994416,Meier H.E.,,85173783559
7201998347,Webster D.W.,,84879423612
7202006759,Hammond D.,0000-0001-8197-6010,85100348819
7202010780,Hammond G.,,85172665073
7202014301,Arnold L.E.,,85030317816
7202029536,Hawkins D.,0000-0002-7428-4013,105025533322
7202037095,Murray G.R.,,85215262898
7202050232,Jerome R.N.,,85116548497
7202052377,Howell D.,,85060336598
7202053721,Goldman H.H.,,84920264253
7202058619,McDermott M.L.,,84943426191
7202066837,Tremblay M.S.,,85074334678
7202079168,Wells G.L.,,85150783408
7202087525,Feng B.,,105019365223
7202133663,Fang D.,,85134596308
7202134386,Marques A.,,85037336647
7202158185,Iyengar S.,,85032616840
7202173513,Powell B.,,85089319442
7202178627,Stewart T.L.,0000-0001-6654-4869,85190142398
7202190040,Duan Y.,,84897615862
7202193884,Crawford S.,,85143379923
7202194915,Stein E.,,85100432484
7202201666,Agarwal M.K.,,85112538324
7202211585,Zakharov A.,,105023538588
7202213150,Schneider I.E.,0000-0002-2745-3283,85104966575
7202222682,Okazaki S.,,84874376108
7202240979,Gore J.S.,,84861012425
7202254042,Robbins M.D.,,85213893857
7202275111,Wells S.J.,,85139056396
7202276055,Hunt M.O.,0000-0001-5505-4338,85194245818
7202279174,Parry J.A.,0000-0003-1643-9459,85101964602
7202284333,Franklin M.,,84912107871
7202288188,Peterson S.K.,,85092141172
7202296100,Goldstein N.E.,0000-0002-3333-2277,85152410500
7202299028,Webster M.,,85058384161
7202304945,McKenzie D.,,105029719824
7202306004,Short J.C.,,105002264336
7202310505,Gallagher T.H.,,85115088848
7202316609,Prakash A.,,105039827469
7202338153,Davies W.H.,,105005072937
7202352284,Jensen C.,,85192691063
7202357934,Gordon K.E.,,85202906321
7202374477,John R.S.,,85035044091
7202386828,Savage M.,,84931446329
7202391795,Read J.P.,,84925842214
7202407853,Hirose Y.,,85124075941
7202410387,Sinclair M.,,85100618045
7202411569,O'Brien E.J.,,84873905027
7202426612,Briggs M.,,84892582359
7202434768,Jørgensen B.B.,,84901288372
7202441372,Kovacs A.,0000-0002-2687-0384,85103442864
7202490225,Schubert R.,,105037769935
7202496604,Schlesinger M.J.,0000-0002-7142-8667,105038393810
7202497806,O'Sullivan M.J.,,85206015179
7202511399,Jordan A.B.,,84958043605
7202512089,Jiménez R.,,85076296802
7202516330,Cohn L.D.,,85047404230
7202520960,Xiao M.,0000-0002-5407-0835,105031155257
7202533683,Franz M.M.,,84923924266
7202536050,George W.H.,,85114888366
7202536646,Ball S.,0000-0003-1178-7454,85130212571
7202541578,Walker H.J.,,85127260403
7202541926,Conrad M.,,84907991774
7202547438,Appelbaum P.S.,,85137778566
7202561946,Wyatt J.C.,,81055123996
7202563432,Law K.S.,,85187524531
7202565796,Olsen S.R.,,85082815928
7202568159,Kent R.,,77957714383
7202578768,Grossman M.,,84921995261
7202597093,Collins L.M.,,105049005827
7202599622,Russo J.,,84870521919
7202601585,Kaiser H.M.,,85003010167
7202621447,Wise S.,,85174687665
7202626958,Eriksson J.,,84883438761
7202632232,Allen K.R.,,84885756740
7202638021,Armstrong P.I.,,77649275522
7202655127,Fishman J.,0000-0003-2867-8166,105014408667
7202672977,Levine L.E.,,77249149886
7202673098,Levine L.J.,,85096399047
7202676987,Janssen R.,,85187459320
7202685101,Mullen K.J.,,85066037691
7202697177,Huber P.W.,,85124870250
7202706325,Siegel D.,,85066939224
7202708025,Wallace H.M.,,84863117576
7202742204,Walsh W.J.,,84873497711
7202762129,Larson E.,,79957959068
7202764313,Middleton J.,,84897086175
7202771294,Janssen M.A.,,85119660472
7202797906,Walsh G.,,105005147981
7202800344,Maxwell S.E.,,85143761744
7202802174,Pedersen A.W.,,84978759442
7202807447,Scholz R.W.,,84938207126
7202816237,Wiley J.,0000-0002-2590-7392,85171265737
7202828545,Browne J.V.,,105009876071
7202835055,Byrne D.W.,,85116548497
7202857775,Bass J.,,85065246498
7202865899,Winter H.V.,,85101702478
7202882674,Swanson J.,,85138166058
7202902807,Alvarez R.M.,0000-0002-8113-4451,105034574961
7202903687,Harwood J.,,84896989950
7202920179,Burton M.,,105003589132
7202924037,Guan Y.,,84933557964
7202928873,Chaudhuri A.,,77955092872
7202932445,Slater M.D.,,85170844084
7202939225,Morris K.A.,,84914810204
7202943997,Byrne C.A.,0000-0003-3418-9596,105001797449
7202944786,Ottoni-Wilhelm M.,,84973124416
7202969222,Levin D.Z.,0000-0003-2230-2520,85179832749
7202976305,Gibson B.S.,0000-0002-7513-3794,85143761744
7202998395,Eriksson K.,,85042780371
7203000791,Mcleod D.M.,,85176414741
7203008324,O’Neill B.,,85059587282
7203015854,French D.P.,,85216715166
7203016215,Soler M.,,85152410500
7203019549,Unger J.B.,,105034274748
7203025401,An S.,,85044964865
7203025729,Burgess D.J.,0000-0003-1139-7739,85053865862
7203042046,Lawrence A.B.,,85102434642
7203049407,Abraham K.G.,,85079014176
7203065569,Peters E.,,84977090447
7203084492,Pratt J.,,85044393950
7401434466,Bennett G.G.,,105049005827
7401448151,Wood S.,,85124811069
7401463172,Macdonald D.W.,,85101985746
7401471711,Choi I.,,85070854192
7401476552,Gordon C.,,85159946436
7401484287,Myers D.,,85099018607
7401486260,Garcia C.,,85049318932
7401497949,Datta S.,,85032789741
7401506997,Adams G.A.,0000-0002-8992-6111,85140959796
7401537187,Harris L.R.,,85099061029
7401547451,Owens D.K.,,105029611594
7401563996,Schmidt L.A.,,105015555409
7401595397,Jackson T.,,84955502797
7401598035,Parker K.A.,,84957847950
7401604993,Uchida Y.,0000-0002-8336-2423,85142236426
7401610347,Ross S.R.,,79960281950
7401620196,Butler D.M.,0000-0001-7419-2402,105035638675
7401622382,Hoffmann R.,0000-0001-7763-4392,85136733919
7401624199,Yates J.,0000-0003-0208-5119,85174161688
7401631176,Allen L.A.,,85047911196
7401647326,Parker S.K.,,85124220187
7401651311,Brooks S.G.,,85111880408
7401656279,Ford R.,,85062446861
7401670721,Mehta S.,,85210769305
7401680583,Barker J.C.,,85042933726
7401733959,James D.J.,0000-0001-5160-4486,85126624477
7401750083,Bernstein D.M.,,85088799859
7401766949,Phillips T.B.,,105018032309
7401770898,Miller F.A.,,84864133229
7401775993,Norris J.,,84983535183
7401787444,Jensen M.L.,,85112649803
7401815429,Cheng Z.M.,,84910069085
7401842287,Pereira M.G.,,85123284003
7401866352,Friedman J.,,85030461506
7401867424,Schwartz B.,,84871916957
7401873822,Wood B.D.,,84900454629
7401877928,Clarke P.,,105023538588
7401878036,Clarke P.,,84878947726
7401909396,Kerr J.M.,,85032190652
7401916928,Palmer M.,,84896057884
7401917152,Bell K.P.,,84973640760
7401922745,Epstein A.J.,,85027916630
7401923273,Phillips W.,,84906994329
7401946510,Marsh J.,,85042490223
7401952529,Walsh C.,,85134493142
7401966575,Steinberg M.B.,,85110412461
7401977167,Richardson M.,,85150751341
7401984621,Hahn S.,,84888631024
7401992187,Daly J.,,85028723255
7401996030,Fisher E.,,85214305683
7402015869,Feldman S.,,85073919604
7402021973,Wong B.,,85112764069
7402041086,Carpenter J.,,84908552806
7402060418,Johnston M.,,85050947655
7402063381,Kim A.G.,,85126624477
7402084714,Bishop J.A.,,85210429818
7402089792,Stevens C.J.,0000-0002-2390-1763,105031215334
7402109999,Page R.,0000-0002-2225-7144,85159549247
7402130924,Fisher C.B.,,85097535412
7402131966,Fisher B.,,85130942784
7402133582,Wagner T.H.,0000-0001-7625-3504,85115088848
7402136237,Andersson K.,,85121108025
7402136911,Rose R.L.,,85138717027
7402143162,Myers M.F.,0000-0002-6845-5226,85053701626
7402148189,Sherman M.F.,,77953598313
7402148747,Jiang T.,,85099689161
7402156834,Nakayama S.,,85042768893
7402158920,Shapiro M.A.,,84897628117
7402165249,White I.K.,,85049596734
7402180584,Morgan S.J.,,105012935442
7402192384,Young B.,,85123966933
7402220991,Baum M.A.,,85172870189
7402221313,Yan W.,,85217803248
7402253242,Wood T.,,85142142962
7402256649,Berry D.,,80052938439
7402262998,Dean R.T.,,85052215054
7402265271,Kane R.L.,,85044150697
7402270439,Xue Y.,0000-0001-7199-8662,85161655914
7402299584,Richards A.,,85035217305
7402334682,Kim P.S.,,105011277248
7402342187,Cunningham J.A.,0000-0002-0668-5982,85099926829
7402345003,Rogers W.,0000-0001-9186-870X,85128329555
7402350036,Knight D.,,85165700640
7402358605,Brooks R.C.,0000-0001-6926-0781,85191982153
7402368520,Robertson G.B.,0000-0003-1255-218X,85178200337
7402371339,Shah D.V.,,80053525236
7402381195,Sullivan K.A.,0000-0002-5952-5114,105036646165
7402382081,White H.A.,0000-0002-8028-4271,85129301331
7402440305,Fisher G.,,105002264336
7402450733,Fitzgerald J.T.,,85106536874
7402455074,Howard M.O.,,84925466972
7402460571,Ho T.,,84860132390
7402481134,Agarwal R.,,85047779311
7402530721,Jacobs A.M.,,84907991774
7402541718,Tseng C.L.,,85201010007
7402542136,Wagner K.D.,,84876815115
7402544503,Kahn J.,,84986232759
7402549844,Jung M.E.,,79959356566
7402556147,Gray S.W.,,85052636854
7402577793,Wagner B.,,84857191191
7402588586,Wolf C.A.,,85138166058
7402593082,Ferguson M.,,84925407914
7402603309,Stevenson R.,,85059835930
7402604702,Baker T.L.,,85069850862
7402622413,Elliott M.N.,,84987624351
7402622474,Elliott M.,0000-0003-1738-9887,105004433291
7402644599,Pan Z.,,85163856242
7402657185,Koch C.,,85082815928
7402681859,Fang Z.Z.,,84919666987
7402685635,Carey J.,0000-0002-1426-1565,85174056404
7402687512,Chan T.,,84860132390
7402696619,Rogers M.,,79959287525
7402710009,Evans S.,,84954290347
7402727779,Mao J.,,84921672907
7402732705,Fu S.S.,,84903310507
7402751884,Gross J.J.,0000-0003-3624-3090,85207105648
7402774124,Levy S.,,85206656921
7402786742,Peters K.R.,0000-0002-4107-6664,85107687957
7402808850,Cohen H.,0000-0001-9814-1466,85197394346
7402819677,Su C.,,85054560559
7402850115,Edwards M.,,85158850487
7402861587,Murphy K.,0000-0002-5417-9566,85165260810
7402862056,Mills J.S.,,84948955567
7402866124,Berger P.G.,,85187666328
7402882449,Olson J.N.,,85218748893
7402886108,Banerjee A.,,84987971082
7402916690,Burke J.D.,0000-0002-1763-3133,85210909449
7402918561,Stewart M.,,84891494021
7402920954,Fischer M.R.,,105049021547
7402924479,Ma C.,,85041662076
7402932559,Hawkins R.,,85027503309
7402952296,Stein R.,,84989270886
7403036731,Taylor B.J.,,85100618045
7403040213,Friedman L.,,105041458788
7403041551,Wong Y.J.,,82455192577
7403057334,Taylor H.,,77549086343
7403065717,Mayer R.E.,0000-0003-4055-6938,85089966373
7403101665,Moore W.H.,,85029532448
7403127682,Hay J.L.,0000-0002-3492-9331,85090124331
7403134618,Kanda T.,0000-0002-9546-5825,105019182032
7403137540,Kelly D.,,85039852261
7403139654,Gao F.,,105002322896
7403146779,Zheng S.,,85105941450
7403155083,Hoffman M.B.,,85205233423
7403159918,Furukawa T.A.,,85060535430
7403165192,Bernard J.C.,,85003010167
7403188439,Huang K.Y.,,84872173752
7403211347,Lane D.R.,,84890056315
7403215280,Turner M.M.,,85208225211
7403240844,Cox D.,,84921690908
7403281165,Saha S.,,105000173185
7403332071,Rice R.R.,,84991260524
7403342415,Shaw D.,,105035361015
7403353347,Cohen G.,,85067794991
7403358478,Ng S.M.,,85171185819
7403362701,Sanchez E.,0000-0002-9646-8198,85126624477
7403373219,King A.C.,,105049005827
7403383173,Watson A.C.,,84929024436
7403384886,Weber R.A.,,85105655488
7403389716,Gibson J.L.,0000-0002-2571-6596,105046286365
7403416314,Schmidt A.,,105012935442
7403429494,Scott C.,,105047767875
7403482947,Brooks D.,0000-0002-8458-5047,85126624477
7403523187,Taylor K.I.,,84855900043
7403560992,Hasegawa K.,,105001316305
7403566589,Thompson W.B.,,85120166900
7403578364,Zhao S.,,85137740809
7403581267,Harvey J.F.,0000-0002-4967-2807,85211077880
7403583880,Murray M.M.,,85064219014
7403636133,Harris P.A.,,85116548497
7403639316,Imai K.,,85041286906
7403642924,Stewart D.E.,,85189334657
7403669857,Dixon J.A.,,84923383987
7403699287,Schmidt G.,,84866931051
7403735010,Evans G.,0000-0003-0237-1481,105043829051
7403886770,King M.T.,,85204159513
7403888064,Shah S.K.,,85102153409
7403898480,Shaw J.E.,,85138491739
7403932394,Adams R.B.,,105038898483
7403933485,Davidson J.R.,,84862565840
7403959608,Xie Y.,0000-0002-3240-8620,105010344750
7403974446,Mitchell R.,0000-0002-2059-5449,105042156724
7403980982,Levy J.S.,,84943355793
7404017438,Fisher J.,0000-0002-3527-9422,85137246603
7404029992,Roberts M.C.,0000-0003-1955-8672,85210909449
7404059382,Morris R.K.,,79960357480
7404087309,Edwards D.F.,,85171599946
7404176005,White M.P.,,105005171818
7404207658,Davies M.L.,,84890442716
7404280363,Fox J.P.,,76749143734
7404309112,Jackson R.,,78650087695
7404319111,Brown T.L.,,85102956801
7404360417,Davis C.L.,0000-0002-8376-1221,85203210826
7404385954,Green D.P.,,85125280963
7404401863,Wood D.A.,,85029899133
7404402078,Wood D.,0000-0003-1625-0656,85217922835
7404416252,Walsh J.I.,,85193394259
7404423081,Schneider J.,,84991260524
7404424769,Anderson P.L.,0000-0002-3811-9088,85159361979
7404426611,Smith I.M.,,84894142099
7404439492,Xu S.,0000-0002-5715-8314,85181240716
7404448261,Hill M.,,85101980921
7404472169,Yang B.,,85059932376
7404491216,Park M.C.,,85028360161
7404496375,Campbell D.E.,0000-0002-6360-7315,86000427712
7404497699,Campbell D.G.,,77950872530
7404505875,Kim E.,,85165329556
7404529231,Clark M.H.,0000-0002-1959-5767,105046416933
7404530101,Wilson G.,,84978906427
7404538959,Evans M.D.R.,0000-0002-8072-0854,85142289808
7404587844,Roy S.,,85090051415
7404592408,Tang Y.L.,0000-0003-0958-7904,105036850019
7404608275,Garcia A.M.,,84912107871
7404625166,Gordon J.C.,,84926329407
7404642803,Graham J.D.,,85085095151
7404680489,Johnson E.W.,0000-0001-8725-5177,85192536702
7404684775,Cheng S.T.,,85063936433
7404748011,Johnson B.B.,0000-0003-2264-5419,85141045383
7404777160,Choi Y.K.,,85147371080
7404822067,Taylor C.R.,,85147371080
7404828393,Sun H.,,85081954946
7404832715,Jiang Y.B.,,84897615862
7404852159,Lee G.,,105011277248
7404928873,Walker R.L.,,79961001062
7404929478,Walker R.M.,0000-0003-1503-1814,105046885381
7404938048,Moore R.L.,,85018466285
7404943861,Müller H.J.,,84961315236
7404961184,Shimizu K.D.,,85054976638
7404978436,Miller G.,,85068601071
7405375250,Park Y.E.,,85086329694
7405388601,Brown M.A.,,105000751724
7405670574,Johnson C.,0000-0003-3435-4774,85152255039
7406100627,Meyer J.,,84938687610
7406120357,Lee P.,,78649926201
7406220181,Huang Z.,,85142840859
7406356601,Brown R.D.,,84863117576
7406357800,Brown R.A.,,85196196052
7406453167,Xu Y.,,105034525546
7406554123,Williams D.,,85102574877
7406604498,Johnson M.K.,,105042428497
7406686684,Wang M.,0000-0001-7004-3549,85085388354
7406760277,Smith T.,,85100266562
7406780901,Anderson J.,,84983672061
7406966866,Lee E.W.M.,,85208955476
7407005822,Xu J.(.,0000-0002-9875-7620,85183168596
7407101741,Jones A.,,105026794788
7407666255,Evans J.H.,,105025096143
7408344738,Miller D.A.H.,,85209586542
7408551539,Xu J.,,84991662024
7409117276,Lee M.J.,,85041300448
7409450116,Brown J.,,77954127712
7409487569,Chen Z.X.,,85088976785
7409825698,Lam W.F.,,105048151590
7409875726,Kim C.,,85046077336
7410060094,Jianchang L.,,84884198040
7410196646,Kim Y.,0000-0003-2764-7907,85106751692
7410339072,Wang S.J.,,85147008573
7501437381,Lee T.M.C.,,84921032696
7501438338,Lee T.,0000-0002-5143-7654,105040003129
7501565805,Kim B.,,85189476949
7501599940,Miller J.,,80053342980
7501600009,Miller J.,,77950207581
7501600113,Miller J.M.,0000-0002-9823-5005,105031938212
7501643511,Wang C.L.,,85107701466
7501853873,Wang X.,,85050904086
7501888040,Chen J.,0000-0002-1038-4162,105003267511
7501961714,Chen C.C.,,84964786204
7601342104,Zhang J.,,85075458174
7601365513,Kim J.A.,,85090251794
7601400478,Lee S.Y.D.,0000-0002-0209-3234,85106536874
7601572491,Evans D.,,84872173752
7801315826,Douiri A.,,84870521919
7801318729,Gierzynski A.,,85186226465
7801334003,Sapat A.,0000-0002-8575-0104,105002034673
7801340552,Yali A.M.,,85065039034
7801342740,Bokhour B.G.,,85115088848
7801343604,Chihak B.J.,,78650161131
7801347840,Kinard B.R.,,85075172145
7801355675,Zikmund-Fisher B.J.,0000-0002-1637-4176,105046250522
7801356260,Arazan C.,,85058398410
7801359576,Cuite C.L.,,85042088071
7801365428,Ledu C.,,85049318932
7801373291,Walko C.M.,,84892777168
7801376387,Canetti D.,,105031648229
7801380726,Hillygus D.S.,0000-0001-9057-3344,85193742018
7801381178,Irimia D.,,85133243152
7801421758,Varone F.,,105001969901
7801425773,Cohen-Blankshtain G.,0000-0003-4728-9924,85104892425
7801454740,Westskog H.,,85032805465
7801460669,Kume I.,,85172388867
7801465957,Vermeulen I.,0000-0003-3589-8773,105038656405
7801469060,Blauwkamp J.M.,,85130930099
7801470178,Byrd-Craven J.,,85129463697
7801472858,Derrfuss J.,,84960408856
7801478868,Junn J.,,85120605328
7801491424,Tama J.,,85082196062
7801492088,Transue J.,0000-0002-0416-5377,85134587163
7801495212,Acres K.,,84855900043
7801495824,Auret K.A.,,84954290347
7801498382,Esterling K.M.,,85087314530
7801499059,Gërxhani K.,,85209751423
7801499241,Goedert K.M.,,84925554604
7801502777,Lipsitz K.,0000-0002-9192-836X,85178200337
7801512349,Cannada L.K.,,105012935442
7801524453,Son Hing L.S.,0000-0003-1641-1202,105034686182
7801525844,Van De Wijngaert L.,,84888615520
7801526380,Vyas L.,,85019683705
7801540911,Hanmer M.J.,,85177852839
7801546926,Luebker M.,,85128868859
7801555888,Sarlo M.,0000-0001-6652-7604,85122651404
7801581983,Trendel O.,,85015636342
7801581984,Treib O.,0000-0002-2273-4043,85209079402
7801587816,Fosh P.,,85178136111
7801594687,Peristeraki P.,,84873739468
7801597472,Sritipsukho P.,,84994731782
7801605044,de la Sablonnière R.,0000-0003-2534-7142,85165561626
7801618997,Stubager R.,0000-0002-5473-6799,85176091880
7801620216,Valkanov R.,,85199293435
7801629573,Gollust S.E.,,105023525899
7801631686,Jagers S.C.,,105034645576
7801633665,Kronlage S.,,85150751341
7801637033,Muzatko S.,0000-0001-6336-7000,85164369445
7801644544,Uebelmesser S.,0000-0001-5889-9061,105046337831
7801649376,DiDonato T.E.,,84930163022
7801656367,Quest T.E.,,85126899508
8043641100,Tyrberg M.,0000-0003-2648-1036,85194398379
8045501300,Pressman J.,,85058660756
8046846900,Wilson K.A.,,85177185702
8047778400,Raven E.,,85150751341
8049965300,Wang M.Q.,,85059665756
8051623100,Slaughter V.,0000-0001-9315-1497,85164454223
8056411800,Smith E.R.,,105031357674
8057059900,Beeman M.,,85074284663
8061655500,Bison I.,,85074116249
8062083300,Gold C.,,84904017717
8063061900,Thirlaway K.,,84885663717
8076900100,Jackson M.S.,,79960194061
8079415100,Gorodzeisky A.,,85185333173
8086535000,Van den Noortgate W.,,85077167425
8086935100,Sánchez-Rodríguez C.,,84957945528
8091768400,Senn O.,,84885021315
8101587100,Simi P.,,105035908514
8104436200,Plumm K.,,85021979578
8107938700,Kavé G.,,85195001548
8110269300,Igartua J.J.,,84884231395
8111398100,Albæk E.,,85107877075
8111955000,Siff T.,,85150751341
8113149300,Yang Z.,,85124228884
8122603500,Skinner J.,,84971454036
8122640200,Peperkamp S.,,79951581795
8122946700,Ziegelmayer J.L.,0000-0002-9674-6557,85148661109
8123877900,van der Laan P.H.,0000-0002-1986-914X,105001068201
8125377800,Sapyta J.,,84912107871
8131491700,Nittono H.,,85126972919
8131742200,Toyomura A.,,70849100852
8134419900,Rudra N.,,85176357994
8136378100,Thiele K.,,84862565840
8151679600,Ganis G.,,84988005883
8159413200,Tucker J.A.,0000-0003-1321-8650,105014443993
8161713500,Watson V.,,85120313779
8162069400,Psaltis C.,,85132859647
8204443000,Johnson M.T.J.,0000-0001-9719-0522,85118139725
8206182700,Dickter C.,,85060990785
8207004200,Daigle L.E.,0000-0002-4879-1441,105012565726
8209626700,Eesley C.,,85195339204
8212680800,Stryker R.,,85103651880
8213303300,Molina L.E.,,85172081356
8214890500,Thorp S.,,84868192082
8218007900,Otte G.,,84880815047
8218844000,Piazza J.A.,0000-0002-6557-0894,105036804923
8220544800,Reinecke L.,,85114651165
8220944500,Ollila S.,,85139044767
8221365600,Mishra S.,,84985036827
8222036700,Stamm-Balderjahn S.,,85117767363
8222193400,Barrutia J.M.,0000-0002-1179-8359,85145502894
8223849100,Bellebaum C.,,85065103450
8223892400,Kam C.D.,,85076668775
8226059400,Cerjak M.,0000-0003-0696-4364,105042589389
8227291000,Langley D.J.,0000-0002-7652-8886,85180970215
8228285600,Taitsman L.A.,,105012935442
8230767800,Willness C.R.,,84963704539
8231248500,Plouffe C.R.,,85054761412
8242226400,Salganik M.J.,,85025667086
8258986200,Storm B.C.,,85114398696
8263376900,Gilardi F.,0000-0002-0635-3048,105003501671
8263378800,Wittrock J.,,85075214969
8265725400,Opler M.G.,,84883120037
8266697100,Hayes D.,0000-0003-1950-1617,85115653937
8269742900,Reysen S.,0000-0002-6685-7977,105040388615
8272916500,Cahill A.G.,,85204146482
8280022300,Meseguer C.,0000-0002-8469-3988,85205287816
8280142500,Caspi A.,0000-0003-0619-6772,85197245357
8285226600,Lujala P.,0000-0002-8225-958X,105008650143
8286235900,Sager F.,0000-0001-5099-6676,105016381567
8286650200,Tussyadiah I.,0000-0003-0729-1712,85068601071
8287641900,Kraan G.A.,,105012935442
8287965300,Hwang J.,,79957726502
8290499400,Wang Z.,,84921032696
8292674500,Bafus T.,,85150751341
8298262700,Jamelske E.M.,,85007179001
8304553100,Miletić F.,0000-0003-1147-196X,85193254362
8309922800,Rosemann T.,,84885021315
8310773000,Mirman D.,,84899848231
8315898300,Mullineux J.,0000-0001-6631-0720,85067639704
8317030200,Frederick D.,,84899913089
8317301600,Hadjiyannakis S.,,85030317816
8324411200,Reed L.I.,,85087099737
8325017100,Demski C.,0000-0002-9215-452X,85205511533
8326741100,Kumlin S.,,85147597298
8326742300,Zechmeister E.J.,0000-0002-9820-5674,105007880008
8327141400,Upham P.,,84943251131
8327638900,Friborg O.,,85046294101
8327812800,Galvagno S.,,84875243382
8327813300,Portofino S.,,84875243382
8328458400,Magelssen M.,,84965056785
8330332100,Hayeems R.Z.,,85123307033
8330339900,Stewart P.,,84931440609
8336486900,Caren N.,0000-0003-1704-5494,105028398409
8339795200,Barnett D.J.,,85136089056
8343638400,Peytchev A.,,77954506506
8352945800,Kayser M.A.,0000-0001-6195-405X,105030609933
8353542600,Elshaug A.G.,,85057062341
8353818800,Mütsch M.,,85083421868
8355028700,Hutchison M.,,85165944053
8357007400,Horwitz R.,,79959287525
8357242600,Yiannaka A.,,85066069529
8357720500,Holmqvist K.,,85048150224
8357720600,Nyström M.,,85188150268
8363570600,Wiggins B.J.,,85064149443
8364233300,Martins R.,,85207155208
8370421600,Hetling A.,0000-0002-7012-7336,105003802813
8372435100,Murphy G.K.,,84988353058
8378436800,Langton L.,,77956070111
8379189600,Merolla D.M.,,85073519390
8380281800,Mulder L.B.,0000-0003-3203-7601,105007135249
8382321900,Witte T.K.,,85079035015
8383675800,Jansen J.,,85188423659
8383778400,Pisani A.R.,0000-0003-4698-8432,85062658754
8387044200,Baron M.,,84882893419
8387831800,Gan S.,,105018916730
8393243800,Trepte S.,,85048196425
8395317000,Wu J.,,85217803248
8397042200,Shiomi M.,,85126972919
8402743000,Rees J.R.,,85170631568
8402976800,Li H.,,105031125434
8403011700,Karmaliani R.,,85078176818
8406170000,Menold N.,0000-0003-1106-474X,85215434168
8408715900,Zhou X.,,85137176216
8411190000,Chow C.W.C.,,85130792696
8411889500,Hendershot C.S.,0000-0002-5328-2035,85099926829
8417608800,Wilson P.,0000-0002-8555-4410,105043329814
8419848100,Piotrowski S.J.,,85087950052
8421659200,Nam C.S.,0000-0001-9005-0703,85068528857
8423020600,Cude B.,,84946430692
8423044300,Taylor L.D.,,85026551749
8423547700,Bayulgen O.,,85052866331
8426090100,Carpenter C.S.,,85143974910
8426828000,Khanal S.,,85061505149
8433399700,Fonseca M.A.,,85049078927
8434371000,Boas T.C.,,85110231265
8438953000,Klippel A.,,85051931514
8439583000,Thorlakson L.,0000-0002-5915-1247,85123191218
8442337500,Löckenhoff C.E.,0000-0003-1605-1323,105045022239
8445712600,Sherman D.K.,,85120425286
8449993000,Gosens T.,,85150751341
8450646900,Zablah A.R.,,85138717027
8452722700,Drosdowech D.,,85150751341
8453698600,Lee A.,,85047248414
8454505600,Bardsley N.,0000-0003-1181-4432,85129851787
8454892200,Shaw B.,,105030283088
8501538600,Moser J.S.,,84906765911
8502219100,Reil K.,,85126624477
8502522300,Wrohlich K.,0000-0002-3648-4022,85204465397
8502938900,Besley J.,,85024397757
8505926100,Fair C.C.,,85050879385
8506826900,Van Kerm P.,0000-0002-0639-9097,105046174535
8512676000,Shanahan E.A.,0000-0002-1074-5570,85177174857
8513879000,Goldsmith B.E.,0000-0002-3247-3174,105002696147
8515509000,Lagerkvist C.J.,0000-0003-1191-9445,85199271305
8515838900,Spaniol J.,,85021980053
8523543800,Lee C.,,84876497071
8523878800,Yang K.,,85147521462
8525738700,Ozbay E.Y.,,85079014176
8529431900,Bi Y.H.,,85056155019
8531280400,Anglin D.M.,,84883120037
8532341000,Gramacho W.,0000-0002-7159-3339,105033107291
8532420500,Wauters B.,0000-0003-4216-2094,85210157920
8534173800,Marcianò A.,0000-0003-4719-110X,85166440803
8534629100,Faas T.,0000-0003-3192-1155,85188193056
8541094200,Pieterse A.H.,0000-0001-6395-0052,85118542681
8547908900,Geys B.,0000-0003-4524-1820,105005871889
8548678900,van der Flier W.M.,,85211183390
8549630400,Galea G.,,85196834368
8550046900,Sniehotta F.F.,,105045922287
8551353900,Rancourt D.,,85147000889
8551777300,Baughman K.R.,0000-0002-3128-3627,85097503187
8554077200,Eaton L.A.,,85196879542
8554152100,Sikorskii A.,,84971472409
8554420500,Mahoney C.,,77549086343
8556223900,Maurer M.A.,,85214305683
8564004900,Grose C.,,85120605328
8564407300,Ng T.W.H.,0000-0002-3179-4224,105033565486
8564989200,Lyons M.S.,,85129685284
8567095900,Gorodnichenko Y.,,85176125172
8570383400,Choi S.Y.P.,,84863146669
8570691800,Bauer S.,,105013236358
8582308400,Laubenstein M.,0000-0001-5390-4343,85166440803
8583633000,de Bruin M.,,85187459320
8584320900,Deng X.,,85026369863
8585057900,Ollier S.,,84857972862
8585315300,Muehlfeld K.,0000-0003-2212-5405,85171625391
8587973200,Raeder S.,0000-0002-4227-2878,105030476188
8591666000,Felfe J.,,105016827169
8594652000,Rudloff P.,,85100479968
8596011800,Brooks S.M.,,105038368441
8598418000,Paler L.,,84896952605
8598716700,Rottenberg J.,0000-0001-6128-4359,85147654005
8598918300,Humphreys M.,,85169031854
8599415600,Trivers K.,,80053342980
8599497600,Cho W.,0000-0002-7214-6784,105036195879
8599938300,Ivarsflaten E.,0000-0002-7279-9718,85182896373
8602816500,Jeglic E.L.,,84984907254
8606720300,Kagaayi J.,,85070899643
8607145700,van den Putte B.,,85048372318
8607582800,Sana M.,,84962483337
8607741000,Wiehe S.E.,,85060811119
8611887200,Dickert N.W.,,85102153409
8612095100,Brugger F.,0000-0003-1992-4492,85116896142
8618157500,Ladi S.,0000-0002-3021-3352,105031663519
8619546600,Taylor B.C.,,85053865862
8621792400,Ferreira-Borges C.,,85196834368
8622257000,Goette L.,,85184479861
8622648000,Khapova S.N.,,85138585631
8622798000,Wang Y.,,77957714383
8625366600,Cassin S.E.,0000-0003-4930-4681,105010269457
8625415900,Healy A.,,85021435952
8628031000,Hassner R.E.,0000-0002-6590-4778,85127870140
8629191300,Christensen R.K.,,85174403230
8633157200,Umeda S.,,80755153647
8633490700,Mundaca L.,,85205141458
8636120200,Söderlund P.,,85124773382
8637219300,Bekkers R.,,85079422155
8641308500,Schmutz V.,,105018823077
8644958800,Anderson D.L.,,84896393086
8645587000,Han P.K.J.,,85167575127
8647812300,Ahmed Z.,0000-0002-9957-448X,105011302164
8649656200,Golder S.N.,,85150968807
8651100300,Tepe S.,,84880966556
8653234400,Garcia S.M.,,85038873543
8654280400,Pinto L.C.,,85121692384
8654532300,Hubmayr J.,0000-0002-2781-9302,105011302164
8655666700,Chan K.,,78649926201
8657683700,Wernberg T.,,84903378681
8659844900,Hladik W.,,84964388808
8660216900,Cammett M.,,105007867140
8662025400,Taieb-Maimon M.,,79551498300
8662364900,Wincent J.,0000-0002-3135-5571,105000011283
8664791800,White P.,,85126899508
8666819000,Boyd C.M.,,105023525899
8666979500,Thompson D.V.,,105032831447
8670489200,Engel S.,,84928140997
8670751800,Rawlings C.,,105018331049
8671817200,Thorbjørnsen H.,,105034182783
8673285100,Abrajano M.A.,,85041184497
8674558800,Pearce M.T.,,85068940978
8678597300,Summerville A.,,84982798859
8679103400,Kallbekken S.,,105038998598
8680942100,Arnberger A.,,85104966575
8683912800,Simmons P.,0000-0003-0985-5913,85105079678
8683921000,McLean K.C.,0000-0003-3973-1786,105016113585
8683928200,von Hippel C.,,85203281551
8683998000,Kampschulte L.,0000-0002-9063-1089,105016815541
8686296400,Howard K.,,84908356568
8687333300,Nillesen E.,0000-0001-7364-5510,105029240991
8688773900,Rossmo D.K.,,105007161711
8689375500,Richman L.S.,,85027928943
8690478100,Siegel J.T.,,85081420498
8691439100,Harris P.R.,,84928766455
8691948600,Snook B.,0000-0002-2739-5474,85201268174
8698423600,Hafner-Burton E.M.,,85029288323
8699992100,Kopelman S.,,84943455083
8702557600,Hansen E.M.,,80054739523
8704131700,Moorhouse T.P.,,85183525068
8704136100,Knaak S.,0000-0001-7663-3451,85123260351
8708847900,Anagnostou E.,,85030317816
8712792100,Le B.,,85091101136
8713572600,Hogarth L.,0000-0002-0299-5748,105038135574
8713583800,Matlock T.,,84904884986
8714491500,Desrichard O.,,85185348778
8716132600,Maklan S.,,84960087453
8716453800,van Weert J.C.M.,,105016381894
8717182200,Roberts C.,,105019810298
8717253900,Mica L.,,105012935442
8717421500,van Gemert-Pijnen J.E.W.C.,0000-0001-6511-7240,85114645406
8717828400,Curran J.A.,,80055118123
8718876900,Lo S.,,78649926201
8719244500,Leland S.,,85152439326
8720425100,Greiner B.,,85215807404
8721680300,Ter Bogt T.,,85014010934
8723552900,Burton J.P.,,85067883628
8724595900,Samson F.L.,,84891869248
8725089900,Viljoen J.L.,0000-0002-1609-0202,85102009175
8728954200,Indig D.,,85061505149
8729048100,Kiviniemi M.,0000-0002-1299-8416,85090124331
8729104200,Reynolds A.,,85100747088
8729573300,Mackert M.,,85204146482
8729838700,Woodzicka J.A.,,85079634383
8730156000,Weaver C.,,85191099827
8730507700,Moog P.,,85012923611
8732117800,Wu C.H.,,84933557964
8733517800,Harknett R.,,85162684304
8740286800,Shpancer N.,,85070526668
8742092800,MacDonald G.,,84859227431
8742136200,Seo M.G.,,105045226936
8745902500,Weisburd D.,,85194589428
8751975000,Cook F.,,85008246775
8759467900,Mulroy Q.,,85166435981
8760195400,Way B.M.,,85065157482
8762764600,David R.,,85141197349
8764319800,Homan A.C.,,85062667733
8764618700,Desch M.C.,,85125585098
8765227400,Steiner H.H.,,85190142398
8768847400,Green M.,0000-0002-5469-8470,105014267856
8772846200,Purc-Stephenson R.,0000-0003-2122-7557,85104725733
8773031300,Skotko B.G.,0000-0002-5232-9882,105009876071
8775073800,Marlon J.R.,0000-0002-8299-9609,85196896191
8780406100,Luppa M.,,84867432689
8781648000,Deutsch R.,,85175718827
8782836900,Berg M.B.,,85053868224
8784860300,Arcand M.,,85114370534
8791709600,Hirschl R.,,85182353805
8833087200,Leuffen D.,0000-0002-0419-387X,105005771732
8833689400,Roccato M.,0000-0001-5817-7341,85096227988
8833979900,Olschewski R.,,105037763094
8834415500,Roe D.,,85205574905
8840170000,Pepinsky T.B.,0000-0002-4000-217X,85189655392
8842286600,Muñoz D.,,84884231395
8843572600,Lynn M.L.,,85064149443
8846928100,Nee D.E.,0000-0001-7858-6871,105028320603
8847582500,Stepanov I.,,85100124958
8853680200,Ensley M.J.,,85208201243
8855049200,Hangartner D.,,84923552574
8859373800,Czellar S.,,105037769935
8860593700,González L.,,105042669428
8862523600,Perren S.,,84876126971
8863862500,Kimenju S.,,84928315250
8866248800,Di Vacri A.,,77951696808
8866527800,Masters N.T.,,84959543274
8868777700,von Scheve C.,0000-0003-4296-6623,85143686046
8869173900,McMillan C.T.,,84921995261
8871343300,Wong C.,,86000376657
8872637600,Ryan M.K.,,85165291254
8875002500,Dülmer H.,0000-0001-6292-1639,105024724556
8876758000,Savolainen J.,,85076316615
8877077000,Kim S.,,79959379342
8878392000,Davis S.W.,,85116972333
8880226800,Levin M.,,85107059605
8881259700,Benlian A.,,105015145961
8886351000,Halm J.A.,,85173894490
8886653200,Weathers D.,0000-0003-2929-0729,85160835072
8891360700,Ecker U.K.H.,,84893552697
8893432600,Braman J.,,85150751341
8894847000,Toberer E.,,85059537329
8896190900,Gerich J.,,105040229019
8897779200,Skopeliti I.,0000-0002-8402-037X,105025969177
8899376800,Sheafer T.,0000-0002-9242-2264,85095792151
8904784200,Van de Walle B.,,85140221187
8905235200,Singh S.,,85143379923
8907994300,Armstrong S.C.,,77649140877
8908183800,Wu J.J.,,78049463637
8911279400,Šarauskis E.,0000-0001-9339-769X,85199271305
8914475300,Fritsche I.,,85199888463
8916181900,Buckley-Geer E.,0000-0002-3304-0733,85126624477
8922765200,Kirwin M.,,85134480118
8924124600,Tsai A.,,85067794991
8925573700,Pithon M.M.,,85173537733
8925768600,Yue W.T.,,85075407025
8928406500,Brancati D.,,84911971564
8929220900,Gruber J.,,84976648749
8931320000,Edo-Izquierdo S.,0000-0002-6564-3475,85079037666
8933324200,Song J.H.,,85146351519
8935073100,Ahearne M.,,84893040982
8939032600,Barbosa F.,,85064149443
8940872900,Galván A.,,85091569655
8945176100,Winsvold M.,,105035008091
8945312100,Nabatchi T.,0000-0002-1410-3647,85161479859
8947685100,Kim S.,,85033477099
8948419700,Yoshioka K.,,105008468717
8948964600,Kusaka A.,0009-0004-9631-2451,85205480864
8951661600,Lambe J.L.,,85039072357
8954474400,Bergen B.,,85091501416
8956817300,Gundert S.,,84973462486
8958410500,Brenna M.,,77954834727
8959937600,Carretero-Dios H.,0000-0001-8822-3791,105043848725
8961169900,Wiseman A.E.,0000-0003-2993-9188,85121376619
8963173700,Horcajo J.,,85184196386
8963924600,Wieber F.,,105027287089
8966512100,Ruz M.,0000-0003-1733-5715,105003638176
8967284700,Barry C.L.,,85064806998
8970677600,Bächtiger A.,0000-0001-6633-0609,105017678126
8973498600,Rosenberger J.G.,,85118631537
8976886100,Grover R.L.,,85082432811
8979264700,Smith M.D.,,85054976638
8979785400,Kjeldsen K.U.,,84901288372
8979946100,Gamer M.,,85064149443
8982523700,Mikos R.A.,,85074396257
8982643300,Bernerth J.B.,0000-0001-7925-0587,105034125547
8983741300,Foulsham T.,,85048150224
9038441000,Qaim M.,,85197730149
9038574200,Kendeou P.,,84975266620
9038806800,Christopher G.,,85054137181
9039004700,Babu S.,,78650161131
9039889400,Roberts S.C.,,84884187435
9040521400,Macours K.,,85090028983
9040692100,Homish G.G.,,85059193550
9041233900,Takai J.,,85027160685
9042819600,Mencarini L.,0000-0001-5070-6069,105046307853
9043280000,Thomas L.,,85101702478
9132421700,Binder P.E.,,85122629727
9132453100,Sándor J.,,85046125338
9132863500,Hu W.,0000-0001-8870-9644,85198518523
9133733600,Gum A.M.,,84869191190
9233333500,Jenkinson R.,,105012935442
9233682100,Boysen G.A.,0000-0003-3869-9585,85158145811
9234027900,Lyons H.Z.,,77953598313
9235054200,Crespi G.P.,0000-0002-0734-2500,105040694675
9237885600,Johansson P.,0000-0002-9713-9345,85208081888
9237885700,Hall L.,,85208081888
9239245300,Barelds D.P.H.,,85097372205
9239589300,Fox A.M.,,85170110110
9239772500,Pahl S.,,105005171818
9240556500,Abdel-Maksoud M.F.,,85047911196
9242016600,Weiss D.,,105012935442
9242022800,Cargnelli M.,,85166440803
9243648500,Lassen D.D.,,84983331325
9244534400,Theesfeld I.,,85119660472
9245575100,Kreye C.,,105033817071
9248414300,Carpenter S.K.,,85151422763
9248599200,Dresel M.,0000-0002-2131-3749,85139129082
9248914600,Tavits M.,,85129286204
9248938000,Jones B.S.,0000-0003-4478-0814,85077141779
9249618200,Luria R.,,84936166169
9250703000,Soetevent A.R.,0000-0003-3871-2401,105039789025
9269474100,Risko E.F.,,85119069379
9271512800,Schwadel P.,0000-0002-4672-3162,85192536702
9276686200,Smith J.L.,,85133509645
9278617000,Schwindt-Bayer L.A.,,85139735669
9278622800,Trounstine J.,0000-0003-4364-2719,85150354278
9333655700,Sovacool B.K.,,105000417315
9333749100,Mann C.B.,0000-0003-3625-4152,85185657148
9334036800,Van Der Straeten K.,,85150968807
9334417000,Nielsen V.L.,,85183015664
9334632900,Phelan S.,,84903310507
9335749400,Obhi S.S.,0009-0008-1805-2622,85166419540
9335818000,Mathews D.J.H.,,85112357106
9336570700,Bindemann M.,,105045236323
9336727400,Croco S.E.,,85147657747
9337239400,Friedman J.,,79954425112
9337844800,Oltedal V.M.,,85152956814
9338264000,Roberts P.S.,0000-0002-8920-0396,85088817409
9434656000,Pivato A.,0000-0003-3380-4999,85136340359
9434782800,Sanchez T.,,105002781025
9435807600,Perry J.E.,,84921690908
9532903300,Keller C.,,81255166008
9632467900,Lange A.,0000-0001-9518-5308,85207923414
9633067600,Taşdelen B.,,105017658909
9633141200,Ivanov B.,,84957847950
9634349400,Võ M.,,84979503153
9634376500,Luo S.,0000-0002-0022-8967,85197442398
9634454700,Pedersen L.H.,,105042632929
9634601100,Uetsuki M.,,85098636700
9634821200,Hobolt S.B.,0000-0002-9742-9502,105040252856
9634877200,Merriwether A.M.,,85053292471
9635156000,Senko C.,0000-0002-8417-3421,85125852749
9635533100,Krain M.,,85103431708
9635835000,Schooler D.,,85148523390
9635928700,Insel B.J.,,85104782003
9636777800,Holmstrom A.J.,0000-0002-5054-735X,105045805791
9637228000,Préget R.,0000-0003-2650-148X,105033767744
9637360800,David M.,,85150491332
9637975500,Freitag M.,0000-0003-2428-0652,105003951560
9638121200,Souer S.,,85150751341
9638527600,Schonberg M.A.,0000-0001-5162-5922,105023525899
9638933900,Krendl A.C.,,85131132799
9639971000,Fischer A.R.H.,,85201747909
9640121100,Grieco J.M.,,79958244532
9732762900,Rebellon C.J.,,85064836671
9733317500,Piccolo R.F.,,84924561457
9733992900,Klonsky E.D.,,84941878121
9734260000,Carpiano R.,,85020002197
9734624300,Agoritsas T.,,105045048993
9734896700,Schepers J.,0000-0003-0270-1348,85115049582
9735966200,Victorino L.,,85013469498
9739235500,Louis W.,,84969779558
9739497300,Notebaart R.A.,,84905969902
9741634300,Markowitz E.M.,,84994219824
9742968000,Shwom R.L.,,85042088071
9744230100,Landström S.,,85042614346
9744931200,Wells K.C.,,85115626279
9745213800,Karaosmanoglu E.,,84983680238
9745363800,Turk-Browne N.,,84956690930
9745962600,Vandenbergh M.P.,,85044969206
9746821900,Antommaria A.H.M.,0000-0002-5030-0007,85053701626
9840503500,Kellmann M.,,84870656540
9840557400,Johnson M.W.,,85111747516
9841745700,Adams J.E.,,105012935442
9842103900,Quick B.L.,,85082452360
9843319500,St. Marie B.J.,,85066099680
9843487600,Ghodratnama A.,0000-0003-0091-6337,85138243255
9844275900,Manville M.,,85070800304
9846264800,Eyssel F.,,79955053143
9846426900,Genna G.M.,0000-0002-1228-5301,85183924643
9938791000,Pituch K.A.,,105040836671
9939586500,Nati F.,0000-0002-8307-5088,105011302164
9943172600,Brewster Z.W.,,85089403842
9943558100,Aucouturier J.J.,0000-0002-4477-4812,85208081888
10038789900,Liang C.,,105003296663
10039034700,Muro D.,0000-0003-0933-2565,85070827776
10039069100,Wasserman J.A.,,84945205520
10039348900,Verona E.,0000-0002-3739-5283,105014766606
10040202800,Dirkzwager A.J.E.,0000-0001-7530-1826,105001068201
10040678500,Lanceley A.,,85034248303
10041213700,Jucks R.,,84943583686
10041733300,Crone C.,,84870656540
10042142300,Gainous J.,0000-0002-3104-2313,105039794809
10042164300,Mollborn S.,,86000296951
10042680100,Messer K.D.,,105034639396
10043011700,Giustiniano L.,0000-0002-3044-6535,85081641018
10043539100,Andersen S.C.,,85070265190
10043994600,Kauffeld S.,0000-0002-4158-5266,85183969982
10044388300,Devereux B.J.,,84855900043
10044466300,Millet K.,,85083768996
10044900000,Woods N.D.,,85092023409
10045651100,Van Der Pas S.,,105010908581
10046192800,Dabbish L.,,85075036397
10046526100,van den Berg H.,,85187449895
10139293700,Ekunwe L.,,85076876768
10140233000,Dunn B.D.,,105038729324
10142049100,Zalta A.K.,,105018645132
10143864600,Boomgaarden H.,0000-0002-5260-1284,105039637371
10144016000,Barr E.,,85138491739
10144834600,Schulz T.,,85203619101
10239178500,Kurby C.,,84961130182
10239828100,Rahwan T.,,105003813432
10241661800,Magalhães P.C.,0000-0001-8934-4552,105012123001
10242491700,Bergan D.E.,,85153601069
10243790100,Wiesehomeier N.,0000-0002-0134-5647,85091655542
10244204300,Mayda Domaç F.,,105017658909
10339019600,Scheitle C.P.,0000-0001-5966-4133,85059031826
10339199400,Sirghi F.,,85166440803
10340526300,Klofstad C.A.,,105008440841
10439439000,Martinovic B.,,84943817918
10440051600,Sorice M.G.,0000-0001-9865-0965,85111477522
10440344800,Goodboy A.,,84921315575
10440598600,Badahdah A.,,85136147119
10440608100,Madrid R.,,85125647744
10540269700,Lacasse J.R.,0000-0002-5448-8721,85215566465
10541080200,Earl A.,,105001866955
10639709000,Wilson R.S.,0000-0002-0092-9632,85217162850
10641800100,Raymaekers P.,,105040132322
10641996400,Vriesendorp T.,,84937971715
10642131000,Paek H.J.,,85185495655
10738853700,Kuziemko I.,,84879697505
10739723700,Rachet B.,,85048702208
10739789400,Bergmann Tiest W.M.,,85042174183
10739977300,Barlett C.P.,,85065392436
11042338700,Murayama K.,,84996563939
11139990900,Rose A.K.,0000-0003-3267-7318,105026794788
11140281700,Diehl C.,0000-0002-5309-2960,105022522354
11140985000,Gassman-Pines A.,,84999635170
11141029900,Schaffer L.M.,0000-0002-6584-3581,85199687799
11142165800,Marquis C.,,85194900151
11142305300,Herd P.,,105038401018
11239614900,Jann B.,,85105549208
11240480500,Pauws S.C.,,105002646790
11241560600,Wlotko E.,,85083545761
11439008000,Zeigler-Hill V.,0000-0001-9260-9806,105045877966
11439249800,Beyerlein K.,0000-0002-0666-4938,85097593946
11439396000,Knotts H.G.,,85088293543
11439689400,Vancleef L.M.G.,,85064433531
11440819400,Coffé H.,,85204083839
11540199200,Fernández-Albertos J.,,84938819185
11639195400,Dale-Olsen H.,,85050945621
11640306300,Tojib D.,,84929747725
11641129500,Keeling K.A.,,84979084044
11739060300,Simard J.F.,0000-0001-5735-9856,105048022930
11839325500,Blokland A.A.J.,,85042594244
11839474900,Dillard A.J.,,84929267815
11839607100,Kasuya Y.,0000-0002-5324-3204,105046804465
11840211000,Loi R.,,85130792696
11840286900,Pichler S.,0000-0001-5827-6497,85122101406
11939919300,Nielsen M.,,85021200122
11940293600,Marti S.,,85068564924
11940530000,Essers B.A.,,85019250466
12039897300,D'Cruze N.C.,,85183525068
12041661400,Bougherara D.,,105033767744
12041984100,Wackowski O.A.,,105034280381
12140784200,Myers J.A.,,85053701626
12141978700,Agalliu I.,0000-0002-6248-5790,105013484489
12143019500,Winter J.,,84956744149
12143477900,Linnér B.O.,0000-0001-9910-3779,105045388717
12240001600,Owens R.J.,0000-0003-0097-4350,85159352085
12240624500,Peguero A.,,85089375610
12240869200,Mathias J.D.,,85195977275
12244213400,Canavari M.,0000-0003-0573-7880,105042589389
12244755900,Mayer D.M.,,85061080395
12244810300,Mota D.F.,,85163431111
12244817200,Tuinman M.A.,,85044284394
12446506800,Stafford M.J.,,77950872530
12446550300,Tingley D.,0000-0002-2216-6293,105003448058
12446757200,Bilodeau A.,,85185937707
12447032700,Allen B.,,85032647734
12545503200,Banting K.,,85139840386
12645025400,Somers B.,,105003757839
12645158000,Newman G.E.,,105023547264
12645470100,McGinnis S.,,85129685284
12645856800,Miura A.,,85116311955
12646111000,Yee E.,,77952296830
12646126300,Vlaev I.,0000-0002-3218-0144,85141244667
12646995000,Popham F.,,85077948545
12647007200,Dyck J.J.,,105018764582
12647136600,Chang Y.T.,,105035361015
12752162900,Bailer S.,0000-0002-8646-6076,105022797782
12753608400,Uno H.,,85052636854
12753624200,West B.T.,,85172201838
12753765100,Nikolaou V.S.,,105012935442
12758729600,Kage R.,0000-0002-7234-3518,85158112186
12759815500,Von Thiele Schwarz U.,,85219714734
12760757700,Fite P.J.,,85084521601
12761994100,Yazdani S.,,84934973406
12762098100,Kistler C.E.,,85212244680
12764378700,Dorsch M.P.,,85212322901
12765223300,Perez O.,,84861318154
12765439300,Hoegl M.,,85206073450
12765691400,De Cesarei A.,0000-0002-6624-5006,85092441744
12767146800,Kriner D.L.,0000-0002-9353-2334,105042603565
12768116200,Smulowitz P.,0000-0002-4155-6844,105044658302
12770211500,Montgomery J.M.,,85213442851
12770275300,Fouayzi H.,,85143379923
12772905100,Tilburt J.C.,,84978766856
12775240100,Thöni C.,,85018794230
12775675500,Goldwater M.B.,,84954052445
12776424400,Herrmann B.,,85131643855
12777940700,Bao C.,,85195692648
12778395300,Karpowitz C.F.,0000-0002-9782-9856,85210846977
12779386300,Goodyear-Grant E.,,105026049694
12779509600,Manzi C.,,84987887289
12779778800,Hopkins D.J.,0000-0002-9085-6050,85200315574
12780244900,Long A.E.,0000-0003-1646-964X,85114483769
12780316800,Wills B.P.D.,,105012935442
12780442200,Salathe M.,,85113881377
12780742800,Serneels P.,,85025478763
12781669000,De Weerdt J.,,85106267418
12782552100,Alsan M.,0000-0002-0168-7268,85217068318
12783237900,Waters E.A.,0000-0001-7402-0133,85090124331
12783320800,Badaki-Makun O.,,85133243152
12783330800,Staton J.K.,,85114105553
12783363200,Caplan J.M.,,85091231247
12784099900,Karsai M.,0000-0001-5382-8950,105005603777
12784168600,Meyerhoff J.,,85208985561
12784701000,Widome R.,,84903310507
12785171800,Calfee R.P.,,85150751341
12785457600,Coate B.,0000-0002-9148-3751,85136733919
12787466800,Klungsøyr O.,,85207896883
12787875700,Unkelbach C.,,85128896253
12789798300,Ares G.,,85082800200
12790066200,Fridkin K.,,85219729284
12790445300,Pearson A.R.,,85167522555
12790899500,Grinstein-Weiss M.,,85159826187
12791487400,Roets A.,,85064149443
12791510900,Sellnow D.D.,,84890056315
12793415300,Patall E.A.,,84884719734
12793958200,Arriaga P.,,85064852633
12794521600,Bolsen T.,,105041076928
12795811900,Fowler E.F.,,85173465973
12797145300,Mattson R.E.,,85053292471
12798633400,Murray L.,,85065246498
12798824100,Kafetsios K.G.,,85132271605
12799200600,Heinemann F.,,85094894550
12799246100,Gibson-Davis C.M.,,84999635170
12799289600,Pacaud F.,,84946544478
12799896800,MacKenzie M.J.,,84876049317
12800413700,Wechsler S.,,105038469790
12801812700,Yang T.,0000-0001-9182-1055,85130024056
12803675800,Carey K.,,85031092592
12804271000,Levanon A.,,105040689204
12805609600,Kadosh R.C.,,85091449340
12805819000,Hartmann T.,,84855964441
12806018500,Fedorenko E.,,85159732184
12806052600,Karlan D.,,85191983844
12806437200,Van Scoyoc A.,,85074340877
12806456400,Trager R.,0000-0002-6201-2811,85102622232
12806684500,Sunde U.,0000-0002-2110-7822,85121216755
12806910100,Derks B.,,85190988573
12807559900,Halim N.,,84872943856
12809513200,Willmott L.,,85100965182
12902736100,Seed A.M.,0000-0002-3867-3003,85069940074
13002755800,Dessus P.,0000-0001-6076-5150,85194893401
13003573600,Venkataramanan V.,,85123307033
13003900900,Legerski E.,,85078308355
13003990400,Hess N.H.,,85149836906
13004524700,Huang C.T.,,84893428837
13004696900,Zezza A.,0000-0003-1842-1682,85214697611
13004950700,Atzmüller C.,,77954812681
13005023600,Khoury B.,,85084521601
13005043200,Choi S.,,105018665494
13005284900,Gandhi J.,,85067385477
13005293500,Bonitz V.S.,,77649275522
13005492400,Reinhardt G.,0000-0002-2120-5529,84925238600
13005768800,Valdivia R.,,84862646897
13006124600,Oulasvirta A.,,84907285570
13007491700,Coe K.,,85042929921
13008515100,Posch A.,,85182981807
13008531800,Vosgerau J.,,85170266546
13103262800,Neckermann S.,,84882800743
13104955800,Cappelen A.W.,,85103752245
13105580800,Malka A.,0000-0002-7300-514X,85113864292
13105996200,Carr J.C.,,105001983231
13106018700,Mukherjee B.,,85191414669
13204316000,Hainmueller J.,0000-0001-8214-9041,85171738080
13205011500,Welpe I.M.,,85114942889
13205540800,Finkelstein S.R.,,85203513465
13205601900,McQueen A.,,85064206699
13307260500,Hwang I.S.,,84893428837
13307376100,Caro F.,,84956744149
13308954300,Warren A.R.,,85145051048
13309695200,Hamer H.M.,0000-0003-1709-8617,85146158024
13402971200,Conelea C.A.,,84912107871
13403379200,Claassen R.L.,0000-0002-4781-3039,85208201243
13403437900,Berry J.,,85134493142
13403614000,Feeney M.K.,0000-0001-6850-1985,105032162844
13404147300,Wright J.C.,,85068176330
13404545600,Pasek J.,0000-0001-6099-6119,85144756007
13404759400,Schwalbe C.S.,,84876049317
13404871700,Brady M.C.,,85032020748
13404923300,Moseley A.,,84931440609
13404923900,Ritchie T.D.,,85133751149
13405272500,Schomerus G.,,105011346615
13405904200,Press D.G.,,84874488456
13406035600,Rosopa P.J.,,84929336470
13406167100,Forstmeier S.,,105024000197
13406189500,Matthews B.,,80053342980
13406249300,Withagen A.,,84855222670
13406317300,Mocaiber I.,,85123284003
13406674400,Corten R.,0000-0001-8154-9393,85141016149
13406888900,Silver L.D.,,85132745763
13407691600,Hennig-Schmidt H.,0000-0002-2841-4657,105030165702
13408712500,Bartus T.,0000-0002-8356-9408,85206093840
13408746000,Kucukyilmaz A.,0000-0003-3202-6750,105003482416
13409119400,Nalepa M.,,105011071462
13409686500,Campbell R.,,85065801512
13410602500,Baldovin T.,0000-0002-7375-9187,85136340359
13410620700,Waljee A.K.,,85117550049
13605487000,Oesch D.,,85076480485
13605817300,Strebinger A.,0000-0003-3321-6337,105008494369
13606338800,Czarnitzki D.,,85209104569
13606654500,Radnitz S.,,105009524946
13606837900,Kandampully J.,,85217042951
13607190600,Lanchi M.,,84876734748
13607239900,Pingree R.J.,,85153076638
13607563300,Graham J.M.,,84924585051
13608292200,Vakhitov V.,0000-0002-4135-1590,105023475844
13608393900,Lykins A.,,84931053023
13608525200,Hickey C.,,85028707044
13608735400,Hanmer J.,,85030657786
13609017000,Schoepfer A.,,77956070111
13609684600,Perry B.L.,,85131132799
13609789300,Patel M.I.,,84908356568
13610279400,Drendel A.L.,,105005072937
13610695300,Wright A.,,84858064901
13610827900,O'Connor M.,,85100965182
13612208300,Jones H.P.,0000-0002-5512-9958,105012122409
13612369700,Zampetakis L.A.,0000-0002-9568-6302,85101645542
13612406400,Ganguli I.,,85214924467
13612662300,Bai X.,,85144196764
13612972400,Tyler M.,,85126653755
13805283000,Andresen V.,,85006220618
13807986300,Bolcic-Jankovic D.,,77950240325
13905925700,Restubog S.L.D.,,105022500398
13906734700,Harris K.M.,,84857191191
13907073600,Treiblmaier H.,0000-0002-0755-5223,105008494369
13907171300,Delgado N.,0000-0003-0803-2667,85113793445
13907273400,Bosmans G.,,85068995571
13907629000,Goodwin S.S.,0000-0003-4686-0914,105001546538
13908229100,Flanagan M.,,85089543396
13908295500,Olajide O.A.,,84892777168
13908379700,Lacina B.,,84876497071
14007511400,Ryan G.,,85179030098
14007607000,Ewen J.B.,,85052800378
14008353900,Sanchez G.,,84944706092
14008527100,Saunders E.N.,,85095409059
14008544900,Valdesolo P.,,85026874171
14009810400,Hooker G.W.,,84902186245
14009845300,Velema T.A.,0000-0002-1094-8802,105041034999
14010125600,Huizer E.,,84888615520
14011761200,Tamborini R.,,85098095110
14012211900,Cluverius J.,0000-0003-2330-857X,105012930224
14013329000,Verhaest D.,0000-0002-4787-6427,85087287708
14013980700,Russell-Mayhew S.,,85047331594
14014013600,Wegner E.,,85105167739
14014022300,Groeneveld S.,0000-0002-6736-1447,85164502529
14014049000,Amengual M.,0000-0001-6024-1920,105043280470
14014049500,Qari S.,,85164820661
14014122800,Trüdinger E.M.,,85152667558
14014237800,Seo S.J.,,85159884167
14014582800,Gregoriou A.,,85038873543
14015114400,Carroll R.,,85166539849
14017861500,Arwidson P.,,85120313779
14018376000,Rao P.,,84862327486
14021301100,Frota S.,,79951581795
14021429900,Newman B.,,85055875906
14021621700,Hoffman L.H.,,85089779536
14022923300,Kosec K.,,85146504074
14023902800,Dziobek I.,,105024779795
14025065800,Setälä M.,,85093834577
14025395100,Bolyanatz A.,,85088216599
14025996500,Serra-Pereira B.,,85207155208
14027388800,Morrow M.T.,,85077690284
14027547800,Van den Block L.,,85114370534
14028329900,Hastall M.R.,,84878530406
14028521800,Lacey H.P.,0000-0003-2257-0170,85151087747
14028696400,Koski C.,0000-0002-6475-4229,85176136230
14028710600,Knobloch-Westerwick S.,,84878530406
14028779000,Lacomba J.A.,,85194821044
14029726900,Curșeu P.L.,,85135020854
14029810500,Aarts K.,,84914707634
14030711300,Vliegenthart R.,,105039637371
14030906800,Vedlitz A.,,85017357787
14031144000,Brooks D.J.,,85111880408
14032094100,Scotto T.J.,0000-0003-4801-6821,85142611479
14032166800,Polga-Hecimovich J.,,85062479527
14033748800,Brothers K.B.,0000-0002-8550-9724,85053701626
14033771400,Ajumobi O.,0000-0002-2652-1205,85131722935
14034513700,Scott S.E.,,85203256121
14034772300,Reifler J.,,105027197362
14035035100,Bertrandias L.,,85171160595
14035187000,Benenson Z.,0009-0006-7158-0219,105015421735
14035294700,Dafoe A.,,85128232507
14035722800,McHugh S.,,84952644562
14036406400,Wolfe J.,,84979503153
14036448500,Shen M.,,85117388246
14036847900,Dascal-Weichhendler H.,,85087620957
14036885400,Doyle E.E.H.,0000-0002-2878-0972,105033852578
14036892100,Chih W.H.,0000-0001-8388-2499,85183899376
14037680400,Medina L.D.,,85164243484
14039207900,Levitan L.,,85050588831
14039302500,Streit M.,0000-0001-9186-2092,85210489353
14039651200,van der Ham I.J.M.,,85065922818
14042364900,Ronay R.,,105004475485
14043178900,Alink L.R.A.,,85073101774
14043504100,Matti S.,,85211027858
14043795100,Groen A.,0000-0002-0888-5427,85180970215
14044048000,Schroeder K.B.,0000-0002-9730-876X,105010023498
14044082800,Stauffacher M.,,85113577207
14044690200,Bayne G.,,85150751341
14044867200,Giumetti G.W.,0000-0002-0536-7886,105032888543
14045279700,Leroy P.,,85134493142
14045335500,Jonason P.K.,0000-0002-8833-048X,105036419257
14045383400,Jamal A.A.,0000-0002-0895-5472,85141579221
14045614200,Neijens P.,,84945115185
14045926900,Tillery A.B.,0000-0003-4362-9653,105024792767
14046394300,Vivyan N.,0000-0002-6793-0953,85122433396
14049041000,Sarkar U.,,85134512380
14049166000,Patterson M.M.,,85019044453
14049539800,Van Dooren W.,,85217151653
14049741100,Berman M.G.,,84879217448
14049808600,Bieri S.,,85077691868
14049926700,Carriere J.,,84966392061
14050864300,Strimling P.,0000-0002-9750-5835,85042780371
14051534300,Brashears M.E.,,85096619939
14051816900,Gayet-Ageron A.,,85084169812
14054155100,Iacovou M.,,85012893728
14054725600,Pietroni D.D.,,85068603406
14056648600,Oyamot C.,,82655172374
14057111500,Todd A.,,85188423659
14057633600,Clarke C.E.,,85016519697
14057731400,Breunig C.,,85129863031
14057782500,Bodet M.A.,,85192182755
14059394000,Angeletti G.,,84860418081
14059687300,Barbour J.B.,,84978834539
14060701000,Martin E.G.,0000-0003-2607-8933,85182791985
14060943800,Ogburn E.L.,,85020105992
14062481100,Stochkendahl M.J.,0000-0003-0297-8267,85216078939
14062833100,Engelmann J.B.,0000-0001-6493-8792,85161988036
14062903900,Bachus K.,0000-0002-3150-2068,105041474144
14063394800,Gil J.M.,,85103516352
14063587300,Mesplé-Somps S.,0000-0002-0795-7871,105013802440
14063997300,Stenner K.,,85007339908
14066461900,Rivera L.M.,,85042616935
14067696800,Maxwell R.,,85014099947
14068412100,Bröring S.,,85111472766
14070049100,Blanch M.T.,,105017423492
14070554000,Matthews R.,,85087216531
14119317800,de Goeij P.,,85096998753
14124108100,Samora J.B.,,105012935442
14218900200,Breugelmans E.,,86000726011
14219584200,Shamseddeen W.,,84876815115
14319168000,Schyns B.,0000-0001-8604-1994,105036704020
14319243800,Oveis C.,,85092091944
14319270400,Schuck A.,0000-0002-7219-7880,85111537924
14319487900,Wolak J.,0000-0003-4742-7442,85190556449
14321109300,Bernstein J.,,77952888957
14322015300,Muis K.R.,,84975229285
14322464900,Ruiz-Suarez M.,,85150751341
14322873300,Carrizosa D.R.,,84892777168
14323471600,Marti C.N.,,85062297171
14419998700,Lisi M.,,85186570502
14420741500,Estow S.,,85019412225
14420908200,Barnes J.,,85177591770
14422457900,Hyggen C.,,85087371588
14422516800,MacCleery B.,,85212188197
14424063500,Franklin C.A.,,85159142294
14519090400,Bragadireanu M.,,85166440803
14519316200,Margulis E.H.,,84930995255
14522297000,Griaznova O.,,105012398380
14522676300,Justesen M.K.,0000-0001-5985-9600,105028453912
14522718400,Klemmensen R.,,84956573265
14522779600,Lim N.,,85186641135
14522871400,Mummolo J.,,85074751612
14525211600,McCoy J.,,105002975990
14527315700,Hartmann P.,0000-0001-5922-3098,85145502894
14618916900,Dolšak N.,,105039827469
14618921500,Baranik L.E.,,85150423592
14619737500,Rubio N.,,84874376108
14620006400,Von Soest T.,,85050945621
14620032800,Tekin N.,0000-0002-9300-2528,105017658909
14622477400,Jäckle A.,,85024131036
14622490600,Greenberg J.A.,,85150751341
14622634500,Espín A.M.,,85001560525
14623247900,Rummel-Kluge C.,,105013236358
14623425000,Svolik M.W.,,85187871781
14627885100,Reed D.D.,,85040734490
14628110200,Eklund J.,,80054739523
14628179000,Barnes A.J.,,85219033053
14630196500,Foucault M.,,85200547541
14630304300,Dunham Y.,,84962590632
14630333700,Doumbia S.,,85024113306
14631719600,Carbone E.,0000-0003-4141-3824,85079754149
14632106600,Jessup R.K.,,85064149443
14819290000,Iaconelli M.,,85136340359
14822068400,Erby L.,,84902186245
14822363500,Lewis S.P.,,85147654005
14822385800,Kiviat B.,0000-0002-2142-5871,85136580833
14822575600,Saperstein A.,,105041535228
14825265700,Kolady D.,0000-0002-2345-1950,85147863898
14825509100,Mihalas S.,,85082815928
14827010500,Maystadt J.F.,,105000264575
14827457200,Taylor J.,,105045054901
14827593600,Zagefka H.,0000-0003-1598-0059,85163138549
14829650900,Rocha R.R.,,85077141779
14830202800,Alexander G.L.,,85050292666
14830321200,Raeymaeckers P.,0000-0003-4281-0952,105001650146
14832646600,Gearing R.E.,,105019345621
14832918500,Martino M.,,84875243382
14833356000,Oppezzo M.A.,,85050292666
14833530000,Thorsteinsdottir B.,,84978766856
14833872400,Ellis C.,0000-0001-7423-9848,105045546146
14834132200,Moyer-Gusé E.,0000-0001-7971-0934,85170844084
14834263000,LeBas A.,,85077724989
14834656800,Witko C.,,85200455835
14919273100,Cavazos-Rehg P.A.,,105040569258
14919358400,Hankla C.,,85153476930
15019703100,Rains S.A.,,84957847950
15019781800,Rehdanz K.,0000-0002-5336-0582,85153201787
15019800200,Prinyawiwatkul W.,,85097943165
15020018900,Wong-Parodi G.,,84953714214
15020096400,von Rueden C.R.,,105004475485
15021922900,Berry D.,,84901288372
15022500300,Koçak Ö.,,85173054120
15023863700,Ziblatt D.,,85122911543
15025740000,Coibion O.,,85176125172
15027434700,Shoshani A.,0000-0001-6234-7956,85117754469
15027946600,Underhill K.,,85077431192
15029554000,Poels K.,,105003884396
15030280500,Weitz-Shapiro R.,,105001850441
15030383100,Wietzke F.B.,,85185762474
15032747200,Fulgione W.,,77951696808
15033421400,Kakar S.,,105012935442
15036043400,Lombas A.S.,0000-0003-3492-7544,105017423492
15038344200,Thomas R.P.,,84888631024
15041322100,Zhang L.,,105027391846
15041587300,Constantin T.,,85103178302
15041694600,Bifulco G.N.,,84957014859
15043876300,Dantuluri P.,,105012935442
15043884300,Delamora P.,,79957959068
15044921900,May A.M.,,84941878121
15046355300,Willem A.,,85074161129
15047029600,Reinhart A.M.,,86000371600
15048183800,Kogler C.,,84924089831
15048885600,Sokhey A.,,85073617890
15049170600,Burke H.M.,,84961774534
15049433200,Lemieux A.F.,0000-0001-5789-1172,85102831504
15049653700,Kuppuswamy V.,0000-0001-9881-8502,85081113599
15049748900,Rubaltelli E.,,105034954403
15049869200,Schofield C.A.,,85148610405
15050129500,Chuan C.H.,,105038724298
15050357400,Critchley C.,,85074615140
15050924900,Nord B.,0000-0001-6706-8972,85126624477
15051165200,Peichl A.,,85145200685
15051465700,Findor A.,0000-0002-5896-6989,105000729082
15051803400,Fernández I.,,84884231395
15052384400,Schabrun S.M.,,84896283112
15052520500,Spörrle M.,,85035763973
15052680300,Verpoorten M.,,85194389570
15052699300,Zhang D.,,105034131928
15053834400,Vorvoreanu M.,,85176472685
15054261300,Hyslop I.,,85044379469
15057617400,Bayard S.,,85136215225
15057729500,de Vries R.E.,,85059936542
15057854400,Hidalgo F.D.,,85159275015
15058037500,Olson K.R.,,85185449095
15058239700,Mercier H.,0000-0002-0575-7913,105025946075
15059387500,Thanzami V.,,85078176818
15059715200,Waismel-Manor I.,,105004475485
15059751700,Weitzel U.,0000-0003-0493-9333,85170076336
15059844500,Cillo A.,,105040694675
15059931200,Ahmed A.,0000-0002-1798-8284,85118591667
15060787300,Vermeir I.,,84963799609
15061377000,Günther I.,0000-0002-1601-0495,85210548057
15061606500,Lovecraft A.L.,,85082829943
15061683100,Peppercorn J.M.,,84892777168
15062489700,Dempsey A.F.,,79952278803
15063097600,Moreno M.A.,,85145738327
15063112700,McClintock C.,,85163198120
15063450100,Sonderegger S.,,85161010930
15063487200,Straub S.,,85091799310
15063526800,Sheldon O.J.,,84964786204
15064259400,Küster D.,0000-0001-8992-5648,85090926311
15064280900,Mannina G.,,85141388410
15065635700,Ongena Y.,,105041142983
15065658800,Letki N.,0000-0001-8778-1126,105039696438
15065767900,Krupnikov Y.,,85128402745
15069108700,García-Retamero R.,0000-0001-9140-8519,85074600556
15069527200,Carlson C.A.,0000-0002-3909-7773,85107955398
15070894300,Mirzoev T.,,85072785916
15070959000,Kajumulo K.F.,,84959543274
15071314400,Dowling C.M.,0000-0002-2827-296X,105046220290
15071495300,Dale R.,,84904884986
15072339500,Stoutenborough J.W.,,84964241141
15076710300,Agerström J.,0000-0001-6134-0058,85145505915
15078365700,Slattery T.J.,0000-0002-2652-289X,85146124386
15078701200,Rothkopf C.A.,,85113637814
15078736800,Newburgh L.B.,0000-0002-7333-5552,85205480864
15080598000,Cleeren K.,,86000726011
15080660400,Broniatowski D.A.,,85210316094
15080918400,Kettrey H.H.,,85144287994
15081500000,Meisina C.,,85090880782
15081614800,Tresch A.,,84994637505
15119466500,Stroud N.J.,,85041600745
15119897400,van den Bekerom M.P.J.,,105012935442
15123686900,Haywood C.,,85041003403
15123920200,Ess C.M.,,85127739875
15124350800,Mojzisch A.,,78149332092
15125674500,Dobashi Y.,,78649867527
15127614600,Sibthorp J.,,84901387732
15128098700,Paisley K.,,84901387732
15128249100,Swanson M.E.C.,,85126624477
15130493000,Geiger B.B.,,85103199690
15133688500,Wilchek-Aviad Y.,0000-0002-7364-6182,105046770483
15134777200,de Haes H.J.C.J.M.,,85072755694
15135104400,Carlin R.E.,0000-0002-0945-205X,85165392011
15135602200,Haerens L.,,105049008875
15136057800,Kintses B.,,84905969902
15221425600,Sonenshein S.,,85061080395
15519602600,Betsch C.,,85215064019
15519816300,McIlvane J.M.,,79952833528
15520167800,Mingo C.A.,,79952833528
15520291800,Wan F.,,84919629133
15520639300,Gray K.,,85132775383
15520668200,Donnadieu A.C.,,85091161513
15520683300,Gratiy S.L.,,85082815928
15623035500,Badea C.,,85071936113
15623605700,Lyons J.B.,,85068528857
15723604800,Kusnoor A.V.,,85050395492
15724521900,Bidet-Ildei C.,,85102632291
15724951100,Glauber R.,0000-0003-2397-576X,105014597418
15726850300,Vaaler M.L.,,79958173222
15727080800,Young L.,,105015849990
15727341000,Avelino G.,0000-0001-8281-0194,85149670805
15728070200,Marinov N.,0000-0002-1870-8248,105000017848
15728405500,Skivenes M.,0000-0002-5326-6692,105028587770
15729030700,Lindhjem H.,,105042503121
15729159900,Luna J.P.,0000-0001-6028-7953,85062372957
15730928000,Fløttum K.,,85076304740
15731113900,Maliniak D.,0000-0002-1741-2306,85177584257
15732100200,Wallace D.,,105034583584
15734512200,Innella C.,,84875243382
15734686400,Barattucci M.,,85068603406
15738882100,Strambini E.,,84992124392
15741848600,Skinner K.K.,,85142100167
15745476500,Hagenbuch N.,,85117767363
15749830900,Chiang Y.S.,0000-0001-6465-7093,85091681954
15750000300,Cress U.,,85032961303
15750080000,Chen D.Y.,,105011277248
15750767400,Goldman D.,,85111640842
15751230800,Kukla-Gryz A.,,85007507389
15751387300,Parma L.,,84862305942
15751636900,Rojas F.,0000-0001-7088-3505,85147362147
15752358500,Park H.S.,0000-0002-5389-8673,85193039976
15753397100,Burke R.H.,0000-0001-5078-7399,85115626279
15753719300,Grün B.,,105038796493
15754704700,Tausch N.,0000-0002-9471-0673,105037178846
15756896100,Egerton T.,,85142911290
15757311200,Hove T.,,85185495655
15757321900,Goerres A.,,85062010445
15757402700,Loewen P.J.,,105033577491
15757997300,Pickup M.,0000-0003-0539-1138,85098702036
15758042400,Mitchell D.G.,,84869089875
15758204800,Sandefur J.,,105012831895
15760122800,Lehman T.,,79953841969
15760327100,Lillywhite J.,,85172164061
15760797900,Rascovsky K.,,84921995261
15760925400,Nicoletti C.,,85012893728
15761330700,Wood A.,,79952827503
15762999200,Lee H.E.,0000-0002-7043-3640,85193039976
15763483100,Sivasubramaniam D.,0000-0002-2682-197X,86000206820
15763689200,Seabrooke L.,0000-0001-5581-3293,105017996801
15764542100,Boyland E.,,105036789241
15765675400,Mazerolle L.,,85052858745
15765904300,Lum C.,,85047933174
15766933300,Coyne I.,0000-0002-5729-7584,85158879102
15769409900,Jacobsen R.,,84907980500
15769615500,Hershcovis M.S.,,85025622336
15769653000,Latu I.M.,,84858681531
15769812900,Plener P.,,105013236358
15769908500,Okimoto T.G.,,85165291254
15769985000,Renshon J.,,85147100567
15770181100,Olsen O.K.,,85078424448
15821307700,Subotić J.,,85165392011
15821688600,Anestis M.D.,,84969141936
15822325600,Muntele D.,,85071936113
15822966200,Selby E.A.,,84941878121
15823017200,Sanbonmatsu L.,,84865352111
15826536000,Kushnick G.,,85088216599
15829081500,Desmidt S.,0000-0002-5769-4440,85212224926
15830416500,Tran U.S.,0000-0002-6589-3167,105039818693
15831610200,Feigh K.M.,0000-0002-0281-7634,85208360511
15831965800,Flavin P.J.,,85190439384
15832026500,Gino F.,,84868642575
15832385400,Krebs D.,,85101878202
15833518800,Xie D.,,85066491378
15834029300,Cuéllar M.F.,,85185801635
15834963900,Koenigs M.,,79952850224
15835160800,Kvakkestad V.,,105000501693
15835212200,Navarro J.,,84962656293
15835393600,Perkhofer S.,,85107969451
15836956900,Fu G.,,85095714343
15838835300,Cushman C.,,85164243484
15839360600,Gromet D.M.,,84922797383
15840091600,Landais E.,0000-0002-7291-2012,85211165388
15841527000,DeScioli P.,,105036812815
15842064300,Moss-Racusin C.A.,0000-0002-9824-7524,85185449095
15844309800,Proksch S.O.,0000-0002-6130-6498,85167901790
15846309700,Little L.,,85028344194
15847695300,Casaló L.V.,,85115049582
15847891200,Curceanu C.,,85166440803
15847947500,Engelmann D.,,85162261815
15848397400,Janky B.,0000-0003-1625-0859,105028624390
15848542100,Farmer C.A.,,84991260524
15849164200,Poast P.,,84943355793
15851581700,Padilla Rosa E.,,85114918312
15923466100,Lyall J.,0000-0001-9117-7503,105041095106
15923511200,Louvieris P.,,84880949424
15924284200,Wykowska A.,,105040394612
15925211000,Beltrán U.,,85085348265
15925222700,Dunlop C.A.,,84931440609
16021018500,Doce O.V.,,85166440803
16021212100,Alcañiz I.,0000-0002-6312-4890,85209193016
16021441200,Chong D.,,85059103503
16022019100,Flowe H.,0000-0001-5343-5313,85041196671
16023197400,Wojcieszak M.,,105022440662
16025044700,Madsen M.R.,,85119473120
16025799100,Vromen A.,0000-0003-2398-632X,85118334013
16027652300,Bergh J.,,85101368479
16027993600,Deauvieau J.,,84982851871
16027994400,Cheeseman N.,0000-0002-0922-7514,85191963749
16028893500,Lustria M.L.A.,,84876287988
16028942300,Kugler M.B.,,85160743683
16029040400,Maier J.,0000-0001-8301-5125,105042958675
16029149900,Niederdeppe J.,0000-0001-7686-1526,85184585795
16029292400,Swets B.,,84961130182
16030269500,Deller J.,,85043373400
16031991000,Polito V.,,85193542747
16032515700,Vuolo M.,,85133677481
16033195300,Donnan J.R.,0000-0002-2908-0804,85201586608
16039192500,Dybdall K.,,84928895451
16039246700,Froeliger B.,,84925466972
16040022300,Marks A.,,84931053023
16040447300,Palma M.A.,,105034639396
16040689700,Nishino N.,,85061671571
16041024200,Vuust P.,,85068940978
16041090000,Westerman J.W.,0000-0002-2298-0842,85165058589
16041471900,Cavusoglu H.,0000-0001-9734-785X,85097987004
16041724100,Byrne S.E.,,85184585795
16042183600,Fulanda B.M.,,85183747023
16042880900,Lawless R.M.,,84870322491
16042915800,Monten J.,,85082196062
16047049500,Burnette J.,0000-0001-7548-8782,85042721436
16051955700,Eck K.,,105034372689
16052856700,Landers R.N.,,84940835959
16053519500,Mohnen A.,,105018203647
16053647100,Tangirala S.,,105036875163
16053856800,Passel S.V.,,85150491332
16063436900,Flusberg S.J.,0000-0002-1348-613X,105041880795
16063636000,Johansson R.,,85048150224
16063821800,Kwan T.,,78649926201
16063952700,Ha T.,,77957749138
16064384100,Masuoka N.,0000-0001-9189-7340,85120605328
16066560800,Abramitzky R.,,105035818108
16066752900,Aharoni E.,,85205233423
16066861700,de Vries C.E.,0000-0002-3824-4284,105040252856
16067881700,Costain G.,,85123307033
16067976500,Crum A.J.,,85132956459
16068412700,Glöckner A.,,84966702092
16068473100,Gutiérrez-Romero R.,0000-0002-2958-5861,85077724989
16068930900,Maertens A.,,85159490467
16068965800,Murakami M.H.,,84943373755
16068993600,Orom H.,0000-0002-0147-8378,85090124331
16069557100,Randma-Liiv T.,0000-0003-1146-3425,105029863627
16070110000,Herzog S.M.,,85147720720
16070145300,Arai M.,,85124075941
16070686600,Watt S.E.,,84896393086
16070695500,Vis B.,0000-0003-2323-3862,105045268841
16073221600,O’Connor R.E.,,85096019097
16143585200,Gross C.,0000-0001-7878-4464,105016275313
16149153500,Castle D.,,84904017717
16174219400,Daniel K.,,85164844233
16175627400,Masket S.,,84938922898
16176187800,Reeskens T.,,85110992928
16176491400,Tocchioni V.,,105041563414
16176620900,Thau S.,,105022500398
16177203200,Holmes R.M.,,105034125547
16177918700,Matthes J.,0000-0001-9408-955X,105018842498
16178348300,Topolinski S.,,85049326198
16178485800,Zuelsdorff M.,,85215701436
16195004000,Prain G.,,84964974592
16198199200,Miller J.G.,,85137741923
16199813000,Janssen M.,0000-0001-6211-8790,85140221187
16199982200,McCloy R.,0000-0003-2333-9640,85129851787
16201997100,Bray S.,,84928902072
16202108400,Bazzi M.,,85166440803
16202361300,He Y.,,85124228884
16202601000,Fryar A.H.,,85207244755
16203244800,Hultman L.,0000-0002-6410-1551,85179497642
16203522300,Perrin P.B.,,85063008569
16204282200,Purani K.,,85106252599
16204797900,Dawes C.T.,0000-0003-3354-3311,85119072896
16205155700,Blinder S.,0000-0001-6451-6266,105013327727
16206278700,Braun S.,0000-0002-8510-5914,85096720637
16220644800,Thornton P.,,84862646897
16229855600,Ebinger F.,,85129214191
16230182600,Drezner N.D.,,85052053783
16230565200,Liese A.,0000-0001-6640-7354,85100999454
16230708000,Kim M.C.,,85198701005
16230722200,Karol D.,,85088378640
16230761200,Littvay L.,0000-0003-2022-6886,105018681448
16231387800,Schnapp K.U.,,105029879838
16231901200,VanderLaan D.P.,,85095714343
16232292000,Cruces G.,,85206875956
16232308500,Caner A.,0000-0003-1794-9266,105040678928
16232567500,Berlinski S.,,84948715386
16232734900,Evans E.,,85202482163
16233489800,Horghagen S.,,105010136456
16233517900,Leung A.K.y.,,85209903741
16233903300,Ludvig E.A.,0000-0002-0031-6713,85079042287
16234223400,Patel S.,,79957959068
16234317900,Mayas J.,0000-0001-5003-4995,85109826038
16235328600,Worthy S.L.,,85059587282
16238582400,Izurieta C.,0000-0002-1002-3906,85113668035
16239402000,Lauderdale B.,,105003592596
16239451700,Kretschmer T.,0000-0002-7830-7825,85161428734
16239468700,Merolla J.L.,0000-0001-8257-7206,105026673321
16239564100,Portmann M.,,105019921140
16240487500,Zielke S.,,85205716024
16241211500,Klemfuss J.,,84959557715
16241707900,Goncharuk A.G.,0000-0001-9870-4679,85113317444
16241709500,Kehn A.,,85094167956
16242032800,Muehlan H.,,85022219255
16243876800,Bykvist K.,,85125142351
16243984400,Betts L.R.,,85124799337
16243985500,Connolly-Ahern C.,,84962538420
16244109700,Corstange D.,,84906337303
16244174500,Chan C.C.H.,,84921032696
16244346100,Caillier J.G.,,105020824878
16245073800,Kennedy C.,,85024113306
16245098000,Liu X.,0000-0002-2299-8612,85078431211
16245249200,Landreville K.,,84883614590
16245257500,Huber J.,,85064149443
16245480300,Mercaldo N.D.,0000-0003-1658-6598,85053701626
16246029200,Singh I.,,85046125338
16246076700,Rudolph A.,,85011977630
16246457700,Tammachote N.,,84994731782
16300728600,Forster A.,,85087616692
16301443300,Hill C.A.,,77954506506
16302348500,Veenstra A.S.,,84955245459
16303899400,Garry J.,0000-0002-2089-3817,85097599267
16304403400,Ibanez L.,,85127761240
16304838000,Niederkrotenthaler T.,,85097003678
16305242700,Rubenson D.,0000-0001-6887-2735,85147209656
16305967100,Willer R.,0000-0003-3404-6472,105044369270
16306005200,Wand J.,,84864054000
16308449300,Slocum L.A.,,84875515138
16308652800,Christenson D.P.,,85096943476
16308734900,Bandelow N.C.,0000-0002-6745-3253,85193636317
16308749300,Baier D.,,84943451796
16309140500,Bos A.L.,,85103431708
16309747700,Hannah S.T.,,85208231952
16310103300,Kupatadze A.,,85068387044
16310377500,Rosenblatt F.,,105016854182
16310498400,Rathbun B.C.,0000-0002-3270-9781,85194538813
16310956900,Wengström E.,0000-0002-1414-9055,85115417674
16310977700,Zeisberger S.,0000-0001-5684-5633,85076219029
16311690900,Chaves J.A.,,85118139725
16314931900,Burkhalter S.,,85165893967
16314964400,Abts K.,,85214494009
16315143700,Buntaine M.T.,0000-0002-7139-2078,85202949339
16315828400,Fairbrother M.,0000-0002-1400-2141,105017758534
16316237700,Hoving C.,,85090208435
16317365300,Schneider C.J.,,85118161056
16317395300,Schofield E.,0000-0002-4745-3707,85090124331
16317864100,Verhofstadt E.,0000-0001-5385-151X,85202899391
16318746700,De Oliveira A.J.S.N.,,85035364736
16319073000,Lopez-Pavon J.,,85100373648
16319317200,Jensen M.B.,0000-0002-9455-0104,85127739875
16319898200,Vaculik M.,0000-0001-8901-5855,85134542974
16401687700,Faravelli M.,,105038196820
16401812800,LIN P.M.C.,,85204783150
16401839500,Li N.,,85161927637
16402713600,Pearson-Merkowitz S.,0000-0001-6440-1098,85183632060
16403064200,Richard M.J.,,85150751341
16403564400,van Gelder J.L.,,85059936542
16404462100,Baranzini A.,0000-0002-9438-7730,85107266949
16411983700,Gendron M.,,77249149886
16418049800,Purewal S.,,84155163879
16419433200,Engel M.,,85125709953
16425076400,Vonasch A.J.,0000-0002-2784-5420,85096835102
16425078500,Syse A.,,84998590321
16432120900,Whiting S.H.,,85090018056
16432698900,Frank M.,,81355138432
16432877500,Lytsy P.,,84997354281
16443861900,Benard S.,0000-0003-0745-2029,85183718228
16444659800,Veflen N.,0000-0002-1456-7900,85124192504
16445339500,Thébaud S.,0000-0003-3262-7732,85124082691
16460276300,Rasch B.E.,,84909584138
16475186000,Ullrich J.,,85189554153
16479640300,de Lange S.,,85039919271
16480038800,Bisel R.S.,,85132601362
16480951600,Schenk L.,,85117767363
16481194900,Mujani S.,,85142388214
16481728200,Strausz M.,0000-0002-6482-5517,105015157804
16485023600,Persson M.,,85018392116
16505908400,Buskirk T.D.,,85122325888
16506252800,Andreassen C.,,85021200122
16506408400,Escot L.,0000-0002-6734-6327,85201636677
16507577000,Pighin S.,,85050639442
16507769600,Slingeneyer T.,,85034043502
16548719000,Almeling R.,,85054917716
16549251200,De Jong M.G.,,85092362534
16550507300,Stevens D.,,85064151968
16550720700,Rogers B.,0000-0002-7673-1876,85105510650
16551287300,Yanus A.B.,0000-0002-0772-7830,85216620221
16551770900,Bouchard M.A.,,85103390629
16551797700,Beraldo S.,0000-0002-7658-7659,105002231965
16553223300,Rico G.,,85083257073
16553315000,Pravettoni G.,0000-0002-4843-4663,85078669526
16553961600,Avdagic S.,,85183743714
16556266400,Reynolds L.,,84925876634
16637880000,Macready A.L.,,85082518218
16641852600,Cao X.,,85136257043
16642142700,Acquisti A.,,85034437185
16643267300,Lenzini G.,0000-0001-8229-3270,85128583937
16643331800,McRee A.L.,,77955460063
16643424900,Kristan A.,,105012935442
16643511200,Moon M.J.,0000-0002-6499-5700,85181507136
16643916900,Ovodenko A.,,85067929736
16644431500,Zhang Z.,0000-0002-8617-6386,85124870250
16644785300,Camus O.,,85077050163
16644851200,Coppola V.,,85077050163
16645668200,Formosa P.,,105020724441
16646155100,Karasawa M.,0000-0002-1018-8524,105027066314
16646410500,Piessen G.,0000-0001-8243-8310,85090726801
16647594800,Thomas R.,0000-0002-2165-5917,85132577788
16647753500,Volcic R.,0000-0002-0170-4136,85200529009
16647969400,Thórisdóttir H.,0000-0001-8350-6573,105004049901
16678817600,Irvin W.J.,,84892777168
16679052800,Jaime-Castillo A.M.,,85200159607
16679815600,Ramakrishnan S.K.,,85079694710
16689856100,Mancini P.,,85136340359
16736074300,MacLeod C.M.,0000-0002-8350-7362,85164735555
16744097100,Krouwel A.,,105029640625
16744169900,Johns R.,0000-0002-4543-7463,105000064992
16744235000,Mulatti C.,,85135548149
16745318000,Defrank J.T.,,84892777168
16836222200,Galárraga O.,,84898599463
16837108200,Sholl L.,,85052636854
16837259800,Rosoff H.,,85035044091
16947656100,Massey S.G.,,85053292471
17135766000,Matos M.,,85138630086
17233594100,Gallemore C.,,85120629976
17342515500,Raven J.,,85018214758
17342698400,Magerøy N.,,85021200122
17342865000,Sun X.,0009-0000-4400-508X,105043143139
17343236100,Gold V.,,85159772013
17345075500,Auspurg K.,,85204086208
17345111300,Appelbaum L.G.,,85116972333
17345226300,Araujo-Soares V.,0000-0003-4044-2527,105045922287
17345249500,Abraham M.,,85176382083
17345445800,Figueiredo I.,,85207155208
17345475400,Jones B.,0000-0003-2134-8631,105041077972
17345546400,Gillison F.B.,,84922463963
17346744400,Peterson S.,,85177584257
17347367100,Wolf P.J.,,85087549603
17347522000,Struck O.,0000-0002-7631-6365,85120652344
17433368500,Brenner M.,,85134493142
17433889900,Derous E.,,85168133308
17434179400,Dohle M.,0000-0002-7154-5433,85196316334
17434227000,De Backer C.J.S.,,85046431450
17434294500,Hassan L.M.,0000-0002-9561-5360,85137427467
17435469500,Sørensen E.,,85103752245
17435875300,Perunovic W.Q.E.,,85071281135
17435879200,Sommerer T.,,105022218358
17435964500,Vernby K.,,85182915773
17436116600,Tal-Or N.,,105002055970
17436345600,Todorova G.,,85117938231
17436414300,Vowe G.,0000-0002-9440-6460,105002365860
17634019800,De Raedt R.,,85068995571
17636214600,Savulescu J.,0000-0003-1691-6403,85064763956
18036495700,Appel M.,0000-0003-4111-1308,105043549924
18036615100,Blaya C.,,85175722199
18036789400,Carpenter C.,0000-0002-5028-6006,85198947323
18036903700,Busby Grant J.,0000-0001-7330-0213,85078980799
18036907700,Brañas-Garza P.,,84874293683
18036937600,Ihlen Ø.,,85186880270
18037019800,Gao Z.,0000-0002-5955-6359,85117388246
18037265400,Gilligan D.O.,,85100114795
18037703000,Markon M.P.L.,,84877878010
18038530600,Veil S.R.,,84890056315
18038649800,Shui R.,,84874558255
18039123300,Yuan J.,,84884389674
18042005000,de Hooge I.,,85073221738
18042151000,Niemack M.D.,0000-0001-7125-3580,105011302164
18042527100,Piff P.K.,,85068871005
18042601100,Thornton R.J.,0000-0002-3180-674X,105011302164
18133514700,Hollebeek L.D.,0000-0002-1282-0319,85152277286
18133581400,Bernstein M.J.,,85150850602
18133787800,Beaumais O.,,85150491332
18341345100,Medvedev S.,,85087204558
18433527400,Caricati L.,,85162801724
18434387200,Kaufman A.R.,,84908031168
18434449500,Petts R.J.,0000-0001-6658-1387,105000687702
18434480500,Peci A.,0000-0002-0488-1744,85104756695
18435735000,Cingolani L.,,105030102925
18436467600,Froese F.J.,,105025676142
18438361900,Ro E.,0000-0002-9313-7086,85059301804
18534442200,Davis B.,,105012355723
18535123400,Gosselt J.F.,,105037802369
18536458700,Konisky D.M.,,85069741801
18536857900,Mifune N.,,85131524653
18633751200,Abbamonte L.,,85122081765
18634652800,Meijer E.H.,,85064149443
18836646300,Le Poncin-Lafitte C.,,79953668554
18838548800,Shibata M.,,80755153647
18839595000,Xiang J.,,105041986691
18937184900,Rhodes J.,,85123914954
19336936300,Goost H.,,105012935442
19336998800,Heck S.,,84964974592
19337610300,Mu R.,,85127053627
19638279900,Findley M.,,85042331449
19638401700,Calabrese S.K.,0000-0003-2640-0208,85196879542
19638686200,De Smedt P.,,105001075606
19639050500,Mzoughi N.,0000-0002-8153-4615,85218751015
19640771200,Zorzal E.,,85148353191
19933240900,Haines A.L.,,85104966575
19933387400,Drewing K.,,85042174183
19934102200,Oscarsson H.,,85201061544
19934649700,Slothuus R.,,84874501501
20336502200,Chappaz C.,,85064219014
20336536000,Buzzaccaro S.,0000-0002-7394-5262,85204941273
20336781700,de Lemus S.,,85135684946
20433982500,Milkman K.L.,,85127270458
20434463400,Shen W.,0000-0001-6238-0051,85152892312
20435282600,Esaiasson P.,,105042292936
20435686000,Cochrane F.,,85089150205
20435957600,Lac A.,,85178451649
20436168900,Moser C.,,84938207126
20436418800,Reidy T.,,85186570502
20436611500,Stearns E.,,105018823077
20436689000,Traivaree C.,,85075654477
20436715000,Shariff A.F.,,84897904370
20436790700,Verhoest K.,0000-0002-5467-3820,105001549954
20436885600,Pivetti M.,0000-0002-8378-2911,85146331017
20636168200,Todorov A.,,84877041777
20733521300,Blöbaum A.,0000-0001-8215-3008,105013308435
20734618600,Kimmerle J.,,85144015476
20735280100,Popp E.,,84858239000
20735768700,Shelef N.,0000-0002-2037-9818,85202819216
21533780700,Davis K.C.,,85114888366
21536181900,Zwart H.,,85046125338
21644294200,McDonagh E.,,85142439966
21733823700,Tekleab A.,,105032829539
21734050000,Becker S.J.,0000-0001-9271-2432,85078625532
21734202300,Doces J.A.,,85159042145
21734471700,Cramer R.J.,,85034713934
21734537600,Gerger H.,,85103062520
21735642400,Sperry K.,0000-0002-6492-4304,105025660902
21735665100,Reese P.,,77950915585
21739085700,Gibson J.,0000-0003-3886-6873,85143834127
21739337200,Cann D.,,85174161688
21739399600,Askim J.,0000-0002-5675-6937,85217107537
21739596000,Nadolu B.,,85095414422
21740579400,Denver M.,0000-0003-0362-9819,105047726897
21741739200,Ding B.,,105028851342
21743637000,Schlegel R.J.,,85125130580
21743675400,Preston G.,,76749146947
21833273000,Brosch T.,,85041824610
21833329600,Brady T.F.,0000-0001-5924-5211,85117833318
21833834700,Blechert J.,,105030885690
21834132000,Hierro M.J.,,85048523266
21834642800,Poullaouec T.,,84982851871
21835123100,Tybur J.M.,,85069728200
21933452300,Garzarelli G.,,105019082068
21933692800,Cole S.,,105033817071
21933788900,Bryan C.J.,,84941878121
21933844900,Davies G.A.M.,0000-0002-9466-4566,105008391625
21934065000,Koenigstorfer J.,0000-0001-6159-2861,85212330408
21934166500,Groeppel-Klein A.,,85104717738
22033841200,Binningsbø H.M.,0000-0002-3976-2067,105023391134
22033924200,Crossler R.E.,,85042398288
22034504600,Frías-Jamilena D.M.,0000-0002-3848-4579,85074600556
22036046800,Richmond A.S.,0000-0003-3699-1347,85127334475
22036278000,Sioen I.,,85037336647
22036496300,Rodríguez-Molina M.Á.,0000-0002-3841-4706,85074600556
22037011300,Trappenburg J.C.A.,,85011693962
22037226200,Zych I.,,85175722199
22133493800,Baggett K.M.,,85202691285
22133763200,Beeri I.,0000-0002-8731-9772,105030610543
22135001100,Hellevik T.,,85050945621
22135034000,Hasler B.S.,0000-0002-3251-4677,85152970538
22135546300,Nash K.,,85095861402
22135567300,Lewis C.,,85101980921
22137091200,Taylor J.K.,,85114383823
22137135300,Toshkov D.,0000-0002-7444-9340,105029985491
22234259600,Kabst R.,,85059644124
22234749000,Ogg J.,,84879781970
22235209100,McKee S.C.,0000-0002-9889-6532,105025062059
22235487800,Teuber R.,,85206443995
22434280800,Squazzoni F.,0000-0002-6503-6077,105040981743
22633437500,Breen L.J.,0000-0002-0463-0363,85195659580
22633584000,Beblo M.,,85175572874
22634017500,Ismail R.,,84934920320
22634245700,Hertel-Fernandez A.,,85130554591
22634417500,Gaulé P.,,85135851376
22635455800,Schack T.,,84923869700
22635700500,Morrison W.E.,,84877583492
22636082300,Van Londen M.,,77954780882
22636187300,Smerecnik C.M.R.,,77952521606
22734005700,Fursov K.,0000-0001-7275-0765,105003542243
22734191300,Kröner S.,,85104716541
22734540700,Mikosch H.,0000-0003-0793-9646,105027457404
22735163500,Wouters E.,,105048121011
22834091600,Foiadelli F.,,77954834727
22834173200,Filiz-Ozbay E.,,85079014176
22834266400,De Massis A.,0000-0001-5552-6497,85179832749
22834312500,Coursaris C.K.,,84971472409
22834445900,de Koster W.,0000-0001-9250-2072,105037057133
22834609900,Heath O.,,84943200257
22834758800,Jensen J.D.,,85112764069
22835970300,Shepherd H.,,85114047130
22836420300,Savun B.,,85182711691
22836749200,Wu C.l.,0000-0002-4741-3289,105027309261
22836831200,Wilking J.R.,,85089602460
22836955000,van der Waal J.,0000-0001-7565-8155,105037057133
22837254800,Tsai L.L.,,105040925854
22933653900,Berveiller P.,,85113531457
22933997700,Dür A.,0000-0001-6621-7243,105046928495
22934823900,Liang J.,,84874558255
22935231500,Schuchart C.,,85074359364
22935399600,Sebudubudu D.,,85200241054
22935448200,Sloan M.M.,0000-0001-7750-6382,105005805574
22937270700,Holt C.,,84977090447
22937706300,Head S.,,84872943856
22938148100,Klyver K.,0000-0003-4558-5527,85115603219
22938187600,Lagarde M.,0000-0002-5713-2659,85209767804
22938965800,Rosas A.,,85140664233
22939099300,Negoita S.,,85052800378
22939194900,Snir A.,,105036211249
22939270500,Zhou S.,,85191584668
22939761500,Umemura H.,,84907457047
22940246100,Allan J.L.,0000-0001-7287-8363,85050947655
22940641200,Hinnen C.,,85089473462
22941281300,March D.,0000-0002-6118-761X,84896057884
22946406900,Allansdottir A.,,85046125338
22949340300,Verstreken F.,,85150751341
22950035800,Daxecker U.,,105040356691
22950058600,Cranmer S.J.,,84893540972
22950285600,Dellon E.P.,,85126899508
22950299100,Grimm V.,,85131278479
22950569500,Kastellec J.P.,,84930590808
22951040500,Mörlein D.,,85119898194
22951048500,Kousser T.,,105047002160
22951170400,Kluge U.,0000-0003-3829-641X,105048950803
22951322000,Maughan-Brown B.,,85207263749
22951426700,Kulich C.,0000-0002-9483-2128,85210032259
22951575400,Oerlemans A.J.M.,0000-0003-1791-1620,105014548474
22955897700,Huh Y.E.,,85089503453
22958134600,Quaas M.F.,,85089487599
22958388600,Ohly S.,0000-0001-6818-7519,105043164008
22958787200,Weber T.,,85041387534
22958940800,Wagner M.W.,0000-0003-4590-5033,85107346470
22978529500,Aglietta M.,,77951696808
22978618100,Cavazza N.,,85108453160
22978706500,Bohnet-Joschko S.,,85137603265
22980601200,Kitchner T.E.,,85012918005
22981114200,Nov O.,,85042768893
22981732500,Stockemer D.,0000-0003-3502-6828,85209790283
22981796700,Sides J.,,85053875657
22984374900,Bonardi A.,,77951696808
22984957100,Gaissmaier W.,0000-0001-6273-178X,85174270278
22985250900,Jungert T.,,85119018179
22985401400,Lacetera N.,0000-0002-3191-8792,105039104548
22986144500,Porta A.,,77951696808
22986230800,Schwerdt G.,,105008069618
22986286300,Shomer Y.,,105018750501
22986966200,Van Bavel J.J.,,85116383416
22987078600,Syed M.,0000-0003-4759-3555,105016113585
22997095400,Green J.,0000-0003-3975-8241,85212175262
23003995100,Drogendijk R.,,85193489230
23004185100,Enjolras B.,,85020815944
23004228800,Elías J.,,105039104548
23006054100,Persky S.,0000-0002-7768-5744,85209634086
23006096200,Qiang M.,,85169599499
23006562300,Spiegelman E.,,85064149443
23007412900,Dal Cin S.,0000-0001-9168-8530,105025413428
23007675700,Amershi S.,,85176472685
23008598400,Keith N.,0000-0003-3024-1297,85083789012
23008702200,Kirkpatrick M.G.,,85150854529
23009068000,Kosar K.,,85130554591
23009226300,Matysiak A.,0000-0002-8883-3925,105030692542
23009388000,Lavanga M.,0000-0001-5925-9509,85196971153
23009620300,Montag C.,0000-0001-8112-0837,85179886377
23010485500,Smith T.L.,,85161644693
23010786300,Whitwell S.,,84858064901
23010804700,Smyth R.,0009-0008-5102-2898,105032128577
23010826900,Tjahjono B.,0000-0001-7503-7500,85119248850
23010864600,Whitt S.,,105041965396
23011087700,Zehnder C.,,105034408644
23011158700,Dalbeth N.,,85073022198
23011473400,Doyle D.,,105042881054
23011808500,Hurt E.A.,,84906934646
23012151500,Hornikx J.,,85019757463
23013199500,Woodberry K.,,85068221135
23017720900,Chevallier C.,,105025946075
23018910800,Hakhverdian A.,,84965021008
23019542500,Okello J.,,84964974592
23020062500,Park H.,,85183797088
23020466100,Yoon G.,,85123307033
23020542700,Vignoli D.,0000-0003-1227-5880,85219757580
23024148700,Burin D.I.,,85096199177
23024200400,Black R.C.,0000-0002-3875-5519,85159352085
23024201100,Adam S.,0000-0001-8022-9101,105043197085
23024885300,Epstein M.,,81355149331
23025197800,Kuo C.F.,,85163570406
23025284900,Larraín R.,,85040071418
23025852900,Rivers L.,,85185973647
23027251000,Farias I.,,85207155208
23027535900,Gravely A.,,85053865862
23028209200,McCrea S.M.,0000-0003-4241-5530,105030885690
23028481800,Qahri-Saremi H.,0000-0002-4933-834X,105041861411
23028917500,Smith D.A.,,105025062059
23029251000,Von Wagner C.,0000-0002-7971-0691,85141244667
23034581700,Gunasti K.,0000-0003-3869-3730,85187566150
23034899700,Kreuter F.,0000-0002-7339-2645,85172706153
23035761800,Mancini T.,0000-0001-7173-6478,105023582240
23036284300,Nannicini T.,0000-0002-9400-7494,85200327201
23036386900,Sinclair C.,,105018398247
23036503800,Rabbiosi L.,,85058987092
23043643300,Della Sala S.,,105048961606
23050916400,Luck D.,,75149165988
23051628000,Morgenstern M.,,105012380981
23052194500,Sauerland M.,,85100878335
23052362800,Reardon M.C.,0000-0002-9719-0423,85150665456
23052584700,Selb P.,,85015985453
23052693100,Schepers T.,,105012935442
23059874100,Greene J.P.,,84930995255
23059913900,Ferrer R.A.,,85126370927
23061759000,Vandenabeele W.,,85096026847
23062319300,Schilke O.,0000-0001-6832-1677,105035690840
23089927800,Abegaz F.,,84944145668
23089961500,Berkman B.E.,,85100359042
23090307600,Baerg N.,,105011763610
23090806200,Jox R.J.,0000-0002-3040-4714,105035021932
23091033400,Goodwin M.,,85081657864
23091140300,Kireev M.,,85087204558
23091807800,Viding E.,,84900378945
23092247100,Tompson T.,,85067437575
23092259600,Van Dijk H.,,84950326838
23092374400,Schlauch R.,,84897063469
23092911200,Beckers T.,0000-0001-8124-8654,105024724556
23093814000,Dehghani M.,,78651518755
23094344300,Kaler J.,,85064079071
23094537100,Hannum S.M.,,105011377433
23094702500,Loibl C.,,105015192078
23095028500,Marelli A.,0000-0002-1784-8206,85103442864
23095445000,Peterman A.,0000-0002-3921-5936,105012405457
23095594600,Rand D.G.,0000-0001-8975-2783,105008878283
23096162300,Swords L.,,85088885646
23096325200,Spas J.J.,,85189362817
23096696200,Weibel A.,,85068905627
23097492700,Guijarro B.,,84855813566
23097744100,Greven S.,0000-0003-0495-850X,85172706153
23097886900,Lupiáñez-Villanueva F.,,85086008635
23098306400,Merrilees C.,,85061474480
23098672700,Wallsten K.,,85011497605
23098949900,Walton G.W.,,85128750112
23099209900,Bangalore S.S.,,84906934646
23099333800,Butler J.,,85135598111
23099346400,Baumann S.,0000-0002-1058-2505,105048747889
23099451200,Bredenoord A.L.,,85100359042
23099465500,Delavande A.,,84942549774
23099621000,Gundersen D.A.,,85121980377
23099990200,Diaz E.,,85122629727
23100398200,Lappegård T.,0000-0002-2813-7645,85123960531
23100462800,Klöppel S.,,85113671401
23100463900,Kirchler M.,,85064149443
23100581000,Lishner D.A.,,84869191190
23101319400,Van Den Bos W.,,85096817604
23101322400,Spoor A.B.,,105012935442
23101772000,Waxman M.J.,0000-0002-3697-8954,85129685284
23102569900,Feldman L.,0000-0002-3057-9602,105029175499
23102647300,Davidov E.,0000-0002-3396-969X,85150666256
23102878800,Hadden J.,,85138752090
23103129100,Goudbeek M.,,84922252816
23104104400,Rubinstein T.,0000-0001-8170-9377,105013484489
23104393200,Steinmetz H.,0000-0001-5052-4214,85059644124
23105069400,Anessi-Pessina E.,0000-0002-4660-5457,85120350922
23110797300,Markus S.,,85190152629
23111947200,ten Brinke L.,0000-0001-7080-9129,85144354792
23134280500,Handfield T.,0000-0003-2995-2067,85109569011
23134283900,Cronin A.M.,,85052636854
23134892100,Hipp L.,0000-0002-1535-8748,105046308236
23135446000,Malul M.,,84969834433
23135666200,Wolf J.,,84897440930
23388445800,Bekkers V.,,85100590088
23389614200,Kleinert T.,,105036254738
23390017300,Juergens P.,,84934973406
23390127900,Premkumar P.,,85115770181
23390139000,Qiu X.,,105029671836
23392991000,Markovits D.B.,0000-0001-5356-5505,105015076143
23393148800,Nasi G.,0000-0002-6587-4943,85180178091
23393335600,McQuade T.,,85183126722
23393626700,Schmälzle R.,,105029975832
23394008500,Powdthavee N.,,85045615462
23394196200,Wolf C.,,85127278669
23394250100,Weseley A.J.,,84873748289
23395037300,Klass G.,,85169683944
23395063200,Logan D.C.,0000-0002-3158-8607,105025440112
23395434800,Strandberg K.,0000-0001-6357-5643,85115988936
23395504300,van Spanje J.,,85041387534
23395982600,Campo S.,,84874376108
23396003400,Belschak F.D.,,85112404761
23396226400,Brentnall A.,,105046637828
23396490700,Eckles D.,0000-0001-8439-442X,105001867884
23396513200,Davis R.E.,,85042933726
23396533100,Hasson H.,0000-0002-3827-6841,85219714734
23396720900,Glynn A.N.,,85171793730
23396774200,Frederiks E.R.,,85007339908
23397042600,Knoors H.,,84855222670
23397184400,Karvonen K.,,84907285570
23397568500,Naurin D.,,85194740272
23398508300,Spoto A.,0000-0002-7580-544X,85122651404
23398957000,Wegwarth O.,,85067199251
23399228800,Verdon M.,0000-0003-4738-2803,105045048993
23466293600,Bois C.D.,,85144369776
23466368400,Bleys B.,,84947485251
23468610900,Soler L.C.,0000-0003-0769-0633,85158975583
23468967400,Dieckmann N.,,85053904210
23469286500,Hayibor S.,,84928403676
23469367300,Dimigen O.,,84861643490
23470335800,Mildenberger M.,,105018509796
23470403100,Mayerl J.,0000-0002-4599-9976,105000106945
23470819400,Sieracki J.H.,,84921520419
23470825600,Stadelmann-Steffen I.,0000-0003-3441-4757,85213043524
23474071800,Linos E.,,85134512380
23474758400,Pastukhov A.,,85128451129
23475486100,Rosas L.G.,,105049005827
23475861400,Witry M.J.,,85066099680
23477373800,Lowe R.,,85087674196
23477589300,Kocabıyıkoğlu A.,0000-0002-5621-5778,105018012857
23477842700,McElwain K.M.,0000-0002-9982-4784,105016364194
23478066700,Pountos I.,,105012935442
23478521400,Šerek J.,0000-0003-2358-7329,105038641011
23479291500,Arnold K.,0000-0002-3407-5305,85205480864
23479295300,Brunnschweiler C.,0000-0002-8610-6433,105008650143
23479403700,Gabay S.,,85121335322
23479770300,Hernaus T.,,85130211367
23479932300,Lin-Greenberg E.,0000-0003-3627-9181,85208237881
23480101700,Mäs M.,0000-0001-9416-3211,85202995551
23480664700,Vanderelst D.,,85174310394
23480716500,Yang S.U.,,85125339374
23481107400,Csörgö B.,,84905969902
23481468700,Hass R.W.,,85212188197
23481497600,Gagan J.,,85052636854
23481991500,Lanz B.,,85096552068
23482139300,Larson J.M.,,85195141299
23482289000,Ngok K.,,105036299734
23482491200,Steen-Johnsen K.,,85186880270
23483158800,Turchetti L.,,84876734748
23484638200,Fritz Z.,0000-0001-9403-409X,85181924764
23485508700,Haug S.,,85123536317
23485677100,Kertzer J.D.,,85147100567
23485958900,Lüftenegger M.,0000-0001-8112-976X,105039818693
23486657400,Rodning S.,0000-0003-2128-9512,105018964611
23487260500,Stiller J.,,85124799337
23487887300,Blevins J.L.,,85124994501
23487944200,Allendoerfer M.G.,,84976317605
23487967100,Akbar D.,,85166300055
23489169000,Harper S.,0000-0001-9689-6160,105034762648
23489242000,Mechtenberg L.,,85183940490
23489424200,Kuwabara K.,,84933060293
23490308200,Tinkler J.,,85198365223
23490348300,Thurman N.,0000-0003-3909-9565,85204450345
23490507700,Walker E.T.,,85141016787
23490688400,Schlittmeier S.J.,0000-0001-9051-4547,105036254738
23490810700,Stadlinger B.,,105010610792
23491803400,Gori M.,,85141382883
23492554900,Kleiman-Weiner M.,0000-0002-6067-3659,85144396097
23493629700,Schemer C.,0000-0002-7808-2240,85104798005
23493693200,Rijken A.,,85070721033
23493857700,Sonderskov K.M.,0000-0002-3550-0772,105014460745
23494012600,Wirth W.,,84907590295
23494432900,Zagheni E.,0000-0002-7660-8368,105024566039
23495205700,Chandler J.A.,0000-0001-9471-4626,105037028749
23496052100,Greenland W.J.,,77649180734
23497956500,Luque-Fernandez M.A.,0000-0001-6683-5164,85048702208
23499462800,Ranney L.M.,0000-0001-9766-4767,105000899871
23499589500,Torrente F.,,85137791448
23501123500,Gaspar M.B.,,85207155208
23501189300,Eveno C.,,85090726801
23501647600,Islam A.,,85130859956
23502299100,Strabac Z.,,85085503353
23566347000,Berenson M.P.,0000-0002-1722-9501,105002056233
23567164700,Passmore S.R.,,85171599946
23567461900,Bipp T.,0000-0002-6086-7832,85204431970
23567464000,Cauberghe V.,,84928162069
23568156500,Hurst J.,,85180249412
23568538500,Stavrositu C.D.,,84896464706
23568817000,Toledo D.,0000-0001-5162-4428,85111477522
23569738700,Kern H.L.,,84867424852
23570205300,Yoon J.D.,0000-0002-4877-0704,85041561306
23570662300,Busemeyer M.R.,0000-0003-4085-1689,105010931410
23570798600,Clark T.S.,,85171793730
23570896100,Pütz M.,,105037763094
23666343400,Adman P.,,85173552862
23666416000,Albright J.,,81555205787
23666590700,Chatterjee S.,0000-0001-8956-220X,85033213465
23666731900,Delis M.,,85098725919
23666805400,Ferguson H.J.,0000-0002-1575-4820,85102574877
23667181100,Goldfarb J.L.,,85099406266
23667382100,Hassan S.,0000-0002-8820-5822,85079450400
23667829900,Kwon H.Y.,0000-0003-4986-4312,85212405352
23668144000,Lo Iacono F.,0000-0003-1035-8017,85197168395
23668496600,Parrado S.,0000-0001-6600-5515,105010885760
23668549100,Pivovarova E.,0000-0002-2074-8775,105046416933
23668763100,Riedl R.,,85201935884
23669378700,Takahashi F.,,85066466904
23669618000,Van 'T Riet J.,,78649608763
23669856900,Waiguny M.K.J.,,84929252904
23766385600,Teichman D.,,105015387897
23767843500,Cheng K.G.,,77958527508
23768124100,Goeminne S.,,85041652929
23967736600,Campbell-Arvai V.,,85061215469
23967940700,Hall Z.R.,,84893040982
23967956500,Banks A.,,85088378640
23968279800,Tanaka O.,,85173537733
23968801800,Ester E.F.,0000-0002-1372-8768,105030084753
23968845100,Begall K.,,85189242574
23968938600,Grolleau G.,,85218751015
23969063400,Shiu E.,,85137427467
23969408700,Porta G.,,84876815115
23969494600,Lenz G.,,85066987803
23969999500,Ariely G.,0000-0002-3650-5196,85081321634
23970909900,Knebel J.F.,,85064219014
23971913700,Stites S.D.,,105034981092
23972407400,Aichberger M.C.,,105048950803
23975387900,Collange J.,0000-0003-0048-0385,105011764744
23976702000,Pytlik Zillig L.M.,,84866975774
23978102100,Howard C.J.,,85010918098
23978338000,Mitchell M.A.,,84903721869
23978683900,Sutan A.,,85064149443
23978721500,Schmidt R.E.,,84893040200
23978872400,von Stein J.,,85143608381
23979908800,Gibbs C.,0000-0002-7400-451X,85185973647
23981223800,Wilson K.S.,0000-0002-8242-280X,105039918011
23981536700,Seibold-Simpson S.M.,,85053292471
23982874600,Liebe U.,0000-0001-7409-9849,105039696438
23983438800,Ubfal D.,,85082647803
23984805500,Furukuma S.,,85151861667
23985006700,Leidner B.,,85198947323
23985292600,Jacob M.,,105001562735
23985912300,Peters I.,0000-0001-5840-0806,85099821314
23986358500,Simonovits B.,0000-0002-5727-5043,105023433219
23986537500,Tolsma J.,0000-0002-4411-6932,105024249125
23986878700,Vaughn V.M.,0000-0003-4362-7842,105045333079
23986892700,Woessmann L.,,85169833302
23988076400,Tseng T.S.,,85142402221
23988459900,Bergenholtz C.,0000-0002-6020-561X,85115603219
23989146000,Lambert S.B.,,79953668554
23989840100,Pope J.C.,,85097212075
23990019000,Apel R.,0009-0000-6235-2333,105007249723
23990109500,Campbell K.L.,,85159139884
23990369500,Asal V.,0000-0001-7614-4869,85102831504
23990737400,Krishnamurti T.,,85126899508
23991649500,Sütterlin B.,,84979765529
23991742400,Schreier M.,,85092362534
23992155400,Andersen D.J.,,85054745740
23992541000,Fang S.,,85134405023
23992972500,Lanthorn H.,,85144112298
23993640300,Hipes C.,,85060341750
23994013200,Philippe F.L.,0000-0001-6997-8072,85103390629
23994119300,Miller L.,,85166626350
23994303500,Kerrouche E.,,85200547541
23995215600,Creutzig F.,,105004674181
23995255100,Dinas E.,0000-0003-2153-6077,105039068556
23995599700,Mandemakers J.J.,,85144352919
23995962800,Zabel A.,,84928140997
23996133000,Pluske J.,,84929688885
23996241000,Russell S.,,84871799032
24066153200,Carriero R.,0000-0002-0580-3596,105035791894
24066557000,Choi E.H.,,85186842180
24066665400,Grena R.,,84876734748
24067166300,Kissine M.,,85199750985
24067420500,Rakoczy K.,,85190392727
24067660800,Pundir J.,,105046637828
24068168100,Trautmann S.T.,,85171195220
24068216100,Sivle A.,,105015560041
24069050200,Petrican R.,,85062206486
24069642000,Vollan B.,0000-0002-5592-4185,85029469896
24070855600,Kornrich S.,0000-0003-2265-2598,85126184203
24071031400,Jones K.,,85161655914
24071102700,Hyde S.,,85073767137
24071417700,McGhee E.,,84938922898
24071583700,Miron-Shatz T.,,84885909502
24072052100,Tankebe J.,,105017076767
24072160200,Rennó L.,,77956596130
24072972400,Botzen W.J.,,105043494359
24073274000,Nock C.A.,,105044416644
24073391000,Rese A.,0000-0001-6751-4418,85169422196
24073762000,Zarzuelo-Romero M.J.,,85214559482
24075464400,Bechtel M.M.,0000-0002-6080-5367,85129286204
24075689500,Gao Z.,0000-0003-2984-8278,85140099381
24076117400,Fiorentino R.,,84877798456
24076851300,Norander S.,,105018823077
24077469900,Schweitzer N.J.,0000-0002-0070-5102,85121876093
24079494100,Das E.,,85113335222
24079826800,Cokelet B.,,85088658749
24079880400,Bearfield D.,,84872403321
24080018100,Kahn K.B.,0000-0003-4006-6322,85190471348
24080850100,Leviston Z.,0000-0002-4969-7916,85129186966
24081211700,Pelligra V.,0000-0002-8012-4243,105044993762
24081951500,Yu Q.,,85142402221
24166188900,Harkin B.,0000-0002-1446-9673,85187439070
24166578300,Goodall C.,,85077467338
24167175500,Wolf J.,,85048595481
24167321100,Whitaker K.L.,0000-0002-0947-1840,85041729445
24167530800,Strizhakova Y.,,85116474088
24167768500,Dao S.,,85024113306
24168107200,Horiuchi Y.,0000-0003-0295-4089,105045529994
24168376800,Haisley E.,,79952027700
24168433700,Dumitrescu D.,,105001107075
24168449800,Ditlmann R.,,105037029441
24168517000,Holman M.R.,0000-0001-6648-4122,105021595551
24168640900,Kaess M.,,105013236358
24168673000,Künzell S.,,85098689916
24169359700,Nicholl B.I.,0000-0001-5639-0130,85216078939
24169457100,Otgaar H.,,105017446375
24169674200,Pimentel J.,0000-0002-6140-5437,85149670805
24170490000,Zhao X.,,85059665756
24170792700,Coan T.,,85064151968
24171002000,Brubacher J.W.,,85150751341
24171332900,Kurvers R.H.J.M.,,85096817604
24171374800,Lee Y.,0000-0003-0584-650X,105046458469
24171613400,Percheski C.,,105040965501
24171740300,Old S.R.,,84867430076
24172186400,Uscinski J.,,105008440841
24172303300,Walwyn R.E.A.,,85216715166
24172635700,de la Feria R.,,85153113226
24173061700,Lee J.,0000-0001-8425-3491,85186607392
24173705700,Schlueter E.,,85034236232
24174004400,Cellina F.,,105018117961
24174290900,Christophe V.,,85090726801
24174912700,Lv D.,,84897615862
24175232500,Sivakumaran B.,0000-0001-8377-0390,85103600557
24176115800,Zacher H.,0000-0001-6336-2947,85112509736
24176627400,Greenhill B.,0000-0002-8281-028X,85193281907
24177177800,Malesky E.J.,,85171571782
24177490000,Whitmarsh L.,,105015192078
24177695400,Woon J.,0000-0002-2237-5001,85150513645
24178898800,Francis-Tan A.,0000-0003-4963-9940,105029556278
24278511400,Kiss D.E.,,85059587282
24278546500,Matheson H.E.,,85142121999
24278682700,Al-Natour S.,0000-0002-5706-0026,85097987004
24278993700,Perino G.,,85183940490
24280834300,Branney P.E.,,105009510585
24280942800,Caers R.,,85081613400
24281258400,Duval R.,,85199352674
24281330200,Hagenzieker M.,,105003271015
24281777600,Kisida B.,,84931440609
24282013700,van den Brakel J.A.,,84899157419
24286280100,Sobisch A.,,85013354766
24288865000,Hutmacher D.W.,,85127961015
24297103400,Watchmaker G.P.,,105012935442
24315151700,Qian J.,0000-0002-4031-0287,85207005687
24319350600,Wang Y.,,85217711089
24328844800,Ferng Y.H.,,79957959068
24329697200,Pope D.G.,,85127270458
24329736500,Lewis C.C.,,85062297171
24330327900,Vance A.,,84939144823
24330556000,Bartczak A.M.,,85208985561
24330798200,Adler G.J.,,84961727022
24331860900,Lavie T.,,84938687610
24332201800,Khemlani S.,,79960068677
24332207000,Korolkiewicz M.,,85218185895
24332344800,Mo Z.,,85161422844
24332498700,Neth H.,0000-0001-5427-3141,85115428184
24335376700,Kuijpers K.F.,,85042594244
24336455100,Sheng X.S.,,85217743322
24336490900,Tharavanij T.,,84994731782
24336520700,Vess M.,,85125130580
24336966400,van der Kleij R.,0000-0001-5914-5966,105001300969
24337613700,Amos C.,,105027391846
24337632600,Aitken R.,,85167799541
24338112700,Ehrlich S.D.,,84897931804
24338372600,Lin-Hi N.,0000-0001-5872-6670,85123721069
24338958100,Mattes M.,0000-0002-1566-7479,85143771108
24339039200,Moessner M.,,105013236358
24339239800,Somer-Topcu Z.,,85103707726
24339564700,Steinberg D.A.,,105035324372
24339805700,Zamir E.,,84970021918
24340976500,Chen C.A.,0000-0003-0702-813X,105011277248
24341791700,Metelska-Szaniawska K.,0000-0001-5614-5557,85211024270
24342742500,Bond C.E.W.,,105000020251
24343584000,Greenbaum R.L.,,84924561457
24345697100,Valenta M.,,84962420684
24356051200,Juhel J.,,85194893401
24356829800,Nappi J.F.,,105012935442
24363642900,Körösényi A.,0000-0002-0631-9050,85211595419
24376105500,Anduiza E.,,84881262311
24376458800,Despard M.,,85174598361
24376494700,Mansuri G.,,85104305289
24376795200,Labeye E.,,85141978080
24376978100,Verosky S.,,84877041777
24377186600,Varma V.,,85125889085
24377270500,Serafini G.,,84860418081
24382098300,Shlafer R.J.,,85219033053
24382173400,van den Tooren M.,,77954275747
24385419600,Menapace L.,,85080101156
24391562600,Wonpat-Borja A.J.,,84883120037
24391564200,Vochteloo A.J.H.,,105012935442
24398373500,Cutini S.,0000-0001-6332-3219,85122651404
24398417200,Breunig P.,,85171775643
24398457200,Azadegan A.,,84966659025
24399019700,Hamilton J.G.,,84928766455
24399235300,McEvoy D.M.,,85032805465
24399548300,Marteleto L.J.,0000-0003-4234-0129,105023170806
24399903200,Turri J.,,84936971757
24400537600,Capano L.,,85030317816
24400754400,Duvall Antonacopoulos N.,,84928398485
24402689100,Pape S.,,85104968887
24435973100,Schillemans T.,0000-0003-2378-4998,105024114409
24436126000,Gonzales A.L.,,85124457548
24436872100,Ruppel E.,,105025103448
24437449400,Martire K.A.,,85073969999
24437606900,Häusermann S.,,105010891465
24438034500,Mori K.,,85101958833
24441545200,Mancini S.,0000-0001-8643-507X,105034293043
24447919300,James K.E.,,105040016698
24448104500,Alós J.,,84896057884
24448310000,Pauwels L.J.R.,0000-0002-4491-6374,85150702461
24449026000,Gallucci M.,,85141173935
24449487800,North J.S.,,84867218937
24449885200,Zetterberg P.,0000-0003-2103-3525,85187453853
24450177000,Crockett M.J.,,105012258249
24450661200,Kalpouzos G.,,84883438761
24450764800,Im S.,0000-0003-0723-5075,85106500637
24451584200,Weinstein Y.,,77957255715
24460567100,Corazzini L.,,85201957286
24461117300,Amlien I.K.,0000-0002-8508-9088,85112410054
24461581900,Lin T.J.,0000-0002-4525-1001,85140804832
24461687800,Gangi C.,,105029378857
24462377200,Muschalla B.,,84946925603
24462862000,Wang D.,,105002830599
24463162300,Copelovitch M.,,85078912286
24463521000,Levendusky M.,,85126112515
24464057400,Gachoud D.,0000-0001-9843-8761,105035021932
24464862500,Crittenden A.N.,,85088216599
24465318100,Scelza B.,,85088216599
24466226600,Do Y.K.,0000-0001-5024-8264,105010119991
24466260800,Decancq K.,0000-0002-5822-845X,105048726829
24466546300,Gassmann F.,,85179164179
24466575600,Fudge D.,,85109173631
24467100800,Rugeley C.R.,,84869089875
24467114100,Verge T.,0000-0003-3798-2821,85091655542
24467231300,De Vries M.,,84926647827
24467527000,Elmelund-Præstekær C.,,85027549067
24467811900,Kim K.,0000-0001-8497-2330,85106500637
24468974100,Smallman R.,,84982798859
24469040900,Sinclair B.,,85129366503
24469431300,Wildeman C.,,85130333449
24470034500,Kirrane M.,,85018779454
24470295600,Van Der Wulp I.,,85011693962
24470461300,Peus C.,0000-0003-4322-8999,85096720637
24471399500,Farley S.,,85053288194
24471544500,Baker J.O.,,105035908514
24471805600,Rich T.S.,,85108169587
24472374700,Tiede L.B.,0000-0003-0892-4649,105000017848
24472408500,Thorson E.,,85193512454
24473251600,Schmid M.K.,,84877691576
24473362700,Ruiz I.,,105045765546
24473392600,Luijkx R.,,85078794648
24473525600,Nelson H.T.,0009-0008-9478-2192,105044537495
24473871000,Zheng X.,,85160564112
24474160700,Calfano B.,,85162684304
24474772100,Lindekilde L.,,105048029686
24475496600,Mora G.C.,,85114047130
24475754300,Verger A.,,85145902133
24475948400,Wilkinson-Ryan T.,,85169683944
24476502000,Arretche M.,,86000780554
24476673500,Richetin J.,0000-0002-9175-5892,85114941009
24477075200,Di Maio M.,,85090184873
24477706800,Ropele T.,,85082055465
24477766400,Opgenhaffen M.,0000-0003-1729-3578,105000774089
24477888500,Schweizer-Ries P.,,105046788253
24479408200,Göğüş C.I.,0000-0003-0558-6787,105018012857
24479649800,Hildt E.,,85046125338
24480007000,Phillips S.W.,,85142605031
24480949300,Kedia G.,,85087007669
24480998900,Gessler S.,,85034248303
24481486200,Meredith M.,,85126112515
24485790400,Shippee N.D.,,85044150697
24490710300,Hermans L.,,85131174118
24490856400,Boucher J.C.,0000-0001-5529-6572,105037052423
24491314200,Unni E.,0000-0001-9968-4366,85132662498
24502470800,Joel Wade T.,,84884563121
24503192400,Jacobs A.M.,,105018815315
24503725600,Stenhouse N.,,85014547994
24503743000,Gori Maia A.,0000-0003-0075-5094,105023170806
24504085400,Deason G.,,82655172374
24504583300,Verdon J.P.,,84943251131
24504604700,Vatavu R.D.,0000-0002-7631-6445,85114984730
24511982300,Colagiuri B.,0000-0003-2157-2641,85142940301
24512046300,Green A.E.,,85150724440
24512412700,Sattler T.,,105009858168
24512415200,Vaccari C.,0000-0003-0380-8921,105012627181
24512492300,Sproesser G.,0000-0002-4223-2614,105030885690
24512548200,Muñoz J.,0000-0002-2078-4047,105013232755
24512757200,Unger M.,,80054094525
24513015600,Abbey J.D.,,85122265535
24524495800,Barry B.A.,,105027109177
24528778400,Marchevsky A.,0009-0000-7775-5602,85209193016
24528793200,Miller B.L.,,105035306999
24529136500,Masoud T.,,85040819453
24529199400,Sun S.,,84882667268
24536745200,Cai B.,,85082815928
24537004500,Adolph C.,0000-0001-8550-6438,105045564585
24544357200,Gupta P.,0000-0002-7303-2957,85131506855
24544594300,de Wit J.B.F.,,85144352919
24544770500,Coffee P.,0000-0002-1055-0052,85094201686
24544969100,Wood R.M.,0000-0001-6898-7575,85082405090
24553949300,Furutani K.,,85116311955
24554017000,Fransen M.,,105019064673
24554597700,Wallace G.P.R.,0000-0003-0802-5993,85208680176
24559254500,Thirumurthy H.,,85127270458
24559645900,Wright K.A.,0000-0003-4349-4197,85186747489
24578002800,Wallin A.,,85030657786
24587727700,Jurcik T.,,85217506639
24597033400,Iliev R.,,78651518755
24597206500,Dong M.C.,,85107701466
24597268100,Freng S.,,84997840974
24597357900,Karacı R.,,105017658909
24597967800,Schmiedeberg C.,,85135237858
24598301700,Waiswa P.,,105028028025
24598351200,Tseng P.,,84907962878
24605496500,Watts K.J.,,84908356568
24721963800,Napoleone C.,0000-0001-6847-0752,85047103170
24721989900,Russo F.,,85085919870
24722104100,Volmert A.,,85064817802
24722848100,Ata A.,,85129685284
24723206400,Van De Walle S.,,105040132322
24724391700,Iio T.,,85126972919
24724395200,Kagan E.,,85076509763
24725192100,Murdoch Z.,0000-0001-5866-9012,105005871889
24725367000,Sander C.,,105008861586
24726328100,Vitouch P.,,84930160764
24757818400,Choi Y.,,85021343276
24757864100,Feinstein B.A.,,85140811639
24758011100,Ejohwomu O.A.,,105045131757
24758154400,Barlow F.K.,,85203281551
24759290000,Santillana M.,0000-0002-4206-418X,85159352129
24759469600,Schouten B.,,84919481800
24764511700,Hannah E.,,105002012070
24764526200,Camps V.,,85147834396
24765216600,Rabl T.,,84939805036
24767238700,Zell E.,,86000329078
24773623200,Kendall-Taylor N.,,85064817802
24773718600,Mitani Y.,0000-0002-4530-6420,105042503121
24775042800,Bruns P.,,85082648729
24775227400,Däubler T.,,85199982682
24775253900,Baz B.O.,,84871217550
24777769300,Zhu J.,0000-0002-5981-6886,85204441582
24777962500,Chad L.,,85123307033
24779942000,Schelbe L.,0000-0003-4103-0022,85215566465
24801824800,Egorov G.,,105029305576
24802217500,Feltz A.,0000-0003-4188-0617,85125709953
24821545400,Fezzi C.,,105043710160
24823318000,Skarbek D.,,85147586653
24823785100,Cobbina-Dungy J.E.,0000-0002-3720-2672,85185973647
24824711800,Gash A.,,84943373755
24825319600,Vlaicu R.,,85216289294
24825427600,Towse A.S.,,85205059246
24828828800,Smith G.,0000-0002-7594-4386,85159645525
24829625200,Rutjens B.T.,0000-0003-3163-4156,105013879777
24830473200,Marez L.D.,,105032532691
24831574200,Jylhä V.,,85199373363
24831577200,Konstantinidis N.,0000-0002-3132-1216,85129731843
24831578800,Kowatsch T.,,85123536317
24831960500,Kritzinger S.,,105014927185
24831991400,Thunström L.,,85171479975
24832088500,Scholl A.,,85119251416
24832245800,Subra B.,,85019980045
24832691000,Hibbing M.,,85031682371
24832963000,Amro A.,,85174603152
24833004200,Huntsinger J.R.,,105034353261
24833045700,Mayo-Wilson L.J.,,85070899643
24833270800,Oxley D.R.,,84900454629
24833636500,Norman R.,,85204159513
24833640300,Schipor O.A.,,85114984730
24922557900,Boado H.C.,0000-0002-5804-8715,105023433219
25026016300,Goldenberg L.,,82655162103
25026288100,Quinton P.,,85118106062
25029373300,Ziegler A.,,85215430584
25029722800,Sun D.,,84921032696
25030484300,Williams A.,,85066027821
25030930900,Mchitarjan I.,,105022086443
25031002800,Hentea C.,0000-0002-3963-2502,85060811119
25031830800,Jonson C.L.,0000-0002-2278-7807,105003777728
25031847500,McDowall A.,0000-0001-7845-2363,105042399657
25032175300,Yadav V.,,85191414669
25121193600,Jeong S.,,85100266562
25121285900,Hulthén E.,0000-0003-4138-2570,85175430342
25121719500,Nordfjærn T.,,105018203647
25122036900,Portugal L.C.L.,,85123284003
25122689400,Patsios D.,,84908552806
25221247700,Courvoisier D.S.,,105045048993
25222600500,Boulianne S.,,85041291688
25222684000,Beyer A.,,84909584138
25223150900,Georgarakos D.,,105015578518
25223193600,Gillespie-Lynch K.,0000-0001-7292-3945,85137416481
25223959600,Weidmann N.B.,0000-0002-4791-4913,105022522354
25224071700,Tinghög G.,0000-0002-8159-1249,105019227366
25224644900,Pedersen R.T.,0000-0003-1481-7268,105040241040
25224728000,Kropp D.,,85097503187
25224778300,Forestiere C.,,105025476971
25225114400,Annen H.,0000-0003-1508-6276,105014436444
25225806800,Hoekzema N.A.,,105012935442
25226012900,Tatham M.,0000-0002-8388-8193,85152956814
25226021600,Schuldt J.P.,0000-0002-0885-0160,105000414839
25226269500,te Grotenhuis M.,,84860699852
25227239600,Laurent S.M.,,84901733553
25228366600,Dallinger U.,0000-0002-6747-1152,85124741830
25228475800,Demberg V.,,85058443394
25228878700,Lemercier C.,,85147834396
25229219600,Till B.,,85097003678
25230277400,Le Port A.,0000-0002-8337-6569,105012405457
25421265100,Bauman A.,,85061505149
25421348100,Barber L.K.,0000-0002-6761-7801,85096161270
25421403200,Armenta A.,0000-0003-2301-7350,105023317314
25422239000,Pagliaro S.,0000-0003-0573-0937,105044379006
25422655000,Ternes M.,0000-0003-0742-8619,85181148773
25423035100,Walter S.,0000-0002-0804-5647,85117439207
25423074800,Richey S.,0000-0001-7971-4249,85138224587
25423079600,Rodner C.,,105012935442
25423098000,Tauber S.,,84958780477
25423218000,Rossman G.,0000-0002-3556-0601,85187916593
25521248200,Capozza D.,,84856350658
25521434900,Bowern C.,0000-0002-9512-4393,85158112186
25522349600,MacDonald H.A.,,84944706691
25522870200,Tepe M.,0000-0002-6679-0346,105021514465
25621569800,Sanborn H.,0000-0002-0904-8137,105029433565
25622233500,Bytautas J.P.,,84864133229
25623074500,Bartels B.L.,0000-0002-5144-4758,85219569046
25623088800,Dunaway J.L.,0000-0003-3975-5227,85079366503
25623197100,Gronchi G.,0000-0003-0543-4900,84992124392
25623579600,Lemesle G.,,84958902068
25624554400,Anumba N.,,85207528560
25624902000,Hellwig T.,,84979066427
25626268400,Buttenheim A.M.,,85207263749
25626896100,Triana M.d.C.,,84901332763
25627832800,Kessels R.,,85102151641
25628509200,Lim S.W.H.,,84992331694
25628837200,Savani K.,0000-0002-6934-1917,85091042961
25629101100,Zettler I.,0000-0001-6140-7160,85092937215
25629423900,Gilad S.,,85217151653
25629622200,Hollands G.J.,,85069467467
25630278600,Erlingsson G.,0000-0003-2323-9092,105019227366
25630919700,Moisés J.Á.,0000-0002-9403-920X,85176589821
25630993700,Meuleman B.,,85214494009
25632055800,Duriez E.,,84870656540
25632503100,Lebo L.,,85116548497
25633126600,Ostrander N.,,105007045543
25633160300,Rudolph C.W.,,85176940474
25634077000,Major L.H.,,82255191207
25634411000,Koban L.,,84955382649
25634467600,Ruggs E.N.,,85105463574
25635341200,Barke A.,,85090886226
25636234400,Sacco D.,,85207528560
25636250400,Seibt J.,,85127739875
25636296200,Rasmussen A.,0000-0002-9517-3929,105002156689
25638780300,Rossoni L.,,85216074817
25639788000,Jahfari S.,,85087021974
25639954900,Livne-Tarandach R.,0000-0002-2447-5700,105018783775
25640950500,Bardasi E.,,84857796597
25641258900,Hilderson D.,,84892583980
25641740700,Pellicer M.,,85105167739
25643059300,Notebaert L.,,85096340728
25643698600,Yuan C.,,85060336598
25644334100,Jonas K.,,85090215847
25645563800,Crow D.A.,,85177174857
25646574200,King A.J.,0000-0002-2789-2550,85209666658
25648807300,Amicarelli A.,,85090880782
25649625100,Grocke D.,,84904017717
25649837500,Borah P.,0000-0002-1140-4233,85160857963
25650282400,Krumpal I.,0000-0003-2149-2203,105002984584
25650523700,Rauhut H.,,80054041559
25651826200,McDonough I.M.,,84939448548
25653340100,Polonijo A.N.,0000-0003-4706-3482,105024861967
25653417100,Waller M.,0000-0002-1050-4574,85182092142
25653684500,Leiner D.J.,,85189945910
25653888800,Howley P.,,85131960389
25654113400,Petrovsky N.,0000-0001-5134-8718,105007422853
25654666600,Boudreau C.,0000-0002-4021-1609,105040346734
25655475700,Varner F.,,105027587287
25655563800,van der Meer T.W.G.,0000-0002-6164-2926,105025527508
25655598900,Thachil T.,,85089149481
25722332400,Ringsmuth E.M.,,84876901340
25722387900,Vanstone M.,,85189334657
25722730500,Ho S.M.Y.,,85042631025
25723435400,Inbar O.,,84938687610
25723764800,Oeldorf-Hirsch A.,,85169048985
25724101700,Brühl R.,,85078807818
25724190700,Gallopel-Morvan K.,,85125966523
25724197100,Floress K.M.,,85104966575
25724640500,Sedera D.,,85168959864
25821771500,Ceddia G.,0000-0001-7826-8865,85129851787
25824149700,Cradock-Henry N.,,85045273461
25824220200,Edkins V.A.,0000-0002-5990-0578,85163274354
25824457900,Riforgiate S.E.,0000-0002-5933-4369,105002352123
25824807800,Friman H.,0000-0003-0061-2034,105043042931
25824968200,Han L.,,85026369863
25825133800,Ilea R.,,85125709953
25825321500,Lynn T.,,105024195322
25922128300,Faricy C.,,105045546146
25923244700,De Juan A.,,105025406081
25923257800,Douglas A.N.,,84888631834
25923258800,Akay A.,,105018594667
25923381200,Krause P.,,105015849990
25923495200,Ozcan T.,0000-0003-0740-8079,85187566150
25923663000,Spoon J.J.,0000-0002-4722-7400,85192167628
25923851000,Del-Colle M.,,84865629162
25923852000,Ertan S.A.,0000-0001-9730-8391,85146277524
25924244000,Besken M.,,84982744097
25925461500,Sayeed A.,,85205860493
25925596000,Zaki Y.,,105003813432
25925678200,Branković M.,,85158099674
25925830600,Goldblum B.L.,0000-0002-9274-9240,85139766998
25926036600,Protsch P.,0000-0002-2401-0567,105039156533
25927837800,Bhatti Y.,,84885008960
25927925400,Kunstman J.W.,,85150850602
25928004600,Olsen A.L.,,85210527581
25928104200,Swift J.K.,,85070115265
25928817100,Wang Z.,0000-0001-9830-0842,105020303005
25929090500,Adriaanse M.,,85200376186
25929095800,Costa-Lopes R.,0000-0002-1509-6397,105012123001
25929366800,Michaelides M.P.,0000-0001-6314-3680,105025218910
25929889200,Domptail S.,0000-0003-0412-402X,85116343883
25930707000,Beaulieu-Pelletier G.,,85103390629
25930999700,Mergenthaler M.,,85171775643
25931061400,Mattes K.,,84995760092
25931149400,Sznycer D.,,105004475485
25931228500,Scherr K.C.,0000-0002-9694-0624,85152015624
25931301900,Wong-McLoughlin J.,,79957959068
25931569700,Kellezi B.,,85124799337
25934640100,Lane L.B.,,85150751341
25936087300,Ezekiel M.J.,,84973862000
25936478000,Muriaas R.,0000-0001-7741-711X,105036534160
25936540300,Maestas N.,,85066037691
25936852000,Smyshlyaev G.,,77950637317
25947420500,Feldman Y.,0000-0001-8416-865X,85139979069
25947525300,Kumar S.,,85176125172
25957567700,Eastman P.,,85091101136
25957676900,Matsumoto C.,,85084521601
25958334300,Ruppanner L.,0000-0002-6111-1914,105036410075
25958739200,Socia K.M.,0000-0003-0560-3399,105039666012
25959092400,Harbridge-Yong L.,0000-0003-4250-0954,105013881602
25959105200,Hughes C.E.,,85010521588
25959434800,Wellman J.D.,,85058090804
25959445000,Storm I.,,85071048642
25959801700,Ziegler R.,,85100373648
25960230700,Montoro P.R.,,85218185895
25960464500,Tyrowicz J.,0000-0002-5928-332X,85064514336
25960572700,Conner T.,,85007565779
25960686700,Gallego A.,,85174070557
25960713900,Finseraas H.,0000-0001-5102-4895,85184274272
25960840900,Hystad S.W.,,85078424448
25961139900,Tan W.K.,,85058126769
26021773600,Donker T.,,85059936542
26021857400,Ke Y.,,105012945317
26022722400,Weinstein N.,,77952888957
26023357800,Krupka E.,0000-0002-9194-7501,105005452683
26023609800,Newswander C.B.,,85075308271
26023755300,Thorbjørnsrud K.,0000-0001-9431-8893,105032254923
26024163500,Ioannucci L.,,77951696808
26024293900,McCormick J.B.,0000-0002-2008-8180,85053701626
26024755700,Lin C.C.,,84907962878
26026028000,Portillo S.,,105009478060
26026317000,Knops A.,,85118542681
26026672300,Reedy J.,,85165893967
26027330500,Swiss L.,,85091243261
26027620800,Sircar I.,0000-0002-7415-2862,85171450071
26027742200,Barnes J.C.,,85060884767
26027796100,Dahlberg S.,0000-0002-7483-9234,85207237163
26028537600,Carley S.,,85069741801
26028603400,Malón A.,,85050672649
26028667700,Moussaïd M.,,84928920386
26028819200,Giersch J.,0000-0002-0462-9477,105018823077
26029005600,Wetzel H.,,85186526997
26029403100,Fjelde H.,,105012942893
26029532800,Popova A.,,84924535076
26029747400,Abdin E.,,105011346615
26029794300,Erdem G.,0000-0003-3507-1290,105003773972
26029929300,Krans J.,0000-0001-8015-9844,85068995571
26030019400,Powell K.,,84875056585
26030064300,De Tavernier W.,0000-0003-0940-9817,85071965061
26030072600,Shalvi S.,0000-0003-2225-7352,105012956372
26030431300,Kunst M.,,85120155826
26030668300,Toros E.,0000-0002-7550-3185,85068933570
26031032400,Levitt A.,,84897063469
26031571400,Lopes D.S.,,85148353191
26031915200,Barisione M.,0000-0002-2032-3486,105026784130
26032104200,Kilic T.,0000-0002-3642-3123,85183533650
26032291800,Oseni G.,,85143528545
26032421200,Shulman H.C.,,85092631297
26032455400,Wong N.,,85195566275
26032598800,Lacey J.,0000-0002-7559-0143,85081237919
26032609100,Leiby M.,,85103431708
26033351000,Gambetta D.,,85135489496
26033825800,Oppermann K.,,85129574265
26034534500,Hoeckner B.,,84885790670
26034932700,Zunshine L.,,84949667446
26036134300,Kogen L.,,85047503003
26036187400,Lecheler S.,,105009529125
26036284000,Muntean A.,,85028772478
26036469200,Malecki W.P.,,105024008227
26038994100,Callaway D.,,85187774660
26039081400,Conway P.,0000-0001-5363-7636,85053701626
26039095700,Derfler-Rozin R.,,105001965546
26039305500,Michaels P.,,84875056585
26039318100,Magen A.,,85193726160
26039491300,Potrafke N.,,85212649434
26040476200,Andrighetto L.,,85104926898
26040763000,Harell A.,,85196736674
26040773600,Karakurt G.,,84942259344
26040841900,Ku K.Y.L.,,85216308848
26041145300,van Dijk M.,0000-0003-1976-6922,85170073105
26041176700,Vezzali L.,0000-0001-7536-9994,85197442398
26041183800,Trifiletti E.,,84856350658
26041249100,Wallander L.,,84938538001
26221173300,Klackl J.,0000-0003-2619-4715,85219489421
26221236400,Gemenis K.,0000-0002-3973-5675,85143730774
26321340200,Boulding C.,,85104856502
26321361200,Cancino L.R.,0000-0001-8435-9026,85156219887
26321472100,Falk T.,0000-0002-2200-3048,85116343883
26321685700,Hickert A.,0000-0002-0740-8602,105013779063
26321686500,Jarodzka H.,,85048150224
26321749200,MacInnis C.,,85047331594
26321806300,Michael A.M.,,85116972333
26321842200,Moshagen M.,,84856843966
26321920500,Reuter O.R.A.J.,0000-0002-2576-3018,85165660738
26321989500,Saux G.,,85096199177
26322302500,Alber J.,,85213223088
26322997700,Lee H.,,85186842180
26323223300,Kerner A.,,105025129668
26323718000,Minchuk Y.,,85073991009
26323818800,Schumann K.,,85122326232
26324743800,Chen G.Y.,,85117550049
26324940200,Kosloski A.E.,,85045541946
26325116700,Valenzuela S.,0000-0001-5991-7364,105002151721
26325864400,Nelimarkka M.,,85129118849
26326759700,Devraj R.,,105007699702
26327018600,Miller L.M.S.,0000-0001-8261-1814,85129188841
26327051800,Rummel J.,,85012066416
26421493200,Zeng F.,,85141942519
26422058900,Highfill L.,,85129301331
26422136600,Herath T.,,85145615438
26424556800,Angelini V.,,84960323823
26424744500,Schnettler S.,0000-0001-8895-7445,85205065261
26425048600,Grechkin T.,,78650161131
26425180300,Maidel V.,,79551498300
26427583800,Dickinson K.L.,,85177174857
26427930200,Cramp A.,,84859630916
26428345700,Pelc K.,0000-0001-8122-0539,105016716218
26428508200,Steinfeldt J.A.,,82455192577
26428584100,Vlassopoulos M.,0000-0003-3683-1466,105025462569
26428883300,Over H.,,85144592976
26428990300,Wild V.,,84971483789
26429139200,Beam M.,,85077467338
26429802200,Kestilä-Kekkonen E.,,85124773382
26429996500,Nai A.,0000-0001-7303-2693,105042958675
26430560600,Fousiani K.,0000-0002-6753-2592,105030476188
26430947100,Heuer C.,,79958826679
26430954900,Giacomantonio M.,,85089395177
26431213800,Becker A.B.,0000-0002-8781-8942,105001014007
26431972800,Foster N.L.,,78751479357
26432136000,Sachdeva S.,,78651518755
26432673100,Guo M.C.,,84893428837
26432701300,Kohi E.M.,0000-0002-4815-7600,85198669433
26433156200,Banks L.M.,0000-0003-2819-5439,105029952790
26433840000,Spruyt B.,0000-0003-0573-724X,85058473613
26434244300,Bailey H.R.,,85065031465
26434406600,Maréchal M.A.,,85105655488
26434546700,Walther K.,0000-0003-4623-9466,85146158024
26434881200,Posner D.,,105041458788
26434930200,Wolter F.,0000-0002-0686-8527,85209114720
26435467300,Tiemann G.,0000-0003-1072-1189,105013486764
26435765100,Cheah B.C.,,84908356568
26436115900,Ryan R.,,85147294804
26436249500,Werfel S.,,85133919585
26436444000,Siegle J.H.,,85082815928
26530834200,Avellaneda C.N.,,85197309686
26530837600,Bonikowski B.,0000-0003-0107-0644,85200596759
26531046900,Ghasemaghaei M.,0000-0001-7854-3177,105047913638
26531333900,Hong P.Y.,,84869191190
26531384300,Jiménez T.R.,0000-0002-5702-1086,85175957887
26531789200,Scordo A.,0000-0002-7703-7050,85166440803
26531870400,Rivera L.A.,,105028036068
26531945200,Sierra C.E.,0000-0002-9246-5571,105011302164
26531977900,Weller N.,0000-0002-2198-5625,85179681814
26532479000,Claassen L.,,85098545942
26532706000,Emmenegger P.,0000-0002-5231-6272,105037975074
26532735300,Feddes A.R.,0000-0002-3294-6242,105013879777
26532782600,Kennedy E.H.,,85111834004
26533142500,Prince J.,,85052215054
26533180700,Pinto B.,,85204428794
26534174800,Goidel K.,0000-0002-2696-5463,85136039553
26534187500,Desmond M.,,77950260445
26534269800,Denes A.,0000-0003-2252-5687,105003997798
26534283000,Esposito L.,,84857190692
26534630600,McKenzie M.,,80054094525
26535144800,Wu L.,,85099355730
26535343300,Zhou C.,,84919666987
26535417100,Buchman D.Z.,0000-0001-8944-6647,105037028749
26536717700,Salerno J.M.,0000-0001-7394-6444,85121876093
26537477500,Edjekumhene I.,,85208498538
26537795200,Neumann R.,,85160590648
26537889300,Pearce J.,0000-0001-5422-3283,85105510650
26538153400,Schweizer G.,,85086235046
26538407100,Terwel B.,,84923009361
26539747800,Konstantinidis I.,,84888396965
26540561000,Vijaykumar S.,,85134855121
26631527200,Bruni R.,,105006830038
26631880700,Corcoran K.,,85087007669
26631931100,Balaban D.C.,0000-0003-3509-533X,105013765774
26631971900,Nip I.,,77957714383
26632759000,Gil de Zúñiga H.,0000-0002-4187-3604,85099815645
26633379400,Scolobig A.,,85054757575
26633465700,Beshears J.,,84951003254
26633842200,Hanretty C.,,85088175847
26634179400,Newheiser A.K.,,84887550841
26634307000,Sarferaz S.,,105027457404
26634480200,Yordanova N.,0000-0002-9207-4597,85187151954
26634733200,Ahlquist J.,0000-0001-8877-3646,105000152224
26634900100,Dunleavy C.S.,,80055118123
26635424900,Macis M.,0000-0001-6635-2752,105039104548
26635542700,Kostka G.,0000-0002-3696-9513,105022779897
26635924600,Rapaport C.,,85116304700
26637852800,Van der Toorn J.,,85185449095
26638721500,Cullati S.,,84893040200
26639748300,Perkins J.M.,0000-0002-5475-8816,105007344432
26640291000,Esmark A.,0000-0002-5014-5246,85125837862
26640370900,Drucker D.M.,,77952296830
26640375400,Feng L.,,105009027029
26640665900,Spilt J.L.,,105004341133
26640829800,Wiborg Ø.N.,,85116333355
26642433100,Bunel M.,,85180649446
26642872300,Li H.,0000-0001-9673-9544,105002322896
26642946300,Chung K.C.,0000-0002-2822-3164,85163570406
26642973000,Kelley J.M.,,85059039235
26642983200,Kutas M.,,84862234183
26643040300,Davis M.M.,,85205151947
26643050200,Macqueen G.,,84928902072
26643077800,Hao W.,,85097414378
26643140900,Brent D.A.,,84876815115
26643269200,Johnson T.P.,,105042563243
26643272500,List J.A.,,85121370138
26643312100,Coleman E.A.,0000-0002-5315-7111,85145509234
26643450200,Lochman J.E.,,85084521601
26643474200,Asch D.A.,,84919629133
26643489600,Hulscher M.E.J.L.,0000-0002-2160-4810,105014548474
26643513100,Kaptchuk T.J.,,77950240325
26644249600,Plazas Malagón A.A.,0000-0002-2598-0514,85126624477
26645118200,Rohlfing I.,0000-0001-8715-4771,85160395103
26646701700,Le K.T.,,85075214969
26647966200,Tarroux B.,,85073590105
26648758400,Goldston D.B.,0000-0001-7182-6553,85115626279
26648777400,Kataria M.,,84992345416
26649653100,Wang S.W.,,85183940490
26650180500,Patzer R.E.,,85126899508
26650191100,Wakim P.,,85089449791
26653479000,Goerg S.,0000-0002-1740-6870,85216843038
26654184500,Grossmann M.,,84928374684
26654834400,Giger N.,,105022797782
26655387000,Czajkowski M.,,85026474357
26655829400,Netzer N.,,85181730451
26656500500,Chollet B.,,85015636342
26656748400,Lavallée E.,0000-0003-2102-5584,105013802440
26656818300,Koch A.K.,0000-0001-9471-1636,85124192504
26656954500,Orlofske S.A.,,84902533362
26657081500,Behrman J.,0000-0002-1149-8209,105046807871
26657684800,Wilson L.C.,0000-0002-5864-2087,85086721004
26657752600,Schunck R.,0000-0002-8185-8919,105029888681
26658794400,Vongas J.G.,,85028957771
26662885300,Kervin L.,,79960150110
26662894500,Larsen C.A.,,85213964893
26662902700,Du N.,,85099799937
26664860000,Mohr P.N.C.,,85135955674
26664940700,Schwens C.,0000-0002-4576-5520,105014261044
26665065900,Pirscher F.,,105027532434
26665605200,Naoi M.,,85145276916
26666255100,Nafziger J.,,85124192504
26666997100,Meierrieks D.,,105034065017
26767484600,Bolander W.,0000-0001-5578-631X,85054761412
26767747000,Edwards O.V.,,85138291407
26768055300,Nozari N.,,85097372033
26768087900,O'Neil E.,,85047248414
26867515100,Brouard S.,,85200547541
26867817500,Holquist M.,,84949667446
26967451800,Bragg M.A.,,85216943643
26967741800,Kivikangas M.,,84880826805
26967744500,Goertz-Dorten A.,0000-0002-5874-2520,85132667201
26967788800,Larsen L.T.,0000-0003-4100-5425,105000252224
26968053200,ter Mors E.,,85159164146
26968144900,Sprankle E.,0000-0001-9340-794X,85016191421
27067529000,Becker J.,0000-0002-2456-1174,105037178846
27067631600,Gomes R.C.,,105034533226
27067782900,Nazione S.,0000-0003-3771-8908,85072058353
27067884300,Midha V.,,85114670230
27067892300,Nobles M.R.,,84947423555
27168028900,High A.C.,0000-0002-9397-6875,105013591042
27169729500,Jin Y.,,85103536661
27170043400,Liu J.,,105031136727
27171353500,Green C.S.,,85149065746
27171427700,Lee C.,,85065246498
27172255200,Adams B.E.,,85194380866
27267510800,Bhatnagar N.,,85025622336
27367797300,Fisher P.,0000-0002-4066-1810,85144387790
27367838000,Hortala-Vallve R.,,85078899431
27467567000,Meadow T.,0000-0002-6990-8426,85162684456
27467777300,Poehlman T.A.,,85160835072
27467800500,Pelage A.,,84982851871
27468015800,Yeager D.S.,,84858190729
27567441600,Booth J.E.,0000-0002-8563-4613,105047609821
27567522100,Bussell J.,,85030310177
27567787900,Loyens K.,,85184921331
27868172300,Yamada S.,0000-0002-7812-6493,105019182032
27967918100,Queen T.L.,,105000899871
28167916100,Silton N.R.,,79958173222
28168082900,Winburn J.,0000-0001-7604-1616,85085092179
28267648900,Earnshaw V.A.,,85118631537
28367611300,Huffmon S.,,85133558158
28567995400,Orriols L.,,85062661807
28568156600,Stevenson M.,,84925137431
28767753100,Lust E.,0000-0001-9436-462X,85170290538
28867551100,Sudulich L.,,85132859647
29067716700,Helbling M.,0000-0002-9672-4569,85182896373
29068063500,Özdoğru A.A.,,85218185895
29967575800,Weymouth S.,0000-0002-4952-3692,105005711925
30067471100,Casellas J.P.,,85126482331
30268078000,Wiederholt M.,,85138962590
30367516400,Bradford B.,0000-0001-5480-5638,105034296342
30367575200,Berry M.,,84963568620
30467820800,Lunn P.,,85209376469
30667527400,Dahmen N.S.,0000-0001-5903-2515,85073996474
30667536000,Biemann T.,0000-0003-1728-6765,85140124490
30767741700,Reimann M.,,105035690840
30867492000,Alquist J.L.,,85165028974
30867512200,Cheng J.T.,,105004475485
31067462900,Van Tongeren D.R.,,85118216363
31067526500,Verschuere B.,,105001650146
31067533600,Villalobos J.D.,,85008250400
31267478400,Gosselin T.,,85196736674
31367619300,Ott M.,,85042503143
31667482400,Daryanto A.,0000-0002-9380-7780,85069850862
31767484900,Lohmann H.,,85175572874
31767581800,Marmolejo-Ramos F.,,85218185895
31967965800,Zink J.R.,,85119072896
32167599700,Lupu N.,,85098065841
32267639600,Sukhera J.,0000-0001-8146-4947,105037028749
32367728100,Isoni A.,,85064149443
32367821100,Min J.,,85112538324
32667712200,Graham J.,,85026874171
33067986100,Lynch J.,,84855649978
33068309300,Rogger D.,,85123005472
33167708900,Raab M.,,85098689916
33267492300,Cattaneo C.,,105022784871
33267926700,Peetz J.,,85149638072
33267933200,Scherer L.D.,,85135598111
33367484900,de Rooij E.A.,,85098702036
33367500600,Dale L.P.,,85028981241
33367648800,Forlini C.,,84881086329
33367714400,Gozli D.G.,,85044393950
33367892500,Jardina A.E.,,84875579205
33368164700,Nasiritousi N.,0000-0003-2727-491X,105045388717
33368257600,Qian D.,,105030572517
33467498200,Bachhuber M.A.,,84938826081
33467887800,Milyavskaya M.,,85149638072
33567608200,Busuioc M.,0000-0001-8838-8895,105019576702
33567650300,Fontana D.,,85196656384
33567690100,Grissom J.A.,,84945449491
33568145300,Moulton S.,,85205317715
33568245700,Pizmony-Levy O.,,105022738399
33767902400,Landwehr C.,0000-0002-0814-3028,85213948850
33867599800,Gill H.,,105034686182
33867765400,Pyrooz D.C.,,105045478477
34067692600,Kroese F.,,85187459320
34067791900,Schemeil Y.,,84960448627
34267580400,Hosek A.,,85077141779
34571944100,Ngan H.,,78649926201
34572658900,Perlis R.H.,0000-0002-5862-6757,85159352129
34572866100,Swan S.C.,,85065434793
34573358400,Siegel D.A.,,84894232547
34768542300,Honscheid K.,0000-0002-6550-2023,85126624477
34768859700,Steinman S.A.,,85122786688
34769790100,Jones R.W.,,85054137181
34770162000,Evans J.,,85178615631
34770162500,Jenkins S.,,77950240325
34770561000,Given C.W.,,84971472409
34770619600,Jone D.A.,,84963704539
34770911400,Herrero M.,,84862646897
34869952300,Kennedy J.J.,,105004428157
34870383500,Martinez L.,,84891634491
34871182900,Žeželj I.,,85128274371
34871770800,Frey M.,,85066016520
34872603300,Kim B.,0000-0002-9054-548X,105048945383
34873048800,Pautz M.,,84961214117
34873753800,Webster J.R.,0000-0003-4463-9108,85140959796
34875096500,Gutierrez G.,0000-0003-0825-0517,85210983876
34876619900,Choi H.J.,0000-0001-8565-8597,85106500637
34876620600,Evans J.R.,,85171295847
34876627200,Frank O.,,84885023194
34876751000,Jang S.J.,,85189972487
34878180900,Urpelainen J.,,85128175895
34879872700,Girth A.,,85088495518
34879911700,Hall J.,,85193394259
34880205600,Kogan V.,,84922321696
34968314300,Fernandez Lynch H.,,85066491378
34968961200,Coe N.B.,0000-0003-1228-0938,105034981092
34969185400,Liu X.X.,,85056155019
34969326800,Liu C.M.,0000-0003-4537-173X,85208225211
34969417600,Strauß S.,0000-0001-9875-2179,85216288234
34969476900,Revers M.,0000-0002-6266-4967,105022522354
34969687200,Weschle S.,,85048772792
34972770400,Arriola L.R.,,85190415526
34972973300,Kada O.,,85062846760
34973993300,Fisher E.,,82655172374
34975069400,Keller M.B.,,84876815115
34975076100,Jacobs I.,,85096830696
34975076400,Karbwang J.,,84994731782
34975226300,Chung R.J.,,77649140877
34976728800,Jennings W.,,105028774253
34977387200,Rodriguez D.,,84963568620
34977835400,Traunmüller R.,0000-0001-9487-091X,105022522354
34979801500,Merk C.,0000-0003-1941-2702,85153201787
34980047900,Woods S.P.,,85164243484
34980152100,Schmidt H.,,85147410768
35067728600,Charron N.,0000-0003-1386-0782,105025522576
35068183400,Lo C.W.H.,,105047788609
35069464100,Friedman-Yakoobian M.,,85068221135
35074836700,Oren L.,0000-0002-8800-7623,105003236433
35076043500,Kaplan F.T.D.,,85150751341
35076902000,Lassonde K.A.,,84922212080
35077987200,Rieckmann A.,,85152165890
35078041400,Bunge E.L.,,85095849164
35086815700,Tang J.Y.M.,,105033344092
35088225300,Homberg F.,,85070524371
35091208000,Chiu W.K.,,84892777168
35091209700,Coffey H.,,105018823077
35092388000,Greven F.,0000-0002-8368-8941,85098545942
35092941200,Mironova V.,,105024217606
35095999000,Broockman D.E.,0000-0002-0993-7073,85208081793
35096423000,Hutter S.,0000-0002-1107-1213,105038172064
35096705500,Noonan K.A.,,85054137181
35096831500,Sicilia M.,0000-0001-9186-5496,85161479859
35096837500,Zhang Z.,,85210041982
35096918400,Van De Schoot R.,0000-0001-7736-2091,105007337546
35098535100,Feinstein Y.,,84982817098
35098935000,Lin B.,0000-0002-1308-400X,85207598624
35099172300,Obar J.A.,,85169048985
35099329000,Takikawa H.,0000-0002-9734-2060,105032699989
35099455400,Rorie M.L.,,85145841017
35101337800,Aksoy O.,0000-0003-2170-6099,105029888681
35102039700,Hammer J.H.,,85063008569
35102064500,Grotto A.,0000-0001-5930-6432,105018783775
35102331400,Hur I.,0000-0001-6778-1444,85158874278
35102860900,Li X.,,105006410581
35102862000,Li J.,,85105947071
35103226100,Priebe J.,,105009371163
35103498300,Smith P.,,84943200257
35103510100,Schmucker A.,,85077693562
35103612800,Syme M.L.,,85081711071
35103673600,Tolstrup J.,0000-0003-3270-4507,105021846351
35104403700,Augustine J.,0000-0003-1446-8723,105037798297
35105839200,Shen F.,0000-0002-6682-1712,85163529497
35107030800,Dural Şenoğuz U.,0000-0003-1578-6686,85188553028
35108066900,Rossheim M.E.,,105036248229
35108094200,Roy J.,,105046157699
35108101500,Reckhow S.,,84928374684
35108488700,Wesley J.,0000-0002-0001-0060,105022842647
35108892900,Bidwell D.,,105034393911
35108919700,Dewaelheyns V.,0000-0001-7722-1002,105003757839
35108983800,Gershman S.J.,0000-0002-6546-3298,85209251700
35109496200,Miquel-Florensa J.,,85091799310
35109797000,Salgado M.,0000-0002-8108-6154,105034202335
35110884700,Burmeister-Lamp K.,0009-0000-7977-3441,105014261044
35111336500,Kennedy R.,,105000646758
35111584900,McNeese N.,0000-0002-9143-2460,85209388004
35115032800,Ibanez M.,,77955097080
35115467200,Rim H.,0000-0002-0357-4750,105035440594
35115685700,Van Embden D.,,85173894490
35117611900,Burdin G.,,85133820258
35117749800,Kwak Y.,,85092926306
35118121000,Stares S.,,85192576907
35118325900,Yang Y.T.,0000-0002-0155-8490,105036241854
35119086700,Krawczyk M.,,85064514336
35119122700,Luo Y.,,85213484223
35146362200,Olivera J.,,105046174535
35147290500,Tutić A.,0000-0001-8299-0869,105010187118
35147734500,de Visser M.,,105037802369
35147810700,Freiburger T.L.,,84978962251
35148144200,Meek W.R.,,85089546742
35170296100,Lázár V.,,84905969902
35172946900,Hoshiro H.,0000-0002-2291-8897,105022888386
35173109300,Lefevere J.,,105048260803
35173613400,Robertson C.,,105024187231
35177490800,Klüver H.,,105040560764
35179477700,Harris C.T.,,85066827464
35179483400,Glick D.M.,0000-0002-2869-9752,85138316568
35179543100,Kalkan K.O.,,85048036595
35179553600,Hopmann D.N.,,85186608966
35179857000,Kreutz J.,0000-0003-0650-2127,85077685490
35179938400,Meserve S.A.,,105004309470
35180074700,Pemstein D.,,105004309470
35180167100,Mazarakis A.,0000-0001-9943-0382,85099821314
35181154300,Charbonneau E.,0000-0003-0194-2983,85207925672
35181417200,Hrkać M.,,84898050489
35182071100,Tsuge T.,0000-0003-4801-5204,105019181039
35182435900,Alberga A.S.,,85047331594
35182442500,Becher M.,,85200547541
35183653400,Migheli M.,,85211371226
35183713000,Pérez E.,0000-0003-4952-5089,105029060592
35183800700,Miratrix L.W.,,85050960131
35184057000,Shao Z.,,85123307033
35184949800,Farre L.,,105042669428
35184956900,Dranseika V.,,85140664233
35185262100,Keddell E.,,85044379469
35185370200,Kindermans H.P.J.,,85064433531
35186319700,Lipps O.,,85041045676
35188444100,Yan B.,,105022827651
35189095000,Kwon S.W.,,105008484820
35189279700,Monahan K.,,105046637828
35189406500,Ou C.X.,,85126133920
35189538400,Tao H.,0000-0003-1565-5643,105047118265
35190075700,Bernhard M.,,85210917338
35190185400,Conrad C.R.,,85029532448
35190185500,Bertling J.,,85195683980
35190963300,Page X.,0000-0003-4067-7529,105019559926
35192510300,Van Ootegem L.,,84947485251
35193464500,Deng X.,0000-0002-5557-6942,105029716912
35194481800,Regel S.,,72749106763
35195479200,Creighton M.,0000-0002-1596-6049,105023433219
35196485600,Majorano F.,,84857190692
35196578100,Maheshwari S.,0000-0001-5948-6541,85191197779
35198918700,Somé J.,,85211165388
35200497500,Blair J.P.,,105001537612
35200589600,He X.,,85100598411
35200726200,Imhoff R.,,105048615569
35203045400,Biscarini C.,,84994390930
35204510100,Carlucci M.E.,,85082432811
35206342500,Perilloux C.,0000-0002-8927-6526,85103038429
35206889000,Tsai C.H.,,85203300956
35211677700,Song Y.,,85109363188
35212204800,Zhen Z.,,85109363188
35213245400,Fernandes D.,0000-0002-1318-9290,105032831447
35215202900,Fukuda K.,0000-0003-2450-4345,85137738400
35215611300,Lin X.,0000-0002-8165-078X,85142654046
35215904500,Park S.Q.,,85135955674
35216348100,Wright J.,,105021242475
35219387600,Voorveld H.A.M.,,85092802418
35219953800,Fladmoe A.,,85186880270
35221837400,Love G.J.,,85165392011
35222072100,Nicholas L.H.,0000-0003-0759-2849,85185676381
35222656600,Wang H.,,85152440749
35224453400,Bell P.,,72249090175
35224570300,Chipperfield J.,,72249090175
35224649000,Goldszmidt R.,,85100533346
35225065100,Knijnenburg B.,,85202587583
35227864200,Roodman A.,0000-0001-5326-3486,85126624477
35228066700,Tajima O.,0000-0003-2439-2611,85205480864
35228078100,Wang M.H.L.S.,0000-0002-4713-9646,85210983876
35228120600,Walter C.,,84930944657
35228413600,Bechtol K.,0000-0001-8156-0429,85126624477
35228683700,Bi J.,,85093936504
35231240800,Thiha P.,,85062658754
35231300500,Wang S.,,77954410975
35232274200,Brunyé T.,,77549086343
35232426500,Braden A.L.,,85209585301
35233596400,Gurses A.,,85164844233
35233806200,MacKenzie S.A.,,105040346734
35233854900,Kaneko S.,,85161902670
35234222000,Lindholm T.,,85136548419
35234631900,Merrill J.E.,,85189362817
35235253200,Wise R.A.,,84962226786
35235455600,Turati G.,,105042587917
35235628600,Sutton S.,,84858064901
35236633400,Gherghina S.,0000-0002-6627-5598,85109956668
35237108000,Hinojosa J.,,85218185895
35237764900,Mathew S.,0000-0003-3614-3276,105027604258
35238155400,Parker A.M.,,85030657786
35240421300,Kriaučiūnienė Z.,0000-0002-2857-4765,85199271305
35240895000,Reiter P.L.,,77955460063
35241181100,Steiner P.M.,,85066750611
35241229200,Yamamoto N.,,85074615140
35241790200,Davies J.,,85122056342
35242814900,Loggers E.T.,,85151988421
35243568000,Newman E.J.,,85088799859
35243843300,Srivastava A.,,84921455919
35243963700,Whorwell P.,,85006220618
35247682600,Chan R.J.,,85127961015
35248188700,Glock S.,0000-0003-1678-2337,85074359364
35248240600,Han C.,,84962206669
35254183100,Suomalainen T.,,84907285570
35262245500,Gaston A.,,84859630916
35262248500,Jacobs J.A.,,84966938242
35262332400,Kimelberg S.M.,,85194245818
35263277100,Weinschenk A.,,85163136162
35263862800,Bliese P.,0000-0002-5384-8879,105029853044
35269099100,Li H.,,85128313466
35269412700,Morgan S.L.,,84954557904
35270743700,Wucherpfennig J.,0000-0001-8935-1373,85200543823
35270983100,Pauw J.B.D.,0000-0002-8496-096X,85111640842
35271132500,Barbieri P.,0000-0002-5493-6029,105010964547
35273721300,Tsukawaki R.,0000-0002-6144-7549,85194872326
35274403000,Chan-Tin E.,,105034353261
35274549700,Chan L.W.C.,,85171185819
35274670300,Hinckley R.,,85125142584
35275429300,Kachi A.,,85153072511
35277170500,Kemp E.,,77951696808
35279093700,Dean A.J.,,85177185702
35279104000,Bromley-Trujillo R.,,105006834893
35279609200,Lee V.G.,,85106988343
35279710200,Gerber A.S.,,105038423138
35279947500,Harrop E.,0000-0002-0933-1098,105003868460
35280130900,McCrea E.A.,0000-0003-1107-8690,105022821634
35280603000,Schomaker R.,0000-0003-0054-094X,105001549954
35280913900,Shiyanbola O.O.,,85214305683
35291411800,Brown N.V.,,84991260524
35293686700,Stappenbeck C.A.,,85114888366
35298823500,Drouvelis M.,,84940024281
35298907200,Downs S.M.,,85060811119
35299478500,Hexem K.R.,,84877583492
35299796500,Lelorain S.,,85090726801
35299984000,Meyer R.D.,,85139628514
35300521200,Sakshaug J.W.,,85077693562
35303173200,Sinno A.,,84979066427
35303395300,Oostindjer M.,,85073221738
35303615300,Rollero C.,,85116059396
35304664300,Bartley T.,0000-0002-0049-0607,105043280470
35304798800,Fernandez R.M.,,85050356205
35305461300,Kimura M.,,85074704370
35305635700,Palmer M.A.,,85187881933
35306670500,Bohns V.K.,0000-0002-5464-144X,85122099800
35306734500,Cohn T.J.,,85075480439
35309171200,Bækgaard M.,,105010591172
35309419200,Ashaba S.,,105028028025
35309962100,Euteneuer F.,,85108151703
35310336700,Joris W.,,85124745222
35310525900,Jaspal R.,,85062785223
35311486100,Michaleff Z.A.,,85159549247
35312296200,Schoth D.E.,,85060983874
35312638200,Ubel P.A.,,85080944696
35315598500,Bruner M.W.,,85060074824
35315733600,Hu S.,,85109363188
35315760300,Khanna M.,,84912107871
35316175800,Wahezi D.M.,0000-0002-0543-7805,105013484489
35317177200,Harrits G.S.,,85059288924
35317289600,Dinesen P.T.,0000-0003-0526-9087,105039696438
35317630200,Karlsen R.,,85020815944
35317826500,Lancee B.,0000-0002-9246-2039,105023433219
35318378800,Marcinkowski F.,,85060096398
35319074700,Zarkadi T.,,85041601239
35320334600,Obermann-Borst S.A.,,85212867636
35321964000,Fehrler S.,0000-0002-5220-5943,105025353191
35322051100,Arthur C.A.,,85062893791
35322188600,Gardarin A.,,84857972862
35322337100,Ito M.,,85079390928
35322554800,Fuster A.,,85194423611
35322561900,Higuchi E.C.,,84956844791
35323914500,Bailard C.S.,0000-0003-3135-9473,85179451002
35324925600,León S.,0000-0002-4268-0302,85117439207
35325427100,Sheets P.,0000-0002-6542-9321,85122869687
35328941500,Blanco I.,,105013484489
35329018600,Böhmelt T.,0000-0002-7661-8670,85086771184
35329081100,Bodea C.,,105025129668
35332447600,Johnston R.,,85046621545
35332540100,Marzoli D.,,84884187435
35333195400,VanWormer E.,,85144636953
35333443500,Yao S.,,105023841301
35335994400,Bayless T.,,84902186245
35337639000,Myers T.A.,,85088021867
35337798800,Piraino P.,,85041325274
35337976100,Thompson M.P.,,84945455769
35338194600,Saloner B.,,85011561964
35338751800,Brunner E.J.,,85213893857
35339578300,Midtbøen A.H.,0000-0002-8465-9333,85184274272
35339629600,Miron-Spektor E.,,85066939224
35339778600,Shu L.L.,,84868642575
35345036700,Kakinaka M.,,105001826297
35353058400,Dovichi N.J.,0000-0002-1331-3191,85124870250
35355829700,Nelson D.B.,,84903310507
35361989600,Hamari J.,,105003296663
35362012100,Fotuhi O.,,85067794991
35362067800,Hotho J.,,85058987092
35362700200,Tsai A.C.,0000-0001-6397-7917,105028028025
35362757200,Rodriguez E.K.,,105012935442
35362792200,Reis-Cunha J.L.,,85208167219
35363002000,Smit E.S.,,85090208435
35364804000,Lelkes Y.,0000-0003-1805-056X,105045810738
35366064200,Anderson A.A.,0000-0001-8386-5576,105001014007
35366361100,Garbarski D.,,105007145263
35366954000,Peckham A.,,105040836671
35368077600,Dumitrescu D.,,85143604059
35368545600,Hart A.,,84897086175
35369186300,Ryan J.B.,0000-0002-5446-6442,105041096718
35369276100,Scurich N.,,84940467114
35369308400,Vraga E.K.,0000-0002-3016-3869,105043475643
35371051800,Jarvik G.P.,0000-0002-6710-8708,85053701626
35372866700,Taniguchi M.,,84954423203
35374152500,Hale K.,,85200648269
35375757600,Zaoutis T.,,79957959068
35378641700,Netea M.G.,,105014548474
35386254000,Allen J.,,85026361879
35387566100,Bigman C.,,78649631702
35388552000,Kaspar K.,,84947037842
35389569100,Romero-Canyas R.,,85063273738
35389595800,Onokala P.C.,,85102033815
35392542100,Olopade O.I.,,85067129058
35409882900,Kraut J.,,85004081531
35415442600,Rosenheck R.,,105028028025
35422057100,Atkinson M.D.,,84957801937
35422132700,Chapman R.,,85088696594
35422212100,Li C.,,85088785005
35422619500,Mu R.,0000-0002-5910-1354,105022745413
35423858600,Joseph D.L.,,105001983231
35425500100,Bloch S.,,84904017717
35427828500,Yeoh E.K.,,85147449253
35429993800,Canino G.,,78649334248
35431834100,Cherry K.E.,,85095857107
35432986800,Grady C.L.,,85062206486
35434415600,Civita R.,,84875243382
35434902100,Fraile M.,0000-0002-4123-2874,85184435516
35436127000,Tao Y.,0000-0001-5212-5591,85146527394
35436195900,Stabile M.,,105000213807
35444997000,Weber M.,,85063438220
35445431900,Hanlon A.L.,0000-0002-9612-2197,105023857186
35450387800,Riedel-Heller S.G.,,85018240570
35464257300,Johnson P.T.J.,,84902533362
35476748000,Nobre A.C.,,85099516819
35481713600,Hart W.,,85129447105
35482375500,Phillips B.G.,,85102153409
35483381900,De Graaf A.,,84945115185
35483631900,Edwards T.L.,,85116548497
35484028300,St. John F.A.V.,,105007002458
35484304800,Ladd J.M.D.,,76649111723
35484426400,Kimbrough E.O.,,85098702036
35485409600,Sanders J.,,85113335222
35487088800,Deaton A.,,75649088099
35487263900,Fulks K.,,75649088099
35488490100,O'Rourke J.,,75649088099
35488870400,Ryan K.,,75649088099
35489124000,Sancino A.,0000-0002-1892-9622,85161479859
35492113000,Zeitzoff T.,,105026243740
35497255900,Bowen A.M.,,78649867446
35500660200,Langa K.M.,,85185676381
35503587800,Martin S.,0000-0002-9667-1356,85041840395
35513483300,McCarthy M.,0000-0001-9142-0008,85079078367
35515028500,King G.,0000-0002-5327-7631,105045529994
35518188000,Shrout P.E.,,78649334248
35520087100,Pieters J.,,85143528545
35520090000,Rijkers B.,,85104305289
35547510700,Torre V.,,85046125338
35547584300,Joiner T.E.,,84969141936
35554206800,Sanderson S.C.,,85101980921
35555532800,Morrow D.G.,,84858590361
35558331700,Combs J.G.,0000-0003-2913-3934,105001983231
35558795200,Hunka A.D.,,85094316078
35558935000,Maliepaard M.,,84878661854
35559431800,Perillo J.T.,0000-0003-1634-2892,85150665456
35559650200,Shapiro J.N.,,85050879385
35560266300,Zhang S.,,105002322896
35560440000,Fukushi K.,,105037110367
35561011800,Stewart A.J.,,85161613034
35561868000,Budney A.J.,,84930182180
35563241700,Hötzel M.J.,,85040071418
35563658200,Frazier P.A.,0000-0001-6345-8578,105016113585
35563872600,Lefèvre P.,,85182689722
35568969600,Montgomery S.,,85150648929
35574104900,Largent E.,,85215701436
35575773100,Dijkstra A.,,84855820611
35577557300,Henrich J.,,85088216599
35577611500,Lonsdorf E.V.,,79960281950
35578594200,Call J.,0000-0002-8597-8336,85069940074
35579099900,Miller C.,0000-0002-8514-936X,85145420000
35580485900,Goldstein A.,,105009167724
35580552000,Williams A.M.,,84867218937
35580599300,Randall B.,,84855900043
35580858700,Owens M.L.,0000-0002-8539-7056,85171793730
35581980600,Lumyong S.,,84969730502
35582120800,Varsano F.,,84876734748
35582459400,Carbotte J.P.,,79957726502
35582509600,Piazza R.,0000-0001-7398-0335,85204941273
35585724300,Markman A.B.,,84954052445
35586657200,Stofer K.A.,,105044410329
35590648700,Saito T.,0000-0001-6250-4464,85119410530
35592218200,McDermott K.,,77957255715
35595534900,Berg A.,,84906994329
35600925900,Robinson S.,0009-0007-2013-7046,105016700724
35601497900,Jull G.,,85208161938
35602652900,Baumgartner S.E.,,84859483955
35604457000,Piston S.,,85104274822
35604649100,Villadsen A.R.,,85063677320
35604946500,Xia B.,,105012945317
35607109100,Wynne C.D.L.,,105038898483
35607222100,Clarke H.,,84891494021
35607934700,Björklund F.,,84890370318
35608665300,Sligte I.G.,,85065922818
35608960100,de Oliveira V.M.,,84867745196
35609260000,Rego A.,0000-0003-0883-0511,105013549770
35609274900,Shaw D.R.,,85193706647
35610316400,Mason R.A.,,84863603884
35610939600,Fielding K.S.,,84871799032
35613537400,Jacobs R.A.,,85204011227
35613804400,Galasso V.,,85200547541
35613804900,Kubrin C.E.,,85159372551
35613807200,Murphy S.T.,,85037982397
35614570700,Hansen K.M.,,85110876599
35615561300,e Cunha M.P.,0000-0001-6724-2440,105013549770
35615726700,Tezcür G.M.,,105045252905
35617754500,Krones T.,,85117767363
35618925200,Freedman V.A.,,85044379276
35620791700,Pérez-Ruiz M.,0000-0002-3681-1572,85199271305
35620938500,Shanley D.C.,,84896393086
35621985600,Komar O.,,85085178384
35622372400,Rose J.P.,0000-0002-4250-2530,105024487495
35622532100,Shapiro M.A.,,85106751692
35722943900,Reibling N.,,85130246974
35723351300,Williams E.A.,,79959634366
35723547800,Gardner B.,0000-0003-1223-5934,105008999594
35723707800,Calvo E.,0000-0001-5770-1391,105031147259
35723715100,Erisen C.,,77649214051
35723980300,McManus F.,,85142911290
35724018000,Makse T.,0000-0002-4739-7637,85091800462
35724366200,Pahle M.,0000-0002-2698-199X,105030207049
35724941300,Webster G.D.,,84937705248
35725344000,Han T.,,85074202308
35725744600,Kreps S.,,105029190749
35725809900,Knoblauch A.,,84923869700
35726075700,Schneider F.,,85105655488
35726517600,Fowler C.,0000-0003-0596-563X,105017737364
35726802200,Dvir-Gvirsman S.,,85058688556
35726972800,Shaykhutdinov R.,0000-0003-2937-7437,85071311839
35727190200,Nagler R.H.,,105023525899
35728221700,Cvejic E.,,85185956655
35728985200,Shipworth M.,,105002150736
35729102900,Shimmura T.,,85061671571
35729124000,Rydberg J.,0000-0002-7756-2656,105039666012
35729168700,Mateo G.,,105035679871
35729336700,Schmidt U.,,85017215069
35729386700,Sigurdsson V.,,84929698369
35731114200,Iyer G.,,85126256655
35731777900,Lv Y.,,85202216236
35732513500,Toder Alon A.,0000-0002-8824-0206,85167348627
35733351300,Dolezal M.,,85184208831
35733378300,Dietrich M.S.,,77954320771
35734132400,Khaledian M.,,84934920320
35734782600,Rzeszotarski J.M.,0000-0002-4317-9501,85153944586
35737502800,McClain C.,,84965057111
35738451300,Dixit M.K.,0000-0001-8622-8388,85171154438
35739028200,Rozenblum R.,0000-0002-8503-5864,85103442864
35739331800,Ubeda P.,,85166626350
35739557000,Abe J.,,80755153647
35740764300,Itoh H.,,80755153647
35741551600,Paul D.A.,,79957959068
35744057300,Yale R.N.,,85025678371
35744070200,van Olmen J.,,85215629624
35744699000,Klvaňová R.,0000-0001-6075-6115,85100887543
35745655600,Bueno N.S.,0000-0003-2204-2562,85206172947
35745930100,Doherty D.,0000-0001-9084-7982,105046220290
35745934700,Dill J.S.,,85105463574
35748791700,Pandey S.K.,,85079450400
35748913600,Naiman J.P.,,85206656921
35749058200,Telešienė A.,,85111640842
35749089400,Thompson K.J.,,85066044091
35749150700,Tummers L.,,105029935911
35750304200,Nickerson D.W.,,85070810002
35750631900,Sanders D.,,84891494021
35751318100,Nosenzo D.,,85161010930
35753645000,Scherpereel J.,,85013354766
35755468300,Otero-Felipe P.,,85205939738
35755715600,Henderson M.,,105001820017
35756330100,Reiff Á.,,85189655392
35759060800,Nyhan B.,0000-0001-7497-1799,105041095106
35760510700,Meijknecht A.,,85046125338
35761369500,Petersen M.B.,0000-0002-6782-5635,105029289824
35761878900,Keener E.,0000-0001-5792-9505,85162812505
35762061400,Heaton P.,,85141383184
35762115400,Crossley A.D.,,85098179663
35762189400,Luo Y.,,85145391830
35762355900,Priebe C.,,84859903900
35763423600,Russell V.,,85042721436
35764483300,Kavalieratos D.,0000-0001-5283-0792,85126899508
35764524000,Garland E.L.,,84925466972
35764527400,Biggers D.R.,0000-0002-7814-881X,85181836999
35764997600,Watson L.B.,,85202184990
35765573200,McDougal S.J.,,79952833528
35766005100,Zhuang J.,,85105151137
35766409700,Gassoumis Z.,0000-0002-0005-9454,85210748812
35766686600,Lacour P.,,81155148616
35766777900,Knoef M.,,85216202324
35767043800,Wang W.,0000-0002-6077-1101,105025892268
35768212700,Raab R.E.,,84892777168
35768351100,McCarthy L.A.,0000-0001-9169-4375,85100007239
35769075000,Aspden T.,,84922674899
35769459300,Kneidinger-Müller B.,,85063987457
35769926600,Moumouni I.M.,,85077691868
35770021500,West K.,,79955689040
35771240000,Lovato A.,,84910069085
35772306200,Donatelli A.,,84875243382
35772415300,Iovane P.,,84875243382
35774031500,Joffe S.,,85076876768
35775579400,Telletxea S.,,85041236596
35775733100,Van de Velde S.,,105048121011
35782246400,Shooter W.,,84901387732
35782543700,Shih P.C.,,85138123392
35784707400,Miller S.M.,,85197616759
35786546500,Peterson J.K.,,105045478477
35788132300,Galante F.,,84957014859
35789736900,Alizadeh M.,,85168706854
35791328700,van Soest A.,,85129317547
35791920900,Huang B.,,85089375610
35792352000,Nawara S.P.,0000-0002-6844-6442,105001980815
35793320400,Blackett M.,,85215522152
35793380000,Kohn R.,,77950915585
35793765800,Foerstl K.,,84966659025
35793982100,Rey M.,,77950915585
35794091500,Reinprecht C.,,85061289450
35794229700,Raz A.,,77950915585
35794652300,Murdie A.,,85083555697
35794914400,Brouwer S.,0000-0003-0321-8227,85126285760
35795232200,Dahl A.,0000-0002-1528-4347,85124523135
35795276000,Edney K.,0000-0001-8267-6714,105008391625
35795440100,Ingold K.,,105002030341
35796018300,Lewis A.R.,,85158075996
35796957400,Freedman G.,0000-0002-7006-9674,85089543396
35799380500,Brick C.,,85108887424
35800137600,Salazar-Ordóñez M.,,85103516352
35800485500,Van der Noll J.,,85073950357
35810100200,Gilchrist J.D.,,85081386604
35810103600,David I.A.,,85123284003
35810646800,McGinty E.E.,,84938826081
35812171500,Schmidt S.,,85022219255
35812758800,Wagnsson C.,,85187449895
35826093600,Edwards I.,,85217150344
35832606100,Grossman G.,,105035818108
35838421700,Hurwitz J.,,85031419323
35847741900,Lampinen A.,,84907285570
35848108900,Aschemann-Witzel J.,,85082800200
35848730100,Gadarian S.K.,0000-0003-4240-7944,85162163385
35849422800,Simas E.,,85204363093
35849487300,Wasenden O.C.,0000-0002-8994-9188,85208762534
35850019400,Voss D.S.,,105001109293
35858619900,Onuki J.,,85035364736
35861891200,Winters M.S.,0000-0002-3693-9461,105012597345
35866830500,Halperin E.,0000-0002-3379-2935,85216673070
35869396100,Nagler J.,0000-0001-6918-9428,85176605621
35873318100,Marangoni F.,,105024000197
35884356100,Kornberg A.,,77954792763
35884913700,Turatto M.,,85028707044
35894187900,McDonnell D.,0000-0002-0319-3747,105018626903
35894506000,Sia C.L.,,85075407025
35902262500,Maibach E.W.,,85016519697
35913843700,Lieberman E.S.,0000-0001-9242-5687,105038372954
35917888400,Singer E.,,85077693562
35931897900,Elias-Lambert N.,,84980349617
35932730100,Robinson C.,,78449305041
35932752700,Zhang Q.,0000-0001-9739-3899,105040566538
35933152700,Ahern L.,,84962538420
35943452300,Mullin M.,0000-0002-1936-802X,105048694686
35948012000,McDonnell T.E.,0000-0002-7944-9200,85115229625
35952524300,Grimm M.,,85090236723
35953085600,Nadeau R.,,85061942270
35955679900,Billeh Y.N.,0000-0001-5200-4992,85082815928
35955902200,Gorgievski M.,,105037094331
35956034600,Gavaruzzi T.,,105034954403
35956086200,Hubert M.,0000-0001-7967-2421,85152277286
35956260100,Lee S.H.,0000-0002-2246-7440,105043908097
35956601000,Maghbouleh N.,,105018331049
35958905300,Simons D.J.,0000-0001-7545-1621,105013865997
35959385400,Franks B.,,85043777541
35964245600,Binder S.,,79951879445
35969872300,Jarvis G.E.,,85217506639
35973462400,Weaver V.M.,,85103499459
35974567100,Andrade C.M.G.,0000-0003-3101-1709,85156219887
35975917100,Grimmer J.,,85126653755
35976307100,Hill S.,,105047002160
35976459600,Liu X.,,85053873561
35976666700,O'Donnell P.J.,,84905920842
35977276900,Teney C.,0000-0001-6359-5361,85139749709
35980199200,Kelly N.,0000-0002-4494-0403,105047382392
35980463800,Linde J.,,105007539604
35981708200,Petrova T.,,85028772478
35982534400,Carlsson M.,0000-0002-5620-4745,85184274272
35983557500,De Sio L.,,85079376382
35995216900,Curini L.,0000-0003-1974-9815,85152285073
35996365900,Harrington M.,,77954320771
35997540500,Kuhn P.,,105040392932
36002661100,McGLONE M.,0000-0001-8252-2512,85077050163
36003917400,Alt J.E.,,84983331325
36005149400,Cattadori M.,,77951696808
36005151300,Glaurdić J.,,85182851238
36005179800,Malguin S.,,77951696808
36005406400,Barabanov R.,,77951696808
36005438500,Krilov Y.S.,,77951696808
36005489300,Bezrukov B.,,77951696808
36005615500,Ren R.,,105010585341
36006844400,O'brien D.Z.,0000-0003-3578-1321,105003956615
36008030800,Cabooter E.,,85083768996
36008895300,Peiffer C.,0000-0003-3445-3748,85191963749
36009043900,Manzano D.,,85174070557
36009099500,Mansour H.,,105035818108
36009348900,Yan T.,,85121980377
36009894700,Gruys K.,,84899913089
36015373400,Rackin H.M.,0000-0002-9017-6637,105046807871
36016168300,Ahrens K.,,85165495673
36016215000,Confer J.C.,,78249285619
36017136400,Marrer C.,,75149165988
36018121500,Finell E.,0000-0002-9605-610X,85139044767
36018259700,Alfes K.,0000-0002-6567-970X,85140124490
36018537600,Bertoli S.,,105029719824
36018692500,Pinchevsky G.M.,,85200155070
36018739600,Sen T.,0009-0008-3552-5743,105029433565
36018867400,Terman R.,,85129118849
36018878100,Todesco L.,,85013321881
36019824600,Devine C.J.,,84940438463
36020292800,McKee D.M.,,85150751341
36022146900,Pick D.,,85205716024
36022654600,Peltz T.S.,,85127961015
36023196200,Ehrenhard M.L.,0000-0002-5608-9628,85180970215
36023660500,Kotsadam A.,0000-0002-6910-0734,105043329824
36026730700,Farchi M.,0000-0003-3041-4872,85116304700
36027059000,Vainio A.,0000-0002-1348-2710,85139044767
36027927500,Baker L.R.,,85127881690
36049464300,Lester D.,,84860418081
36052214600,Brambilla M.,,85203258445
36052366000,AbouAssi K.,0000-0003-3427-9882,105040833330
36053652500,Reinhard M.A.,,85068660604
36054343200,Argo N.,,85075438035
36055978200,Bellé N.,,85145684182
36056053200,Dekkers G.,0000-0003-0566-8723,85083785799
36056802200,Manenti S.,,85090880782
36057486900,von Stülpnagel R.,,84867872442
36057598800,Srinivasan M.,0000-0003-0350-2703,85135507724
36061299600,Nyamweya C.S.,,85183747023
36061633100,Dotov D.,0000-0002-5543-360X,85105453766
36061700200,Doering B.K.,,85093873819
36064073600,Liu J.T.,,85139731619
36069537000,McLauchlin T.,,85006295323
36069549300,Molina-Morales M.,,85122067411
36070070400,Osiander C.,,105021514465
36082323600,Czukor G.,0000-0002-3726-6780,85188553028
36083788800,Wiedermann W.,,105039801225
36083892500,Akerlof K.L.,,85148376044
36084046100,Dolls M.,,105013090987
36084229100,Jutkowitz E.,,85059798221
36086191500,Hudson C.,,85064079071
36086827400,Vrijburg H.,0000-0003-2147-2368,85177160946
36087085900,Chen W.,,85100598411
36087628500,Liao X.,,79959771560
36088560300,Nordmann E.,,85062530438
36088801800,Gottfried J.A.,,80052246931
36089007600,Goodman S.W.,0000-0003-0211-985X,85162163385
36089156600,Merola L.M.,,85047933174
36089380400,Nakashima K.,,85083587451
36090456400,Sussman J.B.,,85117550049
36091233000,Johnston C.D.,,85108316833
36091915300,Ralston R.,,85112649803
36094753200,Paichayontvijit T.,,77955092872
36095129100,Wolbring T.,0000-0002-9053-7965,105024467835
36095929100,Lee Y.H.,,85113338623
36095980800,Dollmann J.,,105006708085
36098086200,Landers T.,,79957959068
36098393600,Ruggeri A.,0000-0001-9750-6099,85207450618
36098660800,Vaala S.E.,,85138262968
36099174800,Knutsen C.H.,,84909584138
36102240400,Balmas M.,0000-0001-9191-0488,85216673070
36104967400,Krohn K.R.,,78650060803
36105471000,Sumaktoyo N.G.,0000-0002-7932-3691,85175106418
36107033400,Marshburn C.K.,,85096399047
36110114900,Keer M.,,84938421606
36112788700,Aksoy D.,0000-0002-9013-1025,85192257577
36112973000,Baccini L.,0000-0002-6027-9192,105016716218
36113429200,González M.J.,,85089502197
36113501300,Kmetty Z.,,105000236823
36116357700,Zhou X.,,85206354097
36117555000,Delgado P.,,85054187259
36117797400,Gao G.G.,,85047779311
36118275200,Westfall J.,,84867475850
36119043500,Mistretta L.,,77952888957
36124775200,Borden L.A.,,77953598313
36124942500,Kosmidis S.,,85097189597
36124993400,Liu R.D.,,85217236784
36125840300,Xezonakis G.,,84888396965
36126321600,Ghio M.,,85065103450
36128669100,Huss E.A.,,84869191190
36129052000,Yamaguchi Y.,,105001316305
36129420400,Kong R.,,84867626984
36129481300,Hanger-Kopp S.,,105033842473
36130982600,Block R.,0000-0003-2062-6417,85213358307
36131043600,Cadieux M.L.,,85109013986
36131485200,Kuo Y.L.,0000-0001-7637-8331,105035361015
36131634400,Kern A.,0000-0003-1450-0404,105002742638
36132143100,Rangelov D.,,85206015179
36132962600,Bombeke K.,,85215629624
36135531800,Bos L.,0000-0002-0160-3490,105024357206
36136600000,Adam H.,,84873736512
36138622500,Karabulut G.,0000-0002-8533-3554,105007031283
36140231900,Gilmore A.K.,,84959543274
36141331900,Pecorino B.,,85123224171
36141858100,Akena D.,,105028028025
36141981300,Musicaro R.,0000-0002-7569-0021,105001797449
36144326700,Intaite M.,0000-0003-3147-6741,85055580660
36145980500,Aasen M.,0000-0002-2415-3795,85099600880
36145987800,Henson B.,,77954127712
36146011100,Grimes C.,,77954127712
36146113000,Roepke N.,,77954127712
36146364800,Palmore R.,,77954127712
36146748300,Attari S.Z.,,105032549185
36146949100,Chan Y.C.,0000-0002-4195-8739,85193447299
36149159900,Deng H.,,84933557964
36149828700,Flanagan B.,0000-0001-7719-5051,85159123213
36150428700,Baiocchi M.,0000-0002-7571-5268,105029661891
36150664600,Foulon B.L.,,84887261251
36154123300,Xiao Y.,,85164844233
36154364700,Jaraite J.,,105038204143
36154457000,Hideg I.,0000-0003-1900-2631,105011058451
36155857700,Vogel R.I.,,86000382291
36155970300,Gillespie A.,,80054886886
36157649300,Auzière S.,,85006220618
36159270600,Yamamoto T.,,105001181982
36160381600,Epstein L.,,85074066315
36160668300,Ravindranath D.,,85210429818
36161564200,Verger E.O.,0000-0002-8689-8290,85211165388
36161714400,Besbris M.,0000-0002-2166-0345,105043119125
36162832300,Gnambs T.,,84947037842
36166071500,Storm J.C.,,77953918761
36166580400,Beyer H.,,85049693637
36167074200,Neugebauer M.,0000-0002-3496-3804,105036543377
36167298700,North M.S.,,84878029641
36167984700,Brandi G.,,85117767363
36168498700,Mollerstrom J.,,105021320386
36169075000,Aker J.C.,,85169824701
36169130200,Blanch-Hartigan D.,,105000173185
36169191200,Laurence S.,,85088216599
36169515700,Wu Y.J.,,84907962878
36170346000,Arias A.V.,0000-0001-6494-4359,105025364887
36171125200,Thomas V.L.,,85200953447
36171156500,Perles F.,,85083277227
36172520200,Milita K.,,85107589103
36172661100,Schipor M.D.,,85114984730
36173890100,Harden J.J.,,85188521838
36174053600,McDonald M.M.,0000-0002-5738-7651,85209403761
36175324900,Bobowik M.,,85041236596
36175409000,Dohle S.,0000-0003-1535-5464,105047797144
36175556200,Borick C.,0000-0003-4850-119X,85078431211
36175853300,Hannikainen I.R.,0000-0003-0623-357X,85205771824
36176084700,Rouse S.M.,0000-0002-0010-960X,85209193016
36176552000,Wingate D.,0000-0003-1850-6926,105004481633
36176691400,Wilkinson B.C.,0000-0001-7060-0659,85114890581
36179493700,Chadi A.,0000-0003-2008-0653,85209571364
36179558100,Gneezy A.,0000-0001-6443-4615,105046244248
36179723300,Leskinen E.A.,,85139700323
36180301700,Thew G.R.,,85189347916
36180428100,Wagner J.,0000-0002-3712-5494,85150162104
36180980600,Falk E.B.,,85136688324
36182787000,Pidano A.E.,,85028981241
36182828000,Dancey L.,,85137195182
36183114400,Wong S.H.W.,0000-0001-7754-5947,85212102682
36183376900,López López M.,0000-0002-9419-578X,85126325764
36184456300,Erlandsson A.,,84890370318
36185986300,Rosenthal S.,,85047503114
36186053200,Wong C.L.,,84905867355
36187198800,Marciano H.,,85081055345
36187816500,Flores-Macías G.A.,,85044680605
36188470400,Matera C.,0000-0002-1791-4074,85140740474
36188817600,Weinberg J.D.,,85027982511
36189894900,Blackwell M.,0000-0002-3689-9527,105001181982
36190202700,Wang L.,,85158874278
36191665800,Batastini A.B.,0000-0002-6725-676X,85207528560
36193111400,Li M.,0000-0001-8810-539X,85177174857
36193485400,Yuen E.K.,0000-0001-7322-3211,105029378857
36195966900,Nelson N.,,85017535918
36196237600,Balcells L.,0000-0003-2922-4123,105039068556
36196613300,Habing G.G.,0000-0002-0855-7650,85173533341
36197070400,Perrodeau E.,,85058438338
36198342200,Keshavarz B.,,85099061029
36198643600,Meese J.,,85177060425
36198893200,Tullett A.M.,0000-0001-8662-5885,105037129797
36198907800,Taylor J.,,84956690930
36199134700,Tobin J.L.,,85118161056
36237339000,Cone J.,,84925407914
36238768200,Ellison B.,,85103438779
36239086600,Meyerhoff H.S.,,85119251416
36239353300,McLeay F.,,85103584408
36240322600,Craig S.C.,0000-0002-0406-3901,85183647677
36240932900,Robinson R.,0000-0001-6509-793X,105017300224
36241862300,Meyer T.M.,0000-0002-0389-9918,105012618559
36242176000,Martinsson J.,,85112684468
36242403900,Tonin M.,,85019971566
36242666200,Williams L.R.,,84862565840
36242867200,Berthelot E.R.,,85191748871
36246543900,Pucci D.,,84860418081
36247205200,Evens D.,,85007197307
36337559400,Juanchich M.,,85082683151
36337569100,Frisby B.N.,,84890056315
36337572600,Belanche D.,0000-0002-2291-1409,85115049582
36337707500,ElBassiouny A.,,85122503392
36337857100,Jacobs K.,0000-0002-4485-4927,105035004415
36338697600,Casale S.,,85148381224
36341983400,Wagner B.,,105005440364
36342940900,Shafer E.,,85031805734
36344017100,Nederveen Pieterse A.,,85049078927
36344071500,Mijs J.,0000-0002-7895-0028,105009890551
36344224800,Yogeeswaran K.,,85140278720
36345077200,Stevenson T.C.,,84873497711
36348190000,Chuang E.,,85088495518
36348428300,Kesternich I.,,84956744149
36348680900,Muscanell N.L.,,84908031168
36350047600,Läpple D.,0000-0003-4935-5403,85159490467
36438848400,Westwood S.J.,0000-0002-2383-8047,105045810738
36439100800,Birkhead N.A.,0000-0001-6834-2478,85209385982
36439973300,Merry M.K.,0000-0002-6669-0388,85192800629
36440479700,Purser K.,,85192142885
36440980100,Bachmann I.,,105002151721
36440987100,Drewes J.,,84905652875
36442500600,Laido Z.,0000-0002-8329-3202,85083278173
36442789200,Lv W.,0000-0001-5681-4415,85122003081
36447894000,Wise D.,,85071719276
36450157600,Amazeen M.A.,,105046735238
36450460700,Inamasu K.,,105041074866
36451376700,Pechey R.,0000-0002-6558-388X,85133961999
36452718100,Crusius J.,,85064149443
36453383300,Tong X.,,85040904540
36457023500,Petrova M.,,85062658754
36457989900,Zheng X.,,105031085438
36460418800,Stecker C.,0000-0001-9577-7151,105039217495
36462796200,McGee J.B.,,85146041280
36464158200,Schüler A.,0000-0001-8799-5028,85065960094
36465162600,Grant G.,,85208161938
36465676300,van Erp J.,,85217151653
36466775900,Niehorster D.,0000-0002-4672-8756,85097504476
36466981400,Stull L.G.,,85090305943
36467487400,van Golde C.,0000-0002-1950-4722,85211107624
36468005000,Aagerup U.,0000-0002-0419-8654,85074418124
36468693600,Koon-Magnin S.,,85067482148
36468771400,Muoki P.,,84964974592
36469204500,Teunis T.,,85152586530
36469243000,Stout C.T.,,85158850487
36470048900,D'Agostino D.,,84875241762
36470181200,Katzir M.,,85110270865
36470483700,Lolle H.L.,,84930608972
36473115300,Almli V.,,85073221738
36473231400,Lane J.D.,0000-0002-0792-6653,85078600586
36473880700,Pardos-Prado S.,,105041479806
36473951300,Villanti A.C.,0000-0003-3104-966X,105034280381
36476991900,Desta G.,,105033817071
36477283700,Goupil L.,,85098971875
36482485300,Aczel B.,,85064149443
36482758000,Gudmundsson J.E.,0000-0003-1760-0355,105011302164
36483083400,Lungu M.,,85205480864
36483224300,Michailidou A.,,85194740272
36483517300,Teply G.,,85205480864
36485911700,Chaudoin S.,,105016867757
36486533200,Marks M.J.,,85166400108
36486544700,Jozkowski K.N.,,85110603441
36486673100,McEvoy J.,0000-0001-7762-619X,85113668035
36489170600,Boudet H.,0000-0002-8096-9107,105035090579
36489254200,Cirella G.T.,0000-0002-0810-0589,85113317444
36489861900,Kazanjian J.E.,,105012935442
36491947400,Li Y.,0000-0001-6571-3587,85090124331
36494002400,Ahmed O.H.,,105016734170
36496388000,Bach T.,,85217151653
36497517300,Vogel R.,,85159958667
36497775000,Zito R.C.,0009-0006-9279-1998,105020869610
36501932200,Jørgensen S.,,85087087482
36502434400,Pedersen L.J.T.,,85087087482
36503464500,Bellani L.,0000-0002-4640-2967,105046559802
36503703400,Cucciniello M.,0000-0001-8942-0412,105039704710
36504089900,Glennon C.,,85104673716
36504582600,Peng T.Q.,0000-0002-2588-7491,105005543526
36504854200,Spektor M.,,85145199719
36508758200,Koyuncu M.,0000-0001-8573-2291,105043616325
36509185700,Wehner M.C.,,85146067847
36509421200,Tutino A.,,84924535076
36514584500,Greiff M.,,84961999155
36514734100,Khan R.H.,,77954320771
36515049300,Leep M.,0000-0002-6398-5316,85058660756
36518868300,Jensenius F.R.,0000-0002-6261-3860,105023391134
36519254300,Moffitt S.L.,,85082562018
36519360000,Margalit Y.,,85065247262
36519703700,Ragusa J.,,85209385982
36519978600,Walter A.,0000-0003-0116-0631,85102929793
36522216600,Buttaccio D.R.,,84888631024
36522613900,Cui L.,,85088976785
36522849000,Gordin M.L.,,84897615862
36523699600,Ohana M.,0000-0003-1698-0704,105008650414
36524170600,Tucker Edmonds B.,,85060811119
36524238100,Vidyarthi P.,,105016477174
36538204400,Sikorski C.,,84867432689
36542024900,Accominotti F.,,85127597984
36542882400,Kingsbury J.H.,,84920918381
36543827300,Kasai A.,,105000448614
36544040200,Mameli C.,0000-0001-5701-0902,85077363574
36544051100,Mahlberg N.,,85103442864
36544916300,Angott A.M.,,79960844419
36545165700,Kennedy S.A.,,105012935442
36547096200,Vallano J.P.,0000-0002-9441-9376,85152015624
36547427100,Bassetti T.,,85201957286
36551038700,Annunziata A.,,84962168128
36551554600,Vecchio R.,,105011962821
36552303900,Geise S.,,85194898554
36554210700,Hansen M.,0000-0003-1290-7630,85211117717
36558812800,Blease C.R.,,85059039235
36559640100,Langus A.,,84904907338
36559747600,Kteily N.,,85132775383
36561564600,Gurney G.G.,,105037401011
36570166600,Duan J.,0000-0002-4630-8540,105020034107
36570218700,Faulkner N.,,84925183069
36571079500,Wahlheim C.N.,,85138217525
36571628000,Giebler H.,0000-0002-7957-1353,105046131939
36573645600,Lo G.,,84866729417
36574147400,Pospieszna P.,,85179916490
36598128600,de Benedictis-Kessner J.,,85172870189
36599335300,Schuler P.,,105020272959
36599451700,Toral G.,,85110231265
36599506200,Winter F.,,77958476814
36600197800,Heisig J.P.,,105046131939
36600923900,Nisic N.,,85176382083
36601299200,Su Y.S.,,84975459634
36601589400,Squires L.,,85053800054
36602201200,Bridoux F.,,85216703387
36603019100,Liu Y.,,105012945317
36603211600,Peifer J.L.,0000-0001-6766-5515,105000436295
36603365700,Seddig D.,0000-0003-1595-6948,105026494277
36603392000,Schermuly C.C.,,85180097958
36603469800,Silver D.,0000-0002-6242-8235,85175716760
36603491000,Schwarzer S.,,84953352543
36603731100,Yeung V.W.L.,0000-0002-3479-3198,85141197349
36603747200,Yang J.,,78049272758
36603912200,Zeglovits E.,,84953352543
36605254000,Sonnentag T.L.,,85210945726
36605926600,Chari S.,,85069850862
36606116700,Guerra R.,0000-0003-3184-5164,85088800622
36606193000,Höcük S.,,85141599338
36606959200,Selkälä A.,,85041504680
36607418700,Buts C.,,85144369776
36608662400,Loschelder D.D.,,85064149443
36608715000,Rausch A.,,85168990175
36609513900,Warmelink L.,0000-0003-1218-9448,85074579244
36610908500,Ujiie K.,,85061671571
36611333800,Cavazotte F.,,85081641018
36611661700,Lamb K.E.,,85142911290
36611896100,Mo C.H.,,85146504074
36612153300,Romero-Sánchez M.,0000-0002-8355-8151,105043848725
36612446600,Wang S.H.,,78049463637
36612565300,Stevens V.,,85135598111
36612806100,Deviatko I.F.,0000-0002-1955-7592,105003542243
36613438500,McCarthy R.J.,,85127646258
36613746200,Valentini C.,0000-0003-0752-9639,85108972630
36613768900,Romenti S.,0000-0002-1971-3540,85108972630
36615226900,Holmberg A.,,78149237501
36615345400,Gruen D.,0000-0003-3270-7644,85126624477
36615540800,Lorenc B.,,78149237501
36615763900,Botica Redmayne N.,0000-0003-4513-2632,85120350922
36615948100,Werner P.,,78149237501
36616073900,Zhong Z.J.,,84880993459
36616825200,Donovan J.,0000-0002-8025-1947,85112397472
36617356300,Grouneva L.,,78149332092
36617872200,Phan T.,,105020272959
36618122200,Sussman A.,,79960068677
36618479600,Yang H.,0000-0003-0386-5336,85179886377
36619594000,Lenzner T.,0000-0002-0177-2227,85137049716
36619645400,Kokkonen A.,,85075334741
36619840000,Yoon S.,0000-0003-0092-1195,85147371080
36620925400,Beckmann J.,0009-0001-7521-0913,105029628865
36621157600,Murtazashvili J.,,85107753336
36621191900,Mayer F.,,85083376527
36621454600,Veronesi M.,,84928140997
36622737100,Wood M.J.,,84938717979
36625193800,Grijalva E.,,85145615438
36626416700,Rheault L.,,85099562517
36627655600,Thomson A.,0000-0001-5656-0902,85210504428
36629433400,Wan X.,0000-0001-6731-2904,84926284804
36629949900,Cheng E.R.,,85060811119
36632039900,Huber S.,,85174147319
36633000300,Puente S.,0000-0002-6288-883X,85115202648
36633069600,Ragasa C.,,105033817071
36633219200,Soto-Sanfiel M.T.,0000-0002-1364-8821,105035236611
36633352400,Scott K.,,85062297171
36633570000,Wykes T.L.,,84901733553
36637066700,Calderwood C.,0000-0001-6209-6421,85139628514
36637636500,Laguilles J.S.,,79959634366
36637711800,Kabalin R.,,79952043823
36638084000,Miller A.D.,,85205480864
36638173400,Nolan B.M.,,105012935442
36640504800,Hudson S.,,105029987134
36641208100,Bullock J.,,79958833504
36642717600,Neyazi T.A.,0000-0001-8695-1007,105024481789
36643128300,Zhan X.,0000-0003-4539-9441,105035468835
36646825100,Waldman K.B.,,85032190652
36647274600,Eden A.,0000-0003-0846-2739,105011256357
36647454700,Grizzard M.,0000-0003-2883-0308,85165565212
36651000100,Karpinska K.,,84877302216
36651304700,Ponder J.D.,,85077467338
36651626700,Nabunya P.,,85070899643
36652467400,Cloud M.D.,,78249285619
36661086700,Madon N.S.,0000-0002-3052-4281,85128221109
36661245400,Lastra-Anadón C.X.,,85181820584
36661433200,Rowland N.J.,,105001066656
36661859700,Collingwood L.,,85089868759
36662724700,Ross L.L.,,78649867446
36665364200,Vissers M.R.,0000-0003-2467-7801,105011302164
36666096900,Cellier A.,,84941973000
36666238600,Gibson M.,,79956328922
36667039200,Peterson T.M.,,85197616759
36667302300,Resh W.,,85055043066
36668332800,Bell E.,,85207967793
36668519000,Dong X.,,105040117250
36669049300,Lowe W.,,105011763610
36669172500,Russo S.,,85028946805
36671103300,de Sousa L.,0000-0002-6668-7138,105012123001
36671138800,Cohen E.L.,0000-0002-4967-1679,85110484359
36671226100,Hilton-Prillhart A.,,78650060803
36671244100,Hieke S.,,85082518218
36671392400,Hopkins M.,,78650060803
36671674600,Polite F.,,78650060803
36674515300,Böhm R.,,85215064019
36674530900,Abbasi-Asl R.,,85082815928
36675163800,Leemann L.,0000-0001-5201-869X,105038382881
36675521700,Reubens J.,,85101702478
36676605900,Spilker G.,,85219489421
36676978500,Bye H.H.,,85174819320
36677238000,Graso M.,,105022500398
36678736800,Adida C.L.,0000-0002-3493-5539,85173956792
36678750700,Clément-Guillotin C.,,84936177761
36678893700,Milazzo C.,0000-0002-0273-7327,105041096718
36678925200,Makubate B.,,81055123996
36679043900,Menchen-Trevino E.,0000-0002-5029-8269,85124205644
36679729500,De Keere K.,0000-0002-1164-7227,105039447552
36679761900,Chan M.,,85026892146
36680052400,Fernández-Cornejo J.A.,0000-0001-6554-9713,85201636677
36680634300,Porticella N.A.,0000-0002-1763-2472,85184585795
36681807300,Alessandro M.,,85095937109
36684065100,Jakobsen M.,,105035149198
36695778500,Antoine-Lavigne D.,,85076876768
36697044300,Poletti A.,,105000212547
36698762200,Arcaya M.,,85105941450
36698786600,Goossens E.,,84892583980
36700967500,Capistrano D.,,105023433219
36701424300,Iqbal M.Z.,0000-0002-9936-1222,85107882218
36702606700,Brean A.,,85108030322
36702721300,Dillon A.,,85191983844
36703136600,Rasmussen C.D.N.,0000-0002-1769-717X,85216078939
36705026800,Mou Y.,,105012427089
36705281400,Sun P.,,84919666987
36705287800,Shortle A.F.,,85207244755
36705425100,Yates A.,,85187439070
36706564400,Ortega D.L.,,85138166058
36707086900,Beaulieu E.,,105017746046
36707722800,Hsieh C.W.,0000-0003-1775-4709,105030574871
36707859300,Kirkland J.H.,,105004286558
36709574100,Drakulich K.,0000-0002-8555-8112,105047726897
36709704500,Genzer B.,,84864249950
36709869300,Hanson P.C.,0009-0007-0220-8314,105002012180
36710399500,Nelson K.,,84930710840
36711180100,Benegal S.,,85190096620
36711323700,Campbell S.P.,,85132650412
36711511800,Collewet M.,0000-0002-8289-847X,85177160946
36712496700,Sabatello M.,0000-0003-4444-5389,105000619282
36712839300,Wohlfarth P.C.,,85159352085
36712962600,Arel-Bundock V.,,105016375559
36713939500,Musgrave P.,0000-0002-8984-4992,105039310829
36714190500,Rowen J.,,85135502558
36714234900,Schreiber Compo N.,,85171295847
36714575500,Sumanth J.J.,,85208231952
36715665500,Wardell J.D.,,84925842214
36715725900,van Meeteren M.,0000-0002-8192-5966,105009890551
36715802200,Drupp M.A.,0000-0001-8981-0496,85089487599
36715936400,Cunningham K.G.,,105016556973
36716627600,Nakamura M.,,78649867527
36716929400,Supa D.,,84944881463
36717002900,Takahashi I.,,78649867527
36717163100,Yamada S.,,78649867527
36718694000,Schröder T.,,85213688842
36720010000,Borry E.L.,0000-0001-5346-2426,85046755053
36720294600,Conzo P.,,85181248715
36720564800,Gries P.,,105021544419
36721932200,Oliveros V.,0000-0002-8335-1628,105001850441
36727406700,Enns P.K.,,85019749197
36728081600,Banai I.P.,,105004475485
36728266100,Sánchez F.L.,,84871217550
36730309000,Wojcik S.M.,,85129685284
36730392100,FitzGerald D.S.,0000-0002-1461-4324,105025096143
36739234700,James A.,0009-0007-5773-8275,105034667450
36740097900,Prentice C.,0000-0002-7700-3889,105043459819
36740486900,Winther H.A.,,85163431111
36742353700,Wagner K.M.,,105039030786
36753040600,Navarra G.,0000-0001-7997-8770,85197168395
36760629400,de Barra M.,,85202733527
36760833600,Joel S.,,84859227431
36761144000,Mosleh M.,0000-0001-7313-5035,105001867884
36769063400,Novikova O.,,77950637317
36769182800,Schechter-Perkins E.M.,0000-0003-1798-9663,85129685284
36769572200,Wallis K.,,85185956655
36771469800,Sudo N.,0000-0003-3589-9418,105021472886
36773166800,Li M.,,84921672907
36773291300,Koos S.,0000-0001-6739-1649,105043280470
36774306600,Coutts E.,,84855168493
36775562800,Robbins B.,0000-0002-6609-0964,105008067194
36775609700,Tremblay-Boire J.,0000-0002-2163-7719,105002606875
36777292000,Zucco C.,0000-0001-8263-9585,85206172947
36778104700,Larson S.D.,,85133243152
36781752600,Brenning K.,,85049610413
36783934000,Lewandowski G.,,82855167335
36785356700,Searle R.,,105009510585
36787176600,Moriya J.,,85045246014
36793752200,Simola J.,,84880826805
36794403700,Moyer L.P.,0000-0002-5802-801X,105004827012
36794497900,Whiting S.W.,0000-0002-2680-0618,85174403230
36795198300,Haigh M.,,85053720434
36795300400,Kelly Garrett R.,,85131771874
36798786000,Steiger P.,,85117767363
36801150800,Dai T.,,105046314832
36801247800,Burgers C.,,85165495673
36801732700,Filhon A.,,84982851871
36802391100,Otjes S.,0000-0002-8928-7591,85184391384
36802413000,Rui H.,,85200454904
36804310000,Sun C.R.,,85035117706
36804950200,Ambrus A.,,85215807404
36806655900,Maggi E.,0000-0002-0091-3817,105046795304
36807366900,Wurm M.,,84898050489
36809404400,Hardyns W.,0000-0002-7677-5094,85150702461
36810659900,Slabbinck H.,0000-0003-0589-2952,85076047385
36811294300,Zhu X.,0000-0002-8446-1183,85153051086
36811756300,Masterson M.A.,,85173533341
36811774500,Roessler P.,,85209885648
36816083000,McDermott R.C.,,85132668710
36816343900,Rinfret S.,,84961214117
36816942600,Woudenberg F.,,85098545942
36818424000,Pin P.,0000-0001-9907-4947,105032706175
36832805800,Fortune J.L.,,84974529300
36839513600,Cattaneo M.A.,,105004310614
36841084400,Carroll G.R.,,85021302853
36843033400,Warner L.R.,,85139700323
36843741400,Cornacchione Ross J.,0000-0001-5173-3130,105000899871
36844042700,Feinberg M.,,85063348926
36844405000,Olivos-Jara P.,,85136176787
36844717000,Siemens G.,,85218185895
36849959600,Moore S.G.,,84892777168
36850778100,Gong L.,,77958527508
36856034400,West M.R.,,85111845513
36859299800,Choe Y.J.,,85186842180
36859830300,Westera N.,,85048530023
36864003900,Markowitz D.M.,,85084124823
36866014700,Fitzgerald J.,,85217003510
36866089400,Bishop L.D.,0000-0002-4979-4222,85201586608
36871585500,Fessler P.,,105014843099
36872708100,Krause R.M.,0000-0003-1490-1996,85162952084
36872895800,de Villiers N.,0009-0001-8776-4622,105046771920
36873503000,Tims M.,,85138585631
36875273100,Kaufman D.,,85012918005
36876293700,Benz J.,,85067437575
36880378300,Serra M.J.,,84939892870
36890231400,Holmberg N.,0000-0003-2139-6414,85097504476
36892477700,Weber C.,,85063163272
36892828300,Corbacho A.,,84954288673
36894433900,Haynes S.H.,,85067482148
36902159900,Wessel J.,,85186623331
36903270900,Firmin R.L.,,85081300423
36904884900,Oppenheim I.,,84938687610
36905191400,Sela M.,,84938687610
36906845600,Moehring T.,,84870656540
36907845700,Ryo E.,,85106381843
36908952400,Hunger J.M.,,105014926557
36919017300,Pan J.,,105034156984
36919650800,Zubaryeva A.,,85065549251
36919720500,Zigerell L.J.,0000-0003-4262-8405,85048763940
36921010400,Crosby J.W.,,85034713934
36922206300,Johansson T.,,85084416465
36923172700,Brooke S.,0000-0001-9646-5045,85149135957
36926665900,Wiltse D.L.,0000-0002-6928-4246,105021632602
36928617300,Trujillo N.,,85218185895
36929287900,Scott G.G.,,84905920842
36930012400,Dommermuth L.,,85123960531
36930376600,Jacobson R.P.,0000-0002-4605-4309,85174239275
36930657700,Lupina-Wegener A.,0000-0002-3273-3909,85107392085
36931126000,Sirin C.V.,,85008250400
36931141900,Sakurai Y.,0000-0001-6389-0117,85205480864
36933167500,Singer D.A.,,85127895187
36933936100,Rimmele J.M.,,85082648729
36934183300,Spiegel A.N.,,85144636953
36936568900,Dewhurst R.,,85048150224
36941541500,Vergani M.,,85071936113
36946350100,Su J.,,105011371029
36947078200,Schierl T.,,84902974018
36951441200,Brosi P.,0000-0001-9718-5889,85123480394
36952738100,Hackethal A.,0000-0003-3665-4586,105015382529
36953349200,Lugtig P.,0000-0001-8548-6828,105016864314
36954919800,Herian M.N.,,84866975774
36955501300,Negyesi M.,0000-0001-8495-1820,105001316305
36956249600,Traxler C.,,85126475810
36961260100,Melas C.,,85101645542
36965220600,Özalp Türetgen İ.,0000-0001-8057-2284,85188553028
36966955300,Goligher E.C.,,85210769305
36967900700,Christensen H.S.,0000-0003-2916-0561,105040813215
36968358700,Moreno-Herrero D.,,85001560525
36968376000,Sánchez-Campillo J.,,85001560525
36969122100,McAuliffe-Bellin S.,,85030317816
36970900500,Perugini M.,0000-0002-4864-6623,85114941009
36971197300,Scheuerman H.L.,0000-0002-2376-3209,85205080594
36971213900,Preti E.,,85141173935
36975691100,Keller T.,0000-0001-6943-0955,85151469733
36975996100,Rickard L.N.,,84961187162
36977429500,Piastra M.,,85125346584
36977950300,Dannhauer M.,,85116972333
36982643700,Lin L.,,85053868224
36982792700,Lammers J.,,84945115185
36983369600,Minozzi W.,0000-0001-9147-1788,85150513645
36984372800,Rosing K.,,85088442250
36986524300,Jackson D.J.,0000-0001-8645-6276,85202849264
36986728400,Liu A.H.,0000-0001-5380-2849,85169465680
36986879500,Benjamin A.,,85020504478
36987217800,Neundorf A.,,105015663876
36989692700,Warner B.R.,,85197631655
36989752200,Schill D.,,85134168352
36989951600,Singh S.P.,0000-0003-3263-5281,105039411857
36990051300,Liscow Z.,,85136282588
36990174700,Irwin A.,,85062530438
36990336600,McKenny A.F.,0000-0003-0146-001X,105002264336
36990465800,Spekkink W.,0000-0002-2773-4878,85196971153
36990589800,Opree S.J.,,85147115973
36991096700,Selokar A.,,85073517667
36991688400,Zhu P.,,84897615862
36992198000,Hillen M.A.,0000-0001-5724-7934,105016381894
36992463600,Tilcsik A.,,105028036068
36992697400,Witsø A.E.,,105010136456
36994503500,Hassell H.J.G.,,105019368716
36995087500,Zednik A.,,85215807404
36995302400,Cosenza A.,,85141388410
36995321900,Cimino A.N.,,84865629162
36995765400,Kim J.,,85147371080
36996881000,Cheung B.Y.,,85100226295
36996962400,Bottan N.,,85206875956
36997372700,Perez-Truglia R.,,85204025121
36997859200,Berge L.I.O.,,105026897717
36998347400,Eaton A.A.,0000-0002-5954-0541,105045019324
36998357400,Gökdemir Ö.,0000-0003-1578-6053,105007031283
36998573500,Dibao-Dina C.,,85051581959
37000095500,Killam B.,,79953841969
37003214300,Shino E.,0000-0003-1941-8012,105025062059
37003969900,Parlato E.,,79951581795
37005325200,Brenner P.S.,0000-0002-8848-1114,85210382399
37007518900,Howe P.D.,,85045466590
37009767700,Nivette A.E.,0000-0003-0597-3648,105023533513
37009943700,Rid W.,,85034020526
37010499300,LaFollette J.R.,,82455192577
37010743000,Buckley D.T.,,85098182497
37011289300,Hansen P.G.,0000-0002-0042-0852,85133754539
37012571800,Ash K.,0000-0001-9248-904X,85125764779
37013117800,Epstein D.,,79952419243
37013269600,Carlson D.,,85113950337
37014229300,Zafar B.,,85194423611
37014632400,Khan R.,0000-0002-3485-2450,85078176818
37014699400,Nordal S.,,85046125338
37015443600,Almeida J.,,84870946045
37017316900,Nowlin M.C.,0000-0002-0513-3756,85091103277
37017410700,Nagayoshi K.,,85162726025
37017572400,Kyegombe N.,,85062803942
37018362000,Li X.,,85184186489
37018732600,Tanaka A.,,85104452218
37021729800,Sanders K.B.,,85030317816
37021959200,van Vliet L.M.,,105000173185
37022646100,Martin B.,,85101702478
37023142600,Dokshin F.A.,0000-0002-8841-4755,105030624392
37023286500,Lavery L.,,84981513484
37025995200,Hardonk S.,,105010136456
37026022900,Hamadi H.Y.,0000-0001-9050-7267,105046771920
37026992300,Pino M.C.,,84983356867
37028156900,Aimone J.,,85130212571
37028169400,Bol T.,,105036543377
37028474800,Larson S.B.,,79952662896
37029220800,Waldherr A.,0000-0001-7488-9138,85212432231
37029396300,Smith M.A.,,105039914190
37031504400,Mao W.,,85179902325
37031622400,Nguyen H.,,84959543274
37031775000,Raile E.D.,0000-0002-4860-2081,85113668035
37031852600,Reggev N.,,85160107431
37034097200,Hewit M.,,84855280433
37034278900,Kim S.C.,0000-0002-9622-3035,85088021867
37034990300,Schnitzer M.E.,0000-0001-8049-9646,85048702208
37036084000,Lewandowski R.,0000-0002-9589-0629,85113317444
37036384300,Zhou Y.,0000-0002-6376-3430,85180994185
37039180300,Holmqvist J.,,84880611452
37039219300,Densley J.A.,,105045478477
37039337600,Decramer A.,,85041652929
37039509800,Kendall-Taylor A.,,105021242475
37039829000,Lerman A.E.,0000-0002-5577-5909,85127432892
37040462400,Baldwin K.,,85152302502
37041884500,Udagawa D.,,85191157369
37044631800,Chan G.,0000-0002-1257-6889,85115626279
37046709100,Beaman L.,,84857801868
37049093900,Kimber M.,,85189334657
37049349800,Plouffe M.,,105032843624
37049453500,Theocharis Y.,,85097189597
37049666800,Yang S.B.,0000-0003-0643-7070,105030590156
37050644600,Destradi S.,0000-0001-7509-9349,105029640625
37053396200,Azrout R.,,85103054388
37054096300,Medhin H.,,84864786059
37056298500,MacFarlane A.,,84858064901
37056406300,Serra-Garcia M.,0000-0002-5875-4986,105046244248
37056749000,Somsen H.,,85046125338
37060543100,Diop A.,,85061479743
37062047500,Tong L.,,105022827651
37062135000,vanHeerde-Hudson J.,,85100108236
37062194500,Steele L.G.,0000-0002-5875-9162,105009050855
37063481000,Kurisu K.,0000-0001-5441-3669,105037110367
37063497400,Mullinix K.J.,0000-0001-7922-8822,105038900974
37063607900,Schofield T.,,85129364722
37063825200,Ripberger J.,0000-0003-0343-8262,105043329814
37064318300,Filindra A.,0000-0003-4539-240X,105041576787
37065061400,Reeves A.,,85126450365
37065230200,Wagner M.,,105048098704
37065792500,Beazley P.,,85217150344
37069707300,Schwartzstein J.,,85182371413
37072843500,Yang J.F.,,84893428837
37073223500,Salomonsen H.H.,0000-0002-2002-6801,105024114409
37073386000,Steen T.,,105003757839
37073844300,Zanello G.,,85133872249
37074743700,Jurado I.,0000-0003-2439-3817,85152069850
37074809200,Kjellsson G.,,84894720672
37075253800,Madathil K.C.,0000-0001-8938-9793,85138454781
37075869600,Sponarski C.C.,0000-0001-6274-4433,105044416644
37076326800,Lulin Z.,,85086004902
37077780000,Ngo F.T.,,105015786678
37078021700,Sauceda J.A.,0000-0003-1975-3080,85097535412
37078313700,Sulmont D.,0000-0001-6088-8863,85096867241
37078335300,Weiss R.A.,,85041430030
37078855400,Caroux L.,,85141978080
37081145800,Lehmann V.,0000-0003-4898-3176,85072755694
37081184900,Kasahara Y.,0000-0002-2577-5588,85159275015
37081613200,Lotta G.S.,,105030102925
37082094900,Vîrgă D.,0000-0002-9321-4520,105047181115
37085108700,Afshari S.,,84985036827
37085526200,Morgan E.,,85171179743
37087556400,Sherrill A.M.,0000-0002-7743-745X,105004259427
37088078900,Abeele M.V.,,85086008635
37088171000,Antonioni A.,,105041551371
37088499500,Guellaï B.,,84904907338
37088907400,Mandalaywala T.M.,0000-0003-0035-4311,85164490821
37089862600,Wright M.,,85191745594
37091656600,Shaw A.,,105036812815
37094013500,Sarda V.,,79958826679
37095868400,Sirota M.,,85082683151
37096584500,Brown T.L.,,85094645559
37096619100,Baillon A.,0000-0002-0169-9760,85138016554
37097695000,Newsom C.R.,,85030317816
37098713500,Applin R.,,78649963716
37098860500,Hayes L.,,78649963716
37099154200,Weatherly A.,,78649963716
37100659700,Warburton E.,,85100785082
37100903400,Bray L.,,85127961015
37102403900,Marcu A.,,85041729445
37103936600,Hidrobo M.,,105012405457
37110826600,Jia X.,,85082815928
37111017700,Laybourn P.,,85058141120
37111048400,Holmes M.,,85170289998
37111414000,Park H.D.,,105039673112
37112748400,Linvill D.,0009-0008-8475-9001,105001727700
37112827600,Pinto V.S.,,85054187259
37115007600,You J.i.,,84865561680
37115156100,Biberman Y.,0000-0003-1785-0266,85185657148
37115359600,Curry J.M.,0000-0002-1966-1410,105025234168
37115743500,Meidert U.,,105027287089
37117645900,Regan C.,,79954627103
37118707200,Ganz O.,,85201870841
37118961300,Lex H.,,84923869700
37119090600,Lin C.Y.,0000-0002-8504-7208,105001072322
37119946100,Carlsson R.,,85087674196
37120388000,Kim J.,,85059587282
37120646000,Lesinska M.,,85186570502
37120915600,Szech N.,,105028944692
37122372000,McLatchie N.M.,,85064149443
37125780000,Ma X.,,85191197718
37261111800,Butrick M.,,79955896803
37361664500,Sobral F.,0000-0002-8621-2738,105013549770
37461291700,Graham C.D.,,85216715166
37461895000,Pearl R.L.,,85038890963
37462239000,Skakoon-Sparling S.,0000-0002-5021-6593,85083491029
37561139100,Courtemanche M.,,85083560765
37561252100,Garzia D.,,105021306101
37561846500,Sah Y.J.,0000-0003-3901-148X,85096376217
37661988000,Saeidmanesh M.,,84934920320
37664447000,Baker A.,,85144354792
37665824800,Qin X.,0000-0001-8365-0217,105024427526
37665865900,Scervini F.,,105012398380
37666452300,Yu H.,,105038896554
37666528000,Zheng X.,,105034673328
37761975600,Piopiunik M.,,85102986822
38060954100,Cacciatore M.A.,0000-0001-8357-4621,105013261897
38061112100,Bachl M.,0000-0001-5852-4948,85149680227
38061940400,Pickett J.T.,0000-0002-8519-2659,105005805574
38062157400,Stadtmüller S.,0000-0002-2369-002X,85136008254
38163043700,Lee C.,,85135792366
38261771700,Spry E.P.,,105018398247
38361424400,Ghanouni A.,,85058957318
38361507500,Kuhn I.,,85104620647
38361792900,Izatt H.J.,,105001868317
38362226800,Shain C.,,85159732184
38362598900,Yan M.,,85187524531
38561827700,Madhavan V.L.,,85133243152
38562153500,Rizzi F.,,85066016520
38660898600,Chilton A.,,85146448132
38661838000,Smit A.J.,,85170073105
38662743700,Joyce N.,,84896989950
38760969500,Annus A.,0000-0002-8844-6597,85089860602
38761314000,Dunn K.,0000-0002-2156-6930,105041231304
38761544400,Kharouf H.,,85086906996
38861007100,Aarøe L.,0000-0003-4551-3750,85184510849
38861041900,Alexander A.,,85185136832
38861389400,Damholdt M.F.,0000-0001-9352-6703,85127739875
38862262600,Marquardt K.L.,0000-0003-2043-5880,85210917338
38862579300,Noy S.,,85127434491
38863175800,Vergolini L.,,105012398380
38863177900,Turan B.,0000-0002-5614-8587,105040678928
38961492400,Hester R.,0000-0001-7354-1279,85137695739
38961922400,Scartascini C.,,105005410949
38962081300,van Tilburg W.A.P.,0000-0002-9724-0603,105036106495
39061004400,Balietti S.,0000-0002-6056-6765,105001425101
39062098800,Schaarschmidt M.,0000-0003-3594-0687,85137427467
39161508900,Lafleur J.M.,0000-0002-8954-5167,85186570502
39162084900,Schultz C.,,105001107075
39261452300,Granic G.D.,,85170076336
39262527700,Trinkner R.,,85102420633
39262544500,Staples J.M.,,84959543274
39262785700,Vaidyanathan B.,0000-0002-5748-6051,85130626987
39361114700,Cummings J.A.,,85060078350
39361259200,Górecki M.A.,,85083509659
39660914100,Andersson D.,,85123957924
39661111800,McClure K.,,79957498827
39761105300,Albin O.R.,0000-0002-1659-4902,85163635548
39761350200,Dilliplane S.,,85047503003
39761668700,Kalad Y.G.,,82255191868
39762443700,Moser A.,,84893621232
39763089100,Turner L.J.,,85079014176
39861207100,Hart P.S.,,105043908097
39861663300,Liuzza M.T.,,85218185895
39861817600,Morimoto S.A.,,85066827464
39862289400,Regan A.,0000-0001-7558-730X,85089482390
39862932900,Hagel E.,,84903310507
39863610900,Wiesen D.,,105030165702
39960922900,Bouché V.,,85065135903
39961047700,Aronow P.M.,,85073218531
39962869900,Vandeberg L.,,105014548474
40361553300,Sala M.,,85197229092
40361584300,Tran V.T.,,85123966933
40461426500,Faccioli M.,,105043710160
40461630300,Intravia J.,,85074038685
40462022800,Mertins V.,0000-0002-2843-7381,85118850674
40462588000,Victor S.E.,0000-0002-7944-7299,85147654005
40661041100,Cohn L.P.,0000-0001-7815-1608,85192224861
40761401600,Houston L.,0000-0002-3819-3683,105030712765
40762082800,Nghiem S.,,84862327486
40762093300,Medina T.N.,,79959332464
41262010800,Ongena G.,,84888615520
41262584000,Shoss M.,,85109252997
41361922500,Truex R.,,85011707963
41461060900,Blom A.,,85174574705
41461722500,Sekar N.,,85142163686
41662480200,Valenzuela A.A.,0000-0002-6186-2195,85142281888
41761227400,Gainforth H.L.,0000-0002-3281-1110,85074334678
41761342800,Ebneter D.S.,,84866735463
41761497400,Harrison K.L.,,85126899508
41762055600,Kuss D.J.,0000-0001-8917-782X,85010918098
41762467400,Sharifdini M.,,85168711477
41762811800,Tandjung R.,,84885021315
41861260000,Davidson A.S.,,79959771560
41861390200,Giumelli F.,0000-0002-5101-7254,105017996801
41862203600,Park J.H.,0000-0002-4598-3456,105005606027
41960896300,Bygnes S.,,85125058412
41961835900,Viglia G.,,105023675499
42062533700,Tierney D.,,85191344815
42160965900,Calvo T.,0000-0002-1628-2095,105013802440
42161868700,Oksanen A.,0000-0003-4143-5580,85194493858
42162285800,Talboom-Kamp E.,,85088676018
42261301100,Fitzsimmons G.,,85124286437
42261333100,Falcó-Gimeno A.,0000-0003-4949-0760,105010861532
42261871900,Leifeld P.,,84966702092
42262977500,Spears D.,,84881256308
42461068300,Black A.,,85165700640
42461369800,Holbrook C.,,84963701055
42461379700,Hickey R.,,84959235031
42561010500,Adelman L.,,85140278720
42661257200,Ferrara E.,0000-0002-1942-2831,85207105648
42661464400,Keating L.,,84948955567
42662005400,Powell E.,,84897032731
42662470800,Tecwyn E.C.,,85081291207
42761238500,Doberstein C.,,85091673336
42761588700,Lallemand C.,,85128583937
42861475800,Hildebrandt T.,0000-0003-2970-8638,85077058079
42861575700,Gürdal M.Y.,,85156231647
42862501300,Vreeman V.M.,,79960281950
42961014500,Brosig-Koch J.,,105030165702
42961976100,Lambrecht I.,,105033817071
42962176800,Morgan C.A.,,85004081531
43061135300,Havekes E.,,84878354252
43261647700,Schindler S.,0000-0003-1764-7241,85068660604
43261748700,Pons V.,,85200547541
43360998200,Boenigk S.,0000-0002-5214-2452,85195572298
43361799700,Sella F.,,85091449340
43361942100,Wahman M.,0000-0002-7334-5793,105034793649
43461055200,Anaza N.A.,,85053665850
43461494500,Jung S.,,84951908231
43461845400,Okan Y.,,84920126795
43462003900,Wong E.L.Y.,,85147449253
43561435400,Park S.,,85213823924
43561812300,Pouwelse M.,,84904037830
43661436300,Koolen R.,,84922252816
43861196000,Ehret P.J.,,85050987678
43960920900,Chen Y.,,105036236780
44061477300,Husser J.A.,,85009876178
44061765700,Rapeli L.,,105001483375
44061911700,Plante C.N.,,105040388615
44161531900,Zhang J.,,85088505317
44261460400,Isidor R.,0000-0002-9717-0561,85059644124
44361787800,McGregor L.M.,,85058957318
44461632700,Layous K.,,85070854192
44561336400,Lund T.B.,,85139421606
44561773300,Zottoli T.M.,0000-0002-3197-935X,105031231240
44661023900,Dampuré J.,,85096199177
44661484300,Parisien R.,,105012935442
44661584000,Mac-Clure O.,0000-0003-3905-4121,85078048699
44662076300,Selkie E.,0000-0001-9037-1013,85051171568
44761005900,Gerards M.,0000-0003-1034-4141,84937971715
44761057500,Bozoyan C.,0000-0003-0205-6924,85135237858
44861333400,Kotila O.A.,,85067129058
44861792500,Yaraghi N.,,85047779311
44961036000,Fix M.,,84954270907
44961535700,Vidal-Piñeiro D.,0000-0001-9997-9156,85112410054
44961583700,Thuesen F.,,85054474475
45061023200,Barter J.W.,,85048150153
45160938900,Flowers K.C.,,79961001062
45161279000,Guinjoan M.,0000-0002-0098-3487,105045774506
45161441100,Hashimoto T.,,85067586376
45161500000,Lavezzolo S.,0000-0002-4570-1738,85118513659
45261375900,Liu Y.,0000-0002-2390-1077,105046360035
45561028900,Amoruso I.,0000-0003-4954-5848,85136340359
45561420300,Pokropek A.,0000-0002-5899-2917,105030970664
45561567100,Mercea D.,0000-0003-3762-2404,85209628834
45561672900,Aydın Sünbül E.,,105017658909
45561746200,Rolison J.J.,,84885909502
45661573100,Morrison S.D.,,85133751149
45761152000,Jang J.W.,,85112259567
45861112500,Holmes K.J.,0000-0003-1373-0881,105041880795
45861752700,Vento I.,0000-0001-6043-8627,105018330927
45861766500,Stiegler-Balfour J.J.,,79961156726
45961258700,Lan J.,,85139556190
46061335400,Towfigh E.V.,0000-0001-6323-8540,84966702092
46062103900,Kareemi H.,,85210769305
46260927600,Arendt F.,,85058732702
46461551600,Labrie N.H.M.,,105000173185
46461672000,Miralles-Martínez P.,,85184161720
46461791500,Sabarwal S.,0000-0003-4711-3507,105025353191
46760977100,Caille A.,,85051581959
46761184000,Kieckhaefer J.,,85133464726
46861455400,Mechtel M.,,85105400300
46961182800,Moran T.P.,,84906765911
46961449800,Viganò E.,0000-0002-5764-9113,105034154871
47060979800,Doerrenberg P.,,105021319407
47061248900,Kramon E.,0000-0001-8299-4018,105031159830
47061425100,Hardy B.,,85144453045
47062211000,Sauer C.,0000-0002-8090-6886,85204465397
47062339300,Yee C.,,84860132390
47062343100,Zhang S.,,105004857580
47161445500,Sundström A.,0000-0002-2951-9303,85205579105
47361532000,Thornton J.,0000-0002-7299-0651,85216215252
47460930800,Bobbia X.,,105025850938
47461264600,Hinsch C.,,85052617816
47461445200,Maatouk I.,,85062785223
47560950000,Chapman D.A.,,84994219824
47561814000,Puig S.,,85034424011
47762016100,Kline R.,0000-0003-1874-4975,85128402745
47860925700,Fasoli F.,,85203258445
47861301500,Mishra P.,,85174403230
47962612000,Xu T.,,84897615862
48061129900,Kang H.,,85041300448
48260983900,Fu H.,0000-0001-6840-5846,85161422844
48261045000,Caputo V.,,85037617556
48261049300,Gollwitzer S.,0000-0002-6430-7947,85146158024
48261477100,Van Loo E.J.,,84962168128
48360945100,Arrhenius G.,,85125142351
48361691100,Nazir A.,,105034131928
48461091600,Andorfer V.,,84885379798
48661638200,Touchton M.,0000-0001-7645-1391,85175422942
48661671500,Brown R.T.,0000-0001-7483-4137,85198677625
48761074100,Ceron A.,0000-0002-6686-5969,105029053322
49362345000,Wals S.C.,,84889084181
49461925400,Stein J.S.,0000-0001-5251-3447,105023857186
49561019400,Burkhardt B.C.,,85158850487
49561366900,Levin D.H.,0000-0001-7209-9810,105002720818
49662107500,Perko T.,0000-0001-8405-6631,105017959757
49663192300,Fiorella L.,0000-0002-1672-325X,85042934543
49663240600,Hu M.,,85097414378
49663830200,Marvel J.D.,,85136313259
49664165500,Sarge M.A.,,85083524514
49860932700,Bok H.G.J.,,85130966021
49861923700,Schachter A.,0000-0002-7404-4140,105043119125
49862662400,Bol N.,,85088676018
49862896400,Cranmer M.,,84893540972
49863039000,de Vries G.,0000-0002-9486-7347,85140221187
49863187400,Gerber N.,,85075008002
49863733900,Katz-Buonincontro J.,,85212188197
49864052400,Luo J.,,105022715654
49864346000,Mulder R.,,84904037830
49864503500,Singla D.R.,,84866729417
49864538600,Solomon B.C.,0000-0002-0462-7535,105039864672
49865189400,Yonker L.M.,,85133243152
49961172200,de Ávila Gomide A.,,105030102925
49961210900,Drasch K.,,85079603434
49962027000,Mortimer G.,0000-0001-5805-0551,105001063038
49962069500,Batista Pereira F.,,105033107291
49963442500,Hellmann O.,,85129574265
49964914600,Wonneberger A.,,85111537924
50061267800,Gao F.,0000-0002-1240-9407,85143317308
50061672800,Pennycook G.,0000-0003-1344-6143,105048632556
50061835100,Pascucci D.,,85028707044
50161119100,Deng Q.,,85097414378
50161319000,Delice M.A.,0000-0003-1539-392X,105007031283
50162930300,Zhou Y.,,85124228884
50261333100,Childress C.,0000-0003-3213-6992,105018331049
50261653300,Granado A.,,85204428794
50262750800,Przepiorka W.,,85074603977
50262978100,Star M.,,85166300055
50263145000,Schumacher G.,0000-0002-6503-4514,105029681496
50263467400,Thess S.,,80052746986
50362320200,Woodman R.,,105016341293
50461185200,Genschow O.,,105044646321
50461303300,Erkkilä T.,0000-0001-5194-005X,105039201563
50461765700,Landrum A.R.,,105042807247
50462189600,Onderco M.,,105029640625
50462493400,Spaans A.,,85150751341
50462544700,Wojcik D.Z.,,84878947726
50562117000,Tam T.,,85079283409
50562467900,Xu H.,,85022202779
50661302100,Ellrich J.A.,,85151861667
50861069700,Arnesen S.,0000-0002-2825-0664,105042642663
50861753600,Pariota L.,,84957014859
51061293300,Petrou P.,0000-0003-1585-0852,85150475648
51161154600,Friedman M.C.,,84939448548
51161162000,Fischinger T.,,85059101974
51161678200,Matusz P.J.,,85064219014
51161934700,Pfattheicher S.,,85068660604
51563421900,Dietz M.,,105021514465
51563849700,Hwang H.,,85040738700
51565577500,Meisel S.F.,,85034248303
51565928200,Warren P.,0000-0003-3886-8924,105001727700
51665092800,Jia J.,,105042652934
51665807900,Stokes J.,,85052081065
51665996800,Ren S.,0000-0002-8768-8447,105028436842
51763947300,Lazazzara A.,,84877302216
51864433200,Seara-Cardoso A.,,84900378945
51864553000,Otto L.P.,0000-0002-4374-6924,85084697874
51964319700,Mischkowski D.,,85065157482
51964515100,Palmer C.L.,0000-0002-8408-2749,85096691049
52163787000,Heffernan M.E.,,85161644693
52163921500,Lyons D.,,85106953302
52164077100,Liu A.,0000-0003-4709-6495,105034293043
52164783700,van Berkel S.R.,,85073101774
52263228800,Bonner C.,,85057062341
52264297700,O'Connor C.,,85151883587
52363298300,Aven B.,0000-0001-7086-5876,85162150185
52363642400,Crawford F.W.,,85013825406
52363685500,Dippong J.,,105040029064
52364468100,Nørskov S.,0000-0003-2337-5019,85127739875
52364885600,Stegmueller D.,,85200547541
52365211500,Zheng R.,,105040963706
52463405200,Ding X.,,85022202779
52464935400,Yu H.,,105034021141
52564074000,Perrault E.K.,0000-0002-3227-1804,85132779676
52564604400,Vandenbosch L.,0000-0001-6834-8386,105033993810
52663828200,Kassow B.J.,0000-0001-8769-0259,85149816643
52664087600,Lyons J.,,85189510928
52664737600,Vandenbroek L.,,85043999502
52763857500,Tan H.,,85190798144
52864337300,Ramirez E.G.R.,0000-0002-2214-2224,85184040661
52864518700,Querubin P.,,105032580339
53063102000,Blommaert L.,0000-0002-6881-8269,105002237717
53063346800,Chitama D.,,84973862000
53064462500,Starmans C.,0000-0001-5966-191X,84953790434
53064526600,Seubert L.,0000-0002-7302-6303,105028890488
53064967700,Zmeskal J.,,85166440803
53163082300,Boichuk J.P.,,84893040982
53163147200,Chattopadhyay J.,,85126446512
53163722800,Gonzalez-Ocantos E.,,85069946976
53164563900,Parker C.M.,,85087040931
53164820400,Shi W.,,85119472407
53165027800,Valjarević A.,0000-0003-2997-2164,105028616115
53165115200,Trevors G.J.,,84975229285
53165462400,Zivony A.,0000-0001-7166-9439,85160107431
53263253400,Böhr D.,,80054041559
53263733700,Gravelin C.R.,,85029909741
53264627400,Neto E.D.C.,,84867745196
53563090400,Antoniou G.,,85081032667
53563773800,Habermann W.,,85111930570
53663588200,Kim S.,,85033477099
53663947500,Lee Y.J.,0000-0002-9217-4766,85074453683
53863095800,Angantyr M.,,80054739523
53863297700,Carraresi L.,,85111472766
53864105500,Schmitt A.,0000-0003-4901-7033,85112404761
53865330900,Pattyn V.,,105001075606
53865533400,Styrin E.,0000-0002-8989-3559,105046552624
53865684000,Spaiser V.,0000-0002-5892-245X,105041231304
53865934500,Yuen J.K.,,105033344092
53866206500,Boukes M.,0000-0002-3377-6281,85143687617
53867729700,Edgerly S.,,80053525236
53868101600,Ilves M.,,85199998314
53871002700,Bailey T.K.M.,,85134036593
53872069300,Sirr G.,,85179030098
53873518600,Cantone J.A.,,105024252871
53875774100,Alderden M.,0000-0002-4604-4442,105039768137
53876294400,Nalder K.L.,,85075118098
53877022200,Desrosiers M.E.,0000-0003-4917-3300,105047613717
53877736300,Leongómez J.D.,0000-0002-0092-6298,85189158944
53878295100,Raviv O.C.,,85172078731
53878475100,Shuls J.V.,,105036700736
53879379100,Blumer Y.,,105037769935
53879425100,Al-Shawaf L.,,105004475485
53979372700,Blumberg I.,,85123721069
53982599300,Anagondahalli D.,0000-0002-0289-543X,85064477346
53982966700,Li Y.,,85179063319
53983153400,Powers R.M.,,105032860235
53983589600,Carnahan D.,,85153601069
53984682100,Lynch E.K.,,84881229702
53985265200,Rostalski T.,,85022219255
53986199300,Ferreira-Santos F.,,85064149443
54080534300,van Veenendaal N.R.,,85212867636
54082623100,Birenboim A.,,105019921140
54082819300,Blaauw J.,,84860699852
54279573600,Versteeg M.,,85146448132
54379790800,Araujo T.,0000-0002-4633-9339,105019107189
54380908100,Tovar É.,0000-0003-4224-1702,85180649446
54381417600,Blacker K.J.,,85052800378
54382153000,McNiven V.,,85123307033
54382912100,Boynton M.H.,,84973861645
54383905800,Nielson L.,0000-0002-7520-5591,85027411827
54384129300,Seki K.,,85163100161
54384281100,Simpser A.,,85111583385
54384928100,Alberti F.,,85161640097
54385003800,DiDonato L.,,85053467772
54385063200,Heinrich T.,0000-0001-6827-1374,105029628865
54385071100,Grimmelikhuijsen S.G.,0000-0002-1553-6065,105029863627
54385709800,Pisor A.C.,,85150792285
54387655800,Żerkowska-Balas M.,,85048751792
54388162600,De Fine Licht J.,0000-0003-2102-8945,105002115072
54388937800,Hino A.,,85059641319
54389257200,Kim H.J.,,81055155626
54392589200,Santos J.B.,,85046125338
54392949800,Hering A.,,105000168411
54393367500,Hunt T.E.,,85218185895
54396414100,Wissman K.T.,0000-0003-3125-2668,85130604647
54397073100,Haberman C.P.,0000-0002-0901-3495,105045347545
54399817500,Behlendorf B.,,85087784706
54400307300,Saulnier A.,,85149325893
54401182800,Leukfeldt E.R.,,105001300969
54402038900,Willems J.,0000-0002-4439-3948,105032162844
54403029900,Kong Y.,,85142141964
54403605200,Riggs K.R.,,85011561964
54403939700,Sturre L.,,85004081531
54404908700,Johnson S.M.,,84947423555
54405399900,Garcea F.E.,,84870946045
54405889500,Pantazi M.,,84873739468
54406821700,Dragojlovic N.,,84924273204
54408007500,Berkovitz T.,,80955136594
54408205600,Bowen H.J.,,85103132055
54408713300,He G.,,84867626984
54408874000,MA J.,,84867626984
54409078600,Marr J.C.,,85177174473
54409542900,Ross F.D.C.,,80051899195
54409657500,Van Lanen J.L.,,105011302164
54409758800,Wu T.J.,,105006718847
54409938000,Van Der Linden S.,0000-0002-0269-1744,85198977920
54410592700,Jansky M.,0000-0002-3953-8663,85153181894
54411237200,Saheed M.O.,,85041003403
54411275200,Sances M.W.,,85101251489
54411873300,Chatfield S.,,85066987803
54411993800,Cassese E.,,85025709803
54412854700,Nokes-Malach T.J.,,84858590361
54413208500,Tolley E.,,105014428122
54413453700,Yang X.,,85075407025
54414047200,Chua B.Y.,,85056112905
54414131100,Folke O.,,105038731360
54414894700,Shah P.,,81055123996
54415439000,Azar G.,0000-0001-8129-3092,85193489230
54415764400,Hadad S.,,84969834433
54416145500,Lopes B.,,85062785223
54416305000,Schmidt E.,,85096638669
54419809400,de Souza L.E.C.,0000-0001-9425-9598,105028886612
54420137300,Keren A.,,105022486755
54420487800,Kühne R.,,84907590295
54421072500,Scherr S.,,85189945910
54421267000,Strijbis O.,0000-0001-9530-1380,105036006240
54580583400,Bosma R.,,105037028749
54581604100,Schroder H.S.,,105032125159
54583069500,Basilicata C.,,84902008912
54583673700,Jiang K.,,85210041982
54584826300,Atuahene B.,,85192988793
54585387600,Henry L.M.,,105002781025
54585434000,Levien S.,,82155186847
54586163500,Vehof H.,,85113335222
54682359300,Setiawan R.P.,,85064639875
54683647600,Dillon P.,0000-0002-3422-5473,85132662498
54684879600,Otterbring T.,,85073221738
54684903900,Rusu P.P.,,85114984730
54685261800,Verhaeghe P.P.,0000-0003-2582-6506,105023433219
54779725000,El-Ibiary R.,,85146866960
54780047300,Kinsbergen S.,,84881222164
54780115800,Lai P.,,81355138432
54782008500,Tsao S.C.,,82455192577
54782216000,Adame B.J.,0000-0002-9825-7300,105043306772
54782226900,Brondino M.,,85091697612
54783092200,Mohanty S.,0000-0002-8684-5500,85136089056
54784618500,Jabbar H.,0000-0002-5496-4863,105027587287
54784637900,Jaworsky B.N.,0000-0002-0049-5627,85100887543
54785521400,Utych S.M.,0000-0003-3419-4141,85166397064
54786002800,Parikh R.B.,0000-0003-2692-6306,105011879767
54787574500,Feng D.,,105027437140
54787942200,Kim J.,0000-0002-1663-9306,105005969223
54789181500,Pannier D.,,85090726801
54789636600,Crandall E.,,105015203743
54789733900,Gray J.,,84902468962
54790755800,Brewer K.B.,0000-0002-6011-1437,105019345621
54791081600,Ibrahim R.W.,,84876049317
54791176400,Melzer C.,,84960408856
54793208200,Lévy-Bencheton D.,,85206015179
54794023900,Fan Y.,0000-0001-9508-5411,105034755218
54794529200,Uehara T.,0000-0001-6144-4527,105019181039
54795067600,Gordiz K.,,85059537329
54795433100,Huszár Á.,,85159317671
54796180900,Yarnell C.J.,0000-0001-5657-9398,85210769305
54879282800,Visintin E.,,84856350658
54880070900,Gueorguiev D.,,85198640867
54880184700,Zhukov Y.M.,,85134764581
54880506800,Samuel R.,0000-0002-7598-197X,105011975627
54880650000,Russo M.,0000-0002-0452-7673,85122101406
54881333200,Gorges J.,0000-0002-5865-1266,85103171310
54881488400,Ruttan R.L.,0009-0004-0131-5642,105023547264
54881904100,Bauer N.,,105012355723
54881924600,Van Der Bles A.M.,0000-0002-7953-9425,85178134794
54882119400,Hillis V.,,85214368640
54882169700,Meanwell E.,,85183718228
54882351700,Onyishi I.E.,,105004475485
54883320000,Hicks R.P.,,84902468962
54884460300,Weintraub M.,,105026885708
54885328300,Hoewe J.,,85006253425
54885662900,Vogel L.K.,,84855491200
54886120900,Perry S.L.,,105046799706
54886171200,Paquet M.,,105047767875
54886252100,Andersson M.A.,,85015675493
54889093600,Bankins S.,,105020724441
54889676000,Murayama A.,0000-0001-6428-7061,85116311955
54890280500,Rauh C.,0000-0001-9357-9506,105046131939
54890321100,Montañés P.,,85135684946
54890667000,Rooduijn M.,0000-0001-5880-4819,105029681496
54890728100,Molleman L.,0000-0001-7978-7173,85096817604
54890766600,Bover Manderski M.T.,0000-0003-0000-221X,105034280381
54891143100,Neilson E.C.,,85114888366
54891705500,Ridgeway J.L.,,105027109177
54891708000,Margolis M.F.,0000-0003-2466-9553,105027750405
54892004600,Morse Y.L.,,85181809179
54892795000,Chalmers N.,,84857797929
54892870500,Hoerner J.,0000-0003-2102-5613,105015555633
54892929800,Carlson M.A.,,85107955398
54893103500,Shurchkov O.,,84963719015
54893124900,Caeyers B.,,84857797929
54893765200,Yesberg J.A.,0000-0002-8511-321X,85118106062
54894100800,Clary C.,,85205266377
54894571800,Ballast K.,,84855820611
54895025000,Moody G.D.,0000-0001-7287-7336,85033213465
54895144000,Dellmuth L.,0000-0002-1298-8525,105012399638
54895234300,Volpato C.,,105038057578
54896048500,Hale S.A.,,86000640200
54896362000,Rickne J.,,105038731360
54897676600,Zillich A.F.,0000-0002-2226-7190,105032499106
54897683700,Setoh P.,,85175019217
54897906800,Likki T.,,85196834368
54897925000,Vonkeman C.,,84855964441
54898740000,de Jonge C.K.,,84891482531
54899511900,Esteve M.,0000-0002-9732-8082,105003468481
54901008200,Kunst J.R.,,85146270142
54906010100,Gomes M.A.F.,,84867745196
54906483000,Bühren C.,0000-0001-6155-3694,85186526997
54906854300,Gruszczynski M.,,85199983162
54907853400,Schuler K.L.,,85180249412
54907922600,Hong J.H.,,105018665494
54908764600,Bollinger J.,,105002781025
54911185800,Chen X.,,85145391830
54912022100,Tas A.C.,,85214782666
54913310900,Shahwan S.,,105011346615
54913316300,Kuhn T.,,85161836636
54914018600,Patino J.M.,,105012935442
54914662200,Cooper B.L.,,84995484509
54920815600,Blair G.,,84907976736
54925873500,Carnes N.,0009-0000-3506-8273,105013176725
54926197300,Driscoll A.,,105046899295
54929090600,Grafton B.,,85172665073
54929882400,De Couck M.,,85081613400
54931417800,Crovato S.,,84856350658
54933523600,Caughey D.,,85054537592
54934086600,Winkler C.G.,,85105086067
54934329600,Ru P.,0000-0002-4525-8086,105011371029
54934354400,Porcelli A.,,85166440803
54934477800,Bard I.,0000-0001-6395-0335,85046125338
54934567400,Pimmer C.,0000-0002-7622-6685,85054005988
54939020700,Ruedin D.,0000-0001-5213-4316,105018202369
54939574600,Lopez A.C.,,85039034883
54939771600,Ayoub P.M.,,105041965396
54940582900,Abney D.,,84904884986
54940921000,Monteiro N.P.,,85106599093
54941187200,Cruwys T.,0000-0001-5296-3480,85044964865
54942138000,Nylenna M.,,85108030322
54943502000,Albertus M.,,85106173321
54943681900,Ueberschär H.,,85068564924
54943928800,Ariel B.,,85190438856
54943987100,Mckoy M.K.,,84943355793
54944905300,Orstavik R.,,85108030322
54946332400,Ramiro L.,0000-0002-1523-2475,85118513659
54946355400,Balaji M.S.,,85080078032
54946647500,Meeks L.,,84988014541
54951293000,Ivory N.,,85105079678
54954726300,Keating D.M.,,85072058353
54955427900,Imlay S.J.,,85104991228
54961667300,Stuart A.,,85071936113
54965951100,Rabovsky M.,,84857533326
54966778000,Metusalem R.,,84862234183
54966852700,Harring N.,0000-0001-8690-1376,85213848237
54966867400,Metag J.,,85184470472
54968898600,Desender K.,,105007892096
54970436200,Tesler M.,,85197125602
54973721600,Barzykowski K.,0000-0003-4016-3966,85105762836
54973825500,Kornides M.L.,0000-0003-1900-4530,105014408667
54974110900,Lavena C.F.,,84903992850
54975656600,Jones S.C.,,79960150110
54976118800,Petersen L.,0000-0003-1062-7846,85205908114
54976260600,Allem J.P.,0000-0001-9135-8689,85150854529
54978794400,Miller B.,,105022486755
54979572200,Zvi L.,,105046830096
54981505200,Bursztyn L.,,84977117298
54986246400,Miller-Ott A.E.,0000-0002-7413-287X,85137219633
54986323400,Munzert S.,,85015985453
54988153800,Yin J.,,105008544976
54989473000,Greenhalgh S.,,84994037008
54991134300,Glazier K.,,84932606263
54998513300,Leeper T.J.,,85150725773
54999131500,Lin L.,0000-0002-9630-9744,85089966373
55000850800,Munsch C.L.,,85202763153
55001707300,Curtis K.,,84902482113
55001815200,Melusky B.,,85131662885
55001888700,Peskowitz Z.,0000-0001-8765-4573,105000168854
55001888800,Dropp K.,,85034439604
55002415000,Horowitz J.,,85122106480
55002756600,Warshaw C.,,85136178010
55003048400,Goldstein A.,,105028576278
55007994600,Rooney B.,,85115751581
55008726600,Kelty S.F.,0000-0001-9631-1740,85185925293
55009384400,Mukherjee T.,,85102676998
55010053900,Černe M.,,85130211367
55014524900,Kalmoe N.P.,0000-0001-7679-137X,85111658985
55015819100,Petrocchi S.,,105043263783
55017044100,Hall M.E.K.,0000-0002-0802-0415,105039864672
55017102600,Matveeva N.,,85164465839
55018686200,Fish R.E.,,105038245049
55019807600,Ortiz S.E.,,84961727022
55020072000,Theodoridis A.G.,,85068871005
55023832400,McThomas M.,,85197125602
55026057400,Celse J.,0000-0002-0266-5140,85159603053
55029333300,Garcia-Rios S.,,105014428122
55030090300,Suciu G.,0000-0001-8455-6177,85143828859
55031083900,Rigtering C.,0000-0003-4575-8280,105037094331
55032724300,Sellaro R.,,105034954403
55034534300,Akai K.,,85061671571
55037270200,Gasiorek J.,0000-0002-8449-8867,105017737364
55037302200,Thrul J.,,85197235074
55037331100,Largoza G.L.,,85086009845
55037457100,Asbjörnsson G.,,85175430342
55038118200,Ma A.,,84867475850
55042486100,Andersen J.P.,,85103683599
55043167200,Latimer-Cheung A.E.,0000-0002-0442-6848,85074334678
55043178700,Uusberg A.,,105017973348
55045531700,Andersen T.,,85208161938
55046540400,Edelman E.J.,,85118631537
55047195300,Mabire C.,0000-0003-2666-8300,105045048993
55047357200,van Leeuwen F.,,85070813530
55053599000,Debelak R.,,85123536317
55053784000,Köhler T.,0000-0003-0480-472X,85206371179
55057826200,Schneider G.,0000-0002-0091-6217,105022867245
55058817700,Hahnel U.,,85041824610
55060072600,Fehr D.,,85204025121
55062452100,Lupu Y.,0000-0002-1735-7511,85208680176
55064925400,van Bommel M.,,84862219019
55066854400,Gupta M.,,85179902325
55070700900,Bailleul D.,,84857972862
55073274800,Dunn B.,,85112649803
55073731400,Aveyard P.,,84894027278
55078216400,Gainsburg I.,0000-0003-4363-0494,105029946035
55078238300,Fabbe K.,0000-0002-8079-0668,85059580483
55078459900,Ferguson L.,,84859903900
55082946100,Song Y.,,85216308848
55083019900,Chang C.F.,,84907962878
55083192000,Kim S.Y.,,85089449791
55083392900,Acosta T.,,84884231395
55084031500,Palacios E.,,84884231395
55084168600,Stegmaier J.,,85077677068
55084724600,Espírito-Santo A.,0000-0002-4059-8129,85091655542
55084786700,Nolan M.,,85203560291
55085856700,Binder M.,,85218692777
55086385600,Özel I.D.,0000-0001-6239-1279,105010885760
55087993000,Vasiljevic M.,,85090614388
55088936300,Donnay K.,0000-0002-9080-6539,85185311248
55091186500,Ono Y.,0000-0002-9222-4014,105040509962
55092540300,Blais J.,0000-0001-7386-9549,105030722444
55094015300,Jerke J.,,84858255771
55094634100,Lowenstein C.,,85052636854
55098217600,Wasserman J.A.,0000-0002-9705-1853,85110484359
55100180800,Jin S.,0000-0002-0592-8567,105045226936
55102764300,Hahl O.,0000-0002-2726-321X,85041488466
55103765400,Erikson E.,,85091464896
55103913600,Rogan M.,0000-0002-3664-9173,85107297086
55105369500,Carter M.Z.,,105034125547
55105553100,Bowman N.D.,,85107280775
55107220800,Kotani K.,,85073634874
55107853700,Miquel R.,0000-0002-6610-4836,85126624477
55111048800,Russell A.M.T.,,85126683962
55113374900,Phillips N.L.,,84858681531
55113432400,Leung M.D.,,85061186777
55115748100,Manika D.,,85014865027
55115761700,Ted Denney H.,,84858681531
55115851800,Boduszek D.,,105034118633
55116386700,van Gerven M.,,84914707634
55116944800,Schober P.S.,0000-0003-1953-1197,105025907352
55117636000,Seidl R.,0000-0002-6658-8789,85064444607
55118192600,Stafford T.,0000-0002-8089-9479,85204426907
55122624700,Hamlin R.,,105013327727
55122735900,Swedlund H.,0000-0001-7700-1501,105047613717
55125388900,Carter J.C.,0000-0002-5915-6339,85099752855
55126892800,Olsen K.N.,,85052215054
55128968100,Cai Z.,0000-0002-2559-2941,85120887677
55131200000,Slater M.J.,,85099224887
55132662600,Bigne E.,,85216838773
55133556500,Blake W.D.,0000-0002-0538-6104,85084576941
55134033500,Greenlee J.S.,,85055964241
55135830500,Simonovits G.,0000-0002-9263-745X,105018681448
55135965700,Hoffenson S.,,85152388888
55136094800,Gervais B.T.,0000-0002-9725-4255,85118528538
55137755900,Green J.,0000-0002-7309-0751,85112284011
55143064300,Breuer J.,,85211349082
55144067100,Ságvári B.,,105041439022
55145156100,Mara M.,0000-0003-3447-0556,85210489353
55149491500,Ross A.D.,0000-0002-8415-3383,85209193016
55150175600,Rus C.L.,,85135020854
55151269600,Lenhoff S.W.,0000-0003-1025-8219,105027587287
55151423300,Liñeira R.,0000-0003-4823-946X,85083257073
55151468100,Varju M.,,85046125338
55151496700,Mota-Júnior S.L.,,85173537733
55151868100,Lustig C.,,84879217448
55155604600,Koppman S.,,85061186777
55156116900,Arora S.,,84892582359
55156913300,Apaydin F.,0000-0001-7208-5857,105015477196
55158044500,Verheyen K.,,85102151641
55161655500,Geissler F.,,85169031854
55161737800,Green J.,,77957714383
55164713600,Soundararajan R.,0000-0003-1747-9639,85143828859
55165830900,Lam C.F.,,105035241836
55169146900,Butler S.,,85085901295
55170113800,Driscoll J.,,85066603330
55171224300,Bode L.,0000-0002-9859-2918,105043475643
55171769600,Na C.,,85178474686
55172672400,Contreras S.,,84882893419
55173669700,Soumyaja D.,,85189964263
55173715700,Glazier R.A.,,84876462168
55175341300,Williams M.N.,0000-0002-0571-215X,105011067715
55175607800,Unaka N.I.,,85089731925
55175754800,Christiani L.,,105047382392
55177870600,Flint N.,,85166300055
55177884100,Palomäki J.,,85130542253
55177991700,Haeder S.F.,,105041780221
55178403000,Gupta K.,0000-0002-6264-1423,105043329814
55180044500,Hata M.,,105007699702
55180637600,Olmes D.,,85135513777
55180991900,Levy D.,0000-0001-5740-3378,105036211249
55181900100,Dahlman C.,,85073969999
55184651600,Bélanger J.J.,0000-0003-3881-0335,85146317006
55185287800,Truchlewski Z.,0000-0003-3594-4290,85176771349
55185317400,Zhao M.,,85084521601
55189634600,Kaplan B.A.,,85040734490
55189934600,Llorente-Saguer A.,,84966702092
55189938600,Klahm C.F.,,85046896381
55190212100,Cohen M.A.,,85044969206
55190905600,Haas R.,,85122505990
55191352500,Linn A.J.,,105016381894
55192293500,VanEpps E.M.,0000-0002-9454-4847,85210037200
55192466300,Castelo N.,,85122039774
55192627000,Arora P.,0000-0003-2290-2729,105018783775
55192948200,Halpern D.,0000-0002-1569-9876,85115202648
55193327500,Chrzan K.,,85212244680
55194676800,Gaddis S.M.,,84996599559
55194776900,Lee J.,,85028360161
55195183400,Murov M.,,84860158808
55195719400,Padilla-Angulo L.,,85166626350
55195753200,Glavas A.,0000-0002-3241-3497,105011347085
55195755000,Baumgaertner B.,,105028246602
55195906400,Bokemper S.E.,,105012258249
55196158600,Jungherr A.,,105044862388
55199073300,Beber B.,0000-0001-6774-9460,85197471530
55199822700,Bahník Š.,,105019709527
55200091400,Hirakawa M.,,85194872326
55200111900,Liao S.,,105005796131
55200581600,Wong T.K.,0000-0003-0419-0131,85209767628
55200725900,Packer R.M.A.,0000-0002-9988-9828,105027705960
55200939300,Chen X.,,85099355730
55201287000,Hoffman M.T.,0000-0002-4160-0526,86000383692
55202243000,Wei Q.,,105019689005
55203273500,Stanley L.,,85041898364
55204461600,Levin I.,,85050281076
55204788300,Antonietti J.P.,,85102420633
55205004300,O'Brien T.L.,,84965152535
55207427900,Wentzel J.,0000-0003-3897-4436,85114645406
55207531700,Pereira E.J.,,84925710432
55209862600,Laakasuo M.,,85140664233
55209903100,Mawritz M.B.,,84924561457
55210172300,Popp J.,,105012935442
55210260800,D'Alton P.,,85151883587
55210763100,Uliassi N.,,85063235884
55211268600,Durante R.,,105013090987
55211666800,Lebowitz M.S.,,85137778566
55211777800,Wang Y.,0000-0001-7008-0147,105036241854
55211777900,Radl J.,,85153601137
55212634900,Van Petegem S.,,85174209543
55213461300,Rusconi A.,,85214796267
55213596900,Barnes L.,,85100022555
55214138100,Watanabe E.A.d.M.,0000-0001-5065-9266,85101028455
55215221800,Kawata K.,0000-0002-2761-9255,85171890074
55216576600,Schnieders T.C.,,84861012425
55216624100,Skipper Y.,,84938957588
55216705500,Wamsler C.,,85205141458
55216709300,Andor M.A.,0000-0003-1075-8707,105002340749
55217918300,Thijssen P.,,85086685527
55218386400,Thornton M.,,84861089978
55218727700,Flavel R.,,85138491739
55220137200,Himichi T.,,85131524653
55220151700,Kitzen M.,,85146968172
55220776600,Willard A.K.,,85202733527
55221203800,Campos-Castillo C.,,85169811802
55221456000,Grassi M.,0000-0001-9512-1427,85076412744
55221921000,Øien H.,,84998590321
55222268200,Nelson M.J.,0000-0002-7665-7557,105046899295
55223864900,Wang V.,,105035008091
55224089200,Cornelis E.,,84928162069
55224489100,Nagy N.,,85011320926
55224515800,Hellmich M.,0000-0001-5174-928X,85132667201
55224657700,Bilgihan A.,0000-0003-2770-9637,85106264251
55224686500,Hoeppner S.,,85051461295
55224833800,Ram U.,0000-0003-3886-4501,85135203212
55226041300,Dorward L.,,105007002458
55226503300,Gligor D.,,85111042015
55226662800,Achtyes E.D.,0000-0001-8939-1535,105004829427
55227191900,Ryan S.R.,,84930182180
55228441900,Cellini N.,0000-0003-0306-4408,85122651404
55228509300,Xie F.,,85183102445
55229305200,Serenari C.,,105048637275
55232350100,Reimsbach D.,,85037607239
55232484100,Dolma S.,0000-0002-3913-2225,105029863627
55233396500,Cattelan M.,0000-0002-5631-5293,85078669526
55233830900,Peyton K.,0000-0003-4845-5760,85141907351
55234704800,Jiang H.,0000-0002-3256-4121,105046149029
55234911000,Hoey J.,0000-0001-5340-2204,105008516999
55234957700,Skanderová L.,,85218185895
55235132500,Blanchar J.C.,,84914810204
55236572300,Cohen D.K.,0000-0001-5766-8528,85094682072
55236667600,Demos A.P.,,85091366960
55236874900,Haynie J.J.,0000-0001-8150-3037,85125889085
55236970500,Flores R.D.,,105027959279
55236987100,DiGiuseppe M.,0000-0003-0823-0436,105007037068
55237025000,Gehring K.,,84905844148
55237343300,Zhu S.,,105002561455
55237775500,Mujica C.,0000-0001-8003-1576,85115202648
55239032300,Wynn R.,,84894768898
55240149200,Suchotzki K.,,85064149443
55240279500,Mele A.,,85037821414
55240964900,Magee B.D.,,79959771560
55241160200,Clinton V.,,85078308355
55241210600,Tudoran A.A.,,85086849525
55241423100,Ecker M.,,85028989892
55241798800,Ahlstrom-Vij K.,,85122508626
55242079700,García-Sánchez M.,,105045424464
55242341800,Nunnari S.,,85104863350
55242390300,Berliner D.,,85179334653
55242885300,Yin J.,,85022202779
55243372900,Ogunbode C.A.,,85194771063
55243508800,Koc M.A.,0000-0003-1401-8415,105011302164
55243552200,Davies L.E.,,84885663717
55246312000,Clarke P.J.F.,,85096340728
55246409700,Fields E.C.,,85103132055
55246652200,Xiao Y.J.,,105012379021
55248122000,Bean K.F.,,84865629162
55249414000,Pedneault A.,,85139097542
55249669400,Anicich E.M.,,85093704150
55249923100,Barthels F.,0000-0003-2801-2209,105012380981
55249938100,Makhnoon S.,0000-0002-3380-3833,85092141172
55250223400,Lee J.M.,,85141379001
55250430000,Lee A.,,85135548149
55250778600,Postnikov E.,,85065257730
55250964500,Marien S.,0000-0002-3060-621X,105002115072
55251109700,Hartman T.K.,,85041898364
55251507300,Mork M.,,85092141172
55251538500,Ricks J.I.,0000-0002-1306-8368,85050222106
55251699100,Wollbrant C.,,85104972333
55252116100,Wang Y.,,85119248850
55252436200,Schnitker S.A.,,85045443556
55252676400,Miller P.K.,0000-0002-5611-1354,85100842679
55252846700,Makovi K.,,85190408839
55253663600,Sylaska K.M.,,84894609353
55253707100,Di Pierro R.,0000-0001-7930-1559,85141173935
55253713300,Fassini D.,,84862305942
55255134100,Hayes T.,,85071980033
55255209500,Gawrylowicz J.,0000-0002-5418-8956,105010611761
55255740100,Wouters R.,,85083826758
55256935400,Christensen J.,,85127190426
55257429300,Morgan J.I.,,85091697612
55257634900,Héroux-Legault M.,,85014765126
55257963500,Rottman J.,,85091112409
55258542600,Mccabe K.T.,0000-0001-9183-2918,85160587846
55259793400,Herzog P.S.,0000-0001-6231-1371,85066827464
55259942400,Barnes C.H.W.,0000-0001-7337-7245,105043186224
55260088000,Dibden A.,,105046637828
55260191600,Grondhuis S.N.,,84906934646
55261189300,Ding Y.,,85217236784
55263479800,Kanol D.,,85042525185
55264714000,Liu Y.L.,,105006508993
55266160400,Meyer A.N.D.,,85050395492
55266356200,Stewart A.J.,,85186741013
55266467700,Robinson A.L.,0000-0002-8315-7753,85068835167
55268654300,Kung C.C.,,85218185895
55274435300,Pavesi F.,,85201957286
55274547500,Fernández J.J.,0000-0003-1168-1393,85200159607
55277165900,Ko H.,,85173862640
55279342400,Richter B.,,85094630075
55279791600,Burbano V.C.,0000-0003-3845-3569,105001644395
55280939200,Platz A.,,105012935442
55285667200,Chiu C.Y.,0000-0002-3086-8324,105035206928
55286410400,Peterson E.B.,0000-0001-5234-038X,105034280381
55292743700,Alban M.W.,0000-0002-1415-7450,85208934507
55293255100,Keusch F.,0000-0003-1002-4092,105009904280
55293438500,Forrin N.D.,,85090251794
55295391200,McEwan M.,,85148366454
55295474300,Quirke M.B.,,85134493142
55295552500,Never B.,0000-0002-7108-2256,85199151006
55295761000,Hayes S.E.,,84872173752
55295828400,Kanitnate S.,,84994731782
55301255200,van der Meer T.,,85173675792
55303840000,Oishi N.,,85125415127
55305773000,Radell M.L.,,85120166900
55307634200,Park J.D.,,84867230088
55307675300,López-Rodríguez L.,,84924353837
55307716900,Ruch S.,,85113671401
55311367100,Kostov K.,,85218185895
55311510600,Minello A.,,85123960531
55311940600,Buckley M.G.,0000-0002-6879-9408,85135774271
55312690000,Pellegata A.,0000-0003-0913-7938,85108226281
55313197100,Kwon G.Y.,,85186842180
55313239900,Wong W.I.,,85095714343
55313572200,Chou E.Y.,0000-0002-9141-5425,105001072322
55313601700,Groen I.I.A.,,85087021974
55313658800,Michelitch K.,0000-0002-5436-7508,85117411289
55315092200,Luguri J.B.,,84897904370
55315127600,Ennser-Jedenastik L.,0000-0002-0107-5093,105019785343
55315341800,Novisky M.A.,0000-0003-4644-9148,85104386326
55317385200,Chung H.,0000-0002-6422-6119,105031085870
55317596500,Scherer A.M.,,85188423659
55317860700,Wadian T.W.,,85210945726
55318348500,England B.D.,,84939892870
55318696600,Katsanidou A.,,85161432217
55318761100,Wood J.,,105025130633
55318997800,Kolltveit K.,0000-0001-8051-4818,85217107537
55319086800,Cabrera L.Y.,0000-0002-6220-7096,105004829427
55319469000,Easterbrook M.J.,0000-0002-9353-5957,85091390390
55319942000,Fumagalli L.,,85121983939
55320136200,Hildebrand C.,0000-0003-4366-3093,105031401172
55320413400,Rahman B.,,85034248303
55321047200,Risner G.,,84952714402
55321569900,van Vaerenbergh Y.,,84880611452
55321712300,van den Broek T.,0000-0002-8686-7312,85180970215
55322071500,Levatino A.,0000-0001-7245-3592,85145902133
55322243200,Martorano B.,,85210548057
55322487300,Flynn J.,,85045130957
55323404800,Delhaye B.P.,,85182689722
55323557300,Campbell J.,,84987624351
55323927700,Char D.S.,0000-0002-6064-8971,105023444230
55324250100,Spotorno N.,,84921995261
55324486700,Yamamoto Y.,,85060535430
55324779500,Cao W.,,84867900938
55325754100,Curcuruto M.,0000-0002-4898-2440,85091697612
55325772000,Mayne Q.,0000-0003-4681-5515,105039411857
55326498000,Rogowski J.C.,0000-0003-4547-3832,85108111282
55326561000,Gesselman A.N.,,84872505494
55326782300,Friesen A.,0000-0002-9743-5742,105046157699
55327159400,Behr D.,,105041465984
55327196900,O'Keeffe M.,0000-0001-7104-9248,85159549247
55327690800,Vogel M.,0000-0002-3996-2237,105035126688
55328275200,Kunneman M.,,85212867636
55328523700,Ettlin F.,,85012066416
55328651000,Dubljević V.,,105036072221
55328670100,Högström J.,0000-0002-6284-2591,85105262374
55328732100,Noll L.K.,,105001797449
55328912700,Akoensi T.D.,,85029895484
55329429100,Pascual-Ferra P.,,85136089056
55329431000,Üstübici A.,0000-0002-1498-0025,85200950497
55329545300,Saito S.,,85066509249
55329837600,Moffitt B.,0000-0003-1843-6032,85134217067
55329847000,Holland K.J.,,85110359502
55329849500,Shepard J.,0000-0002-8510-0574,84919896450
55329918800,Reuter S.,,84919896450
55330137900,Chen C.W.,,105038698677
55330186000,Santoro M.S.,,84976361854
55330248800,Montinari N.,,105019094345
55330601300,Meerow S.,0000-0002-6935-1832,85081590667
55330917400,Saultz A.,,84907980500
55330999000,Zhang X.,0000-0003-3479-9327,105013794045
55331924400,Farooq O.,0000-0002-4640-4639,105046126190
55332028000,Song G.,,85165003203
55332381400,Skinner A.,,84925137431
55332474800,Chen J.,,85147155722
55333402800,Merckelbach H.,,85100878335
55334287000,Liao Y.,,105028175945
55334321500,Behnke C.,0000-0001-5947-3150,85135320477
55335221900,Gu S.,,85026369863
55337281000,Kelty-Stephen D.G.,,84923383987
55338208800,Holfeld B.,,84962226786
55338378700,Van de Cruys S.,,105003884396
55339184400,Cho W.,0000-0001-7607-6480,85130056931
55340094800,Nunes J.,0000-0002-0118-0993,85125943984
55340153900,Horomanski A.,0000-0002-5084-4389,85163106194
55340232600,Sissons H.,0000-0001-9321-1349,105039450988
55340268300,Cox R.,,85096998753
55340554300,Ruhe C.,0000-0002-1698-6877,105043209202
55340716600,Kiuchi K.,,85205480864
55341560900,De Jonge K.M.M.,,105001072696
55341735300,Gaertig C.,,84893621232
55341916000,Sticca F.,,84876126971
55343220800,Tobia K.,,85203697228
55344224100,Li S.,,105027437140
55344310600,Kricheli-Katz T.,,105040689204
55344624600,Gould R.K.,,85130942784
55344797900,Smale D.,,84903378681
55345243400,Bateson R.,,85150234615
55346237600,Peterson R.D.,,85096691049
55346297800,Bury B.,,85020444304
55346805200,Murray J.,,85058141120
55346807100,Johnson B.K.,,85033685966
55348233500,Poama A.,,85083458318
55349087300,Brierley S.,0000-0002-0902-6763,85149674339
55350699100,Bayer P.,0000-0003-1731-1270,85199687799
55351134900,Zhan J.,0000-0002-8827-2339,85198518523
55353244800,Yarhi-Milo K.,,85163615742
55353698800,Gamble A.,,85019814077
55353874600,Maia C.,,85207155208
55354531300,Ecker-Ehrhardt M.,0000-0001-8396-1234,105012399638
55354709200,Pietri E.S.,,85216251753
55354894400,Schiavoni S.,,84902008912
55354943600,Aoki N.,,85203630550
55354971500,Kamarova S.,0000-0002-5271-8482,85020458056
55356209500,Zelner S.,,84907323240
55356480500,Medeiros K.,,85218185895
55356603100,Storme M.,,105038469790
55356952900,Mowinckel A.M.,,85112410054
55356963500,Monzani D.,0000-0001-9544-2933,85078669526
55357172500,Llombart-Blanco R.,,105012935442
55357647600,Szekely A.,0000-0001-5651-4711,105040981743
55358217800,Anguah K.O.B.,0000-0001-6414-4175,85174300242
55358224800,Réz A.,,105028624390
55358319000,Amo L.C.,,85145615438
55358789000,Grosso A.,,85096111198
55358925400,Damelang A.,0000-0002-5718-7334,105010716576
55359189300,Dräger L.,0000-0001-7989-6847,85138204409
55359636900,Gendźwiłł A.,,85188571916
55359689100,Bell M.S.,0009-0002-9846-4868,105013279686
55361073500,Lushenko P.,0000-0002-9299-9709,105016100903
55361150500,Norris R.J.,,85217183484
55361313200,Randol B.M.,,84978962251
55361842600,Alves R.,,85148353191
55362136500,Kenny G.,,105015578518
55362961700,Cheung A.W.L.,,85147449253
55363032600,Burbrink M.,,84866481595
55363395000,Carpinella C.,,85043332442
55363399900,Lindeberg S.,0000-0003-4993-5491,85057282428
55363420800,Griffin J.,,85055875906
55363640400,Poppe E.,,84866534391
55363730900,Tu Y.,0000-0003-3746-3757,105021128983
55363887400,Eakins D.R.,,84983535183
55364149100,Newman B.J.,0000-0001-7055-8585,85159616043
55364257600,Arnaud N.,,105013236358
55366388300,Partheymüller J.,0000-0001-8302-1912,105014927185
55367469600,Thomas J.,,84894027278
55368023200,Ornstein J.T.,0000-0002-5704-2098,105028642452
55368706600,Szuhany K.L.,,85043506248
55368927400,Sztandar-Sztanderska K.,,84982851871
55369530000,Messinger A.M.,,85049867952
55369744100,Pedersen E.J.,,85120425286
55370093100,Cho K.W.,,84926511791
55370423000,Imam M.H.T.,,84985036827
55370514200,Grumbach J.M.,,105016219429
55370633200,Li Y.,,84888631834
55370858100,Koenig V.,0000-0001-9940-6286,85128583937
55370892200,Thürmer J.L.,0000-0002-5315-2847,105030885690
55371113600,Omodei E.,,85191018943
55371868500,Lafonte B.E.,,84902533362
55371910300,Locklair B.,,85054599752
55371990300,Powers R.A.,0000-0001-5241-2312,105033505688
55372042500,Stritch J.M.,,85190402580
55372253700,Atkinson L.,,85113551534
55372680900,Teti A.,0000-0002-2112-4112,105016275313
55373008100,Hamm J.A.,,84866975774
55375527500,Yamada Y.,,85218185895
55376187400,Zuradzki T.,,85140664233
55376455000,Scaria A.,,105040752083
55376501300,Carpenter N.C.,,84881219823
55376769800,Trübutschek D.,,85068564924
55376869600,Shimizu K.,,85191157369
55377089800,Taut D.,,105030885690
55377166800,Kwon O.,,105034006769
55377215000,Zhang Y.,0000-0003-0613-3624,105031215334
55377439400,Baldinelli G.,,84902008912
55378153300,Wald D.M.,0000-0001-5576-2836,85060078429
55382766300,Glasziou P.,,85138491739
55383965000,Bugánová K.,,85122675377
55383973500,John Presin Kumar A.,,85073517667
55385648700,Sample M.,0000-0001-5290-1458,85146617090
55386026600,Matejova M.,,85114635657
55386134700,Banerjee S.,,85041175101
55386240000,Gómez-Miñambres J.,0000-0001-5765-189X,85118715173
55386426600,Helm F.,,85011320926
55386812800,Ekman M.,0000-0003-1254-1392,84960408856
55387271800,Hartikainen H.,,85042211239
55388203300,Bauhr M.,0000-0002-2659-8229,105025522576
55388302600,Bastiaens I.,,85065257730
55388537800,Jones J.P.G.,0000-0002-5199-3335,85198669433
55389981000,Wooten A.R.,,85107955398
55390504200,Hand M.S.,,84945455769
55390684100,Stewart A.J.,,85053720434
55390885700,Tormos R.,0000-0002-7861-2221,105013232755
55390962100,Ifie K.,,85069850862
55391147100,Ballas E.G.,,105012935442
55391742100,Wibbenmeyer M.J.,,84945455769
55393792300,Tosounidis T.,,105012935442
55395137900,Pham B.T.,,75149165988
55396991900,Grieco D.,0000-0003-1196-8685,105022784871
55400359600,Xenos M.A.,0000-0002-2604-172X,85111852187
55405270400,Hassandra M.,,85020458056
55407262600,Witte T.H.,,85060917166
55408023300,Houssami N.,,85185956655
55413365700,Hersh E.D.,,84876198708
55413610800,Garrison N.A.,0000-0002-6228-3216,85053701626
55416159900,Manson K.F.,,84926307766
55416353000,Tuyet M.T.,0000-0002-5115-8655,85211165388
55416360600,Burgmer P.,0000-0003-3664-0539,105045389961
55418487200,Ashraf S.,,85176501163
55418761500,Richardson A.,,84973861645
55418807900,Dolan P.,,85194380837
55418856700,Paustian-Underdahl S.C.,,105045019324
55418871000,Roosen J.,,85082518218
55419090000,Thompson L.F.,,84901009042
55419522900,Williams T.,0000-0003-3304-0343,85208785574
55419540200,Tully M.,0000-0003-1850-3477,85217191578
55419951700,Henderson J.,,85137195182
55420345100,Pabian S.,0000-0001-9676-7553,85046431450
55420763300,Henry S.,,105012935442
55421227700,Ainsley C.,,105045564585
55421384200,Hardy R.J.,,85071849197
55424009900,Webb R.M.,,85125275698
55424099800,Moss J.,0000-0003-2139-972X,85153512434
55425637300,Crathern S.,,84878947726
55426988500,Anderson E.,,76749146947
55428779700,Doh Y.Y.,,85059456392
55429129700,Zhang X.,0000-0001-9061-6930,85124320520
55430302000,Goldstein J.L.,,85176357994
55431096500,Neumeier F.,,85164207211
55431852800,Gilbert R.,,105012935442
55433142400,Moss S.E.,,85208231952
55433149900,Hu J.,,85195692648
55433439400,Berg C.J.,0000-0001-8931-1961,105040569258
55433886500,Haghish E.F.,,85205081076
55434430300,Nelson A.,,85073523455
55434437300,Ma T.L.,,85059681821
55435950000,Chien Y.H.,,84951932617
55438185900,Deryugina T.,,84963719015
55438467100,Schmidt P.,,85034236232
55440033400,Hewitt A.N.,,85102990168
55440045700,Elldér E.,0000-0002-7151-7563,85148053264
55440425100,Pupcenoks J.,,85125283266
55441018400,Cunow S.,,85098471978
55441040300,Robertson D.A.,0000-0002-2829-1722,85129065662
55442975600,Reeves A.,,85094885321
55443773600,Dose C.,0000-0001-5405-4934,85132667201
55444345700,Madsen N.L.,,85089731925
55444521900,Yang L.H.,,84907323240
55444651600,Jepson M.,,84908552806
55444671100,Sloas L.B.,0000-0003-3796-7402,105005230657
55444997100,Abdullah S.,0000-0002-4371-8173,105004259427
55445091400,Humprecht E.,0000-0002-8127-2088,85115173163
55445716200,Maestre-Andrés S.,0000-0003-3971-5209,85120899057
55445956000,Engelmann J.M.,0000-0001-5139-0289,85135507724
55446962800,Peterson C.M.,,85059798221
55448421300,Kirk N.W.,,105010611761
55448660000,Mitchell R.,,105008579688
55449751200,Hughes J.S.,0000-0001-9623-9021,85218748893
55449799800,Belus J.M.,0000-0003-4091-4889,105034430104
55450292000,Lewis D.C.,,85114383823
55450407500,Späth J.,0000-0001-5355-6094,105040229019
55451279500,Morgan J.H.,,85107377417
55451282400,Morgan J.,,105047382392
55451420100,Sullivan J.,,85032647734
55451834700,Adams R.C.,,85066027821
55452283500,Bouhana N.,0000-0001-9393-8812,85064709377
55452684100,Wallace S.J.,,85063107433
55452933000,Cooper R.,0000-0002-8133-4592,85205860493
55453371300,Anderson C.J.,0000-0003-3198-4172,85134150128
55453554100,Cohen D.,,84870322491
55454405400,Kaufmann W.,,85119849300
55454468300,Nteta T.M.,0000-0003-2751-9673,105026699333
55454508500,Ma X.,,85090018056
55454839400,Clark C.J.,,84958049255
55455835600,Chan S.,0000-0001-6722-0620,105002593522
55456025800,Jackson M.,,105028866577
55457089500,Brown K.W.,,77952888957
55458293300,Yelderman L.A.,,85126341997
55460462400,Shufeldt G.,,85190439384
55460624200,Shaw J.D.,,84975091310
55461249300,Burnett C.M.,,105008319657
55462238700,Chiang C.F.,,85139731619
55462438200,Martinez A.G.,,85068871005
55462719100,Johnson T.,,85172877885
55463714700,Perlaviciute G.,0000-0003-1380-7340,86000080205
55463726000,Green J.C.,,85217878286
55464328200,Wood J.S.,,85053720434
55464968100,Nelson D.,0000-0002-4089-4526,85135320477
55465184900,Thompson M.P.,,85144287994
55465583400,Marshall E.A.,0000-0001-6171-4312,85050459954
55467753300,Lin T.M.,0000-0002-1072-9773,85206671323
55468087900,Walker D.C.,0000-0002-9424-7156,105003868460
55468551300,Feng J.,0000-0002-0899-1641,85068528857
55468710700,Yokum D.,,85142351115
55469000600,Politzer-Ahles S.,,84877798456
55469532900,Wrede O.,,84944908205
55469998400,Gross M.L.,,85099209288
55473918500,Clark R.,,105043646787
55474824300,Jones P.E.,0000-0003-1945-4080,85195111405
55475138900,Cohen J.E.,,84938552440
55477263400,Lee A.,,85119660472
55477668400,Williams A.E.,,84873978447
55479855600,Culloty E.,,105024891648
55479944500,Lewis N.,0000-0003-1753-9101,85060217148
55479972900,Van Liew C.,,84976361854
55480011600,Johnson A.J.,,85082432811
55480107500,Miller F.G.,,84940535251
55480334500,Fortunato D.,,85172898837
55480436700,Briggs R.C.,0000-0002-3933-8119,85167812221
55481073800,Huang L.L.,,85053446676
55481210200,Conroy-Krutz J.,,105016184292
55481531500,Roope L.S.J.,,105023538588
55482743600,Davis R.,,105036250979
55482887700,Brown A.R.,0000-0002-6004-8597,85212669848
55484936900,Sana F.,,85151422763
55485034600,Marx P.,,105025353191
55485180800,Hatab A.A.,0000-0002-6764-1887,85199271305
55486416300,Sutherland C.,0000-0003-2073-1751,85185207583
55486501100,Israel-Trummel M.,0000-0002-6663-1329,85215972084
55489065600,Harris N.,,105031376377
55489784000,Smith K.D.,,85123080174
55489833000,Leitner S.,,85168990175
55490410700,Campos-Vazquez R.M.,0000-0003-0251-5051,86000376067
55490780800,Clark N.,,85013354766
55491283700,Li R.,,85053701626
55491476800,Sun Z.,,85084832430
55491559300,Zhang P.,0000-0003-0624-6776,85215988295
55492761600,White J.L.,,84878799686
55494021100,Chen D.,,84959507165
55494658800,Johnson J.,0000-0001-6681-032X,85197442398
55494876700,Miller D.R.,0000-0002-8091-1861,105035638675
55495128700,Wu S.,,85131011909
55495191500,Gupta S.,0000-0002-1044-1796,85103584408
55495913300,Smith M.E.,0000-0001-9480-1092,85053701626
55496148000,Collazo J.L.,,85053679381
55497031900,Fleck B.,,85127334475
55497741400,Miller J.,,85017634770
55498265500,Murgia M.,0000-0002-8450-1157,85076412744
55498802400,Werner A.,0000-0001-7341-0551,85209221117
55499328600,Sheagley G.,0000-0002-1743-6201,85200629381
55499536200,Hu J.,,105002711220
55499881500,Vermeeren B.,0000-0002-2380-1703,105003127106
55499914100,Williams J.L.,0000-0002-4604-3933,85053701626
55501030300,Smith S.G.,,85216715166
55501496700,Wang K.Y.,0000-0002-5595-8721,85183899376
55503017100,Wang J.,0000-0001-5253-1549,85204441582
55503210000,Lancaster K.E.,,85088495518
55503227900,Cameron L.D.,,85044627813
55503229300,Johansson Sevä I.,0000-0003-3349-5778,105017758534
55503919900,Houck A.M.,,85191308464
55503996400,Carreras M.,0000-0003-4651-8916,85141617196
55504224700,Boogen N.,0000-0003-1245-8249,85125644695
55504956100,Wood T.J.,,85210316094
55504965600,Romain D.M.,,84978962251
55505085100,Yamada K.,,105002376691
55505181800,Ryon S.B.,,85045541946
55505229900,Put G.J.,,105018750501
55505378800,Meng Y.,,85118729401
55505787200,Sagoe D.,,85205081076
55506196400,Apgar L.,,85041812279
55506469700,Lu Y.,,85204053529
55506611800,Lu Y.,0000-0002-4092-1790,105042165703
55507742300,Dogruel L.,,85061579270
55508067000,Frey V.,0000-0001-5665-9697,85202995551
55508919200,Russo L.,,105018032059
55509119500,Mason L.,0000-0002-0305-8246,105042526917
55509222800,Lentz F.,,85064149443
55509373500,Shao R.,,84886309013
55510820400,Van Den Broek T.,0000-0002-0716-6009,105011300738
55510938700,Wang Q.,,85093697794
55511075900,Seow W.J.,,85186641135
55511301400,Zarychta A.,,85121108025
55511436800,Villamayor-Tomas S.,0000-0002-5170-1718,85213339918
55511564400,Kogan I.,,105029943143
55512000300,Fernández-Vázquez P.,,85140803759
55512477300,Schurr A.,,84882674239
55512518700,Tamul D.J.,0000-0002-0421-380X,85076881650
55512562800,Yuan X.,,105018916730
55513577100,Tian H.,,85195692648
55515384700,Zhao S.,,85075458174
55515391400,Van Der Elst K.,,84892583980
55515557400,Sizemore O.,,82855167335
55515673400,Bocquet S.,0000-0002-4900-805X,85126624477
55515992400,González-García C.,0000-0001-6627-5777,105003638176
55516153400,Velotti L.,,85088817409
55516180900,Caspersen J.,0000-0001-9864-7862,85174679070
55516734200,McLaughlin B.,,85048620647
55519790300,Gengler J.,,85180204009
55520173200,Amat F.,0000-0002-1374-4207,105010861532
55521585200,Joeckel S.,0000-0001-7746-5015,85061579270
55522214100,Rios V.,0000-0001-6361-4630,85129063464
55522357400,Meltzer C.E.,,85104798005
55522765800,Piqani D.,0000-0003-4442-5011,85187151954
55523341700,Karos K.,,85064433531
55523518900,Miller J.E.,,105027109177
55523953200,Cavallo A.,,85021411951
55524382000,Lee J.,0000-0002-1798-8671,105031656787
55530688100,Michener J.,,85127349686
55530804700,Piscopo J.M.,0000-0002-9043-1810,105003956615
55531137700,Yoshida T.,,85210769305
55531310800,Kloosterman N.A.,,85082648729
55531311300,Augustyn M.B.,0000-0002-6662-6802,85200155070
55531692900,Barnes T.D.,,105017746046
55532038600,Albertsen A.,0000-0001-7528-2493,85180210862
55532168200,Peterson L.M.,,84908031168
55532529900,Altier M.B.,0000-0001-9939-6022,85189991707
55533003000,Page L.A.,0000-0002-9828-3525,85205480864
55533047800,Evazalipour M.,,85168711477
55533439200,Smith R.,,84998591727
55534265900,Tørmoen A.J.,,85207896883
55534383700,de Boer N.,,105029935911
55534500100,Rilke R.,,84938704049
55535097800,Conrads J.,,84938704049
55537149100,Allen Catellier J.R.,,84871574553
55537157500,de Vries H.,,85094861671
55537515700,Statile C.J.,,85089731925
55538726700,Urbina D.R.,0000-0003-4358-3843,105005588021
55538847000,Earp B.D.,0000-0001-9691-2888,85192064588
55538917400,Shih P.,,105022693743
55538951200,Lacasse K.,,85189362817
55539151400,Vannette D.,,85106337382
55539329100,Gregory-Smith D.,,85014865027
55539465200,Han K.J.,0000-0001-7592-0803,85129215433
55539536700,Savin I.,,85120899057
55539635400,Abay K.A.,,105019344357
55539643000,Schewel K.,0000-0001-6908-137X,105044502235
55539720800,Qiu Y.(.,,85146126637
55540045100,Su L.Y.F.,0000-0002-8661-7196,105013261897
55540325500,Kaufman G.,,85089543396
55540347700,Chaturvedi S.,,85018214758
55540564000,Li N.,0000-0001-5942-552X,105019369217
55540601100,Yeo S.K.,0000-0002-2043-8400,105013261897
55540658900,Mucundorfeanu M.,0000-0002-8842-9551,105013765774
55541280800,Kohno M.,,105012597345
55542558000,Barozet E.,0000-0001-9297-3480,85078048699
55542832200,MacInnis B.,,85112375322
55543167600,Von Sikorski C.,,84902974018
55543962600,Harris I.A.,,85159549247
55544154100,Michaels M.S.,,84941878121
55544357000,Song J.,,84897615862
55545397700,Brown B.,,85097535412
55545701200,Burak E.,,85079037384
55546113700,Neltner T.,,85063273738
55546385200,Kelley S.E.,,85093941427
55547110463,Wang X.,,85075407025
55547121846,Johnson M.,0000-0002-9987-7050,105027548046
55547125589,Feldman R.,,85059665756
55547133256,Miller A.L.,,84961190121
55547137519,Evans S.C.,0000-0001-8644-817X,85210909449
55548273300,Lakshmi J.K.,,85175199245
55548982500,Duncan D.,,85085095151
55549256000,Leder J.,0000-0002-6413-4513,85128451129
55549882900,Knobloch K.R.,,85165893967
55549887400,Chan C.H.,,105022871687
55550642700,Mendoza J.,,84905867355
55551486200,Zheng D.,0000-0002-6860-4279,85148476743
55552165600,Ashoorian D.,0000-0003-2901-5460,105028890488
55552268300,Evelo A.,,84876863308
55552542700,Schoenborn N.L.,0000-0001-5053-5132,105023525899
55553219600,Hiroyasu E.H.T.,,85069894060
55553326800,Suchyta E.,0000-0002-7047-9358,85126624477
55554828200,Mattingly D.,,85087783403
55555028400,Williams M.J.,0000-0001-5630-9814,85146317006
55555248400,Vabulas F.,0000-0003-3798-7497,85189807656
55555498600,Tosi M.,0000-0002-1423-1585,105041563414
55555532800,Rehfeldt K.,,84872290575
55555810400,Schönholzer T.,,84872322437
55555925100,Struchiner N.,0000-0001-6237-9691,85159123213
55556699300,Miller C.B.,,85065676712
55556811400,Rosinger L.,,84872290575
55556940200,Yu C.C.,,85199228322
55557407600,Tang Z.,,105023841301
55557462000,Hassan M.,,85050141414
55557789000,Drummond C.,,85071226682
55557908300,Van Der Windt P.,0000-0003-1487-473X,105023068855
55558154800,Northmore-Ball K.,0000-0003-4039-801X,85205351601
55558199100,McCauley J.F.,,84911898033
55559457400,Dulani B.,,85147575918
55559676100,Jha S.,,85080078032
55560007500,Marlin C.,,85063235884
55560029200,Thaler K.M.,,85175036087
55560300900,Zhao H.,,105022715654
55560550200,Nam H.H.,0000-0003-3006-0584,105020455885
55561253800,Drutman L.,,85130554591
55561377400,Dolan T.M.,,85083803507
55561654500,Price J.,,85046672481
55561676100,Thomson A.,,84940398534
55561677800,Weiss J.C.,,85128232507
55561949200,Kosyakova Y.,0000-0002-9621-1755,105010716576
55562037200,Burton-Chase A.M.,,85095857107
55562097800,Gugushvili A.,,85130519540
55562155400,Wittmer-Wolfe D.E.,,85065135903
55562201800,Pluut H.,,85053642987
55565334300,Hart J.K.,0000-0001-9985-5137,85089312651
55566637000,Paunov A.,,85159732184
55567312600,DeSante C.D.,,85142916188
55567622400,Filetti M.,,85069741259
55568271200,Reinermann H.,0000-0001-8628-0960,85174147319
55569030700,Domenico H.J.,,85116548497
55570703600,Citi M.,0000-0002-1926-6082,105031608772
55571080500,An H.,,84872967556
55571184600,Kroll A.,0000-0002-2825-8607,85192523806
55571539400,Chen Q.,,84872967556
55572150600,Park J.,,85092926306
55572570900,Schaeffer M.,0000-0003-1969-8974,85210527581
55572737500,Spates S.A.,,105029975832
55572746600,Stokes L.C.,,85136178010
55572806000,Gampfer R.,,84975459634
55572810900,McMahan M.,,84879781970
55573038000,Lagkouvardos I.,,84901288372
55573210400,Hahn R.,,85037607239
55573330200,Mendez L.,,84879781970
55573719600,Young-Jones A.,,85071720850
55573824300,Rissel C.,,85061505149
55574195236,Perry J.L.,0000-0003-0137-7208,105011277248
55574213699,Smith S.,,85217929332
55574239834,Smith A.D.,0000-0002-7335-4083,85135774271
55574425200,Stoop N.,0000-0003-0787-8038,105023068855
55575012000,Salas G.,0000-0003-3571-4962,85188203344
55575021700,Camerini A.L.,,85128446748
55575529100,Tetaz M.,,84873128908
55576195400,Börger T.,,85164820661
55577057400,Shigeoka H.,0000-0002-7007-1619,85067931817
55577186000,Davis A.K.,,105002062900
55577440500,Yeung W.J.J.,,85183797088
55577828400,Gutmann J.,0000-0003-1215-1116,105001935059
55578327800,Romney A.C.,0000-0002-3127-4464,105001995175
55578411800,Ferreira C.,,85138630086
55578479500,Aruguete N.,,105005410949
55578535000,Dietrich H.,,105024467835
55578741800,Ahmad M.G.,,105004475485
55578981900,Folkvord F.,,85086008635
55579225200,Ruhose J.,0000-0002-6942-4448,85143312542
55579239800,Revilla M.,,85130462555
55579294000,Seitz H.H.,0000-0001-9288-9190,85075657714
55579348100,Seidman M.,,85089543396
55579439500,Bérgolo M.,,85133820258
55579812800,Wu A.,,84873748289
55580300700,Aguilar R.,,84938415222
55580610600,Suiter J.,0000-0002-2747-8069,105024891648
55580629500,Eggers S.M.,,85094861671
55580677800,Manuwong S.,,84994731782
55581204900,Dommett K.,0000-0003-0624-6610,85204426907
55581706600,Choi J.Y.,,85071864406
55581985400,Ziccardi J.,,85004081531
55582224700,Peschel A.O.,0000-0001-9560-5974,105022440877
55582588800,Chan H.F.,,85127961015
55582878500,Neall A.,,85203281551
55583101000,Arce Salazar H.,,84937707932
55583297600,Persoskie A.,,85123969658
55583458700,Gerschewski J.,,105046131939
55583867700,Paetzel F.,0000-0002-3527-8470,84961999155
55584194600,Lermer E.,,105047875195
55584781000,TenEyck M.,,84899984920
55585186000,Hentschel T.,0000-0002-3037-1107,85096720637
55585832300,Song K.,,85133865161
55586516300,Chu J.Y.,0000-0003-2702-470X,105005029873
55587347300,Jonathan-Zamir T.,0000-0002-4531-7525,85194589428
55587492300,Martela F.,0000-0001-8664-551X,85130816074
55587620400,Duff S.M.,0000-0002-9693-4478,105011302164
55587730000,Kandrik M.,,105004475485
55587915500,Sanderman R.,0000-0002-0823-1159,85114645406
55588781800,Cheng X.,,105035518691
55589003100,Arnold A.E.G.F.,,84928902072
55589072600,Sommerfeld K.,,105047355410
55589371700,Li N.,0000-0002-4534-9009,105010285430
55595990200,Mo L.,,77954410975
55596443200,Tang Y.,,85021860339
55597247500,Sparkman G.,,85108850334
55597705300,Haroz E.E.,,85065246498
55597980000,Sung B.,,85104916775
55598007400,Yi H.,,85205317715
55598101500,Ditonto T.,,85054485964
55598488100,Sievert J.,,85185690550
55598903800,Handlin S.,,85174891670
55599067700,Stoeckel F.,,105027197362
55599260800,Bol D.,,85150968807
55599630700,Shen W.,,85040904540
55599845000,Zijlstra L.,0000-0002-3977-3890,85119405632
55599848400,Allison T.H.,0000-0001-8873-9798,105002264336
55600022100,Sinclair S.,0000-0001-9967-9030,85174605794
55600265600,Dong C.,,85195692648
55600714600,Bethke F.S.,0000-0002-4259-6071,85215829875
55600846500,Formenton G.,0000-0003-4762-0760,85136340359
55601720800,Katter J.K.Q.,,85053670796
55601998000,Schutte S.,,105023391134
55602277800,Aklin M.,,85128175895
55602893800,Arnold R.M.,,85126899508
55602980800,Degbey W.Y.,0000-0001-9027-3819,105039858974
55603014300,Heinrich T.,,85200455835
55604002600,Vogel D.,,85192523806
55604227800,Porumbescu G.,0000-0001-8595-6068,105024575250
55604230900,Huang J.,,85050904086
55604237700,Posick C.,,105039332188
55604330800,Fowler L.,0000-0001-6104-315X,85113217939
55604680000,Chen I.T.y.,0000-0003-1286-6453,105036401698
55605526900,Meglich P.,,85135462555
55605776134,Zhang C.,0000-0002-4899-2745,105022827651
55605991700,Maskileyson D.,0000-0002-5687-8336,85150666256
55606403900,Exadaktylos F.,,84874293683
55606721863,Brown G.,,79952827503
55606724000,Shepherd M.A.,,84888013564
55606815700,Avey P.C.,,85125585098
55607026000,Zhou X.,,85169165401
55607683100,Garritzmann J.L.,,105010891465
55607790600,Albo-Puigserver M.,,84962656293
55608228700,Redmond S.J.,,85182689722
55608428100,Craig B.M.,0000-0001-7271-1459,85057282428
55608527900,Xu L.,,85119248850
55611392100,Hildebrandt A.,0000-0001-7389-3899,85099812512
55611766900,Nilekani J.,,84874497435
55611791000,Willits D.,0000-0001-5252-906X,85037701666
55612017400,Peterson E.,,105003759877
55612039400,Skovsgaard M.,,85186608966
55612059100,Nijdam-Jones A.,,85199988864
55612474900,Wisniewski D.,0000-0003-4793-1171,85150740465
55612718000,Hofmann W.,,105030323473
55612852000,Davila A.,,84919481800
55613229501,Donno D.,,85187453853
55613346100,Lin W.,0000-0001-5362-6638,105042652934
55613363000,Grinberg N.,0000-0002-1277-894X,105030186492
55613517400,Jeffrey Bailey S.,,84861727326
55614079400,Justwan F.,0000-0003-2822-4535,105028246602
55614797600,van Ham C.,0000-0002-9844-9097,105035907148
55614856800,Dev P.,,85177784624
55615663200,Reilly J.L.,0000-0003-4088-2119,85174045564
55615877200,Nussio E.,0000-0001-5671-5839,85077685490
55615976600,Kirchhoff J.,,84874731670
55616244400,Stoop J.,,85212829603
55616251400,Popova L.,,85202691285
55617012200,Cristea M.,,84892858263
55617588000,Mueller M.,,84958780477
55617596300,Bui D.C.,,84939448548
55617962600,Siramolpiwat S.,,84994731782
55617995200,Batteson T.J.,,85133751149
55618108700,Hanprasertpong N.,,84951914677
55618112200,Nobis T.,0000-0002-8959-8437,105007530933
55618363200,Cavari A.,0000-0002-1987-861X,105047461442
55618681000,Brimbal L.,,85218704342
55618721000,Ardanaz M.,0000-0003-4471-2117,105009858168
55618761600,Mignozzetti U.,,85124229301
55618987700,Stone E.R.,,84878439319
55619036500,Roland M.,,84987624351
55619297848,Xu Z.,,85061810437
55620223400,PARK C.S.,,85099576940
55620263400,Froio C.,,85141385272
55621830200,Gu J.,,105042156724
55623046600,Gilmore J.,0000-0002-3250-0590,85122869687
55623263300,Morain S.R.,,85112357106
55624236700,Fossati D.,0000-0003-2493-6834,85100785082
55625310000,Kitipawong P.,,84994731782
55626542900,Moule R.K.,0000-0002-0221-0146,105015786678
55627378800,Czaplicki L.,0000-0002-7496-0990,85130024056
55628020800,Jeuring J.,0000-0001-7530-7160,105015560041
55628279500,Kulic N.,,105012398380
55628468700,LaRiviere J.,,84959189854
55629078400,Snyder J.W.,,84907980500
55629491700,Headley A.M.,0000-0001-6185-1798,85163546406
55630196700,Lersch P.M.,0000-0003-3863-8301,85087154824
55630840400,Jacobsen C.B.,,85052493991
55630966500,Byrne D.G.,,84921500615
55631000400,Whitley C.T.,0000-0002-5680-0598,105018928061
55632339200,O’Conor K.J.,,85041003403
55632362300,Carol S.,0000-0002-5403-8931,85178249533
55633571400,Bergstrand K.,0000-0002-4620-4434,85168628918
55633615500,Danzman S.B.,0000-0003-2278-4259,85101808535
55633679400,Sattler-Bublitz E.,,85175572874
55634243800,Hawlitschek F.,,85216703387
55634278100,Schott T.,,105008861586
55634863000,Feldman N.M.,,84875518802
55635787000,Chauchard S.,,84953432286
55636015200,Bauer P.C.,0000-0002-8382-9724,105001951442
55636281200,Kim M.,,85193039976
55636458000,He J.,,84876815115
55636520000,Rengasamy M.,,84876815115
55636572000,Bendz A.,,85097011885
55636660600,Mansoor B.M.,,84876815115
55636879400,Hilton R.,,84876815115
55636912400,Haass F.,0000-0001-7174-2552,105019090701
55636964600,Doan L.,0000-0001-9875-1037,105042340289
55639084400,Velez Y.R.,,85180219290
55639103600,Bischof D.,,105040999058
55639296800,Mellon J.,,85062370542
55639377700,Zhu L.,0000-0002-7046-9635,85207005687
55639864400,Kashyap R.,0000-0003-0615-2868,85100420412
55639995100,Cunningham N.,,84931446329
55640073900,Dum C.P.,0000-0003-2064-4666,105001983152
55641325100,Yavçan B.,,84875862950
55643220500,Hagan C.R.,,85096891386
55644212800,Piwek L.,,85205059246
55644350500,Zerhouni O.,0000-0002-4026-1921,85112284011
55645739400,Lee D.,,85059456392
55646146300,Kitchen Andren K.A.,,84901733553
55646407800,Feitsch J.,,105024885700
55646578500,Gattermann K.,,105012618559
55646603700,Shen J.,,85088505317
55646775900,Kordzadeh N.,0000-0002-0925-4694,105041861411
55646802000,Bourassa K.A.,,84901733553
55646805600,Roy S.,,85100114795
55646825100,Sun C.,,84973449015
55646865200,Efrat A.,0000-0001-8325-3932,105047461442
55647045000,Lee A.A.,,84901733553
55647479900,Xie S.,0000-0002-7598-9517,105021656856
55647676600,Woźniak M.,,105040394612
55647815500,Guetto R.,0000-0001-8052-9809,85219757580
55648011400,Stoilova R.,,85087371588
55648067200,Kulin J.,0000-0002-7610-9104,105017758534
55648152800,Lam J.,0000-0002-7169-4930,85205986768
55649440700,Scheubel B.,,84876084664
55649743100,Ziegele M.,0000-0002-2710-0955,85196316334
55649905500,Schramm A.T.,,85065434793
55650528500,Ryffel F.A.,,85098095110
55651163200,Marques-Vidal P.,0000-0002-4548-8500,105035021932
55651167500,Brandimarte L.,,85034437185
55651184000,Petersen N.,0000-0002-3097-2885,105034767853
55651994200,Johansson M.,0000-0001-7947-3297,85183048904
55653556400,Widmar N.O.,,85069644546
55654015400,Myrick J.G.,0000-0001-9944-5138,85070298883
55654025900,Charnysh V.,,105038372954
55654085300,Shen N.,,85060336598
55654126500,Halperin A.,,85048714627
55654131900,Hu X.,,85033559380
55654137400,Everett J.A.C.,,85064763956
55654786900,Skard S.,,85087087482
55654924500,Widany S.,,85122055879
55655049100,Gatskova K.,0000-0003-4103-7929,85113140714
55655334100,Das U.,,85176501163
55656980600,Greenspoon M.,,84883120037
55657349400,Holland A.C.,,85130744488
55657430300,Jones B.C.,,105004475485
55658125800,McCausland K.,0000-0001-7071-6491,105009712769
55658176400,McClendon G.,,85014360321
55658224700,Bertolotti M.,,85068250143
55659164700,Ingham S.,,85050281076
55659552500,Robbins S.P.,,105019345621
55660380300,Phillippi S.,,85142402221
55660443900,Els N.,,84899984920
55661441900,Murmura M.A.,,84876734748
55661476600,Savage L.,0000-0002-1480-5040,85183743714
55661618300,Williams H.L.,,84878947726
55663803000,McKenzie B.D.,,85049596734
55664087100,Leynes P.A.,,85045130957
55664819300,Van Yperen N.W.,,85097372205
55665690900,Matthews J.S.,,105026049694
55665752700,Ashmead D.,,85150751341
55665936900,Elwy A.R.,0000-0001-7088-3118,85115088848
55666336700,Andersen J.G.,,84930608972
55667561400,Walters A.S.,,84894609353
55667669400,Selvi M.,,77951696808
55670492100,Kukora S.K.,,85100997969
55671197400,Takenoshita H.,0000-0002-2055-2051,85162726025
55671353600,Seeberg H.B.,0000-0003-4501-4097,85086044850
55671590000,Macdonald J.,,85061709857
55671683200,Blok D.J.,,105028017881
55672153600,Wang B.M.,,80053525236
55672212200,Bryan A.,,85113786298
55672693200,Wang Z.,,85076258036
55672896200,Falzon C.,,84936177761
55672957800,Smetana M.,0000-0002-1901-9428,105034913587
55673549500,Garvelink M.M.,,84926647827
55674638000,Jiang T.,,84923371236
55675952500,Lee G.H.,0000-0002-3028-867X,85106500637
55676221200,Jedynak T.,,85124180777
55676611200,Ortega E.G.,,84871217550
55678881600,Murphy J.,,85106957612
55681411000,Gil-Garcia J.R.,0000-0002-1033-4974,85105182504
55681456000,Washburn M.,,105019345621
55681582700,Pittarello A.,,85014719943
55682192800,Kim H.H.s.,0000-0003-1311-6507,85218904853
55682271700,Young K.L.,,85198947323
55682546200,Albouy P.,,85015999937
55682715500,Yage Y.,,84884198040
55683715500,Zhang C.,,85018517691
55683908800,Huanyun D.,,84884198040
55683942800,Favero N.,0000-0002-8816-088X,105020764129
55684826800,Liang Z.,,105046159836
55688010600,Johnson P.J.,0000-0001-6160-9045,85185207583
55693553300,Lai E.,,84904901217
55693579400,Githens M.,,105012935442
55694655500,Orr R.,,85081563774
55695940800,Thompson J.M.,,85091449340
55697517200,Hares S.,,105012831895
55699159100,Bond B.M.,,85050356205
55699643000,Kim Y.S.,,85209727702
55700242200,Boatman A.,,85063144912
55700325400,Miller J.A.,,84866481595
55701591200,Mackey J.D.,,85127260403
55702521762,Williams D.,,85142402221
55702682300,Dubé K.,,85097535412
55704557400,Smith K.M.,,85075009873
55705831100,Liu J.,,85109363188
55707201300,Li Z.,,105026216562
55708500700,Keller H.,,84872290575
55709388800,Guo J.,,84884389674
55711224900,Davis A.L.,,85086346137
55711302400,Canfield C.,,84953714214
55712779900,Hayashi Y.,,85096198853
55713132400,Zheng Y.,0000-0001-8485-0616,85162941190
55713290600,Wang D.,,84897615862
55713744000,Evans R.,0000-0001-6367-0560,105027970339
55714783000,Liu Z.,0000-0002-9027-259X,105034755218
55714785900,Liu Z.,,105008232698
55717554300,Zhang D.,,105020590422
55722237900,Peterson D.A.M.,0000-0002-5673-4826,85093926496
55723749400,Lee E.J.,,84983347816
55724152800,Jiang X.,,84883045094
55724328400,Kobayashi T.,0000-0003-0162-538X,105034780090
55727456700,Hughes D.J.,,85108792030
55727517500,Martin J.L.,,77950260445
55727671100,Bell R.A.,0000-0001-5062-5082,85129188841
55728149300,Becker R.,,85062347543
55728865500,Hopkins W.S.,,84988353058
55733479100,Chen G.,,105011308817
55734672700,Mitkidis P.,0000-0002-9495-7369,85166956526
55734796400,Fan K.,0009-0001-4422-6349,105008516999
55735410100,Schlipphak B.,0000-0001-8022-0027,85209079402
55735490100,Kim S.,0000-0003-3141-8621,85200033057
55735712000,Pan J.,,105018002699
55736161800,Shinohara K.,,85060535430
55736775400,Wang X.,0000-0002-0269-2181,105025952681
55737123500,Lukens J.M.,,84925271000
55737732200,Sun Y.,0000-0002-0752-1402,105038667392
55737741700,Sun Y.,,105022182819
55737918800,Qin P.,,84991662024
55738267500,Huang H.,,85077113602
55738296700,Huang H.,0000-0003-1478-0303,105040150837
55740186400,Harris J.L.,,85216943643
55740685400,Miller M.G.,0000-0001-5615-9828,105046220290
55743428300,Robinson E.,,84894027278
55743622300,Kaya A.,,85174891670
55743961200,Sagioglou C.,,84929376794
55744186300,Seay M.C.,,85083671532
55745078800,Fitzpatrick S.,,85088216599
55745358800,Tan Y.,,85205707787
55746145800,Baert S.,0000-0002-1660-5165,105047190761
55746274300,Giese H.,0000-0001-7609-0215,85115428184
55746581600,Gidron Y.,,85116304700
55747095800,Ramoglou S.,,105025462569
55747135000,Ferrari D.,0000-0003-2454-0776,86000780554
55747175000,Meyer B.A.,,85127199567
55749037100,Jakhar S.K.,0000-0001-5200-1476,85121247684
55749510700,Powell D.M.,0000-0001-7239-270X,85209251700
55750246100,Kociolek L.K.,,85161644693
55750589100,Bejarano H.,,105034118725
55750972500,Rudaz S.,,85084169812
55751703900,Doyle O.,,85214821783
55751743487,Kerkhof P.,0000-0002-2700-2204,105038656405
55751744332,MacLeod C.,,85189968713
55752419100,Alleva J.,0000-0003-0469-3062,105033993810
55752852700,Kuo A.,,85202187721
55752995200,Maier T.,,85049557192
55753269900,Baldassarri C.,,84902008912
55754821200,Klar S.,0000-0003-4863-9949,85129069349
55755054800,Charles J.,0000-0002-1698-760X,85130626987
55755197500,Dodoo N.D.,,85082048077
55755335000,Mirapalheta G.,,105034533226
55755909800,Olmastroni F.,,85111760213
55756035800,Kuang K.,0000-0002-9653-9574,85205292969
55756255300,Elwell C.A.,,84945438580
55756479100,Busso M.,0000-0001-5632-9129,105034118725
55757277000,Carrasco Kind M.,0000-0002-4802-3194,85126624477
55757780995,Fischer T.M.,,85092583355
55757782874,Stewart S.A.,,85084570951
55757816200,Hinterreiter A.,0000-0003-4101-5180,85210489353
55757876700,Graham E.R.,,85134199379
55757943400,Ellithorpe M.,0000-0002-0317-9267,105005553267
55758032800,Chen L.,,85076258036
55758852400,Rodon T.,0000-0002-0546-4475,105045774506
55759422600,Glenz A.,,85034236232
55759860100,Mitchell S.K.,,84878799686
55759897900,Kaltwasser L.,,105024779795
55759974800,Veit S.,0000-0002-9611-1105,105023433219
55760493300,Rogers J.,,84900378945
55760602200,Szakonyi D.,0000-0002-3796-0297,86000358705
55760714500,Bankert A.,0000-0002-3672-8015,85087723071
55761268600,Ponce A.,,84878841924
55761353100,Choi J.J.,,84951003254
55761596900,Liu H.,,84973449015
55762106200,Martin A.,,85144770573
55763058400,Johnson A.J.,,82155163801
55763866300,Lange F.,,105003757839
55764444100,Evans B.J.,,85063144912
55764686600,Woo B.,0000-0003-4211-616X,105029691287
55765566900,Kropko J.,,85045027073
55765981000,Hadden B.W.,,85127881690
55766186000,Dorfman A.,0000-0002-4175-1631,85165561626
55766340000,Hafiz F.,,105041651701
55767246200,Klašnja M.,0000-0003-4532-1919,105026810844
55767755400,De Angelis A.,0000-0001-6866-6683,85079251214
55768020400,Hill Z.,,85216854151
55768203100,Hall W.,,85159139884
55769354200,Herz H.,,105034408644
55770115100,Bixter M.T.,0000-0002-5971-3780,85163274354
55770259400,Choi W.,,85133322729
55770348700,Incerti T.,,85091472910
55770695600,Craig K.S.,,84879217448
55770726000,Feller A.,,85043500817
55771059300,Hoetjes M.,,84922252816
55771255800,Kennedy R.D.,,85159740474
55771546800,Murteira C.,,85064852633
55772069000,Mitchell C.J.,,85115167763
55773392300,Dragojevic M.,,84916603210
55773769700,Churchill V.,,85120921433
55773978000,Murakami J.M.,,84959086305
55774382000,Ferguson G.,,85041535051
55774777000,Gallus J.,,85066244324
55775417700,Rai B.,,85130859956
55776993100,Johnson S.,,85203420035
55777135500,Suarez F.,,85150751341
55777637600,Guenter L.,,105012935442
55777670100,Metzger C.,,85150751341
55777753200,de Bedout R.,,105012935442
55777796300,Johnson J.W.,,85150751341
55777827100,Peters R.W.,,85173894490
55777846900,Hui I.,0000-0003-3351-7957,85116825992
55778084400,Lee K.E.,,85150751341
55778205400,Barnett M.L.,,85194700326
55778561200,Dai Q.,,85195692648
55778575800,Wiederhold S.,,85207962265
55778647500,Arita S.,0000-0001-5324-2132,85162726025
55778902400,Ksiazkiewicz A.,,84920164595
55779210300,Arnold G.,,85162952084
55779246400,Bertoni M.,,84960323823
55779781800,Bell M.,,84922342885
55779954900,Christy K.,,85025678371
55780161500,Eliacin J.,,85053865862
55780273000,Jessee S.,0000-0002-3937-6123,85193755333
55780648200,Kefford G.,0000-0002-6733-3323,85134217067
55780785800,Hatchell A.C.,,84881086443
55780790200,Cogley Z.,,85125709953
55782110900,Sinpeng A.,,85115159837
55782489700,Rice D.B.,0000-0002-5601-5821,105022595761
55782526600,Nicholson L.T.,,105012935442
55782945000,D’Amour S.,0000-0002-9383-0577,85099061029
55783090000,Marcus J.,,84944706691
55785150300,Bassett-Gunter R.L.,,84888405031
55785305000,Adkins T.,,84879826764
55785426500,Xiong H.,,85198518523
55785429100,Swiderska A.,0000-0001-7252-4581,85090926311
55785495800,Traeger A.C.,0000-0002-1646-1907,85159549247
55785595100,Getmansky A.,0000-0002-0978-7095,105026243740
55785648800,Vezzoni C.,,85060513094
55785993300,Burge R.P.,0000-0002-8266-3224,85199470820
55786496800,Centeno D.D.G.,,85122200887
55786778000,Scheepers P.,,77954780882
55787363800,Liu B.,,105017167951
55788082700,Hooper D.,,85211772966
55788127700,Valant J.,,85096924083
55788970400,Holbrow H.J.,,105028594112
55789774100,Elmore N.,,84987624351
55790050500,Mironov M.,,105029305576
55790624400,Lang C.,,105034393911
55790659000,Mathieson S.,,85057062341
55791293300,Abadie M.,,84930805371
55793695500,Randhawa G.K.,0000-0001-5513-7504,85165700640
55794087900,Ly M.,,85048150153
55794130800,Lederer A.M.,0000-0002-9430-0287,85093861332
55794779300,Bohn-Goldbaum E.,,85061505149
55794782200,Kvam L.,,105010136456
55794967900,Liu D.,,105023841301
55795030600,Dotti Sani G.M.,0000-0001-8616-3078,105035791894
55795144200,Quaranta M.,0000-0003-4056-8998,105026245293
55795179000,Johnson M.L.,0000-0002-6994-3766,84973640760
55795750600,van der Voet J.,0000-0002-3945-5972,105042563757
55795880900,Zhang Z.,,105018477825
55796093900,Haselswerdt J.,0000-0002-8527-0506,105037735738
55796632900,Angriman F.,,85210769305
55796979500,Hetschko C.,0000-0002-2953-1548,85209571364
55797155600,Chiang J.T.J.,,85114803284
55798136300,Fitz N.,,85020002197
55798968900,Korsch M.,,85100451583
55800141500,Lee C.I.,,84899848231
55800364500,Bae Y.,,84912531669
55800674200,Llorent V.J.,0000-0002-6795-2933,85175722199
55801076700,Evans M.B.,,85069859988
55801408400,Weinmann C.,0000-0002-8501-5484,105002365860
55801541200,Bukowski H.,0000-0001-9412-1855,84959338707
55802528400,Wenzel M.,,85048751792
55803781100,Liang H.,0000-0003-1779-9552,85197309304
55803851000,Hardt H.,0000-0001-5014-4975,85019709361
55803978200,Basanovic J.,0000-0002-3686-8720,105038729324
55804386800,Jabour A.,0000-0003-1397-582X,105041448429
55804455200,Żółtak T.,0000-0003-1354-4472,105030970664
55804838900,Ritzenhöfer L.,,85035763973
55805428600,Eriksson L.,0000-0003-4802-8929,105000020251
55805669600,Kiewiet De Jonge C.P.,,84994748502
55806506700,Wu L.,,85152388888
55806637900,Przepiórka A.M.,0000-0001-6722-7355,105031824184
55806825600,Dai S.c.,0000-0001-9948-8429,105047389993
55807376900,Acharya A.,,85054513005
55807441000,Fowler A.,,85083434314
55808386300,Heyder A.,0000-0002-1578-4894,85217708017
55809235700,Seibel V.,0000-0001-6407-9596,85194422612
55809515800,Monestier F.,,105016854182
55809612100,Brettfeld K.,0009-0005-1431-2069,105046104474
55810089000,Feinholdt A.,,85020013077
55810125900,Quinn D.M.,0000-0003-3367-1452,105034762648
55810544500,Zhang L.,,84880993459
55812223200,Clarke M.,,84881086443
55812394400,Kimura S.,,84881086443
55812762900,Jiang X.,0000-0001-9102-2210,105035241836
55813088400,Cooper N.,,85136688324
55816086700,Richter I.,,105005171818
55816089800,Ward A.F.,,85122039774
55816229600,Bechlivanidis C.,,85081291207
55817441700,Gioffré A.,,105006830038
55817446900,Moss R.,,84892582359
55819132400,Hitt M.P.,,85047370379
55819690700,Rentzelas P.,,84897962198
55819876000,Leveck B.L.,,85029288323
55820025300,García-Ponce O.,,85153098541
55820045600,Berryessa C.M.,,105024252871
55821050500,Wronski J.,,85075029730
55821120100,Schellenberg B.J.I.,,85209386504
55821425100,Yamao D.,0000-0002-4018-1155,105047179607
55823291800,Jilke S.,,105038401018
55823494200,Richter T.,0000-0003-4812-0725,105046104474
55823671300,Dimant E.,0000-0002-5228-6966,85170027639
55823943100,Metzler H.,0000-0001-9254-3675,85212432231
55824197500,Dickel P.,,85045387324
55824503300,Yenkey C.,0000-0002-4757-1017,105029853044
55824538800,Faulk L.,,85075131482
55824578900,Dai Y.,0000-0003-4749-3239,86000203407
55824731400,Witteveen D.,,85107037540
55824973800,Ozbilgin M.,,85038873543
55825428100,Manago B.,0000-0002-2152-8256,85204698910
55825858900,Lechner C.,,105041465984
55826524200,Zangger C.,,105026683326
55826719500,Morken K.T.E.,,85207896883
55826905500,Eisma M.C.,,85125211932
55827144100,Melchiori K.J.,,85079634383
55827522600,van Gevelt T.,,85207636626
55827743700,Linder M.,,85094316078
55829876700,Petermann S.,0000-0002-7599-835X,85199791558
55830478500,Borevi K.,0000-0002-5662-3579,85211602586
55831370300,Fan J.,,84956690930
55831796900,Bordoni M.,0000-0001-6483-3544,85090880782
55831858000,Houlberg K.,0000-0003-2127-6957,85213019573
55832726000,Perez-Arce F.,0000-0003-1560-5398,85128445142
55834220400,Meugnot A.,,85102632291
55835015500,Halali E.,,85110270865
55835556500,Thomsen J.P.F.,0000-0002-6013-783X,85160259676
55836245400,Samahita M.,,105047748494
55836255900,Hartl B.,,85132067404
55836774300,Baig S.A.,,85123969658
55837197900,Haydarov R.,,84926329407
55837206800,Joksimovic S.,,85218185895
55838028000,Korac S.,,105013239555
55838184600,Saliterer I.,,105013239555
55838278900,Laustsen L.,,105020076699
55838407000,Paz-Chinchón F.,0000-0003-1339-2683,85126624477
55839163200,Shafie S.,,105011346615
55839401900,Locher C.,,85103062520
55839863200,Castro Cornejo R.,0000-0001-7332-9622,105029220437
55839916800,Huebner G.M.,,85092060139
55839971400,Chen B.,,85049610413
55841047800,Geven S.,0000-0003-1449-6513,105039447552
55841072400,Eichstaedt J.C.,,105009546258
55841597100,Campbell J.W.,0000-0002-0376-5362,105019538928
55841908200,Schippers J.,,105002289258
55842043400,Lee A.,,85108792030
55842794200,Budd K.,,84866481595
55843459500,Karim S.,0000-0001-7212-6030,105015172919
55843536100,Ghossainy M.,,105004475485
55844241000,Baumeister H.,,105013236358
55844293900,Solevid M.,,84899007430
55844879800,Griep Y.,,105020724441
55845304100,Gordon E.,,85081754660
55845497800,Oshri O.,0000-0003-1907-8257,105041671253
55845702500,Porten-Cheé P.,0000-0002-7594-9363,85118334013
55845835200,Zepeda-Millán C.,,84929656284
55846111000,Foulkes L.,,84900378945
55846232300,Korn L.,0000-0001-6544-3839,85215064019
55846654100,Mayer A.,,85087521618
55847440700,Morris D.S.,,85041526699
55847580700,Mercer N.C.,,85042594244
55847714400,Hanslmaier M.,,84943451796
55847868200,von Hermanni H.,,85160590648
55847914300,Siegers P.,0000-0001-7899-6045,105024724556
55848018200,Thomas A.G.,,85122056342
55848165600,Chen G.,,85120815262
55849534900,Skjeflo S.W.,,105038998598
55849624000,Xu A.J.,,105030228441
55850406900,Ekkirala S.,,105036875163
55851118000,Golgeci I.,,85116474088
55854089700,Foreman A.M.,,85096198853
55854233400,Liu H.,,85203401483
55854239900,Steffens N.K.,,85049078927
55854411400,Woods A.,0000-0003-2381-0842,85168628918
55854751000,Recchia S.,0000-0002-5470-6311,85127696366
55855561400,Monti A.,,84884187435
55855694100,Tran V.C.,,85121817313
55855755200,Yavorsky J.,,105036410075
55856148900,Intekhab Hadi N.,,84884198040
55856398000,von Blanckenburg P.,,85177196589
55856446600,Tocci O.,,84884187435
55857123200,Ng Tseung-Wong C.,0000-0001-6691-3468,85185925293
55857242400,Krause K.,,84885379798
55857276600,Moral F.,,84884231395
55857457100,Lannin D.G.,,85054876553
55857743000,Khoudja Y.,,84885379798
55857861600,Beier H.,,84985028951
55858199800,Jahnke S.,,85050672649
55859879200,You Y.,,84884389674
55860036300,Molyneux L.,0000-0001-7382-3065,85059012188
55860358200,Finger C.,,84992126211
55861023600,Dalessandro C.,0000-0003-3780-8647,105029969569
55861247900,Brandes K.,,85118542681
55861277700,Ranzini G.,0000-0003-3454-8632,105038656405
55861346800,Davis K.D.,0000-0003-1879-0090,105037028749
55862533600,Kim S.E.,0000-0001-6799-4343,105005606027
55862812400,Yao B.,,85053720434
55863002500,Cumberworth E.,,85079037384
55863175200,Manekin D.,,85192036947
55863242800,von Wirth T.,,85064444607
55863254400,Zizumbo-Colunga D.,0000-0002-8712-6946,85212466265
55863300600,Doran R.,,85194771063
55863401500,Mogilski J.K.,,84884563121
55863734200,Barber B.S.,,84953376701
55863948000,Balcaen P.,0000-0003-1466-1910,85144369776
55865723700,Yoris A.,,85137791448
55866151000,Qiu Z.,,105009831682
55866447200,Gkinopoulos T.,,105044379006
55867463800,Ji Q.,0000-0002-3120-5661,85125283266
55868018000,Kerwin J.T.,,85104168488
55868337700,Zhu L.,,85195692648
55868772200,Finnigan R.,0000-0002-8922-4494,85169796624
55869676100,Durham K.,,85054599752
55870635200,Lee J.,,85077593910
55871552200,Walton P.,,85048714627
55872566000,Hardman S.,0000-0002-0476-7909,105034613839
55872730700,Hsu D.,0000-0003-1108-9656,85201476347
55872753900,Gerber-Grote A.,,105027287089
55873786700,Fiset J.,,85028957771
55873958200,Laajaj R.,,85090028983
55874076700,Saljoughian M.,,85138717027
55874191000,Hörisch J.,0000-0001-5825-1652,85205908114
55874512100,Kim S.,0000-0001-8042-8776,85192098619
55874766200,Ognyanova K.,0000-0003-3038-7077,85159352129
55875208200,Daniel A.,,85123688581
55875622700,Chu C.,,84941878121
55877242500,Liu Y.,,105041455414
55877572300,Lu F.,,85090159000
55877623600,Vermeiren R.R.J.M.,,85083631943
55877807100,Kincaid C.,,84908031168
55878206700,Atkins D.,,105046416933
55878272100,Shechory-Bitton M.,,105046830096
55878976900,Sulikowski P.,0000-0002-8704-8925,85143767481
55879037700,Evans A.L.,,85099224887
55880379900,Ji T.,,105004475485
55880930600,Liu J.,,85086908064
55881113600,Dahlén M.,,84856878427
55881275600,Sun R.,,85172783415
55881415800,McAllister C.P.,,85127260403
55881942400,Walker R.J.,,84982798859
55882181000,Ellis D.A.,0000-0001-6172-3323,85205059246
55882250000,Sylvester B.J.,,84884719734
55882736400,Méral P.,,85027947046
55882820500,McCrudden M.T.,,85158121671
55882922500,Pailian H.,,85084409884
55883008900,Crane M.,0000-0002-3058-2211,85061505149
55883115400,Rennie L.,,84890429712
55883352800,Wiese C.W.,0000-0002-3932-4008,105004259427
55883525500,Mesters I.,,77952521606
55884255400,de la Peña F.,,85084521601
55884945800,Pan J.S.,,105027141769
55886479000,Carnegie A.,0000-0002-9890-7916,105043646787
55886966500,Xie H.,,85027187332
55887034000,Adolfsson L.,,105012935442
55887301800,Osnabrügge M.,0000-0002-6177-1111,85204155373
55887787100,Thompson G.,,84904017717
55887924800,Mell J.N.,,85097015205
55888958900,Vögele C.,,85182851238
55889069700,Rebello T.J.,,85084521601
55889097600,Sass Mikkelsen K.,,105010591172
55889272700,Farré M.,,84873620035
55890194300,Moretto F.,,84884187435
55890532300,Silver K.E.,,84942259344
55891528500,Taras J.,,85150751341
55891713200,Srebnik N.,,84885909502
55892530500,Zhang A.X.,0000-0001-9462-9835,105005755328
55892611600,Nahmias E.,,85205233423
55893966300,Chatfield S.L.,,85019814077
55894355700,Naumann E.,0000-0003-1415-0678,105047355410
55895151400,Calkin D.E.,,84945455769
55897834300,Ferwerda J.,,85039933179
55898894900,Manalo E.,,84992331694
55899451800,Loeys T.,,85164322803
55899801600,Verbeke W.,,85037336647
55900565900,Conway B.A.,,85103651880
55901181000,Duell D.,,105011763610
55901208400,Fell M.J.,,85092060139
55901785200,DeLuca J.S.,,105037620424
55901981000,Huizinga M.,,105004341133
55901984300,Valentin G.,,84886436497
55902185300,Fatas E.,,85107387790
55902414300,Cantú F.,,85162949347
55902742100,Cheung M.,0000-0002-0433-4767,85100598411
55903592400,Eyal K.,,85207263749
55903592500,Kole J.W.,,84925271000
55904038100,Brown J.R.,,105001181982
55905351600,Siddiqui R.A.,,84886632605
55905486100,Luttig M.D.,,84920164595
55906055500,May F.,,84886632605
55906885100,Khadka P.B.,,105041674574
55907093600,Sabato H.,,105041273032
55908288600,Marton J.,,85166440803
55908381600,Amira K.,,85209385982
55908605800,Ralph B.,0000-0001-8405-1718,84966392061
55909001300,Packman W.,,85095849164
55909823800,Krems J.A.,,85129463697
55911006500,Lightdale-Miric N.,,105012935442
55911012600,Chen M.,,85090893536
55911161900,Tungodden B.,,85103752245
55911815800,Monkkonen P.,,85070800304
55912316600,Hinds J.,,85205059246
55912354600,Bae K.,0000-0002-3376-8660,105011302164
55912437800,Ask K.,,84944908205
55912694800,de Bresser J.,,85216202324
55913409300,Tyler T.R.,,85010604453
55914128800,Halley M.,,85134512380
55914238800,Boese G.D.,,85103697537
55914712400,Sprague T.C.,0000-0001-9530-2463,105030084753
55914940700,Ryffel A.,,85034020526
55914980200,Ferreira G.E.,0000-0002-8534-195X,105009707708
55915278200,Himmelroos S.,0000-0002-9527-3137,85186570502
55915639400,Biancardo S.A.,0000-0003-2567-7977,85085919870
55915822500,Haque S.T.M.,0000-0002-9991-7542,85191745594
55915903200,Kim E.,,84912531669
55916047500,Carroll B.,0000-0002-9466-315X,105016373883
55916213500,de Keijser J.W.,0000-0003-0619-4857,105017446375
55916467600,Ferland B.,0000-0002-3856-7809,105004040465
55916649700,Rogerson D.,,85103536661
55916701800,Le Bigot L.,,84982144081
55916745900,Ikeda M.,,84924257526
55916884900,Salemink E.,,85068995571
55917294300,Tago A.,0000-0002-9932-3728,105042398599
55917296100,Thomasius R.,,105013236358
55917320200,Ellis A.M.,,105005545864
55917360500,Kaakinen J.K.,,85124286437
55917615400,York C.,0000-0003-2775-7006,85077467338
55917874700,Fledderus J.,,84936847033
55918143200,Rauchfleisch A.,,105044862388
55918316200,Zwald Z.,0000-0002-9310-3900,105000646758
55918569800,Búzás Z.I.,,85211154600
55918635700,Clot S.,,85124147903
55918706300,Ward S.,,105048043091
55919189100,Vollenbroek-Hutten M.,,85071495181
55919524600,Lee S.,0000-0002-7847-1529,85050541810
55919932400,Claessens L.,,84862646897
55920316000,Madeddu F.,,85141173935
55920578200,Iyer N.,,84955245459
55920761900,Tak H.J.,,85041561306
55920786700,Iyer R.,,85082815928
55920794400,Banai B.,,105004475485
55921041200,Capitano J.,0000-0002-2661-687X,85135462555
55921339100,Karkın N.,0000-0002-0321-1212,105029863627
55921903400,Öhberg P.,,85173893206
55921919700,Turp M.J.,,85096835102
55922649000,Sanchez Salgado R.,0000-0002-3922-1404,105008443350
55922803000,Jasper D.M.,,84887325184
55922874700,Bugden D.,,105041559207
55923861300,Huffman B.L.,,84887325184
55924051200,Labarca C.,0000-0002-7788-4516,85115202648
55924246200,Griffin S.,,84887325184
55924371500,Wang D.,,105026216562
55925271800,Sabat I.E.,0000-0002-4104-5761,85124516176
55925305400,Go M.H.,0000-0003-3834-1663,85068610913
55925603200,Harkins K.,0000-0001-5360-1043,105034981092
55926374200,Revkin M.R.,,85111409684
55926528500,Strother L.,,85162696029
55927033500,Schroeder P.A.,,84926633759
55927197800,Hollibaugh G.E.,,85075308271
55927411100,Hanson M.H.,,105038469790
55927437700,Busch G.,,85197730149
55927489300,Ejeian F.,,85146710012
55927823600,Abad-Merino S.,,84887550841
55928035800,Cheston R.,,85054137181
55928988300,Müller P.,,105022871687
55929101500,Yamawaki N.,0000-0003-0873-0887,85209904852
55929116800,Ladner K.,,84908514129
55929318800,Berthelon C.,,85032478859
55929409300,Zhang H.,,85138468538
55929436900,Chen Y.,,84897615862
55929758200,Steel A.L.,,85125106134
55930371600,Weeks J.L.P.,0000-0002-5019-2261,105018760904
55930659800,Castle J.J.,0000-0003-3627-5922,105001949974
55930769700,Garcia-Serrano A.,,85142348038
55930791100,Howren A.,,105048022930
55930898700,Chen D.,,85082114477
55932062800,Walth B.,,85073996474
55932260700,Abate G.T.,,105019344357
55932769300,Raineri N.,0000-0002-0336-4550,105039799595
55932775200,Martin P.,0000-0002-7041-6015,105010589501
55932786100,Bruderer Enzler H.,,85084071067
55933207900,McManus V.D.,,85012918005
55933407100,Kyriakopoulou N.,0000-0003-1282-6056,105025969177
55933713800,Chiappe D.,,85004081531
55934028000,Berrios R.A.,,85132271605
55934131000,Crowder-Meyer M.,,85150354278
55934636800,Strømme S.L.,,85108030322
55934952200,Harteveld E.,0000-0003-4233-6592,85075334741
55935732100,Lown P.,,85073919604
55935804400,Patterson J.T.,,105012935442
55935817300,Wagner A.,,84905969902
55935863400,Shelby B.,,79959379342
55936386100,Kuppens T.,,85058473613
55936452200,Moura T.,,85207155208
55937081500,Rönnerstrand B.,,85205860493
55937358600,Jones R.,,84959905263
55938324300,Lanoszka A.,,85189699546
55938397900,Brähler E.,,84867432689
55938575500,Woodson B.,0000-0002-6108-8451,85210273548
55939511500,Erlich A.,0000-0001-6571-9081,105014443993
55939572800,Pedulla D.S.,,85124082691
55939937300,Postma-Nilsenova M.,,85049953328
55940105800,Ewoodzie K.,,84888327601
55940320300,Toth R.,0000-0003-3910-5566,85199252364
55940486900,Newark D.A.,,85096924083
55940706500,Oberle C.D.,0000-0002-6442-8706,85204484942
55940841100,Ademu L.O.,0000-0001-7395-2609,85146803918
55940978600,Maurouard E.,,85049318932
55941154900,Okyere C.Y.,0000-0002-1794-7001,85075008002
55941405200,Juslin P.,,85052491854
55941608600,Sánchez A.,0000-0001-7109-8613,105034182293
55943375500,Hubbard M.L.,0000-0003-1796-313X,85189510928
55943475600,Kajos J.H.,,84888631834
55943811100,Bastardoz N.,,105004475485
55944081300,Gaztanaga E.,0000-0001-9632-0815,85126624477
55944918500,Hackett U.,0000-0002-1768-9006,105040689305
55945029700,Allen W.L.,0000-0003-3185-1468,105045765546
55945178000,Lazaric N.,,85115935078
55945475100,Facciani M.,,85096619939
55945484600,Lloyd C.,,84987624351
55945519900,Mu B.,,84926284804
55945540400,Carlos R.F.,0000-0002-1031-1967,105042361625
55945865600,Epstein W.N.,,105024187231
55946298500,MacLean R.,,85058141120
55948177300,Rochlitz M.,,105042661163
55948179400,Lou Q.,0000-0002-8852-8453,105046975181
55948288200,Sierksma J.,,84943817918
55948566000,Scopelliti I.,,85170266546
55948595400,Frodermann C.,0000-0003-2374-8962,85193330850
55948678700,Kazun A.,,105033706135
55949079700,Cui J.,,85035044091
55949080500,Loepp E.,,85131662885
55949320100,Gamliel E.,,105034612665
55952355200,Osborne R.E.,,85204484942
55953333500,Kolstad I.,,105026897717
55953494400,Völter C.J.,0000-0002-8368-7201,85069940074
55953732800,Barajas J.M.,,105034613839
55954057600,Szappanos B.,,84905969902
55954321100,Spohn R.,,84905969902
55955322800,Hurley E.,,85024113306
55955753800,Gardner B.O.,,84947423555
55955809300,Petzold K.,,85136695741
55957062800,Fuller A.K.,,84921520419
55957445100,Pitts B.J.,0000-0002-6232-6028,105027925802
55957540400,Law K.C.,,84941878121
55957934600,Rosenberg A.,0000-0002-1335-4882,85205699025
55958596900,Westenberg P.M.,,85083631943
55959508500,Naurin E.,,85063053296
55960259700,Hirvonen K.,0000-0003-2057-1612,85143834127
55960581900,Kuang P.,0000-0003-3154-5161,105021065918
55960887600,Oskarson M.,,85097011885
55961021700,Domon B.,,84870656540
55961276800,Denney S.,0000-0002-6542-1055,105005595594
55961316500,Callaghan T.,,85176495373
55961492400,Rammstedt B.,0000-0002-6941-8507,85164357565
55962017200,Dwertmann D. .,0000-0003-2075-7484,105024769524
55962337600,Boon P.J.,,84992409634
55962405200,Roberts J.J.,,84929590619
55962904000,Schmid Mast M.,,85103342639
55962948700,Jensen E.A.,0000-0002-8332-4507,85206656921
55963399400,Wayne C.,0000-0002-4183-3071,85170273292
55965570400,Moxham-Hall V.,,85010521588
55965912800,John K.K.,,85008324817
55965954300,Miles M.R.,,85083164223
55965959900,Woo J.R.,0000-0002-3576-5180,105008219912
55966101500,Supphellen M.,,84965056785
55966212900,Krakow M.,,85025678371
55966266100,McFadden B.R.,,105044410329
55966296300,Müller A.L.,,84901288372
55966431000,Albert C.D.,,85215262898
55966738900,Wang J.,,85120655057
55967610800,Buchan-Page K.A.,,84991260524
55967674200,Rundberg-Rivera E.V.,,84906934646
55967728300,Patil A.K.,,85059020369
55968510400,Yarchi M.,,105023689069
55968920900,Hvidman U.,,84941784146
55969268100,Pedersen S.H.,,84890549581
55969653200,Dzuro T.,,85128749251
55969699700,Ellenberg S.R.,,84959501331
55969775400,Di Falco S.,,85058189001
55970444200,Ayres I.,,84890653985
55970550100,Luedeman R.,,84890653985
55971454800,Moravec M.,,85128749251
55971887200,Pahor A.,,84890826344
55971967400,Schmuck D.,,105041284085
55972285100,Meng L.,0000-0002-0470-7818,105007943553
55972816100,Li J.,,105034293043
55973133600,Prashar A.,,85215415803
55973560500,Dulleck U.,,85127961015
55973944500,Bounds D.T.,,85111481317
55974809700,Han H.,0000-0002-2588-7176,105032487026
55974923100,Moranta J.,,84855813566
55976970200,Moffat S.,,84971454036
55977053700,Tarle G.,0000-0003-1704-0781,85126624477
55977495000,Land E.,,85134855121
55977912800,Jansen M.,,85011320926
55978227200,Perez-Osorio J.,,84961315236
55978792100,Heath R.,,85104305289
55978901700,Martuscelli A.,,105031661836
55979581800,Davis N.T.,,85107352713
55979933000,Baguma C.,,105007344432
55980083000,Quaresma I.,,85207155208
55980253900,Garcia D.,,84962839080
55980354100,Pondorfer A.,0000-0001-8435-7493,85216843038
55982885500,Guo J.,0000-0002-3884-3180,85189031530
55982977500,Deng C.,,105048624001
55983506700,Tsukamoto S.,,85021393450
55984524900,Timmis J.K.,0000-0002-7773-0859,105039269843
55986034000,Lee Y.M.,,85170386999
55986068900,Mitchell R.J.,,105004432185
55986889700,Zairis A.,,85107337857
55987086700,Bolman C.,,84904037830
55987091500,Edwards O.W.,,105002781025
55987351900,Knab N.,0000-0001-5111-8533,85131186780
55987735500,Warkentin M.,,85042398288
55987999800,Pitts W.,,85142345235
55988286100,Mancini V.O.,,85195659580
55989132400,Gire J.,,85150751341
55990484400,Wood K.,0000-0002-3671-0384,85216078939
55990573400,Vegetti F.,,85092575088
55990808300,Serritzlew S.,0000-0002-9876-6762,85213019573
55990855200,Ilukor J.,0000-0002-0476-4556,85164359227
55991212800,Hedegaard T.F.,,85138547287
55991531900,Thompson A.E.,0000-0003-1837-2358,105014446863
55992091000,Ma B.,,105004300211
55992151100,Wang C.,0000-0002-4548-3697,105031155257
55992632000,Hirsch S.,,85038866720
55992657300,Del Pozo-García E.,,85201636677
55993160200,Loehr A.,,84943222917
55993475300,Meagher P.,,84867626984
55993762800,Bertozzi S.M.,,84898599463
55993924400,Pereira B.,,85203513465
55994088800,Hinojos A.,,85028344194
55994506700,Charters M.,,84891906797
55994563500,Zheng C.,,85173650228
55994753600,Qu L.,,85026369863
55994969800,Spáč P.,,85085178384
55995430100,Sterck O.,,85034043502
55995445700,Abdulkarim D.,0000-0002-3922-5827,85142722682
55995544800,Dentzman K.,,84891906797
55995674600,Pinar C.,,85054917716
55995736400,Wang H.,,85173650228
55996066700,Münster J.,,105001845466
55996267400,Robles R.,,85084521601
55997037200,Nan X.,,85059665756
55998201600,Romanowski A.,0000-0001-5241-0405,85143767481
55999351600,Xu Z.,,105014025979
55999372100,González-Iraizoz M.,,85064149443
56000440100,Nakata C.,,84870294153
56000733000,Nguyen T.T.,0000-0003-4507-724X,85199950656
56000879300,Sosa-Rubi S.G.,,84898599463
56001010500,Thai M.,0000-0002-8000-9413,85164454223
56001434600,Dix E.L.,,85174676006
56001682600,Stone R.,0000-0001-5604-5273,85138407074
56001949300,Reichelmann A.,,85175722199
56002020400,Iles I.A.,0000-0002-9348-1012,85126370927
56002394900,Mader M.,,85125713450
56002658000,Infante C.,,84898599463
56003219100,Ekstrom P.,,84920164595
56003245300,Chen P.,0000-0003-3479-3662,105002386427
56003246400,Lageson S.,0000-0002-4108-4365,105007249723
56003292300,Harris A.S.,,105032843624
56003353400,Rosenthal A.,,84920164595
56003395300,Williams A.L.,,85100124958
56003407000,Damstra A.,0000-0001-7753-018X,105039637371
56003410500,Dodd R.H.,,85185956655
56003523400,Appleby J.,,84920164595
56003599000,Kagotani K.,0000-0003-4337-8655,85136121112
56003628000,Housholder E.,,84920164595
56003630600,Smith B.A.,,85203024413
56003671900,Vitriol J.A.,,105014926557
56003681600,Hunter A.S.,0000-0002-4501-5578,105022821634
56003694800,Mohanty R.,,84920164595
56003803500,Kim H.S.,0000-0001-9803-314X,85200045450
56003893400,van Gorp B.,,85055976712
56003917900,Kim H.,0000-0002-2317-6485,85203024413
56003938900,Rossetto A.,0000-0002-9266-9427,105008468717
56004120700,Fredén A.,0000-0003-0820-8626,85201061544
56004173900,Farhart C.E.,,85127948373
56004672800,Jones D.M.,,85053865862
56006214100,Nikolka T.,0000-0002-9229-3626,85121216755
56008194100,McCambridge S.,,84925876634
56008549800,Sætrevik B.,,85142918608
56008660000,Cummings J.R.,,105036789241
56010179500,Guo Y.,0000-0003-0091-6126,85169039286
56010496400,Giza A.,,85068329473
56010545900,Botero S.,,85070810002
56010719800,Neureiter M.,0000-0002-2800-229X,105044084325
56012540000,Sall R.,,85068528857
56012801000,Riveros C.,,85089606015
56013415600,Park H.,0000-0002-3064-6756,105024769524
56013633800,Castro J.,0000-0002-6362-2240,85122067411
56014210800,Roh S.,,84955165916
56015834800,von Schiller A.,0000-0001-5172-8227,85200241054
56016528200,Spoelma T.M.,0000-0002-7314-4975,105041221682
56016589400,Quigley J.,,85065676712
56016706300,Skorburg J.A.,,85064763956
56016997600,Zahn W.J.,,84893040982
56017435600,Busso D.S.,,85064817802
56017839700,Buckley N.,0000-0002-4641-6664,85165660738
56018184500,Choi S.,,85056300275
56018249900,Connolly J.M.,,85096091363
56018893500,van de Weijer S.G.A.,,105001300969
56019265700,Stoeckli P.L.,0000-0003-3216-4803,85125772832
56019947900,Blair R.A.,,85209885648
56020850900,Dabla-Norris E.,,85204554454
56021106700,Berntzen L.E.,0000-0001-5611-3512,105042526917
56021306400,Kim J.P.,,105004836179
56022585300,Ostfeld M.,0000-0003-3249-3981,85211137112
56022959500,Matkovskyy R.,,105045412753
56023058300,Liebold B.,,85107280775
56025678300,David L.,,85178249533
56026190400,Grigoryeva M.S.,,85200831312
56026231400,Jian Y.C.,0000-0002-2994-4529,105040402695
56026590500,Park Y.A.,0000-0001-9979-6202,85120903865
56026785400,Hakelberg L.,,105039821810
56026797300,Fischborn M.,,85132355196
56026905600,Eckardt R.,,85210041982
56026910600,Luminet O.,0000-0002-1519-2178,85139158378
56027142500,Lattanner M.R.,,85027928943
56027724500,Fenton O.,,84893552697
56027902000,Martin K.,,84893552697
56028492800,Platt J.E.,,85106536874
56028601600,Sabirova F.,,85164465839
56029773500,La Macchia S.,,84969779558
56029844100,Goldberg A.C.,,105012588471
56032655700,Roghanizad M.M.,0000-0002-3178-4800,85122099800
56032742500,Bartols A.,,85100451583
56032826700,Barceló J.,0000-0001-6965-4342,85207898647
56033358500,Fernandez-Duque D.,,84926171269
56033509100,McCabe S.,0000-0002-1106-9535,85104972333
56034137300,Wang S.,,85029612266
56034206600,Vanwesenbeeck I.,,85014010934
56034619800,Newmeyer C.E.,0000-0002-7565-8152,85053401821
56034758800,Sommer E.,,85061987731
56034768300,Chaichian Y.,,105048022930
56035211900,Wood A.K.,0000-0003-4583-5143,85124454562
56035353200,Hearn E.,0000-0002-7242-5994,85068956976
56035607500,Nall C.,,85126653755
56037147600,Maertens K.,,105003884396
56037207800,Doliński D.,0000-0002-4225-4258,105017399593
56037248900,Clarke M.,,84931053023
56037591400,Creaco E.,,85090880782
56037598600,Hall M.G.,,105038081609
56037940500,Friedel J.E.,,85096198853
56037953700,Falk A.,,84950111310
56038035400,Bartolomé Peral E.,0000-0003-0109-366X,105024724556
56038115800,Pila E.,,85081386604
56038145200,Vandusky-Allen J.,,85166397064
56038161400,Porter R.R.,,85215274157
56038186400,Meng T.,,85101873052
56038491400,Kato G.,0000-0001-6600-0124,105038660959
56038922000,Goodday A.,,84894142099
56039534400,Vos D.,,84976308264
56040092700,Krawatzek F.,0000-0002-1108-6087,85186329002
56040731900,Cohen-Louck K.,,85163679637
56040850000,Alcolea-Díaz G.,,85116243187
56041270700,Krause K.,,84894225605
56041966000,McKendree M.,,85138166058
56043082800,Berg L.A.,0000-0002-1673-6974,105045424464
56043308100,Yilmaz G.,0000-0001-5252-4699,85064477346
56043483300,Oskooii K.A.R.,0000-0001-9183-6943,105014428122
56043606500,Scott Bell C.,,84894306502
56043736000,Herrington L.M.,,85116772428
56043929700,Liu L.l.,0000-0002-1597-4110,85214580247
56044084200,Barton J.,,85125934416
56044178200,Lesschaeve C.,,85182851238
56044266900,Rowinski S.,,85150751341
56044331700,Chen X.J.,,85092926306
56044672600,Padon A.A.,,85132745763
56045780300,Zou L.q.,0000-0003-4948-036X,85214580247
56046763000,Lewis J.I.,,85195141299
56046785900,Wang C.,,85166537426
56047533700,Passolunghi M.,,77955443489
56047576900,Buffel V.,,105048121011
56048676800,Bullock J.B.,,85017357787
56049279500,van der Kaap-Deeder J.,,85102420633
56049793600,Wilbur K.L.,,85028981241
56050496500,Navajas J.,0000-0001-8765-037X,85207105648
56050498900,Zhirkov K.,0000-0002-9535-3866,105009421882
56050633400,Wu R.,,105023995250
56051014900,Wiener H.J.D.,,85140966384
56051158200,Baldissarri C.,,105038057578
56051687700,Zamary A.,,85130604647
56051906000,Lizotte M.K.,0000-0003-2952-2614,105011313665
56052724000,Hearon B.F.,,105012935442
56053037600,Van Dalen H.P.,0000-0002-1628-9764,85180492822
56053257600,Akabudike N.M.,,85150751341
56053457400,Bailey M.B.,,105028960400
56054583800,Harvey S.,,85024113306
56054918400,Bentsen H.L.,0000-0002-4262-612X,85147744335
56056094600,Weert J.C.M.v.,,85090208435
56056300400,Porsius J.T.,0000-0002-1343-8189,105033985432
56056445200,Lim S.,0000-0003-4792-2216,105001641509
56058236100,Hindriks P.,,84994613652
56058916400,Schneider F.M.,,105030464389
56059159700,Tiscornia L.,0000-0001-7871-1708,105017173021
56059236800,Rainey C.,0000-0002-8728-4696,85193046317
56059299300,Piatak J.,,105009478060
56059551900,Martinet V.,,85150491332
56059742200,Harms P.D.,,105032222566
56060641600,Khajehzadeh S.,,84929747725
56061847500,Rubínová E.,0000-0001-9790-6180,105018620369
56063862300,Sattler S.,0000-0002-6491-0754,105039779372
56063922200,van Veen F.,,85120455568
56066577100,Cohn A.,,85212829603
56067675600,Hendriks S.,,85100359042
56067708000,Richards D.L.,,105002657174
56067794000,Zuo B.,,85095714343
56069194400,Li Y.,0000-0002-0317-2698,105023995250
56069540900,Palomera I.,,84962656293
56069678300,Lysova E.I.,0000-0002-2135-9130,105011347085
56070186100,Quigley-McBride A.,0000-0001-6940-8707,85150783408
56071751000,Schnabel L.,,85041812279
56072081300,Specker J.,0000-0003-0035-3749,85026898144
56072294000,Morse J.C.,0000-0001-7156-8478,105012936155
56072647700,Galitzki N.,0000-0001-7225-6679,105011302164
56072848200,Taylor J.B.,0000-0002-8541-3466,105027151846
56072948400,Lazard A.J.,,105038081609
56072963700,Walasek L.,,85079042287
56073625800,Kim J.,,84896464706
56074137600,Nielsen P.A.,,85134201140
56074511200,Navarro-Sierra N.,,85116243187
56074879600,Groh J.C.,0000-0001-9880-3634,85205480864
56074990700,Nguyen A.J.,,85065246498
56075001200,Yang X.,,84991662024
56076101900,Henkels M.,,85044835879
56078972000,Christiansen P.,,105036789241
56079257800,Jongenelis M.I.,0000-0002-0717-1692,105009712769
56079978000,Thaker J.,,85117963247
56080275300,Han J.,,85132662498
56080329800,Lowe M.,0000-0001-9649-4938,85078176818
56081528100,Reynolds-Tylus T.,,105031821967
56082814200,Opstrup N.,0000-0003-3511-5812,85168585934
56082823200,Pauls T.,,105006481248
56084456400,Guidi M.,,105000212547
56084865200,Aydin Y.,0000-0002-4598-5558,105003482416
56085973500,Kallberg-Shroff M.,,85060913318
56085993800,Nelson Nuñez J.,,85102390222
56086202300,Sun R.,,105028175945
56086302700,Peng S.,,105028175945
56087486700,Li Y.,,84883045094
56087856400,Hu Y.,,105002830599
56088142600,Steinhardt J.,,84953713862
56088214100,Gong S.,,85147509395
56088440400,Coticchia F.,,85207450618
56088655100,Dasandi N.,,85153518941
56088815300,Dong X.,,86000010290
56089313600,Mercier M.,0009-0003-9972-9642,105013802440
56089347000,Lavore E.,,85153098541
56090677800,Zhang J.,0000-0001-7726-5638,105046360035
56090742700,Bunger A.C.,0000-0002-6407-5111,85088495518
56091330900,Tucker P.D.,,85127568081
56091576800,Navarro M.,,84940398534
56091661100,Jayasimha K.R.,,84923293103
56091807900,Lowder E.M.,0000-0002-5855-2479,105029745786
56092060700,Jacobsen L.F.,,105015482028
56092514600,Weeks A.C.,,105044242167
56094362800,Barkworth J.M.,,84961292093
56094369100,Nakayama M.,0000-0003-3904-4986,85142236426
56094787400,Street A.,,84929656284
56095399800,Nakabayashi M.,0000-0003-1096-1350,85171890074
56095930200,Camponogara I.,0000-0001-5140-3449,85200529009
56096189400,Flink C.,,105007025827
56096393400,Zarazaga R.,,85103895516
56096455000,Suleymanov R.,0009-0007-6787-5329,86000386281
56098431900,Apard T.,,105012935442
56098735000,Liu C.J.,,84855374433
56099787100,Bartolo D.,,84897628117
56099883500,Pradhan D.,0000-0002-2982-7971,85103600557
56099983300,van Doorn J.,,85120155826
56100035800,Li J.,,105043545007
56100523100,Thoyer S.,,105033767744
56102217400,Fan X.,,85050532641
56102501200,Silber H.,,105042563243
56102705500,Janson A.,0000-0003-3149-0340,105039788620
56103449300,Puhan M.A.,,85083421868
56103634300,Frantz E.,0000-0003-0021-1628,105021242475
56103737900,Grassau D.,0000-0001-7846-8322,85115202648
56103744300,Yoon A.P.,,85163570406
56103901500,Denny E.K.,,85159589806
56103926700,Mou J.,,85190789843
56104161800,Zhang M.,,85059932376
56104206700,Zünd F.,,105010610792
56104988700,Cheremukhin A.,,84924535076
56106091600,Trzebiatowski T.,,85210041982
56106126600,Clark C.,,105022500398
56106403900,Riaz U.,,85183297972
56106892900,Sajjacholapunt P.,,84897933379
56106995300,Balaban H.,,84936166169
56107343200,Shin J.H.,,85173880833
56107425800,Anderson R.A.E.,0000-0001-9938-0717,85075163684
56107533300,Schoot L.,,85083545761
56107657300,Pfuderer S.,0000-0002-4199-8570,85129851787
56107663900,Zhu W.,,85217083209
56107967300,Schulz J.F.,,105012956372
56108237900,Walsh J.P.S.,0000-0003-3454-3428,85118729401
56109280200,Thomson C.P.,,85125568915
56109385800,Shiraito Y.,,105039513668
56109623700,Kim H.,,85057092388
56110876800,Mehlhausen-Hassoen D.,0000-0002-3069-7983,105046217989
56111015100,Buengeler C.,,85180731072
56111166300,Power B.,,85179030098
56111171000,Steinmetz S.,0000-0001-7136-6622,105023433219
56111182800,Hanniman K.,,105026049694
56111183800,El-Toukhy S.,,85067597084
56111437500,Blom R.,,85059057952
56111503700,Bech E.C.,0000-0001-6062-8199,85109925893
56111632200,Lee S.,,84965057111
56111706500,McCleskey J.A.,,85132271605
56111716300,Crisher B.B.,0000-0002-8567-6151,105017475128
56112382300,Preece J.R.,0000-0001-8105-9650,85210846977
56112637400,Murtarelli G.,0000-0002-6602-8503,85108972630
56113352100,Hausman H.,,85195435994
56114350800,Guevarra D.A.,,105003982095
56114421500,Xie H.,,105035241836
56114444800,Gschwend T.,0000-0002-8656-9622,85086638987
56115054500,Nayak R.K.,,84940535251
56115328800,Sensoy Bahar O.,,85070899643
56115377700,Yan Z.,0000-0002-1252-2928,85104062770
56115383800,Elfstrom M.,0000-0002-5588-8778,105000547426
56115562400,Begum S.,,105023428295
56115744500,Darr J.P.,,105001820017
56115858500,De Valck J.,,85166300055
56116143300,Sok J.,,85164465253
56117157700,Detommaso M.,,85103002076
56117234200,McIlvennan C.K.,,85047911196
56117495200,Abayhan Y.,,85163138549
56117874400,Kim Y.S.,0000-0003-4178-9522,85173880833
56118529700,Goyanes M.,,85099815645
56118641800,Neely B.H.,,105030712765
56119400300,Deschrijver E.,0000-0003-0387-3539,85083785799
56119762900,Wells T.,,84898857670
56119769900,Bright J.,,86000640200
56120080800,Bailey J.,,84898857670
56120240000,Miller J.,0000-0001-6865-5511,85085939467
56120913200,Wright D.J.,0000-0003-0564-8482,85142940301
56121108900,Tromborg M.W.,,105043700588
56121143500,Wozniak K.H.,0000-0002-6542-0095,85136529598
56121148500,Chambers-Ju C.,0000-0001-8963-0719,105008041058
56121356900,Ranyard R.,,84952644562
56121380600,Jeong M.,,85130616938
56121435800,Mitchell L.L.,,85059798221
56121764600,Gaikwad N.,0000-0002-9660-222X,105003448058
56121893200,Prpic V.,0000-0002-1382-0951,85076412744
56121950700,Sweeney A.,,84925861670
56122525300,Danielson R.W.,,84975266620
56123808300,Liu C.,0000-0002-4524-3351,105011277248
56124783600,Trein P.,0000-0001-6217-6675,85154072857
56125832600,Rapoš Božič I.,0000-0001-6605-1765,85100887543
56126181000,Kraft-Todd G.T.,0000-0003-1220-9269,85144396097
56127280500,Kaputa S.J.,,85066044091
56128019200,Meidert N.,,85068905627
56128119800,Smith A.E.,0000-0002-6436-153X,85083675818
56128487100,Wang R.,,77954410975
56133153000,Dienlin T.,,85048196425
56133218900,Baele S.J.,0000-0002-3632-0888,85200239954
56133428000,Miller C.,,84953376701
56133948600,Bodenheimer B.,,85051931514
56134670100,Markstedt E.,,85059323617
56134872700,Johnson M.C.,,85068835167
56136385200,Winden M.,,84994037008
56136449700,Gasparetto T.,0000-0002-4675-302X,105030986878
56136479100,Stoffel S.,0000-0002-0124-0941,105034430104
56136935900,Curtis D.A.,0000-0003-4655-7253,85074015129
56140082300,Winburn A.,,85085092179
56140432100,Schuurmans M.J.,,85011693962
56141732700,Kim C.,,84867475850
56143091500,Gaddis I.,,85143528545
56144597200,Hoffmann J.A.,,85036618259
56144602500,Turper S.,,84997605127
56145095300,Häuser K.I.,,85058443394
56145100400,Craig M.,,85134855121
56145205000,Browning N.,0000-0001-5402-7143,105002117884
56145495700,Løset G.K.,,85050945621
56145583800,Czarnek G.,0000-0003-4152-3580,85102491307
56147434100,Tüzün H.,0000-0003-1153-5556,85138439055
56147677200,Wang Y.,0000-0001-8148-2459,105042953788
56149158100,Moorcroft A.,,84896283112
56149563900,Medeiros M.,,85071180012
56149625000,Chen S.,,105026771995
56149725800,Fasbender U.,0000-0001-6711-5732,105037741462
56150315200,Greenland C.,,84896283112
56150991400,Wilder J.M.,,105043225063
56151275300,Zhang J.,,85216308848
56151465900,Skjold T.,,85147744335
56152194800,Schröder J.,0000-0002-1000-5855,85194560329
56152457400,Melo O.,,85040071418
56152517300,Ahlheim M.,,85121571006
56152584800,Yu G.,,85181682379
56152902800,Zavalloni M.,0000-0002-6291-7653,105034154871
56153457000,Kim M.,0000-0001-9148-8061,105040016698
56154489700,Metcalfe C.,0000-0002-7459-9955,105018824099
56155152600,Vali H.,,85183168596
56155218000,Vuculescu O.,,85115603219
56155600300,Zebregs S.,,84945115185
56155667400,Park H.H.,,86000645728
56155685800,Hicks T.,,105018815315
56155953100,Tzompa-Sosa D.A.,,105034293043
56157216100,LaPira T.M.,0000-0002-1203-7439,85130554591
56157267600,Wu Y.,,85041662076
56157767600,Liang L.H.,,84974529300
56158017900,Ohmura T.,,85203619101
56158078800,Keirns T.,0000-0002-2227-0971,85170631568
56158284900,Lergetporer P.,,85207962265
56159861600,Barral O.,,85069741259
56159895200,Amaria K.,,85103442864
56160580400,Burchardt T.,,85127597984
56161918200,Malešević S.,,85178249533
56162405400,Wolter J.,,85200953447
56162680500,Wauters J.,0000-0002-7277-2312,85186557175
56162858400,Germann M.,0000-0002-5217-3240,85217838684
56163846900,Li G.,0000-0002-2120-2344,105030269262
56165925200,Martínez M.Á.,,85213223088
56166057300,Eberl J.M.,,85104798005
56166215000,Susianto H.,,85142388214
56166331200,Stuart M.T.,,85117963411
56166527300,Grummon A.H.,,105038081609
56166697200,Kostelka F.,0000-0003-0591-5499,105008926379
56166943000,Mayoral J.A.,,85119473120
56166977700,Upadhyay S.,,85018214758
56167029600,Stoddard O.B.,,84949556380
56167618600,Genschel P.,,85192909956
56167764500,Schraff D.,0000-0003-3386-1352,105039885285
56168369200,Thau M.,0000-0001-9412-7296,105039885285
56168686700,Farvardin M.T.,,84989872384
56168831900,Kuo E.W.,,84901009042
56171229400,Sun Y.,,85197136994
56171687000,Sun J.,,85158874278
56173424400,Brand R.,,84988603956
56174255200,Wei Q.,,105029302209
56175351400,Baskin E.,,85064149443
56175828800,Reggiani T.,,84938704049
56176705000,Johnson G.,,85053910872
56177134300,Williamson R.D.,0000-0001-5235-0967,105018610865
56178436300,Safra L.,0000-0001-7618-6735,105025946075
56179210900,Kempen R.,0000-0002-3382-7579,105003468481
56179914900,Menkin J.A.,0000-0002-8046-2293,85091829126
56180211700,Rabanal J.P.,,85134062755
56180231400,Lange J.,0000-0002-5375-3247,105039818693
56180262200,Grigoryan L.,,105030323473
56180409500,Banda K.K.,0000-0003-4504-9302,105004286558
56180816000,Singh R.,0000-0003-2893-9039,105011302164
56181744600,Uitvlugt M.G.,,85028298073
56182121900,Gravelle T.B.,,105029176272
56182719600,Griffin N.R.,0000-0002-8364-3663,85028298073
56182993000,Summers K.,0000-0001-9964-0259,85127597984
56183085700,Monnery B.,,85199923731
56183233900,Dragon P.,,85102491307
56183495200,Ortegren F.R.,,84939892870
56183702900,Nadella V.,,84988710474
56183720600,Barney C.W.,0000-0002-1854-9523,105014324991
56183767800,McCrea R.,0000-0003-0066-6577,85081237919
56185711400,Shevchenko Y.,0000-0002-3397-8465,105000517947
56185751300,Yan H.,0000-0001-9195-355X,85100997969
56187077800,Lai B.,,105045223584
56187204300,Sahay A.,,85171662756
56187241600,Fanelli E.,,84855813566
56187709000,Schütz A.,,85139708287
56187903300,Kroh M.,,85109182468
56188307200,Vranka M.,,105034913587
56188386100,Jiang H.,,85169599499
56189389500,Aufox S.A.,0000-0003-4424-8588,85053701626
56189439100,Martin J.D.,,85108524393
56189932300,Krogsrud S.K.,0000-0001-8402-3688,85112410054
56189963700,Jayakumar P.,,85207327343
56190366600,Powers K.E.,0000-0002-7860-8804,105011649507
56190558300,Stadler M.,,105049021547
56190854600,Testa P.F.,,85098992760
56190916500,Dang J.,,105006703197
56191093700,Chiba D.,,85129654689
56192389000,Owusu-Sekyere E.,0000-0002-4993-5064,85199271305
56193302000,Jirásková M.,,85050541810
56193858700,Carins J.,,105025221598
56194330700,Jankowski M.,,85159949655
56194336300,Yow W.Q.,0000-0002-4066-7200,85149942249
56194639400,Shea P.E.,,105040920296
56195811500,MacArthur H.J.,,85077339196
56196406600,Chang W.,0000-0003-1591-2216,85120803598
56196605100,Wang J.,,85060336598
56196775100,Walter N.,0000-0002-8122-1221,105014267856
56196951600,Yair O.,0000-0002-0360-3515,105047461442
56197200600,Lempert L.K.,,105029661891
56197463700,Clapp J.T.,,85115790570
56197736300,Hajj R.A.,,85028957771
56197916600,Brimeyer C.T.,,105005072937
56198284300,Kelley L.J.,,85074015129
56198819300,Marchal S.,0000-0001-9481-9081,85083873558
56200271500,Bhui R.,0000-0002-6303-8837,85209251700
56201374300,Kang J.H.,,84953639865
56201660100,Baumann H.M.,,85218696087
56201701700,Niemiec R.M.,,85086087249
56201845000,Lutz C.,,85105543912
56202289000,Khaledian P.,,84934920320
56202348600,Zhu Q.,0000-0001-8038-0274,105005543526
56203164700,Penn J.,,85097943165
56203493300,Walsh E.G.,,85043329313
56203521700,Zimmermann F.,,85203270378
56204328000,Cruz-Castro L.,,85064654926
56205186900,Peters M.E.,,85069886131
56205722100,Kyselá E.,0000-0001-9397-4178,85071996154
56205815900,Farrer B.D.,,105018717374
56205827000,Hoffmann S.,,84956744149
56205955200,Grüner S.,0000-0001-5794-7076,105027532434
56206039600,Karabchuk T.,0000-0001-5794-0421,85113140714
56206094300,Raimi K.T.,,105043908097
56206540600,Kugler F.,,85140091650
56207422000,Soenens B.,0000-0003-1581-3656,105049008875
56208029900,Martinez M.G.,,85086849525
56208401000,van Leeuwen E.,,85159164146
56208506800,Evans Y.N.,,85145738327
56208883300,Barnidge M.,,105037129797
56209130000,Kuecuekbalaban P.,0000-0003-1477-2610,85022219255
56209932000,Bui H.T.T.,,85072785916
56211091500,Hou Y.,,85066606469
56211230100,Ciuk D.J.,0000-0002-5366-683X,105038900974
56211290500,Rossi R.,0000-0001-8926-7235,85192351129
56212339200,Beach D.,,105040220291
56214944100,Zavadskaya M.,0000-0002-3728-4073,85068751502
56215076700,Lü X.,,84994071432
56215194100,Utz S.,0000-0002-7979-3554,105046025628
56215641600,Wu W.,,85173962025
56215674900,Freeman G.,0000-0001-5107-7794,85209388004
56215992900,Martaindale M.H.,,105025221868
56216283200,Zhang X.,,85021860339
56216682200,Jacucci G.,,85069741259
56217791700,Rhinesmith E.,,85134190759
56218224200,Platas M.R.,,85101878123
56218597200,Coulson S.,,72749106763
56220242800,Döpke J.,,85089199915
56223734400,Tabb K.,,85137778566
56224375800,Steccolini I.,,105013239555
56224952900,Han L.C.,0000-0002-5742-7887,85122529325
56225119500,González P.A.,0000-0001-6480-7223,105044856142
56226105800,Broeck E.V.d.,,85027420513
56227045100,Gorman W.,,85187774660
56229232500,Rosas G.,,85086600172
56229803900,Palakshappa D.,,85138262968
56231011800,Xu Q.,0000-0002-9030-9065,105044996889
56231337600,Zhang Z.,,105039203915
56231632100,Brass M.,0000-0002-3364-4019,85150740465
56233417800,Mayorga M.,,85027543299
56233575800,Zhao C.,0000-0003-4616-9613,85186546014
56233665400,Gao Z.,,85186546014
56235811300,Gubler J.R.,,105025533322
56236035300,Ojeda C.,0000-0001-9775-8341,85213948850
56236173700,Ha S.E.,,105004475485
56236375500,Ehrmann M.,,105005858331
56236378600,Winer E.S.,,105038729324
56237666700,Debowska A.,0000-0002-3035-3945,105034118633
56238214200,Reichstein T.,,105027704556
56238772900,Frank B.,,85186526997
56238828200,Corner A.,,84994219824
56239037000,de Oliveira R.F.,,85098689916
56239266100,Yildirim K.,,105010885760
56242269900,Wang G.,,84910069085
56242384400,Gauthier J.M.,,85079035015
56242499600,Pietschmann D.,,85107280775
56243244400,Lecomte J.,,84857972862
56243274300,Loy A.,,84901288372
56243676700,Lindsay P.,,85216215252
56244127600,Antonetti P.,,85014865027
56244677100,Appelman A.,,85006253425
56245241200,Abdenour J.,,85073996474
56248206900,Perera S.,,105035206928
56248317300,Ddumba-Nyanzi I.,,85062803942
56248853900,Neumann C.,,84900378945
56249185500,Wakefield C.E.,,84908356568
56251150400,Barker D.C.,,85213358307
56251395700,Pinquart M.,,85177196589
56252009700,Smallwood N.,0000-0002-3403-3586,85091101136
56252373000,Kriwy P.,0000-0001-6322-3728,85146158024
56254018400,Sinaceur M.,,84873736512
56254128900,Sparrow R.,,85207306616
56256131200,Kantorowicz J.,0000-0002-1186-5427,105047006457
56256639300,Zhuravskaya E.,,105029305576
56257560500,Mangus S.M.,0000-0002-2768-185X,85200953447
56257641900,Kruse P.,0000-0001-6621-4990,105043404513
56258110400,Györkei A.,,84905969902
56258309300,Barber M.,0000-0002-1576-2839,105036250979
56259045900,Beynel L.,0000-0001-8670-7178,85116972333
56259645500,Huck S.,,85134723458
56260191600,McFadden D.,,84860132390
56260570100,Workman M.,,84903310507
56260620500,Kibriya S.,,85153098541
56261578200,Barnes J.,,75649088099
56261736900,Grasso S.,,85082518218
56262004600,Möhring K.,0000-0002-3742-5374,85182678801
56262257200,Gottfried M.S.,,84977506586
56262483800,Garfield Z.H.,,105004475485
56263046500,Wint J.,,105012935442
56263235300,Sutker B.,,85150751341
56263402800,Choudhari P.,,105012935442
56265107500,Glassman M.,0000-0003-3870-8760,85140804832
56266957100,Kessler S.H.,0000-0003-1858-7041,85123097648
56267584900,Di Giulio M.,,85207450618
56268272900,Østergaard S.D.,0000-0002-8032-6208,85218813039
56270096800,Draschkow D.,0000-0003-1354-4835,85099516819
56271271000,Zepeda L.,0000-0002-0950-2344,85021205589
56272540600,Hoye J.M.,,85184401293
56273199400,Li Y.,,105028851342
56275552000,Meyer M.N.,0000-0001-5497-8803,85204511674
56276187900,Schilling M.,,85113881377
56276573400,Enamorado T.,0000-0002-2022-7646,85192257577
56278050900,Cunningham B.A.,,85053865862
56278662400,Martel M.,0000-0002-4213-7713,105009538487
56281250700,Ding Y.,,85026369863
56281442200,Houweling R.P.V.,,84916601017
56281778100,Yeh Y.Y.,0000-0001-9160-1239,105047389993
56282627900,Moscoe E.,,85142142962
56283182300,Oude Mulders J.,,85006701474
56283200300,van der Werff L.,,105024195322
56283833400,Fernandez K.E.,,85009876178
56285195900,Heimgartner N.,,85103062520
56285657700,Skagerlund K.,,85118591667
56285849600,Pieres A.,0000-0001-9186-6042,85126624477
56287297800,Zhong J.,,85096619939
56287611000,Martinez M.D.,,85143699161
56287776000,Harrison B.F.,,84958944486
56288783600,Koonrungsesomboon N.,,85075654477
56289497800,Van Der Zee S.,,85100842679
56290543100,Bell A.,,85063235884
56290785700,Benstead L.,0000-0003-2459-5857,85047658704
56291733500,Lund D.J.,,85086906996
56291969300,Netz N.,,85153732688
56293409100,Zeng W.,,105006740391
56293487500,Rhee J.W.,,84912531669
56293502900,Jeong I.,,84912531669
56293818500,Bradley K.J.,,84907550478
56294887300,Adena M.,0000-0002-6378-3466,85134723458
56295136900,Dhanani L.Y.,0000-0002-4701-4640,85173639133
56299867700,Bose S.,0000-0003-2281-8447,105016100903
56300703200,Magarian J.N.,0000-0003-3364-2213,85175847141
56304105700,Li Z.,0000-0002-2276-2079,105031155257
56305065200,Whyte S.,,85127961015
56305084300,Garnache C.,0000-0001-7057-4243,105041551371
56305129100,Ruiz-Vega M.,,84954288673
56305288600,Wu W.C.,0000-0002-3229-4619,105036733065
56305505800,James M.,,84930452540
56305887900,Momsen K.,,84924221338
56306732100,Clayton A.,0000-0003-0222-2056,105003956615
56309876400,Brühlmann F.,0000-0001-8945-3273,85054005988
56309915000,Peshkopia R.,,105013368495
56310012700,Lancaster A.,,84921315575
56310310700,Schaerer M.,,85093704150
56310880000,Hu Y.,,84921032696
56311156000,Maeda K.,,85203630550
56312825300,Hagá S.,,85086564155
56312972700,Wirz D.S.,0000-0003-2688-8506,105001941529
56313017400,Cruz S.,0000-0002-5244-5461,85067829811
56315445800,Suomi A.,,85129364722
56316750300,Eckhard S.,0000-0002-5320-0730,85215103755
56320143000,Martini S.,0000-0001-9625-490X,85198858118
56320597300,Anderson T.,,84859903900
56321246700,Zhu L.,0000-0001-5844-3988,105045278975
56321442700,Graves M.,,85114350257
56323497700,Shah A.,,84919629133
56323861000,Pál F.,,84905969902
56323936900,PakSeresht A.,,85193489230
56324216300,O’Brien N.,,85134855121
56324319000,Smith D.C.,0000-0003-2849-9184,105023428295
56324549800,Guerette R.T.,,85212122468
56324662400,Rutherford D.D.,,84961774534
56325920500,Brown E.K.,,85136529598
56326315600,Koliska M.,,85192576907
56326726700,Lu H.,0000-0002-4795-3410,85127369950
56327265600,Grauvogel J.,0000-0003-1995-4632,105046104474
56327529200,Cho S.,,84911957828
56328627500,Kennedy-Hendricks A.,,85064806998
56329786700,Robison J.,0000-0002-7472-2247,105041066983
56330166600,Fan W.,0000-0001-6124-8331,85116372142
56331359400,Qian Y.,0000-0003-2120-5403,105014597418
56331475300,Thomas C.,,85182649548
56331935300,van Krieken K.,,85067869721
56333232800,Hedger S.C.,,84885790670
56333322000,Białek M.,,85054303933
56335009600,Haga E.,,85207896883
56335136000,Sund A.M.,,84961190121
56335923000,Castro R.P.,,85123536317
56336898500,Franco A.,,84929675895
56338884000,Kortlever J.T.P.,0000-0003-3825-5546,85210429818
56339797300,Tromble R.,0000-0003-3875-2729,85179451002
56341411200,Bilgili Ö.,0000-0002-1813-4707,105002237717
56341558600,Chin A.,0000-0002-9570-0549,85210037200
56342037000,Gomez C.,,85105602456
56342146100,Maier J.M.,,85054976638
56342774400,Gassmann F.,,105015421735
56342814900,Gibbons A.,0000-0001-7175-7770,85126041391
56344022000,Anders S.,,105003589132
56344210700,Einstein K.L.,,85027921065
56344249500,Lee-Won R.J.,,105034023681
56344339200,Østbakken K.M.,,85050945621
56344370500,Cheng C.Y.,,85035129578
56345754200,Umubyeyi A.,,84964388808
56346186000,Taylor C.,,85216715166
56348863000,Hirose K.,,85011593289
56349173900,Lei B.,,85041662076
56350310600,Baek Y.M.,,84912531669
56351703000,Birrer S.,0000-0003-3195-5507,85126624477
56351786100,Williamson L.E.,,85060078350
56354483900,Saunders D.B.,,79959634366
56354593500,Ahn J.W.,,85071864406
56354967100,Moynihan D.P.,,105041780221
56355174300,Mitchell J.S.,,85108524393
56355702500,Newton R.,,84904017717
56358282000,Sim J.J.,,84873722355
56359276400,Zhu H.,,105002148933
56360532700,Cox J.,0000-0001-7617-7927,85105762836
56362971400,Harrison T.M.,,84931003726
56363138500,Wozniak H.,,85210769305
56363629100,Baek T.H.,0000-0003-2000-698X,85147371080
56363900300,Salamone M.F.,0000-0002-5246-5294,85089448962
56364029900,Entel O.,,84907218694
56364277000,Shortland N.,0000-0001-9496-4852,85141249458
56364934200,Hansen N.C.,,85068940978
56364987100,Kurniawan N.I.,,105008650143
56367105700,Jiang Z.,,85033559380
56367338700,Kim Y.,0000-0001-5563-5407,85124457548
56368039600,Brousse C.,,84982851871
56368283900,Espinosa R.,0000-0002-9581-0692,85184486287
56368863000,Williams M.A.,,79954425112
56369492300,Breitholtz E.,,85205860493
56372139500,Moreau J.,0009-0000-0885-3620,105044723576
56372431400,Clubb G.,,85189991707
56373103800,Flynn M.,0000-0002-6064-740X,105002267089
56373675000,Smith D.M.,0000-0002-0131-0305,105046567760
56373689900,She Z.,0000-0001-9110-040X,105042156724
56374599200,Kim N.K.,0000-0003-0621-4192,105036195879
56375942700,Bjørnholt B.,,85110055783
56376635400,Niizeki T.,0000-0001-6302-9685,85169312501
56376973500,Lowande K.,0000-0002-3672-3652,85108111282
56377266900,Hwang J.,,85054976638
56377405400,Huang W.,0000-0001-8156-5537,85204159513
56377492000,Jordan S.,,85200648269
56377647100,del Río-González A.M.,,85118631537
56378326300,Bechtold L.,,85065103450
56378689300,Weisshaar K.,,105028036068
56379344000,Chan K.N.,,105048151590
56381775000,Jiang L.,0000-0003-0853-9329,105035468835
56382401900,Knapton H.,,85166539849
56382479700,Zaikman Y.,,85166400108
56382772200,Freire A.,0000-0003-3696-1092,105044141502
56383419500,Henderson S.W.,0000-0001-7878-4229,105011302164
56383513600,Koopman B.J.,0000-0003-0744-2808,105011302164
56384482100,Rippere P.S.,,84964237919
56384692700,Hsu C.T.,0000-0002-1829-6642,84907991774
56384928700,Hsu K.S.,,84907962878
56385080500,He A.J.,0000-0001-9024-4831,85207005687
56385343700,Szymczak J.E.,0000-0002-3230-8670,105045333079
56385654700,Gallis J.A.,,105049005827
56385872000,Glowacki E.,,85028723255
56387253300,De Pauw A.,,84908021986
56387555600,Reher S.,,105012893504
56388817500,Wang J.,,85093936504
56389313600,Gatti M.,,85126624477
56389491100,Wallensten R.,,85150751341
56389558700,Lægreid O.M.,,85121607836
56389573000,Epstein Z.,,105008878283
56390438500,Davis R.,,84929940704
56390653900,Johnson B.R.,0000-0002-6898-8938,105011302164
56391834000,Luo W.,0000-0003-4228-5203,85143317308
56392548600,Arndt J.,,85065960094
56393917000,Meijer E.,,85048372318
56394218500,Aprea C.,,85174635863
56394220600,Gest J.,0000-0002-5286-4551,105016102699
56394620600,Kiratli O.S.,0000-0001-9963-3542,105019246500
56394927700,Schwartz J.A.,,85076316615
56395426900,Ortiz-Ayala A.,0000-0003-3721-040X,105000243816
56395463700,Delker B.C.,0000-0003-3323-4041,105016113585
56396315400,Carson A.,,105029176272
56396411100,Brothers T.,,85171179743
56396545000,Daniele M.,,84929277260
56396548000,Sheehan L.,,85081300423
56397396200,Robinson J.S.,,84974529300
56397708100,Marshall V.D.,0000-0002-2594-7407,105012605918
56397843700,Maguire E.M.,,85115088848
56398224500,McKeever R.,0000-0002-5924-0514,84937251304
56398619000,Robra B.P.,,85100451583
56399313200,Árbol J.R.,0000-0002-5334-6107,105025364887
56399694000,Zhang L.,,105032829539
56400362300,Santana A.D.,,105007159001
56400526100,Peters Y.,0000-0001-7186-7582,85191359623
56400637700,Drews S.,,85120899057
56400897800,Kairys A.,0000-0001-8082-8016,105031824184
56400911400,Seim D.,,105021320386
56401202000,Som Castellano R.L.,,85189510928
56401906100,González-Gómez H.V.,,105029987134
56402482000,Richards R.C.,,85165893967
56403059900,Santoro I.,,85076412744
56403106500,Hajdu G.,0000-0002-7943-1668,105048630242
56403323200,Sors F.,0000-0002-3803-1772,85076412744
56403436100,Lee S.,,85019683705
56404196900,Christian C.,,84926171269
56404580900,Aghlmandi S.,,105034430104
56404679000,Palomo-Vélez G.,,105004475485
56404812700,Xu Z.,0000-0001-5112-2567,85205480864
56405057200,Simpson A.,0000-0002-1690-486X,85081754660
56405175800,Harrington K.,0000-0003-1248-9563,85205480864
56405497600,Looney K.,,85124182847
56406207600,Turpin A.,0000-0002-2282-0101,85090726801
56406278900,Lee S.,0000-0003-4562-2121,105015216506
56406512100,Aydin-Cakir A.,0000-0002-3481-4876,85209937483
56408718300,Meyer M.J.,0000-0003-3942-9675,85159042145
56409936600,King-Meadows T.,,85097212075
56410069400,Shen M.J.,,85058090804
56411183600,Huang H.,0000-0003-1979-9847,85074996965
56411184200,Wang P.,,85125602691
56411240900,Zheng Y.,,105020918123
56411755800,Ortiz B.,,85059537329
56412538900,Lopez de Leon F.L.,,105045236323
56412547100,Gutierrez K.M.,,85047404230
56412552400,Taber J.M.,0000-0003-3285-4871,105012974755
56412606400,Konstantinidis E.,0000-0002-4782-0749,85087164039
56413186800,Wu H.F.,,85081562917
56413215600,Ma Y.C.,,84910069085
56413366600,Liang Y.H.,,84910069085
56414021300,Marques M.D.,,105029176272
56414283600,Costello M.,,85175722199
56414416500,McManus R.W.,0000-0001-6526-3328,85209723328
56415032400,Addazi A.,,85166440803
56415100300,Tvinnereim E.,,85121607836
56415864000,Prieto A.,0000-0002-3394-5962,85109826038
56416468500,Emmelhainz R.,,85121108025
56417282900,Boyer R.H.W.,,85094316078
56417322500,Katz G.,0000-0001-5970-2769,85200239954
56417469200,Washburn A.,,85041317810
56418323100,Dufresne Y.,0000-0002-6211-2193,105043313228
56418949400,McCarty C.A.,0000-0003-1089-0142,85053701626
56419857200,Di Stasio V.,0000-0002-9559-1776,105023433219
56419857800,Samek A.,,85121370138
56421548300,McDowell D.,,105035324372
56422195700,Steenvoorden E.,,85172169222
56422251900,Messing V.,,105041439022
56422309000,Ruiz Flores López P.,0000-0001-5905-5370,85212466265
56422323500,Pellandini-Simányi L.,0000-0002-5426-4103,105015461335
56422875700,Brown S.,,85067794991
56422940600,Miller L.R.,,84943222917
56423407900,Schott C.,,105045054901
56423620100,Waterston L.,,85167575127
56423975200,Johnson C.,,85175199245
56423981600,Johnson C.,,77950872530
56424608900,Weber M.,,105015382529
56425371500,Krishna A.,0000-0002-2808-6614,105046735238
56425466800,Lyons B.,,105027197362
56425607000,Schwab B.,,85100114795
56426356700,Chaiyasen A.,,84969730502
56426436800,Upenieks L.,,105042078736
56426799800,Joly J.,0000-0001-5135-3402,105007427471
56426966500,Feral-Pierssens A.L.,,105025850938
56427772200,Lacroix V.,,105001316305
56427964300,Vidal-Fernández A.,,84912050767
56428770500,Valentino L.,0000-0002-0252-054X,105022843760
56429321000,Jebb A.,0000-0002-3854-6733,85206371179
56429410400,Abascal M.,0000-0003-4102-9320,105023317314
56430999300,Spurgin E.,,85053244201
56431044300,Boustead A.E.,0000-0002-1028-0435,85160743683
56431621000,Zhu L.,0000-0003-4135-7703,105048736035
56432171900,Molina A.L.,,85145684182
56432371200,Levy I.,,85163679637
56432389600,Vargas E.,,84944706092
56432557600,Fossati F.,0000-0002-9218-5422,105020815260
56433284300,Lewandowsky M.,0000-0002-0197-4531,85145983359
56433316800,Normann A.,,85073221738
56433376900,Nurek M.,,85152864013
56433468600,Kieslich P.J.,0000-0002-0853-9364,85172706153
56434043200,Giroux S.,,84988710474
56435242300,Weber W.,,85089564649
56435280400,Mitchell S.M.,0000-0002-3729-7368,85161559225
56435454400,Gomes L.,,85059537329
56436540100,Kölln A.K.,0000-0002-8828-2262,105035214807
56436540900,Reinsberg B.,0000-0001-7382-413X,105035719746
56436727600,Urdinez F.,0000-0003-3333-478X,85171648024
56436768500,Palacios-Lopez A.,,85143528545
56437942600,Petersson J.,,84914810204
56438114600,Kim Y.,0000-0003-3553-6668,105032457332
56438549400,Schmidt A.M.,,85053446676
56441224800,Lawlor A.,,105047767875
56441601200,Batsakis G.,0000-0003-2566-5001,85193489230
56441816300,Smith J.L.,0000-0001-6376-070X,85091829126
56442155900,Compton M.E.,0000-0002-5124-238X,85181204696
56442218900,Kleine M.,,85161428734
56442619800,Mayweg-Paus E.,,84943583686
56442718000,Gharesheikhlou A.A.,,85070866307
56442802900,Huang X.,,105033607878
56443143400,White A.,0000-0002-9409-6765,105000050016
56443286900,Ryu S.,,85152910338
56443420300,Jacobs S.,,85037336647
56443592000,Gottlieb J.,,84953838773
56443858000,Tomar N.,,85174071113
56444348100,Asebedo S.D.,,105040036546
56444409300,Fursa S.,,85071720850
56444474400,Demaree-Cotton J.,0000-0003-2428-7301,105032088737
56444502200,Reijnierse W.G.,0000-0003-0147-2643,105014548474
56444743500,Norman J.M.,0000-0003-1399-8597,85216888904
56445104500,Veldman R.G.,0000-0001-8326-1705,85083675818
56445913900,Hevey D.,,79954627103
56446297800,Schäfer M.S.,,85184470472
56447183600,Wu S.,,85078818766
56447643000,Song K.,,105043908097
56448439600,Aytaç S.E.,,105035324372
56448440200,March D.S.,0000-0002-9874-7967,85162651744
56449034300,Ambler K.,,105046391979
56449062100,Alfinito S.,0000-0001-6235-7564,85101028455
56452208200,Stevens R.,,85129317547
56452224500,Taylor T.W.,,85086009845
56453917300,Hsu D.Y.,0000-0002-7374-8381,105033565486
56454047600,Buchholz J.,,85195683980
56454305600,Hanan D.,,85128870977
56454387400,Edenbrandt A.K.,,85139010673
56456877700,Li S.,,85057869448
56457622300,Burke L.M.,,85087549603
56457766700,Cunningham K.,,85090893536
56457863700,Emanuel E.J.,,77950240325
56458701000,Rosenbluth P.T.,,84919675491
56458740200,Gründler K.,,85194250987
56458917700,Leversage I.,,85165700640
56458996100,Roczniewska M.,0000-0003-0815-1455,85219714734
56459055000,Powell Z.A.,,105019795004
56459371700,Sathyanarayana Rao M.,0000-0002-9761-3676,85205480864
56459630700,Seo E.,0000-0002-6239-3415,105001831713
56459657600,Nakamura C.,,85124075941
56460292700,Mattan B.D.,0000-0001-5004-7542,85126092849
56461209000,Hollins T.J.,,85115167763
56461640900,Liu C.,,85021860339
56462053100,Campbell B.A.,0000-0002-5765-6794,85159142294
56462204700,Kearney M.W.,,85111903604
56463022900,Shamon H.,,85083370094
56463365400,Jeong H.Y.,0000-0002-5550-5298,85106500637
56463501700,Johnston K.,,85161640097
56463645900,Souza P.C.L.,,85205069054
56463654200,Goldenberg A.,0000-0002-9417-5682,85207105648
56464292200,Bosch-Rosa C.,0000-0003-2109-3448,105000483869
56464313100,Kanovsky M.,,85088216599
56465071400,Seidl-Rathkopf K.N.,,84938416695
56465449000,Sen M.,,85127550026
56465458200,Shaw H.,,85205059246
56465956300,Dertwinkel-Kalt M.,,105011847981
56465981100,Etopio A.L.,,85191748871
56466087200,Povitkina M.,,105034645576
56467495100,Lee S.K.,,85195566275
56468607400,Guo T.,0000-0002-4017-0915,85018466285
56470362800,Cunha R.,,105038368441
56472337400,Christensen L.,0000-0001-6206-9802,85116394598
56472378900,Burgess M.G.,,85188564895
56472868900,Darlow B.,0000-0002-6248-6814,85132577788
56472918100,Bakkensen L.,0000-0003-1518-3981,105020272959
56472999200,Zhang F.,,85022202779
56473097100,Luo X.(.,,85128313466
56473457700,Bull E.R.,0000-0002-9444-0597,85089312651
56477447700,Li G.,,85207341749
56477812200,Liang X.,,105041122464
56478089900,Evans B.C.,,84928374684
56478400900,Sørensen Ø.,,85112410054
56478637100,Rizwan M.,,85183297972
56479129700,Goldstein-Piekarski A.N.,,105041458788
56479167600,Matakos K.,0000-0002-3511-197X,85188994967
56479236300,Visalvanich N.,0000-0001-7964-1019,85125933778
56479331600,De Waegeneer E.,,85074161129
56479355500,Jarabinský I.,,105028278497
56480755500,Levell P.,0000-0002-6523-0347,85144387790
56481060600,Clarke C.,,84920973219
56481671500,De Ferrari I.,,84995776556
56482919700,Wang L.C.,,85130859956
56482980600,Pinckney J.,0000-0002-8427-7423,105009905718
56483186900,Fetzer T.,,85205069054
56483261100,Acland D.,,85059064257
56484954600,Evans J.,,84926171269
56486042500,Shniderman A.,,84940467114
56486705800,Wagner A.,0000-0002-6456-2710,105005736035
56487138200,Kern A.,,85210157920
56487218300,Clifford S.,,85204363093
56487628300,Barría C.,,84962656293
56487997200,Wratil C.,0000-0002-7339-9628,105003592596
56489224500,Davis S.D.,,85088821658
56489388900,Wilson T.,,105018824099
56489765600,Maki K.E.,,85125524398
56489902000,Goldfarb D.,0000-0002-3769-8137,85171295847
56490063800,Papaioannou A.,,85020458056
56490079600,Franks A.S.,,105012379021
56490284200,Darras B.,,84921455919
56490635600,Bean E.,,84921455919
56491090300,Twigg O.C.,,84921500615
56491230600,Jhe Bai G.,,84921520419
56491383100,Tashjian S.M.,,85091569655
56493101300,Haffert L.,0000-0002-3594-0049,105026761966
56493554000,Shi J.,,85145391830
56493769500,Tian X.,,85014879044
56493885200,Klein G.R.,0000-0002-1745-6712,85217912858
56494319400,Newman T.P.,0000-0001-9767-958X,85111852187
56494583300,Ecker A.,0009-0009-1792-2080,85211987681
56494793900,Ziller C.,0000-0002-2282-636X,105008722015
56494861500,Li J.,,105024099182
56495300000,Hisler G.,,84929267815
56495401400,Hengerer D.,,85124811069
56495610300,Kleider-Offutt H.M.,,85132734289
56496297200,Ghosh R.K.,,85171662756
56496908100,Mahdavi P.,0000-0003-3172-8478,85172731012
56497051000,Liao G.,,105031085438
56497154200,Brutschin E.,,105000417315
56497941900,Losecaat Vermeer A.B.,,85135955674
56498153400,Li Z.,,85100899602
56498264800,Clark R.,,84921995261
56498388600,Campbell C.,,84996599559
56498550600,West G.H.,,85123224171
56498700500,Healey M.L.,,84921995261
56498724500,Cramer K.,,85044835879
56499221600,Juhová D.S.,,85115272816
56499309200,Rodriguez-Seijas C.,0000-0003-4595-6658,105001059718
56501542100,Tian A.W.,0000-0001-6197-9513,105038896554
56501750000,Christiansen W.,,85065802591
56502143200,Babakhani N.,,105025221598
56502171300,Satchell N.,,105003189389
56502419400,Hunsu N.J.,,85158121671
56504483800,Berger J.,,84926291318
56504758300,Colvin R.M.,0000-0002-2011-5433,85081237919
56505599500,Wintersieck A.,,84922327904
56506470700,Pai M.C.,,84907962878
56506680800,Dolan S.B.,0000-0003-1828-9589,85111747516
56506813400,Keenan G.,,84870521919
56509052100,Dean S.,,84922463963
56509076200,Scholz C.,0000-0001-6567-7504,85161988036
56509157300,Seidman A.J.,,85054876553
56509214500,Tahir H.,,85146270142
56509336700,De Paolis L.,,85166440803
56511514700,Schweitzer K.,0000-0002-4123-8731,85068315276
56512165100,Pönitzsch G.,,85017215069
56512193300,Hübscher E.,,105009858168
56513639300,Schneid E.D.,,85062959732
56513969200,Kerrison R.,,85058957318
56514021000,Scott Z.,0000-0002-4677-5675,105038641011
56514775600,Houston D.M.,,85161300315
56515368300,Vavagiakis E.M.,0000-0002-2105-7589,105011302164
56515524400,Andersen G.,,85121607836
56516284600,Kraft P.,,85131632124
56516915200,Chenane J.L.,0000-0003-1692-1931,85139395489
56517247800,Li L.,,84864133229
56517555400,Schmitt J.B.,,85048196425
56517632000,O’Sullivan J.L.,,105015194773
56517713000,Ashton P.C.,0009-0005-1673-0504,85205480864
56518048900,Dutcher D.,0000-0002-9962-2058,105011302164
56518232500,Molho C.,0000-0002-2846-2544,105012956372
56518463300,Zhao H.,0000-0003-4447-6089,85113637814
56519267500,Johnston T.M.,0000-0001-5180-8067,105000181653
56519509400,Lueck J.A.,,85172120955
56519619300,Bradford E.E.F.,,105009510585
56520172200,Ratigan K.,0000-0001-7736-5284,105018525873
56520419900,Scoats R.,0000-0001-7594-7096,105014446863
56520430800,Gülzau F.,,105010463595
56521338500,Littman R.,,85050879385
56521532200,Geipel J.,,105002667608
56521647600,Anaflous F.,,85064219014
56521694100,Kordovski V.M.,,85164243484
56522115900,Wilson S.L.,,85210917338
56522927100,Chaves B.,,84923135760
56523173600,Mugno A.,,84959557715
56523227600,Oestreich L.K.L.,,85206015179
56523410200,Wives W.,,84923135760
56523595800,Liu M.,,85114939275
56523887000,Rogers M.L.,,84969141936
56524071700,Fleming C.J.,0000-0003-4744-8657,85126469855
56524250600,Stanley I.H.,,84969141936
56524272400,Hom M.A.,,84969141936
56524477100,Pedale T.,0000-0001-9311-5373,85165940151
56524494200,Seelkopf L.,0000-0002-2251-3830,85192909956
56524601900,Uusberg H.,,105017973348
56524806400,Park H.M.,,84995752698
56525284000,Billore A.,,84923293103
56525447800,Ahlstrom D.,,85169005342
56525465700,Li W.,,85159765720
56525663400,Thompson J.S.,,85047911196
56526375900,Forster D.E.,,84959231696
56527686100,Pandey S.,,85079450400
56528122100,Mehmet M.,,85105079678
56528140300,Lee S.Y.,,85200454904
56528457900,Aneli S.,,105012535451
56528605600,Guo Y.,0000-0003-3452-8965,105011371029
56529562700,Satteson E.,,85150751341
56530660600,Sheffer L.,,105007427471
56530665400,Berning C.,,85083370094
56530778900,Kulunge S.,,85185207583
56531483700,Mendoza J.P.,,105005377017
56532036600,Murtazashvili I.,,85107753336
56532116400,Glinitzer K.,,85102185208
56532447300,Smyre C.L.,,85041561306
56533251900,Sommer S.,0000-0002-0864-7795,105030207049
56533423600,Darling J.E.,,85178490020
56533445200,Dill J.,,105037679138
56533502900,Bullock G.,0000-0002-3680-206X,85028554889
56533787000,Berens S.,0000-0001-5188-3569,105036167513
56534068500,Holbein J.B.,,85118297139
56534131300,Quadlin N.,0000-0002-5854-8250,105032667388
56534303500,Kevins A.,0000-0003-3172-6632,105041066983
56536071700,Walther M.R.,,84912107871
56537365000,Williams A.,0000-0003-4896-9366,105025413428
56537460200,Marshall J.,,84983331325
56537678800,Alexander D.,,85134493142
56537817300,Valente M.,0000-0003-3332-8945,85121692384
56538362400,Rosenstiel T.,,85067437575
56539401700,Hardy W.,0000-0002-8827-7359,85064514336
56539910000,De Grooth H.J.,,85210769305
56540040200,Kowitt S.D.,0000-0001-5216-3897,105000899871
56540151200,Chen M.,,85026551749
56540468400,Johnson L.S.M.,,85125709953
56540830800,Walker H.,,85091743617
56541349800,Gellert P.,,105015194773
56541673100,Tonzer L.,0000-0002-1145-9090,105043430593
56541719500,Cottiero C.,0000-0003-4737-1792,85173956792
56541730200,Boddery S.S.,,85174161688
56542148200,Jones C.W.,0000-0002-8238-3337,105028591605
56542989500,Blair B.,,85082829943
56543117700,Romney D.,0000-0001-9746-7421,85167839878
56543697500,Dolev L.,,85087620957
56544559500,Saikkonen I.,0000-0003-2303-0328,105019229078
56545234600,Lindner P.,,105014843099
56545335300,Neely S.R.,,105031436116
56545542700,Hankinson M.,,85144384461
56545616700,Harf M.R.,,84924585051
56548478200,Blanc N.,,79961156726
56548775800,Oladokun M.,,105045131757
56549943000,Vakhitova Z.,0000-0003-2708-4585,105037676496
56550014500,Mochtak M.,,85110473309
56550117900,Shair-Rosenfield S.,0000-0001-5676-0947,85169465680
56553336800,Marcum C.D.,,84978962251
56553625900,Kang W.C.,,85088216642
56553676600,Burton J.L.,0000-0001-8615-6599,85131506855
56553869400,Roßmann J.,,85077722204
56554105500,Gummer T.,0000-0001-6469-7802,85162915967
56554146700,Bosone L.,0000-0002-6922-1851,105011764744
56555508600,Guo X.,,105010678652
56555961200,Santos D.,,85182539744
56556109000,Sheppard J.,,85143608381
56556294800,Farley S.,,85158879102
56556860600,Knotz C.M.,0000-0003-0042-3065,105020815260
56556884300,Brutger R.,0000-0001-6407-8980,85218245112
56556891900,Schmidt-Catran A.W.,,85136738603
56557004000,Steer O.,0000-0002-0922-5498,85132367551
56559284900,Gallagher J.R.,0000-0001-5980-4335,105009482233
56559906800,Kirshner S.N.,0000-0002-2604-2001,85201010007
56559985600,Audenaert M.,0000-0002-9940-8203,85041652929
56560088500,Van Waeyenberg T.,0000-0001-9479-5972,85215132885
56560261900,Crucke S.,0000-0001-8847-7396,85076047385
56562091200,Jiang J.,,85173080023
56562367400,Chan E.Y.,0000-0002-6847-6545,105007335343
56562748200,Kühne S.,0000-0002-9257-2297,105024566039
56562954200,Lohaus D.,,85111930570
56562982300,Enstad J.D.,0000-0001-9658-7165,105032254923
56564119800,Anderson M.L.,,84944352994
56565085200,Murr A.E.,0000-0002-9536-0118,85193747080
56565342600,Pinet S.,,85097372033
56565440800,Searston R.A.,,105003293031
56565549500,Mohr Z.,,105009478060
56565572400,Zdziebko T.,,85143767481
56565887500,Liu A.,0000-0003-3873-810X,105003398991
56566236100,La Rosa G.,0000-0002-2657-100X,85136340359
56566684600,Odetola T.D.,,85054005988
56566709800,Morin-Chassé A.,0000-0003-3519-870X,85095413499
56566770500,Albaugh Q.M.,0000-0003-0199-2323,105044723576
56567242300,Davis L.,,85219033053
56567442600,Kaufman A.R.,0000-0003-3688-0428,105045529994
56567902900,Stier S.,0000-0002-1217-5778,85141385272
56567942200,Seixas A.,,85097864802
56568214500,Namian M.,0000-0003-1375-8761,105046888244
56571749500,Luo J.,0000-0002-3900-643X,105041448429
56572402300,Sivakumar G.,0000-0002-2626-5731,84992159953
56572715100,Rischke R.,,84928315250
56572738600,Iotti N.O.,,85100535251
56572790100,Coary S.P.,,85064149443
56572906600,Veselský P.,,85050541810
56572909800,Hevron P.,,85177591770
56573985600,Pfeil K.,,85145815131
56574304400,Kachanoff F.J.,,85132775383
56574869300,Dubov A.,0000-0003-2940-0254,85150648929
56575161000,Zumeta L.,,85041236596
56575480500,Whyte T.,,85014765126
56576073900,Koehler D.,0000-0003-2940-7050,85146317006
56576101200,le Gall C.,0000-0001-9215-1479,105019539379
56576209400,Kostyuk N.,,105026243740
56576309300,Spáč S.,0000-0003-0841-0883,85077902364
56576459900,Becker J.S.,0000-0001-9989-4232,105033852578
56577611400,Hare D.,0000-0003-4418-9637,105043571100
56578307900,Helfer L.,,84960360631
56579897500,Rusu A.,0000-0003-0036-4149,105047181115
56580207600,Budziński W.,,85208985561
56580288300,Rebitschek F.G.,0000-0001-7653-8278,105000748965
56580894000,Shen X.,,84926284804
56581269200,Yuen K.F.,,85119472407
56581660400,Karpiński Z.,0000-0002-9109-1854,85184492409
56581841800,Kalla J.,0000-0003-3553-3862,105041026145
56582240600,Erle T.,,85049326198
56582274900,Acree B.,,85032633952
56583391000,Tan A.,,105004069849
56583768200,Bakker B.N.,0000-0002-6491-5045,105040252856
56583984500,Ching B.H.H.,0000-0002-3526-7704,85165181896
56584249500,Popiel M.,,84926511791
56584437300,Züst M.A.,,85113671401
56584499000,Riest C.,,84926511520
56584690000,Jorschick A.B.,,84926511520
56584716500,Kenwick M.R.,,85135349631
56585019200,Liu M.,,105024242751
56586028800,Antinyan A.,,85201957286
56586679200,McLaughlin H.,,85208651782
56587611100,Nix J.,0000-0002-3812-8590,105034680050
56588657100,Irving L.,,85091101136
56589618000,Jensen U.T.,0000-0002-6238-843X,85166922041
56589724000,Rekker R.,,85203509828
56589876800,Guess A.M.,0000-0003-2974-7848,85124140550
56589912900,Bakaki Z.,,85169823316
56589946400,Spenser K.,0000-0001-7512-8031,85190982800
56590030100,Coppock A.,0000-0002-5733-2386,105009530392
56591511700,Connolly J.,,85012918005
56591610200,Ray M.,0000-0002-0548-6762,85129685284
56591658700,Porter K.M.,,85102153409
56592148300,Doré B.P.,,85136688324
56592445300,Michaelis T.L.,0000-0002-7990-8833,105001983231
56593002600,Mabbe E.,,85049610413
56593318100,Toker D.,,85065786322
56593872800,Lu X.,,85117388246
56594032400,Shin H.J.,,85195683980
56594237900,Hart J.,,85115790570
56594957300,Koopman E.M.E.,,84958898441
56595085800,Mahasuweerachai P.,0000-0003-4270-4631,85144893398
56595620800,Struminskaya B.,0000-0002-5944-8163,105019107189
56596276100,Yuen S.,0000-0002-7816-7180,105040917988
56596345600,Tokeshi M.,0000-0001-6157-4700,85118293758
56596698600,Krøtel S.M.L.,0000-0003-3737-9256,85074348010
56596719300,Jalilian M.,,85070866307
56597127400,Lee B.G.,,85052553976
56600311900,Seow E.,,85056112905
56600541200,Mothes C.,,85081717077
56600566000,Micucci A.,,85092441744
56600618800,de Pelesmacker P.,,84928162069
56600631100,Konow J.,,105028944692
56600684300,Reutemann T.,,84928140997
56600692400,Ghulam H.,,84926497451
56600722000,Tuvel R.,,85125709953
56601149100,Norton G.E.,,84930182180
56601459700,Borgogna N.C.,0000-0002-5085-3656,85132668710
56602096100,Shah S.M.A.,0000-0001-6269-2952,105037317213
56602307700,Jacobs L.,,105048260803
56602641000,Schueller M.,,84971472409
56602869300,Gilby N.,,84943200257
56602932000,Okten I.O.,,85196743280
56602945300,Hoolahan F.,,84943200257
56603063100,Stephenson J.M.,,105012935442
56604297800,Deslatte A.,0000-0001-5518-3949,85133820028
56605014000,Chawdhary R.,,85147279841
56606013000,Buehler P.K.,,85117767363
56606561300,Jung H.,,85088433763
56606593700,Chang P.Y.,,85183797088
56606850800,Kim J.H.,0000-0002-6143-8810,84941773973
56607209700,Greving H.,,85144015476
56607954500,Arribas C.,,84862990975
56608457800,Peng X.,0000-0001-7327-0325,85183168596
56610215500,Deleo R.A.,0000-0003-0448-6901,85177174857
56610228600,Fervers L.,0000-0002-7850-700X,105001562735
56610324800,Bos-Touwen I.D.,,85011693962
56610335200,Bossler M.,,85168088349
56611317200,Kane J.V.,,85205118689
56612026700,Sadin M.,0000-0002-3205-5925,85127432892
56613030000,Maldonado G.,,85082195460
56613271600,Van Delft S.,,85088676018
56613545700,Cairns D.,,84890442716
56621705700,Cheng J.W.,0000-0001-9149-4891,85124820635
56622924600,Stutts L.A.,0000-0002-5014-1907,85215862580
56623110000,Almas R.,,84928902072
56623671500,Cheng S.,,85068561500
56623772800,Wagner R.L.,,85218692777
56624525100,Brymer K.,,85071281135
56624531700,Boxell L.,,85150414412
56625661400,Rosenzweig S.C.,0000-0003-3465-1066,85104970527
56625707300,Tai Q.,,84955357556
56625727600,Nutter S.,,85047331594
56625879600,De Miranda G.V.,,105012935442
56628091100,Devereux P.,,85131722935
56629405000,Billingham C.M.,,85194245818
56630759600,Ekholm C.,,85150751341
56632375700,Di Battista S.,0000-0002-6606-9903,85185677618
56638022800,Bashir N.S.,,85123307033
56638392200,Van Der Pluijm M.,,85150751341
56638494200,Cosme D.,0000-0001-8956-4053,85136688324
56642605100,Wing C.,,85066439232
56642857700,Kairies-Schwarz N.,,105030165702
56643089400,Guntermann E.,,85068516376
56644271800,Doll J.,,84929336470
56644816600,Oleszkiewicz A.,,85082193741
56644857600,Diermeier M.,0000-0003-1567-3665,105018206661
56646178500,Junk W.M.,0000-0002-6230-6158,105037216707
56646551400,Heley K.,,85064806998
56646628100,Soraperra I.,0000-0002-4596-3885,105012956372
56649136800,Doan D.T.T.,,85072785916
56649822800,Ortiz J.A.,,105012935442
56650530100,King L.L.,,84929590619
56650673600,Mousa S.,0000-0002-1482-4276,85107735722
56650823900,Vijayalakshmi A.,,85177784624
56650868600,Carnot A.,0000-0003-2933-4066,85090726801
56651844400,Dodd M.D.,,84944881463
56651881400,Helm R.K.,0000-0003-1429-3847,105031231240
56651902500,Ou K.,0000-0001-6435-1887,85177662763
56652056200,Taggart G.,,85042503143
56652082700,Wüest R.,,85124501942
56652159600,Wutchiett D.,,105004040465
56652320300,Nguyen Long L.A.,,85162952084
56652446000,Bayram A.B.,,85134199379
56653085800,Menon R.,,84929698369
56653176100,Córdova A.,0009-0005-1343-4590,105017173021
56655524000,Phillips N.,,84966392061
56655726200,Zhang M.J.,0000-0003-3430-6959,85217415883
56656478800,AlDahoul N.,,105003813432
56656624500,Tuxhorn K.L.,0000-0003-0389-5543,85104447444
56657311600,Shergill S.,,84929940704
56657458600,Shergill R.,,84929940704
56659071700,Ha T.,,85096376217
56659099600,Lynch T.,,85183646714
56659138200,Rousseau A.,,85113531457
56659245500,Kotcher J.E.,0000-0003-4789-1384,85088021867
56659789200,Olmsted P.,,85120629976
56661766100,Pedersen C.L.,0000-0002-9769-3207,85179721679
56661939500,Mathews B.K.,,85050395492
56662121500,McIlwee L.J.,,84930163022
56662249800,Wig T.,0000-0003-2596-2399,85132130698
56662255200,Steindl N.,,84930160764
56662877100,Beller E.,,85138491739
56663213800,Kajackaite A.,,105038204143
56664199200,Bolin R.M.,,85131578152
56664618400,Leung K.,,84933557964
56667204300,Searle B.,0000-0003-3251-7015,85101980921
56667316400,Newall P.W.S.,,85126683962
56667405900,Reindl C.,0000-0001-6033-3438,85146158024
56667634600,Tervaert E.,,84937971715
56668010500,Wang T.,0000-0003-2149-0937,85212144519
56668513500,Freire D.,0000-0002-4712-6810,85147586653
56669557400,Crabtree C.,0000-0001-5144-8671,105027673258
56669732200,Barak-Corren N.,,85054379691
56669769700,Rimkutė D.,0000-0002-6184-7868,105025108627
56670443700,LaMarre H.,,84883614590
56670693400,Miller P.R.,,85114383823
56671122800,Severson A.,,85048535426
56671363300,Gordon-Hecker T.,,85014719943
56672433700,O’Connor K.,,85021302853
56672583700,Brinker D.L.,,85165893967
56672733900,Harmon N.A.,,85092714443
56672883000,Mønster D.,,85124192504
56673288100,Shi W.,,85115383154
56674808700,Makari S.E.,,105034157738
56674890000,Li H.,,84930726235
56675107000,He Q.,,85051931514
56675338200,Qian M.,0000-0002-6838-1407,85095714343
56675499300,Rutherford A.,0000-0001-8328-6515,105040935202
56675540500,Kalin M.,,85077597096
56675640500,Philips A.Q.,0000-0002-6551-1296,85181204696
56676244000,Pancani L.,0000-0002-7834-3826,85078669526
56676441400,Vivalt E.,0000-0002-2286-7567,105041650525
56677843400,Umit R.,0000-0003-1586-7128,85134683568
56678644300,Carnero Rosell A.,0000-0003-3044-5150,85126624477
56678659300,van der Does R.,0000-0002-0040-0747,85126948837
56680439700,Yu W.,,85084832430
56680864700,Meissner T.,0000-0002-3508-0237,105000483869
56680871100,Gorman B.,0000-0003-4076-0090,85150423592
56681092700,Draege J.B.,,105030582166
56681182800,Kroeber C.,0000-0002-9712-1647,85142692628
56682637100,Tu F.,0000-0001-7093-6945,85195515272
56682807000,De Keersmaecker J.,,85102491307
56682837400,Nader Y.M.,,105023525899
56684514000,Ortiz E.,,85053292471
56684891900,Madeira F.,,85131772491
56684960100,da Silva F.F.,0000-0001-7858-4067,105005000103
56685055700,Burmeister A.,0000-0003-3980-7947,85043373400
56685344500,Higashijima M.,,105043601511
56685459500,Finkel C.,,84934973406
56685557900,Schaltenbrand B.,,84966659025
56685587700,Martínez Machain C.,0000-0001-6821-4062,105038865848
56687652900,Gifford A.L.,,85115088848
56688235400,Walshe J.,,85074615140
56688609800,Hofstra B.,0000-0002-9052-956X,105024249125
56689411500,Thomsen M.K.,,105035149198
56689465500,Scherer E.A.,,84930182180
56689663200,Chamberland J.A.,,85101307768
56689675800,Baethge C.,,84931440609
56690338600,Baldwin-White A.,,84980349617
56690380700,Iacoviello V.,0000-0002-6654-8330,85210032259
56692243400,Bishop S.C.,,85068194857
56692438900,Schüller S.,,85001130097
56692768700,Stagnaro M.N.,0000-0001-5512-7218,105005029873
56692998300,Arikan G.,0000-0002-2083-7321,85124359672
56693236800,Li C.,,105011308817
56693790300,Reilly J.,,84932109284
56694072100,Majumder A.,,84971472409
56694910600,Leininger A.,0000-0003-2491-9057,85193747080
56694963100,Josephs E.,,84979503153
56695139100,Dekoekkoek T.,,84971472409
56698280200,Swing M.,,84932606263
56700257600,Neuert C.,,105041465984
56700972100,Ayala-Hurtado E.,0000-0002-7162-9178,105003018211
56701480100,He W.,0000-0002-9049-0407,105021128983
56702202100,Schmid L.,,85112357106
56702246400,Sundström J.,,84997354281
56702252700,Lui L.,0000-0002-9647-6323,105031377260
56703156200,Krekel C.,0000-0001-5960-3891,85194380837
56703166300,Foulk T.A.,,85093704150
56703192100,Madipakkam A.R.,,85135955674
56703217800,Parks Van Houweling R.,,84933506360
56704798500,Mantilla C.,,105020717892
56705506600,Scrol A.,,85012918005
56706646700,Kim K.(.,0000-0003-3004-4971,85120803598
56707711900,Hille S.,,85041824610
56708046400,Hoffmann A.,,85087417040
56709188500,Martin K.D.,,85098071489
56709222600,Huber R.A.,,105043534448
56709531800,Molina-Perez E.,,85214999919
56709575300,McEntire K.J.,,85048784398
56711252000,Senninger R.,,105043700588
56711680300,Tonelli A.,,85141382883
56712257200,Shimada K.,,80755153647
56714083800,Liu W.,,85160564112
56714969600,Simmons A.J.,0000-0001-7850-7539,105010525332
56717324500,Poole K.L.,,105015555409
56717428000,Halse A.H.,,105041551371
56718666100,Herskowitz S.,0000-0003-3758-4524,105046391979
56718945400,Song M.,,85208231952
56719150200,Schultz C.L.,,85018466285
56719211800,Finlay J.M.,,85059798221
56719211900,Martens A.,0000-0002-2055-5527,105033985432
56719223600,Flynn E.,,85096399047
56719344000,Neumann O.,,85180287969
56719395000,Gauvin J.P.,,84911469843
56719669600,Plescia C.,0000-0002-9719-001X,105019539379
56719701300,Magerman A.,,105014926557
56719763400,Bailo L.,0000-0003-3688-0604,85078669526
56719775300,Rostadmo M.,,85108030322
56720350600,Lashner J.,0000-0002-6522-6284,85205480864
56720966700,Gillman A.S.,,85126370927
56722862300,Hudson A.,,85182353805
56723968500,Malmberg F.G.,0000-0001-8113-6222,105019229078
56725230500,Stallings R.P.,,85028558428
56725260600,Forney J.,,85074286911
56725469300,Lehr A.,0000-0002-0136-9737,105035004415
56725662500,Tokdemir E.,0000-0002-9579-1292,85212867531
56725827200,Schubiger L.I.,,105037679138
56727621000,Simmons B.L.,,84989259753
56728012700,Ballman A.D.,,84989259753
56728548600,Howdon D.,,85216715166
56728659400,Leheney E.K.,,84989259753
56729668900,Chan J.,,85030317816
56730079500,Paul N.,0000-0003-3208-1768,85213484223
56730340900,Oliphant J.,,85144453045
56730875700,Anderl C.,0000-0001-5035-4921,85158882613
56730932300,Kuehnhanss C.R.,,85042588704
56732398600,Cook C.L.,,84937705248
56733841700,Zhang F.,,85063936433
56734108300,Pedersen M.J.,,105010973131
56734529500,Estrada-Reynolds V.,,84997840974
56734555000,Muenks K.,,105001831713
56734715000,Yang S.,0000-0001-5906-7427,105027956618
56735292500,Peters A.,,105012935442
56736119400,Carluccio A.,,84987624351
56736786800,Dynes A.M.,0000-0002-9153-5726,105036250979
56736895300,Ziaja S.,,85200241054
56739356300,Hu Y.,0000-0003-2027-8491,105010344750
56739562000,Xie Y.,0000-0001-9652-4033,85208161938
56739701500,Yan S.,0000-0002-6484-7687,105013779063
56739899300,Black J.E.,0000-0002-9710-3297,105024864456
56740236000,Mark A.,0000-0003-4876-6980,85161296884
56740428900,Wan N.,,85041711401
56740605900,Janik B.,,85140664233
56743036300,Ouellette H.M.,,85131578152
56743290300,Kantorowicz-Reznichenko E.,,105041049895
56747579300,Lippert A.,,105020738167
56748088900,Koebele E.A.,0000-0001-9133-2710,85177174857
56748142200,Zellman A.,0000-0003-1106-1282,85070957285
56748703000,Bush S.S.,0000-0002-0889-5916,85187453853
56749101200,Ishizuka P.,,85083874191
56749130000,Klocek J.,0000-0002-0753-7869,85097593946
56749208500,Cohen M.J.,0000-0002-5992-4713,105002037078
56749860100,Garnett H.A.,,85174581360
56750030700,Beauvais E.,,105008999797
56751918000,Moreta J.,,105012935442
56754471100,Williams C.L.,,85079035015
56754885200,Woods I.L.,,85134041052
56755139300,Cernat A.,,85056541355
56755314600,Zimbres T.M.,0000-0001-5839-7520,85129188841
56759098200,Shugart E.C.,,85062524345
56760584900,Zhang W.,,105027970339
56761668800,Webster J.M.,0000-0002-8197-0329,85082320401
56762967500,Huang X.,,85100899602
56763191300,Hansen J.,,85019171113
56763391100,Han R.,0000-0001-7828-2245,85150416542
56763432400,Dixon M.J.,,85013469498
56763469600,Knight C.R.,,105028576278
56763590500,"Bae, PhD B.J.",,85110292274
56763769000,Finger L.K.,0000-0001-7843-5256,85116386825
56763925800,Dahlgaard J.O.,,85070986430
56765233100,Jo S.,0000-0002-2031-7705,85207518269
56765345500,Hashim M.J.,0000-0003-1718-7484,85161927637
56766070600,Aaldering L.,0000-0003-0436-6539,105009529125
56766215800,Soliev I.,0000-0002-6780-2038,105027532434
56767459700,Ward D.,0000-0002-6436-0596,85110493449
56767476800,Endo M.,0000-0001-9981-0406,105008472735
56767511600,Graham M.H.,0000-0003-4808-2984,105019968663
56768857400,Cheung A.K.L.,0000-0002-2984-195X,85190299011
56769052300,Boon J.,0000-0003-0580-0069,105024114409
56769149600,Fabbri M.,,85051461295
56769386800,Hopp T.,,105007159001
56769584000,Sturman D.,,105003293031
56770131600,von Schoultz Å.,,85186570502
56770232600,Liu L.,,85135955674
56770893600,Koning A.,0000-0002-1421-6334,85122152915
56770915200,Funk K.D.,0000-0001-9927-6602,85119994000
56771078500,Gamboa L.,,85070810002
56771443500,Rhodes-Purdy M.,0000-0002-5791-3332,85128342626
56771483100,Pavão N.,0000-0001-9485-897X,105034086079
56779355900,Ogawa K.,,85196382558
56779691600,Merritt C.C.,,85046755053
56780024200,Thiemann D.,,105041716089
56780228600,Klamm C.,0009-0003-4342-0849,105037157820
56780292100,Ingrams A.,0000-0002-9261-9884,85119849300
56780943600,Rose D.,,85081754660
56781164200,Rosenfeld B.,,85041286906
56784308500,L. Phalen P.,,84922466955
56784453000,Ju D.,0000-0001-5306-6298,105031270748
56786293200,Dodoo N.A.,0000-0002-2870-024X,85165329556
56786313600,Houghtaling B.,,85097943165
56788845300,Corrigan P.W.,,85081300423
56789561800,Alexander E.,,85083545761
56789905000,Sibanda L.,0000-0002-4960-9242,105025526891
56796892100,Yang S.,0000-0003-4209-9881,86000732457
56798448600,Laothavorn J.,,84951914677
56798659100,Carattini S.,0000-0003-1242-2457,85107266949
56799497600,Lee R.A.,0000-0002-9701-8156,105045333079
56799895300,Mills K.J.,,105034157738
56800132000,So R.,,85060535430
56800217100,Breton C.,,84940068800
56800409500,Chavez H.,,85133243152
56801110500,Marchiondo L.A.,0000-0001-9621-4967,105041221682
56801125000,Friess D.,0000-0002-6604-452X,85196316334
56803090600,Meyer M.,0000-0002-4273-7954,85081641018
56803751700,Cappelen C.,0000-0003-2725-0547,105042526917
56804487100,Ong E.,0000-0002-8618-5629,85110093347
56806258700,Wolf C.,,85042174183
56807226500,Coals P.G.R.,,85078058157
56809837200,Zhang K.,0000-0002-0102-2856,105038220984
56810538800,Meier A.N.,,85115417674
56810966300,Rifkin L.S.,,84959501331
56811129900,Ravn S.L.,,85208161938
56811169500,Rahal R.M.,0000-0002-1404-0471,105027144683
56811356000,Teplitskiy M.,,85178615631
56811369500,Henninger F.,0000-0002-7730-9511,85172706153
56811675400,Ballew M.T.,,85057582560
56814355900,An W.,,85079756336
56815878700,Kim M.,0000-0002-4680-9812,86000425392
56816837900,Rondi E.,0000-0003-0511-2055,85179832749
56816899700,Thrasher G.R.,0000-0001-6739-1542,85176940474
56817130300,Garcia D.,0000-0002-2820-9151,85212432231
56817723500,Weiß B.,0000-0002-1176-8408,105016864314
56818103100,Liu Q.,,105045278975
56818500800,Armstrong M.B.,,84940835959
56818931500,Leduc K.,,85064181250
56819722100,Howard S.,,85063868091
56820145000,Pahontu R.L.,,105009299191
56820265000,Matfess H.,,85164317319
56820284300,Erentzen C.,,85060051020
56820523400,Shi W.,,85145276916
56820881600,Rice D.,,85123914954
56821509900,Honig L.,,105030982056
56822933400,Ho T.Q.,0000-0002-5398-2795,85199950656
56823606600,Grønhaug G.,,85023632956
56825325800,Bird E.R.,,85114888366
56826203800,Traven D.,,85170289998
56826955600,Curry J.F.,0000-0003-2231-592X,85115626279
56829175100,Beesley C.,0000-0002-6986-6553,105025533322
56829191100,Sela A.,,85076509763
56829338600,Kimachi M.,,85060535430
56829678400,Cullerton K.,0000-0001-9517-6380,85182092142
56829971100,Beck J.L.,,85066044091
56830419900,Felderer B.,0000-0002-1717-0415,85211349082
56830475600,Fleiß E.,,85182981807
56835049200,Lee S.,,105034006769
56835289300,Dennison J.,0000-0003-3090-7124,85126751125
56835352800,Cormack L.,,85160595668
56835755500,Sogari G.,0000-0002-2561-571X,105034293043
56840393300,Kleinberg M.S.,0000-0002-2314-1127,105018764582
56841067600,Du Z.,,85207598624
56841119800,Levy D.,,85076876768
56841191700,Chan V.,,85165700640
56841360200,Strickler R.,,85041566767
56841648900,Senghaas M.,0000-0002-9866-634X,85168663423
56841883100,Nanes M.,,85178429557
56841885400,Assouline P.,,85102622232
56842260100,Carter B.L.,,85183772914
56842400400,Kao K.,0000-0001-5566-040X,85165353324
56842944100,Klaus K.,,85049902928
56843099600,Raffler P.J.,,85085985246
56843108800,Abdelaaty L.,0000-0001-7720-4747,105013327727
56843775700,Zhang G.,0000-0003-4664-4314,105007135249
56844033600,Cho S.J.,,84953639865
56844102700,Jones A.M.,,105007161711
56844125900,Huang G.,0000-0002-8588-1454,105035680527
56844873900,Middleton M.,,85212284360
56845665800,Mundon C.R.,,84944352994
56845838200,Moerenhout T.,,105003471152
56846771300,Auerbach A.M.,,85049844966
56847707100,Wofford C.B.,,85088293543
56848954700,Fisk N.,,85218812331
56849949300,Weaver C.L.,,84945316236
56850161800,Luca S.,,85123307033
56850557700,Wong M.Y.H.,0000-0002-3824-329X,85063326634
56857249200,Binder C.,,85151012294
56857328900,Acar O.A.,,85064149443
56857589200,Masch L.,,105036254010
56859456700,Thomas M.,,85196736674
56861675000,Wolf R.M.,,105046314832
56861841000,Visser L.N.C.,0000-0003-3487-7938,105015422194
56861849500,Gough M.D.,0000-0002-0455-3601,85053084961
56865078600,Choi D.D.,,85190415526
56865297100,Desai S.,,85050395492
56865424600,Flores A.R.,,85114383823
56866328200,Stoetzer L.F.,0000-0003-2486-7496,105040560764
56868425000,Quek K.,0000-0001-8403-4280,105031363663
56870386400,Duffels B.,,85142121999
56870606600,Johnson R.A.,,105007833424
56870777000,Cox M.J.,,85131840762
56870872800,Lehmann P.S.,,85045541946
56871239300,Belabas W.,,85145548995
56871250100,Merdikawati N.,,85199252364
56875120800,Baker A.,,84937967820
56875297000,Heck P.R.,0000-0003-0819-3890,105013865997
56875439900,Stolzenburg S.,,84959319641
56878254200,Hung Y.,0000-0002-9510-3525,85209403266
56878929000,Jochem T.,,85107753336
56880237400,Battiston P.,0000-0001-5343-7861,85100420412
56884527200,Grehl S.,0000-0002-4289-7122,105010187118
56886620800,Nugent E.R.,0000-0003-2455-3673,86000383692
56888513200,Farmer G.,0000-0003-2882-0310,105041943633
56888728300,Fernández-Fontelo A.,0000-0002-0822-6915,85172706153
56890483300,Lloyd A.,,84943251131
56890973100,Nash N.,,84943251131
56893094100,Schwartz D.,,84943426191
56893318200,Cash D.K.,,85181675779
56893543800,Vallejo S.,,84943426191
56893627900,Meza O.,0000-0003-0342-3423,85088373080
56893916600,Hall M.,0000-0003-2024-4945,85142911290
56896529900,Yang J.,0000-0003-2895-6365,105029691287
56896978200,Pauli M.,0000-0003-0799-280X,85201375024
56897032400,Krozer A.,,86000376067
56897222200,Seenath A.,0000-0002-8268-8608,85215522152
56898992000,Calacci D.,,85146354731
56899039200,Toha R.J.,0000-0002-1921-7889,85115159837
56899254500,Barnes L.,,85202763153
56900908300,Kerkhof A.,,105036631490
56900979300,Dodd E.,,85054137181
56901111600,Pietrantuono G.,0000-0002-5663-0648,85139749709
56901291900,Rotondi V.,0000-0003-0879-7635,85100420412
56901406600,Gerpott F.H.,0000-0002-2585-3427,105014436444
56901478200,Boegershausen J.,0000-0002-1429-9344,105031401172
56902610500,Zaidenberg E.E.,,85150751341
56902637500,Posegga O.,0000-0003-4552-3027,85210572395
56904137500,Sukhu A.,,85106264251
56904147400,Kaushal L.A.,,85215415803
56904281200,Lastra-Díaz J.J.,,85142348038
56904300900,Occelli C.,,105025850938
56907022700,Kuchynka S.L.,,85065434793
56911360800,Yu J.,0000-0002-7194-7635,105010344750
56911719600,Davidson A.,,85014765126
56912504400,Zhu J.J.H.,,84880993459
56915045300,Lee H.,0000-0003-1667-0108,85044964865
56915132300,Matsumoto T.,0000-0002-3705-9140,105040721119
56915896700,Stöckli S.,,105027197362
56915962400,Skoczeń I.,0000-0003-3506-5974,85101225981
56916066300,Wunsch N.,0000-0001-8715-1335,85156182554
56918971900,Lin K.J.,,85172153416
56919044400,Pan S.Y.,,85172153416
56919435100,Howat A.J.,,84945162574
56919764700,Rodheim A.,,84945162574
56920951000,Martin J.L.,,85027928943
56921252600,Tu C.,,85209705585
56921462200,Qu Q.,,85040904540
56921463200,Bloom D.L.,,85112357106
56921531700,Busch K.C.,0000-0002-4549-5401,85114635007
56921553800,Barlow A.,0000-0002-4257-9423,85041221626
56921603000,Dubé P.,,84945205520
56921659400,Hans D.R.,,84945205520
56921979500,Hochstein B.,,85054761412
56922115200,Frolijk J.,,84958918210
56922261400,Utamsingh P.D.,,85027928943
56922265900,Alon-Barkat S.,0000-0002-3342-0568,105019576702
56922279900,Poelwijk R.,,84958918210
56924059300,Li X.,0000-0003-4832-8278,105045518046
56924164300,Cao L.,,105022827651
56924796500,Swann W.L.,,85127125550
56924970000,Wyss D.,,85065205586
56925142600,Cheek S.M.,,85115626279
56925272000,Audette A.P.,0000-0001-7071-2693,105014391175
56925330200,Puebla-Martínez B.,,85177044613
56926549600,Hollister B.,,85067597084
56927620000,Sutherland J.L.,,84945589297
56927881200,Maier B.,,84945572216
56927962900,Yilmaz L.,,105018594667
56928018300,Jarreau P.B.,,85117899234
56932055000,Kuipers N.,,85118294408
56932209200,Huberts A.,0000-0002-4396-0007,85170230361
56936137500,Hawkins N.,,85100266562
56937495300,Chen X.,0000-0001-6391-1459,85090124331
56937768600,Qu S.,,85093936504
56937918400,Segal D.,0000-0003-4793-4815,85195001548
56938267300,Oláh K.,0000-0001-9570-3558,84941773973
56938305600,McKinnon S.,,84976361854
56938368200,Farrow K.,,85127761240
56938790900,Blumenstock S.M.,0000-0002-6361-3563,85119662099
56939045500,Böffel C.,0000-0003-3623-3140,105036254738
56939756300,Reynolds J.,,84997840974
56940144900,Lopes G.S.,0000-0003-2923-2721,85076316615
56940198000,Kaufmann D.,0000-0002-4185-4550,105021593439
56940549200,Krogulska A.,0000-0002-3053-1609,85105762836
56940570300,Roundy C.M.,,105019784086
56941819300,Stiansen Ø.,,85194740272
56943410300,Suttikun C.,0000-0003-4877-8279,85144893398
56946289700,Kaplan N.,,85209586542
56946309200,Larsson J.,,85211027858
56946474700,Duke A.,,84946430692
56946928100,Zawojska E.,,85026474357
56949232800,Xu J.,0000-0003-4654-0603,85198464294
56950363800,Bouwman R.,0000-0003-1218-4540,85186946586
56950946100,Spieker A.J.,,85147410768
56951048600,Umaña V.,,85020961104
56951288300,Ramos-Ceja M.E.,,84946544478
56954144400,Cheng A.,,85052109904
56954243100,Robbins J.,,85043777541
56954395500,Lo A.,,85098180961
56954417900,Cui R.,0000-0003-0939-8759,105046244640
56954444500,Dietrich S.,,85073767137
56954456900,Ellison R.,,85216715166
56955357200,Rajapaksa D.,,85166300055
56955658100,Krütli P.,,85064444607
56955989200,Wu L.,0000-0002-5294-3559,85165329556
56956535800,Donovan K.M.,,85046896381
56957135300,Kolpinskaya E.,,85064151968
56957717900,Ng Y.M.M.,,85176269933
56958248000,Seemann A.,,84946925603
56958411800,Krakowski K.,0000-0003-4731-8051,105016764888
56958472100,Thavabalasingam S.,,85047248414
56958628400,Ringlerova Z.,0000-0002-5594-2172,85215320938
56959982100,Holm K.,,85119018179
56962787600,Rahut D.B.,0000-0002-7505-5271,85199950656
56962974000,Yang X.,0000-0001-7912-007X,105004041449
56964157500,Holmquist H.,,85051811719
56964283000,Anson I.G.,0000-0002-1545-4270,105025476971
56964805700,Li Y.,0000-0002-6928-2478,105034635702
56966522700,Standen E.C.,0000-0003-3975-7038,105001684749
56966667600,Friedhoff S.,,84948582674
56968605600,Benson J.,,84987624351
56970916200,Strand A.I.,,85114940264
56971507800,Shahrier S.,,85073634874
56971509300,Alfandari R.,0000-0003-4054-6262,85087620957
56973588700,Fine A.D.,0000-0002-7029-0731,85193916475
56973619000,Usman M.,,85183297972
56974184700,Hetrick A.L.,0000-0001-8771-5137,105041221682
56974421000,Dahlum S.,,105043329824
56975901100,Myers A.,0009-0005-1579-0492,105003302298
56976278100,Leites M.,0000-0002-5373-3457,105041146363
56976292600,Parcerisa L.,0000-0002-6755-1988,85145902133
56976385700,Mancosu M.,,105023672249
56976455700,Vandeweerdt C.,0000-0002-3024-1441,105018004395
56979273700,Kosmowski F.,,85086385701
56979300800,Herff S.A.,,85052215054
56979373700,Luck-Sikorski C.,,85018240570
56979841500,McLean K.,,105035306999
56982928600,Muhtadi B.,,85158862985
56983028500,Neiders I.,,85140664233
56983057800,Peerdeman K.J.,,85089473462
56984803600,Yamada K.,,105001826297
56985903000,Geber S.,0000-0002-0541-9148,105013786482
56988406600,Schneider S.,,105045922287
56988704700,Geller J.,0000-0002-7459-4505,85088821658
56989109300,Kaakinen M.,0000-0002-7067-1665,85104659706
56989774500,Pempek J.A.,0000-0002-5977-2086,85173533341
56989849200,Shentow-Bewsh R.,,84948955567
56989964500,Sirola A.,,85104659706
56991114300,Finkler W.,0000-0003-2470-5307,85167799541
56991871700,Chang M.X.L.,,85044964865
56991915300,Han W.,,105004579499
56992062400,Imai T.,0000-0002-4912-3066,85204700860
56992179700,Ryan T.J.,0000-0002-8992-6760,105013881602
56992308100,Larsen E.G.,,85133754539
56992481600,Pepin J.R.,,105010952459
56992582700,Mikkelsen M.F.,0000-0001-6256-6403,105020764129
56992661800,Fernandes I.F.,,85082195460
56993588000,Stolwijk S.,,85079435293
56993815300,Van Giesen R.I.,,84950326838
56995632200,Ismail S.,,85054137181
56995814600,Lytle A.,,85152388888
56996592300,Wang Z.,,85033559380
56996831100,Webster S.W.,,85129366503
56996883600,Rashidi A.,0000-0001-6753-1939,85070866307
56996925300,Pennington C.R.,,85064149443
56996941000,Crowley K.T.,0000-0001-5068-1295,85205480864
56997348000,Seebauer M.,,85131278479
56997480200,Rudel M.,,84949519983
56997538600,Neeß C.,,85131278479
56997561200,Porisky A.,,85014765126
56998049900,Fisher R.,,84949556380
56998234100,Lozano A.J.,0000-0001-8122-1312,105023857186
56998355800,Lemmon M.,,85080944696
56998847700,Sievertsen H.H.,0000-0003-0126-828X,85217929332
56999078200,Mushtaq F.,,86000674351
56999215200,Cherry T.L.,0000-0002-9561-8350,85171479975
57000338300,Gorissen K.,,84949644699
57000391100,Chen-Bouck L.,,85019044453
57000446500,Akporiaye A.,,85168921275
57000541000,Midamba N.,,85085114426
57001107300,Rogers T.,,85140855266
57001317900,Liu Q.,,85209084157
57002090600,Tang T.,,85204870231
57002393100,Kennedy E.B.,,85120788452
57002397200,Harvey C.J.,0000-0001-8202-250X,105036176063
57002486700,Matthews L.J.,0000-0002-3476-7571,85219136762
57002776600,Bock D.E.,0000-0001-6161-1508,85200953447
57002843000,Xiu L.,,85074202308
57002848400,Dickerson M.,,85062680553
57005974500,Davis T.M.,0000-0002-4213-8783,85126624477
57005980800,Ko Y.A.,,85102153409
57006135700,Silver J.R.,0000-0003-3074-8661,85166641299
57006683200,Rozo S.V.,0000-0001-7025-1583,105019555033
57006715800,Arthi V.,,85033452197
57007396400,Lee K.J.,,79960497944
57007777100,Ong H.L.,,85056112905
57008184100,Sadeghian S.,0000-0002-8590-656X,85174808059
57009085200,Besco R.,0000-0002-7253-2562,105014428122
57014064200,Chen Z.,,85195986366
57014478200,Bode C.,0000-0001-7701-4257,85107297086
57014762300,Brauer S.G.,,84958109943
57015048200,Bear A.,,84951189777
57015271700,van Erkel P.F.A.,,85186608966
57016588300,Steinert C.V.,0000-0003-1760-3214,105034804545
57016689100,Weisstanner D.,0000-0002-4245-898X,105010871897
57020811000,Möller J.,,85011320926
57021421800,Sahan M.I.,,85215568278
57021579900,Vandenbroucke L.,,85018333648
57022224600,Duede E.,,85178615631
57022495300,Kim T.,0000-0001-5212-2550,85059456392
57022752000,Chen L.,,105034648317
57022849700,Levy M.E.,,85111031494
57023929100,Kanter N.,,85037698515
57024023900,Braidwood T.,0000-0002-0276-0375,85058642569
57024047800,Dyar C.,0000-0003-2802-1949,85075163684
57027219100,Xi S.,,84952360579
57028349300,Carfora V.,0000-0002-4111-6443,85185598922
57028380700,Nellore V.,,84952360579
57030863000,Ma J.,,85087216531
57030921300,Wang Q.,,105024099182
57031095800,Yuan S.,,105012122409
57031188100,Hussain S.A.,,105039030786
57031295600,Peng K.,,84959231696
57031310100,Bianchi F.,,105029946035
57031565200,See A.P.,,105031357674
57031817800,Kandul S.,0000-0001-8175-2252,105023475844
57031852400,Nouman H.,,85087620957
57031902700,Skiple J.K.,0000-0002-4810-5042,105004049901
57032739900,Smith W.B.,0000-0002-0321-5627,105018964611
57034152700,Sytsma V.A.,,85149325893
57035145100,Huhn A.S.,,85111747516
57038127600,Tai K.T.,,85206528552
57038266600,Logan M.,,85100039866
57038461900,Negri F.,,85063158201
57040758400,Sui M.,,85213484223
57040877800,Flemming D.,,85032961303
57040996800,Vinson L.T.,0000-0002-8276-9248,85100479968
57044440500,Relton C.,,85064120941
57044462900,Jamison A.M.,0000-0002-3954-9581,85136089056
57044904700,Zhang M.,,85119248850
57046726200,Gulbrandsen P.,,85108030322
57048705200,Finley C.,,85114350257
57050144300,Kimoto M.,,85126972919
57050246800,Ton A.,,85051171568
57051645300,Park H.A.,,85147008573
57052407900,Kunz T.,,85139110080
57052410500,Wolf I.,,85213688842
57052584200,Altamirano M.,,85132675525
57052662100,Höhne J.K.,,85130462555
57053340300,Décieux J.P.,,105028420266
57053451700,Mergener A.,0000-0002-2939-4416,85049557192
57053554700,Abdelgadir J.,,85080944696
57054535600,Khan S.,,85134627225
57055069200,Lane T.,,85163163015
57055287600,Gates K.,,84954290347
57055323900,Katzmann J.,0000-0002-8328-092X,85132667201
57056195500,Mandeville A.,,105045019324
57056414700,Magistro B.,0000-0001-7423-3577,105034574961
57057073900,Hayes B.E.,,85163047552
57057316900,Wang L.,,85137740809
57057760600,De Sá Guimarães F.,,85082195460
57059866500,George B.,0000-0001-7175-7885,105046885381
57060467100,Hollowood D.L.,0000-0002-9369-4157,85126624477
57061136000,Chen J.,0000-0002-0237-8467,105029050762
57061430300,Ye Z.,,85206354097
57061885000,Kahn D.T.,,85074414610
57061915300,Shaikh S.J.,0000-0002-3951-2025,85135896966
57063543300,Taylor Poppe E.S.,,84954557904
57063558900,Nkansah-Amankra A.,,85068890892
57069687300,Porter E.,0000-0002-9530-6955,85210316094
57069797000,Winters G.M.,,84984907254
57070340000,Gassler B.,0000-0002-2761-0875,85206443995
57070455900,Zschirnt E.,0000-0002-8918-4146,105023433219
57070596200,Wang L.,0000-0002-6156-9028,85120903865
57072420600,Zou H.,,105024099182
57072754000,Heller S.,0000-0001-5386-330X,105002617340
57072795700,Cole H.E.,,85050263387
57072909500,Brandon N.,,85019608098
57072916300,Salvati M.,0000-0002-1350-8730,85146331017
57073055500,Lemoine G.J.,,85145615438
57073112800,Kirwan M.,0000-0003-4030-9144,85114888366
57073364300,Zhang Z.,,105007422853
57073624600,Cerri J.,0000-0001-5030-0376,85066016520
57073820500,Kihiu E.,,105033817071
57073831200,Hirst Y.,,85058957318
57074023300,Sevenans J.,,105032149587
57074540400,Marriott R.,,85052006071
57074815500,Solomon-Krakus S.,,85081386604
57075568000,Cai L.,,84955502797
57075676700,Su D.,,85066750611
57076611500,Deska J.C.,,84982798859
57076774100,Kneeland E.T.,,105032125159
57076778300,Treischl E.,,85136044894
57078100600,Sumner J.L.,,105004581160
57078874400,Strohm S.,,85103442864
57079043100,Ballard-Rosa C.,0000-0001-8375-4147,105042593356
57079507500,Tan E.,,85161014650
57079702000,Mantovani D.,,105012398380
57085734400,Ji J.L.,0000-0003-1688-9708,85189968713
57085969300,Watts C.,,85074000133
57086124300,Villar A.,,79951810114
57086140800,Piper M.E.,,85214305683
57086319000,Davenport L.D.,,85014360321
57086998100,Lasanianos N.,,105012935442
57089360000,Zhang J.,,85090159000
57089791400,Russell T.D.,0000-0002-4481-3754,85181675779
57090213900,Holub A.M.,,85076316615
57091071900,Li X.,,85120612968
57091660400,Pangaribowo E.H.,,85075008002
57091730800,Papendick M.,,85018905302
57091820100,Liu F.,0000-0002-4646-7875,85217415883
57093133000,Lawrence D.,,84956925724
57093314700,Johnsen Å.,,105043329824
57093346000,Sternberg S.,0000-0003-4225-6402,85116854412
57093756600,Sontag J.M.,,85089251540
57094532300,Stewart S.,,84904017717
57095918800,Dalman M.D.,,85112538324
57095925200,Gotzsche-Astrup O.,0000-0001-7996-0423,85215293109
57096322100,Atal I.,,85194893401
57102556500,Frank J.,,85183048904
57103068500,Kuru O.,,105024481789
57103128900,Stefaniak A.,0000-0002-1706-7784,105037178846
57103571500,Marreiros H.,,85019971566
57105546600,Essayli J.H.,,84959086305
57105558400,Ruano-Chamorro C.,,105037401011
57105721600,Rabb N.,,105040925854
57110319200,Syme K.L.,,85125307249
57111000700,Li S.,,85105947071
57111283300,Kang C.S.,,84955245459
57112153300,Zhang Y.,,105029773920
57112615600,Meibauer G.,0000-0002-5574-7270,85156133292
57113144800,Ong M.,,85061080395
57113673800,Wolske K.S.,0000-0003-2295-115X,85061215469
57113745900,DeGolia A.H.,,85069894060
57114091400,King A.S.,0000-0002-2435-0449,85191308464
57114131600,Inoue A.,0000-0002-7454-7880,85207344164
57114147200,Lang J.,,105006849208
57114676100,Winger G.,,85212864029
57115011900,Heyne S.,,105029943143
57115171700,Magnano V.,,84941773973
57115348800,Moussaoui L.S.,0000-0003-0392-7402,85185348778
57115384000,Hanowell B.,0000-0002-6526-925X,84941773973
57115395300,Lutscher P.M.,0000-0001-6176-7297,85185311248
57115496900,Kasnakoğlu B.T.,,105040678928
57117168200,Ward K.C.,,85028558428
57117394900,Schaub M.P.,,85123536317
57117850000,de Roos M.S.,,85122324398
57118248800,Hjorth F.,,85098232010
57125272200,Kim S.,,85147008573
57125446100,Fernandes J.M.,0000-0002-0731-7073,105018750501
57125736500,Simonsen K.B.,0000-0002-8049-7744,85204403611
57125985100,Flora P.,,84859903900
57126230900,Doğulu C.,0000-0002-5906-3706,105043616325
57126331100,Critchlow N.,,85125966523
57126334000,Revette A.,,85052636854
57126346500,Sterrett D.,,85067437575
57126430000,Ogunde M.,,84958545456
57126432600,Mattavelli S.,0000-0002-8934-8016,85203258445
57126471600,Oso P.,,84958545456
57126932800,Bulman D.J.,0000-0003-3370-3717,105018525873
57128070500,Reichart E.,0000-0003-0782-0979,105046544687
57129354800,Suzuki M.,0000-0002-7925-2141,105036985918
57130332700,Greenspan R.L.,,85141383184
57130346100,Feld J.,,85116473195
57130390400,Heiss A.,0000-0002-3948-3914,85096071882
57130403700,Cochran K.J.,,85096399047
57130464900,Neuner F.G.,0000-0001-9357-0552,85087511720
57130657100,Lueders H.,0000-0001-6124-8112,105017468677
57131042100,Andraka-Christou B.,0000-0001-6307-6369,105046416933
57131111100,Ikramullah M.,,85107882218
57131140800,Linneman N.G.,,105005072937
57131864600,Yan C.,0000-0002-0327-9321,85214580247
57132640400,Zhang Y.,,85159040292
57136132400,Marshall D.R.,,85089546742
57136495000,Tierney S.M.,,85164243484
57138004600,Loloee R.,,105003189389
57138384200,Schumer E.D.,,85150751341
57140169600,Cawthon R.,0000-0003-2965-6786,85126624477
57140320600,Wilkes N.,,85189892797
57141616700,Li E.,,84959235031
57142946100,Kim B.,,85054829213
57143031400,Lin H.E.,0000-0003-4431-5779,105041034999
57146343700,Chun J.W.,,85115150428
57146675400,Parry D.A.,,85205059246
57147200400,de Andrade D.,,85052858745
57147567100,Combes N.,,84959368542
57147822700,Tarsi M.R.,,85047444290
57148188200,Wörtler B.,0000-0002-9865-9086,85097372205
57148277100,Falch R.,,85103752245
57148279900,Stofberg N.,0009-0001-3236-0532,85216703387
57148311900,Verink A.,,84959368542
57148406100,Mangiulli I.,0000-0002-5409-7325,85184400417
57151118000,Crepaz M.,0000-0002-4139-1875,105037216707
57151201900,Ort A.,,85128446748
57151217900,Abdul-Rida C.,,85175701595
57151462100,Cukrowska-Torzewska E.,,85193228190
57155321900,Lin Y.,,105028851342
57155705500,Cox D.,,84959905263
57155840700,Li Y.,,85129754619
57156260100,Michaelides G.,0000-0002-4224-7728,105042399657
57156306100,Liu X.,0000-0003-4780-7779,85112125192
57158900600,Carlson T.N.,,85197700842
57159350900,Bähr S.,,85071372063
57160785900,McGregor S.C.,,85217201565
57160923800,Bahmannia S.,,85088976785
57160992600,Sekhon T.,,85191804043
57161012000,Lajevardi N.,0000-0001-7201-4354,105014428122
57161330000,He X.,,77954410975
57162412400,Marie J.,,84960448627
57162831600,Axelsson S.,,85207237163
57162853100,Barbera C.,0000-0002-6230-1277,85161479859
57162952700,Bane S.,,85201623800
57163091100,Masterson K.,,85134493142
57163649500,Nyhuis D.,,105044173021
57163962600,Susanszky P.,0000-0003-3735-9079,105019385329
57164344900,Su P.H.,,85190408839
57164542600,Bulut A.T.,0000-0002-9965-3903,85106719442
57164620800,Kause A.,,105046788253
57168681900,Hess M.,,85071965061
57168781200,Meijers M.J.,0000-0001-8034-1910,105035907148
57168818500,Duygulu O.,0000-0002-3956-9451,105018012857
57170316200,Bünning M.,,85193330850
57170522300,Pasion R.,,85064149443
57170587600,Mahadeo S.M.R.,,85215522152
57170645900,Abatayo A.L.,0000-0002-2686-5075,85057284961
57171525300,Stevenson R.,,85207777618
57172568600,Krehbiel J.N.,,105046899295
57182368800,Vrielynck N.,,77957736788
57184270700,Marcantonio T.L.,,85073924638
57184779400,Yoo S.,0000-0003-3681-6784,85142689311
57185063500,Mu Z.,,85190299011
57185344300,Zuber S.,,105000168411
57185483500,Beiter K.,,85142402221
57185647700,Yabanci B.,0000-0002-3937-9789,105026621543
57185674100,Bernhold Q.,,85131518792
57185701700,Giurge L.M.,,85161342521
57185718600,Zanocco C.,0000-0002-5015-4433,85165003203
57185768900,Rothenhöfer L.,,85070375290
57185770000,Aquino Y.S.J.,0000-0003-0981-0029,105022693743
57185817000,Zahry N.,0000-0003-3454-8763,85024397757
57185827100,klein Selle N.,,85064149443
57186019600,Jin X.,,85047520093
57186213800,Geng Z.,,85060336598
57186652900,Szumowska E.,0000-0002-4181-6175,85102491307
57188262100,Kurella A.S.,0000-0002-3401-457X,105042039760
57188537188,Canan C.,0000-0001-6413-4049,85075854776
57188537208,Jiao P.,0000-0001-5207-0287,105019665845
57188537416,Foroutan N.,,84961391245
57188537914,Prochazka F.,0000-0001-8678-101X,105001825061
57188548668,Cuperus A.A.,,85065922818
57188555467,Tang Z.,,85193775433
57188558299,Kupczyk T.,,85082193741
57188561288,Fox E.,,85136282588
57188561529,Armaly M.T.,,105037852370
57188567653,Nieves M.,,84893040982
57188569170,Andler R.,,85125966523
57188570897,Maesano G.,0000-0001-9622-1067,105042589389
57188574830,Ashok V.L.,,85062681263
57188576914,Mize T.D.,,105000687702
57188583492,Tsujimoto Y.,,85060535430
57188586933,Aoki T.,,85060535430
57188590875,Muradova L.,,105024891648
57188592256,Cheung K.K.,,84961774534
57188622754,Naquira Escobar L.F.,,105012935442
57188625429,Guo X.,,85060983874
57188627497,Moreno-Serrano C.L.,,85150751341
57188628552,Doty S.B.,,85065246498
57188628848,Li D.,,85085095151
57188631421,Younkin P.,0000-0002-9988-8534,85134700219
57188633275,Romero Barreto C.J.,,85150751341
57188635345,Zhang Y.,,85109363188
57188637329,Jones J.C.,,84957945528
57188643732,Wimmer L.,,105043549924
57188644702,Monne J.,,85098725919
57188649242,Rickard V.,,85028555766
57188659434,Song Y.,,85139556190
57188667767,Perry B.N.,,85079366503
57188668366,Shang S.,0000-0003-3905-5589,105042165703
57188671109,Krick A.,,85149291215
57188676600,Millett C.,,84962226786
57188677011,Weinberger A.B.,,85150724440
57188677146,Murphy R.P.,,85047933174
57188683380,Neo R.L.,,85048894229
57188685218,Habibi S.,,85094316078
57188699438,Rafaq M.S.,0000-0002-6448-0192,86000618791
57188707307,Kneer M.,,85140664233
57188715801,Hou Z.,,85133865161
57188716914,Snell S.A.,,84962590632
57188723082,Summers M.E.,,85127116407
57188725514,Bjornsdottir R.T.,,85163138549
57188728661,Alhaj Hamoud Y.,0000-0003-0945-9224,85183297972
57188733784,Coe C.,,85054704147
57188736278,Pirralha A.,0000-0002-2335-7278,85187183500
57188737716,Coppi G.,0000-0002-6362-6524,105011302164
57188738116,Tsalis G.,,85198316553
57188742430,Chatain J.,,105010610792
57188747340,Walter G.,,84925802948
57188748637,Campos I.,,85147313405
57188751420,Jun J.,0000-0002-9183-4048,85106988343
57188751930,Read G.L.,,85183646714
57188753685,Hubert J.,,85101702478
57188767002,Kraft S.A.,,85102153409
57188767706,Yammine S.Z.,,85065786322
57188768994,Hernández E.,0000-0002-9219-9293,85204202539
57188769754,Schuster C.,,85190479468
57188769953,Campbell S.T.,,105012935442
57188807182,Greco C.,,85122081765
57188807418,Martin A.,,85122055879
57188810107,Nelson E.C.,,85071495181
57188812190,Webb C.,,105003119690
57188814935,Vidal G.,0000-0002-3407-4230,85153532467
57188816003,Spina M.,,85044627813
57188817986,Zhu L.,0000-0002-2396-0499,85064477346
57188820035,Pettigrew S.,0000-0003-3921-1174,85175199245
57188820878,Hatz S.,0000-0003-1595-2269,85179497642
57188822594,Tang X.,,84963612048
57188825958,Koppel L.,,85064149443
57188826353,Dashoff D.,,84963701055
57188830561,Heller K.W.,,84963704539
57188833082,Pinsof D.,,85023764653
57188840509,Lynchc J.,,85028344194
57188844518,Li Y.,,105007245446
57188846389,Gaur V.,,105034393911
57188855578,Al-Faham H.,,105042361625
57188867557,Perfalk E.,0000-0002-1122-7046,85218813039
57188870054,Steinebach Y.,0000-0001-7453-7204,105035219443
57188872024,Pleger L.E.,,85041817417
57188873149,Zhou J.,,85114430248
57188880644,Sukin L.,0000-0002-5775-8790,105045424436
57188922381,Sousa S.,0000-0002-7489-7792,85121692384
57188922642,D’hondt F.,0000-0001-7697-0765,85147666141
57188926170,Schmidt K.,0000-0002-7634-4139,105013308435
57188947704,Lee H.A.,,85147008573
57188965087,Costa M.,0000-0003-0365-9882,105030588739
57188969778,Strange A.,0000-0003-0878-7920,85218098424
57188971604,Maxey S.,,105011649507
57188973038,Vořechovská D.,0000-0003-1495-0990,85020105992
57188973948,Ohme J.,,85081717077
57188975969,Low J.,,105007303071
57188976116,Peng J.,0000-0003-1410-5041,85124914335
57188976774,Wu Z.,,105025722573
57188981336,Whyte C.,,85127233855
57188981348,Kakuhikire B.,,105007344432
57188982079,McDonough A.Q.,,85020105992
57188982183,Andersen K.,0000-0001-8282-596X,85184510849
57188985351,Liu J.,0000-0001-8461-0954,85164842899
57188987946,Zeiber J.A.,,85077611422
57188992316,Clark A.,,85062042874
57189000277,He S.,,85200454904
57189005241,Trott S.,,85091501416
57189015950,Ruppe M.D.,,84877583492
57189024035,Chen M.,,84964786204
57189031584,Buss C.,,85044019084
57189037531,Hope D.,0000-0002-4649-5833,105026761966
57189038493,O’Brochta W.,0000-0002-9907-301X,105014775075
57189059142,Holste K.,,105031357674
57189062711,Barnoy A.,0000-0002-6067-7094,105022486755
57189064517,Wang S.,,105028500557
57189066130,Morisi D.,0000-0002-0522-9360,105016764888
57189066315,Page D.,0000-0003-4535-5916,105024217606
57189074265,Mazepus H.,0000-0002-5005-9399,105029985491
57189074741,Han S.,,84965057111
57189074779,Beckers K.,,105035208483
57189083580,Bálint K.,,85115751581
57189090367,Genovese F.,0000-0002-7107-2744,105003448058
57189098279,Roche S.P.,,85102990168
57189178989,Englert C.,,85086235046
57189212999,Rouhani S.,,105007674600
57189216510,Veri F.,0000-0002-9295-6776,85219747476
57189219843,Petrlová K.,,85122675377
57189231184,Shen M.,,85060336598
57189234449,Niyibizi N.K.,,85102153409
57189237510,Read A.J.,,85117550049
57189237581,De Gavelle E.,,85062409842
57189238255,Belardinelli P.,,105040935202
57189238257,Chaves C.,,85038883603
57189238336,Harjunen V.J.,,85084877538
57189239848,Lindeman K.,,84966659025
57189242686,Gobien S.,,85118775357
57189243553,Gatto M.A.C.,0000-0003-4056-5770,105012757755
57189251565,Argyle L.P.,0000-0003-3109-2537,105004481633
57189252528,Kurschilgen C.,,84966702092
57189253968,Mascagni G.,,85175234326
57189256019,Hartigan A.,,85035217305
57189256571,Yuan S.,,85144196764
57189257524,Côté É.,0009-0002-9399-1087,85165561626
57189260265,Green C.,,85178223573
57189261083,Brieger S.A.,0000-0002-9894-7862,105036195777
57189262081,Legewie N.,,105006708085
57189262200,González Y.M.,0000-0001-7832-0758,105045162062
57189265335,Meya J.N.,,85089487599
57189267072,Albohn D.N.,,105038898483
57189267860,Tung H.H.,,85142304185
57189271032,Benbow K.L.,,85150850602
57189273896,Valtorta R.R.,0000-0003-0565-5463,105038057578
57189275244,Moritzer S.,,85105602456
57189292679,Blesse S.,,105021319407
57189293208,Chudy J.,,85066114141
57189293901,Rumble J.N.,,105044410329
57189328385,Scheitrum D.,,85141941005
57189330617,Pan W.,,85057869448
57189332206,Crawford E.,,85041611941
57189339706,Richards K.,,84969506869
57189344477,Mouron F.,,84969506368
57189346595,Liu G.,,105044658302
57189350559,von Borzyskowski I.,,105034793649
57189353052,Chaiya L.,,84969730502
57189356522,Ahmad A.B.,0000-0003-1708-133X,105003468481
57189357106,Leiser M.,,85147720720
57189358741,Clyne T.W.,,80055118123
57189359316,Kootstra A.,,84969780230
57189360274,Simpson C.C.,0000-0003-3320-4512,85016437537
57189360452,Singer J.,,85195659580
57189364161,Kromphardt C.D.,0000-0001-9152-7745,85089448962
57189364364,de la Cuesta B.,,85172920970
57189366537,Ong A.,,84969779558
57189367658,Ma Z.,,85059665756
57189369624,Shin I.,0000-0002-8949-9930,105002352123
57189370551,Badas A.,0000-0002-6379-0375,85177884674
57189370745,Sullivan A.,,84969779558
57189372420,Bíró-Nagy A.,0000-0002-7647-4478,85186990927
57189373284,Guedes-Neto J.V.,,105030102925
57189374512,Doshi M.J.,,84978834539
57189379270,Holzmeister F.,,85064149443
57189380045,Lawford B.J.,0000-0002-0392-6058,85142911290
57189388436,Pan X.,0000-0003-4437-2159,85125934416
57189443715,Burns S.M.,,85136688324
57189458573,Suganuma A.M.,,85060535430
57189459759,Adachi Y.,,85201053888
57189463014,Pollard M.A.,,85134345683
57189489255,Drewniak D.,0000-0001-5728-0339,85117767363
57189499273,Mustika M.D.,0000-0001-9888-2096,85205781036
57189501410,Engel C.,,105027144683
57189503443,Ahmed U.I.,,105034131928
57189505346,Johnson I.R.,0000-0001-9381-6364,85216251753
57189505402,Oliver N.,,85052636854
57189505661,Hanson T.,,105043329824
57189516145,Saladié N.,,85046125338
57189519320,Wang N.,,85171675379
57189521570,Havlicek T.,,105012935442
57189573225,Archer A.M.N.,0000-0002-8767-8898,105003759877
57189573308,Liang S.,,85050532641
57189575775,Ayeh D.D.,,84973100674
57189577829,Phiphatpatthamaamphan K.,,84994731782
57189578570,Anderson B.,,85058481501
57189581318,Yu M.,0000-0002-0624-9929,105004450315
57189581357,Vera J.,,85076296802
57189583666,Çopur A.,0000-0003-3837-7260,105045257206
57189587562,Pappalardo G.,,85123224171
57189589667,Werner K.,0000-0002-7096-5890,105001860207
57189590871,de Oliveira Costa M.S.,,85103536661
57189596771,Koschmieder C.,0000-0001-8541-7654,85212432231
57189616353,Iqbal M.,,85041127384
57189619365,Bierwiaczonek K.,,85088800622
57189627349,Zhang L.,,84973449015
57189630346,Trump K.S.,0000-0001-6645-3473,85193512454
57189632738,Bukhori B.,,85146522826
57189636461,Cavaillé C.,0000-0003-1662-0346,105036233200
57189642308,Schafer J.G.,,105007422853
57189650433,Croke K.,,85144112298
57189659858,Blumenau J.,,105018815315
57189660647,Zhu B.,0000-0002-8775-2736,85145276916
57189663069,Jarman K.,0000-0002-6707-3058,105009167724
57189664575,Baniamin H.M.,0000-0002-1253-0629,105024316765
57189685783,D'Attoma J.,0000-0001-7551-2527,85104447444
57189688145,Xie J.,0000-0002-4975-6904,105038220984
57189691781,Motoki K.,,105007303071
57189700696,Liu M.,,85159345699
57189703395,Baudoin K.H.,,85095857107
57189713150,Zomer C.L.,,85187459320
57189713375,Peng Y.,0000-0003-2994-1448,85087216531
57189713548,Tsiplova K.,,85123307033
57189716517,Pryce D.K.,,85139395489
57189727229,Gidron N.,,85054379691
57189727869,Silva F.,0000-0003-2922-8933,105005605769
57189729595,Liu Y.,,85186546014
57189747358,Ruder A.I.,,85092023409
57189760710,Kreft A.K.,0000-0003-1374-3340,85165279718
57189803097,Barnhart J.N.,,85095409059
57189828166,Swire-Thompson B.,,105040270058
57189833308,Atallah S.,,105007867140
57189835389,Levinson C.,,105033047385
57189843018,Praprotnik K.,0000-0003-0343-5643,105019785343
57189843156,Chung H.,,84975291023
57189848480,Liu J.,,84975291023
57189848767,Weiss-Cohen L.,0000-0001-6355-9619,85087164039
57189850012,Yeo S.L.,0000-0002-9677-0039,105049100457
57189851638,Ebers A.,,85115289362
57189852532,Sekar S.,,85086087249
57189852669,Voelkner A.R.,,85188180691
57189874431,Hayes A.S.,0000-0001-5481-8906,105015461335
57189882537,Vogler D.,0000-0002-0211-7574,105035870262
57189883482,d’Haenens L.,,85124745222
57189890702,Yang M.M.,0000-0002-0911-6179,105042165703
57189892893,Nielsen C.V.,,84975770291
57189903569,Waldfogel H.B.,,105035842663
57189914557,Schaaf S.D.,,85193712503
57189915747,Anoll A.P.,,85046482182
57189921942,Johnston Z.A.,,85003010167
57189923318,Shrestha U.,,105025101641
57189927844,Combet B.,0000-0003-3711-4215,105026027398
57189963391,Colonnelli E.,,85183126722
57189964452,Fallon L.,0000-0002-6437-0065,85201268174
57189970686,Jackson M.,,85075150592
57189974688,Muise D.,,85044459417
57189974747,Armona L.,,85063746882
57189986419,Choi B.,,105032457332
57189997730,Little T.,,84976361854
57189997900,Nnaji C.,,105046888244
57189999670,Zhang D.,,85169599499
57190000234,Fuenzalida J.,,105044856142
57190002502,Garner I.,,85101980921
57190006090,Meier A.,0000-0002-8191-2962,85114651165
57190012730,Robinson C.D.,,85066244324
57190017096,Abbondati F.,,85085919870
57190044668,Shin L.J.,,85070854192
57190046521,Bryan M.A.,0000-0002-3259-7628,85145738327
57190046555,Sierra-Arévalo M.,,85176149944
57190062587,Biddle C.,,85059193550
57190063190,Gonçalves M.,,85138630086
57190064181,Morgan J.C.,0000-0002-9304-0284,105014408667
57190065040,Wells M.S.,,105036238870
57190067733,Khern-Am-nuai W.,0000-0002-1028-1593,85161927637
57190069008,Chang-Liao N.C.,0000-0002-6788-8556,105012778983
57190070727,Kong A.Y.,,85131840762
57190071063,Mudereri B.T.,,105033817071
57190071291,Tschötschel R.,,85111537924
57190072499,Hinnosaar M.,0000-0002-0936-0104,85065669985
57190072766,Letheren K.,0000-0002-4299-2955,85112397472
57190088482,Chegeni R.,,85205081076
57190111583,Russo A.,,84875243382
57190112049,Chakrabarti P.,0000-0002-1668-0755,85167839878
57190113282,Nuamah S.A.,0000-0002-1295-6451,85166435981
57190114986,Strasnick E.,,85128374813
57190118964,Emery C.R.,,85131011909
57190121804,Mueller L.,,85175036087
57190122824,Vogler J.P.,0000-0002-5822-2680,105022867245
57190129894,Osanami Törngren S.,,85188150268
57190156112,Schomaker M.,0000-0002-8475-0591,85048702208
57190164471,Zuska F.,,84978064542
57190164870,Martin D.J.,0000-0003-2159-8083,85194380866
57190164888,Jespersen K.,,85120629976
57190167470,Penning de Vries J.,,105003127106
57190176865,Zhang X.,,85060336598
57190179410,Bell A.M.,,85142916188
57190181814,Anderson S.E.,0000-0002-7522-2340,105013881602
57190182939,Paulsen V.,,85174679070
57190185368,Lechner G.,,85187183500
57190186663,Zhang D.,0000-0001-9350-3253,85173080023
57190187835,Passmann A.,,85187183500
57190188662,Jovanovic S.,,105028616115
57190190490,Lee Y.,0000-0001-7336-1198,85106500637
57190194459,Li J.(.,0000-0001-5824-6626,105026711445
57190211937,Sriram S.K.,0000-0003-2164-3550,85125933778
57190212646,Klemm S.L.,,105013236358
57190213047,Smith C.W.,0000-0001-8370-5628,85142916188
57190213068,Pryke J.,,85100082207
57190216189,Palmese A.,0000-0002-6011-0530,85126624477
57190216222,Igarashi A.,0000-0002-1383-8035,105043601511
57190218096,Larsen M.V.,,85210273617
57190218579,Link M.,,84898857670
57190221497,Argüello T.,,85048595481
57190222029,Reinhold A.M.,0000-0003-0411-3486,85113668035
57190224982,Smith R.A.,0000-0003-2407-7515,85035781725
57190225589,Seabrooke T.,,85115167763
57190225904,Brashears L.,,105037798297
57190226569,Seiss E.,0000-0001-9778-9076,85121869632
57190229932,Asante Antwi H.,,85086004902
57190231397,de Wit A.,,85079422155
57190239203,Katz J.,0000-0002-6740-5040,85092394321
57190244416,Leistner C.E.,0000-0003-0310-3163,85176135752
57190246273,Cayton A.,,105038192047
57190246721,Knuppe A.J.,,85207114790
57190248806,Wu J.,,84978685248
57190249196,Elsayed Y.,,85137576797
57190257928,Said N.,0000-0002-0462-8554,105047980195
57190258247,Vyncke B.,0000-0001-8276-0051,85055976712
57190259623,Mundell T.,,84978766856
57190266914,Benson A.,,85123075667
57190267968,Daoust J.F.,,85120788452
57190269723,Chewinski M.,0000-0002-8483-5456,85168011373
57190272099,Gogoll J.,0000-0002-0705-2191,85045657873
57190274462,Calderon M.A.,,85131724414
57190278449,Liu Z.,,105020979552
57190279510,Czymara C.,,85045343933
57190281209,Koiranen I.,0000-0001-8520-5133,105040813215
57190284583,Alonso-García J.,,85129317547
57190286821,Sanders J.G.,,85187459320
57190287608,Manandhar S.,,85090893536
57190289351,Hall L.H.,,85216715166
57190291351,Cox C.,0000-0001-9416-9509,85181924764
57190301696,Veiga A.,,85200251673
57190302015,Mérola V.,,105027197362
57190303821,Dubiak K.M.,,85124870250
57190304450,Braun C.,,85017215069
57190306137,Kokole D.,,85196834368
57190306921,Thompson P.J.,,85050395492
57190337252,Leasure P.,,85203560291
57190339444,Chang J.,,105027437140
57190347063,Ette A.,,105028420266
57190370393,Qi D.,,85118715173
57190373576,Aelenei C.,0000-0002-4232-6506,85210032259
57190375042,Morris I.,,85210769305
57190376381,Wohlfart J.,,85173213879
57190379998,Groggel A.,0000-0003-3321-6636,85169326370
57190384702,Lista P.,,85183718228
57190390553,Nichols A.,,85166956526
57190405686,Faure C.,0000-0002-1629-132X,105004264301
57190426091,Liu Y.,,105009831682
57190435153,Zhu Y.,,84983672061
57190437057,Isani M.,,84979998257
57190437914,Yang J.,0000-0002-5989-5254,105041055052
57190442633,Plantan E.,,85204380709
57190485282,Pudney S.,0000-0002-5697-0976,85125379687
57190488050,Nguyen L.J.,,84980371970
57190491676,Roschke K.,,85150526821
57190565987,Stiers D.,,105016587302
57190574162,Asif M.,0000-0003-3496-4601,105017076767
57190574486,Taylor T.J.,0000-0003-2489-2966,85115088848
57190579786,Belavadi S.,0009-0004-9131-8221,105003748486
57190580730,Ferreira-Alfaya F.J.,0000-0002-6805-0608,85214559482
57190584924,Goedhart A.,,85088676018
57190591743,Sheares A.,0000-0001-9630-7143,85138574225
57190592764,Tellez J.F.,0000-0003-0237-7410,105030598601
57190616775,Pinson L.,,85073218531
57190617543,Uhl M.,0000-0002-8838-4824,105037135206
57190617908,Schub R.,,85182558147
57190621022,Rhyner K.,,85021979578
57190621988,Flynn D.J.,,85114350257
57190658247,Grace M.K.,0000-0002-1226-7680,105042340289
57190658621,Castillo J.C.,,85055163621
57190660645,Eldemerdash N.,,85144366437
57190662549,Reyes-Housholder C.,,85098052256
57190666662,Zhu Q.,,105027115552
57190666953,Deuitch N.T.,,105023444230
57190671106,Lewis K.,,85210769305
57190676621,Osmundsen M.,,85199888463
57190681542,Ocampo A.C.G.,0000-0001-9380-227X,105042156724
57190683611,Prnjat Z.,,105028616115
57190685363,Wu Q.,,85097414378
57190685651,Wehde W.,0000-0002-1616-5673,85171798056
57190687157,Schlaufer C.,0000-0002-2379-4849,85194861032
57190687894,Chung E.,,85159766391
57190687901,Park S.,,85087314530
57190730133,Bonato T.,0000-0001-7273-5725,85136340359
57190747358,Wright W.C.C.,,84994037008
57190748315,Haenschen K.,0000-0003-0191-2880,85204496673
57190758352,Lloyd E.P.,,85144354792
57190762434,Hicks L.L.,0000-0001-7451-3982,85162651744
57190768377,Saulītis A.,,105039658818
57190768834,Javed J.,,85092146048
57190771520,Buyuker B.E.,0000-0002-1967-9995,105029633144
57190788374,Mellish S.,,85099389558
57190806413,Rudolph L.,0000-0001-8977-4480,105043412577
57190807580,Stephens-Dougan L.,0000-0002-3230-0871,85151529947
57190809913,Runge C.P.,,85064120941
57190810665,Jeworrek S.,0000-0001-7967-9383,105043430593
57190812541,Vlaskamp M.C.,0000-0001-9755-9676,85070827776
57190814214,Estes B.,,84983269069
57190837500,Wooley A.,,105007699702
57190853987,Letsa N.W.,0000-0002-1187-565X,85181809179
57190854199,Asharani P.V.,0000-0001-8215-5214,85125602691
57190855307,Crosby A.,,105042563243
57190861198,Godefroidt A.,0000-0002-5010-2860,105001077106
57190861843,Gander P.,,85087674196
57190864604,Klaiman K.,,84996508831
57190868366,Zhu X.,0000-0003-1000-8324,105001490676
57190871118,Altinigne N.,,84983680238
57190872460,Nelson J.,,84983672061
57190874591,Isiksal D.G.,,84983680238
57190877565,Zhan L.,,85026369863
57190878086,Johnson A.R.,,85100965182
57190879735,Becker-Haimes E.M.,,85194700326
57190883640,Zhao C.,,85026369863
57190885532,Nicoli F.,,105045370981
57190887508,Ocampo A.X.,,85207108590
57190933983,Rollins C.,,105003589132
57190945171,Shugar A.,,85123307033
57190949094,Perrotta D.,0000-0003-3014-8551,105024566039
57190952891,Grigoriev I.,0000-0002-0058-8583,105032128577
57190956745,Dekalchuk A.A.,0000-0003-2032-3205,105032128577
57190961652,TaŞkale N.,0000-0001-9082-9944,105007031283
57190963350,Pechenkina A.O.,,85159766391
57190965018,Jang W.,0000-0003-1237-6163,85115150428
57190973027,Jeanis M.N.,0000-0002-8096-6213,105042615427
57190975831,Dauth C.,,85133970957
57190976747,Thal A.,0000-0001-7003-3690,105042631721
57190977036,Wang J.,,85217236784
57190981355,Sin P.,,105034686182
57191030691,Robertson Christopher ,,84985864658
57191052575,Biehl S.,,84986232759
57191053364,Buczek T.J.,,84986207506
57191053993,Demetriades S.Z.,,85037982397
57191056216,Pelled A.,,85071719276
57191057345,Ghosh S.,,85071719276
57191059105,Sharrow E.A.,,85055964241
57191059779,Doering L.,,85173221804
57191089011,Szeitl B.,,105041439022
57191089044,Jin S.,,85139144021
57191089671,Novella R.,,85184040661
57191090843,Li M.,,85191018381
57191091128,Kube T.,,105016851788
57191092881,Weiger C.,0000-0002-6029-0033,105034280381
57191093064,Schäfer S.,0000-0002-6401-1564,85072306206
57191093298,Halladay B.,0000-0003-1240-438X,85202539887
57191094500,Husz I.,0000-0003-4985-5918,85206093840
57191096380,Wang Y.,,85190097131
57191123679,Evans D.,,85097535412
57191148881,Hoffmann B.,0000-0002-5803-4225,85206875956
57191157555,Foos F.,0000-0003-4456-3799,105013328418
57191160956,Abdelhamid M.,,105032703902
57191161074,Sarson L.,,84987624351
57191162041,Howell P.,,105032703902
57191165083,de Ruijter A.,,85128697803
57191170056,Li T.,,85003010167
57191170598,Becker A.,,85071470510
57191187536,Birnbaum L.,,85104716541
57191190511,Galandini S.,0000-0002-2053-3053,84994158607
57191192155,Goode J.,,85070115265
57191192299,Reher M.,,85199293435
57191195251,Adachi S.,0000-0002-0400-7555,85205480864
57191198911,Carter K.C.,0000-0002-1123-2347,85060078429
57191202425,Uzelac G.,,85178249533
57191208700,Milonopoulos T.,0000-0002-4694-4678,85100751141
57191221403,Chun-Wei ,,84988005883
57191224752,Li M.,,105043459819
57191224917,Smith L.K.,,85069735550
57191228029,Grillos T.,,85121108025
57191229219,Bridges D.,,84988005883
57191231106,Liu H.,0000-0003-1003-1372,105047382501
57191244776,Wiese E.,,84961315236
57191245473,Iuliano J.,0000-0001-7466-0317,105011302164
57191253155,Gaus S.,,85210769305
57191258087,Santamaria J.,0000-0002-8487-106X,105016477922
57191258655,Sinclair G.S.,,84988353058
57191263958,Balietti A.,0000-0002-5624-4413,105001425101
57191275036,Jones A.R.,0000-0001-7673-4105,85107955398
57191278193,Bergemann P.,0000-0002-2238-3191,85162150185
57191279908,Zhao Y.,,85041662076
57191280104,Bansak K.,0000-0003-0229-9694,85177488077
57191281091,Lin X.,,85150960058
57191281229,Schiefer I.M.,,85011320926
57191283850,Wheeler C.S.,,85073817746
57191285904,Wade C.,,84988568872
57191286361,Mohanty S.P.,,85113881377
57191287335,Zhi R.,,85041662076
57191291501,Song M.,0000-0002-2875-9786,85162955443
57191292914,He P.,,105014025979
57191319581,Bickman L.,,85116548497
57191330600,Malone T.,,85116325673
57191339630,Men C.,,85211934873
57191340709,Vriend T.,,105003936982
57191360465,Zhang J.,0000-0001-8131-552X,105046162689
57191363430,McCreedy E.M.,,85044150697
57191364938,Toonders W.,,85046125338
57191366390,Li C.,,85195692648
57191369273,Valenzuela Carvallo E.,,84989227427
57191373117,Santoso L.P.,,84989270886
57191373295,Mateo M.,,85122393971
57191373754,Lee K.L.K.,0000-0002-1903-9242,85079078367
57191374197,Saef R.M.,0000-0003-4553-3655,85206371179
57191403416,Mitts T.,,105035818108
57191420382,Wehner C.,0000-0003-3527-7985,105039156533
57191421023,Danesh T.,,84989872384
57191440627,Niselbaum-Atzur P.,,84990186270
57191442655,Bjarnøe C.,0000-0001-7385-0717,105039885285
57191443546,Kümpel A.S.,0000-0001-7184-4057,85163836189
57191443635,Meitinger K.,0000-0001-8160-556X,105007337546
57191451517,Del Missier F.,,105000168411
57191481628,Sederevicius D.,0000-0002-2688-0857,85112410054
57191484247,Harris M.N.,0000-0001-7412-6894,105012565726
57191485224,Ahern E.,0000-0001-9230-6776,85141446198
57191497927,Joesten Martin D.,,85075118098
57191506345,Goodman-Williams R.,,85110359502
57191518181,Alotaibi H.S.,,105040566538
57191527147,Ray C.D.,0000-0003-0491-1517,105048977450
57191527991,Solomon S.J.,0000-0002-4363-405X,85163693933
57191541074,Nguyen M.H.,,105013786482
57191541714,Sohlberg J.,,105042292936
57191570182,Lang V.,,85081254629
57191572134,Fetz K.,,85109182468
57191573516,Raj M.,0000-0002-1457-7850,85106536874
57191576187,Zheng X.,,85054560559
57191576822,Zeira Y.,,85192036947
57191576992,Leszczyński G.,,105011355086
57191577573,Huff C.,,85094682072
57191577753,Prather L.,,85098180961
57191579540,Williamson H.,0000-0001-5509-6781,85165260810
57191581966,Butler B.J.,,85114102481
57191584178,Kruszewska D.,,85054594500
57191595104,Xu H.(.,0000-0003-1591-0464,105034156984
57191598432,Lin Y.,0000-0002-6736-1316,105041455414
57191607872,Chan W.S.,0000-0001-6829-7822,85198861105
57191608396,Kim C.J.,0000-0002-1382-3626,85070397338
57191611320,Stevens E.,,85006253425
57191612660,Park S.Y.,,85181507136
57191615529,Cate V.T.,,85019250466
57191619695,Chaturvedi N.S.,,105030487186
57191622812,Macaulay P.J.R.,0000-0003-4891-9940,85124799337
57191625875,Gross M.,0000-0002-8836-3388,105039217495
57191628566,Gackowski T.,0000-0002-5521-3295,85195603094
57191628605,Sawert T.,,85139449216
57191631638,Bøggild T.,,85192691063
57191631912,Alkon M.,0000-0002-7615-2276,105025440112
57191633450,Jahn J.,,85078807818
57191635808,Parida M.,0000-0002-4599-2336,85136089056
57191647240,Hagood E.W.,,84992381870
57191651528,Kilimnik C.,,85065256275
57191651850,Tepe T.,0000-0003-3576-6172,85138439055
57191657991,Nguyen C.,,105036254010
57191670423,Tan E.W.S.,,84992331694
57191676214,Berg M.,,85084416465
57191694797,van den Bekerom P.,0000-0003-0299-5657,105016184441
57191699070,Risius A.,,85119898194
57191706675,Grigoryev D.,,85217506639
57191706845,Adriaans J.,,105047419842
57191707861,Dawkins R.,0000-0003-3856-9422,105038192047
57191708105,Chu H.,,105012405225
57191710525,Ponizovskiy V.,,85065119258
57191729275,Delrue J.,0000-0003-2882-1399,85064460748
57191737080,Parsanoglou D.,,85087371588
57191747086,Jenke L.,0000-0002-2109-9391,85146391388
57191750025,Weisskircher M.,0000-0003-2938-0951,105018206661
57191751561,Yan J.,0000-0002-6734-2991,105003267511
57191752984,Goya-Tocchetto D.,,85068176330
57191754242,van ‘t Riet J.,,105019064673
57191780759,Blakey E.,,85081291207
57191820173,Jamieson T.,0000-0002-2716-5476,85179681814
57191827892,Ouayogodé M.H.,,85214305683
57191833804,Fernández-Reino M.,0000-0003-3146-0336,105045765546
57191837021,Johnson-Kwochka A.V.,0000-0002-7455-4546,85090305943
57191837199,Bitew S.,,85130112217
57191840041,Kim S.,0000-0003-4882-8862,85115150428
57191845244,Wihbey J.,,85203420035
57191846174,Palmtag T.,0000-0003-4725-2136,85191263810
57191847579,Liston E.,,85123307033
57191854752,Webster R.,,84994219824
57191857412,Was C.A.,,85052594985
57191857942,Arenas A.,,105010861532
57191865643,Nellis G.,,85009827374
57191867395,Bossetta M.,0000-0002-8611-5487,85097504476
57191867863,Goggin S.N.,0000-0001-8653-617X,105000181653
57191877321,Bundi P.,,105001969901
57191880673,Laryea E.,0000-0001-7177-0027,85131401591
57191881907,Francová A.,,85056254545
57191883422,Hilbig S.A.,,85116972333
57191887429,Fruijtier A.D.,,85211183390
57191891792,Melumad S.,,105001076722
57191898211,Waller J.,,85216715166
57191898919,Shishkova E.,,85124870250
57191901540,Lee T.K.,,85073652413
57191907892,Curry P.,,84994731782
57191908067,Netanong S.,,84994731782
57191908289,Yamprasert R.,,84994731782
57191909603,Giroux M.E.,,85088799859
57191912191,Chanvimalueng W.,,84994731782
57191912428,Punchaipornpon T.,,84994731782
57191914960,Kaewkumpai R.,,84994731782
57191915485,Song H.,0000-0003-0995-0291,85099625572
57191915974,Goodson A.,,85159142294
57191917217,Wang Y.,0000-0002-1090-9598,105036593680
57191921483,Mosquera R.,0000-0002-0678-2803,105007437293
57191922064,Lüdtke O.,,85195683980
57191923241,Ahn Y.,0000-0002-9695-2158,85163745598
57191924041,Collins J.E.,0000-0002-7296-1340,85209899163
57191924503,SoRelle M.E.,,85197267384
57191926336,Colombo C.,,85079251214
57191958267,Adam E.M.,,84995484509
57191961103,Deglow A.,0000-0003-4376-779X,85209649166
57191961721,Chen L.,,85142402221
57191963066,Luqiu L.,,85090051800
57191964549,Erevik E.K.,,85205081076
57191971187,Hou J.J.,,85056155019
57191973276,Bracic A.,,85172877885
57191975779,Li Y.T.,,85056155019
57191978440,Brandtner C.,,105028866577
57191978459,Leichtmann B.,0000-0002-9062-0996,85210489353
57191979729,Leibovitch A.,,105015387897
57191982652,Neuhaus R.,,105024885700
57191982888,Gschwind L.,0000-0003-0728-693X,85211602586
57191988984,Palm-Forster L.H.,,85078818766
57191991533,Brakemeier H.,,85101758860
57191992186,Galang C.M.,,85066778684
57191993271,Zifla E.,,85120655057
57191998351,Gupta R.,,85145455937
57192008193,Whitaker R.,0009-0002-3964-3612,85208785574
57192013781,Spaccatini F.,0000-0001-7472-9089,105044379006
57192045408,Kanbayashi H.,,85162726025
57192062037,Pow J.,0000-0002-0550-2304,85101008851
57192063028,Witherby A.E.,,84996563939
57192063087,Peng X.,,105034021141
57192065191,Uthmann S.,,84996551478
57192072341,Kohl P.,0000-0002-9367-5116,85089701437
57192073188,Meadows A.,,85068381838
57192073337,Matheis M.,,85135277158
57192073568,Zagrodney J.L.,,85047660072
57192073751,St Quinton T.,,105044646321
57192077757,Cai Y.,,85111291012
57192077768,Odrobina D.,,85030317816
57192078117,Wong T.,,85030317816
57192083659,Wagner A.,,85030317816
57192084574,Kettel J.,,85030317816
57192089285,Haasova S.,,105037769935
57192089984,Peleg N.,,85030317816
57192099710,Baum C.M.,0000-0002-6513-5518,105000417315
57192107828,Geng R.,,85193489230
57192110245,Sparks A.C.,,85125103705
57192126322,Sivakumar S.,,85073517667
57192157056,Fu W.C.,0000-0002-0444-0156,105036733065
57192160432,RezaeeDaryakenari B.,0000-0003-4717-5409,85086566530
57192162225,Xie S.,,85216258746
57192162312,Watzek J.,,85057293626
57192162567,Yuan Q.,0000-0002-5271-6954,85056112905
57192164444,Kurowska A.,0000-0002-3578-4517,105030692542
57192168805,Komisarchik M.,,105045529994
57192170506,Stanley S.K.,0000-0002-1272-5768,85129186966
57192171868,Seim B.,,105004309470
57192172097,Archer S.,0000-0003-1349-7178,85069467467
57192172819,Strezhnev A.,,85129014294
57192176528,Zhang X.,,84999635170
57192178333,Vernot C.,,84999635170
57192179238,Eastwood K.,,84999635170
57192181687,Hall N.,,84999635170
57192181921,Butler M.,,84999635170
57192182028,Zhu Y.,0000-0001-9667-5165,85198464294
57192182755,Taylor L.,,84999635170
57192183771,Birmingham R.S.,,85049867952
57192192061,Lombardi M.,0000-0002-0375-9392,85206875956
57192203065,De Poli S.,,85001130097
57192203763,Weiss A.,0000-0002-5718-5961,105045389961
57192204446,Wilf M.,,85072051180
57192205971,Vidal L.,,85000879062
57192207991,Kelly D.,0000-0002-5415-2988,85044450050
57192210080,Curtis S.R.,,85122324398
57192211388,Kim B.,0000-0002-2991-4186,105018665494
57192212071,Newton D.W.,0000-0003-0442-2043,105001995175
57192231379,Thomas-Walters L.,,105029518936
57192233724,Givi J.,,85213679537
57192233842,Singh P.,,84922231765
57192238231,Gustafson A.,,85133654185
57192248578,Han Z.,0000-0003-0314-0570,85198941344
57192248606,Ulitzsch E.,0000-0002-9267-8542,85195683980
57192250463,Yu A.,0000-0002-2328-7644,85122101406
57192251028,Lee G.H.,0000-0003-2956-4574,105012778885
57192251843,Taylor M.A.,0000-0002-7440-0723,85115229625
57192251859,Alarian H.,0000-0001-6356-0513,85193918080
57192253737,Prescott M.P.,,85103438779
57192258189,Wang Y.,0000-0001-9831-1090,85112410054
57192265631,Nicolson M.,,85002864863
57192265876,Smith E.K.,0000-0001-7702-0809,85206976729
57192275671,Højlund A.,,85068940978
57192295341,Sandlin E.W.,0000-0002-9268-6120,85132074045
57192303360,Mathieu J.,,85032478859
57192304019,Zhang M.,,85165944053
57192310855,Glogger I.,,85084697874
57192313924,Soon J.,,85057062341
57192364661,Grimani A.,0000-0002-2076-6199,85141244667
57192367212,Ingabire C.,,85077691868
57192369302,Gibbons R.D.,,85117763016
57192372764,Scolere L.,,85184585795
57192372910,Barlev M.,,105004475485
57192387017,Wilhelm M.,,85108151703
57192390564,Rud O.,,85134062755
57192397898,Hanania R.,,85096843117
57192401820,Park N.,0000-0003-3138-2630,85187511089
57192403387,Speight C.D.,,85102153409
57192406787,Pariafsai F.,0000-0002-1984-7004,85171154438
57192412198,Visconti G.,0000-0002-0914-1497,85134302419
57192415970,Goldring E.,0000-0002-7457-6809,105015477196
57192418339,Zadro J.R.,0000-0001-8981-2125,105009707708
57192419601,Igler E.C.,,105005072937
57192428188,Zhang F.,,85124220187
57192429581,Breslawski J.,0000-0002-4246-2137,105003131956
57192436602,Yeh C.H.,0000-0003-3645-6256,85038866720
57192489809,Zhang H.,,85016025310
57192522612,Li Y.,,85021066073
57192540658,Hellmeier S.,,85201483333
57192553962,Rockwood N.,,85150648929
57192555410,Sandberg L.,0000-0002-9440-7084,105029053322
57192558594,Parrish E.,0000-0003-1937-8145,85068221135
57192571590,Liu Y.,,105013505742
57192586369,Aldred Cheek K.,0000-0001-8752-8999,85006839993
57192590007,Robinson C.,0000-0001-8168-9265,85172164061
57192605048,Lee S.,,85135792366
57192642951,Turja T.,,85199373363
57192650483,Kim M.,,85041488466
57192652142,Jones M.K.,0000-0002-6406-237X,85189804981
57192661846,Casey J.P.,0000-0001-7019-6617,85171350861
57192663123,Castorena O.,,105007880008
57192667792,Auer D.,0000-0003-4454-2365,105003951560
57192671575,Osgood I.,0000-0002-6084-7102,105001984917
57192676248,Höglinger M.,,105027287089
57192677763,Kleizen B.,,85161014650
57192683200,Zickfeld J.H.,0000-0001-7660-2719,105036106495
57192684054,Han Y.,,85186177048
57192684740,Lapsey D.S.,,85159142294
57192687869,Zwetsloot R.,0000-0002-2788-6257,85102415653
57192698837,Zimmerman F.,0000-0002-4632-978X,85207105648
57192701797,Lu J.G.,0000-0002-0144-9171,85172239297
57192701804,Kistler D.,,85018794230
57192705165,Larson-Konar D.,,85057582560
57192709759,Vogdrup-Schmidt M.,,85057284961
57192714631,McBride E.,,85046985026
57192718679,Granberg M.,,85174605794
57192721778,Augustsson H.,,85219714734
57192810477,Rivera-Burgos V.,0000-0001-8067-1274,85165703786
57192810763,Chen T.,,85149330476
57192814863,Vallejo M.,,85083277227
57192820363,Bialik K.E.,,85021183154
57192834038,Lee C.,0000-0002-8859-9796,105011487673
57192836869,O'Brien E.K.,,85123969658
57192839084,Dell'Acqua G.,,85085919870
57192845479,Matos Y.,0000-0002-3926-7015,85091743617
57192863559,Lemi D.C.,,85130932003
57192868552,Rathbun N.S.,,85126280332
57192868576,Hultin Rosenberg J.,,85211602586
57192870096,Hamel B.T.,0000-0002-3964-7376,105019384379
57192871175,Ley S.,0000-0001-8141-9273,85162949347
57192871317,Cook N.J.,,85184484406
57192874505,Choi H.,,105008219912
57192889907,Abramson Y.,0000-0001-6410-1212,105018337326
57192893689,Chadwick S.B.,,85013670616
57192894197,Stoltz D.S.,0000-0002-4774-0765,85115229625
57192905242,Ewolds H.,,85098689916
57192918251,van Sintemaartensdijk I.,,85059936542
57192918951,Nomikos W.G.,0000-0003-2054-8359,85127841667
57192921545,Demetriou A.,,85059936542
57192924234,Penz E.,,85132067404
57192925789,Birau M.M.,0000-0002-3251-4239,105004264301
57192926594,Madrid-Morales D.,,85071196692
57192927104,Barthel M.,0000-0003-1747-1290,85118211436
57192927420,Vinnell L.J.,0000-0003-3053-0152,105033852578
57192928611,Wietelman D.,,85059852315
57192939244,Ötting S.K.,,85053075271
57192940101,Li G.,,85041662076
57192974777,Hensel D.,,85070524371
57192983102,Martinez Gonzalez A.,,105031821967
57192983973,Miliucci M.,,85166440803
57192987958,Huang C.,,85115638996
57192990911,Skurka C.,0000-0002-0613-3475,85141412116
57192999339,Platter H.N.,0000-0001-8312-7418,85116366809
57193006516,Yang C.,,85191197718
57193007176,Ali K.,,85088785005
57193007295,Schmidthuber L.,,85125332474
57193009828,McCain J.,,85071720850
57193014048,Bernstein M.S.,,85128374813
57193017076,Gao J.,0000-0002-7153-7855,105036437225
57193029403,Chen D.,,85081346517
57193056439,Do T.,,85053865862
57193074069,Gardener J.,,85010604453
57193080255,Pitas N.A.,,105047170102
57193081269,Simpson R.,0000-0003-3214-3797,85099284233
57193083511,Turcsányi R.,0000-0003-2036-6029,105021544419
57193090863,Palenciano A.F.,0000-0002-9963-7524,105003638176
57193092987,Knoth L.K.,,85020071880
57193098437,Johnson A.P.,,85061202415
57193111651,Glauser D.,0000-0002-8903-4973,85062347543
57193112785,Young N.L.,,85010918098
57193114715,Bakker D.,0000-0002-5451-1979,85202995551
57193138397,Pizzini B.,,85122081765
57193153807,Wang C.L.,,85205523999
57193154100,Uhl C.,,85021979578
57193159764,Armstrong B.,,85021980053
57193161341,Zhang H.,,85111291012
57193163782,Müller-Kalthoff H.,,85011320926
57193165178,Schenk P.,,105011348270
57193170830,Anglum J.C.,,85134190759
57193195374,Kingsland J.T.,,105041076928
57193195650,Johnson P.E.,,85081711071
57193198010,Amsalem E.,0000-0002-3135-9775,105007427471
57193198021,Hunt L.,,85214368640
57193201381,Allen K.T.,,85011589624
57193201867,Moya C.,0000-0002-7176-4775,105047419842
57193202626,Cagnone J.C.,,105012935442
57193202746,Angelopoulos S.,,85126133920
57193203902,Montgomery M.D.,0000-0002-5183-4457,105005793700
57193206600,van Wegberg R.S.,,105020936584
57193209770,Greussing E.,,85075015290
57193209931,Yang P.,,85011635927
57193213959,Uchikoshi F.,0000-0002-4972-4275,105009206681
57193215045,Zheng W.,,85135201482
57193220844,De Vito D.,,105028320603
57193223993,Fong C.,0000-0001-8618-600X,105037544615
57193226257,Reynaud E.,,105046126190
57193228920,Ma H.,0000-0002-6154-4090,105002643492
57193231596,Röhm A.,,85107756891
57193231919,Orthey R.,,85064149443
57193231928,Wang J.,0000-0002-2604-623X,105039203915
57193236353,Fesenfeld L.P.,0000-0002-4504-036X,105046378266
57193241614,Werner C.P.,,85103062520
57193243200,van Dijk A.,,85173929562
57193245871,Liu X.,0000-0001-7600-4858,105034673328
57193251685,Daley R.T.,,85103132055
57193255438,Fleig H.,,85012066416
57193264144,Shafranek R.,0000-0002-8055-4008,85078272761
57193266169,Goldring M.R.,,85067597084
57193267938,Gutting R.S.,,85112467187
57193268322,Schneider J.,,85061709857
57193270976,Boumans D.,,85194250987
57193272446,Fredendall A.,,85037698515
57193273455,Martin L.,,85172920970
57193275605,Moscovich L.,,85077870896
57193276705,Busby E.C.,0000-0002-8931-6348,105004481633
57193279870,Stewart M.A.,0000-0001-6074-9142,85058785173
57193281350,Lee M.M.,,85090886303
57193307615,Lennon C.,,85143858690
57193307723,Silva-Feaver M.,0000-0001-7480-4341,105011302164
57193309233,Campos D.,,85012918005
57193309696,Kim I.,,85065851957
57193312543,Wang B.,,85065851957
57193313497,Bruning P.F.,,85049963013
57193316053,Yamagishi A.,,85138522603
57193316489,O’Meara K.A.,,85186623331
57193317749,Jang J.Y.,,85065851957
57193317961,Lin H.C.,,85049963013
57193319886,Cheng T.,,105045687815
57193323692,Pavlov Y.G.,,86000674351
57193324209,Mikołajczak G.,,85144770573
57193324549,Watanabe J.,,85098636700
57193325371,Favara M.,0000-0002-5764-4654,105034182293
57193330299,Adolfsson K.,,85042614346
57193332443,Montes I.,,85037698515
57193333680,Cardinale Lagomarsino B.,,85095937109
57193335045,Kim E.,,85181507136
57193336874,van Maurik I.,,85211183390
57193336943,Dong L.,,85016025310
57193338784,Ustunel A.O.,0000-0002-1983-6372,105003773972
57193338847,Diddi P.,0000-0002-9972-6914,85149640771
57193339049,Hu B.,,105005540599
57193351597,Crawford H.,,85013191448
57193353428,Davis C.H.,,85079756336
57193366780,Snead W.,0000-0003-4616-2390,105034811505
57193374877,Gogineni H.P.,0000-0003-3422-2632,105007699702
57193376730,Hardesty J.J.,,85159740474
57193382716,Xie A.,,85060336598
57193385216,Zhu X.,,105027109177
57193385500,Tipler K.,,85172877885
57193392021,Verma R.,,85013469498
57193393206,Zeng C.,0000-0003-0554-945X,85112753194
57193394284,Mathmann F.,0000-0003-1446-0262,105001063038
57193401923,Naserian E.,,85200239954
57193403057,Ward P.,0000-0002-7281-1756,105005595594
57193410703,Hybka M.,,85074825621
57193414472,Carretero J.,0000-0002-3130-0204,85126624477
57193423813,Arechar A.A.,,85186741013
57193425370,Forestal J.,,105034353261
57193426841,Intawan C.,,85195301813
57193440430,Emmerink P.,,85014010934
57193441427,Hernández-Lagos P.,,85092192812
57193441984,Wu Y.,0000-0002-4288-5228,85189031530
57193442464,Growney C.,,85062280608
57193451863,Lai K.,,85202216236
57193452436,French J.E.,,85129463697
57193454801,Cochrane A.,0000-0001-6691-9149,85149065746
57193456022,Myers C.G.,0000-0001-7788-8595,84943455083
57193456952,House L.,,85014099947
57193484367,Jang S.,0000-0002-1033-1247,105046458469
57193486891,Jacobs N.,,85031825879
57193491963,Elliott D.,,85100842679
57193493473,Baute S.,0000-0003-2931-935X,105010960965
57193497343,Tandon A.,,85113881377
57193501316,Gärtner M.,0000-0002-7007-9661,105021320386
57193508268,Botelho J.,,85148353191
57193519692,Freeman M.,,85034248303
57193521313,Kuhn P.M.,0000-0002-8849-0248,85122433396
57193528571,Rosensaft-Eshel D.,,85014719943
57193528838,De Biasi A.,0000-0002-4337-6783,85185973647
57193530370,Kaushal A.,0000-0002-3815-0624,85141244667
57193532942,Xu K.,,85075056558
57193537553,Barnum T.C.,,85099058632
57193538413,Agerberg M.,0000-0001-7813-6109,85165279718
57193539572,Snider K.L.G.,0000-0002-3878-9428,85188351147
57193543764,Asaf Z.,,85014765126
57193550263,Czuba K.,,85014765126
57193559107,Schraefel M.C.,,85019971566
57193563982,Lu S.,0000-0001-8259-7987,85197309304
57193571487,Mulindwa J.,,85062803942
57193571551,Sinmazdemir T.,0000-0002-4675-8752,105026243740
57193572091,Warlick C.A.,,85207528560
57193583701,Davies E.,0000-0002-9686-9960,85085681220
57193592379,Goering D.D.,,85219682924
57193600348,Butt S.,,85061987731
57193605292,Bielak J.,,105036254738
57193606083,Keels E.,0000-0001-7006-442X,85212867531
57193607535,Peltoniemi J.,,85186570502
57193610373,Valencia S.M.,,85218185895
57193650853,Furnas A.C.,0000-0001-8006-7798,85130554591
57193652146,Faryar K.,,85129685284
57193654965,Chadwick A.,,105012627181
57193669105,Chatterjee P.,,85015636342
57193669308,Stewart E.,0000-0002-3955-7549,85208785574
57193669313,Marciano L.,,85128446748
57193673955,Diner D.,,85042768893
57193674675,Prkic A.,,105012935442
57193678428,Pham T.M.,,85065546287
57193680343,Stumpf-Wollersheim J.,,85114942889
57193689116,Lundberg I.,0000-0002-1909-2270,105037075830
57193699680,Sadri S.R.,,85062364613
57193705026,Xu L.,,85193247333
57193708555,Lee M.,,85059852315
57193711540,Shaymerdenova I.,,85016025310
57193711592,Richards D.,0000-0002-7363-1511,105020724441
57193712220,Laursen S.,,85046125338
57193716399,Eduard P.,,85046125338
57193716724,Birt A.R.,,85064149443
57193717099,Ling M.,,85193247333
57193717427,Poljak Ž.,0000-0003-0018-3938,105023852374
57193719374,Berg I.,,84934973406
57193722275,Yildirim T.M.,,105019758097
57193728498,Oude Groeniger J.,0000-0002-0691-1679,105037057133
57193729673,Sirianni D.A.,,85054976638
57193734224,Gleason N.,,85016191421
57193736163,Snegovaya M.,,85086005528
57193737030,Schaefer Z.,,85016191421
57193737528,Tappin B.M.,0000-0002-3826-8016,86000640200
57193739002,Mlejnková P.,0000-0002-4430-6269,105040947235
57193739443,Bloomquist K.,,85016191421
57193740760,Butcher C.,,85016191421
57193743174,Popham C.,,85118882243
57193744212,Qu H.,0000-0003-1939-7354,85091439324
57193744418,Plohl N.,,85118882243
57193745204,Wulff J.N.,,85063677320
57193745292,Boccanera M.,,85118882243
57193745540,Stuhlreyer J.,,85118882243
57193749912,Sorger C.,,85118882243
57193750395,Burcu Bayram A.,0000-0003-0538-9791,85212867531
57193750621,Askelund A.D.,,85118882243
57193750750,Jansma S.R.,,105037802369
57193751213,Blakey R.,,85118882243
57193751866,Vaughan A.D.,,85102990168
57193759353,Pajor E.M.,,85094861671
57193759984,Saxton G.W.,,85016390875
57193761730,Becker S.,0000-0003-3893-5840,105014888259
57193762076,Terashima Y.,0000-0002-5410-8274,85027160685
57193762144,Teixidó J.J.,,105046795304
57193766563,Feygin Y.B.,,85053701626
57193768298,Zhou J.,,85127112453
57193769759,Wiśniewska A.,,85026474357
57193771938,Ristea A.,0000-0003-2682-1416,105034296342
57193773253,Austin A.B.,,84906934646
57193775932,Hernández-Alava M.,0000-0003-4474-5883,85125379687
57193789308,Shen S.V.,,85062150291
57193797236,Drosinou M.,,85130542253
57193803404,Machimbarrena J.M.,,85046431450
57193803576,Ekl E.A.,0000-0003-4270-1625,85131115806
57193806777,Asaba Y.,,85071196692
57193807390,Jensen L.E.,,85016720083
57193807843,Reich S.,0000-0002-9474-3635,85149680227
57193810135,Del Grande R.,,85166440803
57193816040,Kebbell M.R.,,84855491200
57193836151,Wang R.,,105009510585
57193839567,Leer J.,0000-0002-7594-217X,85216854151
57193843154,Xiao Y.,,105034393757
57193843181,Shi M.,,85208955476
57193845164,Howell E.L.,0000-0001-6021-0235,105001546538
57193848747,Ponzini G.T.,0000-0002-8044-6138,85078625532
57193850875,Becker J.,0000-0001-7144-6403,85176290596
57193851214,Leutert W.,,85204380709
57193851443,Holloway K.,,105027587287
57193851468,Chaitoff A.,0000-0002-0017-6992,105012605918
57193851936,Gu Q.,,85117388246
57193860659,Huo R.,,105006465662
57193878903,Kim H.,,84994558919
57193879084,Nemčok M.,0000-0003-3556-5557,85085178384
57193884884,de Kadt D.,0000-0003-2151-8020,105039232120
57193885870,Hoffmann R.,,85201517680
57193886773,Marin Hellwege J.,0000-0003-1096-325X,105021632602
57193889125,Dingler S.C.,,85142692628
57193896526,Bor A.,,105027159077
57193897343,Hameleers M.,0000-0002-8038-5005,105000774089
57193898396,Rubino E.C.,,105048637275
57193898538,Rühs F.,0000-0003-3613-5436,105026494277
57193898788,Goldstein R.,,85127550026
57193908518,Caserotti M.,,105034954403
57193917288,Innes J.M.,0000-0002-7232-6937,85139820931
57193925553,Koivula A.,0000-0002-8453-0863,85214435302
57193927990,Orvidas K.,,85042721436
57193933329,Peleg-Koriat I.,,85017535918
57193947934,Kokot J.,,105030165702
57193953860,Reynolds J.P.,0000-0003-1536-1557,105011955339
57193960024,Zhang L.,0000-0002-3212-8303,85129248133
57193986600,Markin E.,,85089546742
57193991488,DellaValle N.,,85065549251
57193995222,Kelm O.,0000-0002-5500-9657,105002365860
57194000268,Reynolds C.,,85091464896
57194003687,Blume M.,,105008861586
57194003732,Leal R.,0000-0003-3017-9649,105004450315
57194011609,Constandt B.,,85074161129
57194016637,Kindt M.T.,,85149806184
57194017048,Teng E.,0000-0002-3380-3008,105032829539
57194020782,Anderson J.,,85186623331
57194024038,Gray T.,,85048830035
57194024678,Guo G.,0000-0002-8853-0924,85159144533
57194028639,Lupton D.L.,0000-0002-6122-9664,85192224861
57194031297,Dodge C.E.,,85170665922
57194031362,Lind F.,0000-0002-4978-9415,85104798005
57194032380,Kantack B.R.,,85142870334
57194034381,Redman S.M.,,85078629368
57194042183,Robert V.,0000-0001-6473-0676,85131541880
57194043088,Sun Y.,,85188598133
57194043733,Masood A.S.,0000-0003-1564-4477,85149816643
57194045161,Kanitsar G.,,85201517680
57194048083,Grafe M.W.,,105012935442
57194048569,Nguyen N.,,85143379923
57194050488,Buhlmann F.,,105021319407
57194065952,Paradis M.,,85024475310
57194070381,Candon M.,,85143550125
57194071162,Zilis M.A.,0000-0002-8637-8260,105016166477
57194072603,Mwangi D.,0000-0002-6912-8737,105027604258
57194074658,Lee J.,,85046077336
57194075465,Schneider C.R.,0000-0002-6612-5186,105000748965
57194088152,Koşar G.,0000-0002-8647-915X,85185602459
57194092490,Christmann P.,,85127278669
57194097994,Pötzschke S.,,85126644042
57194103896,Badaan V.,,85087614674
57194105120,Jang S.,,85195566275
57194105567,Ma A.,0000-0003-1220-6949,105028326613
57194106315,Grazi A.,,85018779454
57194109500,Prout J.,,85018779454
57194110137,Pond A.,0000-0002-6908-2791,85216353783
57194110579,Huet S.,,84857972862
57194113700,Holland B.E.,0000-0002-8154-4573,85129063464
57194117129,Ratcliff C.L.,,85112764069
57194120164,Perkovic S.,,85166956526
57194123547,Wilmers N.,0000-0002-0457-8761,85129248133
57194125123,Field L.,0000-0001-6648-6726,105004049901
57194125131,Mireles A.,0009-0006-3985-1867,105023322705
57194125857,Janusz A.,0000-0003-4920-9342,85098471978
57194130165,Székely M.,,85056254545
57194133671,Limon M.,0000-0002-5900-2698,105011302164
57194134699,Honig D.A.N.,,85111434052
57194141301,Grossman S.,0000-0003-4941-7969,85185948624
57194142648,Freihardt J.,0000-0003-2096-0335,85202949339
57194151652,Dzenkovska J.,,85069850862
57194158656,Kironská K.,0000-0002-1761-4004,105000729082
57194162902,Kise M.,,85042092771
57194165119,Vik E.C.,,85054976638
57194166594,Chou W.,,85041286906
57194167289,McCauley E.J.,,105023196611
57194177370,Sarmento D.,,85171265737
57194177377,Lambouths D.L.,,85061277562
57194178070,Barbara L.,,85019032160
57194180819,Liu B.,0000-0001-9019-8521,85019129241
57194181226,Waggoner P.D.,,85187940095
57194183713,Pizzoli S.F.M.,0000-0001-9378-8447,85078669526
57194185826,Tjaden J.,0000-0002-5054-3535,105044502235
57194191953,Jensen J.,,85019116256
57194193872,Jensen M.,,85019116256
57194193951,Kulikovskaja V.,,85152277286
57194194366,Schnabel J.,0000-0002-6160-1083,105036254010
57194195137,Argueso D.,,85019066477
57194195755,Yu S.,,85202534265
57194201478,Wang H.,,105048446098
57194202658,Malato D.,,85067437575
57194205593,Feng Y.,,85066822911
57194206238,Mendzheritskaya J.,0000-0002-6096-4114,85211117717
57194212392,Sawyer K.,0000-0003-3430-5921,85194541173
57194218585,Fritz L.,,105000417315
57194234283,Casas A.,0000-0001-6974-3652,85124205644
57194234533,Cox A.D.,,84921690908
57194239596,Kupfer T.R.,,85069728200
57194242634,Lyons V.,,105024195322
57194245250,Wamble J.J.,,85087006666
57194245881,Haas N.,0000-0002-7218-932X,105036058000
57194246305,Yadon N.,0000-0002-5172-0142,105030042553
57194247018,Siegel A.A.,0000-0003-0792-7813,85107735722
57194247749,Kirkland P.A.,,85020522370
57194264613,Lawrence E.,,85019412225
57194264933,Schwark S.,,85059650450
57194265900,Ji C.,0000-0003-4749-8419,105043459819
57194267454,Goh P.H.,,85125772832
57194276399,Michaelides M.,,85105602456
57194276438,Kweon Y.,0000-0003-1245-2779,85123476222
57194278239,Loukovitis A.,,85105602456
57194278434,Kursani S.,,85166010671
57194284842,Anspach N.M.,0000-0001-9326-5486,85210086947
57194286400,Wangler J.,0000-0003-4445-8323,85153181894
57194295073,Mosinger E.,,85175036087
57194322437,Schwab S.,0000-0002-8487-1238,85146158024
57194323174,Ouvrein G.,,85046431450
57194325541,Liebertz S.,,105003320249
57194326061,Itzkovitch-Malka R.,0000-0002-8058-6237,105041671253
57194329179,Aziz M.,,85175621703
57194333612,Xu X.,,85086004902
57194337944,Anjum G.,0000-0002-2589-7884,85175621703
57194339008,Cavaliere V.,,85019749197
57194339256,de Jong L.H.,0000-0002-9503-8874,85130966021
57194342913,Blassnig S.,,105001941529
57194348514,Kuo M.f.,,105035007479
57194348759,Zhou X.,,105038713927
57194387711,Lee J.,0000-0002-0800-9355,85105397415
57194387921,Escande A.,0000-0001-7549-0380,85150666256
57194393515,Ventura T.,,105005410949
57194397395,Şaşmaz A.,0000-0001-8942-0666,105024231488
57194398554,de Seta G.,0000-0003-0497-2811,105035870262
57194411934,Lind T.,,85118591667
57194413870,Vorlaufer T.,0000-0002-1586-5715,85116343883
57194418741,Borkiewicz K.,0000-0002-3748-231X,85206656921
57194419474,Aguena M.,0000-0001-5679-6747,85126624477
57194423488,Mikhaylova O.,0000-0002-0236-6992,105040909524
57194428502,Ibbett H.,,105007002458
57194432209,Cordell R.,,105008662085
57194434452,Downey J.M.,,85020105992
57194434683,Wang Y.,,105022498968
57194437188,Supriatna J.,,105007002458
57194441646,Ralston R.,0000-0002-4470-1242,85138223257
57194443957,Dello Russo G.,0000-0002-4958-5332,85152388888
57194444829,Philpot R.,,105034583584
57194455505,Haugsgjerd A.,,85147597298
57194455516,Unkel J.,0000-0001-9568-7041,85163836189
57194455907,Harsey S.J.,0000-0001-9215-9753,85158872802
57194464852,Zhou Q.,,105001965546
57194480093,Giovannelli I.,,105044379006
57194497668,Fischer T.,,85108792030
57194512746,Runge K.,,85073617890
57194518864,Fang A.H.,0000-0001-6265-5967,105013200123
57194519825,Shevorykin A.,,85065039034
57194524796,Erdogan B.,,105016477174
57194525772,Byrd K.,0000-0003-3688-5384,85135320477
57194528783,Gooch A.,0000-0003-1001-2438,85138238350
57194535524,Fogel-Dror Y.,0000-0002-1126-6408,85095792151
57194540144,Gomez-Aguinaga B.,0000-0002-6669-9788,85118767023
57194540200,Mutz M.,0000-0002-0549-0462,85173783559
57194541787,Schieferdecker D.,0000-0003-2376-0929,85188193056
57194545637,Oliveira E.,0000-0001-9149-0348,105013549770
57194546178,Ramos C.,,85086564155
57194551467,Bisbee J.,,85111434052
57194556505,Pelletier-Dumas M.,0000-0001-7647-8260,85165561626
57194559370,Gerke M.,0000-0001-8938-7456,85173783559
57194566473,Toossi S.,,85127847143
57194569310,Theodorou N.,,85105602456
57194570227,Decius J.,0000-0003-2361-6054,85219038324
57194570622,Laney B.,,85020929357
57194572494,Willis M.,0000-0002-3173-3990,85110603441
57194578233,Yamada M.,,85054952173
57194578404,Wang A.H.E.,0000-0002-0256-2723,105040734817
57194579298,Godfrey M.,0000-0002-0166-9510,85123075667
57194579613,Bhanot S.P.,,85126068290
57194582682,Park C.,,85116921325
57194583337,Phillips S.,,85054599752
57194584308,Fu R.T.M.,,105012778983
57194585835,Miller D.G.,,85064120941
57194588839,Van Belle E.,,85188150268
57194589804,Yan W.,,85158869748
57194590728,Parker A.J.,0000-0002-1367-2282,85146124386
57194594731,Neyt B.,,85081613400
57194594934,Duncan M.,0000-0002-0547-2387,85122868219
57194597817,Wu Y.,,85021183154
57194602493,Bazo Vienrich A.,,85021092121
57194602538,Eggleston A.,,85144592976
57194604522,Bertholini F.,0000-0002-2480-739X,105044973700
57194605960,Coppini D.,,85021183154
57194609256,Bjornavold A.,,85150491332
57194611756,Lupoli M.J.,,85092091944
57194612992,Balaine L.,,85021205589
57194618770,Neimanns E.,0000-0002-9558-8948,85136198646
57194624912,Xiao Y.,,85202534265
57194627742,Sauer J.D.,,85187881933
57194631523,Vanden Eynde O.,,85205069054
57194635827,Cho J.E.,,85054594500
57194637850,Götz M.,,85090215847
57194640122,Andersen H.K.,0000-0001-6842-5337,105000106945
57194646673,Koh K.,0000-0002-5953-9057,85192098619
57194655485,Clements Z.A.,0000-0001-7146-2761,85100523400
57194681684,Mauk M.,,105047484855
57194682643,Mok B.A.,,85045130957
57194690149,Freudlsperger C.,0000-0001-6672-929X,105002030341
57194690696,Haime A.,,85059835930
57194692460,Wegscheider C.,,85184208831
57194693574,Fernandes S.,,85205233423
57194694233,Schäfer C.,0000-0002-0693-0888,85209079402
57194699703,MacDonald A.W.,,85081346517
57194701773,Song M.,0000-0002-4657-5411,85177645427
57194702655,Chabris C.F.,0000-0002-7379-7378,105013865997
57194713738,Holder K.,0000-0002-4821-8792,85021792061
57194715576,Lane D.S.,0000-0001-7404-1890,105002135407
57194717745,Masullo J.,0000-0002-8537-2991,105016764888
57194720447,Flynn K.C.,,85129685284
57194723410,Yadav K.N.,,85115790570
57194726354,Obenauer W.G.,0000-0001-9838-1355,105044889838
57194727606,Hoogesteyn K.,,85064149443
57194740920,Schlotz W.,,85059101974
57194746810,Paruzel A.,,85098282691
57194758707,Wang D.,,85021860339
57194761294,Makarovs K.,,85159772013
57194767929,Pritchard C.,,85119660472
57194769640,Jonnson M.R.,0000-0003-3788-6020,85102009175
57194776771,Shen C.L.,0000-0003-2170-152X,105046975181
57194777851,Kubás J.,,85122675377
57194778069,McKinley G.L.,0000-0001-9567-0100,85215525746
57194779298,Steimanis I.,,85133130655
57194785391,Shakeel M.D.,0000-0002-7700-8540,85074810862
57194785951,DeAngelis C.A.,0000-0003-4431-9489,85087549603
57194787042,Gruffydd-Jones J.J.,0000-0002-7431-7823,105001851774
57194787549,Na S.,,85070854192
57194799058,DeCillia B.,0000-0002-3762-236X,85123191218
57194818115,Laws S.,,85197267384
57194828425,Jayes L.T.,,85124286437
57194829312,Le-Luan E.,,85053720434
57194831389,Machado V.,,85148353191
57194835015,Mendes J.J.,,85148353191
57194835835,Kesberg R.,0000-0002-2240-2401,105013879777
57194852935,Semenza D.C.,0000-0002-3843-9559,85176149944
57194856109,Nguyen L.,0000-0002-7165-6678,85103442864
57194856581,Dutceac Segesten A.,0000-0001-7058-2040,85097504476
57194857544,Azhari A.,,85092229869
57194857788,Vande Kerckhove C.,0000-0003-3297-0151,105039799595
57194862954,Wan F.,,105038698677
57194873489,Sandel W.L.,,105001537612
57194873884,Skigin N.,0000-0001-6145-6157,105045162062
57194876389,Cornesse C.,,85174574705
57194897650,Keita M.,,85024113306
57194903208,Oestman J.,,85134405023
57194940789,Kisfalusi D.,0000-0002-8609-0718,105028624390
57194941967,Šljivić J.,,85128274371
57194943826,Bellani D.,,105012398380
57194946769,Charman S.D.,,85064149443
57194962377,Wu Y.,,105035077435
57194975902,Ufer D.J.,,85138166058
57194978640,Albuyeh R.,,85024475310
57195032652,Rodrigues P.,,85148353191
57195033199,Chmielińska A.,,105004475485
57195035090,Tanibe T.,,85067586376
57195067550,Sahaï A.,,85141978080
57195068177,Achury S.,,85126482331
57195071730,Galvin M.A.,0000-0002-2164-3385,85100039866
57195072340,Huang J.,,85209773473
57195074349,Song X.,,105027115552
57195074529,Hazlett C.,,85059580483
57195101968,Fido D.,0000-0001-8454-3042,85190982800
57195107343,Whalen K.A.,,85094316078
57195110522,Wilson K.L.,0000-0002-2041-9760,85123928602
57195126415,Vojtech G.,,85025677266
57195133271,Grissett J.,,85025677266
57195208345,Sharma K.,,85127142770
57195221609,Roll S.,,85174598361
57195225205,Milani J.,0000-0001-9085-1623,85118106062
57195225778,Levitats Z.,0000-0002-6545-5255,105046552624
57195226946,Weinberg E.M.,,85026355323
57195228025,Chen N.,,85026369863
57195228986,Goh K.T.,,85117938231
57195231718,Metheney E.A.,0000-0002-4197-4966,85147575918
57195234187,Song C.,,85026369863
57195235434,Mroz J.,0000-0001-8462-1389,85026361879
57195236712,Durvasula M.,,85182371413
57195236820,Bergström F.,,85165940151
57195238769,Vittori D.,,85188966382
57195241083,Freundt J.,0009-0009-1415-8128,105047872627
57195247160,Kearns E.M.,0000-0002-7895-9129,105027475051
57195252255,Johannesson M.P.,,105007539604
57195252702,Nightingale S.,,85205059246
57195253132,Annoni A.M.,,85128446748
57195253140,Nordø Å.D.,,85121607836
57195278436,Grijalva C.,,85067794991
57195282668,Chen G.,0000-0002-4122-2377,85191584668
57195283937,Freeman A.L.J.,0000-0002-4115-161X,85178134794
57195303305,Hummel C.,0000-0003-3673-0657,85150366776
57195304175,Gerosa T.,0000-0001-6030-416X,105018117961
57195304581,Binder A.,0000-0003-3266-8614,105018842498
57195305756,Tobisch A.,0000-0002-5030-7006,85139129082
57195306129,Virgin S.G.,,85115311576
57195306381,Simmler M.,,85165708369
57195307283,Bodkin C.P.,,85126469855
57195308085,Patkós V.,0000-0003-3636-6357,85121107897
57195308350,Amaya A.,,85072919963
57195308668,Eisnecker P.S.,,85026905547
57195309464,Larner J.,,105016587302
57195309596,Persson S.,0000-0002-7353-5204,105041497315
57195325696,Ballingrud G.,0000-0002-9496-7858,85216620221
57195328224,Perna R.,0000-0001-6700-1997,85216834832
57195334375,Redondo B.,,85076296802
57195335198,Park J.,0000-0002-1608-6641,85189476949
57195335359,Bir C.,,85069644546
57195344315,Giesing Y.,0009-0006-5135-2112,105013176186
57195345132,McElhattan D.,,85027982511
57195345680,Perry G.,,85194589428
57195353720,Markovich Z.,0000-0001-5199-7048,105011249552
57195353740,Komlenac N.,0000-0002-2647-4461,85203498995
57195354107,Pannico R.,,105009045991
57195364802,Seklaoui S.A.,,85027503309
57195368522,Marriage N.D.,,85027503309
57195369133,van den Bergh J.,,85027503309
57195369530,Blackley A.S.,,85027503309
57195374215,Panagiotaros K.,,85027503309
57195376182,Ahmed S.,0000-0001-6372-213X,85172707378
57195387614,Haas C.,,105045234097
57195396927,Bilbil E.T.,0000-0001-9916-1047,105043616325
57195399267,Hayes A.L.,,85096019097
57195403081,Heiserman N.,0000-0002-4211-1767,105014188525
57195406342,Grömping M.,0000-0003-1488-4436,105047484855
57195411745,Stritzelberger J.,0000-0002-4888-6539,85146158024
57195412145,Frisch-Aviram N.,,85191200926
57195413890,Hill R.,,85046672481
57195418401,Bąk I.,0000-0001-8959-7269,85143767481
57195420680,Gutsche G.,,85215092807
57195422208,Singh B.,,85110412461
57195426385,Lee Park C.,0000-0001-8412-7129,85115724903
57195426931,Fracarolli Nunes M.,,85115724903
57195437164,Woolsey A.,,85028030139
57195445132,Yang F.,0000-0003-0064-989X,105048736035
57195457168,Chaikind J.R.,,85027928943
57195462759,Liddell J.L.,,85093861332
57195475847,Caines V.,,105035206928
57195487384,Scarborough W.J.,,105010952459
57195489398,Hoffman C.Y.,,105012565726
57195494836,Miner A.,,85116386825
57195510486,Broderstad T.S.,0000-0001-7058-5348,105007539604
57195518037,Fernandez-Lozano I.,,85089502197
57195520391,Costa N.,,85208161938
57195522139,Blount-Hill K.L.,0000-0002-5471-0812,85163546406
57195528045,St. John V.J.,0000-0001-5867-4129,85163546406
57195533074,McConnell C.,,85028669451
57195534086,White-Lewis D.K.,0000-0003-4434-6559,85186623331
57195536043,Longhurst C.,,85171599946
57195540369,Good M.C.,0000-0001-6573-2278,85092562205
57195543379,Perryman M.R.,0000-0003-0798-6311,85119843160
57195546381,Li J.,0000-0001-5478-0610,85163392283
57195548399,Smith B.,,85028727574
57195549990,Shanks L.,,85028727574
57195551908,Foley J.M.,0000-0003-0719-8315,85107346470
57195553232,Yao W.,,85206354097
57195554857,Kang T.,0000-0001-5494-0442,85174196496
57195556713,Hartley K.,,85144770573
57195560302,Adegbola O.,,105021257548
57195562641,Noda Y.,0000-0002-9633-8035,85206145252
57195570597,Koehlmoos T.P.,,105004581160
57195575076,Mello E.,0000-0002-8454-9150,105028774253
57195575877,Gerlach P.,,85166956526
57195582094,Leos-Toro C.,0000-0001-9987-6587,85100348819
57195584097,Figueroa L.,,85057607306
57195584293,Morgan C.D.,,85028981241
57195584746,Ma J.,,105047482808
57195585533,Tóth M.,,85085178384
57195585879,Moore-Berg S.L.,0000-0003-2972-2288,85126092849
57195588639,Torres D.P.,,85025678371
57195589914,Parlevliet J.,,85039919271
57195591618,Shafiei Sabet P.,,85028989892
57195607780,Mackenna B.,,85107628562
57195613043,Forrence A.,,85050904086
57195615010,Wynter T.,,85082604340
57195618502,Kowalczyk O.,,105009510585
57195627376,Wang S.H.,,85029371500
57195631534,Hosseini R.,,85029612266
57195632454,Chan S.C.Y.,,85190581947
57195634950,Thornewill A.,,85054599752
57195635892,Kim M.,,85074561575
57195637401,Turoman N.,,85064219014
57195638508,Rudolfsen I.,,85190816427
57195640028,Pietruszka V.,,85054599752
57195640970,Schiedel R.,,85054599752
57195641525,Yacoubou Djima I.,0000-0002-0476-2569,85183533650
57195641545,Jeon C.,,85029426933
57195641764,Somers L.J.,,85210991140
57195642500,Thompson A.J.,,105001077495
57195642839,Diament S.M.,0000-0002-1488-7322,85119409532
57195677019,Zhang J.J.,0000-0002-6453-5413,85218753134
57195677126,Henning K.,,85029469896
57195681027,Kuk J.,0000-0003-0772-1110,105043119125
57195681427,McIntyre A.,,85193508722
57195685297,Roozenbeek J.O.N.,0000-0002-8150-9305,85198977920
57195685567,Staewa D.,,85029469896
57195720477,Silagadze N.,0000-0003-2162-144X,85145990232
57195724432,Del Mercado S.V.,,85029617494
57195735669,Zoizner A.,0000-0001-5574-3475,85095792151
57195736988,Pemovska E.S.,,105012935442
57195755544,Spiker D.A.,,85063008569
57195756147,Yang B.X.,,105024099182
57195757748,Psimas D.,,85029763915
57195761195,Araújo V.,0000-0001-5392-5646,105012757755
57195773542,de Vries I.,0000-0002-9306-7620,85065135903
57195775683,Kozyreva A.,,85147720720
57195776732,Kieffer C.,,85128445142
57195785148,Jacques O.,0000-0002-3864-1773,105026049694
57195806006,Ye X.,,105005078467
57195806789,Grübel J.,,105010610792
57195836635,O’Brien C.,,85029909741
57195863578,Barrios M.,,85216215252
57195883337,Ekins E.,,85044846087
57195886731,Soroka G.,0000-0003-2796-315X,85186329002
57195917752,Albacete N.,,105014843099
57195918347,Burnette C.B.,,85074808960
57195924455,Thompson-Schill S.L.,,77952296830
57195940126,Upadhye B.,,85103600557
57195943588,Kwon R.,,85047911196
57195955923,Razin Y.S.,0000-0002-1630-8929,85208360511
57195965902,Pink S.,,85176547661
57195976020,Padoan E.,,105024000197
57195980455,Wice M.,,85137741923
57195980753,Goyal N.,0000-0001-8466-9841,85137741923
57195981120,Gourdon-Kanhukamwe A.,,105009510585
57195981233,Sarmiento M.,,85030680668
57195985902,Guyer J.J.,,85182539744
57195986084,Adanu E.K.,,85217922835
57195986119,Magni G.,0000-0003-0324-8303,105032793790
57195986346,Mays R.D.,,85064836671
57195988311,Gegieckaitė G.,0000-0001-6577-9885,105031824184
57195989038,Normile C.J.,0000-0003-0752-5873,85084674495
57195994710,Ophir Y.,0000-0001-5049-7906,85204155636
57195994878,Kustov A.,0000-0001-9361-8739,105033736627
57195999460,Shockley B.,0000-0001-9412-1919,85162136264
57196009792,Mao J.Y.,0000-0003-1422-7559,105001965546
57196018965,Bystranowski P.,,85203697228
57196030120,Bigler C.,,85077691868
57196031807,Chow W.M.,0000-0003-3207-9035,85191067296
57196032389,Donald W.E.,0000-0002-3670-5374,105016494283
57196035698,Boyle H.,,85031092592
57196041698,Khan K.U.,0000-0002-0604-3103,105038418295
57196049750,Jaynes C.M.,,105018480587
57196051056,Pereira M.M.,0000-0001-6621-9863,85173893206
57196051617,Mohrenberg S.,,85064636420
57196051980,Jang D.C.,,85054829213
57196052085,Bloem J.R.,0000-0002-4995-3043,85189488087
57196056332,Reinwald M.,0000-0002-7410-3163,85206073450
57196057188,Dehnert G.,,105030283088
57196057660,Naegele L.,,85071965061
57196061151,Canelo K.S.,0000-0001-9137-8540,105012407742
57196063054,Vue K.,,85031682371
57196066711,Fleming P.M.,0000-0002-3488-6618,85134877718
57196067882,Fairchild R.M.,,85163106194
57196072289,Del Ponte A.,,85186641135
57196076952,Schelfhout S.,0000-0001-9531-304X,85147666141
57196079207,Patel M.,,85041824610
57196080000,Heckman C.,,83655211490
57196082576,Fuchs C.,0000-0002-8457-1294,85092362534
57196083902,Ulvestad M.E.S.,0000-0003-4012-3964,105022082965
57196087270,Mu W.,0000-0003-4027-6557,85196318984
57196088120,Bergmann N.T.,0000-0002-0850-0021,85113668035
57196088618,Lough K.,0000-0003-2124-8251,105002965161
57196093949,Campanozzi L.L.,0000-0002-4458-5165,85160546701
57196094867,Stalph F.,0000-0003-4018-0918,85204450345
57196096475,Laker B.,,105039858974
57196119988,Sutcliffe J.T.,,85060074824
57196135622,Lee J.,0000-0003-0964-4251,85071849197
57196147068,Fuchs F.,,85154575564
57196149638,Ghasemy E.,,85070866307
57196187488,Haner M.,0000-0002-9988-3848,105005805574
57196189898,Liu J.,,85190798144
57196191739,Ma J.,0000-0003-3682-6587,105001640586
57196195555,Lee H.,0000-0001-7993-0910,85185272128
57196203019,Zhang Y.,,85184186489
57196218256,Sekulak M.,0000-0001-8934-6160,105010445755
57196222499,Oliver M.D.,,85032789741
57196222826,Ebert C.,,85197471530
57196223579,Dietz C.,0000-0001-7847-1230,85112509736
57196228321,Kim S.,0000-0003-4461-3725,105009211307
57196235817,Gan D.,,105022738399
57196236805,Hruška M.,0000-0002-4521-3697,105000729082
57196248946,Arshonsky J.,,85097864802
57196262755,Ejaz W.,0000-0002-2492-4115,85218097491
57196278757,Wenhold H.,0000-0003-1211-7364,85195476751
57196279888,Mottola G.,0000-0003-2963-5950,85128445142
57196281743,Boursier V.,,85148381224
57196312978,Liu Y.,0000-0002-0513-4011,105039914190
57196322785,Harrington R.,,85039072357
57196324107,Liu X.,,85105947071
57196328155,Broeker L.,0000-0001-7552-1060,85098689916
57196334559,Wang L.,,85126899508
57196350443,Subramaniam M.,,105011346615
57196355794,Wang L.,0000-0003-4116-9665,85153944586
57196370526,Kenny J.,,105016587302
57196373383,Hornung J.,0000-0001-6542-3985,105016381567
57196390820,Devroe R.,0000-0002-2399-5894,105029224931
57196401802,Sartoni M.,0000-0002-4430-8598,105034293043
57196403479,McDonald J.,,105009478060
57196406548,Park J.O.,,85147008573
57196416122,Curley L.J.,,85058141120
57196450649,Pérez A.E.,,85097535412
57196450692,Robichaud J.M.,0000-0002-4140-0014,85070736573
57196457809,Aizpurua E.,0000-0001-7045-5535,105019611411
57196459679,Chapman H.S.,0000-0003-4238-1019,85100505000
57196461514,Armenta B.M.,,85145673603
57196465895,Kovács B.,,85021302853
57196469272,Morales J.S.,0000-0002-7397-6843,105047748494
57196475162,Cappella Zielinski R.,,85040085886
57196477632,da Cunha R.V.,,85046125338
57196478042,Mayer S.J.,0000-0001-6267-4391,85136186412
57196481477,Batrićević N.,,85085178384
57196484178,Wang X.,,85119472407
57196485713,Cheema S.E.,,105002117884
57196486383,Hofmaier C.,,85046125338
57196486429,Gloor J.L.,0000-0002-7911-8057,85165291254
57196487367,Grundmann S.,,105001860207
57196586889,Cruz I.,,85111058188
57196590684,Cross A.R.,0000-0001-6572-4649,85193916475
57196600314,Cross F.W.,,81055123996
57196718030,Yu F.,,85200011466
57196724830,Krewson C.N.,0000-0002-1286-1778,105046226583
57196739773,Reny T.T.,,85081939729
57196857836,Schaap G.,,85115084825
57196886614,Koehler C.,,85063438220
57196939785,Burke J.,,85128445142
57196944083,Mann M.,0000-0002-0803-9669,85194319047
57196953331,Miwa H.,0000-0003-2786-8830,105046804465
57196983137,Lippmann M.,0000-0001-6490-5536,85176135752
57197026011,Rosenbaum D.L.,0000-0003-0883-7289,85192915075
57197061676,Tariq M.Z.,,84926497451
57197104288,Loy M.,,84885021315
57197111659,Durán M.,,84898975976
57197121199,Crowther S.,,77950872530
57197132756,Vera D.,,85077905362
57197151772,Bruno G.,,77951696808
57197153539,Hernandez B.,,105041458788
57197226608,Pfister R.,,84926633759
57197241295,Duggan A.,0000-0003-1690-8331,105041096718
57197283375,Selvarasu P.,,85143828859
57197316011,Fortea J.,,85006220618
57197399735,Joseph K.,0000-0003-2233-3976,85107377417
57197439285,Erickson J.M.,,85150751341
57197439585,Neufeld M.,,85196834368
57197459131,Venkatesh R.,,85053401821
57197496017,Morley A.,,105001316305
57197524034,Baker J.L.,,84906934646
57197542956,Berglund E.,0000-0001-6937-4025,84997354281
57197555365,Fernandes C.H.,,105012935442
57197706244,Wen B.,0000-0003-2287-473X,85213980718
57197709134,Beardmore A.B.,0000-0002-0276-427X,85034020526
57197713052,Lits G.,,85034043502
57197715750,Britwum K.,,85066069529
57197719924,Lee C.,,85052636854
57197726311,van der Kuil M.N.A.,,85065922818
57197728203,Fleer S.,,85113881377
57197735796,Marier C.J.,0000-0002-2445-6315,105023841994
57197736671,Yue J.,0000-0001-9137-9105,85186484465
57197738106,Savin N.,,85116366910
57197742179,Parth A.M.,,85121407720
57197757291,Hancock T.O.,,105041651701
57197757338,Jayles B.,,85096817604
57197758938,Rossi-Lamastra C.,,105027704556
57197762025,Zhu H.,,85140888069
57197763705,Chen F.Y.,0000-0002-7276-7599,85191945764
57197765368,Toews K.,,85060078350
57197765611,Kilavuz M.T.,,85206645693
57197767507,Paparo A.,0000-0003-3542-3145,85079376382
57197771532,Boyer M.M.,0000-0001-8475-2960,105019539379
57197771888,Freiling I.,0000-0002-6046-4005,105013261897
57197773213,Umpierrez de Reguero S.,,85216834832
57197774730,Federici D.,,85041003706
57197779651,Deakin M.,0000-0002-1291-1317,86000618791
57197781266,Bleemer Z.,,85034756014
57197782502,Hair M.,,85187566150
57197783099,Kim S.Y.,0000-0003-1349-8031,85137416481
57197786631,Lang A.C.,0000-0002-1905-8013,105005072937
57197789704,Atkinson D.,,105018398247
57197796572,Liang S.,0000-0002-2529-9788,85107392085
57197802687,Pursley D.M.,,85179902325
57197824945,Williams R.J.,0000-0002-1018-8858,85179965686
57197826211,Lyngdoh T.,,85103600557
57197833465,Hong J.S.,,85035117706
57197841580,Hollett K.B.,0000-0002-5084-8486,85099752855
57197843440,Martínez-Domingo M.Á.,,85076296802
57197844379,Forster A.G.,,85217942560
57197844408,Suzuki S.,,85066466904
57197848189,Ye C.,,85209084157
57197855117,Reynolds E.,,85035364736
57197861765,Goel N.,,105033577491
57197865204,Rivkin L.R.,0000-0003-2632-3388,85118139725
57197868554,Crespo Y.,0000-0002-4872-0977,105025364887
57197871227,Kiebler J.M.,0000-0002-0031-8313,85161613034
57197875543,Bryan J.,,85052636854
57197876118,van Woudenberg T.,,105028017881
57197920216,Classen M.,,105036254738
57197943331,Jebson P.,,85150751341
57198036718,Tran R.,,84988353058
57198061708,Graf W.,,85146158024
57198148071,Weiss L.,,85150751341
57198156126,Meehan P.,0000-0001-6778-8574,85076499152
57198214671,Anderson C.E.,,85114940264
57198248219,Nelson T.E.,,85011573622
57198253327,Gomes P.,,85207155208
57198274260,Austin L.L.,0000-0002-3047-3701,85129330972
57198346323,Lopez A.,0000-0002-4769-5650,85192351129
57198422125,van Lent M.,,85107624027
57198425432,Ashmead R.,,85036507417
57198431116,Čopík J.,,85115379692
57198431305,Lee J.G.L.,,84973861645
57198432875,Hsu K.H.,,105031656787
57198433674,Bohlmann C.,,85084204578
57198434243,Chiavenna C.,0000-0003-0761-5633,85159331946
57198436182,Kim A.J.,,85163715372
57198448076,Pyo J.,0000-0002-9826-9555,105023411660
57198452172,Hughes T.,,85036507417
57198452456,Wang M.,,84910069085
57198489345,Lara-Clares A.,,85142348038
57198505403,Lu X.,0000-0001-7633-7222,85098574836
57198517118,Ballard A.,,85064611946
57198523055,Adams C.,,84890429712
57198545914,Butler J.,,85059665756
57198573093,Jiang J.,,85165534158
57198688918,Russell A.,,77649140877
57198706927,Zhang T.,,105010912082
57198771342,López García A.I.,0000-0002-8294-363X,105036167513
57198776390,Lebedev D.,0000-0001-7246-8022,86000386281
57198780429,Lyu B.,0000-0001-7023-6009,105002561455
57198781054,Han C.w.,,84884719734
57198793178,Lipsey N.P.,0000-0002-2367-0280,85058132313
57198803740,Hummel M.A.,0000-0002-5524-2547,85196896191
57198863143,Unwalla K.,,85109013986
57198864324,Winters E.,,85086344797
57198885365,Castanho Silva B.,0000-0001-9363-4704,85210970407
57198932972,Meyer A.E.,0000-0002-7364-6799,85115626279
57198974847,Gardner J.,,84871799032
57199030804,Singh H.,,85117550049
57199043582,Huang W.H.,,105041986691
57199053804,Choi H.,,105032457332
57199064716,Adams A.,,85048315121
57199091553,Xu X.,,105018002699
57199091663,Hesari Z.,0000-0002-0077-1222,85168711477
57199151081,Kaftan L.,0000-0002-8961-6420,85167901790
57199151578,Liang F.,0000-0001-5169-2623,85165944053
57199153578,McCullough H.,,85138717027
57199160172,Cox Han L.,,85037647979
57199170444,Jeannet A.M.,,85053924703
57199171427,Oll J.,,85037607239
57199226944,Lau J.,,105037401011
57199232757,Rubenstein A.,,85037698515
57199258803,Nieto Cano J.M.,,85139456027
57199277296,Williams C.,,85030317816
57199282158,Martin J.,,84922466955
57199391205,James A.,,85100654780
57199401517,Kemp D.,0000-0002-0155-510X,85204146482
57199402310,Pijnenburg Y.A.L.,,85211183390
57199403368,Hadzic D.,0000-0003-2103-6451,105033924092
57199406768,Ladini R.,0000-0003-2900-3814,105035791894
57199411038,Hernandez Hernandez M.E.,,85118885411
57199442312,Cook R.,,85144592976
57199493673,Zhou Y.,,85026369863
57199499163,Huwyler O.,0000-0001-5475-3348,105002617340
57199499466,Czakon J.,,85113881377
57199631388,Givan K.,,105004069849
57199654737,Feierherd G.,,85076716383
57199743520,Syrjämäki A.H.,,85199998314
57199751619,Holm J.M.,,85038366950
57199849286,Malik S.E.,,85082320401
57199871333,Nielsen M.W.,0000-0001-8759-7150,85103683599
57199961690,Singh N.S.,,85065246498
57200004725,Rucinski C.L.,0000-0002-0193-6308,85164490821
57200005154,Lynn Skaggs S.,,85018283168
57200006300,van Gestel L.,0000-0002-2461-4301,85200376186
57200014829,Lightner A.D.,,85150792285
57200037459,Cranford E.A.,0000-0002-6081-4570,85153512434
57200042567,Geras M.J.,0000-0001-9939-8044,105021982298
57200044082,O’Connor A.M.,0000-0002-4773-4840,85159139884
57200045281,Helland H.S.,,85206668930
57200068637,Mangu A.,0009-0000-1028-3524,85205480864
57200069910,Prochazka J.,0000-0002-6386-1401,85134542974
57200071597,Chen B.M.,,85159697138
57200072843,Sylvester S.M.,0000-0002-2132-3082,105025234168
57200076249,Moon C.,0000-0002-1937-6206,105031390965
57200078291,Dawson A.,,105039332188
57200079074,Tröndle T.,,105033842473
57200085694,Mårtensson M.,0000-0002-2319-769X,85182915773
57200100969,Han E.,0000-0001-8948-3843,85207747934
57200112729,Vilaça L.,0000-0002-6786-962X,85183143611
57200114051,Hong J.M.,0000-0002-8156-2747,85113551534
57200128180,Siemens M.,,85039852261
57200142634,Xu K.,,85195692648
57200167820,Kremsmayer T.P.,,85039980268
57200178513,van der Knaap I.,,85101702478
57200183571,Lechase B.,,85040085886
57200200421,Robertson F.,,85040164050
57200202705,Bremer B.,,105039821810
57200211135,Portmann L.,,105001969901
57200214442,Paulis E.,,85162722608
57200215259,Wei S.,,85053665850
57200216300,Shaghaleh H.,,85183297972
57200226249,Hailey C.A.,,105040007038
57200226594,Kaplan-Damary N.,,85194589428
57200255038,Wu F.,,85060336598
57200277714,Guul T.S.,,85145684182
57200281690,Nelson D.,,85095849164
57200285117,Sheng X.,,105004475485
57200286837,Evers M.M.,,85193712503
57200312563,Lee Y.J.,0000-0002-5127-0786,105028028025
57200313487,Verma N.,,105042807247
57200321724,Chirat A.,,85199923731
57200324062,Joseph M.F.,0000-0001-8248-4536,105034212416
57200335797,Winters M.,,85210504428
57200338175,Aksoy C.G.,,105013090987
57200364001,Ciovacco M.,,85041003706
57200366267,P. Goddu A.,,85041003403
57200366401,Huff J.,0000-0002-8123-1470,105047507657
57200367215,Cropsey A.,,85041003706
57200367321,Kishishita D.,0000-0002-2462-0728,105040721119
57200370360,Hellyer J.,0000-0001-9034-5640,105029888681
57200371119,Rogol N.C.,0000-0002-4550-1947,105005793700
57200373580,Hostler T.J.,,105041497315
57200374014,Leong A.D.,,85180249412
57200382485,McDonald P.,0000-0003-4870-7956,85144919041
57200388558,Fox G.,,105024195322
57200389321,Lee J.C.,0000-0002-1410-4711,85198701005
57200394919,Sharratt K.,,85041127384
57200396229,Li L.,,85076258036
57200408597,Black J.,,85102574877
57200410139,Ashokkumar A.,0000-0002-8672-5963,105044369270
57200410188,Mertens A.,,85086087249
57200410832,Doroshenko L.,0000-0001-6763-628X,85134244338
57200412399,Öztürk A.,0000-0002-4877-4617,85210586425
57200412735,Pizarro J.J.,,85041236596
57200417868,Thompson O.P.,0000-0003-0301-6035,105024918926
57200420651,Kaplan L.C.,,85160060713
57200438697,Khatin-Zadeh O.,,85218185895
57200438800,Reddie A.W.,0000-0003-3231-8307,85139766998
57200439632,Liu S.,,105045687815
57200442717,Banaruee H.,,85218185895
57200443209,Daniel J.L.,0000-0003-4009-0437,85091439324
57200444586,Sivén D.,,85083977074
57200444849,Hsiao Y.,,105031377260
57200447156,Bronsoler V.,,85153098541
57200447460,Motta M.,0000-0002-2824-6833,105039914190
57200495515,Wuttke A.,0000-0002-9579-5357,105044862388
57200500922,Collignon S.,0000-0002-5562-1010,85176950755
57200503206,Feitosa F.,,105030186492
57200504510,Ryu M.,0009-0005-2066-5418,105004259427
57200505710,Harris S.,,85041430030
57200506081,Sevi S.,0000-0001-7886-4616,85201964089
57200521924,Pfeiffer O.,,85060078429
57200525010,Flores A.,0000-0002-4631-1694,85200641349
57200525459,Laroze D.,,105004986212
57200527615,Schlosser S.,,85077537628
57200536217,Snagovsky F.,0000-0001-6452-1516,105022842647
57200538868,Aiello M.F.,0000-0003-4681-5988,85115769885
57200539464,Schnauber-Stockmann A.,,85041576760
57200540784,Shin G.,0000-0002-5449-4590,105026238022
57200542492,Malik R.,0000-0002-7661-2578,85201046188
57200545254,Silard A.,0000-0001-5137-5919,105013549770
57200546331,Dang A.P.,,85041561306
57200548862,Burge C.D.,,85087006666
57200550161,Stauffer K.E.,0000-0001-7285-0440,105021668564
57200550799,Voelkel J.G.,0000-0003-4275-9798,105031601408
57200553607,Brown K.A.,,85041601239
57200563018,Terenzi D.,,85135955674
57200565323,Harborth D.,0000-0001-9554-7567,85104968887
57200569902,Liu G.,,85041662076
57200571611,Guo Z.,,85041662076
57200573103,Hancock A.S.,,85041711401
57200578050,Nikkhah H.R.,,85213811817
57200581422,Lachance S.,,105033577491
57200581637,Coll M.,,84962656293
57200591286,Hecht K.,,85127597984
57200598683,Wang W.,,105038896554
57200600824,Zhao T.,,85047520093
57200601354,Chatelain G.,,85041824610
57200602584,Marchesi S.,,85217836384
57200603051,Song S.,,105038896554
57200603909,Cui H.,,85047520093
57200606430,Lutz P.,,85205931495
57200610365,Rozek L.S.,,85183542861
57200614985,Rosenzweig L.R.,0000-0002-6043-6143,85169622619
57200615816,Pedersen V.M.L.,0000-0001-9761-6546,85180210862
57200616521,Li X.,0000-0002-2761-9669,105034676961
57200619650,Vera S.,,105027047329
57200620893,Sanzari C.M.,,85133509645
57200625877,Sorace M.,0000-0003-3779-1988,85193523110
57200630839,Dit Sourd R.C.,,85150491332
57200641743,Vergani L.,0000-0002-4880-9656,85078669526
57200642743,Bello-Gomez R.A.,,105008484820
57200645793,Lee T.,,85172081356
57200646323,Lu R.,,85163106194
57200650782,Herzog S.,0000-0002-6812-6780,105045424436
57200658106,Kim Y.,0000-0001-9843-5712,105001490676
57200673239,Biolcati F.,,85156232995
57200674437,Lai J.,,85069644546
57200676314,Martinez I.,,85063030326
57200686197,Alvarez E.,,85042191442
57200686859,Çetin M.,,105030476188
57200689241,Haas G.C.,0000-0001-8706-7870,85141017751
57200689559,Krishnarajan S.,0000-0001-8171-5558,105021846351
57200691996,Sjåstad H.,,105034182783
57200694433,Hong M.H.,,105043348970
57200694961,DeFrank M.,0000-0001-5502-8877,85042227597
57200696708,Lössbroek J.,0000-0001-5404-7179,105002289258
57200699271,Cruz Nichols V.,,105031521489
57200700598,Ryu J.,,105043348970
57200701562,Devendorf A.R.,0000-0002-0142-6359,85147654005
57200701841,Battista F.,,85184400417
57200720108,Döring S.,0000-0001-6949-7084,85165552527
57200720558,Strebel M.A.,,85060096398
57200724474,Dipeolu O.,,85054005988
57200725593,Yang Y.,,85183102445
57200726556,van der Veer R.,,85179916490
57200730945,Tyler D.H.F.,,105007038737
57200731702,Laenen T.,0000-0002-4705-196X,105003999558
57200733312,Lange N.D.,,84888631024
57200749280,Coelli T.,,84862327486
57200751177,Baeckström Y.,,105045412753
57200752780,Ang L.,,85186641135
57200755417,Jungkunz S.,0000-0003-1040-8635,85210367369
57200759004,Pantazi M.,,85199750985
57200767103,Azar A.,,85055163621
57200786697,Xia Y.,,85172153416
57200789173,Geraghty C.,,85042450510
57200789572,Flynn M.A.,,85042405148
57200791453,D’Intino L.A.,,85042405148
57200794987,Hunger S.,0000-0002-3859-5674,105038172064
57200795715,Pettit W.,,85042417674
57200795890,Siddiqui N.A.,0000-0002-1816-5378,105004032663
57200878902,El-Hout M.,0000-0001-8084-8762,85144506657
57200914678,Meunier L.,,85218751015
57200916385,Yndo M.C.,,85042602731
57200916645,Sachs N.M.,,85042616935
57200919843,Hata M.,0000-0002-4296-1075,85207344164
57200919877,Hallsson B.G.,0000-0001-7510-7329,105030555119
57200920591,Gruda D.,,85132271605
57200928636,Lee S.M.,0000-0002-2110-6782,85150978622
57200934856,Dudley J.S.K.,0000-0001-8413-6201,85216941435
57200936950,Stockus C.A.,0000-0001-6039-8442,86000329078
57200947068,Liu G.,0000-0002-3337-5330,85180994185
57200948635,Hamdy R.F.,,85208225211
57200957422,Pollock C.,,84947223717
57200983023,Przeszlowski K.,,85212122468
57200986703,Orazani S.N.,,105021069285
57200990607,Santos M.R.,,105014421524
57200994115,Holland J.G.,,85042768893
57200994134,Adler L.,0000-0002-4506-1590,105003018211
57200997840,Taniguchi Y.,,85074704370
57201000145,Doornberg J.N.,,105012935442
57201009770,Göpfert J.P.,,85113881377
57201020546,Giraudeau B.,,85051581959
57201022034,Lim R.E.,,85113551534
57201022614,Seaborne A.,,85042934543
57201025774,Leber A.,0000-0001-6276-2623,105030582166
57201028858,Garza A.D.,,85159142294
57201040636,Schmidt E.,,105010908581
57201060241,Weir K.R.,0000-0002-9507-5050,105012605918
57201060998,Thornton M.A.,,84886309013
57201069823,Courtney M.R.,,85094645559
57201070162,Luo T.,,85097414378
57201073581,Fenzl M.,0000-0002-3769-1744,85179917717
57201084660,Werner H.,,85173722462
57201086999,Li S.b.,,85214580247
57201091687,Bland N.S.,,85085062224
57201094856,Bulens D.C.,,85182689722
57201108649,Xena C.,,105041479806
57201108693,Whitehead E.M.,0000-0003-0213-729X,105016469795
57201111171,Jin Y.,0000-0001-6534-2544,85116372142
57201119471,Xue Y.,,85104062770
57201121771,Ladam C.,,85093916633
57201128653,Crijns T.,,85207327343
57201129553,MacKenzie D.,,85043506248
57201130792,Lee D.S.,0000-0001-9138-9661,85213823924
57201153689,Shah S.,,85079694710
57201157896,Reardon P.,,85210769305
57201194161,Bertogg A.,0000-0001-9959-618X,85194848998
57201199437,Derksen D.G.,0000-0002-1672-3778,85088799859
57201211895,Heimann A.L.,0000-0003-2912-1677,105014436444
57201216107,Dietrich B.J.,,85175054741
57201253486,Muhl P.,,105012935442
57201261078,Bosch O.J.,,105019810298
57201261960,Blackman A.D.,0000-0002-4542-1904,105024231488
57201266733,Fisher K.A.,,85143379923
57201275722,Clark K.D.,,85044150697
57201279291,Savolainen I.,0000-0002-8811-965X,85104659706
57201289640,Terrell K.R.,0000-0002-5655-4964,105046771920
57201289953,Crawfurd L.,0000-0003-1513-934X,105012831895
57201297683,Mourtgos S.M.,0000-0002-7486-9150,105041228301
57201301432,Ye Z.,,85171192329
57201308682,Gunaydin H.,,85174891670
57201310266,Satinsky E.N.,0000-0003-0666-6009,105007344432
57201312316,Le A.N.,,85141016787
57201322525,Molina R.,,85076296802
57201323817,Kokje E.,,105047875195
57201327172,Gagnon A.,,105007038737
57201333058,Liu D.,0000-0003-2817-534X,85173929562
57201336671,Trübner M.,0000-0001-7270-0717,85176382083
57201337117,Best C.K.,,85087099737
57201338044,Hassan R.,,105015555409
57201338729,Merkley E.,0000-0001-7647-9650,105029615177
57201339029,Wang S.,,105029302209
57201345932,Tittgemeyer M.,0000-0001-5072-2149,84960408856
57201347986,Piemonte J.L.,,85138686700
57201349883,Forman-Rabinovici A.,0000-0002-2459-972X,105027681727
57201351043,Kang S.,,85067581830
57201356345,Pinggera M.,,105010891465
57201357920,Muniz C.N.,0000-0001-8572-5075,105042615427
57201363434,Rajala K.,0000-0003-4966-6236,85111477522
57201365777,Liu W.,,85190789843
57201365880,Liechti F.,,85159057614
57201383041,Giannella V.A.,,85068603406
57201391285,Do Bú E.A.,,85131772491
57201398148,Bueckle A.,,85138123392
57201400632,Shen M.,0000-0001-6051-954X,105036299734
57201401439,Laera G.,0000-0002-0589-7334,105000168411
57201403296,Terren L.,,85186608966
57201419057,Abdullah A.,,85131011909
57201423253,Kahalon R.,,85189554153
57201430595,Hwang E.,,85109788347
57201432992,Williamson S.,0000-0003-0769-6197,105024231488
57201447153,Yakter A.,0000-0001-6971-2741,105018750501
57201449170,Kroh J.,,85181045845
57201449624,Sadhwani S.,,85130932003
57201450568,Kirby D.,,85048543712
57201450982,Silva A.,,85144055185
57201451281,Laffan K.,,85206562075
57201465330,Jarjoura A.,,85044953906
57201472386,Hernandez T.,,85083524514
57201473070,Seijdel N.,,85087021974
57201476156,Sauter M.,0000-0001-9242-6938,105019945174
57201476623,Huber L.,0000-0001-8141-793X,85216423181
57201476916,Zhang M.,,85045066710
57201485644,Mao Q.,,85045066710
57201486655,Trung N.H.,0000-0002-0928-1684,105031155257
57201486702,Celaya C.,,105016219429
57201490397,Barros L.,0000-0003-0960-0398,85201399861
57201494681,von Schuckmann J.,,85133928868
57201501871,Oliveira R.,,85064852633
57201504103,Vardsveen T.C.,0000-0002-4270-8037,85112125042
57201519273,Schulte F.,0000-0003-4183-0214,105039494924
57201519735,Mugiyama R.,,85146656510
57201524067,Henke J.,0000-0003-4998-8366,85126439346
57201529817,Sircar N.,,85205266377
57201540032,Smith M.,0000-0002-3321-1432,85126624477
57201543212,Waqas A.,,84926497451
57201548142,Quoß F.,0000-0001-9549-2922,105006801172
57201548814,McNamee L.,0000-0002-3063-5846,105031920797
57201551939,Vibert N.,,85096199177
57201559210,Buelow F.,,85045273461
57201573865,Marinova D.,0000-0001-7067-6792,85184435516
57201576540,Basu K.,,84946544478
57201579032,van Noord J.,,85058473613
57201587116,Thompson P.S.,,105047609821
57201617011,An Z.,,85151012294
57201620413,Miller J.C.,,85145848726
57201620719,Verma C.,0000-0002-9925-112X,85143828859
57201640039,Zhang B.,0000-0001-7217-5035,85091726021
57201642107,Richardson K.L.,,85045443556
57201644039,Wenz A.,0000-0002-4621-2418,85165935877
57201651476,Kikut A.I.,,85165437977
57201656784,Burlinson A.,,85050695359
57201659263,Ren X.,,85081954946
57201661171,Gudi-Mindermann H.,,85082648729
57201662470,Stepp K.K.,,105001949974
57201666614,Kofman A.,0000-0001-5374-1767,105011302164
57201668008,Saunders L.J.,0000-0001-6367-6380,85205480864
57201668461,Barzy M.,,85102574877
57201669135,Cabeldue M.K.,,85034713934
57201680559,Klapatch L.,,85124811069
57201681008,Dobers G.M.,,85092904088
57201683605,Molteni F.,0000-0002-5738-6464,105035791894
57201690159,Meisters J.,,85087417040
57201695203,Lang J.D.,0000-0001-9019-9081,85146158024
57201697598,Ziman K.,0000-0002-8942-3362,105017185369
57201700979,Fjellman A.M.,,85116622795
57201717762,Overoye A.L.,,85114398696
57201720727,Mukerjee S.,,85190468435
57201720961,Vierra P.J.,,85183924643
57201721856,Willis C.N.,0000-0002-0664-6158,85177600255
57201726927,Prochnicki M.,,85140664233
57201731846,Cole T.,,85087704776
57201732982,Simonov A.,,85200251673
57201742088,Andrews M.E.,0000-0003-0025-1005,85126092849
57201744128,Bonilla T.,0000-0001-6064-1940,105024792767
57201744666,Huo X.,,85191197718
57201744873,Badura K.L.,,85139294341
57201747708,Babicz M.A.,0000-0002-9798-360X,85164243484
57201792247,Flade F.,,105048615569
57201795413,Chaudhry S.,,85127397419
57201798200,Dwivedi P.,0000-0003-1628-1575,105028326613
57201805082,Yagci A.H.,0000-0002-9649-1638,85122911543
57201842878,Williams K.,0000-0002-2882-1068,105008391625
57201859933,Krause W.,0000-0002-5069-7964,85177576008
57201861893,Nilsen C.V.,,85046294101
57201868940,Li H.,,85147521462
57201880225,Franciscus A.M.,,85210429818
57201899705,Khashabi P.,0000-0001-9554-0277,85161428734
57201900487,Mansell J.,,85125142584
57201906327,Asadzade P.,,85086566530
57201906927,Pratt T.,0000-0002-6317-1734,105012936155
57201909992,Soontjens K.,,85176385854
57201912372,Som B.,,85218185895
57201944864,Culpepper D.,,85186623331
57201947649,Lee A.,0000-0003-0988-6920,105007627440
57201978329,Melin J.L.,0000-0002-3224-8997,85164714052
57201981511,Massey Z.B.,,85120921433
57201983712,Chernulich A.,,85134062755
57201989226,Tulin M.,0000-0002-6676-7816,105000774089
57201993534,Wen T.J.,0000-0002-6967-1617,85165329556
57201996608,Liu Y.L.,,84979084044
57201997791,Calabrese C.,,85098748664
57202005953,McCrea A.,,105008484820
57202011059,Renvik T.A.,0000-0001-9694-5401,85073950357
57202012253,Reed H.,0000-0003-4577-1178,105027548046
57202017964,Kaiser A.,0000-0001-6841-7353,105045922287
57202018983,Biella M.,,85104704941
57202021983,Ma B.,,85202617266
57202023167,Alghanem S.M.S.,,85183297972
57202023778,Kelly J.T.,0000-0001-7145-9490,85127412947
57202028149,Correia D.,,85196834368
57202028561,Vromans R.D.,,105002646790
57202041960,Gioia F.,,85148381224
57202046058,Truax J.,,105003180127
57202047032,Distler V.,0000-0002-4461-0551,85128583937
57202055194,Ejelöv E.,,85211027858
57202066238,Asano T.a.,0000-0002-3228-1287,85118477821
57202073537,Kazemian A.,,84934973406
57202074683,Xu X.,,85087216531
57202081192,Pellegrin C.,,85047103170
57202086420,Song J.,,85112273577
57202089665,Kovacevic P.,,85131174118
57202094463,Potente C.,0000-0001-9096-2841,85205986768
57202095861,Sirotkina E.,0000-0002-0296-9558,85068751502
57202108223,Vidigal R.,,105000213807
57202125643,Yang F.,0000-0002-2880-6271,85119253317
57202129791,Thorpe A.,0000-0001-5078-2715,105045333079
57202131227,Altmann B.A.,,85119898194
57202151987,Lapatin S.,,78649334248
57202154969,Tump A.N.,,85096817604
57202161410,Struthers C.L.,0000-0001-9931-9211,105000751724
57202187828,Beuthner C.,,85136008254
57202188651,Detrie R.,,85047377857
57202189031,Drápal J.,0000-0001-9455-9013,85164456474
57202190237,Chang H.I.,0000-0001-7126-8504,85205819840
57202191027,Nowak G.R.,,85089403842
57202191223,Dantzler P.,,85175716760
57202191265,Lee M.G.,,85066244324
57202195210,Tanes-Ehle Z.,,85144209361
57202198557,Troisi K.,,85047377857
57202199425,Whirry-Achten A.M.,,85047377857
57202199546,Goral E.,,85047377857
57202203455,Chen Y.,,85142402221
57202204824,Dillenbeck T.,,85047377857
57202226688,Praveen D.,,85175199245
57202228878,Xu W.,,85047520093
57202230556,Kludacz-Alessandri M.,0000-0002-7011-2302,105027970339
57202233188,Zuo X.,,85047520093
57202237847,Parker J.L.,,85214782666
57202248335,Timmons S.,,85209376469
57202249131,Kim H.J.,0000-0002-8198-8596,105006922417
57202264798,Hsiung B.O.,,85047659603
57202264811,Kim D.G.,0000-0002-8906-5630,105034006769
57202265717,Wagner K.,,105009482233
57202280887,Kovarek D.,0000-0002-3385-3742,85139093351
57202283613,Reinhart C.A.,0000-0001-6525-9513,105023428295
57202290870,Kaufmann M.,,85059101974
57202291651,Gale J.,0000-0001-5677-8629,85140278720
57202291899,Koltai J.,0000-0002-8676-7303,105029543895
57202295273,Li X.,0000-0002-0370-6936,85165291254
57202307274,Belton C.A.,,85129065662
57202308341,Bixler B.,0009-0008-4312-6814,85205480864
57202335424,Rinscheid A.,,105010931410
57202339692,Celniker J.B.,0000-0001-5123-8455,85139179837
57202340011,Khanna A.,,85050395492
57202340038,De Vries H.,,84960487974
57202347774,Botha H.,,85201533564
57202349863,Lindgren E.,0000-0002-9032-1347,105039637371
57202351260,Pelfrey L.,,85140804832
57202352467,Humphrey B.T.,,85159189569
57202359149,Megalokonomou R.,0000-0002-5687-671X,85218291467
57202359318,Goulas S.,0000-0001-7100-0647,85218291467
57202359495,Lidén M.,,85052491854
57202362637,Meyer B.H.,0000-0002-7483-3916,85217743322
57202363630,Krstić A.,0000-0002-8188-3081,105011058451
57202364199,Gräns M.,,85052491854
57202364463,Bellet B.W.,,85087570804
57202368553,Roberts B.R.T.,0000-0002-2228-8805,85164735555
57202368709,So M.,,85219033053
57202369177,Karinen A.K.,,85069728200
57202381385,Asseburg J.,,85070524371
57202382423,Schlue L.M.,,85110484359
57202388537,Prokop C.,,85104418253
57202390124,Kohli A.,,85048150153
57202391304,Kobayashi Y.,,85189991707
57202392588,Vagner G.,,85153544310
57202393802,Lefco R.W.,,85048150153
57202395781,Colalillo S.A.,,85048150153
57202398035,Pomeroy C.,0000-0001-7488-9664,105003687446
57202419887,Topa G.,0000-0001-7427-8281,85185602459
57202422996,Kadji K.,,85103342639
57202433078,Miles J.,,85048315121
57202435836,Robinson P.J.,,105043494359
57202443604,Lee J.G.,0000-0002-0680-374X,105018480587
57202444131,Greiner Safi A.,,85184585795
57202450331,van Gemert-Pijnen L.,,85178190396
57202454798,Cruz-Martínez R.R.,0000-0001-9308-364X,85114645406
57202461772,Kreuder A.,,105035034535
57202465682,Hunt C.R.,0000-0002-6036-8291,85196656384
57202470394,Yu C.,,85212713877
57202485971,Sideris M.,,105046637828
57202491502,Patch C.,0000-0002-4191-0663,85101980921
57202496237,Kumar B.N.P.,,85059020369
57202496464,Kaczmarek K.A.,,85113881377
57202496481,Perlman R.L.,,85138127882
57202506069,Gomez M.A.,,85212864029
57202507492,Baiocchi A.,,85048595481
57202508546,Barclay P.,,75849128494
57202511152,Staffa S.J.,,105031357674
57202514989,Wood M.,0000-0003-2848-5890,105040392937
57202521319,Engel A.K.,,85082648729
57202529837,Wilson D.C.,,85048641184
57202532029,Belope-Nguema S.,0000-0001-9068-6314,85106060165
57202534391,Lim H.W.,,85134596308
57202548270,Johnson E.,0000-0002-0937-6894,105027548046
57202548664,Ciccone A.,,105041551371
57202559142,Larson H.J.,,85133865161
57202563610,Phillips M.R.,,84866729417
57202570147,Holm I.A.,0000-0003-4712-8821,85053701626
57202573391,Palazzolo N.,,85090880782
57202576828,Ozer A.,0000-0002-5442-5448,105000646758
57202579547,Sigman R.,0000-0002-7518-4583,85124895721
57202582777,Bonekamp J.,0000-0001-8018-9955,85129317547
57202584804,Samari E.,,85056112905
57202599076,Burns C.,,105009510585
57202601509,Kinney D.H.,0000-0002-9961-2669,85129138718
57202609561,Shay L.P.,,85145501819
57202612248,Tregle B.,,105034680050
57202618448,Hancock S.,,85152892312
57202624304,Echterhoff G.,0000-0002-7395-5313,105037178846
57202642234,Hyde J.,,84888631834
57202645483,Jouaiti M.,0000-0001-6402-0623,105008516999
57202649991,Ralph-Nearman C.,0000-0003-4989-153X,85117254892
57202683300,Lee D.,0000-0001-8901-4107,85187511089
57202683363,Phalen H.J.,0000-0003-3165-3373,85121876093
57202686646,Pawirosetiko J.S.,,85127646258
57202687460,Erickson J.M.,,85127646258
57202687700,Fraiberger S.,,105001425101
57202693291,De Rezende J.R.,,84901288372
57202697005,Halpern S.D.,,85185676381
57202706915,Schönhage N.L.,0000-0001-7785-0829,105008069618
57202707450,Rhinehart S.,,85141125749
57202709687,Lemke S.,0000-0002-3506-7083,85099821314
57202728282,Nagao H.,0000-0003-3556-4116,105004428157
57202730970,Kühnel S.M.,,85101878202
57202733157,Lindner M.,,85103403099
57202733204,Marlow T.,0000-0003-3989-6775,85146728303
57202743924,Kong Y.,,85159144533
57202757335,Abel G.A.,,85065546287
57202771321,Kang J.,,85019129241
57202772584,Levy E.,0000-0001-6278-8364,85116304700
57202773321,Straup M.,,85049314735
57202778953,Varaine S.,0000-0003-1484-3087,85164306063
57202779315,Matthews S.A.,,85064458153
57202779752,Harrington E.,0000-0003-4345-4689,85201476347
57202780050,Cohen E.D.,,105032667388
57202781386,Gower A.,,85145738327
57202781791,Thomas K.H.,,85064458153
57202784150,Fernandez J.,,85177174473
57202785128,Duchesne S.,0000-0003-2059-1031,85091161513
57202785182,Skorge O.S.,0000-0001-8658-7567,85104680611
57202785404,Martinez M.,,85049314735
57202786983,Tivadar R.I.,,85064219014
57202787344,Ruessmann J.,,85049326198
57202787973,Lamy P.,,85049318932
57202793399,Subramanian N.,,105039485640
57202801321,Brie E.,0000-0001-9549-1794,85192182755
57202808530,Velasco C.,,105007303071
57202831511,Kerr J.,0000-0002-6606-5507,85178134794
57202834498,Kumar M.E.,,85121247684
57202837537,Sankeni S.,,85198669433
57202847432,Vaughn P.E.,0000-0003-4886-0870,105035126688
57202849873,Velasco K.,0000-0002-2152-9144,105031590282
57202853938,Lee C.A.,,85147008573
57202856729,Hunter A.,0000-0001-5076-8761,85101980921
57202859461,Kruis N.E.,0000-0002-2076-314X,105031656787
57202865624,Yang Z.,0000-0003-0489-9132,105011694628
57202865679,Borbáth E.,0000-0002-2980-8586,105026287327
57202872296,Adams I.T.,0000-0001-5595-8070,105015105489
57202874719,Wade M.M.,0000-0003-0381-8644,105029607261
57202888482,Carrell D.S.,,85012918005
57202888940,Hatch S.G.,0000-0002-1122-6537,105029969569
57202889312,Evans Comfort S.,,85070298883
57202891261,Szecsi P.,,85064149443
57202896584,Wolfson J.A.,,85118903999
57202908502,Ishola A.,,84958545456
57202910227,Smith R.,,85097217094
57202914830,Vaughan M.,0000-0003-3582-3296,85118334013
57202915714,Guthrie S.K.,,85059031826
57202923342,Lindsay S.L.,,85133677481
57202924468,Bingenheimer J.B.,,85062803942
57202924835,Munis B.K.,,105002968107
57202925979,Eastwick P.W.,,85069735550
57202927324,Halfmann A.,,105030464389
57202928959,Politis J.,0000-0003-3227-3508,85091101136
57202951343,Canzonetta J.,,105009482233
57202952771,Jost P.,0000-0001-9267-1773,105042461713
57202955964,Oser J.,0000-0002-1531-4606,105030186492
57202956569,Nelson A.M.,0000-0002-3848-0228,85166661070
57202962737,Van Borm H.,,85081613400
57202971393,Halida R.,,85142388214
57202978450,Gereke J.,0000-0002-1058-9651,105029888681
57202979029,Eitze S.,,85112799974
57202981274,van Kempen A.A.M.W.,,85212867636
57202982064,Borovsky A.,,85071729940
57202983487,Jordan S.L.,0000-0003-1192-1967,105045019324
57202983585,Savela N.,0000-0002-7042-6889,85194493858
57202986641,Sundvall J.,,85140664233
57202991669,Schaper M.L.,,85209119651
57202998950,Qi R.,0000-0002-2727-1770,85182244790
57203006050,Cheng T.Y.,0000-0002-3732-9147,85173533341
57203006910,Hildenbrand G.M.,0000-0002-0250-3053,85132779676
57203007762,Vrijders B.,0000-0003-0414-6923,105049008875
57203013332,Monroe S.L.,0000-0001-7206-3041,85180068219
57203016112,Tertytchnaya K.,,105032858895
57203023036,Mir A.,,85193752111
57203025936,Delhomme P.,,84892858263
57203031343,Pullenayegum E.,,85123307033
57203031658,Gift T.,0000-0001-8684-5677,85181820584
57203034281,Solodoch O.,0000-0003-0347-5434,85167812221
57203037184,Labuzova T.,,85050356205
57203042027,Spivey C.,,85094645559
57203049232,Hamilton L.,,85174598361
57203050468,Raymond L.,0000-0003-4455-7583,105006834893
57203050862,Elsig M.,0000-0001-6950-108X,85207258086
57203054726,Shimohara K.,,85126972919
57203065016,Young M.M.,0000-0002-9262-2346,85118903999
57203072984,Dupoux E.,,79951581795
57203080039,Cubitt R.P.,,79952043823
57203084053,Bolin C.J.,,85158075996
57203091678,Offer-Westort T.,,85125709953
57203098705,Sloot D.,,85199795519
57203102261,Elson J.,,105045234097
57203104288,Palm R.,,105041076928
57203106656,Sherman J.W.,,85077141779
57203108889,Means T.,,85219724477
57203113075,Van Assche K.,,85215629624
57203113126,Simoski B.,,105028017881
57203118311,Jiang F.,,105036850019
57203119889,Simon F.M.,0000-0002-0371-4653,85213841243
57203128012,Sobolewska M.,0000-0001-9858-5091,84994158607
57203130435,Spantig L.,0000-0003-0776-3863,105033587603
57203142730,Debrael M.,0000-0002-2535-2251,85124745222
57203144085,Savva F.,,105025462569
57203160961,Lamberova N.,,85100953635
57203164799,Toff B.,0000-0001-7201-4389,85213841243
57203165324,Boutron I.,,85123966933
57203166520,Prasad N.,,105040356691
57203166785,Dahlmann C.M.,,85067407501
57203167268,Burton A.L.,0000-0003-3060-5695,105003777728
57203167906,Vijayaraghavan B.K.T.,,85210769305
57203170141,Petersen N.B.G.,0000-0002-9338-1863,105040241040
57203172817,Mathiasen A.,,85067407501
57203173408,Koliev F.,0000-0003-3981-7344,105045388717
57203174593,Piscicchia K.,,85166440803
57203177455,von Helversen B.,,85036618259
57203177892,Malik A.M.,,105034131928
57203180888,Williams D.,,85111058188
57203188446,Sisk C.A.,,85106988343
57203198331,McDowell M.,,105000748965
57203203252,Siyal A.W.,,105046511992
57203209196,Gray K.,,85050904086
57203212606,Christensen T.,,105026771995
57203213475,Rosenthal S.A.,,105029518936
57203214056,Gordon P.C.,,85133322729
57203218517,Parkinson J.A.,,84922674899
57203219614,Campos L.F.,,85050960131
57203222017,Bryant K.A.,,85095421524
57203224897,Dai K.,,85082815928
57203231617,Glozier N.,,85142940301
57203244038,Bogdanov S.,,85065246498
57203253357,Alegría M.,,78649334248
57203285588,Zhao Q.,,105024099182
57203301998,Chakraborty R.,0000-0002-9319-6131,105040569258
57203309870,Thompson M.E.,0000-0002-9497-1400,105046297487
57203309965,Adesope O.,,85158121671
57203319122,Orlowski-Scherer J.,0000-0003-1842-8104,105011302164
57203329577,Weinberg J.,0000-0001-7395-724X,85165172490
57203332041,Parker C.S.,,85194538813
57203346976,Clarke N.,0000-0001-9148-9849,85201000153
57203354809,Tallon M.,,85190392727
57203360344,Marrone R.,,85218185895
57203370709,Chan H.Y.,,85136688324
57203377509,Jung J.,0000-0002-8353-212X,105040639607
57203381805,Malik M.,,85163019365
57203381868,Parreira C.,,105007867140
57203382628,Springman J.,,105030598601
57203385447,Morehouse J.,0000-0002-8584-2957,85129330972
57203386488,Linster M.,,85100373648
57203386584,Ryser M.D.,,85080944696
57203388057,Staub C.,,85130609643
57203390861,Zmora R.,,85059798221
57203394907,Selvanathan H.P.,0000-0002-6917-0951,85122153971
57203397997,Grgic-Hlaca N.,,85075073807
57203401632,Zhang S.,,85215379642
57203405135,McMahon J.J.,,85205480864
57203405235,Bozinov N.,,105005777458
57203408856,Zhu J.,,85181199215
57203412102,Liu Z.,,105029359504
57203419683,Oreopoulos P.,,84865352111
57203421727,Saideman S.M.,,105037052423
57203424105,Ang T.,,85053665850
57203431755,Policardo G.R.,0000-0001-8237-7415,85140740474
57203434289,Benton M.,0000-0002-4523-1887,85118468307
57203434746,Beiser-McGrath L.F.,0000-0001-9745-0320,105040952337
57203435323,Jenkins M.D.,,105013773113
57203445334,Girard T.,,105002012070
57203470671,Hopkins V.,0000-0001-7326-1808,105002491811
57203471117,Hachey T.,,85071281135
57203471824,Schriver J.,0000-0002-4479-2797,85071281135
57203476618,Borwein S.,,85200596759
57203478093,Duguay P.A.,,85079071808
57203482841,Rosu C.A.,,85133243152
57203488346,Garcia R.I.,,85042933726
57203492400,Parker D.,,85105510650
57203496548,Corbett L.,,85205480864
57203497965,Stage D.L.,,85147654005
57203498959,Young N.A.,,85076420910
57203500980,Seibert J.,,85205480864
57203501702,Crowley K.D.,0000-0002-8351-3711,85205480864
57203503700,Zhang F.,0000-0001-5784-9708,85136313259
57203506646,Duell C.J.,0000-0002-6318-1924,85205480864
57203510451,Healy E.,0000-0002-3757-4898,85205480864
57203515505,Wang Z.G.,0000-0002-5203-6705,85152952391
57203521712,Thomas P.E.J.,,85078678910
57203524519,Kim M.H.,0000-0001-8078-0526,85057324086
57203526149,Elliott-Negri L.,0000-0003-1143-8406,85135201482
57203528227,Chu J.A.,,105012359420
57203528352,Bhadani K.,0000-0003-3030-0883,85175430342
57203531624,Taylor T.O.,0000-0002-4424-2584,85134036593
57203533826,Smith J.W.,,85018466285
57203534269,Santana E.,0000-0002-9869-1502,105027161706
57203538647,Liu D.,0000-0003-2435-3233,85213445001
57203539222,Fang Y.,,105027437140
57203543483,Roberts L.W.,,85190857977
57203548194,Wang Q.,,85191018381
57203557274,Telhami S.,,105030671485
57203558661,Wang J.,,85021066073
57203568719,Centrone D.,,85052329124
57203570961,Pradel F.,0000-0003-4559-0772,85191758506
57203572103,Chen H.,,85140888069
57203589418,Gonzalez M.,,85086087249
57203604658,Sciarini P.,0000-0003-0782-7652,105012588471
57203612177,Dickenson P.,0000-0002-3516-0341,85048079880
57203614379,Farrin A.J.,,85216715166
57203627381,Spears R.,,85058473613
57203636555,James E.K.,,85126832139
57203636738,Wessels N.,,85101758860
57203638636,Morgan R.,0000-0002-7016-5471,85126624477
57203641689,Poupakis S.,,105009299191
57203641959,Garbiras-Díaz N.,0000-0001-6584-1167,85173505389
57203643861,Davis J.M.,,85091243261
57203649343,Schmalor A.,,85100226295
57203651132,Fraser N.A.R.,0000-0002-8126-0466,85193064809
57203652550,Tennant E.M.,,85074334678
57203652573,Linsi L.,0000-0001-6962-4493,105017996801
57203652848,Holowach M.,,85137308627
57203654251,Choung H.,,85052553976
57203655130,Searles K.,,105012355723
57203658076,Fitton L.,,85217150344
57203660659,Hjermitslev I.B.,0000-0002-6812-8487,105025236291
57203661234,Resch A.M.,,85063030326
57203662347,Liu J.,,85158957174
57203666271,Hammert W.C.,,85150751341
57203679276,DeWitt S.E.,,85189454873
57203680839,Arnon D.,,85208037677
57203680991,Scardamalia K.,,85043329313
57203682031,Suarez A.,,85052636854
57203685614,Devine D.,0000-0002-0335-1776,105024313826
57203690753,Bartlett J.E.,,105009510585
57203691596,Devine R.A.,0000-0002-5974-8924,105007630445
57203699392,Hofer M.,0000-0001-9256-7765,85098095110
57203699958,Gilgen S.,,105026683326
57203703122,Gesche T.,,85170027639
57203705295,Artiga González T.,,85170076336
57203716858,Liu L.Y.,0000-0002-3831-318X,105041067124
57203718601,Boston J.,0000-0002-4670-8819,105046226583
57203735412,Kim N.,,85068221135
57203743434,Oceno M.,0000-0003-0857-8854,85165925916
57203747689,Blankshain J.,,85192224861
57203750289,Park K.,,85057214997
57203766747,Qin C.,0000-0001-9831-8364,105021249211
57203767478,Sarfraz M.,0000-0002-7872-1989,105039858974
57203775068,Ziemer C.J.,,78650161131
57203777474,Roberts J.E.,0000-0003-3830-9807,105038016358
57203780329,Wetts R.,0000-0001-8564-8823,85083887195
57203780582,Zhu D.,,85102920764
57203784582,Islam M.M.,,105033577491
57203786414,LaMoreaux B.,,105014926557
57203790434,Schläpfer F.,0000-0003-2377-2807,85215764085
57203805047,Rau E.G.,0000-0003-0947-319X,105007880008
57203807495,Nittas V.,,85083421868
57203811358,Marshall E.A.,,105046807871
57203814006,Kamm A.,,85066786752
57203814647,Weiss C.M.,0000-0002-4311-9672,85165353324
57203815419,Rhodes S.,0000-0003-3695-5661,85210381658
57203824242,Li Y.N.,0000-0003-3074-8311,85187524531
57203824631,Taylor K.,0000-0003-4809-4846,85177174857
57203825288,Wang L.,0000-0002-5516-1034,85092604258
57203842454,Liu S.,,105012405225
57203852275,Jacobs K.,,85205908114
57203853860,Viglione J.,,105046416933
57203860205,Armstrong K.N.,,85053244201
57203862122,Bonanno Ferraro G.,0000-0002-1998-7517,85136340359
57203862957,Levinson L.,,85194020938
57203869637,Arora M.,,85130932003
57203871306,Young T.,,85053288194
57203871851,Sowula J.,0000-0001-9888-4905,85196722737
57203872598,McKinnon A.M.,,85053292471
57203874264,Thornton C.,,85053288194
57203875172,Bulgar-Medina J.,,85053346830
57203876090,Chiu I.,,85053292471
57203878132,Kelly J.,,85053288194
57203879891,Martens A.M.,,85133243152
57203881950,Danube C.L.,,84959543274
57203886184,Andrews T.M.,,85181803279
57203888865,Warren M.A.,0000-0002-7462-3580,85191804043
57203893764,Adem M.,,85175320149
57203900561,Gotea M.,0000-0003-3248-2019,105030885690
57203900614,Puranik H.,,105034156984
57203902420,Eskelinen V.,,85073950357
57203902742,Kravariti F.,,85161640097
57203907422,Cortes R.A.,,85150724440
57203913208,Strohmaier N.,,85140664233
57203917007,Okoro A.G.,,84985864658
57203919675,Hansen K.J.,0000-0002-1004-503X,105039885285
57203923804,Paul A.,,85136688324
57203924728,Wire S.,,85196521620
57203924774,Mo D.,,85088505317
57203927621,Evans T.R.,0000-0002-6670-0718,105009510585
57203928523,Hou Y.Y.,,85056155019
57203932120,Darouei M.,,85053642987
57203940094,Hansen K.,0000-0002-3227-0385,85160960152
57203942314,Seo M.,,84931003726
57203943472,Chiacchia D.J.,0000-0002-7177-2476,105023547264
57203944801,Hattat A.M.,,85053668115
57203945075,Baker L.M.,,85202759465
57203945900,Hartman E.,0000-0003-4824-5405,85193755333
57203948719,Liu H.,,85116474088
57203973148,Suárez-Vergne Á.,0000-0003-2787-4560,105023433219
57203980082,Stone A.R.,0000-0003-4683-8119,105046226583
57203983924,Nielsen J.D.,,85130706187
57203993668,Ivonchyk M.,,85189208093
57203994890,Xie F.,,85217042951
57203996833,Zhang C.,,85217765084
57203999378,Ahn Y.H.,,85062836840
57204001850,Yang J.,,85093936504
57204002430,Oluwasola D.O.,,85054005988
57204004471,Siva Kumar F.D.,,85125602691
57204006257,Cross S.H.,,85126899508
57204008496,Whitley E.,,85077948545
57204011796,Ryu H.,,85106500637
57204017053,Hanimann A.,,105001969901
57204018021,McCrain J.,,105034351804
57204023015,Zhou Y.,,85075009873
57204023318,Chen N.,,105040925854
57204031174,Tingley D.,,85054137181
57204032096,Wang C.,,85169698421
57204034449,Gong Z.,,105020918123
57204035422,Hoffmann N.I.,0000-0002-7412-4837,105031590282
57204036325,Filsinger M.,0000-0002-6583-8301,85122782158
57204040174,Wäckerle J.,,85138418472
57204043601,Settele S.,,85129978191
57204045652,Adams D.,,85058656231
57204053668,Werner K.,,85140091650
57204055781,F. Stoetzer L.,,85052651703
57204056083,Chang H.C.H.,0000-0002-0056-2527,105041542720
57204061447,Rennane S.,,85066037691
57204066861,Pandey P.,,85136688324
57204067237,Cheng B.,0000-0002-8853-0924,85217711089
57204069512,Espinosa P.R.,,85201623800
57204070347,Wang Z.,,85076258036
57204074712,Hahn P.,,105012935442
57204082996,Ullom J.N.,0000-0003-2486-4025,85205480864
57204088718,Savchenko O.M.,,85134877718
57204098324,Aleks Schaefer K.,,85141941005
57204101731,Amroze A.,,85075009873
57204104246,Zhang H.,,85200011466
57204121859,Thomas B.J.,,85135462555
57204122172,Thomas J.,,85054599752
57204123435,Savoie J.,,85096311870
57204126922,Holloway J.,0000-0003-4588-5490,105018626903
57204127211,Snook D.W.,,85100039866
57204128104,Kanitz R.,0000-0003-1665-3340,85206073450
57204133842,Huang M.,0000-0003-2295-8247,85139085257
57204149540,Demarest H.,,85182558147
57204153949,Ponarin E.,0000-0002-8568-5840,85117335410
57204163001,Weyrich P.,,85054757575
57204164051,Seo M.H.,,85048827300
57204167467,Kelp N.C.,,105019784086
57204172388,Kang H.,,85120815262
57204178356,Han Y.,0000-0002-1460-2972,105029916557
57204184972,Valentim V.,,105012502605
57204186407,Hughes A.G.,,85121376619
57204195434,Greene D.,0000-0001-9568-449X,105019921140
57204200991,Marth S.,0000-0002-7789-268X,85132067404
57204209476,Warden C.E.,,85054976638
57204238294,Bashian H.M.,0000-0002-8348-4228,85188180691
57204238593,Tanksley P.T.,,105025221868
57204241111,Danielsen A.A.,0000-0002-6585-3616,85218813039
57204241991,Potter A.,,85055038231
57204244875,Rodrigue A.,,85052495954
57204259462,Albright E.A.,,85177174857
57204262962,Arceneaux K.,0000-0002-2884-5238,105040252856
57204263556,Jennings J.T.,,84967285753
57204264595,Douds D.D.,,84969730502
57204267676,Tisch D.,0000-0002-2973-2008,105044941742
57204281273,Conroy-Krutz J.,,85102071850
57204283328,Schild C.,0000-0002-6668-5773,85092937215
57204289040,Hirsch M.,,85189028825
57204290747,Rozmann N.,,85115024728
57204293583,Perrier A.,,84924388779
57204298803,Curlin F.A.,,85041561306
57204299670,Davies H.,,85041729445
57204304526,Sprecher S.,0000-0003-2940-4220,105000547765
57204324863,Veropalumbo R.,0000-0002-7035-7967,85085919870
57204351721,Campbell C.,,105023428295
57204357050,Kim J.,0000-0003-4608-8098,85212877440
57204357810,He Q.,,85141954397
57204358705,López A.,0000-0003-4103-3944,105035605626
57204364824,Bach R.L.,0000-0001-5690-2829,105037157820
57204376003,España-Nájera A.,,85077905362
57204376949,Franiuk R.,,85064005491
57204380108,McGinnity F.,,85176917112
57204390564,Snethen C.,,85055420673
57204397014,Kim G.,0000-0002-8073-0163,85188749559
57204417954,Willems H.C.,,85173894490
57204418769,Stüber R.,,85201753264
57204419259,Guo Y.,,85166537426
57204420289,Yang M.,0000-0001-8095-4987,105000556257
57204420407,Van Dijke I.,,85100359042
57204421705,Spencer S.,,85055564646
57204422253,Lehmusvuo T.,,85055580660
57204423726,Pedersen K.,,85055550361
57204423993,Duru A.,,85055564646
57204426178,Freeder S.,0000-0002-5751-7778,85056829232
57204427399,Chen Y.,,85159765720
57204432113,Vahtera A.,,85055580660
57204433606,Russo G.,0000-0001-8763-5698,85161800218
57204433882,Ruohola M.,,85055580660
57204443480,Lessard-Phillips L.,0000-0001-5881-5569,84994158607
57204454781,Ochs D.,,85069644546
57204455178,Yousef E.,,85050395492
57204465585,Matchanova A.,0000-0002-7437-9266,85164243484
57204475113,Grant Z.,0000-0002-9839-5447,85212175262
57204477553,Gu Y.,,105035518691
57204481439,Peterson K.,,85055737208
57204497864,Dietrich N.,0000-0001-8380-0203,85114614331
57204499881,Cassell K.J.,,85181805536
57204504714,Schlicher K.D.,,85134061868
57204509524,Agadjanian A.,0000-0002-6756-8472,85087552716
57204522887,Carter B.,,85086022673
57204528351,Pashayan N.,,85067199251
57204530490,De Buck A.,0000-0002-0579-1011,85150702461
57204534129,Gross M.,0009-0007-6124-6679,85188507259
57204543543,Nordin K.,0000-0002-2087-6638,85073979089
57204544588,Metinsoy S.,0000-0002-5763-2231,105002742638
57204545190,Olson M.P.,,85215106934
57204548847,Yu J.,0000-0002-8146-6093,105007422853
57204549704,Robotham K.,0000-0002-6320-6263,85189804981
57204550626,Adam M.,,105015145961
57204553980,El Kurd D.,,85150366776
57204554210,Poole E.G.,0000-0002-9817-5014,85189507592
57204556475,Portice J.S.,0000-0002-1252-1343,85153274666
57204558550,Duan Y.H.,,85056155019
57204560144,Liu K.S.,,85056155019
57204562386,Yu J.J.,,85056155019
57204562435,Berrett J.L.,0000-0002-4419-4906,105001640586
57204587839,Puschke J.,,85100878335
57204595035,Dillman-Hasso N.H.,0000-0002-8284-4383,85217162850
57204606065,Kim S.H.,,85054829213
57204607162,Huang T.J.,0000-0003-0755-6055,85166970640
57204635835,Sawulski J.,0000-0002-8777-2710,85198099251
57204638224,Osterloh M.,,77950538126
57204638290,Waterhouse S.,,85063235884
57204639935,Cabernard L.,,85145984604
57204641204,Agustin I.Y.,,85198669433
57204656398,Castellanos-Serrano C.,0000-0003-4871-3555,85201636677
57204664891,Zhao M.,,105007245446
57204666497,Sereeyotin J.,,85210769305
57204673992,Bihary J.G.,,85091829126
57204678032,Maes J.,0000-0003-4321-2903,105025130633
57204685461,Liu P.,,85099355730
57204685819,Hemrajani R.,0000-0002-9625-4106,105033114774
57204686498,Charbonneau J.,,85074615140
57204705249,Cardon E.,0000-0001-9710-1489,85167336441
57204708434,Bi N.C.,0000-0002-2472-560X,85098792003
57204713680,Lippa N.,,84870294408
57204718665,Tian X.,0000-0002-9401-685X,105013591042
57204718959,Sasaki S.,,85164165182
57204726350,Mendonca F.A.C.,,105025961866
57204731462,Bernhard R.,0000-0002-4104-0020,85103699919
57204734896,Deruelle T.,0000-0002-3722-0467,85150162104
57204760346,Sankar M.,,85135203212
57204760828,Kiełczewska A.,,85198099251
57204762736,Bergquist P.,0000-0003-0572-4764,85172731012
57204764972,Ramasamy S.,,85135203212
57204772241,Kunnari A.,,85130542253
57204773009,de Laski-Smith D.,,85202823630
57204773797,Keijzer M.A.,0000-0002-7585-062X,85141016149
57204777214,Koverola M.,,85130542253
57204781931,Shaffer-Morrison C.D.,0000-0002-2467-9244,85217162850
57204788543,Kocar S.,0000-0001-9279-4693,85191773433
57204789153,van Huijstee D.,0000-0003-3087-4473,105038656405
57204789161,Vintila D.,,85186570502
57204800633,Dubey R.,,85209251700
57204807881,Keely C.,,85110484359
57204810718,Russell A.,,85110484359
57204813162,Steffan D.,,105016667811
57204817365,Lee J.J.,,85104916775
57204826544,Gallegos I.O.,0000-0002-4872-6447,105029946035
57204852884,Gunning J.N.,0000-0002-0893-0777,105003997798
57204854082,Kuehl C.,,105025358511
57204855744,Khalil U.,,105038196820
57204868955,Scherzer S.,0000-0001-9391-9734,105008650143
57204873996,Landry A.,0000-0003-1579-7326,105021069285
57204875766,Rizzo T.,,85057597955
57204879718,Sejersen M.,,85100331870
57204883971,Heaps E.,,85057597955
57204887418,Avdeyeva O.,,85169812292
57204914427,Rosa M.N.,,85064458153
57204918058,Carson J.E.,0000-0001-6296-8517,85165058589
57204918723,Templeton L.,,85186623331
57204919074,Bačovský P.,0000-0003-0338-1534,85200454769
57204942212,Swab R.G.,,85089546742
57204946836,Guaschino E.,0000-0001-5775-9657,105001549954
57204947301,Daly M.,,79954627103
57204948301,Petitpas A.,0000-0001-7552-3939,105007864689
57204950833,Lloyd A.M.,,85058068103
57204950998,Lee B.Y.,,85058126769
57204951403,Gubitz S.R.,0000-0001-9704-2650,85143600812
57204951748,Zumofen G.,0000-0002-9047-9099,85140397041
57204952534,Chen J.C.,,85079283409
57204953481,Miller W.T.,,85189892797
57204954891,Mazrekaj D.,0000-0002-3311-6056,85194821044
57204956516,Tiede K.E.,0000-0002-8735-0630,85174270278
57204956886,Kimball W.,0000-0003-0835-2273,85091452322
57204959165,Hudson J.,,105012597345
57204968471,James K.K.,,85114398696
57204969930,Sharma-Khushal S.,,85058189001
57204976312,Watson B.K.,,85097199931
57204976426,Santia M.,0000-0002-2097-7674,85210413888
57204977825,Bryanov K.,,85153076638
57204979593,Wadei K.A.,0000-0002-3266-7817,105034648317
57205004599,Görtler E.,,84949519983
57205006900,Zhu M.,,85207341749
57205008986,Boutet I.,,85101307768
57205019382,Zhong Y.,,85165495673
57205036241,Kneafsey L.,0000-0002-9259-8542,85089482390
57205037934,Turkoglu O.,,105037029441
57205060032,O’Donnell R.E.,0000-0002-7726-7200,85146994265
57205063598,Stenger M.,,85058398410
57205063671,Lake J.,,85190471348
57205079964,Soliman M.,,85174310394
57205103652,Fischer M.W.,0000-0003-3913-4906,85081300423
57205108666,Lim W.,,85063315028
57205108765,Crowell C.A.,,85116972333
57205110958,Feehan D.M.,,85025667086
57205114819,Mills M.M.,,85064458153
57205115403,Swift B.A.,,85064458153
57205115423,Peterson J.C.,,105016237228
57205115929,Hutmacher F.,,105049021547
57205117922,Zong Z.,0000-0002-8673-0543,105014888336
57205133533,Elçi E.,0000-0003-3713-788X,105026621543
57205139962,Davidson B.I.,,85205059246
57205151780,Lorimer S.,,85081291207
57205156637,Kline N.K.,0000-0003-1802-6009,105007094973
57205156844,Wicki M.L.,0000-0001-8972-8468,105021593439
57205157032,Degen D.,0000-0002-0091-7674,85194422612
57205176645,Meyer S.C.,,105040229019
57205182548,Gallagher A.,,85096830696
57205182933,Verstraete W.,0000-0003-0269-6112,85058957318
57205184224,Suykens B.,0000-0002-0656-8946,85165302981
57205185200,Migchelbrink K.,,105001075606
57205188370,Cook A.,,105004475485
57205197111,Kalesnikaite V.,0000-0002-0159-5312,105046407785
57205199408,McCauley D.M.,0000-0002-0794-9433,105029661891
57205201490,Chethana B.,,85059020369
57205201914,Hammond M.M.,0000-0003-1011-9155,85176940474
57205205121,Lee C.A.,0000-0001-7591-5780,85176924618
57205210729,Vásquez-Cortés M.,0000-0003-2645-0176,105032679069
57205214429,Chen-Sankey J.,0000-0002-1797-5248,105036248229
57205226042,Bozkurt S.,0000-0002-3985-5925,85111042015
57205236889,Wing-Paul D.,,85092394321
57205239917,Mitchell A.R.,,85102153409
57205249500,Gawronski S.,,85074825621
57205249569,Jones L.,0000-0002-9862-4908,105035021932
57205251259,Baum J.,0000-0002-1212-5244,85103474076
57205251494,Wei W.,0000-0002-5572-9398,85180843295
57205255274,Yaden D.B.,,85197235074
57205259540,Schneck C.,,85059333022
57205261527,Nie J.,,105023697198
57205261848,Navarrete R.M.,,85125041628
57205262108,Xi N.,,105003296663
57205263683,Latikka R.,0000-0003-3798-0017,85194493858
57205263855,Imperato C.,0000-0002-4787-0631,105023582240
57205264504,Daikeler J.,0000-0002-4879-8344,85211349082
57205264967,Vordenberg S.E.,0000-0002-9828-9759,105012605918
57205265406,Wensing J.,,85111472766
57205266777,McCormic R.W.,,85059301804
57205270814,Gelado-Marcos R.,,85177044613
57205271835,Asensio M.,,105019810298
57205272302,Rottler M.,,85162976989
57205289583,Hewitt L.,0000-0001-8278-7692,105044369270
57205301933,Hung C.K.,0000-0001-6598-6024,105001640586
57205302985,Chhajer R.,,85127397419
57205319967,Braden T.,,85059537329
57205320643,Adamczyk J.,,85059537329
57205320734,Antretter T.,0000-0002-6674-4585,105000011283
57205322285,Ross A.R.N.,,85085165185
57205323207,Qu J.,,85059537329
57205324153,Rodts M.E.,,85089731925
57205326527,Ponce de Leon R.,0000-0003-3732-3594,85130239966
57205327194,Ripoll G.,0000-0002-5949-352X,105045054901
57205328726,Nellen C.,,85107756891
57205329298,Jurgenson J.B.,,85059587282
57205329586,Wilson A.,0000-0002-4478-675X,105037975074
57205333552,Colloca L.,0000-0002-6503-4709,105003982095
57205333775,Ścigała K.A.,0000-0003-4689-0697,85092937215
57205343726,Flores M.L.,,85132601362
57205344173,Jakob E.A.,0000-0001-7369-7396,85059644124
57205350074,Hanlon H.R.,,85088885646
57205350110,Choi J.,0000-0001-5882-3702,105031656787
57205351809,Moore M.M.,0000-0002-2658-5495,85152440749
57205355270,Andrews-Lee C.,,85059687033
57205368448,Matthieß T.,0009-0001-2514-1411,105019785343
57205369162,McCarron H.,,85059798221
57205378334,te Riele B.,,85059811336
57205379189,Overgaauw M.,,85059811336
57205383513,Bakker A.B.,,85202512213
57205386507,Schoenherr J.A.,0000-0002-2829-9791,105021668564
57205388216,More K.R.,,105009510585
57205388577,Yang W.,,85161927637
57205388778,Iweala S.,0000-0003-4263-6288,85134817948
57205390216,Dray K.K.,0000-0002-7977-525X,85124516176
57205405054,Zvobgo K.,,105016867757
57205405836,Williamson T.,,85080944696
57205407215,Zhang Z.,,85169165401
57205420801,Stumpf F.,,85089016364
57205421156,Ebensperger S.,,85089016364
57205421197,Valdes J.,,85059946018
57205432768,Fu J.,,86000352682
57205440129,Yazbec A.,,85071729940
57205452418,Donahue J.,,85060078429
57205452583,Macchiavelli F.E.,,85060078429
57205453770,Mehner A.J.,,85060078429
57205454280,Vigors B.,,85102434642
57205455477,Eilers J.R.,,85060078429
57205455854,Dvorak R.D.,0000-0002-0613-1277,105002643492
57205456071,Van Middendorp A.J.,,85060078429
57205456450,Breen L.H.,,85060116642
57205456848,Hartz S.,,85060078429
57205458525,Gustafson W.,,85060078429
57205459842,Cajigas Z.P.P.,,85060078429
57205459988,Hutchings K.S.H.,,85060078429
57205462057,Klein W.M.P.,,85126370927
57205468557,Draguljić G.,,85210086947
57205470102,Waterbury N.W.,,105029607261
57205470148,Carpenter J.,0000-0003-2228-5572,85206656921
57205470738,Betus A.E.,,85102831504
57205473769,Cogley N.T.,,85060176762
57205473903,Hanson K.,0000-0001-7494-8580,105045757424
57205484421,Kim H.G.,,85106500637
57205488988,Blankenship B.,0000-0002-0391-1112,105040650129
57205492870,Quamina L.T.,,85147279841
57205496317,Davies A.,0000-0001-6978-4788,85074808960
57205497811,Murard E.,,105029719824
57205506018,Lipari F.,,105041551371
57205512284,Wang L.,,85060336598
57205515272,Ciulli F.,,85216703387
57205515485,Barbet B.,0000-0003-1733-9011,85153532467
57205523105,Raboaca M.S.,0000-0002-7277-4377,85143828859
57205533659,Renström E.A.,0000-0001-6593-2464,105032202385
57205533698,Mookherjee S.,,85104916775
57205542875,Musulan A.,,85099562517
57205544465,Reinke L.,,85087375150
57205545581,Innocenti S.,0000-0001-7926-0961,105023956443
57205548587,Chouhoud Y.,0000-0001-6899-5532,85149135957
57205551741,Guay B.,,85108316833
57205557636,Weißmüller K.S.,0000-0001-7697-6550,105019576702
57205557655,Giraldo-Santiago N.,,85174071113
57205560208,Gul H.,,85141148067
57205561237,Kohama S.,0000-0001-5174-7313,85131524653
57205565604,Cerami E.,,85052636854
57205573159,Radivojevic I.,,85202617266
57205579237,Ittefaq M.,0000-0001-5334-7567,85218097491
57205583082,Graham A.,0000-0002-7474-2539,105039332188
57205583798,Carr L.C.,,105019345621
57205585156,McKee S.C.,0000-0002-2283-4191,85197428072
57205587316,Goldberg M.H.,,105029518936
57205593989,Williams H.,,85182371413
57205595907,Paulus D.,0000-0002-5719-3849,85140221187
57205597146,Freddi E.,0000-0002-1794-5188,85208762534
57205597839,Reed S.M.,,85145841017
57205631074,McClellan O.A.,,85060859151
57205632193,Li S.,,85206354097
57205634499,Shifton J.J.,0000-0001-7904-6092,85115353360
57205640171,Jin D.,0000-0003-3478-7238,85182244790
57205640769,Aladro A.,,85060913318
57205641300,De Bruin R.,0000-0002-9770-0032,105024490513
57205644954,Wright A.,,85060917166
57205647698,Stinson E.A.,,85060917166
57205649433,Wong J.C.Y.,,85060250759
57205656244,Scott J.S.,,105016224692
57205657188,Gupta N.,,85060990785
57205657591,Quintavalla A.,0000-0002-6371-7653,105047006457
57205658282,Ives B.,0000-0002-0862-8025,105003131956
57205659166,Choi B.H.,,85106745004
57205659169,Mulvihill A.,0000-0001-5157-5304,85164454223
57205659669,Wu J.,,85060983874
57205661047,Engelhardt C.,,85060987811
57205661188,Limberg J.,,105026761966
57205662452,Blass J.,,85060990785
57205664253,Hart C.G.,0000-0002-8082-0484,105047806694
57205665763,Davids F.A.,,105012935442
57205672554,Tanaka S.,0000-0001-6246-3332,105017996801
57205674540,Fanghella V.,0000-0001-9846-5559,105010877922
57205678535,Wang Y.,,85095714343
57205678813,Zhang M.,,105029773920
57205679806,Gelvez J.D.,,105020717892
57205682038,Zucker S.M.,,85133751149
57205684776,Hermes H.,0000-0002-9339-4779,85207962265
57205696164,Kopasz M.,0000-0001-8661-5644,105045293921
57205696393,Alizade J.,0009-0009-1643-1765,105005205479
57205701577,Alexander T.R.,,85138217525
57205702419,Klasmeier K.N.,0000-0002-1404-2792,105036704020
57205702663,Schilbach M.,0000-0001-5035-0664,85219038324
57205717009,Robinson T.,,105023538588
57205718392,Boehlen W.,,85146617090
57205720469,Humphries Z.,,85077467338
57205722051,Ocean N.,,105016341293
57205723970,Delecourt S.,0000-0002-5917-3526,85187926429
57205729113,Aulbach M.B.,,85084877538
57205740995,Nachman L.,0000-0002-7467-6076,105014222924
57205753297,Park E.H.,0000-0002-7020-9630,105001812119
57205753924,Wang Y.,0000-0003-3633-7951,85061433336
57205761227,McRoy M.,,85061479743
57205763513,Clayton K.,0000-0003-0740-5230,105045529994
57205766034,Juszczyk D.,,84922463963
57205766209,Jung S.,,85203560291
57205782018,Saini S.D.,,85117550049
57205785147,Rubin P.,,84892777168
57205792206,Behnke J.,,84991669717
57205860451,Wen C.,0000-0003-3546-9813,86000618791
57205877055,Park Y.,,85096376217
57205877655,Burro G.,0000-0002-8242-3167,105040694675
57205877960,Jiang A.,0000-0002-2492-9581,105047772028
57205888133,Hong J.W.,0000-0002-6555-3074,85111058188
57205903355,Akiyama N.,0009-0005-3544-7683,105025812199
57205938098,Phelan J.C.,,85104782003
57205956592,Danchin N.,,84958902068
57206133214,Gingrich J.,,105016547832
57206139021,Ash E.,0000-0002-6817-7529,105027457404
57206189452,Zhou Q.,0000-0002-4572-1560,105014025979
57206190995,Shu R.,,105036875163
57206191244,St. Louis S.,0000-0002-9314-2774,105034767853
57206194829,Harvey N.,0000-0002-9246-1992,85087164039
57206200055,Shi L.,0000-0002-2054-7367,105038176952
57206203822,Lim P.S.,0000-0002-1626-6757,85094653113
57206203976,Paschall C.E.,0000-0002-8680-0572,85142870334
57206206032,Alvarado M.,,105032580339
57206207754,Sharifova M.,,85134062755
57206261900,Ooi J.,,85056254545
57206333217,Dixon G.,0000-0002-2761-848X,105011352996
57206345974,Owen A.,,85101329581
57206398742,Ghasemian A.,,85197295730
57206433174,Linos E.,,105048022930
57206466925,Adema J.,0000-0001-6561-2233,105013176186
57206477370,Piccoli L.,0000-0002-4032-4793,105042545558
57206480902,Karazsia Z.,,105028960400
57206483072,Matsumura N.,,85061912024
57206483352,Weiss A.,,85015999937
57206483450,Dimand A.M.,0000-0003-2728-1597,105046407785
57206486483,Shandler R.,0000-0002-0931-2014,105040003129
57206489093,Powell B.J.,,85088495518
57206522782,Hamanaka S.,0000-0002-7901-2391,105047814344
57206641825,Kitamura T.,0000-0002-3009-2546,85201053888
57206656502,Du Y.,,85061810437
57206657300,McManus J.,,84987971082
57206660567,Nguyen V.T.,,85123966933
57206662675,Testori M.,0000-0001-7292-7129,85178490180
57206716434,Hackenburg D.,,85130942784
57206720309,Weissman A.,,85090893536
57206723025,Müller V.,,85061940647
57206724604,Zhu L.,,85181199215
57206728860,Kryston K.,0000-0002-3411-2823,105016861851
57206746829,Palmer M.J.,,85150751341
57206767044,Zhao K.,0000-0001-7584-3078,85059932376
57206834576,Anand S.,,105016477174
57206848030,Bolos L.A.,,85139010673
57206882267,Baker T.,,85017479115
57206899745,Tanaka K.,0000-0003-0455-0133,105044351057
57206906187,Moreno A.,,85207155208
57206934108,Shen X.,,105001866955
57206937457,Uji A.,0000-0001-9992-5908,105010226878
57206973188,Hansen M.A.,0000-0001-5116-5751,105035439363
57207037010,Fechner D.,,105038796493
57207046244,Marcos A.,0000-0002-9986-6343,85145502894
57207105443,Turnbull-Dugarte S.J.,0000-0002-9330-3945,105001443304
57207182803,Shen L.,,85054560559
57207189039,Laumann T.V.,,85062262291
57207191694,Malik A.A.,,85159331946
57207202192,Wang W.,0000-0001-6997-5752,85190416577
57207206880,Liefgreen A.,,85140664233
57207222553,Friedman J.A.,,105032882354
57207244745,McKasy M.,0000-0002-3489-612X,105013261897
57207244878,Uldanov A.,0000-0001-6273-0250,85194861032
57207244966,Fouka V.,0000-0002-5211-0805,85121289697
57207245626,Zhu Z.,,85161700211
57207246011,Möser S.,,85062347543
57207246789,Grigoryeva I.,0000-0003-3657-0526,105023998339
57207251093,Webb A.,0000-0003-3942-3767,105047484855
57207253295,Nolan R.,,85013191448
57207254062,O’Reilly Z.,,85217836384
57207259977,Scherer E.,,105039914190
57207260645,Baykal O.G.,0000-0001-7765-5863,85062372957
57207349175,Annis C.,0000-0002-7311-1612,105001323605
57207349191,Chen Y.,,105020590422
57207355532,Zhen L.,0000-0002-5495-6302,85107501518
57207357396,Derricks V.,0000-0002-8142-0597,85216251753
57207372703,Qian L.,0000-0001-8467-4384,105008544976
57207399265,Smith J.,0000-0002-0480-8125,85185956655
57207434745,Shin M.J.,,84902523758
57207467454,Chang E.H.,0000-0002-7891-0499,105003226436
57207473130,Wang L.,,85128313466
57207473263,Zhang Y.,,85165534158
57207486575,Benjamin D.J.,0000-0002-2642-5416,105013865997
57207502875,Engler S.,0000-0003-3555-1091,105010871897
57207503581,Saldana L.,,85088495518
57207509081,Ledgerwood A.,,85069735550
57207517749,Gaudreau P.,,85209386504
57207532032,Bansal G.,0000-0002-0775-5225,85164369445
57207533714,Tavakkoli-Moghaddam R.,,85138243255
57207556629,Gehlbach S.,,85100007239
57207560939,Spoelstra S.L.,,84971472409
57207570955,Good V.,,85207715474
57207573375,Villas-Boas S.B.,,85128093363
57207574430,Liu Q.,,85097414378
57207584923,Farnè A.,0000-0001-5769-3491,85200529009
57207590736,De Los Reyes A.,,85042490223
57207605071,Sebanz N.,,105031763418
57207612652,Knoblich G.,,105031763418
57207618288,Gurditta K.,,85062658754
57207618772,Kuang Y.,,85062659420
57207619502,Judd E.,,85062658754
57207620728,Markwat N.,,85148111960
57207622338,Zhang L.,,85062659420
57207647957,Bullock O.M.,0000-0001-5403-7149,105044855859
57207667713,Riccioli F.,0000-0002-0745-7893,105034293043
57207673998,Lowers J.,,85126899508
57207687285,Nijs T.,0000-0003-2164-342X,105013809237
57207691677,Söllner M.,0000-0002-1347-8252,105039788620
57207729292,Gricus M.,0000-0001-9876-6829,85137011988
57207729549,Shanaah S.,0000-0002-6742-6415,85199888463
57207734605,Gamboa C.J.,0000-0001-7856-519X,85111481317
57207755012,Hintz E.A.,0000-0002-5202-4771,105003997798
57207756962,Moore S.,,85127116407
57207761827,Reynolds R.M.,,85127116407
57207762478,Shebib S.J.,,85127116407
57207763612,Poland T.L.,,85127116407
57207763742,Mazur A.P.,,85127116407
57207765556,Song J.D.,0000-0002-8554-3316,85135254643
57207774144,Breitenstein S.,,105016587302
57207783865,Murray R.M.,,85094201686
57207784426,Malerba D.,0000-0002-8858-1684,85199151006
57207797639,Kalaji M.,0000-0001-6921-7185,85184585795
57207810510,Iqbal M.A.,,105034131928
57207816407,Turitto C.,,85108205389
57207817358,Kim J.H.,,105012355723
57207821461,Hernando A.,,105017423492
57207827307,Kalleitner F.,0000-0002-1196-824X,85194908853
57207828533,Straka A.,,85124994501
57207847561,Kim T.,,85086329694
57207848186,Xiao Z.,,85107701466
57207849587,Terziev J.G.,,85063030326
57207855782,Frischknecht R.,0000-0002-8739-2611,85104355284
57207856321,Shi W.,0000-0003-0850-5831,105029946035
57207857239,Trejo S.,0000-0002-9880-5354,105046297487
57207878739,Blum R.M.,0000-0001-9242-2363,105009625922
57207882171,Ascencio S.J.,0000-0003-3257-3439,85205819840
57207884587,Menéndez González I.,0000-0003-3308-109X,85108431663
57207893687,Brown T.,,105021247994
57207899507,Parsons T.D.,,85115751581
57207907325,Pinel E.C.,0000-0003-0224-0000,85114483769
57207911281,Liu H.,0000-0002-4038-3208,85118715173
57207915125,Choi I.,,105046695806
57207927520,Chong C.,0000-0002-2876-2854,105044323472
57207928997,McCormick L.,,85063273738
57207936340,Diaz-Beltran M.,0000-0003-4385-9635,85135320477
57207937844,Hiltner S.,,85063273738
57207944356,Komiya Y.,,85063335157
57207945286,Palmer H.,,85116972333
57207948026,Rossetti F.,,85127332793
57207948176,Brito A.,,85063315028
57207950896,Thier K.,,85073996474
57207953382,Manento C.,0000-0002-6865-548X,85098992760
57207954537,Fernandez J.,,85143858690
57207967108,Peng J.,,85195692648
57207973692,Campbell T.,,85125142351
57207974788,Wejryd J.,0000-0002-8043-265X,85211602586
57207981583,Votta F.,,105019107189
57208000956,Elghaish F.,,105045131757
57208014663,Coey P.,,85151883587
57208024939,Toscano S.,,85123224171
57208027379,Im Z.J.,0000-0001-7854-1382,105031608772
57208027720,Péloquin-Skulski G.,,105008878283
57208032509,Toenshoff C.L.,0000-0003-3790-3265,105006474249
57208056299,Chaudhry S.,0000-0003-3506-7590,85096071882
57208063706,Axelsson J.,,85152165890
57208070284,Aggarwal R.,,85114670230
57208084441,Inglese C.,,85123307033
57208090826,Nguyen D.,,85063315028
57208102749,Yurtbakan T.,0000-0002-6259-7207,105032208735
57208124224,Konkel R.H.,0000-0003-1183-3254,105012565726
57208127824,Wittwer S.,,105021593439
57208130453,Unan A.,,105043390464
57208132138,Noordzij K.,0000-0003-1874-5863,105037057133
57208148351,Hilpert D.,0000-0002-1996-338X,85183880382
57208163953,Li W.,,105003398991
57208166141,Luca A.,,85064005491
57208171576,Penke L.,,105004475485
57208175781,Macdonald D.,0000-0002-8820-6067,85146655693
57208186233,Doidge C.,,85064079071
57208199852,Zheng W.,,85217803248
57208212498,Li X.,,85064120941
57208214835,Dempsey M.C.,0009-0003-1722-414X,105037815374
57208228769,Shohoudi Mojdehi A.,,85064181250
57208228770,Shohoudi Mojdehi A.,,85064181250
57208239097,Simonovic N.,0000-0003-0384-7103,105012974755
57208242014,Rouillard T.,,85064219014
57208243854,Roche J.,,85064219014
57208263343,Bufe S.,,85159826187
57208283551,Kusa N.,,85074825621
57208283853,Fleming T.G.,0000-0002-6241-5100,85101547938
57208304288,Tamò-Larrieux A.,,85105543912
57208315319,D'Agostini M.,,85064433531
57208316661,Kelemen T.K.,,85132601362
57208318818,Morbée S.,0000-0002-0444-1917,85164322803
57208318902,To C.,0000-0001-7836-2261,85126624477
57208318905,Yacovone A.,,85171179743
57208321842,Lorenz-Spreen P.,,85147720720
57208327696,Gotzsche-Astrup J.,,85215293109
57208330308,Marton G.,0000-0002-6360-7569,85078669526
57208331698,Lasky-Fink J.,,85140855266
57208333188,Patel M.L.,,105049005827
57208333699,Oxley S.,,105046637828
57208333744,Lockamyeir R.F.,0000-0001-8967-4834,85107955398
57208337194,Dobbs K.L.,0000-0001-9389-9104,85085355200
57208345275,Rahnama R.,0000-0002-9530-4239,105046382834
57208346608,Molter F.,,85135955674
57208347554,Comfort R.N.,0000-0001-6992-623X,85199983162
57208393191,Melcher N.,,85122869687
57208393715,Featherstone J.D.,,85098748664
57208395546,Schwitter N.,0000-0002-3837-680X,105037157820
57208396964,Kacperczyk O.,0000-0001-7874-6177,85134700219
57208397569,Jones A.,,85128977351
57208399695,Bruinsma B.,0000-0002-2556-4940,85201061544
57208421527,Krallman A.,,85086906996
57208428346,Frankham E.,0000-0001-7040-5941,85130626987
57208438827,Ramanathan K.,0000-0002-6294-1071,105034811505
57208439452,Cipriano A.E.,,85110359502
57208443630,Lohmann R.,,85064845622
57208444809,Kyprianides A.,0000-0001-7168-089X,85118106062
57208461287,Piquero A.R.,,84899984920
57208481698,Zhou Y.,0000-0002-9823-8468,105010344750
57208482783,Kim M.,,105046695806
57208483511,Pleva M.,,85087704776
57208489080,Seib E.,,85087704776
57208489849,Gosling M.R.,,85064900548
57208493226,Smythe J.,,85064900548
57208493669,Coles S.M.,0000-0001-7281-8651,105002135407
57208524877,Daube C.,0000-0002-1763-8508,85208081888
57208526007,Hameduddin T.,0000-0001-5649-4757,105001323605
57208530747,Baratz G.,,85152970538
57208532396,Newberry K.M.,,85065031465
57208540129,Hardman C.A.,,105036789241
57208545711,Murray B.,0000-0003-3233-9044,105010714040
57208558135,Dragoi L.,,85210769305
57208566232,Brough C.,0000-0002-8216-0686,105041067124
57208566469,Cabell J.J.,,85108849250
57208570197,Nickerson C.,,85065135903
57208570314,Copp C.J.,,85108849250
57208572939,Goldberg S.,0000-0002-6331-8943,85065205586
57208573508,Bunting S.R.,,85140811639
57208577425,Kim M.,,85083545761
57208579927,Watts J.,0000-0002-0430-7718,85170844084
57208598802,Braham J.,,85065256275
57208600686,Davidovic D.,,85187570117
57208619526,Schmidt M.R.,,85123286188
57208631172,McClean C.T.,0000-0002-6780-6194,85186447775
57208642584,Ramstetter L.,,85219489421
57208643615,Catlin M.,0000-0002-3388-4485,85152015624
57208645039,Yiğit Y.C.,,105040678928
57208645814,Jacobs E.,,85065392436
57208646546,Holden L.J.,,85135774271
57208647142,Berry A.T.,,85132668710
57208648564,Scott-Buechler C.,0000-0002-8558-0715,105039276478
57208667090,Neubert E.,,85207777618
57208672668,Seo S.,,85186842180
57208682327,Gomez-Cano M.,,85065546287
57208705673,Jacobsen J.,,105006708085
57208707667,Li T.,,85176472685
57208717806,Camarillo T.,,85097563880
57208719314,Ryan M.,,85087616692
57208723864,Rau R.,0000-0002-1490-8584,105031715589
57208736329,Seiferling M.,,105035719746
57208738951,Sahasrabuddhe A.,0000-0003-4835-6498,105016701947
57208739721,Freebourn J.,0000-0003-1747-9006,105014216482
57208740176,Ársælsson K.M.,,105024003881
57208741376,Wang L.,,85174534890
57208746235,Cao J.,0000-0003-0336-2384,85209785457
57208754058,Hall T.K.,,85173639133
57208754959,Ahrens L.,,105039821810
57208757880,Petts A.L.,0000-0002-1068-1378,85110974330
57208769719,Yoon G.H.,0000-0002-3849-1947,105034430104
57208769884,Jiang Y.,0000-0003-3561-5681,85080078032
57208775624,Cancellare I.A.,,85065786322
57208776260,Carmichael B.J.,,85065786322
57208798823,Lindstam E.,0000-0003-0573-6474,105042197849
57208801648,Takeuchi A.,,85205480864
57208803424,Aizenberg E.,,85173929351
57208820366,Eze J.N.,0000-0001-5809-0182,85102033815
57208824962,Hurwitz A.,0000-0002-6457-1983,105004994941
57208836223,Wang J.,,105009831682
57208838964,Disco R.T.,,85065922818
57208840280,Kim S.,,85065913702
57208846698,McAndrews J.,,105005845952
57208862704,Luzsa R.,,85102555988
57208863899,Tirol-Carmody K.B.,0009-0001-1400-2483,85219682924
57208865812,Chao A.E.,,105000619282
57208874465,Dwyer C.L.,,85150751341
57208878811,Yoon S.H.,0000-0002-0182-6109,105030590156
57208881475,Lamot K.,,85074843228
57208882198,Sotis C.,,105040952337
57208884039,Baert F.,0000-0002-7602-5859,85162889653
57208884138,Bratton L.,,85066027821
57208884687,Oana I.E.,0000-0003-1507-8217,85176771349
57208886818,Rojon S.,,85188966382
57208889076,Challenger A.,,85066027821
57208889259,Chen Y.,,85099689161
57208898762,Sandstrom A.,0000-0002-4049-7141,85176255308
57208899048,Viyyuri B.R.,,85066099680
57208903251,Chuey A.,,85192586586
57208905138,Li D.,,85153350971
57208921485,Kalaj J.,,85123005472
57208923107,Lober D.,,85066112299
57208924274,Shipper J.,,85066114141
57209002210,Reinl A.K.,,85161432217
57209003803,Leeabai N.,,85066466904
57209004586,Dilixiati D.,,85066466904
57209010364,Gobster P.H.,,85104966575
57209010856,Jiang Q.,,85066466904
57209025269,Xue J.,,85199965144
57209025573,Hazra A.,,85140811639
57209034401,Bos N.,0009-0004-8852-4243,105014548474
57209038890,Tuñón G.,,105016854182
57209039650,Egel N.,0000-0002-9049-7975,85182493894
57209047505,Zihlmann C.,,105034408644
57209048316,Burton S.,0000-0003-3823-3275,105026794788
57209050151,Chapkovski P.,,85211630431
57209061273,Liu F.,,85075036397
57209099239,Yoshida H.,,85066466904
57209099912,Izumi T.,,85066466904
57209108236,Kleine A.K.,,105047875195
57209108711,Imura T.,,85194872326
57209109013,Ito K.,,85194872326
57209112031,Murtaza G.,,105038418295
57209136615,Lewis J.,0000-0001-8342-1051,85192064588
57209137416,Lopes A.,,85179721679
57209140213,Miljanich C.,,85196896191
57209140588,Huddleston R.,,85066609665
57209143724,Bommarito S.,0000-0002-2120-7305,105027414027
57209175813,Cortes P.M.,,85214999919
57209180314,Baker M.C.,0000-0002-0002-1907,85163106194
57209182221,McKay L.,,105028774253
57209182672,Walzenbach S.,,85156243509
57209182725,Cook B.,,85133961999
57209196058,Nemerever Z.,0000-0002-1674-5002,85192543516
57209202982,Barrafrem K.,0000-0003-3171-8640,85118591667
57209204029,Britzman K.,0000-0002-8417-829X,85148413392
57209204607,Sun Z.,0000-0003-1625-4198,105017393919
57209205244,Stapleton C.,,105038192047
57209209457,Yang Y.,0000-0002-3934-2353,105045054901
57209210271,Louis K.,0000-0003-1207-718X,85132956459
57209214268,Barks M.C.,,85080944696
57209218033,Dinh T.K.,,85131157018
57209222097,McMillan F.,0000-0002-4843-2449,85141352653
57209225995,Toh Y.N.,,85106988343
57209227654,Kim S.J.,,85169823669
57209229060,Maier R.,,85182981807
57209232641,Fischer T.,,105012935442
57209237396,Lange M.,0000-0003-2739-3361,105047355410
57209244398,Hunter S.,,85169796624
57209259193,Li S.,,85103584408
57209260154,Mc Elhinney H.,,85100618045
57209263275,Kelly M.O.,,85119069379
57209269394,Ko D.,0000-0003-4556-6086,105003583469
57209281869,Streeter S.,,85141571847
57209286108,West E.A.,0000-0003-1309-6278,85197940874
57209293674,Heinicke F.,,85170076336
57209296954,Zhou J.,0000-0003-3187-1645,85181240716
57209302629,Schiff D.S.,0000-0002-4376-7303,105015105489
57209302993,Yoo D.W.,,105027109177
57209303621,Schafheitle S.,,85068905627
57209305839,Stelmach G.J.,,105035090579
57209307146,Kaskela J.,,85139044767
57209307611,Eckhouse L.,0000-0002-4700-2367,105000050016
57209310824,Sharma A.,,85067311023
57209327993,Stünzi A.,0000-0002-5854-3126,105030207049
57209328504,Legg T.,,85189950436
57209330043,Bernárdez Gómez A.,0000-0003-1862-5554,85139456027
57209339769,Sonderman J.,,85067437575
57209341161,Loker K.,,85067437575
57209341504,Kantor L.,,85067437575
57209361751,Tomabechi T.,,85067586376
57209362226,Lee D.K.L.,,85127471931
57209366194,Becker M.,,85146317006
57209366893,Simmons D.J.,0000-0002-3861-621X,85132074045
57209368437,Stein J.,0000-0003-2902-042X,85184418124
57209369566,Masamoto T.,,85067586376
57209398012,Krasnoryadtseva A.,,85073022198
57209399300,Garrido-Castro E.,,86000634662
57209411731,Kühne S.J.,,105037769935
57209414344,Fikrlova J.,,105024000197
57209415442,Curtice T.,0000-0001-7400-044X,105001145818
57209416187,Zeng Y.,0000-0003-2553-6293,105046928495
57209419357,Hernández L.H.,,84978834539
57209419937,Heideman A.J.,0000-0001-5535-0567,85211161731
57209438040,Freudenthaler R.,,105022871687
57209450041,Sanaei A.,0000-0002-8513-8169,85067811941
57209451810,Sengupta N.,0000-0002-3874-7308,105040752083
57209455335,Ligeti A.S.,0000-0002-8261-0552,105029543895
57209455880,Davis J.,,85165467675
57209457100,Fachter S.,0000-0001-5807-6233,85170273292
57209459007,Ritchie J.,,85067794991
57209461417,Su Y.,,85160857963
57209465413,Takahashi K.J.,,85067842850
57209470844,Kaltenegger M.,0000-0002-4698-3570,105002128027
57209485664,Guenther S.K.,,85098917662
57209501778,Jylhä H.,0000-0001-8609-5490,85109969589
57209506683,Kolcava D.,,105043534448
57209509138,Davis J.,,85067962902
57209510520,Çınar I.,,105000917672
57209511816,Lewis A.N.,,85073973025
57209516239,Thomas K.,0000-0003-0860-0249,85126622500
57209533545,Bao H.,,105001345076
57209535555,Witry P.,,85068049998
57209539315,Willis R.,,85068049998
57209574175,Hosseini P.,,85210316094
57209583141,Acharya A.,,85090893536
57209587473,Woessner Z.W.,,85068120606
57209602662,Mor-Lan G.,0000-0003-1449-1659,105041671253
57209604911,Byers J.S.,,85145501819
57209605695,Diaconu B.,,85066027821
57209608394,Han G.,0000-0002-8101-3617,105018916730
57209610827,Dixon P.,,85067311023
57209613723,Huang X.,,85204053529
57209616871,Norris N.,,85171599946
57209617348,Green-Harris G.,,85171599946
57209639048,Waterschoot J.,,85164322803
57209643765,Mikkelson S.,0000-0002-0000-3645,85068315276
57209647753,Fugh-Berman A.,0000-0002-1717-7617,85063235884
57209655826,Kim W.S.,,85101607529
57209659357,Dores Cruz T.D.,0000-0002-4792-8469,85178490180
57209662794,Koch L.L.,0000-0002-4372-4194,105036238870
57209687686,Lautarescu A.,,105009510585
57209688802,Lyon N.,0000-0002-3415-4388,85163019365
57209705944,Zhou X.,,105041455414
57209713464,Dotzauer M.,0000-0002-7395-5006,105031799224
57209715009,Gunderson J.R.,0000-0001-9402-0907,85186490380
57209715484,Sanchez J.,,85068528857
57209734531,Rosenlund M.,,85199373363
57209734870,Galvin M.,,105028028025
57209735553,Maydom B.,,105022837511
57209737792,Wen F.,0000-0001-5075-2831,85200159607
57209744804,Wright K.,,105045252905
57209745506,Trandel E.T.,,85126899508
57209746603,Severenchuk S.,,85068611268
57209748002,Teresi M.,0000-0002-1103-7621,105044379006
57209749856,Grewal S.,,85165325474
57209750058,Marasigan A.C.,,105020917779
57209750546,Bicalho C.,,85101878123
57209750567,Moreines L.T.,,85126899508
57209774540,de la Cerda N.,0000-0003-2474-9756,105008476886
57209775465,Aslam S.,,105020917779
57209775763,Dhima K.,,85113323925
57209786726,Tao J.,,84988353058
57209804694,Stommes D.,,105016391010
57209820671,Nolan A.,,85068852647
57209821587,Littrell S.,,105008440841
57209828743,Long X.,0000-0001-6588-5979,105029716912
57209829535,Martherus J.L.,,85068871005
57209830482,Olivos F.,0000-0001-6395-6593,85208661468
57209838688,Joshi A.,0000-0001-9631-9216,85106028561
57209851312,Quiroga-Martinez D.R.,,85068940978
57209854729,Desruisseaux T.M.,0000-0002-5083-8376,85136503634
57209854735,Veneri C.,,85136340359
57209859470,Erhardt J.,0000-0002-4705-8889,85122782158
57209875617,Wright A.,,105026243740
57209877054,Xiao X.,,85160857963
57209878505,Egelhofer J.L.,,85152290474
57209887086,Hubner A.Y.,,85178384551
57209890961,Kalinina A.,,85107687957
57209909551,Ingvarsson S.,,85219714734
57209910490,Cheruvu S.,0000-0002-4747-2537,105043767224
57209913848,Korona-Bailey J.,,105004581160
57209932043,Carvalho J.M.S.,0000-0003-0683-296X,85054187259
57209943213,Blase R.,0009-0001-4674-844X,105047797144
57209973870,Kim J.W.,0000-0003-0493-6968,105003973323
57209973919,Van Eekert N.,0000-0002-5508-1018,85215629624
57209980416,Tisserand J.C.,,85064149443
57210070531,Blake P.R.,,105010023498
57210105366,Chen H.,,85177599967
57210118234,Andı S.,0000-0002-4333-804X,85097957144
57210123634,Chen S.,,85169005342
57210124673,Kenny M.,,85069467467
57210124717,Crawford N.N.,0000-0002-1971-4578,85107735783
57210125794,Ferrell W.J.,0000-0001-9966-1973,105011879767
57210145155,Dong N.,,105002711220
57210146064,Wang X.,0000-0001-7029-476X,85189031530
57210147220,Murphy-Neilson M.C.,,85086721004
57210147240,Kunaniec K.P.,,85086721004
57210148429,Pamlanye J.T.,,85086721004
57210148534,Choi J.,0000-0002-8739-6102,105016700724
57210156800,Ieong M.U.,0000-0002-5551-2252,85183863367
57210159980,Truex H.R.,,85086721004
57210165801,Reed R.A.,,85086721004
57210174205,Kim M.,,85070829005
57210180050,Shrubsole M.J.,0000-0002-5591-7575,85053701626
57210189571,Strikovic E.,,105035208483
57210192452,Goldy S.,,85197235074
57210195355,Azizi E.,,85069859988
57210196475,Ehlers S.M.,,85151861667
57210198061,O’Shea H.,0000-0002-8854-789X,105003090853
57210205358,Allen J.S.,0000-0002-1014-8178,105001983231
57210207397,Abdulla H.,,85122265535
57210207504,Ulusoy E.,0000-0001-9342-1784,85193039976
57210208869,Molina M.,0000-0001-8268-2401,85157148109
57210209550,Hartmann G.C.,,85173537733
57210211282,Schleu J.E.,,105009510585
57210212701,Middlewood A.,0000-0001-5234-6511,85069904157
57210219515,Salpietro L.,0000-0002-9234-0541,105046771920
57210220334,Schimke B.,0000-0002-9399-3229,85182215106
57210223786,Bosson J.K.,,85065434793
57210223987,Christie S.,0000-0003-3907-2856,85210504428
57210233079,Chesser T.,,105012935442
57210246950,Wang B.,,85217042951
57210256476,Briaux J.,,105012405457
57210273567,Van Hootegem A.,,85210952998
57210273975,Wolf H.V.,,85086685527
57210274263,Van Trappen S.,0000-0002-9010-916X,85100187398
57210284987,Chen H.,0000-0002-6057-8395,105036211249
57210289122,Giebel M.,,85209104569
57210290096,Zhi T.,,85191584668
57210291173,Landgrave M.,0000-0003-4348-380X,105017403852
57210315015,Huttunen J.,0000-0003-0683-9344,85168001751
57210315722,Ryan K.,,105004836179
57210317163,Zhang J.,0000-0002-2994-6217,105046885381
57210318406,Oswald F.,0000-0003-1491-1860,85179721679
57210322976,Li T.,,85191197718
57210323216,Lin A.M.W.,0000-0002-9020-8598,105027309261
57210325216,Rawleigh M.,,85104725733
57210330651,Hager A.,0000-0003-4268-1759,85127142770
57210333824,Kreisberg A.N.,,105020053418
57210336638,Yin Y.,,85092091944
57210340696,Wang Z.,,85070380730
57210352252,McNally B.,0000-0002-4405-6319,85216077624
57210354512,Dusso A.,,85146975274
57210364763,Bannon M.E.,,85126899508
57210369121,Fannin J.,,85070526668
57210371192,Hove W.,,85070526668
57210372973,Choi Y.,,85170110110
57210373620,Venkataraman M.,,85070526668
57210374306,Howzen A.J.,,105003189389
57210376251,Rosneck K.,,85070526668
57210376461,Rohrbach J.,,85113881377
57210377056,Rush J.L.,,85070526668
57210377477,Montgomery M.,,85070526668
57210406861,Contu D.,,84963951597
57210409160,Swinger N.,0009-0008-6248-5652,105004259427
57210412507,Teltser K.F.,,85143858690
57210422496,Raman S.,,85128583393
57210425395,Wang R.,0000-0002-4940-8889,85212836447
57210437951,Altendorf M.B.,0000-0003-3771-9783,85090208435
57210444421,Kopo M.,,105034430104
57210459884,Grant C.,,85061474480
57210464708,Shan C.X.,0000-0001-7119-5325,105046975181
57210473889,Seestedt M.H.,0000-0001-8429-2378,105046793809
57210476488,Porter T.,,85122326232
57210476561,Singer P.,,85088658749
57210477408,Davis N.R.,,85114424179
57210531363,Peterson D.J.,,85215525746
57210531468,Meyer R.J.,,105001076722
57210540223,Freeman J.B.,,84912107871
57210540289,Martin H.K.,,85165028974
57210550050,Sanders M.,,84885756740
57210555806,Rezaei Namin A.,,85070866307
57210561654,Kiyingi J.,,85070899643
57210565380,Cho B.,0000-0002-5013-9233,85085041996
57210566975,Wolfers L.N.,0000-0002-1074-1617,105011256357
57210567414,Mari G.,,85078794648
57210577837,Ouattara E.,0000-0002-9916-0666,85172169222
57210580019,Vicenza T.,,85136340359
57210584928,Deichert M.,,85075487342
57210591284,Wang G.,,85140811639
57210597395,Brady A.,,85127881690
57210598206,Liu R.,0009-0008-5731-8112,105029916557
57210605707,Ylisalo J.,0000-0002-7757-8404,105019785343
57210634739,Balasubramaniam M.S.,,85143828859
57210638367,Weiss A.,,105004189964
57210645034,Li Z.,0000-0003-2006-2922,85192179562
57210662382,Lalwani S.,,85205266377
57210685138,Levesque C.,0000-0001-5034-0028,85071720850
57210699709,Lutzke L.,,85071226682
57210706325,Ng J.S.C.,,85077058079
57210707889,Glaser J.,,84935056331
57210719285,Soares P.H.,,85156219887
57210726022,Jiaqing O.,,105004475485
57210726825,Bae J.,0000-0002-9267-1746,85217138203
57210728294,Schneider M.,0000-0002-8385-345X,85082191919
57210729644,Creon L.E.,0000-0001-8156-7372,85180097958
57210733121,Tiggelaar M.,0000-0001-9044-9538,105015338737
57210748279,Salas-Paramo J.,,85135268854
57210749980,Kim H.S.,0000-0002-0801-4525,85133558158
57210775375,Spitzer M.W.H.,0000-0001-6040-1939,85161181234
57210789114,Hofer S.J.,0000-0002-7563-8717,85126482331
57210789414,Ramírez-Álvarez A.A.,,86000376067
57210792072,McCormick-Huhn K.,,85103823792
57210794534,Pan Y.,0000-0002-9009-5140,105025676142
57210798407,Lee E.S.,0000-0003-4963-535X,85125602691
57210799970,Bodem-Schrötgens J.,0000-0001-5532-6292,85071470510
57210806311,Stubenvoll M.,0000-0003-1870-0403,85107798955
57210816051,Martschenko D.O.,0000-0002-9046-5893,105046297487
57210824702,Li Y.H.,,85165181896
57210835212,Rode J.B.,,85139179837
57210860320,Wasdahl A.,,85071722932
57210860398,Bakhru N.,,85071722932
57210860449,Lu R.,,85071722932
57210860458,Kind J.,,85071722932
57210860688,Qian M.,,85071722932
57210861136,Hurt A.,,85071722932
57210861192,Tan M.,,85071722932
57210861621,Woodruff A.,,85071722932
57210862276,Greenberg D.,,85071722932
57210862451,Ma A.,,85071722932
57210863379,Shan Y.,,85071719276
57210863656,Hollander B.,,85071722932
57210864617,Zheng M.,,85071719276
57210864713,Wang C.,,85071722932
57210864886,Miller D.,0000-0002-1976-4487,105012893685
57210893722,Belton J.,0000-0001-5174-1691,85132577788
57210896143,Bao Y.,,85183102445
57210896617,Palacios J.,,85105941450
57210900805,Stimatze T.,,85077611422
57210903733,Haaland I.,,85173213879
57210904128,Golden L.A.,,85189510928
57210910706,Davis K.,,85071849197
57210918409,Bensinger S.,,85140664233
57210934197,Assilaméhou-Kunz Y.,,85210032259
57210934406,Formica S.,0000-0001-9984-1878,85083489967
57210936554,Trujillo K.L.,,85176495373
57210943792,Fan Y.,0000-0001-8400-3863,85105941450
57210944911,McCall I.C.,,105037028749
57210945471,Shi X.(.,,85169507016
57210947587,Small P.A.,,85185931160
57210947608,Goovaerts I.,0000-0002-5893-4442,105002115072
57210948187,Guay C.,,85071980033
57210959518,Zeitz A.O.,0000-0003-0494-4693,85173964060
57210960677,DeMattee A.,0000-0001-7946-7831,105039103705
57210970339,Theorin N.,,85201061544
57210970829,Truong T.N.,,85093941427
57210972798,Wright J.E.,,85133909738
57210982800,Pillalamarri S.,,105028500557
57210985067,Droog E.,0000-0002-9852-7470,105038656405
57210993206,Becker B.,0000-0001-6668-153X,105025399040
57210994769,Fan Y.,,105047482808
57210997563,van Noort S.,0000-0002-2237-0905,85176095626
57211001390,Couture Bue A.,0000-0003-4488-1025,85195476751
57211004396,Mangino D.R.,,85089449791
57211012136,Dällenbach N.,,85072244088
57211012793,Stauch A.,,85073550665
57211013037,Vuichard P.,,85073550665
57211013873,Hilvert-Bruce Z.,0000-0002-7647-5446,85072243581
57211018738,Shi L.,0000-0003-1628-1559,85193254362
57211023169,Hamad Y.M.,0000-0001-7515-5865,105003482416
57211031478,Li M.S.,,85142402221
57211044623,Liu A.Y.,,105006796046
57211045502,Adithya B.,,85059020369
57211049356,Imai R.,,85059641319
57211057804,Long J.D.,,85101402918
57211057877,Bian Q.,0000-0002-6041-8041,105029050762
57211057975,Grandgenett H.M.,0000-0002-3142-6843,85125106134
57211061264,Peez A.,0000-0001-6746-1248,105046104474
57211061532,Sheen G.C.H.,0000-0003-1961-7804,85209202420
57211065716,Thomson R.,,85044259810
57211081460,Li C.J.,0000-0003-0055-8963,105021128983
57211086218,Alderotti G.,0000-0002-7988-8385,85219757580
57211093698,Goodall G.,,105010136456
57211095531,Ameye H.,,85106267418
57211095608,Martel C.,0000-0003-3181-4309,105005755328
57211112245,Frake J.,0000-0003-0779-9591,85186188626
57211121781,Zarrabi A.J.,,85126899508
57211158039,Boateng D.A.,0000-0001-7939-6164,105010461822
57211158566,Hahm H.,0000-0002-7646-3322,85183880382
57211158962,Park J.,,85135792366
57211180459,Stadler L.,,85132667201
57211180890,Groth M.,,85132667201
57211181444,Detering K.,,85132667201
57211181810,Hellmann A.,,85132667201
57211182102,Wyer F.,0009-0005-3920-6457,86000304191
57211186022,Xi W.,0000-0001-7087-9848,85124320520
57211212120,Ji H.,,85073016408
57211234926,Guo J.,,85146351519
57211237334,Thörel E.,0000-0001-5375-4269,85131763281
57211238067,Clark D.,,85073105603
57211240083,van der Asdonk S.,,85073101774
57211245440,de Haan W.D.,,85073101774
57211269636,Wagenaar C.C.L.,0000-0001-6464-2238,105025527508
57211270140,Spater J.,0000-0002-6649-8281,85096674775
57211277369,Joo M.M.,0000-0001-5752-4444,85191414669
57211279676,Yin W.,,85207747934
57211288073,Nadarajan M.,,85073517667
57211291014,Korber M.,,85144919041
57211296382,Patzina A.,,105024467835
57211296567,Zimmermann B.,,85105549208
57211307903,Zhou Y.Y.,0000-0003-0309-4252,85102440700
57211310208,Edwards B.,,85107273874
57211311430,Lutz S.,0000-0003-1310-934X,105030464389
57211312927,Ponnusamy S.,,105038196820
57211314773,Yu Z.,,105022827651
57211322492,Connerton T.P.,,85116921325
57211331902,Smith J.P.,,85073519390
57211334797,Feng C.,0000-0003-0288-2759,85177599967
57211337163,Ponce de León Z.,0000-0002-4975-161X,105032793790
57211349028,Shahen M.E.,,85073634874
57211352458,Moreno L.,0000-0003-4829-7280,85073593978
57211354089,Chesterton H.,0000-0001-8688-9012,105047725051
57211354261,Maes C.,0000-0001-9400-2629,105033993810
57211366528,LaMotte M.E.,,85184143778
57211379443,Zhang J.,,85060983874
57211388728,Sánchez-Soriano J.J.,0000-0003-4371-0099,105035236611
57211390482,Liao M.,0000-0001-7287-7731,105038667392
57211399106,Apolo-Apolo O.E.,0000-0001-8311-0579,85199271305
57211405511,Santos F.G.,0000-0001-7006-2088,85209628834
57211407602,Barnfield M.,0000-0002-1237-9594,105027197362
57211407742,Wakamatsu Y.,,85191157369
57211410557,Byrne C.A.,,85126683962
57211410814,Boehme H.M.,0000-0003-3231-0428,105034680050
57211411565,Ackerman N.,,85073817746
57211432981,Asante R.K.B.,0000-0003-2348-0791,105019345621
57211433908,Turner-Zwinkels T.,0000-0002-5166-1242,105002617340
57211433917,Roberts D.C.,0000-0002-4360-3675,85128710149
57211434702,Leino M.,0000-0002-8113-7732,85217277551
57211435021,O’Boyle J.,,85074000133
57211435068,Lachhman R.,,85074000133
57211436187,de Vries F.,,85183088890
57211436197,Tian Y.,0000-0002-9784-4829,85159040292
57211437735,Trujillo L.D.,,85073973025
57211437829,Sievert M.,0000-0002-1331-2439,105016184441
57211440070,Michael S.,,85074000133
57211440128,Van Der Hoeven S.,,85074161129
57211440756,Okura K.,0000-0001-9061-7490,105046265810
57211441154,Ciccarelli M.,,85074000133
57211441465,Reinders T.,,85073935422
57211443493,Mian M.N.,,105002062900
57211443863,Leshuk T.,,85074000133
57211443902,Bakbani-Elkayam S.,,105022486755
57211444399,Xu H.,,85098574836
57211445229,Herkes F.J.,,85173923907
57211445873,Bell-Martin R.,0000-0001-8785-2166,105025529510
57211446951,Amber B.,,85073973025
57211447051,Marston J.F.,0000-0002-3227-4503,85083110701
57211447137,Ribar D.,,85163615742
57211448885,Ahmed W.,,85073935422
57211452847,Sprong S.,0000-0002-7261-3207,105023433219
57211454642,Xu M.,,85198518523
57211456651,McNamara T.,0000-0002-9780-2071,105007437293
57211456824,Jacobs D.,,85119849300
57211456939,Heidenreich T.,,85104798005
57211458899,Karl K.L.,0000-0001-5213-0884,105036238870
57211458972,Jenkins M.,,85166419540
57211460407,Kras H.R.,0000-0003-2138-7745,105034442216
57211462992,Kaufmann-Kuchta K.,0000-0001-5123-0867,105046544687
57211463612,Kas J.,,85202865932
57211465994,Rantasila A.,,85199998314
57211466833,Maineri A.M.,,85074116249
57211474994,Hoffmann L.,0000-0003-4310-3133,105040035709
57211485180,Osorio M.A.,0000-0001-5165-4416,105026673321
57211505533,Kuznetcova I.,0000-0001-6843-1905,85140804832
57211505612,Esposito G.,,84908049616
57211514940,Bernstorff M.,0000-0002-0234-5390,85218813039
57211518096,Osburn S.,,85074284663
57211519907,Sanders K.E.G.,0000-0001-8310-059X,85074284663
57211533198,Ohadi S.,,85136527007
57211535810,Ullah M.W.,,84926497451
57211537959,Lee S.,0000-0002-4334-5063,85106500637
57211539578,Jensen A.,,85100716057
57211542151,Ko J.,0000-0001-5912-2828,105046800943
57211544489,Gregory A.J.P.,,85067039725
57211550854,Hultqvist E.,,85074418124
57211553304,Leon C.M.,0000-0002-0591-6056,105019611411
57211554630,Barfort S.,,85092714443
57211555549,Frank A.S.,,85074418124
57211560930,Salton R.,,85086051164
57211562161,Heydari P.,0000-0002-9804-1091,85204511674
57211562667,Christensen J.,0000-0002-4596-6998,105040241040
57211562967,Neo R.,,85190532051
57211574424,Spencer M.D.,0000-0001-9805-0986,105021547789
57211575814,Tariq A.,,105034131928
57211575876,Ferreira J.V.,0000-0002-6393-8667,105025462569
57211577789,Farkač B.,0000-0002-1109-1281,105038641011
57211579091,Vinluan A.C.,0000-0002-2916-0601,105003226436
57211582039,Demora S.L.,0000-0001-8455-9220,105026673321
57211582440,Terzioğlu B.,,85074503147
57211582882,Bagheri L.,,85074521965
57211583933,Ghinassi S.,,85148381224
57211585764,Sahn A.,,105018509796
57211593226,Dorogina O.,,86000674351
57211599716,De Clerck T.,,85164322803
57211603614,O'Connell F.,0000-0001-8256-7198,85074579244
57211604571,Sondern D.,0000-0003-1695-3407,85098865213
57211609320,Widmer J.,,85099395123
57211622529,Schmitz M.,0000-0001-9272-5874,85139158378
57211634808,Qiao Y.,0000-0002-5820-4423,85205878037
57211635753,Frasca T.J.,0000-0003-0798-7883,85139700323
57211640512,Haus K.R.,0000-0002-9110-3157,85074685748
57211652576,Barenbrug E.A.M.,,85074741963
57211653002,Kwakernaak J.,,85074741963
57211653101,Harris S.M.,,85122629727
57211677683,Kaczynska A.,,85074825621
57211679240,Kurzepa-Dedo K.,,85074825621
57211681600,Jung J.H.,0000-0002-3032-4992,105002039991
57211688942,Valgarðsson V.,0000-0003-2891-7489,105024313826
57211692717,Fayolle V.,,105010610792
57211703344,Chung W.K.,,105023444230
57211715601,Hummel P.,,85086366199
57211732518,Boyce M.A.,,85060116642
57211750687,Oikonomidi T.,0000-0003-2094-6015,85100654780
57211770718,McConnell K.,0000-0003-4395-5483,85134188096
57211779166,Schneiders A.,,85075004213
57211785696,Bai H.,0000-0003-2671-5955,105009546258
57211788422,Armstrong G.M.,,85075029730
57211794219,Livingston T.N.,0000-0002-8984-6728,85161559225
57211796765,Ma Y.,0000-0001-9064-9361,105016494283
57211800132,Muric G.,0000-0002-3700-2347,85207105648
57211803961,Wu Y.,,85075056558
57211819253,Simonetti A.,,85216838773
57211840242,Mourato S.,,84963951597
57211848410,Crawley S.,,85088696594
57211850185,Scott Kennedy K.,,85075131482
57211857110,Graziosi M.,,85197235074
57211864930,Parker S.,,105030624392
57211865839,Ciobanu C.,0000-0002-7140-9458,105016716218
57211865983,Lindsay B.L.,0000-0002-9315-4986,85213277637
57211867515,Castañeda J.A.,0000-0003-0805-3628,85074600556
57211887360,Pereira A.E.,,85119069379
57211913001,Kortendiek N.,0000-0001-6011-1253,85150530880
57211913635,Winter K.,,105022694840
57211914020,Fealing C.,0009-0008-9584-1668,105013803508
57211918037,Düval S.,,85204086208
57211921300,Lee I.P.,,85206528552
57211926685,Chu I.,,105009510585
57211928911,Stewart C.,,85200641349
57211934463,Rivard A.B.,,85107828089
57211937702,Seto C.H.,0000-0002-6020-4684,105046799706
57211938346,Vale M.T.,,85075456322
57211939700,Sublett J.F.,,85075456322
57211940255,Thanh V.N.,,85125966523
57211940473,Neoh M.J.Y.,,85175019217
57211941155,Elwin A.,,85183525068
57211942388,Owusu-Marfo J.,0000-0002-8471-0661,85086004902
57211942620,Lewis J.S.,0000-0002-6080-1243,85216643519
57211947556,Kachie A.D.T.,,85075426923
57211949792,Yang Y.,0000-0003-4262-4009,105002491811
57211950770,Ampon-Wireko S.,,85075426923
57211950989,Leal C.C.,,105035605626
57211960842,Bobzien L.,0000-0003-2274-509X,85194908853
57211963456,Bechard A.,0000-0003-1260-0698,85182696926
57211968408,Lundström M.,,85131739595
57211981463,De Wilde M.,,85083873558
57212001417,Tiyapsane C.,,85075654477
57212004967,Smith C.N.,0000-0001-9344-3916,85075657714
57212005886,Nam Y.,,105036195879
57212017846,Han S.,,85212405352
57212018122,Kim Y.K.,,105023117559
57212021781,Greenebaum S.L.,0000-0003-2742-3196,85147676432
57212026142,Stavenes T.,0000-0002-4276-4362,105036534160
57212032477,Roden J.,0000-0003-1114-1354,85132651005
57212032682,LoParco C.R.,0000-0003-4206-4179,105040569258
57212037786,Sriram N.,,85135203212
57212058930,O'Hora K.P.,,105041458788
57212064411,Yu L.,,85129754619
57212079013,Mjøen O.M.,,105010136456
57212110068,Li C.S.,0000-0002-1851-0629,85219682924
57212112268,Wang Y.,,85099689161
57212136015,Lau J.H.,,85125602691
57212147567,Le Foulon C.,0000-0002-0127-8157,85186924235
57212151113,Zhu C.,0000-0002-3879-9124,105027970339
57212168977,Carter E.B.,0000-0002-9196-8572,85183772914
57212169065,Flanders S.,,85138620395
57212169384,Nungsari M.,,85138620395
57212173004,Jurinsky J.,0000-0003-3259-9014,105007344432
57212190966,Gu Z.,,85142141964
57212191699,King H.,0000-0002-2153-9000,85113668035
57212208718,Borsboom C.,,85076219029
57212217645,Milo O.,,85076509763
57212235259,Schwartz G.,,84892777168
57212242740,Soper N.S.,0000-0002-5220-0392,85163635548
57212251861,Morishita C.,,85085114426
57212268983,Michaelsen P.,,85213848237
57212271878,Sheth N.K.,,85140811639
57212273663,Domenici N.,,85141382883
57212296537,Johnson K.M.,0000-0001-9047-9964,85093861332
57212305185,Edwards P.,0000-0002-7990-2247,85208037677
57212310647,Mingolo S.,0000-0002-8888-6023,85076412744
57212313395,Buylova A.,0000-0002-3368-1733,105045388717
57212314491,Straub D.,,85113637814
57212328776,Karbwang J.,,85075654477
57212340615,Rifkin J.R.,,85130239966
57212346578,McCarthy D.,,85145286256
57212347008,Huang Q.,,105036850019
57212350502,Asker D.,,85076492172
57212372883,Jones M.,,85165003203
57212381665,Pellert M.,0000-0002-6557-7607,85106948635
57212383043,Chaiwat T.,,85192090135
57212390501,Adesipo A.,,105004069849
57212400499,Sharan P.,,85084521601
57212401668,Suresh P.,,85073744022
57212401894,Wagner A.,,85101758860
57212412895,Minnich A.,0000-0001-5224-0143,85207923414
57212413284,Oswald L.,0000-0002-8418-282X,85206670860
57212420159,Qian S.,0000-0003-2158-6592,105035468835
57212421915,Pereira M.E.S.,,85126624477
57212422380,Levin M.E.,0000-0001-5562-2366,85079756336
57212453205,Luz G.,,85147313405
57212466692,Wu L.,,105035740551
57212468444,Johnson M.,,85086120854
57212474607,Jang M.,0000-0003-1659-8513,85106500637
57212476641,Ki N.,0000-0001-7311-7195,85108409346
57212483461,Rai T.S.,,85026874171
57212486751,Orian Harel T.,0000-0002-2718-5565,85216673070
57212496363,Lomičová L.,,85115272816
57212502514,Vitou V.,0000-0003-2148-991X,85136215225
57212506490,Edmonds K.A.,0000-0002-4529-1919,105024487495
57212506538,van Antwerpen N.,,105003293031
57212513300,Orr L.V.,,85132896321
57212513431,Syverson J.,,85076914127
57212526436,Haman M.,0000-0001-5772-2045,85115379692
57212529089,Di Gesto C.,0000-0003-4443-5025,85140740474
57212558862,Davis R.M.,0000-0002-6751-1548,85207528560
57212561590,Bhatia J.,,105016547832
57212561687,Gans R.,0000-0001-8391-3443,85197405750
57212582108,Pantoja M.,,85077141779
57212583563,García-Amador J.M.,,85077141779
57212585254,Matanock A.M.,0000-0002-2472-2644,85173505389
57212587831,Rojas N.E.,,85077141779
57212588348,Constantin K.,0000-0002-5220-3323,86000286539
57212588444,Jabbari J.,0000-0002-0196-4966,85174598361
57212588675,Aula V.,0000-0001-7666-2121,105039201563
57212588971,Melcher C.R.,0000-0003-3952-6600,105042324966
57212590736,Droppelmann C.,0000-0002-4511-9043,85122393971
57212608455,Barwick C.,,85077184665
57212654655,Mauland R.,0000-0003-3385-9447,85163431111
57212663533,Kaiser J.,,85055550361
57212665975,Lee E.,,85125339374
57212673401,Cabrera-Álvarez P.,0000-0001-8105-5908,85177222490
57212676655,Lee S.Y.,,105001831713
57212751675,Umair M.,,85183297972
57212756543,Aktas B.E.,0000-0002-0125-7903,105032208735
57212757431,Raychaudhuri T.,0000-0002-1927-3768,105044323472
57212785087,Giannini G.,0000-0002-3730-1750,85126624477
57212790738,Levine A.S.,,85073633731
57212812328,York E.A.,0000-0002-7746-5952,85134740707
57212836604,Roth C.,,85173213879
57212882345,Winters C.,,85077467338
57212888221,Vinson D.,,84904884986
57212961626,Smith S.S.,,84995752698
57213036333,Giesecke J.,,105040560764
57213062899,Simms K.,,85062530438
57213081269,Krause C.M.,,84880826805
57213091761,Doll C.,0000-0003-2139-403X,105028911436
57213097232,Tavares G.M.,,105034533226
57213143588,Luna S.,,85133464726
57213148079,Long S.,0000-0001-5895-899X,105026673321
57213151558,Hammond J.,0000-0002-2637-5818,85101980921
57213152895,Ruybal A.L.,,85081420498
57213192968,Hofmann L.,,105005440364
57213198627,Derr S.,,85077690284
57213255726,Horowitz M.C.,0000-0002-3067-7157,105029666557
57213318215,Enyioha C.,0000-0001-9583-0223,105009167724
57213455078,Harney J.,0000-0002-6961-0259,105048651640
57213466267,Johnson M.A.,0000-0002-4856-2489,105034176568
57213491964,Kunwar S.,,85113881377
57213504960,Pearson D.G.,,84945572216
57213528866,Morgan J.,,84998591727
57213558047,Rodriguez M.,0000-0002-2290-8496,85087570804
57213579538,Malhotra N.,0000-0003-4477-6049,105039663685
57213588691,Giallouri T.,0009-0006-1171-0536,85195495078
57213592269,Menounou E.,,85195495078
57213592365,Gutfleisch T.,0000-0002-8648-2105,85168080503
57213592735,Seitz W.,,85104305289
57213593561,Hu X.,,105007159001
57213595275,Li F.,,85211934873
57213595918,Carty E.,0000-0002-1017-4456,85198858118
57213597682,Awasthi P.,,85206528552
57213600707,Abuin C.,,85077870896
57213601841,Uhlík M.,,85077902364
57213603174,Wang D.,0000-0001-7028-8271,105030574871
57213625828,Su M.H.,,85176414741
57213666454,Toumi M.,,85115935078
57213712564,Wager E.,,105016225323
57213746753,Deng X.,,105047118265
57213775118,Hayes M.,,85175054741
57213798174,Brooks T.M.,,85090051415
57213799608,Singh G.,0000-0003-1647-7500,85080078032
57213817527,van Stekelenburg A.,0000-0002-9978-0224,85115084825
57213821190,Sleijpen S.,,85078056345
57213821937,Freitas-Groff Z.,,105041650525
57213822954,Ayala C.,0000-0003-4478-1593,85078048699
57214030559,Peterson P.E.,,85111845513
57214047144,Kim Y.,,85042929921
57214052896,Pomerantz A.M.,0000-0002-3324-1762,85059301804
57214061454,Adams M.M.,0000-0001-5966-0220,85137741923
57214067443,Liu S.,,85181730451
57214077940,van der Put A.C.,,85144352919
57214080903,Caton J.N.,,85125709953
57214087206,Jiang S.,0000-0003-1375-4883,105029302209
57214087820,Michael J.,,85056254545
57214088996,Fischer C.,0000-0001-5870-4498,85200656617
57214095499,Ohmura H.,,105006712051
57214113377,Allison D.M.,0000-0002-7689-6988,105045424436
57214123735,Lang G.,,85096552068
57214138722,Rhodes B.,,85078308355
57214140184,Wang J.,0000-0001-8164-8025,85144209361
57214140849,Baron J.,,85117763016
57214150752,Wagner U.,,84874731670
57214153188,Chen T.T.,,85128781372
57214153720,Xu C.,0000-0003-4930-9028,85118903999
57214221479,Ndukaihe I.,,85218185895
57214223892,Yu X.,,105020833070
57214226145,Semeijn J.H.,0000-0001-8740-9025,85215132885
57214227577,Lyu X.,,85140221275
57214229344,Jacob M.S.,0000-0001-8267-1956,105036645772
57214229482,AU W.C.W.,,85204783150
57214229691,Søreide C.,,85078424448
57214229914,Heesch P.v.,,85078424448
57214232787,Syvertsen A.,,85205081076
57214236004,Snaychuk L.A.,0000-0003-1443-4611,105010269457
57214243587,Barrett B.,0000-0002-4446-0135,85217201565
57214247138,Morris J.,0000-0002-7048-8844,105038135574
57214247988,Xie G.,,85105079678
57214255964,Zhang Y.,,85062042874
57214305002,Singh S.,,85053288194
57214319629,Johnson R.A.,,85118139725
57214320101,Libgober B.,,85159697138
57214320124,Schütze C.,,85188150268
57214328027,Ayala R.,,85122503392
57214329185,Deng H.,0009-0003-8922-8588,105045248774
57214330552,Messori C.,,85078669526
57214335070,Padilla-Garcia D.,,85185931160
57214336328,Gründl J.,,85189028825
57214361851,Burke K.C.,0000-0001-5584-3740,105020738167
57214365038,Masullo G.M.,0000-0002-4909-2116,85094906634
57214415300,Aarts M.,,84958918210
57214442200,Cavalli N.,,85181248715
57214443320,Lizzio-Wilson M.,,85109190747
57214453681,León-Corwin M.,0000-0003-0128-2516,105043329814
57214459971,Eichhorn M.,,85078807818
57214464044,Shoemaker H.,,85135598111
57214464183,Hu W.,,85204469049
57214554831,Moe A.,,85200540673
57214591241,Grady S.M.,0000-0002-5592-8944,105011256357
57214603092,Hummler T.,,105008722015
57214604141,He Q.,0000-0002-2948-1130,86000352682
57214625831,Costa A.M.S.d.,,85156219887
57214671929,Krotký J.K.,0000-0002-0252-5180,85215320938
57214677838,Zhang H.,,105038713927
57214685067,Ashihara K.,,85088433763
57214687287,Huber L.M.,0000-0002-1534-0361,85193819898
57214693179,Lou M.,,105032829539
57214719186,Meran S.,,85078994580
57214719210,Wilson N.,,85078980799
57214751408,Thiel F.,0000-0002-0489-6073,105000417671
57214760481,Donnaloja V.,,85177466594
57214760567,Martínez-Blanquet L.J.,0000-0002-7644-4025,85079037666
57214800593,Gazeaud J.,,85079175525
57214805324,Basseches J.,,105006834893
57214808460,Sobotka T.C.,,85084570951
57214815458,Sarkar A.,0000-0002-6114-1873,85091449340
57214821356,Carpini J.A.,0000-0002-4694-2672,105028890488
57214836061,Pennekamp P.,0000-0001-5826-3020,105018620369
57214837746,Arshad M.,,105046126190
57214870112,Gormsen N.J.,,85183126722
57214873176,McNeer E.,,85205151947
57214877336,Whitman E.T.,,85147676432
57214880272,Melchinger H.,,85210504428
57214886459,Cunha Silva P.,0000-0001-5823-991X,85217750555
57214888576,Fei Z.,,85124228884
57214891378,Gallinari E.,,105024487495
57214892238,Gothreau C.,0000-0002-9242-8121,105036058000
57214892585,Bolet D.,0000-0001-5439-5245,105013328418
57214893059,Schutten N.M.,,85116564035
57214911064,Kinrade C.,,85129447105
57214911558,Carlson S.C.,,105018032309
57214927679,Finucane M.M.,,85063030326
57214937679,Gumanová V.,,85128749251
57214945262,Newbold T.R.,0000-0001-9409-0702,85195566275
57214957654,Casini L.,0000-0001-8965-4390,105042589389
57214989478,Školník M.,0000-0002-0672-219X,85115379692
57214990571,Hattke J.,,85070524371
57214995168,Wu C.K.S.,0000-0003-4986-833X,85201967593
57215006791,Kang Y.,,85124914335
57215023384,Dierckx K.,0000-0001-6589-9393,85197442398
57215026926,Galloway B.,0009-0001-1544-6094,85165003203
57215042750,Semenescu A.,0000-0002-6594-1499,105038446663
57215043540,Guiler K.,,85091790348
57215063011,Gänser-Stickler G.M.,0000-0003-0329-0122,105014261044
57215072623,Wang W.,,85047779311
57215087122,Heermann M.,0000-0001-9332-8336,105005771732
57215087189,Daminato C.,,105022784871
57215090784,Wang L.T.,,85079845012
57215091806,Kyeong Lee N.,,85141379001
57215094590,Simon L.,,85102986822
57215187083,Hertner L.,0000-0003-2323-8719,105048950803
57215188488,Feng Z.,0000-0001-8106-5102,105028326613
57215190221,Danner H.,,85080101156
57215200500,Ritter M.B.,,85138262968
57215206898,Lu X.,,85193205380
57215209918,Li Q.,0000-0002-8851-3585,105042156724
57215213306,Matthieu J.,,105048260803
57215218548,Gessler T.,,105022440662
57215219812,Ehrett C.,0000-0002-0711-0347,105001727700
57215285036,Byrne-Davis L.M.T.,0000-0002-9658-5394,85089312651
57215298412,Qvist J.Y.,0000-0002-6508-8870,85213964893
57215309573,Ishiguro S.,0000-0002-4919-9335,85066509249
57215321660,Tomaino M.,,105034280381
57215329544,Zeidler C.,,105016381894
57215343712,Begum P.,,105046799706
57215411936,Roystonn K.,0000-0001-9100-0353,85125602691
57215419239,van Es R.M.S.,0000-0002-6561-2900,105017446375
57215420907,Mede N.G.,0000-0001-5707-7568,85184470472
57215427071,Zakare R.,,85080944696
57215429124,Hemby J.A.,,85107955398
57215492149,Fan C.,0000-0001-7785-5750,105036593680
57215576290,Quan J.,0000-0002-1922-0084,105014914690
57215577416,Groh S.M.,,85198365223
57215578290,Kleinewiese J.,,85177872359
57215581124,Zhao L.,,105002711220
57215582537,Li Y.,,85173974191
57215591747,Jap J.,0000-0003-1924-6302,85189004999
57215593726,Xiao J.,0000-0002-9057-5945,105024704854
57215601725,Asdrubali F.,,84902008912
57215603508,van der Vegt I.,0000-0001-6448-3388,105023533513
57215604381,Haridas S.K.,0000-0001-6519-502X,105011302164
57215610952,Galyga S.,,85104798005
57215611020,Harris E.,0000-0002-0838-6660,85116383416
57215611232,Chen F.R.,,105032860235
57215637817,Denney H.T.,,78649609604
57215649495,Johansson B.,,85081683443
57215651503,Kirkizh N.,,85141385272
57215651906,Dong H.,0000-0003-2261-9122,85209705929
57215653238,Zhou Y.,0000-0002-6703-0832,105034780090
57215653867,Dawson S.,0000-0002-2941-4413,85126606454
57215656909,Elkjær M.A.,,85204445209
57215657468,Escandon-Barbosa D.,,85135268854
57215657671,Maher C.A.,0000-0002-7352-6922,105023411660
57215662616,Ott J.M.,0000-0001-5627-7736,85096934586
57215670874,Valverde C.,0000-0002-1372-5110,105013549770
57215671817,Cuypers L.,,85081613400
57215673780,Moy B.J.,0000-0002-1216-9271,105015105489
57215673886,van der Duin D.,,105045370981
57215674800,Liu H.,0000-0002-6900-3491,85114803284
57215674958,Wang Z.,,85114803284
57215675003,Myers S.J.,0000-0003-0939-4571,85195435994
57215681352,Hlatky R.,0000-0001-8378-2877,105027646999
57215694566,Fontan A.,,85165940151
57215697467,Ter- Mkrtchyan A.,0000-0003-2338-8258,105043329814
57215718883,Yanagi I.,,85146186207
57215721113,Riederer A.M.,0000-0003-0568-7190,85082320401
57215772790,Kadigo M.M.,,105000264575
57215774065,Stratton C.,,105031357674
57215781570,Yegin A.,,85173054120
57215782194,Wang Y.,0000-0002-8710-0914,105011302164
57215786165,Ye T.,0000-0001-7688-2140,85117388246
57215791237,Lesch M.,,85014765126
57215811576,Steigerwald N.,,85177568334
57215820252,Wang X.,,85081954946
57215824354,Altay S.,0000-0002-2839-7375,85218097491
57215842576,van Oosten S.,,105023433219
57215845367,Sullivan B.W.,,85123684289
57215847158,Kim Y.,0000-0001-7918-9261,85124258687
57215848954,Wang L.,,85083545761
57215850147,Zhang S.,,105007833424
57215855434,Abbiati L.,,85082130059
57215861283,Bjånesøy L.,0000-0003-1332-2861,85147313382
57215871292,Alvero A.J.,0000-0003-4642-9788,105046297487
57215874004,Kafura C.,,85082196062
57215876162,Zhang Y.,,105003296663
57215880589,Goidel S.,0000-0002-9555-8167,105002968107
57215882874,Drolc C.A.,,105043535314
57215900165,Bertelli O.,0000-0002-0190-5341,105013802440
57215902441,Arrington N.B.,0000-0002-9295-9504,85096859511
57215905520,Keremoğlu E.,0000-0002-7317-3792,85201483333
57215931839,Garcia J.L.,0000-0003-1905-3658,85082432811
57215962388,Ren L.,,105003267511
57216010933,McGarty C.,,85071936113
57216035889,Masento N.A.,,85082518218
57216036287,Kong Y.,,85119248850
57216037792,Knoepfle S.,,85082518218
57216042745,Neubig C.M.,,85082518218
57216065685,Omer S.B.,,85210504428
57216081854,Yang B.,,85097943165
57216087439,Schenk M.,,85082562018
57216127767,Kumar S.,0000-0003-2437-4050,105023170806
57216141189,Rodríguez Martín J.A.,,85001560525
57216149049,Stone-Sabali S.,0000-0002-4575-3116,105034157738
57216150629,Cheng P.,,85119009680
57216152460,Kang S.,0000-0002-2773-4966,85204441582
57216173785,Wei L.,,105004041449
57216177723,McKenzie R.A.C.H.E.L.,,85134627225
57216180949,Moore J.E.,0000-0002-7340-9291,105011302164
57216184269,Liu X.L.,,85111291012
57216185789,Miniard D.,0009-0001-4879-3746,105032549185
57216211169,Grilli S.,,85082824971
57216249182,Stacey L.,,85121492178
57216251577,Oksa R.,,85146083795
57216252072,Saijo H.,0000-0002-4130-9966,105002786008
57216256267,Gerlach F.,,85088442250
57216280131,Brummel L.,0000-0001-6383-7404,105016373883
57216285849,Ryan R.M.,,77952888957
57216297330,Li X.,,105010678652
57216297747,Rohrbach T.,0000-0002-0151-1377,105043197085
57216298924,Wang Q.,,85197234082
57216299795,Gomez D.M.,,105013773113
57216317710,Mehl S.,,85083095388
57216317766,Wilke A.M.,,105002158712
57216318120,Goetz T.G.,,85133751149
57216318711,Zhou Y.,0000-0001-9320-398X,105030269262
57216320749,Perry S.,,105034650268
57216322352,Ganjoo R.,0000-0001-7185-7747,85136089056
57216322606,Kretschmer S.,,85187688157
57216323406,Lamb M.,,105034650268
57216331313,Whitesel E.,0009-0001-9119-1329,85179902325
57216331428,Rauf T.,0000-0001-8900-3432,105031601408
57216348688,Xue M.T.,,85147279841
57216354041,Gutiérrez M.,0000-0001-8696-0173,85134587163
57216357792,Gourlay K.,0000-0001-8975-608X,85164132578
57216359009,Guo Y.,0009-0003-6091-7419,105048624001
57216360765,Jillani Z.,,105040029064
57216373449,Thaller A.,,85182981807
57216379281,Davies D.R.,,84862565840
57216391958,Min C.,,85163529497
57216392729,Diamond E.,0000-0001-5643-4842,85114430248
57216393366,Walentek D.,0000-0003-1004-5061,105039696438
57216409789,Tian J.,,85169165401
57216433050,Willebrand K.,,85116884460
57216433592,Liu J.,,85161422844
57216435210,Heisbourg E.,,85112380075
57216436813,Yuan A.,,85083499796
57216437732,Chmel K.,,85116366910
57216452319,Warnke L.,,85083545761
57216452567,Kreamer L.M.,0000-0003-3688-8104,105044889838
57216455812,Haines A.,,85083555697
57216455833,Kubinec R.M.,0000-0001-6655-4119,85218753134
57216456461,Oppenheimer M.,,85083576969
57216458818,Lim J.B.,,85083576969
57216460483,Connor Green J.,,85083560765
57216461119,Keppeler F.,,105010973131
57216461997,Liu Z.,0000-0001-9731-7458,105015373239
57216462762,Bürgisser R.,0000-0001-5913-6808,105003416667
57216467548,Wu J.,,85199965144
57216488384,Xu Y.,,85113135382
57216489454,Gray B.,,85083671532
57216489847,Wolff E.A.,,85184263293
57216490767,Enete S.,,85083671532
57216490934,Ding I.,0000-0003-4379-1853,85092146048
57216493572,Fong C.Y.M.,,85138585631
57216497925,Wang X.,0000-0001-5577-8889,85089966373
57216499395,Murphy C.J.,0000-0003-3869-2084,86000286539
57216503638,Jasinenko A.,,105036195777
57216505051,Salnikova E.,,105015482028
57216509707,Wong J.C.S.,0000-0001-6270-1097,85115869196
57216524585,van der Velden N.C.A.,,85117617145
57216527031,Elligson R.,,105021547789
57216528689,Spindel J.,,105003374089
57216529151,Przeperski J.,0000-0002-5362-4170,105031691455
57216529576,Bayes R.,0000-0002-8795-8451,105038464161
57216531054,Horvath D.,,85083789012
57216531066,Klamar A.,0000-0002-5983-3707,85083789012
57216542227,Heinzel M.,,105035058976
57216585339,Kamil N.L.M.,0000-0002-2965-5073,105012561765
57216589132,Cohn E.S.,,85064836671
57216602029,Li B.,,85193205380
57216611710,Torrance J.,0000-0001-5001-4126,105024409055
57216614084,Okun S.J.,,85087099737
57216617746,Souris A.,,105036254010
57216624927,Angrisani M.,,85145288161
57216635379,Klevenhusen A.,,85201399861
57216640381,Bornstein M.H.,,85092229869
57216646808,Coker M.C.,0000-0002-0868-4860,105002352123
57216651585,Abdi H.I.,,85173465973
57216653667,Spisak J.,,85205480864
57216657257,Tsan T.,0000-0002-1667-2544,105011302164
57216660017,Moretti P.,0000-0002-7547-939X,85204941273
57216661030,Alita L.,,105002394830
57216672708,Zhou J.,0000-0002-3479-9725,85188318071
57216682272,Napolitano F.,0000-0002-8686-5923,85166440803
57216683710,Ong W.J.,,105011346615
57216690234,De Beuf T.L.F.,0000-0001-5273-8523,105017446375
57216690338,He Z.,,85084832430
57216690522,Low D.,,85137791448
57216690833,Guo Y.,,105014888336
57216694319,Tabellini M.,0000-0002-3565-4253,85121289697
57216695101,Kruse M.,0000-0002-5216-589X,105003876629
57216696717,Martinangeli A.F.M.,0000-0001-9823-6860,85185584055
57216708940,Shen T.,,85178136111
57216717437,Baekkeskov E.,,85144770573
57216736131,Myrick R.,0000-0002-9833-6041,105020196425
57216743615,Su C.,,85085388354
57216745580,Chen F.X.,,85114803284
57216748786,Smith T.,,85132668710
57216750657,Schwarz S.,,85125774527
57216754768,Zwicker M.V.,,85108887424
57216757014,Lee S.H.,0000-0003-2879-1521,105039918011
57216758829,Tripodi E.,,85184479861
57216760513,Rancourt M.A.,,105044723576
57216764597,Campbell-Obaid M.,0000-0002-2052-4771,85139452595
57216765812,Lerner M.,,85088152491
57216766712,Egerod B.C.K.,,105019368716
57216812701,Song Y.A.,,85141942519
57216817701,Li S.,,85190097131
57216819738,Bankov P.,0000-0002-0609-4947,85109956668
57216821792,Dean L.,,105009510585
57216823030,Cherniawsky S.,0000-0003-0185-8212,85084796391
57216823504,Poe M.,,85172120955
57216825148,Hussain I.,,105027437140
57216825363,Ye C.,,85084832430
57216829052,Sharma D.,,85104305289
57216829271,Parajon E.,0000-0002-1529-5337,105025465701
57216831578,Dolan L.R.,,85218753134
57216836627,Halmesvaara O.,,85084877538
57216837235,Fager M.,,85081711071
57216846825,Christian I.,,105017185369
57216851512,Weeks C.,,85087411027
57216852932,Modrakovic D.,,85118631537
57216853618,Brown O.,,85205059246
57216857533,Adona N.,,85084977757
57216858289,Kalouguina V.,,85150162104
57216859194,Rose A.,0000-0002-4603-157X,85144480113
57216860387,del Pozo B.,,105046416933
57216860640,Morris K.T.,0000-0001-7725-6723,105014146854
57216862212,Sipinen J.,,85124773382
57216863781,Kim J.,,85085041996
57216868052,Jung S.,,85085041996
57216872257,Bichay N.,0000-0003-3331-3663,105047186257
57216873521,Sprengholz P.,0000-0002-9925-1920,105009831386
57216876515,Smith I.Z.,,85216854151
57216876883,Stuckatz J.,0000-0002-3666-2570,105029879838
57216879308,Liu F.,0000-0002-4133-1151,105028326613
57216880828,Kurzer M.,,105046637828
57216882741,Andersson O.,0000-0003-3417-3287,85115417674
57216894674,Kleiner J.,0000-0001-9950-410X,105040947235
57216894776,Curtin C.M.,,85088216599
57216901575,Soo N.,0000-0002-8717-4323,85085163243
57216913552,Middel F.,,85126325764
57216918262,Chan N.K.M.,0000-0001-7793-3157,85090984456
57216924849,Held A.,0000-0002-5316-9999,85160043542
57216929218,Max R.,0000-0002-8112-531X,105037135206
57216931622,Sun M.C.,0000-0003-4811-2848,85180474712
57216933181,Christ R.,0000-0002-2049-3389,105028028025
57216941086,Johnston M.,0000-0002-3786-0843,105032088737
57216948060,Leung P.,,85100598411
57216950547,Gniza J.,,85207024939
57216952239,Huang Y.,,85174534890
57216952743,Liu N.,,105002025466
57216953538,Lawson B.,,105012627181
57216956475,Xu C.,,85174534890
57216981219,Benjamin Ashton H.,0000-0002-7823-2544,85085621580
57216981892,Baker-Sullivan E.,,85189334657
57216993838,Deng Y.,,105039918011
57217005841,Lacey S.C.,,85151087747
57217009910,Smith P.,,85194020938
57217010781,Shibata I.,0000-0003-3984-4676,85199352674
57217010874,Salemi C.,0000-0001-6875-1546,105000264575
57217028312,Miller J.A.,0000-0001-6599-7321,105028320603
57217030266,Ni D.,0000-0002-5161-4454,105034673328
57217031626,Cullen H.J.,0000-0002-0406-4912,86000206820
57217032407,Iyengar S.,,85085901295
57217033376,Nagtegaal R.,0000-0002-9006-7406,105029935911
57217035428,Heath E.G.,,85085878555
57217042389,Palmer K.,,85085939467
57217045092,Dahmer A.,,85097880778
57217046852,Kurapov A.,0000-0002-1286-9788,105030885690
57217049085,Eliassen I.,0000-0003-3112-0796,85097880778
57217050620,Maddox C.,,85194020938
57217051051,Peng Y.,0000-0003-3670-7916,85169165401
57217054679,Dryhurst S.,0000-0002-7772-8492,85178134794
57217058295,Marti D.,0000-0001-9362-0839,85134973840
57217061682,Leota J.,,85095861402
57217066171,Bianchi F.,,84902008912
57217067452,Kunst M.,0000-0003-0729-9749,85118334013
57217071472,Shan K.,,85086022673
57217072161,Karataş P.,,85100535251
57217080800,Haas J.W.,0000-0002-6501-0221,85093873819
57217092155,Wen J.,,105046888244
57217100859,Flach T.,,105018928061
57217117860,Usman Z.,,85086317807
57217118129,Eichin K.,,105030885690
57217119855,Collins R.,,85086329694
57217120617,Harris-Lane L.,0000-0002-0559-5969,85086344797
57217130531,Abebe A.,,85086385701
57217133973,Ozkan D.,,85086385701
57217138972,Totaram R.,,105046416933
57217176894,Bahnsen O.,0000-0003-3198-2804,85086638987
57217181633,Demol K.,0000-0002-0948-6647,85102208486
57217181842,McGarry P.,0000-0002-6289-0921,85141249458
57217182493,Salem H.,,85194700326
57217183427,Stonehouse E.E.,,85126945523
57217202857,Grigorieff A.,,85082647803
57217216970,Wen Z.,0000-0002-8544-3956,85140804832
57217219787,Tilak S.,0000-0001-5264-2652,85140804832
57217220330,Thomaidou M.A.,,105024252871
57217226514,Ragsdale J.M.,0000-0003-1020-8924,105004433291
57217226753,Zhu N.,0000-0003-1167-8100,85171675379
57217234249,Flamant N.,0000-0002-1428-4812,105049008875
57217235341,Safarpour A.,0000-0001-5754-7929,85138752090
57217249754,Wang F.,,85086908064
57217250901,Yang S.,0000-0002-6222-0389,85111852187
57217274494,Link M.J.,0000-0003-2381-1378,105011302164
57217280687,Clemens K.S.,0000-0002-6913-3704,85182501125
57217281655,Bhandarkar T.,0000-0002-2971-1776,105011302164
57217286359,Weber S.,0000-0002-0640-8096,105023068855
57217289535,Mulupi D.K.,0000-0001-6056-6151,105021497750
57217290548,Illemann R.,,85087007669
57217291740,Innerhofer H.,,85087007669
57217303581,Olson L.,,105011988550
57217304282,Bashir H.,,85087087482
57217319310,Kronick D.,,85126112515
57217349715,Kharel P.,0000-0002-5384-6515,105009707708
57217354005,De Blok L.,0000-0002-5949-7408,105036233200
57217359751,Alrababah A.,0000-0001-5762-8892,105020196425
57217383132,Liu Z.,0000-0002-7429-0261,85149913214
57217387900,Baniya J.,,105004309470
57217417200,Alnusairi G.S.H.,,85183297972
57217425032,Zheltyakova M.,,85087204558
57217457882,Huber G.A.,0000-0001-6804-8148,105038423138
57217485319,Suong C.H.,0000-0002-0558-5111,105025995610
57217486322,Otálvaro-Ramírez S.,,85142905676
57217486725,Zheng K.,0000-0003-4645-7084,105011302164
57217488373,Tobback I.,0000-0002-9619-9477,85087287708
57217513791,Lohse T.,,85164820661
57217517087,Eriksson J.,,85165940151
57217523385,McArthur J.,0000-0001-7014-9888,85181148773
57217529555,Skytte R.,,105016395505
57217529720,Blair C.W.,0000-0001-5774-5976,85178020236
57217530175,Fu G.,,105024099182
57217532548,Schwartz J.A.,0000-0001-9283-5846,105029666557
57217533218,Noble G.,,85087375150
57217597348,Zhang Y.,,85147497642
57217604327,Stamkou E.,0000-0003-4393-3639,105034183699
57217630636,Chin C.Y.,,85205523999
57217634336,Fassl F.,0000-0002-8831-2708,105039818693
57217658944,Giani M.,,85104680611
57217676222,Patrick S.W.,,85205151947
57217677529,Keith Smith E.,,85087521618
57217679186,Castagnetti A.,0000-0002-2890-9887,105040694675
57217735864,Staples A.J.,,85214569578
57217747512,Webb M.,,85185801635
57217764579,Rodriguez J.,,85087521618
57217777264,Zheng G.,0000-0002-8852-2676,105036593680
57217824617,Chueri J.,0000-0001-7629-6731,105020815260
57217850168,Rittmo J.,,85087674196
57217852693,Xue J.,,105002711220
57217862072,Sahin A.,,85100451583
57217864262,Liu X.,,85188747250
57217872827,Alvarez A.M.,,85195085859
57217943142,Immonen J.,,85118882243
57217963115,Bazzoli A.,,85091697612
57217984678,Liu Z.,,85165534158
57217991838,Salmon M.K.,,85143550125
57217993289,Chen C.Y.,0000-0003-2329-3937,105015192078
57217999943,Lu L.,,85169823669
57218094609,Daly H.R.,,85087869356
57218096066,Kuhn S.,,85199151006
57218102126,Cabrera A.,0000-0003-0581-9317,85123779284
57218106001,Thomsen M.,0000-0002-0351-4694,85213687939
57218106762,Schürmann B.,,85189028825
57218106865,Bazzani G.,,85092719862
57218109718,Rosca A.,,85117767363
57218117443,Nie Q.,,85124914335
57218118345,Lee S.,0000-0001-7644-6357,105000329339
57218122691,Acevedo J.,0000-0002-2897-6457,105045865823
57218122694,Krishna A.,,85189964263
57218123971,Harris J.A.,0000-0001-7441-3578,85162960825
57218124825,Petit J.,,85088785005
57218125297,Landesvatter C.,0000-0003-0156-5364,105001951442
57218127438,Liou R.Y.L.,0000-0003-1426-0324,105025912962
57218136680,Pei D.,,85088021867
57218137180,Pals A.M.,,105020738167
57218137396,Wu J.,0000-0002-8223-9124,105034861162
57218139538,Scharnetzki E.,,85167575127
57218139628,Van de Vijver A.,,85214704822
57218141325,John M.,,105013395120
57218145875,Liu Q.,,105024099182
57218159099,Dallo I.,,85113577207
57218164306,Iwasaki M.,,105000498162
57218167962,Lu H.J.,,85190581947
57218168117,Mcclanahan W.P.,0000-0002-6604-3842,85198977920
57218176984,Cecchini D.,,105036072221
57218177284,Murphy M.G.,0000-0001-7273-2591,85215566465
57218184122,De Steur H.,,85167799368
57218194462,Ambriz D.,,85175320149
57218197804,Lofaro R.J.,0000-0002-4672-9169,105002034673
57218204692,Damsbo-Svendsen S.,0000-0002-9227-090X,105008457356
57218205956,Fan F.,0000-0001-5696-582X,105021448177
57218206484,Smith L.L.,0000-0001-6682-4553,85205574905
57218207072,Horschig D.,0000-0001-8831-8475,85132717635
57218214550,Xiang C.,,85207636626
57218222972,Kim K.H.,0000-0001-8715-0076,105035440594
57218225572,Khan R.,,105038418295
57218226856,Vegter A.,0000-0002-7005-8166,85158075996
57218229171,Lu F.,0000-0001-7852-3432,105008472735
57218241122,Chen K.,0000-0002-5864-5333,85212484938
57218241316,Kirschner E.,,105001546538
57218245626,Maffly-Kipp J.,,85125130580
57218246954,Flanagan P.N.,,85125130580
57218248583,Heinigk K.,,85088442250
57218251986,Koenings F.,0000-0003-3193-4941,85134288597
57218252094,Schneider T.,0000-0003-4487-3279,85100878335
57218252167,Bernards B.,,105010908581
57218252774,Gafuri A.,0000-0001-8647-1687,85208460860
57218253389,Yun D.,,85088433763
57218255842,Varano S.,,85211222046
57218260398,Gadel F.,,85088495518
57218260404,Himmeger M.,,85088495518
57218261450,Infeld M.,,85063235884
57218264320,Plach S.,,85183797088
57218271045,Said R.,,105003936982
57218271219,Bouyamourn A.,,105028642452
57218272829,Zhang T.,,85152244239
57218273221,Chen Y.,,85088505317
57218295016,Smith L.W.,0000-0002-1418-7529,85138717027
57218295292,Ding F.,0000-0003-3625-4822,105007148979
57218298937,Struikman B.,,85088676018
57218300660,Bonetti C.,,85162801724
57218304443,Li P.,,85054976638
57218304683,Ferrero I.,,85126624477
57218321662,Wyszynski M.C.,,85088800622
57218322001,Fierheller C.,,105046637828
57218323387,Jin Y.,0000-0002-5340-0193,85161700211
57218326474,Thompson J.,,105027197362
57218326742,Bonneterre S.,0000-0003-4839-6692,85112284011
57218326772,Vezirian K.,,85064149443
57218326817,Zhang G.,,105006703197
57218327787,Woodhouse E.F.,,105036401114
57218327948,Lu X.,,85119069379
57218328045,Kearney C.,,85111903604
57218328671,Gregersen T.,0000-0001-5797-1850,85194771063
57218329066,Dormanesh A.,,85150854529
57218330318,Hope E.R.,,84867218937
57218333978,Hansen J.A.,,85134201140
57218342277,Gaozhao D.,0000-0002-9807-1098,105041067124
57218346195,Kirgios E.L.,,105003226436
57218348853,Side L.,,85034248303
57218360209,Marino M.,,105006830038
57218367868,Butler L.H.,,105040270058
57218367880,Roemer L.,0000-0002-5885-4426,85164357565
57218369643,Arya P.,,85133243152
57218370338,Herke B.,0000-0002-3201-092X,105045293921
57218371031,Dempsey B.,0000-0002-7659-7398,85124182847
57218372330,Bharanitharan D.K.,,85088976785
57218377215,Saha S.,,85204083839
57218381617,McElroy E.E.,0000-0002-3540-5695,85088951140
57218383346,Chen Y.,,105038698677
57218385962,Gaczek P.,0000-0003-0923-7656,105011355086
57218393745,Fadel B.,0000-0001-5650-1865,85103536661
57218394047,Mlekus L.,,85140629841
57218398673,Munder A.K.,0000-0002-6374-4993,85177214512
57218402963,Ansari B.,0000-0001-5064-6481,85182791985
57218420487,Shoub K.,0000-0003-3370-3311,85194364941
57218421790,Vanermen I.,,85102151641
57218424108,Ojo A.,,85217068318
57218437313,Gagnon A.,,85185937707
57218438444,Suresh S.,0000-0001-8001-1065,105014267856
57218440407,Nitsche I.,,85089199915
57218441408,Lucero E.,0000-0003-0869-7079,85195301813
57218447867,Leslie C.M.,,85114940264
57218455850,Xu Y.,0000-0001-8900-4777,105026216562
57218456170,Lin A.Y.T.,0000-0002-4299-0933,105014627333
57218457369,Vasquez R.,,85126970632
57218458196,Kundi Y.M.,0000-0001-8962-2751,105039858974
57218458717,Mao W.,,105002830599
57218477299,Shonrock A.T.,,85145848726
57218480477,Fuller S.,0000-0002-9670-1092,105000368073
57218489595,Mills M.,,85089312651
57218500301,Ruml A.,,85134817948
57218503129,Napoli D.C.,,105012935442
57218509613,Ranta M.,,85089395177
57218510598,Frazer R.,,85165565212
57218513220,Luong R.,0000-0001-6587-6159,85123252774
57218514083,Luebke S.M.,,105016667811
57218521222,Wang Y.,0000-0002-8676-5316,85215379642
57218531669,Jacobs T.P.,,85159189569
57218534580,Mellado-Artigas R.,,85210769305
57218535433,Bernhard T.,,85089449791
57218545426,Kim Y.A.,,85210041982
57218548837,Lee C.,0000-0002-5737-3305,85173984045
57218552033,Mooghali M.,,105027109177
57218552221,Leo X.,,85089503453
57218553156,Van Roekel H.,0000-0002-7179-2741,85161342521
57218555216,Diller S.J.,0000-0002-7188-7548,105036419257
57218555607,Bos B.,,85089487599
57218562007,Hada Y.,,85089589619
57218564063,von Grafenstein L.,0000-0002-7308-5143,85134817948
57218566854,Ma Y.,,105003296663
57218567449,Nakai M.,,85089589619
57218567928,Kakinuma K.,,85104452218
57218568328,Schwarz H.,,85089564649
57218568379,Kizawa M.,,85089589619
57218570804,Brown S.,,85148610405
57218580638,Windsteiger L.,0000-0003-2536-5367,105013090987
57218580714,May E.,,85112357106
57218580964,Shao A.,,85089701437
57218582004,Clifford S.,,85089701437
57218584304,Yekple M.,,105002967180
57218586802,Bouchacourt L.M.,,85204146482
57218607291,Nadolu D.,,85095414422
57218607564,Mennen A.H.M.,0000-0003-0436-6133,85173894490
57218609999,Baker A.,,85089779536
57218610062,Zucker G.,,85089779536
57218610629,Beer A.,,85089779536
57218611125,Stahmer A.,,85089779536
57218611341,Rome M.,,85089779536
57218617047,Barrez J.,0000-0003-2638-3073,105041474144
57218623841,Shao Y.,0000-0001-8614-2023,105035468835
57218624335,Fehn T.,,85139708287
57218630881,Saleh N.F.,,85198977920
57218631119,Makki F.A.,,85198977920
57218641134,Fujita T.,,85164101931
57218644138,De Costa A.,,85018214758
57218644583,Essig L.W.,,105045166966
57218650311,Kim S.J.,0000-0001-8077-3158,85116381969
57218660381,Attia H.,0000-0001-5894-2947,105046104474
57218667137,Gale J.,,85093704150
57218670198,Zhou P.,,85089966373
57218673276,Aslett K.,0000-0002-2613-2226,105014443993
57218675898,Mamak K.,0000-0002-5081-792X,105029746183
57218676683,Dhillon A.,0000-0002-0280-4251,105047725051
57218683992,Larios D.,,85090051415
57218686277,Bogado N.,0000-0001-8027-4420,85212196115
57218686353,Dai Y.,0000-0003-3035-331X,105033736627
57218689271,Diaz G.,0000-0002-6909-8451,105011244896
57218690333,Macfarlane N.B.W.,,85090051415
57218698825,Wang X.,0000-0002-5708-5717,85150960058
57218707938,Guo Z.,,85150960058
57218709570,Jeesha K.,,85106252599
57218718664,Gerdon F.,0000-0003-4442-6698,85211349082
57218762951,Knupfer H.,,85177444715
57218764227,Lu T.,0000-0002-7634-397X,105028398409
57218765291,Mukai T.,0000-0002-4237-6781,105027564061
57218766563,Donzallaz M.,,85090215847
57218766993,Burke R.J.,0000-0002-3466-3828,85196648899
57218768202,Kaskeleviciute R.,,85177444715
57218769087,Reitmann A.K.,0000-0002-9688-8918,105029240991
57218773259,Sharma M.,,85090251794
57218773380,Dubljevic T.,,85090251794
57218773726,Ho P.,,85090251794
57218796116,Gärtner L.,0000-0002-2751-1965,85164024846
57218800096,Qi D.,0000-0002-0308-097X,85192543255
57218800533,Cuomo R.R.,,85087006666
57218802006,Sells C.,,85098471978
57218850313,Gehenne L.,,85090726801
57218855219,Lee A.H.Y.,0000-0001-9679-0796,105019070377
57218859169,Tu S.,,85133865161
57218866756,Jacobi C.J.,0000-0002-0752-8428,85130626987
57218869535,Krogh C.,0000-0002-9728-9669,105020427367
57218872412,Cruz-Calderón S.F.,,85106060165
57218881315,Münchow F.,,105044173021
57218895078,Paiva T.T.,0000-0001-9415-0963,105028455506
57218910096,Wong Y.D.,,85119472407
57218913327,Chung K.H.,0000-0002-2030-375X,85213823924
57218914089,Kausar G.,0000-0002-7904-0296,85176771591
57218933032,Truong M.,0000-0001-5129-3366,105036189883
57218937621,Wei X.,,105046637828
57218940098,Yi C.,0000-0003-1764-3726,105004829175
57218949192,Muscillo A.,0000-0002-2648-4272,105032706175
57218951023,Backhaus S.,,85099209288
57218951430,Gonschor J.,,85090886226
57218954975,Shpenev A.,,85176501163
57218968609,Johnson K.A.,,85063625187
57218994650,Henderson G.L.,,105013176725
57218998608,Mok C.W.J.,,85090984456
57218998908,Pils R.,0000-0002-9881-9027,85192951609
57219001867,Wu H.X.,0000-0002-5072-4619,85157991242
57219006917,Abdel-Fatah D.,,105048950803
57219007637,Spithoven R.,0000-0002-6271-0855,85196749025
57219009034,Graf B.,0000-0003-0523-4933,105044335537
57219014517,Dogbe W.,,85103516352
57219016648,Sheetal A.,0000-0002-4585-5358,85091042961
57219017510,Anderson A.,0000-0002-4140-463X,85175159313
57219027565,Mahé C.,0000-0003-2876-6094,105029240991
57219028813,Schwab J.,,85159345699
57219049158,Pas D.J.v.d.,,85136487038
57219050314,Witkowski K.,,105031436116
57219055765,Ogan M.A.,0000-0001-5812-9649,105033113704
57219090645,Zhu Y.,,105034131928
57219091574,Grossmann M.R.P.,,105011847981
57219106473,Lee A.T.,0000-0003-3106-3218,85205480864
57219109653,Yen W.T.,,85165925916
57219110343,Sand M.,,85174632118
57219113753,Kim M.,,85189476949
57219115061,Moreno-Felices P.,,85177044613
57219119715,Pellerin N.,,85195977275
57219123002,Paci S.,,105023448812
57219123019,Miller K.A.,0000-0002-5309-1968,85091366960
57219124280,Zheng G.S.,,105046975181
57219124539,Le Grand A.M.,0000-0002-1489-7387,105020738167
57219124774,Perez Brower M.,0000-0001-8428-9291,85141447055
57219127485,Chen Y.,0000-0002-2638-8459,105034861162
57219141735,Mäkelä I.,,85091449340
57219147286,Pessina G.,,105023672249
57219149955,Nithyanand D.,,85091449340
57219158132,van der Merwe A.,,85145984604
57219163672,Scoggins B.,,105042661163
57219187152,Merrie L.A.,,85129463697
57219192525,Carrington N.T.,,85162696029
57219195890,Noh Y.,0000-0003-1372-027X,85165325474
57219204501,Kennedy J.,,85188635105
57219204524,Chen H.,,105026711445
57219204744,Jami W.,,85131722935
57219209582,Luca M.,,85134755415
57219210195,Wang K.,,85147449253
57219220958,Yin B.,,85146810429
57219222068,Cañete-Straub R.,,85091799310
57219222691,Symons M.,0000-0001-5127-0084,105017959757
57219223213,Smith G.,0000-0003-1388-2375,85116825992
57219223471,Keskin G.,,85144354792
57219223903,Lang Y.,,85164844233
57219224176,Grewenig E.,,85140091650
57219226109,Bessen B.R.,0000-0001-8674-8308,105025529510
57219229302,Rossiter E.,0000-0003-4446-4272,105011244896
57219238937,Mannoni E.,0000-0001-8709-9397,105028386011
57219239099,Eddy Z.,0000-0002-4048-2601,85185931160
57219241864,Đorđević A.,,105024000197
57219243908,Cork A.,,85205059246
57219249131,Rink F.A.,,85049078927
57219249785,Sharipova A.,,85165352675
57219252952,Hogeterp S.A.,,85201935884
57219255833,Li T.,,85169507016
57219269831,Vogt R.L.,0000-0003-1709-0471,85204511674
57219272948,Fortney C.,0009-0008-3522-5839,85208662406
57219288138,Dol A.,,85178190396
57219294082,Conway J.,,85150414412
57219294843,Ghekiere A.,,105023433219
57219296844,Zhang M.,,85092091944
57219308821,Trost J.M.,,85143761744
57219311963,Langella C.,0000-0003-0237-7445,85120350922
57219315106,Wu J.D.,0000-0003-0813-345X,85208657819
57219327738,Mathiasen M.K.,,85127739875
57219333455,Ageron F.X.,,105025850938
57219335896,López-Tapia M.,,105004986212
57219336288,Yang F.,0000-0003-0904-597X,105045630541
57219338914,Wislocki K.E.,,105018645132
57219340170,Macdonald B.,,105041650525
57219352139,Schuessler J.,0000-0002-8604-7699,85195085859
57219352279,Thargay T.,0000-0003-4491-1909,85191197779
57219353593,Sen A.,,85195339204
57219360237,Van Alboom M.,0000-0003-3883-8549,85162889653
57219378380,Law W.,0000-0001-9408-7001,85119330117
57219379176,Lai D.Y.,0000-0002-6421-8995,105036733065
57219389251,Christ J.,,85122055879
57219393921,Thorvaldsdottir S.,0000-0002-6776-4393,85201046188
57219394913,Ivanov S.,0000-0003-3886-4990,85104386326
57219400954,Semeraro A.,0000-0002-7073-8567,85140429590
57219401630,Ernst C.A.,,85092583355
57219405191,Baumgartner K.T.,,85092583355
57219428736,Lockhart M.,,105047002160
57219429040,Loch S.F.,,85205151947
57219429717,Romero M.,,105047002160
57219435036,Michelakis G.,,105001072696
57219443381,Dong D.,,85147449253
57219444902,Vassey J.,0000-0003-3002-2000,105034274748
57219448248,Shang Y.,0000-0001-5914-7216,85213232991
57219455882,De Los Santos Valladares L.,,105043186224
57219456227,Jakob R.,,85123536317
57219464886,Bitran A.,,85092885844
57219468933,Nasr M.,0000-0002-6236-9837,85179373761
57219473214,Geagea A.,,85092926306
57219475089,Liu M.,,85093936504
57219482793,Minkowitz H.,0000-0001-5624-7430,85177174857
57219485877,Lin C.,,85163570406
57219512058,Zhang M.,,85183102445
57219515721,Ndasi W.N.,0000-0002-2523-0991,105038074616
57219519323,Mori Y.,,85218185895
57219527095,Ódor G.,0000-0001-9139-249X,105005603777
57219534548,Schelble B.G.,,85202587583
57219536119,Zhang X.,0000-0001-5727-7981,85192098619
57219547426,Sievert E.D.C.,0000-0001-7187-8927,85188507259
57219548030,Sheffield S.,,85093861332
57219548345,Juen C.M.,,105039217495
57219551597,McCraw A.,,85093861332
57219559340,Ma De Sousa A.Q.,,85161988036
57219561246,Vieites Y.,0009-0008-3806-1876,105032831447
57219561619,Den Hoorn W.,,84896283112
57219562906,Zhao W.G.W.,0000-0003-2534-6879,105048792949
57219567088,Benton C.,,85104966575
57219568435,Allamong M.B.,,105001820017
57219568986,Valdez R.G.,,85117828933
57219571285,Petersen J.,,105039385220
57219595383,Lu F.,0000-0003-4479-1177,105000987309
57219596230,Carstens Namie E.M.,,85094167956
57219597903,Viskupič F.,,105021632602
57219604516,Fisher W.N.,,85094167956
57219606716,Williams I.,0000-0003-2391-4377,85129069349
57219607009,Minnen M.E.,,85139628514
57219607450,Lingyuan L.I.,0000-0002-8640-9936,85209388004
57219607768,Park J.,0000-0003-4743-3121,85197631655
57219607819,Brückmann G.,0000-0001-5674-2343,85208312073
57219608188,Hargrave L.,0000-0001-5310-5277,105024313826
57219611456,Armendariz K.O.C.,,85094187547
57219613355,Martinez M.,,85094187547
57219613735,Yang J.,,85204146482
57219636941,Zucca C.,0000-0003-4448-8389,105023208157
57219638027,Zonszein S.,0000-0003-1392-0124,105032679069
57219646347,Sonka R.F.,0000-0002-1187-9781,105011302164
57219647991,Bhimani S.,,85205480864
57219663530,Dolinina K.,,85140664233
57219663716,Su Z.,,85101873052
57219665387,Sgaramella F.,0000-0002-0011-8864,85166440803
57219670009,Xu J.,,85204159513
57219670015,Findley J.,0000-0002-4452-6114,85168628918
57219671839,Turner J.R.,0000-0002-2279-1830,85183143611
57219698122,Samuel S.,,85130112217
57219705658,Spigner S.T.,,85133751149
57219709678,Johansson I.,0000-0002-8141-0751,105035439363
57219715983,Adzovie R.H.,,85217506639
57219725924,Michalegko L.,,105008503320
57219730231,Baxter-King R.,0000-0002-2772-7301,105009530392
57219734068,Park J.W.,0000-0002-0692-1092,85126624477
57219737933,Eshima S.,,85105086067
57219747002,Gunderson A.,,105012355723
57219752983,Ding H.,0000-0002-5197-4169,105046244640
57219766722,Than N.,,85145947969
57219774541,Fuhrmann-Riebel H.,,85199151006
57219776461,Yang X.,,85217236784
57219782791,Greene T.,,85097864802
57219788695,Lee B.N.,0000-0002-6090-4306,85198677625
57219796777,Cui Z.,,105008433920
57219805578,Ding X.,,85200011466
57219816505,Posada J.,,85218185895
57219839579,Larsen M.H.,,105048747889
57219841384,Fanti E.,,85141173935
57219848866,Yu W.,0000-0002-1137-4759,85212144519
57219851209,Blaschke M.J.,0000-0003-4708-0856,105042664032
57219852345,Groves D.W.,,105028557767
57219852700,Okada Y.,,85126972919
57219857832,Rahman S.,,85164243484
57219870527,Mannino M.,,85113173257
57219874700,Scott A.,,85095861402
57219876666,Demeshko A.,,85182092142
57219893827,Kanu C.C.,,105004475485
57219894725,Bao L.,0000-0003-3355-6630,85111852187
57219895971,Torrealday J.,,85095937109
57219900826,Britt L.,,105016225323
57219902533,Jager S.,,85096026847
57219905245,Rundle S.M.,,85099926829
57219908315,Xuan X.,0000-0002-6296-0053,85188318071
57219908373,Brännlund A.,,105001483375
57219917399,Chen P.,0009-0006-0765-1107,105022827651
57219922641,Al-Saadi Z.,0000-0003-3321-1181,105003482416
57219924493,Krönke M.,0000-0001-8387-9193,85170290538
57219924613,Fenger J.,,105040220291
57219926687,Leadner K.,,85121335322
57219928036,Rivero A.H.,0000-0002-9669-8452,105046226583
57219928712,Lockwood S.,0000-0002-3578-6053,105010589501
57219930040,Arinze N.C.,,85218185895
57219931158,Lin E.,,85150751341
57219932131,Biliunaite I.,0000-0002-9111-0891,85200376186
57219932160,Wiezel A.,,105004475485
57219936246,Peinado V.,0000-0003-0568-3341,85109826038
57219937198,Fan Y.,0000-0002-9545-5555,85177599967
57219943131,Clemm von Hohenberg B.,0000-0002-6976-9745,85096179666
57219945238,Bolatov A.,,85218185895
57219957417,Levine M.,,85183102445
57219959863,Neiderman H.M.,,85121761175
57219961239,Negash S.M.,,105042545558
57219976359,Lyu Z.,0000-0002-4665-9658,105032699989
57219979701,Al Salman A.,,85152586530
57219981058,Lerusse A.,0000-0001-8835-7247,105042563757
57219981113,Wu Z.,0000-0001-8203-8026,105014914690
57219990602,Michalek S.,,85124182847
57220009959,Savani S.,,105011988550
57220012487,Singh R.,0000-0003-2616-6618,105024231488
57220026700,Flathmann C.,,85202587583
57220031981,Noy S.,,85116473195
57220038703,Brew B.,,85130333449
57220041117,Rosendorf O.,,105034913587
57220049008,Watson B.,0000-0002-2935-5708,105034667450
57220050120,Jorrat D.,,85096678442
57220050790,Wang B.,,85096677894
57220051400,Song J.,,85096638669
57220054773,Wamsler S.,0000-0003-1768-3226,85122782158
57220055166,Hu Y.,0000-0001-7699-2235,85140099381
57220058451,Sabherwal A.,0000-0001-8825-6251,85108850334
57220060152,Kitamura S.,0000-0001-7288-3074,105002376691
57220061471,Natoli E.E.,,85096636016
57220071313,Bagdanov H.E.,0000-0001-5584-4129,105013204856
57220077240,Köhler T.,,85207263749
57220077928,Rétiová A.,0000-0002-6756-2919,85100887543
57220083032,Gradassi A.,,85096817604
57220085411,Skoog E.,0000-0002-7566-6283,85170569334
57220085422,Ionescu O.,0000-0001-7246-9236,105011764744
57220086327,Wehrhöfer N.,,105045370995
57220087326,Cole K.,0000-0001-9750-5707,105001983152
57220087786,Rowe S.J.,,85096835102
57220089045,Sebsibie S.,,105019344357
57220107109,Håkansson S.,0000-0002-6084-0218,85206446807
57220109303,Zhou Y.,,85164844233
57220116271,Alashban Y.,0000-0003-0857-524X,105041448429
57220133499,Hynes M.,0000-0003-4404-4091,85201268174
57220182060,Wollburg P.,0000-0002-1800-921X,85214697611
57220194231,Rösler U.,,105039385220
57220197165,Montgomery M.A.,0000-0001-5929-9690,105038135574
57220203113,Healy H.,,85179902325
57220203816,Schiff K.J.,0000-0002-4239-5915,105015105489
57220338344,Gabriel F.,,85218185895
57220361247,Sultan F.,0000-0002-3023-8699,105037317213
57220378674,Lindemans J.W.,,105013641547
57220380295,Razzaq S.,,84996799405
57220381363,Montag J.,0000-0001-5175-2083,105023433219
57220400784,Simonson M.D.,0000-0001-7720-1781,85159352129
57220414927,Baccigalupi C.,0000-0002-8211-1630,85205480864
57220475377,Sandhu P.,,85028981241
57220483256,Uchida A.,0000-0003-2284-8072,85142236426
57220483673,Grill F.,,85165940151
57220516082,Field S.H.,,84961774534
57220538184,Barnett C.,0000-0003-2108-0866,85214573688
57220550765,Masterton S.,0000-0002-6248-347X,85128977351
57220556325,Cao L.,0009-0008-5436-6450,105024427526
57220572900,Kidd T.,,85097442525
57220576675,Yu F.,,85097414378
57220578980,Nishiguti F.,,85104452218
57220583191,Huang L.,0000-0003-0884-5887,105019665845
57220584801,Campos-Mercade P.,0000-0002-7396-6514,85115417674
57220590933,Tajiri H.,,85104452218
57220593860,Sonoda K.,,85104452218
57220597280,Wilson K.H.,,85142351115
57220609253,O'Brien K.S.,,84896908943
57220632077,Yeager M.,,85097503187
57220655762,Gallego J.,,85188307218
57220706739,Pham D.,,85071722932
57220706841,Sharma T.,,85074000133
57220707081,Acharya A.,,85094885321
57220715661,Tsang S.J.,,85216308848
57220731875,Molina R.,0000-0001-8084-0250,105025364887
57220732137,Tu W.,,85107435740
57220744605,Kanol E.,,85097567751
57220744707,Rama I.,0000-0002-6032-7000,105026784130
57220746888,Peay P.C.,0000-0003-2891-8692,85097563880
57220751636,Rivas C.E.,,85097535412
57220758384,Nguyen T.V.,0000-0003-2846-589X,105044824662
57220761172,Ghasemi O.,,85148366454
57220772700,Monk J.K.,0000-0002-5739-5635,105033113704
57220785952,Kim Y.,,85186607392
57220815453,Zhou K.,,85169165401
57220860583,Miny T.,,105036254738
57220860697,Bledow N.,,105046559802
57220862979,De Rosa M.,,85133820258
57220898387,Alvarez C.F.,0000-0001-6663-3597,85137219633
57220898982,Randall M.,,85205480864
57220919261,Pereira C.,0000-0002-8978-1493,105044973700
57220926356,Ward T.,,85097864802
57220932044,Casler D.,,85172893108
57220932217,Knipp A.,,85097880778
57220961221,Chen J.,,85097943165
57220963055,Akesson J.,,85097957144
57220964585,Han X.,,105020918123
57220988192,Khalil S.H.,0000-0001-8893-2520,105037317213
57220993878,Li F.,,85197234082
57221015663,Aleem U.,,85097987004
57221045279,Tomberg L.,0000-0002-8596-3193,105010306210
57221050128,Lunanga E.,,85194389570
57221053327,Fowle M.Z.,,85098071489
57221065690,Wu X.,,85099689161
57221078276,Rajagopalan D.,,85207327343
57221086212,Strojny J.,0000-0002-1867-8819,105044335537
57221093370,Marttila E.,0000-0001-9119-7790,85214435302
57221096840,Yildirim U.,,85098117893
57221101702,Kovacs M.,,85064149443
57221110119,Goyal S.B.,0000-0002-8411-7630,85143828859
57221112317,Feltz S.,,85125709953
57221113638,Danel M.,,85098282691
57221113725,Kim E.J.,,85103438779
57221116204,Schwalbach J.,0000-0002-6990-8098,85173616789
57221150807,Khanna K.,,105044532478
57221154138,Ruthardt F.,,85194250987
57221157227,Blanco-Fernández D.,,85168990175
57221192455,Gheorghe A.,0000-0001-8653-5695,85133626531
57221207928,Eger J.,0000-0002-8580-1661,105048194373
57221217775,Lee M.J.,,85042631025
57221222546,Döring M.,,85175738454
57221222639,Haderup Larsen M.,0000-0002-8823-1705,85138231042
57221222673,Dulay D.,0000-0002-4710-5251,105018337326
57221224664,Ravikumar Solomon G.,,85073517667
57221258161,Messick J.A.,,105048637275
57221260379,Huijbregts R.,0000-0003-4691-2243,85100590088
57221278976,Cohen J.E.,,85159740474
57221282134,Yamane T.,,85123170519
57221283707,Chen Z.,0000-0002-7782-7562,105029236766
57221290279,Guthrie C.,,105012122409
57221298393,Kim S.,0000-0002-6345-7433,85116921325
57221302721,Lin X.,0000-0001-9715-1494,105007943553
57221305502,Ariyabuddhiphongs K.,,85218185895
57221306611,Gogan T.,0000-0002-4212-5122,86000206820
57221307096,Lewis S.C.,,105037129797
57221308700,Yao J.,,105008200173
57221312878,Katerusha D.,0000-0002-4059-1955,85132846716
57221314772,Golik K.,,85105762836
57221318443,Luo Y.,,85192586586
57221327936,Rivers A.K.,,85127646258
57221329957,Lee B.K.,0000-0002-8010-9983,105024439252
57221336940,Höddinghaus M.,0000-0003-0090-3245,85098865213
57221338153,Begho T.,,105028554818
57221349338,Wennberg J.W.,,105035377218
57221362849,Zhang Y.,,105041168703
57221371817,Lagodny J.,,105014428122
57221375185,Yang Y.,0000-0001-6946-0919,85209705940
57221375621,Koo W.W.,,85177879647
57221376777,Summer A.,,85115790570
57221379090,Yang S.L.,,105029969024
57221385502,Xin G.,0000-0001-7677-3278,105040833330
57221392697,McMurry N.,,85116591338
57221393196,Liekefett L.,0000-0001-5669-9613,105007530933
57221406273,Wang Z.,,105008579688
57221419398,Klimova A.,,85116366910
57221426346,Susmann M.W.,,85131771874
57221460082,Johfre S.,,85202763153
57221468062,Edwards M.,,85099224887
57221483220,Pandey S.,0000-0002-5591-8551,85145455937
57221490853,Sollis K.,0000-0002-0636-8805,85107273874
57221493749,Casiraghi M.C.M.,0000-0003-0851-6311,85152285073
57221493796,Sandrin R.,,85099284233
57221494047,Kuroki M.,0000-0002-7361-6530,85164165182
57221501811,De Figueiredo M.F.P.,0000-0002-2003-2929,85159275015
57221502404,Ma T.C.I.,,85099280866
57221519099,Gill J.,,85120907807
57221524293,Ryan A.,,85163109599
57221531247,Engler D.,,85215092807
57221533527,Fedorenko E.J.,,85115104245
57221533987,Bilali K.,0000-0001-8152-7717,105009632324
57221536396,Lau J.,,85163136162
57221536699,Fan X.,,85099355730
57221536830,Luke R.E.,,85167408025
57221537610,Kim J.,0000-0002-4623-0288,85094906634
57221540302,Zhu Y.,0000-0003-1606-6402,105004451410
57221571022,de Almeida G.F.C.F.,0000-0002-9134-9843,85159123213
57221589037,Ma S.,,85143712827
57221590676,Kallmayer M.,,85099516819
57221593369,Kawahara J.i.,,85079390928
57221604746,Kim S.,0000-0001-9105-8598,105037823447
57221607291,Ferrer J.,,85188551584
57221617935,Oud S.,,85173894490
57221661345,Motolinia L.,0000-0002-8160-7052,105026810844
57221661728,Song L.,,85161422844
57221675318,Zeng K.,0000-0001-9691-3696,105026216562
57221683618,Terasaki T.,0000-0002-2380-0436,85205480864
57221684054,Gourmelon N.,,105015421735
57221684490,Yamada K.,0000-0003-0221-2130,85205480864
57221684637,Sakaguri K.,0000-0001-5667-8118,85205480864
57221690493,Brady E.,,85103683599
57221693668,Polorecká M.,,85122675377
57221694696,Toth R.,,77950872530
57221699253,Ramaekers M.J.M.,0000-0002-6951-1461,85190988573
57221700109,Scheffauer R.,0000-0003-4545-2062,85099815645
57221701991,Jeroense T.,0000-0002-0911-6486,105024249125
57221702186,Wright J.M.,0000-0001-9048-1095,85131197805
57221703266,Löser J.,,85099812512
57221704052,Wang C.,0000-0001-6422-9910,85108226281
57221705673,Aldama A.,,105047872627
57221710375,Chen J.,0000-0001-9936-3933,85209634086
57221720422,Foust J.L.,,85153725283
57221720571,Kagalwala A.,,85099984460
57221735725,Schnabel E.,,105020433938
57221737323,Yang T.,,105029716912
57221747925,Lucas T.J.,0000-0001-7694-1999,105011302164
57221749989,Zarpli O.,0000-0002-2783-8255,85163020046
57221754292,Qian W.,0000-0001-8651-1992,105005837691
57221760607,Waibel J.,,85100083424
57221762676,Szucs F.,,85210766795
57221768374,Celuch M.,0000-0001-8941-0396,85146083795
57221770779,Peters G.M.,,85051811719
57221770922,Madzelan M.K.,,85100124958
57221776129,Bunquin J.B.A.,,105010677045
57221778131,Borne X.,,85100141709
57221778737,Chen D.,,85178605494
57221835712,Wang Y.,,105008200173
57221843922,Rodríguez Chatruc M.,,85100432484
57221847226,Guo Y.,0000-0002-3883-7987,105017274403
57221851020,Henry S.E.,0000-0002-1382-4389,85219682924
57221857033,Rodríguez-Pérez A.,0000-0001-7279-3546,85113793445
57221863343,Phillips M.L.,0000-0003-0380-5034,85190415526
57221905857,Máté Á.,,85159317671
57221907456,Ramírez Bustamante M.V.,0009-0007-6482-3320,105023376994
57221913951,McPhee J.,0000-0001-9199-0393,85152410500
57221922273,Siegers R.,0000-0002-8018-5863,85112799974
57221929798,Pangapanga-Phiri I.,,85100696303
57221932255,Gao Q.,,85100622569
57221932619,Gardiner K.,0000-0003-2155-5702,105031663519
57221934370,Mtengula C.,,85100696303
57221939175,Sabry H.,,85134512380
57221940140,Moylan H.,,85164359227
57221940312,Stanley K.,,85040926629
57221940363,Fritz J.,,85142402221
57221945177,Gordon D.,,85046672481
57221947438,Muñoz M.,,85125920680
57221952853,Sychowiec M.,0000-0002-0831-7040,105048186950
57221956447,Rotesi T.,,85159331946
57221960422,Liang J.,0000-0003-0842-5305,85212102682
57221961206,Marble W.,0000-0001-9352-5540,85107735722
57221963125,Houston R.,0000-0001-6482-2087,105006891387
57221964710,Paintsil E.E.,,85159331946
57221967537,Cruz N.,,85100758392
57221967633,Gahn C.,0000-0001-7081-6046,85200053212
57221969194,Kim P.,0000-0001-9911-9711,105019538928
57221980851,Schwoerer K.,0000-0002-9856-7587,105019576702
57221997493,Ke D.,,105000157631
57221999945,Monga A.,,84886632605
57222001766,Tillery M.G.,,105024490513
57222006165,Jirout Košová M.,,85130542253
57222011119,Yang Y.,,85217236784
57222013052,Barbirato L.L.,0000-0001-7698-3232,85101028455
57222026446,Glomb K.,0000-0001-5083-0385,105010445755
57222028625,Havermans W.,,85100961712
57222031463,Vićić J.,,85180826446
57222033470,Orach J.,,85165700640
57222035198,Anderson-Nilsson G.,,85101149306
57222036902,Isbanner S.,,105038796493
57222037043,Sydnor E.,0000-0002-0601-5153,85174247094
57222050464,Wu X.,,105034131928
57222051947,Heide-Jørgensen T.,0000-0001-7426-8307,105008457356
57222060613,Ramtin S.,,85207327343
57222062151,Romero D.,0000-0002-3133-7904,105044015595
57222071154,Tan S.,,85214580247
57222078659,Zou X.,0000-0001-9359-7632,85202216236
57222083726,Wöhner F.,0000-0001-6328-503X,105030244949
57222087517,Lindsay S.,0000-0002-7928-2981,105042324966
57222090741,Sereno L.G.F.,,105023170806
57222091562,d’Hôtel E.M.,,85211165388
57222096861,Ren Z.,0000-0002-1701-8157,105031215334
57222108852,Walbeehm R.P.,,105012935442
57222112753,Navarre R.,0000-0002-4892-5139,85128342626
57222117260,Mbinta J.,,85217506639
57222120996,Wang T.,,85041214584
57222126467,Ahlén A.,0000-0003-1412-7873,85211602586
57222139189,Kadirhaz M.,,105027437140
57222141525,Slaski A.,0000-0001-9335-055X,85101808535
57222145325,Röttger P.,,86000640200
57222152015,Nonnemacher J.,0000-0003-2054-9810,85217003510
57222170779,Tran A.,,85196834368
57222182154,Bloch C.,0000-0002-0071-6418,85209723328
57222182254,Martinsson J.,,85215366150
57222183174,Russell E.B.,,85101803291
57222186885,Guvensoy I.,0000-0003-0572-5134,85134384066
57222197311,Locke S.R.,0000-0003-1319-0758,85173533341
57222198506,López Megías J.,0000-0003-2365-3779,85102308344
57222201565,Carpio Ochoa C.E.,,85212284360
57222227231,Guevara D.,0000-0003-3077-9513,85202823630
57222241738,Dhabliya D.,0000-0002-6340-2993,85143828859
57222244727,Kyoi S.,,85101958833
57222244860,Bassi T.,,85210769305
57222247732,Yamashita H.,,85101958833
57222256602,Zamberlan A.,0000-0001-8615-5684,105010964547
57222259750,Gioachin F.,0000-0003-3791-7085,105010964547
57222269313,Verette-Lindenbaum J.,0000-0002-7665-5340,105000547765
57222272504,Domínguez P.,,85202152064
57222277590,Paradés M.,0000-0002-7779-6647,85205287816
57222278067,Kolisnyk M.,,85137738400
57222279507,Gregor C.,,85102153409
57222282207,Brady W.J.,,105012258249
57222291777,Imada H.,0000-0003-3604-4155,105031390965
57222293701,Jame M.,,85102208486
57222293883,Lazard C.,,85102208486
57222294229,Gasparello G.G.,,85173537733
57222302110,Kollberg M.,0000-0001-9499-1332,105015223895
57222309045,Mai C.,,85178605494
57222316173,Hoyle A.,,85187449895
57222318003,St. George S.,0000-0002-8225-309X,105027850338
57222323446,Yu P.,0000-0002-5149-5213,105029090131
57222325802,Denney M.G.T.,,85117828933
57222336945,Buehling K.,,85138123392
57222342284,Stone S.,,105017737364
57222353549,Zhai M.,,105009027029
57222355835,Linden P.,,85130246974
57222358506,Cebul M.,,105009905718
57222360989,Martínez D.,,85111583385
57222361945,Parilli C.,,85111583385
57222363518,Toovey B.R.W.,0000-0001-5286-6074,85121869632
57222369322,Karv T.,0000-0002-5222-9558,105019229078
57222388639,Bolte B.,0000-0001-9778-7767,85191414669
57222400594,Fahey J.J.,0000-0002-5918-7258,85147710176
57222403332,Masciantonio A.,,85165498499
57222407181,Zinn A.K.,,105025221598
57222414605,Lehmann J.,,85140629841
57222424038,Datova N.,,105041034999
57222441684,Lundmark V.P.,,85152165890
57222463242,Gabel J.,,105043549924
57222463905,Rückel A.K.,,85102730100
57222465728,Brazzola N.,,85153072511
57222467991,Dorssom E.I.,0000-0002-7155-9392,105038861928
57222474223,Alfaro M.A.,,85102826050
57222476570,Klebe L.,,85149291215
57222476633,Trinque T.,,85102826050
57222477144,Gamble A.R.,0000-0001-5578-4779,105009707708
57222478296,Carbonaro S.,,85102826050
57222507985,Quintanilla X.,,105004986212
57222509507,Zhang Z.,0000-0001-6932-305X,85102920764
57222510044,Brooks C.V.,0000-0003-2092-3833,85131115806
57222516911,Sullivan N.,,85114670230
57222523239,Jorgensen F.J.,0000-0002-5461-912X,85126120905
57222524299,Doss E.R.,,85103038429
57222525271,Xu X.,,105007025827
57222526554,Lee S.,,85103054388
57222530418,Birkhaeuer J.,,85103062520
57222531432,Banerjee S.,,85153476930
57222547183,Lin S.,0000-0003-4618-8056,85161446266
57222548430,Weidner E.M.,0000-0003-3898-8942,85103171310
57222550614,Nicuță E.G.,,85103178302
57222550966,Bøttkjær L.,,85103185627
57222553565,Miller A.L.,0000-0001-5702-7114,85129124284
57222553592,Nägel C.,,85136958459
57222558202,Madsen J.K.,0000-0002-5186-6299,105010591172
57222575420,Burone S.,0000-0002-2216-030X,85133820258
57222585800,Dupuis L.,,85123307033
57222588391,Moreno F.J.,,105034176568
57222595700,Luypaert J.,,105048098704
57222595921,Stefanelli A.,0000-0002-4175-4621,85214494009
57222597700,Alley J.,0000-0002-3180-4787,85145452573
57222600634,Lago M.E.,0000-0003-2247-3995,85214821783
57222604906,Altiery De Jesus V.V.,,105011377433
57222605836,Bakos B.E.,,85064149443
57222607021,Li S.,0000-0003-4191-4020,85202617266
57222613260,Via-Dufresne Ley A.,,85103442864
57222617631,Oliveira L.d.,,85123284003
57222625828,Verliefde T.,,85064149443
57222626031,Gomes S.,,85064149443
57222628373,Eldridge N.,,85114888366
57222628832,Guitton T.G.,,85150751341
57222630342,Aleksovska M.,0000-0003-0536-9045,105024114409
57222631283,Kuettel B.T.,0000-0001-9413-6301,105046150277
57222632571,Sharma S.,,85103536661
57222633234,Morris D.,,85103536661
57222639313,Maughan A.,,85103536661
57222640179,Nakatani M.,0000-0002-4262-1265,85103550027
57222642151,Yasrebi-de Kom F.M.,0000-0003-0474-6072,105001068201
57222654081,Ye X.,,105009027029
57222656910,Gauglitz I.K.,0000-0002-6500-6978,105036704020
57222657732,Stark S.,,85103668881
57222658148,Shklyan K.,,85209767628
57222660139,Walton K.A.,0000-0002-5133-556X,85179721679
57222664646,Baker C.F.,0000-0002-3370-021X,85103683599
57222669523,Cozza J.F.,,105034178671
57222670815,Matias A.,,85204428794
57222671670,Kateman B.,,85103697537
57222671680,Caldwell K.D.,,85103697537
57222672373,Cunning A.,0000-0002-5809-210X,85147000889
57222732261,Jensen A.P.,,85127646258
57222733730,Zhang B.,,85200540673
57222746308,Li W.,,85115383154
57222749384,Messingschlager T.V.,,105024008227
57222749491,Burak E.G.D.,,85195566275
57222752691,Bousquet J.,0000-0003-0326-0273,105000264575
57222758046,Kalin I.,0000-0001-9142-3743,105038865848
57222759167,Thörel N.,0000-0002-6070-4056,85131763281
57222761760,Bertlich T.,,105048615569
57222762891,Hannan K.R.,0000-0002-0348-8246,85147421457
57222809922,Lou Y.,,85104062770
57222812037,Obrist A.,0000-0002-8680-8590,85125644695
57222867319,Kang M.M.,0000-0002-2366-0357,85187511089
57222959883,Schaffernak I.,,105047875195
57222962749,Matović S.,0000-0002-1090-4535,105028616115
57222982481,Ganter F.,0000-0001-6945-6450,85121353306
57222986426,Norris K.R.,,85169012237
57222986510,Goldstein D.A.N.,,105016391010
57222992194,Cho M.,,105043348970
57222993672,Pulejo M.,,105019082068
57223003279,Musicò A.,,85148381224
57223003388,Rodríguez-Gómez L.,0000-0002-6465-6864,85113793445
57223005858,Wang R.,0000-0002-3305-2881,105040833330
57223007976,Bergeron T.,,105033577491
57223009818,Büttner C.M.,0000-0001-6296-2756,85216642938
57223011310,Money E.E.L.,,85190471348
57223012229,Crespi E.,0000-0002-5462-5976,85130024056
57223013657,Lenton A.C.,,85202817762
57223015376,Mužík M.,0000-0002-8429-3212,105038641011
57223017988,Davis T.,0000-0002-6870-4835,85189804981
57223018088,Inscoe A.B.,0000-0002-8341-7412,85115626279
57223022195,Wallace I.,,85104555419
57223025460,Wu S.,,105019795004
57223035633,Castellano R.,,85104593177
57223041011,Choi J.,,85175186112
57223045033,Karim K.E.,,105012935442
57223045783,Hielkema M.H.,0000-0002-4952-2075,85139421606
57223046886,Green J.,,85186410769
57223047634,Hu B.,0000-0001-9020-3423,105035680527
57223050987,Lin J.,0000-0002-0661-6995,85159352129
57223083767,Mandoloma L.,0000-0001-5421-9620,85185207583
57223085925,Smolarczyk K.,0000-0002-3436-3227,85104716541
57223089601,Dantas Cabral A.,0000-0002-5465-8882,85104756695
57223090506,Cheriet N.,0000-0002-7795-4676,105040995029
57223091697,Kobel S.,,85104717738
57223092941,Irvani D.,,85128870977
57223099688,Wießnet V.,,85104716541
57223108092,Sumner J.,,85133243152
57223108330,Trasberg M.,,105008041058
57223113493,Kijowski M.C.,0000-0002-1438-9323,85129163395
57223121394,Lenz A.,0000-0001-8286-5101,105035219443
57223126378,French C.,0000-0002-6346-8490,85104960889
57223129010,Vishnevskaya A.,0000-0001-7507-0159,105047635534
57223143605,Wolfenden K.,,85105079678
57223146096,Callaghan K.,0000-0002-4192-7000,85105079678
57223153101,Moens E.,0000-0002-9649-7511,85215433861
57223164142,Gao J.,,85146803918
57223173942,Sebah I.,,105009510585
57223175733,Hwang I.D.,,105031055892
57223181149,Stinnett A.J.,0000-0003-1073-7244,85165028974
57223192610,Hulugalla N.,,105001826297
57223195662,Pierson P.,,85105202796
57223195941,Petrović M.,,85128274371
57223203258,Kirk J.R.G.,0000-0001-6992-7443,105013749498
57223207371,Barbabela L.,0000-0002-5083-1182,85105167739
57223215019,Tangsgaard E.R.,0000-0002-4860-3877,105003175782
57223216558,Annaka S.,0000-0001-5531-8292,105038660959
57223218100,Chan S.H.M.,0000-0003-0804-8239,85209903741
57223221435,Shanks D.,0000-0002-0827-5047,85165513487
57223240526,Yeon J.,0000-0002-6063-6452,105013261897
57223243539,Sijilmassi A.,0000-0003-4960-3454,105025946075
57223249526,Clark O.,,105009510585
57223257143,Sterkens P.,0000-0003-1077-6788,85168133308
57223268780,Kelsey J.P.,,85105397415
57223270577,Lippens L.,0000-0001-7840-2753,105047190761
57223271231,Franz D.J.,0000-0002-3639-2056,85114432179
57223289895,Park H.J.,,85147008573
57223292263,Madrigal G.,0000-0002-5614-6303,85162880386
57223309036,Bussey L.,,84962226786
57223318784,Coleman T.,,85216620221
57223324887,Kopchick C.,,105016556973
57223327210,McIntyre T.,,85105602456
57223328848,Schechtl M.,0000-0002-1338-6833,105044941742
57223336101,Benoit V.,,105015192078
57223347743,Jayne A.,0000-0003-3844-2560,105034156845
57223348443,Kang I.,0000-0002-7925-6847,85173984045
57223349711,Liu Y.H.,0000-0003-4554-3386,105038135574
57223369491,Castro F.,0000-0002-9547-0130,105030186492
57223370086,Dwibedi E.,,85130212571
57223381375,Jakubiak A.,0000-0002-3830-5606,85105762836
57223390171,Michel P.K.,,85136235966
57223426293,Schoenegger P.,,85192951609
57223437727,Gandenberger M.K.,0000-0002-9609-8174,105020815260
57223442557,Dillon B.,,85169824701
57223610782,Dow D.A.,,105030598601
57223621207,Voss K.,0000-0003-3841-5757,105005605769
57223622945,Rakchai W.,,85218185895
57223626363,Yang Z.,,105014157018
57223638336,Luo R.,,85105941450
57223640346,Mackiel A.,,105036812815
57223642416,Greber H.,0000-0002-1680-9344,85148084584
57223648641,De Haas R.,,85143974910
57223659496,Wu C.H.,,85142304185
57223666956,Chung M.,,85022095674
57223671073,Sadecki E.,,85135896966
57223679044,Peng Y.,,85105992720
57223690845,Li H.,,85105992720
57223700962,Tang J.,,85105992720
57223725470,Perakis A.,0000-0002-5370-6571,105027457404
57223742921,Chang W.T.,,84951932617
57223779393,Smith D.,0000-0001-5491-747X,85118729401
57223796254,Iraman E.,0000-0002-3847-1057,85118444829
57223796970,Wei H.,,105002561455
57223798074,Biddle N.,,85107273874
57223804804,McField A.A.,,85204484942
57223828371,Galipeau T.,,105033577491
57223840979,Dekeyser D.,0000-0002-9310-0179,85179999541
57223848483,Carroll E.,,85176917112
57223848878,Lungu M.,0000-0003-0331-8658,105002034673
57223849021,Lambert J.T.,,85129447105
57223849533,Choi S.,0000-0001-5277-8410,105029175499
57223854935,Cansunar A.,,105045564585
57223855281,Bogdan E.,,85106253737
57223855358,Nahabedian D.,,85106253737
57223862848,Mohandas N.P.,0000-0002-8750-6500,105016494283
57223877607,Wang L.,0000-0003-1636-8574,85187114711
57223886355,Namara E.B.,,105007344432
57223917338,Ow P.L.,,85216715166
57223918529,Beckmann J.,,105001562735
57223927071,Kuo J.,0000-0001-6678-2568,85139731619
57223929644,Yun T.K.,,85106500637
57223930332,Frandell A.,,105008503320
57223935610,Piepenburg J.G.,,105001562735
57223947373,Parisi K.R.,,85103132055
57223967594,Choi J.H.,0000-0003-3940-0071,85187666328
57223989864,Traylor H.D.,,105030712765
57224003933,Kiskola J.,,85199998314
57224006949,Schröder I.,0000-0001-8518-7502,85193636317
57224014145,Seifert M.,,85201517680
57224053930,Xuan Z.,,85200011466
57224068297,Chandra Z.,,85106950513
57224069455,Jones E.,,85106950513
57224072610,Ng Y.S.,,85106950513
57224073385,Hu A.,,85106950513
57224083056,Wu V.Y.,0000-0003-4548-9826,105020720680
57224088490,Li X.S.,,85106950513
57224089619,Solomon S.,,85106950513
57224090722,Sach M.,,85106950513
57224092660,Berlinski N.,,85106950513
57224093026,Chockalingam V.,,85106950513
57224094790,Kramer J.,,85106950513
57224095632,Smith-Lopez M.,,85106950513
57224095728,Monfre T.,,85106950513
57224097762,Sosanya A.,,85106950513
57224145712,Evey K.J.,0000-0001-9402-537X,85122786688
57224153358,Cooperman A.,,85126626370
57224170343,Kugler P.,,105040229019
57224175333,Lim S.,0000-0002-6092-8498,105018665494
57224185279,Gatua J.G.,0000-0003-2245-2799,85107184430
57224222280,Masi M.,0000-0001-6436-1663,85203258445
57224225909,Tesauro L.,0000-0003-2670-6098,85107266949
57224306384,Zaharia V.,,85107337857
57224306459,Wyers J.,,85153076638
57224307411,Dumdum O.,0000-0002-7425-6565,85107346470
57224310853,Spohn M.,,85107387790
57224311475,Pereira P.,,85107387790
57224314226,Wakeman E.,,105018823077
57224315981,Lauro M.,,85107387790
57224316054,Deshpande I.,,85107387790
57224316882,Schmøkel R.,0000-0001-9558-4341,85184510849
57224323201,Wen R.,,85107387790
57224363288,Vatougiou P.,,86000618791
57224371724,Wang J.,,105047489822
57224399711,Moniz P.,0000-0003-3911-1974,105001180073
57224408136,Zhang X.,,85199965144
57224412806,Alonso-Perez E.,,105015194773
57224440328,Stoney M.,,85160045248
57224442617,Sigsworth C.,,85116563293
57224442687,Marsh W.Z.C.,0000-0003-1079-867X,105019262718
57224463538,Ternullo S.,0000-0003-4079-299X,105033977651
57224463909,Yoel B.,,85193726160
57224466440,Van Elswyk A.,,85107687957
57224466877,Jackson E.B.,0000-0003-1675-3130,85177584257
57224471683,Downer N.M.,,85107687957
57224477287,Innocenti F.,0000-0003-0650-7438,105007349850
57224478394,van Garderen M.,,85107624027
57224478632,Huang Y.,,85107701466
57224485775,Fleming D.,,85107624027
57224500340,Manduca A.,0000-0003-4629-5759,105011302164
57224502418,Zaal E.,,105041142983
57224509201,Finzi J.A.,,85107756891
57224514945,Schwam A.,,85213974010
57224522191,Möhring M.,,85107756891
57224532457,Shani C.,0009-0001-4902-616X,105029946035
57224537163,Baloch Z.,,85107882218
57224537742,Pieters A.,,105040035709
57224537967,Rouhani S.,,105032667388
57224539343,Kitagawa R.,0000-0002-9885-8173,85159592625
57224540030,Khan T.,,85107882218
57224541624,Greve-Poulsen K.,,85107877075
57224542478,Larsen F.K.,0000-0003-2054-0103,85107877075
57224543039,Woo Y.,,105043601511
57224545494,Matush K.,0000-0002-6332-848X,105002696147
57224568897,Pittl M.,,85107969451
57224569107,Mattson L.D.,0000-0002-0204-8070,105043306772
57224569838,Weiss J.,,85121407720
57224569877,Kalow J.S.,,105038372954
57224571863,Velardo F.,,85120313779
57224573283,Herzig R.,,85107969451
57224612640,Bowers A.,,84988710474
57224625294,Stedtnitz C.,,85193702342
57224628110,Ikeda S.,,85189166854
57224628142,Ahsan Jansson C.,0009-0003-2016-415X,105037829830
57224631460,Shigemura S.,,85189166854
57224633265,Szewach P.,,105027197362
57224636017,Iseki T.,0000-0003-3223-156X,85206311501
57224637797,Obermeier N.,,105045246688
57224641095,Horvath L.,,85124052380
57224643596,Kolcak B.,,85160587846
57224644275,Ward M.,,85126482331
57224681930,Bison K.,,85108169587
57224684924,Kozovic A.,,85108169587
57224703645,Gaddis S.M.,,85204053529
57224727632,Sorensen A.,,105002386427
57224727916,Santana A.P.,,85215064019
57224732516,Bianchini G.E.,0000-0003-3288-2450,105015186562
57224739295,Sakib N.,0000-0003-4930-2862,85117079897
57224741762,Zhou J.,,105041168703
57224761710,Pham T.,,85210769305
57224771959,Altenmüller M.S.,0000-0002-1714-3601,105016815541
57224806293,Kincaid R.,0000-0002-8855-0001,105000687702
57224820607,Kim G.E.,,85111903604
57224832669,Gesualdo C.,,85177196589
57224834233,Liu Y.,,85112273577
57224837259,Toomey J.,0000-0001-8876-3077,85192064588
57224864665,Chen J.,,85200924107
57224866054,Brasil K.M.,,85132668710
57224876419,Nguyen D.V.,0000-0002-7575-8145,85205480864
57224893571,Simko T.,,105021595551
57224894138,McLoughlin K.,,105012258249
57224895665,Frederiksen K.,0000-0003-1845-3297,105029289824
57224900668,Bunting H.,0000-0002-9701-3064,105024313826
57224901822,Perlstein S.,,105010482123
57224909836,Ingabo S.N.,0009-0008-8812-6017,85193447299
57224927655,Roberto D.P.,,85209403761
57224934634,Chintalapati P.R.V.,0000-0003-0163-0787,85210983876
57224934762,Zhong R.,0000-0002-3767-3212,105039918011
57224964851,Grossman A.N.,,85127841667
57224967242,Wong K.A.,,85108822591
57224973204,Adu P.,0000-0002-1931-147X,85217506639
57224975625,Volkert M.,0000-0002-2895-8777,85141017751
57224981114,Buyens W.,,85201798151
57224983755,Schmidtke J.,,85168088349
57224984917,Meyers C.N.,,85108822591
57224985259,De Moragas A.I.,0000-0001-8146-2167,85153532467
57224987180,Wang S.,,85141148067
57224997690,Doyle M.,,85106697357
57224998688,Levy G.,,85106697357
57225004876,Ingebrigtsen K.O.,,105015560041
57225019300,Maier F.,0000-0002-3611-4355,85219747476
57225024386,Sandoval C.M.,,85125275698
57225025748,Ferguson M.A.,,85197235074
57225026260,Kundro T.G.,,105030712765
57225035354,Piracci G.,0000-0002-6679-9113,105042589389
57225052942,Smitizsky G.,0000-0002-3700-3454,105046244248
57225053415,Sanderson Z.,0009-0004-8224-9754,85176605621
57225054955,Godel W.,,85176605621
57225064383,Lipkin B.,,85159732184
57225072033,Smułek G.,0000-0003-4455-1261,105002267089
57225074941,Peter H.,,105033817071
57225077775,Yan Z.,0009-0007-4778-792X,105011694628
57225094227,Linek M.,,85109189851
57225105517,Bassan-Nygate L.,0000-0001-9011-7066,85217965128
57225110969,Stiernman L.,,85152165890
57225130045,Drakes D.H.,,85134345683
57225137808,Florio E.,,85148714287
57225139946,Kim Y.,,85213893857
57225140848,Jeffrey K.,0000-0002-0061-6089,85188994967
57225141407,Wysiekierski L.,,85109262377
57225141589,Barry R.,,85153601069
57225146892,Carusone N.,,85109252997
57225148651,Mickeler M.,0009-0007-7093-0966,85161428734
57225149787,Banerjee S.,,105030175383
57225158273,Wang Y.,,85188747250
57225170418,Breyer M.,0000-0002-4867-400X,85182193971
57225173257,Qu J.,,105029359504
57225177857,Khalid S.,,85204554454
57225178532,McCoy A.,,85109414334
57225178960,White A.D.,0000-0002-9361-2887,85176244290
57225186474,Chen C.,,85109363188
57225202089,Ben-Shmuel A.T.,,85200149439
57225203490,Yin P.,0000-0003-4813-406X,105021656856
57225204371,Howell C.,0000-0003-2587-5877,85109571277
57225206719,Magistretti G.,,85204554454
57225213441,Pandit S.,,85109569011
57225213905,So C.K.,,85109569011
57225214122,Mensah E.,0000-0002-6462-378X,85174454779
57225217006,Fuchsman D.,,85146041280
57225220987,Bastianelli E.,0000-0002-4474-2968,105046307853
57225244236,Lutfeali S.,,85216943643
57225260244,Sufyan M.,0000-0003-0941-4632,105039858974
57225263462,Andreasson M.,,85059323617
57225271801,Tucek G.,,85107969451
57225304469,Attwood S.,,85216459598
57225307920,Herz D.,,85107273874
57225323250,Mateos R.,0000-0002-0416-7313,85086905298
57225324194,Gutiérrez L.L.,,85200203646
57225340788,Rettig T.,,85174574705
57225377029,Hatcher J.W.,,85047377857
57225377486,Taki H.,,85162726025
57225419564,Elman J.L.,,84862234183
57225714374,Menon A.,0000-0001-8857-003X,105018337326
57225755012,Chakraborty D.,,105034613839
57225776386,Miller S.,0009-0004-2667-6110,105043939143
57225857981,Johnson D.R.,,84887325184
57225865675,Roy S.,0000-0003-2819-2481,85191197779
57225879438,Ahereza P.,,105007344432
57225881761,Fan L.,,105047482808
57225882236,Martínez S.,0000-0002-0208-264X,105012502605
57225883645,Yimfor E.,,105043939143
57225883949,Ogura I.,0000-0003-1141-894X,105046804465
57225884815,Jakobsen M.L.,,85041835292
57225893422,Chen X.,,85159732184
57225895518,Uribe A.,,105023812381
57225898127,Yuk H.,,85109788347
57225898649,Deversi M.,0000-0002-1987-116X,105033587603
57225898746,Kyokunda V.,,105007344432
57225904589,Taylor L.E.,0000-0002-7683-180X,105021247994
57225905957,Ananna S.F.,,85117079897
57225908285,Krause T.,,85129016558
57225909754,Balser C.,,85168628918
57225924538,Tang L.,0000-0001-7119-3186,105021656856
57225928407,McLarty A.R.,,85126626370
57225929620,Immel L.,,85145200685
57225934388,Pardo N.,,85126475810
57225935300,Pezone V.,,85194423611
57225937629,Ehret S.,,85136491104
57225937838,Jin Y.,,105019665845
57225940827,Roberts F.W.,,85145684182
57225940941,AltintaŞ K.,0000-0001-9881-494X,105007031283
57225942816,Schneider S.O.,,85200253477
57225947496,Cecchini M.,0000-0003-3946-9116,105024705008
57225961010,Carbone E.,,85170266546
57225961576,Nghiem G.,,85138204409
57225964255,Weber N.,,85144299459
57225969176,Khera D.,0000-0001-5548-4549,85179721679
57225969992,Wivagg J.,,85121980377
57225972032,Adiguzel F.S.,,105002634238
57225974213,Ellger F.,,105005205479
57225974618,Bui D.,,85138204409
57225982048,Xu Y.,,105018002699
57225984991,Zhu H.,0009-0002-1561-2942,105009145652
57225987412,Luck N.,,105044642769
57225987839,Homrighausen P.,,85133970957
57225991608,Urbina M.J.,,105019555033
57225996098,Kaestner K.,0000-0001-6986-4817,105030207049
57225998743,Rooman C.,,85168133308
57226001531,Klein C.C.,,85194700326
57226005305,Shin J.,0000-0002-0102-662X,105018665494
57226007731,Teas P.E.,0000-0002-4253-3759,105045306961
57226009554,Zhao J.,,85160364808
57226018337,Byun J.,,85189433753
57226018577,Hoy C.,,105001939816
57226029878,Čugalj D.V.,,85135851376
57226029915,Schmidig F.,,85113671401
57226032004,Li S.,,85129300276
57226057769,You M.,,85186842180
57226061766,Magiya Y.,0000-0002-8280-8737,85206645693
57226062349,Cheng Y.,0000-0001-5981-5325,85180994185
57226065332,Miyano S.,0000-0001-9563-1056,85203210826
57226067595,Sánchez Hiza Ó.,0009-0004-3191-163X,85212466265
57226068820,Diede A.S.,,85110359502
57226079092,Kim N.,0000-0002-8075-0105,85145420000
57226080281,Yeung E.S.F.,,105011031244
57226083172,Kaba M.,,85200253477
57226088649,Zhang W.,,85146457528
57226089793,Treger C.,0000-0003-0768-3492,105033577491
57226094280,Farkas E.J.,,85133243152
57226095819,Cohen S.,,85110270865
57226101731,Kosareva I.,,85164465839
57226103167,Wu N.,0000-0002-4424-4424,85134509723
57226119138,McNamara R.,,85124182847
57226125580,Young W.J.,,85201870841
57226134316,Alsharawy A.,,85130212571
57226135466,Landsman R.,0000-0002-1025-7737,85202539887
57226141940,Langenhoff A.F.,0000-0002-9876-4951,85135507724
57226146293,Jansson C.A.,,85147575918
57226147468,Cura Y.,,85214559482
57226155592,Agneman G.,,85190271257
57226159896,Firoozi D.,,85194372242
57226162154,Picard J.,0000-0001-5510-3822,105030175383
57226169794,Giaccobasso M.,,85133820258
57226174465,Tsang A.P.L.,,85190581947
57226174622,Cerrone J.,0000-0001-6251-1402,85163198120
57226176902,Huynh N.,0000-0002-6234-7232,85191414669
57226182773,Son S.,0000-0002-1855-3776,85190458340
57226183002,Tsang N.L.T.,,85176269933
57226183334,St-Georges S.,0000-0003-1189-8007,85163023728
57226188529,Kocher S.D.,,105031357674
57226190422,Park J.,,85179695533
57226195724,López Ortega A.,0000-0003-2765-7232,85197174999
57226239854,Maman L.,,85217151653
57226244650,Colner J.,,105040346734
57226245452,Pepe J.,,105034125547
57226249089,Francis L.,,85125275698
57226253715,Guo J.,0000-0003-3893-2826,105021656856
57226254130,Lee S.,0000-0001-9831-4910,85186188626
57226254394,Luo T.,,85147410768
57226254613,Ong P.,,105016593587
57226255278,de la Cruz P.,0000-0002-9994-0902,105004450315
57226257640,Rao S.,,85196879542
57226268638,Moise A.D.,0000-0002-6086-2417,105045949979
57226270095,Cafferata F.G.,0000-0001-9986-4893,85143588705
57226283420,Kundrát J.,,85218185895
57226292135,Bozzi G.,,85142288220
57226302067,Štěpánková L.,,105024000197
57226320861,Silvi M.,,85114918312
57226331103,Tomar S.,0000-0001-7729-1430,85187666328
57226353482,Kemp P.L.,0000-0002-2200-7735,85138217525
57226367240,Chen T.,0000-0001-9260-030X,105008503320
57226397547,Trinh N.A.,0000-0002-4448-0160,105044941742
57226418898,Pischel S.,,85149291215
57226422590,Chang L.A.,,85161988036
57226430525,Schwinges A.,0000-0002-1049-2331,85111537924
57226430884,Pietzsch M.C.,,85161022172
57226433009,Freundl V.,,85140091650
57226436873,Huang Q.,,85188747250
57226439450,Aasvik O.,,105003271015
57226453512,Rojas A.M.,,85111583385
57226468292,Pianka G.,,85150751341
57226477596,Schüle P.,,105003714066
57226480728,Du J.,0000-0001-7846-1905,85153051086
57226498293,González I.,,84887550841
57226503984,Stefkovics Á.,0000-0003-4961-7792,105029543895
57226527104,Khan S.,,85089974435
57226536198,Falasinnu T.O.,,105048022930
57226541526,Manzano Chávez L.,0000-0002-0974-3375,105040181491
57226542498,Calice M.,0000-0001-5296-6729,105043329814
57226570972,Haslberger M.,0000-0003-3056-6630,105037975074
57226572005,van ’t Hoff-de Goede M.S.,0000-0003-0758-0143,105001300969
57226594954,Giannola M.,,85195443053
57226595758,Pershing A.,,85130443340
57226600736,Heo R.J.,,85208225211
57226601624,Taufiq H.A.,0000-0002-6200-0124,105035090579
57226608629,Jang Y.,,85208225211
57226611170,Swanke S.,,85194380837
57226616522,Popova L.,,85120921433
57226627230,McLean D.,0000-0003-4345-5083,85164735555
57226635506,Hansson K.,0000-0003-4422-3858,105019227366
57226643580,Šoltés M.,,85164456474
57226643640,Lee E.,0000-0003-2085-9317,105007016553
57226652251,Artiles A.,0000-0001-8963-9668,105017155997
57226653208,Wang N.C.h.,,105047389993
57226661149,Vandewalker I.A.,0009-0008-0152-868X,105013641547
57226661878,Shimizu Y.,0000-0002-0841-1205,85205063753
57226673263,Dong B.,0000-0002-1471-2661,85213445001
57226682559,Li J.,,85112273577
57226683761,Wang Y.,,105002025466
57226686982,Schlette A.,0000-0002-3817-5573,85133968124
57226690465,Gatti N.,0000-0002-8702-6996,105042587917
57226690926,Chopurian V.,0000-0001-5446-7798,85178134794
57226692366,Peresman A.,0000-0002-9864-4263,105000252224
57226692652,Waltman M.,,85112375322
57226692861,Chen C.,,85168240883
57226711074,Larsen B.,,85185801635
57226712902,Cortright M.K.,,85194978458
57226716908,Lee C.Q.,,85115770181
57226720283,Sun M.,,85131862573
57226724199,Greenwood-Hau J.,,85112467187
57226732252,Goldhahn L.,,85112799974
57226745341,Shao L.,0000-0003-0592-7959,85189611762
57226751554,Conlin J.,0000-0002-5455-0556,85149640771
57226751932,Yogev D.,0000-0003-0840-3966,85202650914
57226784097,Aoki K.,,85061671571
57226788618,Arts I.,0000-0003-2378-3354,105007337546
57226801288,Schweinberger T.,0000-0001-6481-8889,105046928495
57226857445,Tu S.,,85135201482
57226860512,Ploger G.,,85184391597
57226865550,Aviña M.M.,0000-0001-8102-938X,105042517216
57226868044,Cha M.k.,,105000751724
57226874326,Watson N.E.,,85092060139
57226893072,Carter T.,,105023988955
57227164400,De Araujo E.,,85136259276
57227291900,Henson-García M.,0000-0003-4319-9155,85204146482
57227336400,Assele D.D.,,85130112217
57227360800,Kong S.,,85113338623
57227421200,Han B.,0000-0001-6656-7761,105006800818
57228243500,Lendado T.A.,,85130112217
57230337100,Lauraityte E.,,85140664233
57230344300,Haderlein S.A.K.,0000-0002-3509-652X,85114983200
57231433400,Wenger A.,0000-0001-9826-3535,85113577207
57231468400,Jourdren G.,,85113531457
57231684200,Di Francesco S.,,84994390930
57232270300,Guo Y.,,85179886377
57232652300,Fierro G.,,85150751341
57232900200,Sola J.L.,,85190319537
57233351200,Jöst P.,,105008212190
57234409900,Jim A.,,85064149443
57234830000,Molder A.L.,0000-0001-8429-7339,105043329814
57234830800,Shibaike T.,,105016169443
57235151100,Wang S.,,105046159836
57235676600,Huang X.,,85169507016
57235755600,Jiang Y.,0009-0007-7249-7297,105033932866
57236116100,Wang T.,,105014888336
57236633100,Markarian G.A.,0000-0002-1357-034X,105002463428
57236662800,Besch J.,0000-0001-8267-9149,85113761770
57238133600,Riddoch M.S.,,85135598111
57238284200,Zhang Z.,0000-0001-6462-3256,105031136727
57238611700,Markhof Y.,0000-0001-5654-9033,85214697611
57239629700,Hu R.,,85204011227
57239841200,Wehden S.,,105004674181
57239883900,Detlefsen L.,,105034682425
57239906500,Zumbyte I.,0000-0002-5314-7642,85180906845
57239926300,Hampton-Smith M.,,105037401011
57241110000,Daniels C.,,85114047130
57241113400,Levi M.,,105020738167
57241255600,Meng L.(.,,85169507016
57242885800,Iqbal S.,,85114102481
57243049200,Castrellón M.,,85114105553
57243049300,Jaramillo Sierra I.C.,,85114105553
57243099400,Liang Y.,0000-0003-2055-8805,85120903865
57244119700,Hartmann F.,,105029879838
57244230200,Braun-Trocchio R.,,85215274157
57244539000,Ramasubramanian M.,0000-0002-4176-984X,105046250522
57244659500,Püttmann V.,0000-0002-6152-2764,85143312542
57244973400,Fornaini E.,,85114202589
57245093700,Carreras-Tartak J.,,85136688324
57246008400,Ecton W.G.,0000-0001-7452-5609,85173883358
57247158400,Ananda A.,,85114357348
57248162500,Hansen F.G.,0000-0001-8238-0390,86000435450
57248419400,Philippkowski S.,,85100965182
57249415800,Park S.Y.,,85114424179
57249574600,Sankalaite S.,,105004341133
57249837500,Neumeyer J.T.,,85114424179
57250062800,Xu C.,,85115262584
57250125600,Davis T.,0000-0003-2444-4864,85203002106
57250344700,Costello A.E.,,85114483769
57250412600,Price C.G.,0000-0002-7581-1823,105036666004
57250554600,Shkliarov V.,,105003442248
57250789200,Centelles V.,,85165913203
57250955600,Hesmert L.,,85159958667
57251148700,Mo T.,0000-0001-8812-8938,85137176216
57251154900,Daily J.R.,,85114483769
57251756600,Bantel I.,0000-0002-3664-5826,105015223895
57252213000,Kern C.,,85143875823
57252614400,Westberg N.B.,0000-0002-0540-8115,105009699004
57252679700,Cecil J.,,105047875195
57253033500,Dong X.,0000-0001-9748-9938,105041055052
57253533900,Hinkle M.M.,,85125275698
57253931000,Li X.,,85129630802
57254141400,Oaxaca A.,,85162677133
57254482400,Reynoso N.O.,,85104168488
57254993200,Felix E.,,105002580493
57255491600,Rogbeer K.G.,0000-0002-9925-4064,105029060592
57255653900,Kim S.,0000-0002-9622-3035,85141401860
57256771000,Wang F.,0000-0003-3693-4094,85189611762
57257822000,Morehouse A.B.,,105041458788
57257943200,Somani R.,,85123005472
57258008000,Wolle A.,0000-0002-0017-5973,85143834127
57258009500,Webster A.,,85114890581
57258225900,Rossier T.D.,,85114891488
57258867600,Ross E.A.,,85114940264
57258902600,Folger N.,0000-0001-7290-6803,85114942889
57259255800,Ramos G.T.,,85114940264
57259665300,Szakál P.,,85151469733
57260145400,Lagios C.,,105022500398
57260394200,Marbut A.R.,0000-0002-0331-6479,85148476743
57260940200,Painter M.,,85141109504
57261383800,Barnwell P.V.,0000-0002-2301-2333,85115104245
57262185700,Muniak P.,0000-0003-3983-147X,105017399593
57263065100,bin Oslan A.,0000-0002-1278-0687,105025040888
57263247300,Gleue M.,,85215430584
57263467900,Staender A.,0000-0002-7462-1278,85115173163
57263486800,Kang Y.W.,,85115150428
57263518800,Jang J.,0000-0003-4980-3130,85133641679
57263542500,Hofmeyer S.L.,,85162952084
57263651100,Morosoli S.,,85115173163
57264231300,Zhang M.,,105014914690
57264879500,Wang S.,,105044996889
57264961500,Liu Y.,0000-0001-9760-5898,85115262584
57265322200,Liu Y.,0000-0002-7067-6482,85120903865
57266033000,Neybert E.,,85132172590
57266340100,Joyce R.M.,,85132625631
57266704100,Kiriscioglu E.,0000-0002-9426-428X,85200950497
57267130200,Nitschinsk L.,0000-0003-3172-0951,85131902900
57267975900,Neisser C.,,105045370995
57268011200,Guan J.,,85115383154
57268400500,Farrell C.,0000-0003-2039-0045,85164454223
57269158300,Endo Y.,0000-0002-4671-5592,105021366057
57269337600,Sollaci A.,,85204554454
57269355000,Slungaard Mumma K.,0000-0001-7730-2056,105046079026
57269358600,Mager F.,0000-0003-2785-368X,85119060624
57269370500,Erol F.,0000-0002-0123-0321,85150617299
57269409400,Michael Gaddis S.,,85135831171
57269419500,Fasolin G.N.,,85145199719
57269691700,Kühl L.,,105028944692
57269761900,Belarmino K.,0000-0001-9127-8486,105001651773
57269895600,Tian S.,,85115638996
57270725800,Pu Z.,0000-0002-2293-0845,105025103448
57270970000,Sohnius M.L.,,85174574705
57273483200,Hennessey E.,,85115751581
57273496100,Peace S.,,85115790570
57273619600,Olawole I.M.,0000-0003-2146-2207,85170576785
57273989400,Konu M.,,85115790570
57274532400,Yang Z.,,85120612968
57275268600,Qu T.,,85120612968
57275977000,Zia-ur-Rehman M.,,85183297972
57279350200,Kerperien S.,,85116051886
57281041200,Frye T.,,105001066656
57282638100,Morales-Arilla J.R.,0000-0001-8606-0263,85208370009
57283745700,Baek H.,0000-0002-8451-5436,85133322729
57283789400,Brown L.,0000-0003-0673-2272,85116343883
57284621500,Jahantab F.,0000-0003-1253-1936,105016477174
57284662400,Hill S.L.,0000-0003-1161-967X,85218704342
57285117700,Fiala N.,,85185464488
57285163500,Feess E.,,85116473195
57285476100,Wen X.,,86000010290
57285552700,Panagiotatou D.,0000-0001-7413-9046,105031663519
57285912500,Nguyen Cao V.H.,0000-0003-1647-6057,105012625123
57286068300,Sall K.E.,,85145848726
57286261600,Pavlova L.,0000-0002-2447-0280,85216573314
57286835300,Yeandle A.,,105042881054
57286928200,Angelou A.,0000-0002-8479-0198,105031663519
57287054500,de Melo V.F.C.,0000-0001-5721-3240,105028455506
57287095800,Guan J.,,85183026020
57287171000,Hu L.,0000-0001-6610-4142,105018916730
57287448400,Zhao P.,0000-0003-1456-0845,105024427526
57287533400,Zheng S.,,85207560265
57288255100,Barthwal A.,0000-0003-3788-2468,85215863527
57288755800,Wedel K.,,85140091650
57290267800,Schlüter E.,0000-0003-3880-4111,105000106945
57291082300,McLean E.,0000-0002-3075-0422,85161559225
57291654100,Bezzola S.,,85116896142
57291854800,van der Schaar J.,,85211183390
57292160300,Sands N.,,85116875533
57292191500,Zhang J.S.,0000-0001-6697-6143,105013261897
57292293300,Hung W.J.,,85195165540
57292799100,Sebhatu D.,,85116896142
57293005000,Lee J.Y.,0000-0003-1267-948X,105009657927
57293309700,Richards K.,,85126092849
57295092400,Xu M.,0000-0003-3620-5967,85138512371
57295108600,Plata-Caviedes J.C.,0000-0002-3104-7317,105045424464
57295162500,Wood E.A.,,85116972333
57295545200,Voytas E.,,105041095106
57295613800,Sahakyan M.,,85218185895
57297509200,Hooper M.A.,,85117254892
57297926100,Sutter A.,,85117203588
57297999700,Wuethrich S.,,85113671401
57298546700,Green S.M.C.,0000-0002-2622-5377,85216715166
57298576700,Puddy H.N.,0009-0006-8742-339X,85212392626
57298779100,Honora A.,0000-0001-6809-2210,85183899376
57299173100,Balogh K.,0000-0002-2487-1332,105045293921
57299321600,Paulson-Smith K.,0000-0002-9162-9036,85163136162
57300304200,Skjelbred S.E.,0000-0002-0459-7022,105022082965
57300393900,Dai A.,,85117388246
57300571100,Nguoe M.,,85188731129
57301125800,Rahman K.W.,0000-0003-4285-9190,85189488087
57301152400,Schellekens L.H.,,85130966021
57301154800,Kaufmann L.,0000-0002-4615-8802,85201533564
57301175000,Crabtree K.,0000-0003-0251-4462,85141623507
57301259100,Huang B.,,85117388246
57301451800,Kim S.,0000-0001-7580-0430,85117411289
57302201900,Etienne T.W.,,105029640625
57303667600,Nieuwenbroek E.,,85117617145
57303823700,van der Lelie S.,,85117617145
57304299200,Yamada T.,0000-0001-6515-2564,105001641509
57304862200,Kang J.,0000-0001-8995-5636,85209785457
57305797600,Izydorczak K.,0000-0002-9870-3825,105017399593
57310168200,Nelke S.,,85117754469
57310868400,Arias S.B.,,105017842615
57311437400,Girtler I.,,85117754469
57311772800,Bennett S.M.,,85117899234
57311898900,Tarasiewicz P.,,85113881377
57312099300,Delmas M.,,85147834396
57312122700,Luo D.,,85113881377
57312345300,Rayaprolu N.,,85113881377
57312661700,Chiang E.C.L.,,85117899234
57312879400,Ferguson M.,,85117899234
57312879500,Algarra D.,,85117899234
57313004500,Mollard G.,,85113881377
57313049900,Ferrer S.,0000-0002-8387-2060,85117945404
57313067300,Subramanian A.,,85117963247
57314312900,Clark-Darby O.,0000-0003-3054-858X,85118106062
57315128800,Miao G.,,105011308817
57315901700,Hall N.A.,,105012627181
57316160200,Ko I.,0000-0003-4787-1666,105033260134
57316432500,Riemer O.,0000-0002-9077-5410,85180723531
57316433500,Lewis A.,,85114599981
57317436500,Vu-Cheung K.,,105030084753
57317580500,Short V.,,85129463697
57317976900,Torre D.L.,,105041651701
57318017500,Jiang L.,,105006410581
57318020500,Hernández-Colón I.R.,,85118291069
57318044500,Wang X.,,105042563243
57318177100,Zheng J.,0000-0003-2375-2267,105014157018
57318289300,Nava J.,,85118291069
57318404200,McDonald B.,,85216620221
57318499900,Zhou S.,0000-0003-4366-7799,105018477825
57320301900,Zhao J.,0000-0003-4125-9804,105042165703
57320611400,Brand O.,,105003868460
57320632400,Barideaux K.,,85132703352
57321593600,Satterthwaite T.P.,0000-0002-6452-4220,105011302164
57321692200,Yang G.,0000-0002-8123-1841,85149640771
57322117900,Krisnanto D.,0000-0002-8765-6007,85118444829
57322829900,Gundersen C.D.,,85133754539
57322942400,Sieg M.,0000-0003-0687-8079,85182501125
57323477500,Nakamura-Sakai S.,0000-0001-6413-5412,105041026145
57323819000,Gallivan N.P.,0000-0002-6137-5733,105032922322
57323954100,de Boer J.E.,,85118542681
57324512200,de Graaf J.,,85118542681
57325527000,Kalwicz D.A.,,85196879542
57326561900,Zhang Y.,,105004451410
57326715200,Ozdogan A.,,85179731770
57326992700,Thiel S.D.,0000-0002-9947-0277,85118729401
57327138100,Alptekin Z.,0000-0002-3018-9946,85118729401
57327982500,Marshall P.V.,0000-0002-8332-8591,85118729401
57328383600,Koch H.,,84988603956
57328630400,Muroga K.,0000-0003-1760-9886,105027673258
57329573900,Bashour L.,,85152586530
57329704900,Mayer M.,,85133130655
57329758200,Kim E.,,85028360161
57330000000,Leisen B.J.,0000-0001-8436-6453,85118850674
57330556200,Gonzalez C.,,105013484489
57330802800,Jensen A.V.,0000-0002-1731-0166,105043700588
57331924300,Majnemer J.,0000-0002-8937-250X,85156133292
57332399500,Arsenault A.C.,0000-0003-1846-8560,105029190749
57336364100,Armaos K.,,85161988036
57336744500,Kasak-Gliboff H.,,85119010496
57337738100,Du X.,,85144196764
57338038600,Liu Y.,,85144196764
57338704200,Kruszewska-Eduardo D.,,85126998050
57339565500,Karpa D.,0000-0002-4327-4269,105042661163
57339828600,Wathuge A.,,85168959864
57340015500,Kong X.,,85195692648
57343176900,Chang C.H.,0000-0001-8260-9407,85119253317
57343180100,Brand A.K.,0000-0002-0159-9057,85119251416
57343223000,Rouvroye L.,0000-0001-7411-114X,85180492822
57343288700,Bending H.,,105009510585
57343598500,Wei M.,0000-0001-8377-9408,85119248850
57343625900,Muppavarapu K.S.,,85161655914
57343769900,Leon S.J.,0000-0002-3805-3373,85147676432
57343823600,Shaughnessy S.,0000-0002-9128-9705,85210909449
57343981500,Hey C.V.,,85209119651
57344119200,Wylie K.,,85064149443
57345463200,Kelley-Jones C.,,85203256121
57346918700,Szafran D.,,85131094676
57347463900,English J.,0000-0002-1223-8601,105000050016
57347691600,Mejía Bonifazi G.,0000-0001-7891-2649,105005868500
57347704500,Claesen A.,,85064149443
57348295500,Kasanov D.,,86000674351
57348468700,Evrard E.,0000-0002-7333-6133,105005868500
57351847000,Görsch R.,0000-0002-1542-3570,86000080205
57352535900,Siskind S.R.,0000-0003-2405-4858,105013261897
57353941600,Kösling P.,,105013308435
57354016400,Bedoya D.,0000-0003-1245-8353,85208081888
57354178300,Fritz M.,,105044642769
57354725400,Santoro L.R.,0000-0002-8914-4507,85174247094
57355475100,Kuhlmann R.,0000-0002-3868-5207,85217943492
57356615700,Liu Y.,0009-0000-7879-614X,105021249211
57357377300,de León E.,0000-0003-3152-0722,105019107189
57357542200,Wittenberg C.,0000-0002-8091-8107,105008878283
57357800500,Thompson A.I.,,85120316197
57358934400,Grant M.D.,,85120425286
57359540100,Flores A.,,85120425286
57360185000,Büchau S.,0000-0003-3026-4632,105025907352
57360869600,Hasselhorn F.,,85120455568
57361502200,Liu J.,,85137740809
57361749800,Tuggle B.,,85120550900
57362064000,Jackl H.M.,0000-0002-2785-6090,85120577658
57362605400,Stefes T.,0000-0002-5877-6114,85188777518
57363030400,Massey M.Q.,,85214008772
57363186300,Blasi D.,,85151087747
57363328600,Ergiyen T.,0000-0002-5892-0198,105032208735
57363332800,Dayal P.,,85151087747
57363474200,Forest C.,,85151087747
57365583800,Hadler P.,0000-0003-4901-8618,85215434168
57365858700,Nelson V.,,85120788452
57366145700,Vikse J.,,85120788452
57366290600,Cagle S.M.,,105019784086
57366420800,Leigh S.,,85122056342
57367869000,Huang X.,,105037838550
57368650600,Ayalon L.,,85124320520
57369293000,Longuet-Marx N.,,85200547541
57369668600,Shayo H.J.,,105020917779
57372405700,Plesz B.,0000-0001-5455-5966,85211595419
57374800400,Rangel-Quinonez H.S.,,105011962821
57374904900,Arenas-Estevez L.F.,,105011962821
57375407600,Zhu T.,,85121370138
57375476200,Arabian S.,,85121335322
57375722600,Fehl A.G.,,85207715474
57375843600,Godager E.A.,0000-0003-1236-9983,105002352123
57376280700,Khan J.,0000-0002-6673-7617,105040566538
57376423900,Kim T.,0000-0003-1230-774X,105002722114
57377345400,Pazos L.A.,0000-0003-1738-7582,85181675779
57377847700,Tao L.,0000-0001-8717-3155,85213980718
57381727900,Bergeron-Boutin O.,,85129666036
57382433400,Allen L.G.,0000-0002-3115-1077,105013749498
57383713700,Weingarten N.,0000-0001-5188-5652,85159768616
57384593100,Ng A.S.Y.,,85198861105
57384961100,Philips R.,0009-0007-4757-2945,105009167724
57385070700,Qian S.,,105022440662
57386478000,Blackington C.,,85201260752
57386760000,Lucas-Alba A.,0000-0002-6596-2978,105017423492
57386892600,George B.,,85121761175
57387107100,Holtrup S.,0000-0002-1834-5918,85126439346
57387734100,Szabo R.,0000-0003-1854-2724,85121848019
57387885500,Agius E.J.,0000-0001-9533-1408,85121848019
57388418800,Babbar K.,,85176501163
57388930200,Sczepanski R.,0000-0003-3741-4955,105043829051
57390437000,Meyer A.K.,,85087099737
57391147900,Van Oost P.,0000-0003-0297-9753,85139158378
57391518100,Song R.W.,,105046975181
57393059300,Mohajerzad H.,,85122055879
57393572000,Konstantinidou E.,0000-0002-6744-6520,105025218910
57393585600,Sáez C.,,85122067411
57393705300,Zaheer M.A.,,85196879542
57394445200,Ostermann-Miyashita E.F.,0000-0002-5270-5737,105043571100
57394549000,Gonzalez S.,,85210413888
57395643300,Satama M.,,105037763094
57395705300,Wei X.,,105024099182
57397195900,Xing X.,,85177645427
57397763000,Miller A.N.,,85160036617
57398077800,Fu C.,,85140221275
57402052100,Chew I.,,85189004999
57402169600,Carvacho P.,,85122393971
57402831100,De Mulder A.,0000-0002-6346-9610,105023852374
57403788900,Gibson R.,,85174071113
57404133900,Steenwegen J.,,85189834253
57404476800,Ding Y.,,85050904086
57405288700,Sun Z.,,105030572517
57405470700,Sircy K.,,85122503392
57405502700,Lühring J.,0000-0003-2008-5059,85212432231
57407093700,Kapanadze K.,0000-0001-6952-4046,105023433219
57408820800,Stolínová A.,,85122675377
57408979500,Fisher T.,,105015786678
57409400900,Braut B.,,85211371226
57410207500,Santoro F.,0000-0002-8351-9611,85175234326
57410589300,alexander E.,,105034157738
57411723500,Han S.,0000-0003-4180-6169,105040544813
57411780700,Ioannidis N.,,105007424589
57411868100,Malvitz S.A.,,105005807804
57413371500,Wu Y.,,85191018381
57414493200,Zhu H.,,85142141964
57414592200,Martínez C.A.,,105004475485
57417038900,Roseth B.,0009-0003-4213-1367,105016477922
57417797600,Liu X.,,105014025979
57418601700,Bachmann E.,,85123097648
57418749300,Leonte K.G.,,85123080174
57418932900,Gouniai J.M.,,85123080174
57419425800,Santos J.B.,0000-0002-0672-4021,85123191218
57420940500,Piper C.,,85192145575
57421515500,Butler K.,0000-0001-7821-6811,85123252774
57422110000,Haromi M.E.,,105021069285
57422365800,Bushby A.,,85123307033
57422909200,Nudelman M.F.,,85123284003
57423052600,Würger S.,0009-0007-1331-7890,105036254738
57423080900,Ringfort-Felner R.,,105024885700
57423298600,Ishima H.,,85189166854
57425352800,Bordeleau J.N.,,85174581360
57425382400,Suiter E.,,105035306999
57426641200,Li J.,,85212713877
57426746900,Baltz S.,0000-0002-4669-7435,85200641349
57426785500,Pratap C.,,105029556278
57427106300,Portela Pruaño A.,0000-0003-3264-8971,85139456027
57427131700,Dow P.N.,0009-0006-8427-6259,105011302164
57427131800,Shroyer J.E.,0000-0003-0514-9034,85205480864
57427167200,Hericher C.,0000-0002-1193-842X,105039799595
57427253400,Caton C.,,105003119690
57427821300,Speach M.E.P.,0000-0002-7914-2639,85139294341
57428445000,Staniland L.,0000-0002-0161-144X,85195659580
57428480400,Hastal M.R.,,85107756891
57429221600,Armstrong B.,0000-0002-3354-4376,85203365249
57429677500,van den Hoogen E.,0000-0002-4177-3670,85176392346
57430900400,Lythgoe T.,,85127190236
57431100500,Van D.S.,0000-0002-6842-6900,85123684289
57431487700,Hollands L.,0000-0003-1004-1423,85123721069
57432088000,Schäfer K.,,85123721069
57432835400,Sun J.,,85212274402
57432843500,Rhee K.,0000-0002-8562-0801,85145327725
57433326000,Liu S.,0000-0002-9374-7036,85205292969
57433834900,Kurtaliqi F.,0000-0002-9286-9824,105023675499
57434585900,Gallegos Torres K.,0000-0003-3582-4002,105047355410
57435137500,Freemon K.,0000-0001-5960-494X,105039768137
57435962400,Brinkman N.,,85201437170
57436333800,Rana R.,,85175186112
57437113800,Esfahanian V.,,85146710012
57437125700,Lee S.H.,,85125339374
57437610000,Kristensen A.P.,,85123960531
57437610600,Bauer F.,0000-0002-2669-136X,85123928602
57439438300,Chen J.,,105014888336
57440231700,Wykoff J.,0000-0002-0201-5420,105028028025
57440715200,Lane E.A.,,105037852370
57440831600,Lyu X.,,85124106234
57440859500,Liu Y.,,85204870231
57441221400,Dang N.B.,,85171160595
57441721500,Torres R.S.,,105018717374
57442651300,Phillips J.,,105027197362
57444443200,Rayburn-Reeves R.M.,0000-0002-4224-9491,105013641547
57444577400,Miller R.,,85147654005
57444647100,Menker C.G.,,85161644693
57445343500,Fang S.,0000-0002-4554-7590,105036299734
57445391200,O’Guinn B.J.,0000-0001-5329-2375,105047507657
57445513700,Brock-Petroshius K.,0000-0003-4714-5277,105021654617
57446743100,Levy G.,0000-0002-8803-7873,85217943243
57449703200,Espericueta L.,0000-0002-8717-0170,85205771824
57450671800,Corzine A.,,85124523135
57451599500,Cao X.,,105037838550
57452871000,Johnson M.,,85213358307
57453924000,Zhang T.,0000-0001-8525-0989,85204471428
57455057300,Ramos M.C.,,85124719122
57455072500,Ruddle T.,0000-0002-6375-696X,105016700724
57456075000,Meiners P.,0000-0002-0022-9556,105031799224
57456745900,Kuzushima S.,,105016364194
57458210500,Streck H.,0000-0001-9804-7728,85164741684
57458349100,Frisch L.K.,0000-0003-4451-9587,85124911908
57460748200,Darling L.N.,,105010023498
57462384900,Huff N.R.,0000-0002-5844-9527,105044658302
57463351000,Liao J.,0000-0001-9635-2753,85125097874
57463554500,Hildenbrand L.,0000-0002-6344-4827,85171265737
57463600800,Szambolics J.,0000-0003-0066-9292,105013765774
57464198600,Hernandez-de-Benito M.,,85125131841
57464271700,Eberhardt M.,,85121407720
57464320400,Firat R.,,85121407720
57464385400,Hahn C.,0000-0002-6801-8827,105022700696
57465129500,Zhang Y.,0000-0003-2984-9860,105013482316
57465169000,Ruppert-Gomez M.R.,,105031357674
57466254700,Dennis H.,,85125211932
57466444200,Iyer T.P.,,85128374813
57466465400,Pan C.A.,,85128374813
57466477000,Yakhmi S.,,85128374813
57466661100,Zhang R.,0000-0002-6987-9311,85198464294
57466753900,Siddiqi M.U.A.,0000-0003-0168-3029,105035090579
57467309000,Li B.,0000-0002-7801-0319,105003267511
57467530000,Imamverdiyeva U.,,105040920296
57467597000,Vermijs F.,,85215629624
57468586700,Richmond B.,0000-0003-0642-7438,85172711334
57468617200,Gaffney M.R.,,85125307249
57468743100,Lang Y.,0000-0002-7668-8142,85139085257
57468920100,Adams K.H.,,85125307249
57471342000,Galos D.R.,,105018018259
57471701300,Fister A.,,105016700724
57471813500,Taflinger S.,,85187528921
57471975300,Moody M.E.,,85125524398
57472458500,Bramah H.,0009-0004-7025-3035,105017156763
57472472600,Ivory M.,,85205059246
57472512700,Turkenburg E.,0000-0002-8332-7820,105048810254
57472945000,Gordon H.,0000-0003-4053-6419,85204426907
57473190100,Soto-Tamayo L.,0000-0002-6056-0726,85206516316
57473308600,Taylor N.,,105036789241
57474603100,Golos A.M.,0000-0001-5803-4164,85126068290
57474854100,Lomholt R.,0000-0002-5333-3234,105028801540
57475457700,Borba L.,,105034086079
57475805200,Yanez Ruiz A.,,85125647744
57475843400,Gullo N.,,105003868460
57476008000,King J.,,85211222046
57476217600,Chen Y.,,85217236784
57476890400,Schneider E.,,85113671401
57477704300,Lu B.,,85125760502
57477829300,Lems E.,,85125811280
57478493200,Schmid J.W.,0000-0001-8062-1330,105015477196
57478747700,Liengaard M.B.,,85125837862
57479282000,Yu J.,,85177599967
57479750400,Yang S.J.,,85106500637
57479953900,Ragland E.,0000-0002-8611-3609,85125889085
57480107600,D'Alessandro F.,,84902008912
57480520300,K. Hales G.,,85146152959
57480750000,Shalev D.,0000-0001-5345-6894,85125910657
57481530400,Borgeat Q.,0000-0002-0875-3942,85210955880
57481712600,Schürmann L.,0000-0002-2444-7486,105038172064
57481958200,Zhang Y.,,105047489822
57482048000,Uhl A.,0000-0002-3408-9766,105029746183
57482698100,Harris E.,0000-0001-5582-4734,105020815260
57483246400,Janse N.,,85126133920
57483592800,Westlake S.,0000-0003-1735-6057,85205511533
57483614700,Kim B.,,85209727702
57483897300,Wolsky A.D.,0000-0001-6784-2593,85125420118
57484584400,Pelloquin R.,,85211165388
57484676100,Cole M.,,85029612266
57484816000,Le H.,,85122232097
57485416900,Kim K.,,105043227078
57485853400,Strydhorst N.,0000-0003-2501-1315,105040620415
57486274700,Nandur V.,,85126256655
57486920200,McNulty C.,,85152165890
57486921800,Frechen N.,0000-0002-7540-4232,85126285760
57487028100,Dang P.,,85217803248
57488058400,Smart E.L.,0000-0002-9950-879X,85178941763
57488358200,Tate B.,0000-0002-4264-7086,85126341997
57489593200,Cox L.,0000-0001-6068-0018,85186924235
57489633000,Moehring W.,0000-0002-6742-4268,85126439346
57491768100,Kroczek M.,,105040229019
57496892100,Abuhamad M.,,105034353261
57499953400,Golob S.,,84921995261
57500071500,Bondi T.,0000-0003-4572-0709,105001644395
57503016600,Li A.,,85130333449
57507462200,Paudel B.,,85147863898
57514681000,Priebe C.,,85118216363
57517082500,Staples W.A.,0009-0000-4274-2713,85203391336
57517377200,Burr S.,,85145825392
57522851600,Prins T.,0000-0003-1891-8293,85088435468
57525512000,Somerville J.,,85185602459
57527006900,Fleck C.R.,,85028298073
57528943400,Burrows B.,0000-0003-4069-8741,85122153971
57530797800,Joly P.,0000-0002-4278-9439,105005736035
57536673200,Bertram I.,0000-0002-2493-7944,85186946586
57537553100,Chen Y.,0000-0002-3100-9556,105043965418
57538084400,Warren E.,0000-0003-3154-6068,105022843760
57539551400,Liu J.,,85197234082
57539734000,Szydlowski G.,,85207925672
57540787900,Waters Y.L.,,85177185702
57541008800,Nian Q.,,85159740474
57541112600,Zang S.,,85133865161
57541557400,Lombardi G.,0000-0003-4337-569X,105032706175
57541952500,Reynolds G.,0000-0001-5226-1390,85123260351
57543727200,Lagnese K.,,85126899508
57543823400,Tiihonen A.,0000-0002-6849-2940,85217277551
57546428800,Paauwe F.,,85161988036
57547199900,Warns L.,,85161988036
57548681300,Molitor D.,0000-0001-9483-6121,105037075830
57548767800,Rizwan M.,,105034131928
57548894200,Lucas S.,,84938922898
57549974900,Morrison K.,0000-0003-3518-7330,85182711691
57550041400,Ludwig K.,,105022871687
57552352600,Yue L.,,105040392932
57552422700,Werkmeister L.,,85103597593
57553648600,Ziegler J.,0000-0003-3905-7488,105043303679
57553691100,Wang L.,,85127112453
57554063400,Verhoeven S.,,85127278669
57554168100,Kotvas K.,,85162812505
57555175400,Leal M.M.,0000-0001-7291-7414,105004859758
57555456400,Kuske J.,0000-0002-1581-9268,105014261044
57555630100,Chung W.T.,,85163570406
57555663400,Li G.M.,,85144775920
57556413100,Lindke C.,0000-0001-9789-2938,105026673321
57557030500,Zandani S.,,85127306349
57557289600,Van Dijk L.,0000-0002-0909-2584,85127440800
57558801300,Olson E.S.,,85103038429
57559110700,Casas A.,,85107387790
57561431000,Rajan A.,,85127577668
57562253700,Mann E.,,85127597984
57565427800,Eidgahy K.,,85127783017
57566538200,Marshall R.,0000-0002-7053-5452,85188564895
57567143700,Van Marcke H.,,105007892096
57567203400,Noble B.S.,0000-0002-3949-9115,85197700842
57568558400,Baker K.P.,0000-0003-4154-3987,85185664761
57569020200,Howells R.L.,0000-0002-7274-4004,85201586608
57569085100,Simon M.,0000-0003-2072-7226,85197053269
57571855200,Martuza J.,,105034182783
57573033600,Lee H.,0000-0002-7240-3664,105018665494
57573298900,Chen X.,,105031215334
57573591900,Pratama A.J.,,85142388214
57573666500,Park H.J.,0000-0003-2523-7023,85192088362
57573689200,Campbell N.,,85128093363
57573689300,Copfer J.,,85128093363
57573719200,Tyron J.M.,,105004829427
57573978000,Houtz M.,,85142351115
57574113000,Mernyk J.S.,,85160596820
57574743000,Jozwiak A.,0000-0001-6817-9164,85205694138
57575534200,Boggs R.,,85156261644
57575591900,Bako D.,,105031661836
57575732800,Wuestenenk N.,0000-0001-6865-2476,85128166504
57575889300,Jost T.,,85182558147
57575889400,Liu S.,,85128232507
57576091500,Nandan V.,0000-0002-3619-7832,85128175895
57576225500,Bolliger F.,,105031661836
57576320800,O'Keefe B.,,85128232507
57576328300,Zhai T.,,105011371029
57576623800,Werner V.,,105025907352
57577521200,Budžak A.,,85158099674
57577757600,Marquina T.,0000-0003-0313-2028,85130942784
57577767600,Walk E.,,105045810738
57577962500,Mijatović N.,,85128274371
57578190200,Conić L.,,85128274371
57578635300,Tošić N.,,85128274371
57579183800,Tucker R.V.,,105003997798
57579218000,Toyonaga K.,0009-0000-0779-3654,105024012632
57579373200,Ontomwa M.B.,,85183747023
57580253100,Zindel Z.,0000-0002-9898-0726,105024566039
57580730600,Freiberger N.,0000-0002-7814-1749,85183646714
57581281300,Santamaría D.,,85166626350
57581289200,Hoover H.,0000-0002-7919-7867,105005452683
57581558400,Minich M.,,85132745763
57585824600,Umeyama I.,,105016364194
57588352700,Suechika K.,0009-0000-8866-4781,105047179607
57593458500,Naruse G.,,85203630550
57596370800,Kikuchi H.,,85146186207
57597436900,Okada I.,,85146186207
57604655700,Vancompernolle Vromman F.,0000-0002-4756-8467,105039799595
57607539200,Wang J.,0000-0003-3555-1147,105022671085
57609511300,Ilić V.,,105024000197
57609695800,Hoffmann P.,0000-0002-2001-8588,85213339918
57610056300,Yang Y.,0000-0001-9478-6224,85212330408
57611853200,Rodriguez N.N.,,85129463697
57613434000,De Brabandere L.,,105003884396
57614876600,Li X.,,85206015179
57616002400,Keller B.,0000-0002-2978-7957,85205480864
57637476300,Prasad M.,,85113881377
57643531900,Sternberg H.,,85160060713
57644958800,Mu Y.,,85213679537
57646321000,Winkelman K.,,85191804043
57647255600,Shen Y.,0000-0002-8744-8523,85178944816
57647951300,Oğuz Taşbaş E.H.,,85128896253
57651234700,Navarro J.C.,,105005807804
57651784100,Savani M.M.,,105005845952
57653578200,Serra-Barragan L.,,85214999919
57655152400,Lindner T.,,85176231377
57655288000,Wahl A.,,85129016558
57656579500,Garrett R.K.,0000-0001-7022-7452,105030663299
57656963100,Halling A.,,105045653847
57657055000,Schmid M.J.,,85129214191
57657599800,Qin Z.,,105017167951
57657606500,Neumann C.,,85129186966
57657779000,Yanovich A.,,77951696808
57657790200,Haynes C.,,85097412725
57658877300,Coisy F.,0000-0002-2812-3534,105025850938
57659159300,Wright E.,0009-0003-2826-9191,105000020251
57659179400,Berbée P.,,105047355410
57659294100,Johnston L.C.,,85129301331
57659917800,Kalimi A.,,85129301331
57660235000,Hatungimana W.,0000-0002-9081-3528,105004428157
57663149300,McKay M.M.,,85070899643
57664838200,Welte T.M.,0000-0001-7211-3934,85146158024
57664985200,Spälti A.K.,,85169557686
57665080100,Goldrosen N.,0000-0002-6198-6593,105041077972
57666435900,Nicolau F.,,85148353191
57667334300,Duarte K.,,85129463697
57668133000,Song S.,,85210959260
57668681400,Shiran M.,,85122232097
57668700100,Kim S.W.,,85153076638
57669420100,Suh K.,0000-0002-7029-0117,105010350719
57670390600,Breen M.,,85129685284
57671911200,Berry F.,0000-0001-8128-6765,85129685284
57672501900,Feldman N.,,85064149443
57672611500,Song Q.,0009-0004-3444-9954,105036236780
57672674900,Castonguay S.,0000-0001-9520-5305,105041559207
57672754000,Wieland T.,0009-0007-1336-4830,105000417671
57673213200,Nola F.,,85166440803
57673289100,Saito J.M.,,85137738400
57673881900,Wick K.,,85064149443
57674154700,Blatz L.,,85064149443
57674394500,Junkermann J.,,85167912249
57674418100,Martin S.D.,,85064149443
57676393100,Robinson A.,0000-0002-7060-9714,105010461822
57678534000,Schlücker F.,,85187183500
57679026500,Clark J.,,85216715166
57684752400,Bhaumik D.,,85179882750
57686004300,Chiengkul W.,,85144893398
57686218800,Zhao X.,,105024704854
57686507200,Yang I.,,85130056931
57686999900,Cuevas-Molina I.,0000-0002-2576-4053,85130062680
57688625700,Silverman D.,0000-0003-0098-0312,105013803508
57693016300,Liu A.,,105040536047
57694083900,Gupta R.,,85175199245
57694757000,Nakata H.,0000-0002-6300-1495,85205480864
57694797400,Szászi J.,0000-0001-8862-7980,85186990927
57695582600,Elias F.,,85130112217
57695582700,Asefa M.,,85130112217
57696335900,Rathore H.,0000-0002-0628-4572,85121247684
57696400000,Livingston W.,0009-0007-4860-3256,105043329814
57697134800,Haggerty F.,0009-0007-8558-9991,105027329225
57698175400,Shaw O.P.,0000-0002-1120-8128,105013779063
57698926500,Martiniello B.,,105023433219
57699617400,Fazio A.,,85148714287
57700000300,Zhu J.,0000-0002-2869-824X,85204426907
57700210300,Alani F.,,85130333449
57700279900,Yang H.,,85193247333
57701086600,Chevrier M.,0000-0002-0124-8652,105011764744
57701358500,Shi Y.,0009-0008-8596-586X,85176929059
57701529000,Kaduma J.,,85198669433
57701600500,Shi L.P.,0000-0001-8468-5526,85117389176
57702053300,Mchomvu J.,,85198669433
57702162500,Vicuña B.,,85148945547
57702455100,Qureshi D.D.,,85130462555
57702583200,Prayitno K.,,105007002458
57702952000,Zhou Y.,0009-0000-8669-6368,85176929059
57702967200,Ramos A.,,85148945547
57704165700,Zhou S.C.,,105024099182
57704794400,Yu J.,0009-0001-8981-5550,105043143139
57705177900,Contiero R.,,85130609643
57705719000,Hutchins R.A.,,105030283088
57705839500,Haraburda B.,0000-0003-2475-3317,85130626987
57705912400,Dong L.,0000-0003-2468-9554,85146126637
57706007000,Bosshart N.,,85130609643
57709558900,Oguso A.,,105037829830
57709946300,Cao Y.,,85204159513
57711972800,Sarwar F.,,85130765842
57712434800,Primig F.,,85130796117
57712955500,Byrd R.,,85145848726
57713059000,Broekman M.,,85201437170
57713168300,Mailhot C.,0000-0001-9852-394X,105019352895
57713647200,Osgood P.N.,,85158145811
57713712800,Chan Y.,,85130859956
57714537600,Zha H.,0000-0002-6940-1983,105006410581
57714918100,Duray H.,,85130942784
57715082600,Andersen S.S.,0000-0002-7171-580X,85130904670
57715234000,Kappler M.,0000-0001-7234-1216,105001549954
57715507100,Richters C.,,105049021547
57719529200,Sokolova A.,,85131094676
57719674000,Tirolf N.,,85131094676
57719821200,Mezenský Š.,,85131094676
57719903200,Kao J.C.,0000-0002-2245-7939,105008288551
57719958900,Jäger F.,,85147213830
57719959000,Schabinger J.,,85131094676
57720157000,Ahn S.,,85143712827
57720252500,Anh V.N.,,85131094676
57720394200,Herbel A.,,85131094676
57720395800,Zhanga N.,,85131094676
57720546000,Behnert J.,,85131094676
57720546100,Exner S.,,85131094676
57720546200,Lajic D.,,85131094676
57720546300,Ogłaza T.,,85131094676
57722531800,Lotti L.,,105002150736
57722956100,Mikalouski L.,,85131157018
57723329300,Lee M.,0000-0003-4105-7188,105027925802
57723789000,Bruno G.,0000-0002-2526-880X,85122651404
57724845300,Oreský J.,,105028278497
57725062600,Derempouka E.,,85147744335
57725222500,Líbal M.,,105028278497
57726474700,Mureșan L.I.,,85131325659
57728660000,Friedrich L.,,85183176250
57729096600,Rohde L.M.,0000-0003-0862-8102,105007349850
57729176700,Kistler D.,,105034408644
57729881800,Greiser M.,0000-0001-9444-4195,85125852749
57730166200,Furl K.,0000-0001-7736-6973,105028398409
57731913300,Kang B.,,85131589111
57732341400,Hossain O.B.,,105013484489
57732418900,Lei R.,,105028851342
57732669400,Leicht C.,0000-0001-9822-857X,105024313826
57733220000,Hameed A.,,105038418295
57733358500,Dalle A.,0000-0001-7905-9280,105010332441
57733467800,Wu Y.,,85200924107
57733885100,Hvalica Coldwell A.,,85131643855
57734458600,Xu L.,,85131674067
57734648200,Zhang M.,,105009333190
57736675900,Kagan M.,0000-0002-5937-4352,85131738044
57737639700,Dione M.,,105012405457
57738235300,Sivashanmugam A.,,85131840762
57739339600,Yuan S.,,85131862573
57739451500,Colombo F.,0000-0002-4543-8044,105025399040
57739723200,Koßmann J.,,85174632118
57741105000,Sterba M.B.,,105031606956
57741221200,Arman I.H.,,105017658909
57748606900,Barchetti A.,,85132172590
57749859100,Song J.,0000-0002-3692-6505,105010226878
57750942400,Presberger D.,,85159235309
57751321100,Seitz M.,0000-0003-1139-2719,85190392727
57751583600,Gotthardt K.,,85190392727
57751766500,Zhu L.,0009-0009-1376-0547,105045248774
57753078200,Hodge G.,,105039332188
57753807800,Tian Y.,0000-0001-9956-5156,85140888069
57754327200,Gonsalves N.J.,,105025109298
57754426100,Tang J.L.,,85144775920
57755342900,Dunham G.,0000-0001-6476-0437,85132367551
57755767000,Hua W.,0000-0002-5146-5129,85188318071
57756589300,Schmid C.,,105010610792
57758773600,Kim S.,,85186842180
57759525500,Wack M.,0000-0002-7769-5993,105044732211
57759768500,Park H.,,85177174473
57760216000,Vincent W.,,85185956655
57761153200,Sun Y.,,85073652413
57761154500,Stolting M.,,85132661093
57761168600,Hofmann L.,0000-0002-5455-7563,85132667201
57761179600,Schmid U.K.,0000-0002-1892-002X,105042461713
57761212100,Deeg F.,,85132675525
57761319000,Johnson A.C.,,105038898483
57761339700,Duhaime E.P.,0000-0001-8026-4206,85068120606
57761367700,Redekopp C.,,85160596820
57761499600,Tao R.,,86000732457
57761666700,Kaltwang M.E.,,85132703352
57762790700,Tveleneva A.,,85132745763
57762791700,Liang Z.,,85149330476
57762992400,Gurganus K.,,105006834893
57763306800,Biganzoli A.,,85132703352
57763395500,Chalaya T.,0000-0003-3074-5786,85194861032
57763744800,Zhang S.,,105013482316
57763782800,Mihaltan T.C.,,85143828859
57764079800,Zhang S.,,105013482316
57764267000,Off G.,0000-0002-3251-233X,105012585627
57765460200,Straus G.,0000-0002-2741-3038,105009530392
57765670800,Bendel Y.,,85177196589
57765971600,Popp R.,,85132859647
57766341800,Hedgecock K.,0000-0002-8667-7439,105039309580
57766405400,Baykiz T.,,85132859647
57766475000,Schöne J.,,85207105648
57766558200,Kanagavel R.,,105001939816
57768603600,Wang Y.,,85196318984
57770223700,Ji Q.,,105022671085
57771222100,Parbutt C.,,85216715166
57771426300,Buxton J.,,85216715166
57771475300,Raine E.,,85216715166
57771908800,Burger M.N.,,85133130655
57772105300,Borges Martins da Silva M.,,85137439180
57773200100,Smith G.,0000-0003-4796-9735,105019559926
57776185300,Wang Y.,,85168797345
57776340600,Arauz A.B.,,85133243152
57776757000,Liu T.,,105027115552
57777074600,Liang Q.,,85159765720
57778515600,Bird C.C.,0000-0003-0635-7417,105006891387
57778565300,Shim H.,0000-0001-5490-0897,105045226936
57778841200,Bendelow A.,,85161644693
57779161200,Burgstaller L.,,85145815131
57780181100,Hibler S.,,105043571100
57780957700,Vogel V.,,85077722204
57780986300,Walters L.,0000-0002-8309-8298,105011302164
57783354500,Stroud A.M.,,105027109177
57785728100,Dobbie E.,0000-0002-5763-6531,85171793730
57786712300,Lee Y.,0000-0002-1585-7651,85133558158
57787057200,Xiao T.,,85169005342
57787139700,Tsiakiri L.,0000-0002-5768-1770,105045104833
57788029200,Merges E.,,85133648538
57788798400,Gunasekaran S.,,105011346615
57789775800,Chen Q.,,85146457528
57793829100,Justus B.,,85177884674
57794227500,Singh J.,0000-0002-7395-5989,85107297086
57794298300,Nyambok L.O.,,85133872249
57794947300,Pan S.,,105012427089
57795114600,Dukes K.,,85133909738
57795114700,Templeton D.,,105029714976
57795137100,Kapousouz E.,,105042563243
57795190300,Tran H.A.,,85116474088
57795817500,Akin T.,,85133928868
57796103200,Cook Lee M.,,105039801225
57796241200,Greco D.,0009-0003-8646-1261,85197168395
57796556700,Lim S.,,105029975832
57796609100,Virudachalam V.,0000-0001-9833-0451,105002181459
57798111500,Klaes R.M.,,105003189389
57798171200,Yu J.,0000-0002-3361-8814,85181240716
57798249100,Reddehase J.,,85134061868
57798334800,Dorel L.,,85164465839
57799806800,Greene J.,,85134493142
57800266600,Leone L.P.,,85159331946
57802331700,Shelton A.J.,,85134190759
57803031400,Burrola A.,,85134190759
57806798800,Dylong P.,,105046337831
57807130300,Duan C.,0000-0002-0355-4928,85217415883
57807679300,Li W.,,105036254738
57807767100,Kalaitzandonakes M.,,85214569578
57808962600,Zhou A.,,85174687665
57809245200,Alexander K.,,85174687665
57809966200,Shaffer S.A.,0000-0001-8444-0633,85041688594
57810029600,Ripamonti J.P.,,85200799612
57810468900,Ford S.S.,,85134480118
57810814600,Herec J.,,85134542974
57811029600,Brahmi K.,,85134542974
57811031000,Smelik M.,,85134542974
57811155800,Sheremet E.,0000-0003-3543-5488,105003542243
57811456900,Vondracek D.,,85134542974
57811458100,Dobesova O.,,85134542974
57811460300,Whitesell C.,,105038081609
57811667000,Sykora J.,,85134542974
57812264600,Gonzalez T.,,85134627225
57812664100,Hemesath S.,0000-0002-6076-6767,105001713540
57814024500,Lu X.,,85203401483
57815196000,Chen Z.,0009-0007-0916-7033,105041026145
57815926100,Turner K.,,85136235966
57816028100,Green-Riley N.,0000-0002-8444-608X,85126998050
57816237400,Patterson A.L.,0000-0001-5108-4986,105001797449
57816458400,Luo J.,0000-0003-0875-3413,85209882746
57816499800,Fu Z.,,85126998050
57816525400,Clark D.,,85134747070
57816977300,Chassé P.,0000-0002-3035-6206,105039334969
57817711100,Klaperski-van der Wal S.,0000-0001-6036-8278,105015486719
57818042800,Shin W.,0000-0001-6347-9897,85189476949
57818384700,de la Cruz Estrada R.,,85134855121
57818593900,Perez Sarmiento K.,,105011302164
57818623500,Alford T.,0000-0003-1942-1334,85205480864
57820905100,Vitro C.,,105027475051
57821277400,Gabriel Løvlie A.,,85144410669
57821358700,Telecan M.I.,,85135020854
57821794700,Piggott D.,,85152015624
57822280200,Shin J.Y.,,85186842180
57822439600,Ruzzi V.,0000-0003-4301-7817,85204941273
57822460900,Fölsch M.,,85184208831
57822922000,Sheng Z.,,85159765720
57824110500,Tan R.,,85210451525
57824134800,Ahmed F.Z.,,105046416933
57824555000,Montefiore T.,,85193542747
57825315300,Sampathkumar S.,0000-0001-6820-9183,85135203212
57825918800,Li N.,,85200155070
57826085200,Winkler J.R.,,105024008227
57827520500,Welz R.,,85174147319
57827739700,Thor N.,,105015890074
57828291900,Falcon D.,,85150751341
57828760800,Lan H.,,105009831682
57828858100,Shah P.,0000-0002-3554-4601,105041055052
57828922300,Kim E.,,85097547967
57830854900,Kopecký R.,,85130542253
57833756400,Teng J.H.,,85175019217
57833773800,Shin Y.,0000-0003-2004-4652,85135551995
57834202800,Sotirakopoulos P.,0000-0001-7821-2845,85218291467
57835574600,Zhang A.L.,0000-0002-6837-9833,105029175499
57835875700,Sun X.,,105010585341
57835884700,Cen J.,,85176725704
57836617100,Radojevic M.,,85197174999
57837055000,Ratay C.,0000-0003-3566-7932,85135700789
57837659500,Nguyen C.C.,,85072785916
57840029600,Zhang Y.,,105043939143
57841044700,Ashton H.B.,0000-0002-7823-2544,105009625922
57841912900,DiGia B.,0000-0003-4700-428X,85205480864
57843424000,Wagner E.M.,,85135957327
57843614200,Wang M.,,105009831682
57843935100,Cho J.J.,,85135957327
57844182600,Mineo A.,,85141388410
57844449100,Frater H.K.,,85135957327
57844707400,Christie K.E.,,85135957327
57844707500,Jun C.,,85135957327
57844707600,Paul T.C.,,85135957327
57844743400,Thakkar S.,,105040569258
57844914800,SantaMaria K.,,105028557767
57844967000,Bhalla N.,,85135957327
57845218300,Barales-Lopez M.,,85135957327
57845679700,Jia X.,0000-0003-1593-2399,85163856242
57845800100,Abdullah T.,,85102956801
57846539700,Manti S.,,85166440803
57846606300,Lee K.S.,,85193691064
57846948800,Chen Y.,,105016790277
57847100500,Thomas D.M.,,105014421524
57847277500,Kluegel E.,,85136089056
57847737100,Burleson J.,0000-0001-7494-7254,85136089056
57847764300,Boyd T.L.,,105034176568
57847857100,Li H.,,105010717715
57848186000,Rath S.,,85136089056
57848410000,Orton P.Z.,,85136089056
57848638600,Bhaktaram A.,0000-0001-6598-7078,85136089056
57848914300,Ekholm K.,,85136121977
57851167900,Yang H.J.,,105004836179
57851472700,Hawks K.,0000-0003-2718-5503,85152255039
57852307100,Pañeda-Fernández I.,0000-0002-8937-1996,105034065017
57853275100,Suh Y.J.,0000-0003-1224-8524,85200045450
57853618400,Oden A.,,85153076638
57854626100,Gazdag B.A.,0000-0003-0701-0423,85165291254
57855977900,Lin L.T.,0000-0001-5465-8973,85205480864
57856506200,Demirović M.,0000-0002-1949-9783,85136531185
57856566100,Ju C.,,85189433753
57857581100,Green J.,0000-0001-8144-003X,85209904852
57857933500,Castillo S.E.,0000-0001-8405-5540,85136603563
57858294800,Wang A.N.Y.,0000-0002-5715-8082,85136603563
57859011800,Nohagi Y.,0000-0002-4882-9964,85136603563
57859732900,Saldarriaga M.,,85136603563
57860249400,Fumagalli E.,,85121983939
57860620700,Kyeong K.,0000-0001-6984-2327,105040935202
57860631300,Xu H.,,105034131928
57860781400,Schmidt C.M.,,85136664319
57861423000,Wang R.,0000-0001-6535-1694,85204155636
57861954300,Gupta P.,,85176297138
57865983100,Stan A.,,85136958459
57867611100,Cates A.,0000-0002-1021-5553,85202906321
57867853500,Roberts J.,0000-0003-2318-3623,85112397472
57868274400,Wilkes H.,,85216715166
57868575300,Tian G.,,85139085257
57868990100,Yao M.,0000-0002-7691-3688,85209226533
57870413300,Gazmararian A.F.,0000-0003-4179-3396,85200107511
57870635400,Guo L.,,85209084157
57871392100,Hannah M.,,105002781025
57872341200,Sheng X.,,85137176216
57874289200,Li Z.,,105034929617
57874471000,Eßer J.,0009-0000-8988-1614,105010923291
57876138100,Gurumoorthy K.,,85073744022
57878506200,Zhao C.,0000-0002-1646-1421,85162651744
57879512600,Laterzo I.,,85153098541
57879877000,Korte L.,0000-0002-1515-6441,85137603265
57880285700,Song D.,,85205878037
57882336400,Yang S.Y.,0009-0005-8566-5996,105008219912
57883336900,Li Y.,,105000556257
57883804900,Kim J.C.,,85106500637
57884734500,Heusler A.,0000-0002-2339-9312,85168663423
57884940100,Hofer K.,0000-0002-2182-9059,105002968773
57885450200,Preuss M.,0000-0001-8548-3803,85189667910
57886416800,Schlicht J.,0000-0002-2165-5255,105028017881
57887818600,Zhang H.,,105027141769
57887982300,Ma X.,0000-0002-7167-4470,105038016358
57889833300,Dibaj I.S.,,85207896883
57890025000,Liu Q.,0000-0001-7219-624X,85162651744
57891366200,Li S.,0000-0002-0331-9987,105020034107
57891683000,Du J.,,85177645427
57891715100,Hoogland K.,0000-0001-5791-0767,105034613839
57892271800,Hai Z.,,85138127882
57893206800,Zhao H.,,105018916730
57894395300,Karimi K.,,85138243255
57894416100,Friebe K.,,105031763418
57894716900,Güler S.,0000-0002-8691-8490,105040604191
57894872800,Suter M.,,105037763094
57894955500,Jambrina-Canseco B.,0000-0003-1929-6297,85159946436
57895366500,Flörchinger D.,0000-0002-3030-1168,105010923291
57895471300,Muszyński M.,0000-0002-9306-1237,105030970664
57895662100,Brundu-Gonzalez B.,,85159946436
57895896000,Carr J.,,85159946436
57895940000,Kubo Y.,,85146186207
57896185200,Rettenegger G.,,85205860493
57896296900,Barman J.D.,,85180193309
57896663400,Almanaa M.,0000-0002-3092-4795,105041448429
57897025500,Hewitt C.,,85138320659
57897243000,Hutchinson A.,,85164317319
57897492100,McNealey R.L.,0000-0002-9469-9259,105023988955
57897551500,Li B.,0000-0002-5536-3904,85212113682
57897983200,Maki J.,,85138320659
57898009800,Ben Sasson-Gordis A.,0000-0002-7011-6047,85163634081
57898204400,Ghassim F.,0000-0002-6821-6516,85219746564
57898908600,Hauptman A.I.,0000-0001-7785-5996,85138454781
57899410800,Dobbs M.,,105040270058
57899572000,Bjørkheim S.,,85142918608
57900992200,Power E.L.,0000-0003-0093-7576,85138512371
57901370400,Fu R.,0000-0002-0367-5762,105036236780
57902711100,Mesquita R.,,85138630086
57903916500,Shukla I.,,85138686700
57904121900,Tariq S.,,85138686700
57904288100,Koenig R.,,105005845952
57904288200,Lee-Whiting B.,,105033577491
57904535400,Mateti N.,,85138686700
57904933500,Mangla A.,,85138686700
57904959200,Balezina M.,0000-0003-3253-7868,105031163216
57905085700,Hunter A.,,85190154740
57908577600,Xiao J.,,85138973084
57909084500,Wang C.,,85102920764
57909200800,Xian J.,,85138973084
57909409900,Li S.,,85138973084
57909833100,Zou S.,,85138973084
57911689200,Kaaua D.,0000-0002-2463-3422,105002181459
57911972100,Kim B.,,105004836179
57912021700,Wang Y.,,85139056396
57912465900,Hoffman R.K.,0000-0002-5469-4357,85209634086
57912637300,Landon L.,,85139097542
57913843400,Nicholson D.A.,0000-0002-1867-8165,85183718228
57914202800,Thomas J.P.,0000-0002-5939-5559,105047609821
57914333000,Ma B.,,85139179837
57914580300,Chen H.,,105033932866
57914929300,Thai M.L.,0000-0001-7390-8907,105029745786
57915601500,Anderson K.B.,,85139179837
57916142500,Aziz N.I.A.,,85138620395
57916452300,Yu W.,,85205472829
57917555700,Wang C.W.,,85163570406
57918252700,Seungeun Lee C.,,85139395489
57918651400,Han Y.,,85217042951
57919110500,Ollroge R.,0000-0002-9176-852X,85139449216
57919229900,Hoogendoorn P.,,85200376186
57919405700,Yang C.,,105017927876
57919674100,Marrero Galván J.J.,0000-0002-7563-0387,85139456027
57919856600,Hall M.,,85146152959
57920205800,Zhang M.,,85177174857
57923125700,Van Loon V.,0009-0008-6509-9642,105048726829
57923983700,Jansen E.,,85145848726
57924813800,Welsh B.,0000-0001-7909-3710,105041674574
57925001100,Cho Y.,0000-0001-7696-6870,105032222566
57925103900,Elia E.,0000-0002-5629-6694,85196106633
57925501900,Evans J.,,105023428295
57926109300,Taylor S.,,105023428295
57926566700,Corbitt K.,,105018964611
57926604600,Tang Y.,0000-0003-3820-0529,105036236780
57926709000,Paolini D.,,85108453160
57927260200,Botansky C.,,85139820931
57927947200,Moore M.E.,,85139817255
57928263800,Smith K.E.,,85139817255
57930175800,Philipps G.,0000-0002-5169-5581,85139930352
57930242000,Money V.,0000-0001-6411-1912,85146162420
57930378400,Castellón-Flores A.M.,,85214999919
57930971200,Harper S.,,85160288958
57931558200,Otmani I.,0000-0001-8463-944X,85144266639
57931597200,Wirth O.,,85140091650
57932436500,Schüler R.,,85140091650
57932837100,Meier-Barthold M.,0000-0002-6617-3436,85140124490
57934215300,Landers M.,,105036812815
57934400900,Mi M.,,85140221275
57936258500,Xue S.,,105025676142
57936603400,Bilgen E.,0000-0001-8060-9403,85163138549
57936675700,Wu Z.,,85197234082
57937775200,Adair J.,0009-0002-6311-9669,86000773623
57938008200,Liu G.,0000-0002-7309-9801,85202847143
57940652300,Davidson R.,,85178369184
57941235300,Stephens E.,,85218704342
57941525500,Ruggles P.R.,,105038081609
57942079500,Ruprecht S.,,85208312073
57942130700,Patel K.,,105001014007
57943295300,Cardelli A.,,85140740474
57943713200,Ellis D.M.,0000-0002-9888-1613,85159361979
57944935700,Azizi N.,0009-0002-0955-6817,105008516999
57945021600,Zhou L.,0009-0000-3333-5198,105025952681
57945250200,Evans M.,,85140804832
57946263200,Jeong M.J.,,85186842180
57946605700,Sgambati T.J.,0000-0002-2201-6287,105003982095
57947414800,Khan S.,0000-0001-5023-2211,85164317319
57948135000,Bristol M.,,105019784086
57948514900,Harris B.N.,0000-0002-1895-1205,85208237881
57949204900,Wilson N.E.,0000-0003-1930-156X,85169622619
57949423000,Spaulding I.G.,0000-0002-4388-4358,85147676432
57949684700,Forke A.,,85141967460
57949935900,Kidd L.,,85203560291
57950313100,Öztürk S.,0000-0002-8227-6486,85210586425
57950475800,Means K.K.,,85213974010
57950595700,Fuerte-Celis M.d.P.,,85186582611
57950698400,Yu H.,0000-0002-5276-2694,105033283378
57950945300,Bernaerts K.,0000-0002-3380-6639,105039303335
57951245100,Stocker S.,0000-0001-5069-8898,105017678126
57952240700,Çakin B.,0000-0003-2859-4317,105029224931
57952558700,McLaughlin P.,0000-0001-8837-4151,105021982298
57952620000,Liu J.,,85141148067
57952666900,Bua R.T.,0000-0003-3264-5228,85205480864
57953594400,Almoujahed M.B.,0000-0003-4950-4907,85199271305
57955146900,Wan J.,,85206265091
57955267000,Sung Y.H.,,85106953302
57955276300,Chen Z.,0000-0002-6600-8246,85201965456
57955364300,Zheng G.,,85204870231
57955743100,Østergaard-Nielsen M.R.,,105001800506
57955744700,Hansen P.,0000-0002-0563-4622,105019779764
57956040500,Li W.,,85204870231
57956366100,Miller R.,,85141383184
57956529200,Wang C.,0000-0001-8620-0465,105001364606
57956546000,Yang G.,0000-0002-9327-6473,105002150736
57956919000,Ventura I.M.,,105027959279
57956945400,White J.,,85141446198
57957941500,Armstrong S.B.,,105002062900
57958772300,Troncoso S.C.,0000-0002-5560-8537,85189804981
57959044300,Streefkerk M.,,85141599338
57959257000,Ilic G.,,85141599338
57959877600,Wang H.,,105049123942
57960134700,Post S.M.,0000-0001-6972-2077,85209634086
57960314900,Ishaq M.,,85147863898
57962418800,Vang M.,,85182501125
57963789600,Hedberg Rundgren E.,,85219714734
57966248900,Clark S.,,105009167724
57966508500,Zuo S.,,85141942519
57966888500,Esposito G.,,85175019217
57967195400,Song Y.,,85141942519
57967720600,Hawa S.,,105048022930
57968270900,Eddy C.,,85106953302
57968422300,Case C.,,85106953302
57969051300,Kajaria S.,,85142163686
57969334700,MacRae S.,,85142121999
57970221800,Sharma S.,,85142163686
57971592300,Lingier L.,,105048098704
57971622800,Jiwen Song L.,,85181199215
57971828400,Priestley S.L.,,105034639396
57972097400,Prochaska S.,,105044732211
57972194500,Dictado J.,,85142294859
57973351600,Aspide A.,0000-0001-6013-7445,105007037068
57973589000,Ramos M.,,85142351115
57973728200,Kettering K.,,85142351115
57973784500,Bailey D.D.,,85207105648
57979215100,Menzies R.E.,0000-0001-6905-4873,85172711334
57979374800,Choque Pomasunco C.,,105043186224
57979378900,Platzman P.B.,0000-0002-8004-1608,105004003981
57980665600,Vanderwilden E.,0000-0002-1109-0211,105039068556
57981686000,Stoetzer L.S.,,85203270378
57981764900,Gao S.,0000-0001-9234-8730,85142654046
57983476100,Zeid N.,,85189945910
57983684500,Xie T.,0000-0002-9154-2344,85142720865
57983761100,Ryczko K.,0000-0002-9673-2489,85142689311
57983970200,Lawrence S.,0000-0002-5605-808X,105008516999
57984454500,Ji J.,,85142840859
57985218800,Simon D.M.,,105037801441
57985281900,Shang P.,,105008544976
57985304000,Yang Y.,,105047482808
57986548100,Galdikiene L.,0000-0003-4758-8588,105045762586
57987149700,Belguise M.,,85219058083
57989729300,Wei Y.,,85143148699
57991104400,Liu R.,0000-0001-5394-5735,105004428157
57991390400,Deluna M.D.,,85163106194
57992552600,Kumar S.,,85121247684
57992798400,Sun Y.,,85143317308
57994513200,Dong W.C.,0000-0003-3967-9973,85152952391
57994773100,Tavernier N.,0000-0003-1054-2658,85150740465
57994801600,Utzinger C.,0009-0008-7166-4150,105014436444
57998124600,Kalra A.,,105046637828
57998308700,Ruan Y.,,85112273577
57998518500,Frese J.,0000-0002-5871-997X,105018018259
57998988700,Schuetz J.,0000-0002-1989-5284,105027187014
57999866600,Baginski R.,,85174635863
57999993500,Mcgraw J.,,85153601069
58000309000,Wunderlich P.,0000-0002-6707-3672,85143686046
58000339900,le Maitre J.,0000-0002-0637-8755,85179030098
58000389400,Chang C.Y.,,105006508993
58000599200,Kucznerowicz M.,,85143767481
58000668500,He P.,,105034131928
58000714200,Putri P.,0000-0001-7170-3123,105008650143
58001132300,Duan W.,0000-0002-2541-888X,85209388004
58001544800,Chapman K.,0000-0002-0763-0318,105019559926
58002031200,Lima B.P.B.,0000-0003-2373-4675,105028886612
58003025800,Sun C.,,105002830599
58003069900,Zhou H.,,105014025979
58003452400,Kühn J.,,85206806529
58003480500,Kovács R.,0000-0003-3110-4462,105008804549
58005998000,Evans M.,0000-0001-9318-3202,105018626903
58009978700,Baker M.,,85143980366
58010449700,Ehler I.,,85122484381
58017039200,Jäger J.,,85175572874
58017404200,Zhu H.,,105042652934
58017658500,Tang R.,0009-0009-9913-9603,85217191578
58017789800,Cepeda-Francese C.A.,,86000376067
58018241900,Olvermann M.,0000-0001-7063-930X,85183969982
58018462700,Lermann Henestrosa A.,0000-0002-0733-9045,85144015476
58018944200,Snow D.,0000-0003-3202-5950,85189069841
58019411000,Bailey A.,,105007674600
58019683200,Zhai H.,0000-0002-8220-2006,105023068855
58020495900,Philipp M.F.,0000-0001-7932-8444,105025907352
58020949800,Wardhani I.S.,,105008650143
58021210500,Thomas A.,,85153476930
58021210600,Banerjee A.,,85153476930
58021865800,Templeton D.,0000-0003-0217-2888,105016856427
58021871200,Heiser N.H.,,85185348778
58022077400,Lee S.,0000-0002-3645-9281,85180745081
58022859000,Gibson A.M.,0000-0003-3760-3625,85213277637
58023361300,Bowen T.,,85135858880
58023583200,Madarasmi S.,,85147676432
58023802000,Stewart R.,,84871799032
58024270300,Peng N.,0000-0002-9492-7418,105048961606
58024935900,Krank L.,,85144354792
58025969900,Acciaris F.,,85173537733
58026012300,Ramos V.J.,0000-0002-9709-4183,105015194773
58026248600,Na Y.,,85202216236
58027461600,Park J.H.,,85186842180
58028023300,Yang B.,,105022182819
58028841000,Leadabrand M.,,85144636953
58029169100,Sundquist D.,0000-0001-6428-6835,105038469790
58029297000,Chen K.,0000-0003-3816-0571,85208133062
58029682600,Vizcaíno-Cuenca R.,0000-0002-5612-9829,105043848725
58029729600,Voronin Y.,0000-0003-2630-5868,105015191644
58029843100,Zamana F.,0000-0003-4883-5392,105038469790
58029984600,Mazzucchelli O.,,105027704556
58030464800,Rottmann M.,,85144761803
58030662700,Skinner I.W.,0000-0003-2391-4377,105009490011
58031642900,Bortolotti N.,,85166440803
58032168500,Camargo J.,,85145199719
58032300700,Frohnweiler S.,0000-0002-6172-1165,85197471530
58032374500,Nguy J.,,85188551584
58032449200,Merrolla J.,,85144850871
58033995400,Gschwendt C.,0000-0001-9281-421X,105004310614
58034074000,Robertson C.,,85188551584
58035609700,Bettens T.,0000-0003-3513-4212,85145051048
58036341800,Ertle E.M.,,105037801441
58036649900,George J.,,85165518545
58036999300,Guenther L.,,85145200849
58037870100,Han J.,,85145274613
58038091400,Jorgensen S.,,85191099827
58038492300,Mueller N.,,85175874237
58039068400,Ma H.,,85145391830
58039961300,Rędzio A.M.,0000-0002-0438-2216,105017399593
58040381000,Rettig L.,0000-0003-1073-6022,85164024846
58041488400,Erenel A.,0000-0003-1269-0435,85145505915
58043748700,Walder M.,,105022797782
58043876500,Guldemond P.C.,,105025552547
58044370700,Vargiu C.,,105021306101
58044536500,Sypes C.,0000-0002-2669-830X,105028007964
58044684100,Giorgini R.,,85218185895
58045409300,Manning K.,,85145825392
58046703400,Coma A.,0000-0002-9962-1610,85192536702
58054671200,Perry A.H.,0000-0002-4680-0789,85125852749
58055981700,Kelley K.,,105046308236
58059605400,Cheng-Matsuno V.,0000-0003-2625-1812,85179334653
58059901700,Cvetkovic A.,0000-0002-9555-6241,85194493858
58059906300,Schmodde L.,0000-0001-9242-6110,85146067847
58061410600,Räsänen M.,,85146124386
58061677500,Bitterman A.,0009-0004-8352-6936,105043329814
58065070600,Goldfien M.A.,,85135858880
58065804900,Wegschaider K.,0000-0001-8121-4999,105013209673
58066106500,Guo D.,0000-0002-1504-8029,105022779897
58066446200,Shen J.J.,,85146354731
58067161400,Davies L.E.,0000-0002-6162-6862,85187439070
58067950900,Mahlatsi P.,,105034430104
58068327900,Schwertberger U.,,85204450345
58069423200,Charm T.,0000-0003-4204-3212,85206671323
58070040400,Sun C.,,105006703197
58071323000,Wijaya C.N.,,85146522826
58072294200,Zhang J.,,85193775433
58072515300,Xie L.,,85132785512
58072940400,Tosteson H.A.,0000-0003-3223-6221,105001546538
58072964300,Goldstein J.A.,0000-0003-2820-2977,85185948624
58072965100,Michel P.,,85146553043
58073708100,Hoeppe A.,,105045922287
58074228400,Yazdchi M.,,85146710012
58074228500,Ebrahimi Dastgerdi M.,,85146710012
58074230100,Apers S.,0000-0001-5029-9950,105017959757
58074335300,Ge X.,,105038896554
58074498500,Mohebinia H.,,85146710012
58074712400,van't Hoff-de Goede M.S.,,85218902031
58074769900,Zojaji Nejad Z.S.,,85146710012
58075153000,Pasin G.L.,,105040981743
58076311800,Chen C.,0000-0003-2173-951X,105029773920
58076327300,Uduebor A.,,85146803918
58077144800,Atawodi O.,,85146803918
58077428600,Wu S.Q.,,85146810429
58077708800,de Assis J.R.,,85146803918
58079111400,Stöhr V.,0000-0001-8245-517X,85216843038
58079238800,Yang P.,0000-0001-7555-4807,105004857580
58080301800,Lee J.,,85177568334
58081466200,Laflamme L.,,85192182755
58081958300,Su Y.,,85189650974
58081988700,Kim S.K.,,85147008573
58082101600,He S.,,85161446266
58082274100,Perkins S.,,85146975274
58082445700,Burke E.,,105037028749
58083588100,Huynh T.,,85181045845
58083740600,Fried M.,0000-0002-2022-4250,85147115973
58084079200,Déry A.,0009-0009-8630-8957,105043313228
58085307100,Liu M.,,85147155722
58085361400,Henriks S.,,85190271257
58085499700,Grünzner M.,0000-0001-8191-2121,105005171818
58086828800,Liu Z.,0000-0002-0758-4972,105042652934
58087820700,Virtue I.,,85153601069
58088669200,McDonough C.,,85147294804
58092986900,Pijlman V.,,105037072939
58093195500,Lam J.Y.,0000-0001-5167-3799,105007630445
58093323700,Olvera J.G.,,85197309686
58093424700,Baldwin G.,,85217150344
58094171700,Sui Y.,0000-0002-9335-5278,105038713927
58094213600,Wright E.L.,,85183718228
58094319900,Chen E.Y.,0000-0002-8930-0661,105045022239
58094525100,Meir N.,,105002055970
58095167800,Dunham R.L.,0000-0001-6479-3386,105034183699
58095427300,Mathew K.E.,,85147676432
58095581500,Abdel-Nabi H.B.,,85147676432
58095737400,Gany S.Y.,,85147676432
58096031500,Pius L.K.,,85147676432
58096291200,Vincent T.,,85147657747
58097850300,Kato K.,,85074615140
58097903800,Simixhiu A.,,85215092807
58098065100,Tejada J.,,85218185895
58098705400,Gonçalves C.P.,,85216074817
58100662300,Fan Q.,,105043584583
58101017100,Cheng S.,,105043584583
58101045200,Do H.L.,0000-0001-5106-5398,105013837407
58102166700,Gomm S.,,105037769935
58102339700,Ng S.T.,,85209903741
58102707200,Seki M.,,105001826297
58103743600,Rivera Olsson S.,,85148053264
58103939600,Meschino K.J.,,85209585301
58104516900,Chan E.K.F.,,105048151590
58107593500,Wang Z.,,85208231952
58107671700,Ansari K.,0000-0001-5721-3777,105047913638
58107702100,Norte M.,,85148353191
58107708600,Jiang F.,0000-0001-9195-7366,85198618562
58107932200,Cigolini G.,,85148381224
58107961400,Nichols B.J.,0000-0003-1117-1107,85148380190
58108044800,Petrucci E.,,85148381224
58109274300,Britt A.,,85148476743
58109772500,Smilan-Goldstein R.,0000-0002-9723-8431,105023506108
58109885700,Nwadike D.,,85148476743
58109922900,Mehić-Parker J.,0000-0002-3154-8525,85148413392
58110654500,Kang S.,,105040917988
58110700400,Walczok M.,0000-0001-7858-2395,85204431970
58110846700,Marolla F.,0000-0001-6561-1329,105026784130
58111760600,Morshed M.,0000-0002-3214-8881,85205480864
58112115500,He S.,,85148613984
58112116600,Siegel I.E.,,85148610405
58112407200,Eicher R.,0000-0001-9721-4598,105021247994
58112533500,Chen Y.,0009-0009-6994-5145,105035077435
58114341200,Henkel T.,0000-0001-9221-6586,105016381894
58116546600,Cannas S.,,105039704710
58117199100,Zhang X.L.,,105048624001
58117719100,May L.,0000-0002-1170-6434,85148862127
58118070400,Wang Z.,,105002322896
58119942300,Subramanian V.,,105040752083
58123148900,Stark G.,0000-0002-4740-8711,105027548046
58125805800,Zhou J.,,85186546014
58125902500,Chen S.,,85149330476
58126022700,Qu X.,,105037838550
58126659600,Lendway P.,0000-0002-5899-5974,105043765586
58126659700,Nuri A.,,85149321800
58126682500,Ottone N.,,105000115090
58127148800,Bee A.W.T.,,85168797345
58129184600,Molina B.S.G.,,84991260524
58130552700,Sirlin N.,,85130585909
58130988400,Thäsler-Kordonouri S.,0000-0003-3455-9315,85204450345
58134165000,Gennara A.,,85149638072
58135625400,Bjørnset M.,,85149806184
58135742300,Chen Q.,,105005796131
58135954700,Lin L.,,105005796131
58139951600,Li G.,,85149942249
58139987300,Wang Y.,,105022715654
58140167800,Ng Z.Z.,,85149942249
58140647000,Bai N.,,105024099182
58140829200,Müller D.,,85189667910
58142664800,Breaugh J.,0000-0002-9392-1698,85127986555
58142903300,Kasper M.,,84924089831
58143072300,Damann T.J.,0000-0002-8217-9475,85170273292
58143405000,Lui E.,,85150171480
58143923300,Pei H.,,105005796131
58144873000,Wang G.Y.,,85115770181
58147955400,Duong H.T.,0000-0001-8742-1040,85202691285
58148023400,Park S.Y.,,85049610413
58149236900,Lichtin F.,0000-0002-6447-6556,85203879255
58149502800,Freitag J.,,85150526821
58149675400,Gochee M.,,85150526821
58149757200,Ransden M.,,85150526821
58149994300,Mermet-Bijon V.,,85150491332
58150021100,Oertel J.,,85150530880
58150103600,Burckley J.,0000-0001-9994-6557,105033505688
58151681300,Wade R.B.,0000-0002-5966-0121,85208225211
58151870600,Bennett S.A.,0000-0001-8981-1237,85150665456
58151905500,Sykes R.B.,0000-0001-7139-9336,85150665456
58152667800,Potter N.,,85165700640
58153928300,Biswas K.,0000-0001-9114-3418,105025353191
58153929400,Osaki T.,,105040392932
58154115600,Durand De La O O.K.,,105043186224
58154225000,Prochazka A.,,85191982153
58155112600,Wang Y.,0000-0002-5177-7907,85179886377
58155141300,Cruz M.P.,,85150751341
58155253100,Sun K.,,85160564112
58155618200,O'Brien F.,,85150751341
58155856000,Patterson D.P.,,85150751341
58156099100,Bailey G.,,85150850602
58156615300,Zárate M.G.,,105016575216
58156669300,Berretta L.M.,,85173537733
58157173100,Räsänen P.,,85175722199
58157385800,Risse T.,0000-0002-5389-3274,105034804545
58157584700,Pinto G.,,105019082068
58157718700,Cui Y.,0000-0003-4177-2050,105040569258
58157810900,Shang J.,,85175186112
58158236700,Sirohi A.,,85202691285
58158367700,Butler M.,,85217150344
58158463900,Liu J.,,105006703197
58161524800,Keeling S.,0000-0003-4659-9373,85167424878
58163245400,Morabito M.F.,,105041563414
58164201200,Godasiaei S.H.,,105045131757
58167020500,Pan X.,,105028851342
58169347600,Terzo M.,,85188731129
58169483400,Mathisen R.B.,0000-0002-8536-5644,105048795318
58170454300,Krishna Murthy S.B.,,105000619282
58171906000,Zhu N.,,105018177767
58173062000,Szewczyk N.,,85198099251
58173746000,McQuaid L.,,85151883587
58174174700,Nic Craith I.,,85151883587
58175744500,Mawenya R.,,85198669433
58176022000,Zammit T.,,85195659580
58176791800,Passlack N.,0000-0002-2784-7645,85210572395
58177437600,Yang C.X.,0000-0003-0368-8405,85202759465
58177756500,Bahrd P.,,85152165890
58179385200,Xu Q.,,85152244239
58179411700,Ma X.,,85152244239
58179418900,Mao S.,,85152244239
58179495100,Zion J.,,85152255039
58180108700,Bustos-Ortega M.,0000-0002-8809-5790,85200418138
58181241000,Hinckley K.,,85067962902
58181677100,Mahoney C.,,85152388888
58181736200,Sonna B.,,85218185895
58182307300,Cubbon D.N.,,85152410500
58183241400,Li H.,,85152404385
58183477600,Costa Barros L.,,85131506855
58183943200,Chang S.E.,,105008219912
58184196800,Hoellerbauer S.,0000-0003-2245-2801,85152572821
58188820300,Hu J.M.,0000-0001-9571-9947,105045805791
58189677600,Lancee B.,,105037094331
58189792200,Jikiun S.P.,,85152956814
58189831300,Bluman M.,0000-0001-7087-2566,85152970538
58189847600,Cohen A.,,85152970538
58189993400,Kohl A.T.,,85187881933
58190237000,Maier M.,0000-0002-4877-019X,105046378266
58190237100,Stolz N.,,85153072511
58192753500,Yu H.,0000-0002-6324-071X,85153274666
58195132400,Xu Y.,,85190408839
58195294800,Love T.,0000-0002-0744-614X,105025413428
58195319400,Blyler J.,0000-0001-9766-7212,105040087268
58197369000,Saldivia Gonzatti D.,0000-0001-7549-5384,105038172064
58198882200,Matthijsse S.R.,0000-0002-7325-0735,105043144351
58202036600,Hong W.,,105003296663
58203518200,Li H.,,85153952957
58205324300,Atia R.,0000-0003-1873-315X,85216673070
58209438800,Mayer B.,,85154575564
58209602200,Mierisch F.,,85207962265
58209812500,Allen M.,0000-0001-6467-6761,105002267089
58210101900,Mitkov Z.,0000-0002-7718-8633,105002967180
58221250200,Palomo Lario C.,,105029943143
58221580500,Baricovich A.M.,0009-0009-2906-9945,85196507865
58223028200,Broussard J.,,85156261644
58223028300,Flores M.,,85156261644
58223192100,Caetano A.C.,0000-0003-0254-8072,85156219887
58234757600,Olsen A.,,85196834368
58235474100,Donahue B.,,105001145818
58235886200,Li X.F.,,85165181896
58236387500,de Dunilac S.d.B.,,85182689722
58236413000,Morgenstern S.,,85216251363
58237085100,Lew R.A.,0009-0009-0489-8720,85205480864
58237138600,Kim E.,,85158154615
58237211700,Walker B.,0000-0001-9071-7790,85195682473
58237326900,Takei M.,0000-0003-3570-166X,105031390965
58237763600,Janković J.,,85158099674
58238109600,Hirose K.,0000-0001-5109-7154,105012597345
58238253300,Tulić N.,,85158099674
58241794500,Zhu Y.,0000-0002-5231-6600,85189945910
58241960400,Wang Y.,,85212274402
58242143600,Scapin G.,,85213223088
58242145600,Loi C.,0000-0002-3694-5837,85213223088
58242257900,Freitag R.M.K.,,85218185895
58242273800,Pan Y.,0000-0002-6398-7899,85171192329
58242402800,Westney Z.V.,,85158874278
58242442600,Arias-Sarah P.,0000-0002-4868-120X,85208081888
58242644100,Platts J.,,85158879102
58242937700,Shu Z.,,85171192329
58243591500,Hope K.,,85175716760
58244615300,Gerras R.G.,0009-0009-0876-9168,85205480864
58245419000,Williams A.,,105001066656
58245887000,Kosaka R.,,105001066656
58245912300,Shinomoto S.,0000-0002-8573-872X,105003924934
58246910100,Osmanovic I.,,105044537495
58247289900,Wield T.,,85159172944
58247812700,Barron N.T.,0000-0002-6583-7122,105019586030
58248547700,Rudas S.,,85159317671
58248819400,Worsdale A.,0000-0003-3187-7377,85164842899
58249094400,Goldberg L.A.,,105045223584
58249253100,Rakovics Z.,0000-0002-9903-9348,85159317671
58249483100,Wallis L.,,85159317671
58249792800,Aarslew L.F.,0000-0001-6082-0797,105033567027
58250947600,Mestechkin R.M.,0009-0002-2976-0364,85204511674
58254348500,Li Y.,,85159549247
58254775400,Zhu K.,,85159549247
58254861900,Ayub M.A.,,85183297972
58254885900,Shafi M.,,85150751341
58256073200,Afeaki F.,,85159549247
58256514300,Wen E.,,85159549247
58256942800,Yao J.,,85159549247
58258902200,Kwak D.,,85188749559
58260347000,Uribe L.,0000-0003-4687-4806,105047002160
58260401000,Phan N.,,85159589806
58263713200,Gao Y.,0000-0002-0586-8197,85215590876
58265153000,Xiao H.,,85159765720
58265512000,McCammon S.,,85159772013
58266056500,Kumar P.,,85141599338
58276541700,Jiang N.,,85088505317
58276788300,Ali H.,,105040963706
58280492200,Haas V.I.,0000-0001-7761-1975,85159817834
58281877400,Yang N.,0000-0002-0972-7287,105041054707
58283282500,Song J.Y.,,85159884167
58283490700,Maier N.A.,0000-0001-5097-9622,85211117717
58284413700,Lee C.E.,0000-0003-0319-5635,85197800364
58284479300,Erlbruch F.,,85159949655
58286382400,Quintana A.,,105019555033
58286787500,Horst A.,,85160045248
58289126700,Dominioni G.,0000-0002-3795-2617,105047006457
58289927800,Salvarani G.,0000-0003-0891-4459,105034154871
58290947800,Ivic S.,,84877691576
58292408900,Ahn C.,0000-0003-1390-5215,105019070377
58293746600,Jocol S.M.A.,,85134855121
58293746700,Ozaeta L.F.N.,,85134855121
58293869900,Sestini E.,0009-0002-9478-7790,105032706175
58293870000,Garbin F.,,105032706175
58294141300,Mendoza X.G.B.,,85134855121
58294186600,van Luttervelt M.P.,0000-0002-4092-8124,85192953389
58294522300,Gonzalez E.A.N.,,85134855121
58295081900,Griffiths J.D.,0000-0001-9043-0984,85189507592
58296181000,Kang S.,,85160596820
58297546300,Person A.I.,0000-0002-5898-3607,105016113585
58297959400,Parvanova I.,0000-0002-2774-4451,85209767804
58303531400,Baghumyan A.,0000-0001-7237-1474,105043197085
58304253400,Nie M.,,85161181234
58304660200,Janz J.,,85161181234
58304794600,"Heald, PhD G.",,85110292274
58304909300,Barthel A.D.T.,,85180731072
58306345800,Bjornlund T.,,85161296884
58306654600,Rivero A.,0000-0003-3822-9663,85188203344
58307537800,Onder I.B.,0000-0002-5712-8131,105020595804
58308223200,He Y.,,85161422844
58308432400,Gonzalez A.R.,0000-0002-7444-0741,85161424892
58308459700,Wong C.C.,,85190581947
58308627900,Kuhlemann J.,,105029943143
58308727700,Mankad D.,,85030317816
58308744200,Duncan C.,0000-0001-6288-8648,105024779795
58311221100,Zhang Z.,,85208955476
58311321600,Qi Z.,,85161700211
58311613700,Zhang W.,,85208955476
58311676300,Xue L.L.,,85161655914
58311898800,Kim C.,,85181803279
58312237400,Zhang W.,,85083499796
58314046500,Shi G.,,105048276284
58314191000,Mortenson C.,0000-0001-7180-8291,105030663299
58314593600,Bajka S.M.,0000-0003-3194-5915,105026027398
58314789400,Crosthwaite P.C.,,105049005827
58315193400,O’Dowd N.A.,,85214000427
58316573400,Cole R.,,85117921915
58316833700,Albarello A.,,105042482110
58317430000,Dias N.,,85127735283
58317651600,Gully A.,,85117921915
58318395800,Maara J.,,105022837511
58318706200,Arya P.,0000-0003-4622-3413,85162196114
58320856700,Heller B.H.,0000-0003-2093-8170,105046079026
58332726700,LeBlanc M.,,85101307768
58335612800,Braun B.,,85132667201
58335732200,Townsend C.H.,,85187926429
58335765500,Svith F.,,85184510849
58335918400,Awuni E.,0000-0001-7543-555X,105040035709
58336167600,Pilling M.,,85090614388
58336428800,Wang H.Y.,0000-0001-5779-9659,105019776513
58336504200,Laura Egelhofer J.,,85162699203
58337074800,McFall D.,,85162677133
58337234500,Donnelly M.J.,0000-0002-9571-799X,105044723576
58337901600,Sipahi E.D.,,85162724492
58339079900,Solano Cervantes T.,,85162677133
58339737300,García Rodríguez J.,,85162677133
58339737400,Lam K.,,85162677133
58343582000,Steadman S.,,105024846075
58344430000,Zhang L.,,105044619621
58345095700,Milo J.,,85162812505
58345713400,Yang Y.,,105044619621
58345748800,Baldini S.,,85162801724
58345773200,Griffin T.D.,0000-0001-5214-8507,85171265737
58346202300,Chi V.,,85078960506
58348226900,Novaro R.,0000-0002-6620-3754,85180178091
58348278900,Avina M.,,85192167628
58349018300,YoonSun C.,,84878439319
58349548600,Cao Y.,,105041122464
58350671700,Park J.W.,,105023068846
58350671800,Hsu H.Y.,,105031148893
58351308600,Henninger M.,0000-0002-6759-0389,85162976989
58351353000,Hunter A.,,105005845952
58352241600,Blitzer D.N.,,85048150153
58352580100,Tie L.,,85162941190
58352800200,Yoon H.,,85210032352
58353323500,Shi J.,,85202512213
58354118200,Fatemi S.M.,,85162952084
58354585300,Laugalis V.R.,0000-0003-1650-7183,105029103304
58355275000,Wu Y.J.,,105040402695
58355313700,Ginther K.,,85197442398
58359115900,Gardner R.C.,,85060051020
58359617400,Steller R.S.,,105046788253
58360240800,Nehlsen D.,,85163136162
58360876400,Reinhard B.,,85163136162
58362754000,Knutson J.,,85163136162
58362754100,Klug M.,,85163136162
58363938100,Shen L.,0000-0003-0160-2882,85212484938
58364016100,Wesner J.,,85163136162
58364016200,Beck G.,,85163136162
58368130400,Zhang X.,,85163163015
58369473000,Khemanitthathai S.,0000-0001-7600-6220,105045518046
58371179700,Smith J.C.,0000-0002-4909-8884,105024313826
58376639500,Ford R.,,85097599267
58379161400,Sarkar R.,,85091449340
58379282100,Moore S.J.L.,,85216715166
58386149200,Minor D.,,85092192812
58388793400,Zhou J.,0000-0002-5426-5093,85193775433
58391653600,Sun Y.,,105021640807
58393356000,Liu Y.,,85195550639
58394403200,Mutter A.,,105013236358
58395232700,Martin G.,,105009510585
58396703400,Wijaya Saputra A.,,105007002458
58398200200,Kim E.,0000-0002-3534-2671,105007699702
58398546300,Wang Y.,,85143148699
58398548800,Truong S.,,79954425112
58398685600,Wang Y.,,84955502797
58405421900,Jheng Y.L.,,105003884396
58407775000,Li Z.,,85075056558
58408861500,Webley-Brown H.,,105035726373
58410396800,Ehlinger B.,,85163693933
58411800600,D'urso A.S.,0000-0003-2608-3951,105017577596
58412706000,Zhao L.,,105006740391
58414237100,Albers N.D.,,105040016698
58417060200,Yang Z.,,105038724298
58422564500,Robinson S.,,85064005491
58422650800,Moore J.,,85210769305
58428596700,Waller S.,,78650060803
58436271200,Li J.,,85141148067
58437975000,Ebrahimi Dastgerdi M.,,85146710012
58438433700,Jalil E.,,85090251794
58440408100,Yamane T.,,85161902670
58441437000,Joshi N.P.,0000-0002-9324-8165,85201768230
58444564500,Liu R.,,85209882746
58450564300,Fernandes C.H.,,105012935442
58451841100,Zhang X.,,85126133920
58453722300,Pavliv D.,,85193508722
58454306300,Firestone B.,0000-0002-1436-2999,105037029441
58455068500,Sinning A.,0000-0002-8877-6449,105036254738
58456097200,Levy J.,,85116875533
58460608800,Connors E.C.,0000-0002-5442-1420,85148059016
58461336500,Gutierrez R.,,84858244025
58464061800,Wang J.E.H.,,85116972333
58465731300,Li Q.,,85142840859
58475382900,Liu Y.,,85181682379
58475615300,Balaguer-Mercado A.,0000-0002-9583-2699,85201010007
58476239500,Mckiernan K.,0000-0002-0820-701X,85177877401
58476550400,He Q.,0009-0004-6868-2316,105021640807
58477753400,Hamilton A.E.,,85060078429
58479758100,Hoes E.,,105022440662
58480132800,Kamphorst J.,0000-0003-2299-2808,105046382834
58480178500,Vundru W.D.,0000-0002-0930-513X,85164359227
58480751400,Lucciola N.,0000-0001-8811-4923,85164390143
58481028500,Baker M.N.,0000-0002-0125-5596,105012407742
58481890200,Kim D.G.,0000-0001-7133-0750,85194736027
58482413600,Offringa S.,0000-0002-9016-9672,85164502529
58483384900,Hoestra J.,,85164465253
58483871000,Tidwell T.,,85031893188
58485170800,Hu Z.S.,,85164735555
58486413900,Curtis E.,,85164735555
58487204500,Pangakis N.,0009-0003-0178-4855,105024715961
58487331900,Hill S.,,105001181982
58488093000,Wang X.,0009-0008-6751-8871,105046360035
58488647200,Kosmari L.,,85164844233
58489710500,Fan Y.,,85204471428
58490145800,Shieh M.,0000-0003-0451-9144,105046226583
58491277900,Ma Z.,,85165010424
58491432700,Zhang N.,0009-0000-1438-287X,105045248774
58491518900,Liu Z.,0000-0001-7415-1387,85165010424
58492162700,Sichart F.,0000-0003-2622-489X,85165099166
58492509000,Mulayi M.L.,0000-0002-2367-8645,105012583632
58492733400,Lei Y.,,85165010424
58492746500,Jiang L.,0000-0002-6823-188X,105024427526
58497411300,Berre S.,0000-0002-5795-9226,85165260987
58497676500,Brojáč J.,0000-0001-5561-4526,105038641011
58498231300,Zaika N.,,105023475844
58499518600,Ghivarello S.,,105041551371
58499717800,Ganguly D.,,105034639396
58500767700,Rao A.,0000-0003-3131-6262,85218155348
58502281700,Dong Y.,0000-0002-6227-5152,85165534158
58503336100,Monge C.,0000-0001-9277-8239,85165565212
58504300600,Gil R.,,85184196386
58505760900,Brinkman J.,,85165700640
58505761000,Worfolk L.,,85165700640
58505781000,Müller S.,0009-0005-5126-0747,85173783559
58506673000,Pao C.,0000-0003-1442-6590,85127577668
58506757700,Xiang Y.,,105034648317
58508095900,Williams J.,,85165913203
58508673600,Chang M.,0009-0002-6931-5169,85165944053
58516761300,Tamburro M.,,85166419540
58516860400,Tian L.,,105028500557
58516866200,Deol A.,0000-0001-9713-2250,85166419540
58517078700,Irvine A.,,85166419540
58517139100,Ma J.,,105008503320
58517184200,Qiu J.,,85166419540
58520413400,Grebe M.,,85214339128
58521246300,Berger L.M.,0000-0002-0246-2255,105036631490
58521338300,Mindl F.,,105001845466
58521600300,Mehravar J.,0009-0008-1375-5126,105046157699
58523187000,Oomens E.C.,,105020936584
58523304300,Klievink A.J.,,105020936584
58523445200,Scogin S.,0000-0002-7801-853X,105043924215
58525186800,Tichelbaecker T.,,105005205479
58527300800,Philcox E.,,105009510585
58527680400,Tahar H.,,85167348627
58534759300,Smith M.,,85167799541
58535467100,Deng Y.,0009-0003-4287-3686,85197136994
58536011400,Neeley K.M.,,85178451649
58536756600,Warum P.,0009-0007-6677-207X,85198373835
58536783600,Cutler J.,,105038898483
58536833800,Schwarz A.,,85198373835
58537563700,Chen A.X.,,85178605494
58537899300,Luo T.,0000-0001-9353-3671,85142402221
58537975700,Owusu S.P.,0000-0002-7707-4177,85131401591
58539782700,Chen Y.,,85168240883
58540257100,Trexler A.,0000-0002-4780-7165,105030558879
58540456200,Xu Y.,,85169039286
58544041200,Lokuge N.,,105044416644
58544101300,Nyholt N.,,85210273617
58545393500,Blatte S.,0009-0009-6266-3989,105027946256
58545533300,Deshpande P.,,85168573644
58545955000,Shivakumar A.,,85168573644
58546092800,Wingens D.,,85168573644
58546243900,Damgaard P.R.,0000-0001-9200-7303,85168585934
58546378000,Margalit Y.,,85168573644
58546378100,Lezama C.O.,,85168573644
58546449600,Han T.,0000-0002-3549-6830,85201268174
58547214000,Khurana S.,,105042032295
58549203700,Reuter M.,,85201935884
58549596500,Ma S.,0009-0005-9918-6638,105025892268
58549676000,Chen Q.,0000-0002-1263-9560,105025892268
58550255800,Young S.,,85217150344
58550516600,Yan H.,,105006410581
58554140300,Kuo S.T.,,85169012237
58554296200,Li Y.,,85169039286
58556912000,Burda R.,0000-0001-8310-8663,105040947235
58557601700,Butters K.,,85150751341
58558040500,Tränkner P.,,85169422196
58558080400,Hurst R.,0000-0002-2589-2805,85186188626
58558312100,Bruder J.,0000-0002-4628-9490,85169435337
58560856300,Lo C.,0000-0003-2171-6254,105037028749
58561067400,Wu X.,,105020979552
58561288300,Cruz P.d.l.,0000-0002-9994-0902,85169688524
58562560000,Patterson D.,,105029969569
58562963900,Welch C.J.,,85169824701
58563135600,Yan Y.,,105001831713
58563277600,Kang J.,,85169823669
58563993300,Mathew N.M.,,105029556278
58566482000,McMahon I.,,105031376377
58567662300,Chriswell K.,0000-0002-0508-6814,85170230361
58568212600,Resmini F.,,105010921893
58568459100,Owens-Grillo J.,0009-0003-2457-2214,85211222046
58569220100,Bulut H.,0000-0002-8317-8757,105011975627
58569241900,Conoly Y.K.,,85170386999
58571290700,Vassiliou P.,0000-0003-1610-478X,85170569334
58572052400,Noble E.,,105048022930
58573000200,Horan J.,,105002062900
58573310300,Na G.,,105005969223
58574232000,Sugiyama J.,0009-0007-7435-9082,85205480864
58574460300,Fu M.,0000-0001-5720-2074,85188318071
58575725500,Haehn L.,,105035034535
58575852200,Yue P.H.R.,,85171185819
58575852300,Lau H.P.B.,,85171185819
58575939900,Huang H.,0000-0001-7546-1096,105035007479
58575981000,Salehi F.,0000-0002-8607-2878,85171154438
58576292000,Klütsch J.,,105035034535
58576551500,Flores J.J.,,85196879542
58577305200,Koolmees C.J.,,85171295847
58577425700,LaBat D.E.,0000-0003-1014-5978,85171295847
58577488100,Tuders N.,,85211222046
58581119600,Hellriegel E.,0009-0005-7685-2212,105029888681
58583244200,Goetting K.,0009-0005-3557-7728,105014888259
58586900400,Phillips G.,0000-0001-9973-1505,85173956792
58588517500,Howard A.,,85171798056
58588846700,Möller A.,0000-0001-8211-8608,85126624477
58589646900,Schnorpfeil P.,,105015382529
58590018300,Meli A.D.,0000-0003-4173-6017,85178948110
58590095800,Kiil F.,,85171458336
58590855200,Longuevan J.D.,,85171479975
58592020800,Ma N.,0000-0002-9034-010X,105040117250
58592634400,Brimley P.M.,0009-0001-1778-824X,105033863770
58593454300,Danilov A.,,77951696808
58593515100,Rui X.,,84884198040
58594916000,Tian X.,,105006410581
58595851500,Smith A.,,85056098779
58597164500,Tang Y.(.,,85052617816
58599039700,Lin B.,,105020590422
58600833200,Kim D.,,85106500637
58602017100,Anderson J.F.,,85067039725
58602435100,Tierney M.J.,,85177584257
58602982700,Brown M.,0000-0003-3076-9585,85200648269
58604151400,Gerbitz A.,,85171599946
58604567100,Ossadnik J.,0000-0003-3273-4570,85171625391
58605170500,Shi W.,0009-0009-8651-2296,85204146482
58605904200,Sanghvi R.,,85171662756
58606106900,Zhai W.,,105024099182
58607915000,Liu J.,0000-0002-7373-3382,105000436295
58609627000,He L.,0000-0002-1003-5499,86000203407
58610717100,Baker C.L.,,105024490513
58611107700,Liu Y.,,85204146482
58611278000,Wang Y.,,85209705940
58612463800,Woodworth J.L.,,105036700736
58615217500,Fairfax F.G.,0009-0001-7232-3832,105043225063
58615366800,Mertens M.,,85172078731
58615593400,Verleyen E.,0000-0003-2889-8855,105032149587
58615643100,Foxe J.,,105039827469
58616487900,Rasse T.,0009-0008-2827-5715,105011764744
58617841200,Sia J.,,105046637828
58618310900,Chang W.,,85172201838
58618311000,Zmich A.,,85172201838
58620396400,Jiang C.,0000-0002-8391-4064,105048031949
58621688800,Lu Y.,,105027437140
58622788900,Kim S.M.,0000-0001-8379-945X,105046800943
58622929600,Chua H.W.,,85172707378
58623231900,Tooley J.,,85195213708
58623348800,Voorintholt L.,0000-0002-6999-1768,105039789025
58625598000,Chen L.,,85172783415
58625598100,Tang W.,,85172783415
58625864400,Zhuang L.,,85172783415
58626005700,Yogev D.,0000-0003-0466-9804,105026267125
58626081700,Ganesan S.,,105046637828
58626350600,Gannon K.,0000-0002-0867-5358,105038393810
58628934600,Noh S.,0000-0003-0522-6490,105032891471
58628937500,Yu Y.,,105024099182
58630352100,Mang V.,,105022694840
58630428400,Siauwijaya C.,,105035058976
58630941600,Xia S.,0000-0002-8201-2931,105045528454
58630970100,Li W.,,85190789843
58632622900,Zhou Y.,,105034648317
58632639600,Wang C.,,85184211388
58633166000,Molina I.,,85214999919
58633218200,Yang D.,,105017513451
58633660600,Kimmel S.C.,,105017185369
58633784300,Farrell K.T.,,105017185369
58634998300,Yan M.,0000-0002-0589-8783,85210748812
58635226100,Salinas Navarro S.,,85210748812
58635507300,Rebasso I.,0000-0001-5810-6797,105029681496
58635573300,Berlesi A.H.,,85173537733
58637897900,He H.,,85173650228
58638126600,Wang Y.,,86000732457
58638350700,van Geldere S.,,85173722462
58638420400,Won Y.,0009-0002-6826-2421,105046458469
58639009900,Wang J.,,85173650228
58639851000,Lee C.J.Y.,,105038081609
58643917400,Dhami R.,0009-0003-7210-0027,105045922287
58644247600,Seese M.F.,0000-0002-5140-9928,85173956792
58644510300,Morell S.,0000-0002-5579-2637,105044346241
58644570700,Youn L.H.,0009-0007-8373-3590,105004428157
58644930000,Belk J.K.,,85174045564
58645134100,Qu B.,0009-0003-4785-9218,85173992920
58645371500,Hostos-Torres L.R.,,85174071113
58645383200,Falabella L.,0000-0003-2705-8424,85173956792
58645383300,Gotti I.,,85173956792
58645383400,Ijaz S.,0000-0001-7981-889X,85173956792
58646875400,Donner K.,0000-0001-7117-791X,105037028749
58646912300,Walsh S.,,105003802813
58647176500,Day-Weiss S.,0009-0003-5814-2087,85205480864
58647466900,Best F.,,85174147319
58650343800,Hohensinn L.,,85180287969
58651027200,Stoll J.,,85174310394
58651208500,Qi H.,0000-0003-1191-6631,105038861928
58651811200,Jud S.,0000-0001-6217-2121,105019776513
58652453100,Pisareva D.,,105042661163
58652558100,Pacilli M.G.,0000-0001-6875-6961,105044379006
58652682900,Aum Y.,0009-0002-6981-518X,105029697950
58653647400,Panzano G.,0000-0002-7974-1244,105039494924
58655894300,Lin M.,,105034929617
58657379800,Ocanto M.G.,,85174574705
58657553800,Kraemer F.,0000-0002-0144-5824,105016864314
58657872900,Nilsson T.,,85174605794
58658427500,Ungefucht M.,,85174574705
58659822700,Pekarek G.,,85174683248
58662565000,Sydorov M.,0000-0002-5333-8393,105004442973
58662593000,Kaňková J.,0009-0007-2364-844X,105018842498
58663225500,Brüggemann O.,0000-0002-8108-6672,105006849208
58666042000,Lewis V C.,,85219136762
58666183200,Li B.,0009-0009-3191-6146,105022827651
58666871400,Scholl B.,0000-0001-5088-6952,85210037200
58667593800,Kane O.,,105047631609
58668194000,Van Crombrugge M.,,86000726011
58669222100,Mahajan P.,,85175199245
58670131800,Lahtinen J.,,85175177312
58671036300,Mehta-Kroll A.,,85192523806
58671823600,Lan D.,0009-0005-6489-3076,85198464294
58675071800,Cho J.J.,0009-0008-0619-1932,105030588739
58675107900,Soldinger Almefelt M.,,85175430342
58675452200,Ho L.,,85175416392
58675463900,Regan W.,,85175479456
58676396500,Herrera Huang A.D.,,85175479456
58677173800,Wang H.,0000-0002-7894-2642,85175572874
58677637200,Li D.,,105005540599
58677841600,Rono B.J.,,85185207583
58677967200,Duan Z.,,85210150821
58678347100,Ackerhans S.,,105001107075
58679216100,Burrage A.,,85214924467
58680391300,Oak E.R.,,85183879091
58681339200,Heineck P.M.,,85175718827
58681920500,Suárez J.,,85205771824
58682015600,Loeffelsend S.,,85175874237
58682630700,Toussaint C.,0009-0006-9147-3496,105024467835
58682710600,Vater E.,,85175874237
58684026600,Nakagawa H.,,85176012765
58684266100,Vargas Nuñez C.,0000-0001-9745-2617,85175957887
58684344200,Shibata T.,,85176012765
58684497500,Cheng Y.,,85176012765
58685072100,Yang X.,0009-0003-0717-5751,105018477825
58685127500,Eguchi R.,,85176012765
58685477700,Martins K.F.,,105007674600
58685602200,Guliford M.K.,,105001145818
58685607700,Olwert M.R.,0000-0001-5439-2378,85176135752
58685691300,Marini S.,0000-0003-0264-1592,105048098704
58686295000,Manson P.,,85176136230
58686418500,Farina G.,,105043494359
58687086900,Haider E.A.,0000-0002-1526-1057,105005536352
58687959200,Ntounias T.,,85176232365
58689248500,Wei M.,0000-0003-4146-367X,105037838550
58689682500,Qin X.,,85205472829
58690241900,Wunder A.,,85176382083
58690688900,Debellis D.,,85176472685
58691197200,Lu Y.T.,,85161267129
58691632000,Walch H.,,85176382083
58692286200,van Lit J.,0000-0001-8228-0656,105035907148
58693158700,Tallent T.,0000-0002-9685-1349,105028180530
58694355600,de Oliveira E.N.,0000-0001-6901-2024,85176589821
58695340200,Mubashra S.,0000-0001-7454-0550,85176771591
58695453300,La E.Y.,,105000414839
58696737100,Kikut-Stein A.,0000-0002-1805-1020,105004069849
58696819200,Zenovitz L.,,85176789884
58697245400,Dunlap B.,0009-0008-0877-228X,105045347545
58697807100,Minteer S.A.,,105027109177
58698059800,Stallbaum L.,0000-0002-2843-7787,85213948850
58698193100,Baseman C.M.,0009-0004-8507-438X,105004259427
58698318600,Mukasheva Z.,0000-0002-4562-6272,85176950755
58699225400,DiRienzo F.P.,,105043097507
58699611900,Matzkin S.,0000-0002-8857-0133,85177031085
58700112800,Smith N.M.T.,0000-0003-2623-0683,105033472448
58701832200,Ruiz N.S.,,85177214512
58704346600,Vo A.H.,0000-0001-6172-7666,105028398409
58705627400,Nissen K.,0000-0003-4937-2617,105001984917
58705895100,Rada-Bayne A.,,85177568334
58706141900,Hackenburg K.,0000-0003-2071-1726,86000640200
58706192700,Holden C.,,85177568334
58706509900,Khai Ee T.,,105024481789
58712323900,Cyphers K.H.,,85177662763
58712581600,Hill P.W.,,85144636953
58714027500,Zhu Y.,,85177645427
58714335500,Bandiera A.,0000-0002-2325-0673,105032679069
58717473000,Burrell A.M.G.,,85050947655
58718449600,Li G.M.,0000-0002-9142-8154,85144756007
58723942100,Hassan H.,,85189347916
58723988400,Berge J.W.,0000-0002-8506-5377,105026897717
58725281000,Pollé S.,,105004341133
58725720100,McLaren L.,0000-0001-8833-634X,85185301998
58726578400,Guo Y.,,105028436842
58726978200,Fan F.,,85178136111
58728573400,Chieh Chen C.,,85178136111
58729368700,Wang J.,,85178136111
58730736100,Schumann R.,,85215701436
58732568600,Zhou L.,,85195831271
58734264200,Ma Y.,,85208955476
58734934000,Walquist E.M.,,85209403761
58738638900,Xu X.,,84983651709
58739161800,Kashyap P.,0000-0003-3805-1754,85197428072
58739802400,Lau R.,0000-0002-4299-2656,105043924215
58740132000,Weißflog M.I.,0000-0003-0686-0581,105030323473
58740357700,Yang J.,,85186546014
58741589800,Cunningham J.E.,0000-0003-1678-7920,85179785954
58741628000,Warner D.,,105039030786
58744993200,Herbstritt C.,0009-0003-6270-7626,105033985432
58745663700,Zeitlin A.B.,,105049005827
58746984900,Daviss C.,0000-0001-8642-5162,85200960360
58747024500,Naunov M.,0000-0001-7195-4600,85187129338
58747104900,Sparrow K.,0000-0002-2804-713X,105002179871
58747123200,Walker Z.,0000-0002-5640-2944,85185301998
58749174100,Triamkitsawat P.,,85194852415
58749965800,Wang Y.,,85178944816
58752256600,Roggenkamp H.,0009-0005-5176-4718,105031401172
58753771500,Pychlau S.,0000-0002-0625-7603,105018783775
58755826300,Quinby E.A.,,105000498079
58755941700,Klingenberg I.,0000-0002-8693-4140,85217943492
58756562100,Samosir F.T.,,85218185895
58756750000,Zhang H.,,85206354097
58757239200,Schaefer A.,,85116325673
58758875900,Kim N.K.,0000-0003-0621-4192,85210959260
58762381900,Hatfield T.,,85181924764
58762800900,Orlova L.,0000-0002-2404-4687,85179721679
58763985500,Cruz A.,,105028642452
58766648900,Yin H.,,85198941344
58767024100,Heine S.J.,,85100226295
58767322600,Piñeiro-Rodríguez R.,,105016854182
58767854000,Amoah J.,0009-0005-1997-028X,105041122604
58768641700,Rieger P.,,85179917717
58770770700,Pereira Filho A.J.,0000-0002-8213-7072,85192081135
58771424500,Pettersson O.,,105033375303
58772266100,González S.J.,0000-0001-7282-3864,85126624477
58772499200,Lacroix P.J.,0000-0003-4493-2320,105015555409
58774283000,Kirklies P.C.,,85180287969
58775993300,Birke J.,0009-0007-0466-1657,85203498995
58776733000,Huang W.J.,,85180474712
58777440500,Leister L.,,85217068318
58778353400,Wang X.,,105003296663
58781772400,Hindennach S.,0000-0001-5072-0514,85193254362
58783538600,Polyakova V.,0000-0001-8186-4879,105003542243
58783782400,Lu W.,0009-0004-7981-3131,105031215334
58784710000,Hamrak B.,0000-0002-0093-5557,105018681448
58784999200,Oliver A.,,85212322198
58785345700,Schaeffer A.,,85180826446
58788241200,Laudi M.,0009-0007-9928-3432,105006481248
58788535800,McPhee P.,0009-0007-7558-2016,85181148773
58790493600,Rook E.D.,,85181220759
58790626600,Gagliardi L.,,105034954403
58790817100,Lee J.,0000-0001-8405-8469,85200565151
58791036000,Peng C.,,85183797088
58791733200,Capezzone T.,,85181248715
58792822600,Gandur M.,,105046899295
58792845600,Juzgenbayev A.,0000-0002-1066-9109,85214832243
58793399000,Ewing D.A.,,85102434642
58794505400,Wilson-Lemoine J.E.,,105009510585
58795007400,Wang D.,0000-0001-6102-9040,105036211249
58797389600,Wang S.,,85181682379
58798123500,Blatt T.,,85181695148
58798130300,Shi Y.,,105038896554
58799646600,Rosiński A.,0000-0001-7455-2527,105047319837
58800792400,Cuypers R.,0000-0001-6557-4126,105040132322
58801270400,Collart L.,,85194389570
58802047300,Custer S.,,85209885648
58802841500,Hulvey R.A.,,105017842615
58803952800,Kauer F.,0000-0002-0675-2903,105002968773
58809637700,Ryan N.,,85048530023
58812018300,Gupta H.,,85182371413
58813232400,Xiong S.,0009-0005-0956-8609,105023995250
58813462100,Wise S.,0009-0004-2720-1555,85216758305
58814649800,Duan W.,,105006718847
58815149500,Ruble A.,,85182501125
58819325900,Brinkmann M.,,105047355410
58819527400,Davutoglu P.,,85182711691
58819648100,Amrhein C.,,105013765774
58822320300,Martínez-Pastor J.I.,,85089502197
58823152100,Yildirim M.B.,,85183168596
58825398800,Aronson J.,,85193394259
58826110900,Chai F.,,85185145926
58826111000,Han T.,,85185145926
58827630700,Ma J.,,85185145926
58827927200,Reid C.,,85195659580
58828965900,Campbell R.A.,,85217068318
58829176200,Wang Y.,,85185145926
58836354500,Fu K.,,85209084157
58838507500,Ruhl Ibarra G.,,105019064673
58842880800,Zhou H.,0009-0005-6114-343X,105024427526
58843429200,Shin H.,0000-0002-1639-5444,85212790320
58844213500,Tomasi M.,,105043710160
58844402900,Peng X.,0000-0003-2630-0119,85183168596
58844722200,Raviv S.,,105041001030
58846667800,Huang Y.,,85219058083
58846744800,Chen N.Y.,,85219058083
58847045500,Mo Z.,0009-0006-3517-9639,85219058083
58847289000,Yates G.,,105025850938
58848016200,Kim S.,0000-0002-7253-9318,85204540111
58848742000,De Pessemier D.,,85215433861
58848852000,Chen X.,,85166537426
58849223000,(Zapata) C.P.M.,,85183351123
58851346500,Meisels M.,0000-0003-3806-8476,85183492832
58853648500,King J.M.,0000-0002-6560-904X,105021668564
58853857200,Hasegawa M.,0000-0003-1443-1082,85205480864
58854779400,Thomas R.L.,0000-0003-0124-0391,105023538588
58854918600,Coles A.R.L.,0000-0003-2737-7580,85201586608
58855177700,Gold G.,,85183616534
58856592100,Schick S.,,85183772914
58857244600,Humayun F.,,85184241716
58857721100,Arpinon T.,,85184486287
58858311300,Gao J.,0000-0002-9186-9427,85198941344
58861017600,Rahman F.,,105014386945
58861036800,Onursal D.,0009-0002-1850-586X,105034976056
58861153500,Demartini E.,0000-0002-6733-9098,85192351129
58862855300,Wædegaard M.,,85183977264
58863104600,Hvemon S.,,85183977264
58863536700,Tillett K.K.,0000-0002-3681-3009,105036248229
58865469100,Kossmann H.,0009-0005-6545-9335,85171775643
58866068700,Shibata Y.,,85129150978
58866147500,Wouters F.,0000-0002-7668-183X,105000774089
58866211500,Wu Y.,,105047992789
58866894600,Wilson-Lemoine E.,,105009510585
58868326400,Babros M.C.,,105041458788
58870229800,Chou Y.Y.,,105009510585
58870377400,Hednäs G.,,85184401293
58870377500,Rowland M.,,85184401293
58870792700,Sodhi U.,,85184401293
58871528400,Sullivan J.T.,,105038898483
58871602200,Peureux F.,,85184486287
58871847300,Demange S.,,85184486287
58871889900,Wysieńska-Di Carlo K.,0000-0002-5041-7539,85184492409
58871963900,Maginot P.,,85184486287
58872893300,Testa F.,,85066016520
58876249000,Mjelva M.B.,0000-0001-6751-3669,105023391134
58879463700,Caspani A.C.,0009-0003-4220-6816,105046795304
58879875900,Edevbie N.,,85214008772
58880006000,Guizzo-Altube M.,,85184683757
58880162800,Batista F.,,85184683757
58881718600,Saad A.,,105047875195
58883948500,Ni J.,0009-0009-2855-9707,105031363663
58888070000,Downey M.,,105031376377
58888268200,Zhu J.,,85185145926
58889652200,Mutinhima Y.,,85185207583
58889698400,Kimaili D.,0000-0003-4936-3032,85185207583
58890623800,Kan V.,0000-0003-2891-5686,105044658302
58890831700,Zhou Y.,,85197561961
58890880700,Scheuch E.,0000-0002-2797-6498,105046929765
58891415700,Taylor A.M.,0000-0002-6366-1266,105020815260
58891739500,Polskaia P.,,105042563243
58894941900,Beneke G.,,85185449095
58895048900,Lyman A.,,105004481633
58895544300,Carbone M.,,85189705160
58896507700,Masselus L.,0000-0001-9946-8997,85185464488
58897765100,McCready D.M.,,105040569258
58898472400,Aidala F.,,85185602459
58900033200,Joseph J.,,85189964263
58900486000,Uriarte C.,,105034280381
58900768700,Wang S.,,105027421833
58903492500,Mrchkovska N.,,105022491747
58903626500,Ju H.,,85195692648
58905404000,Lemmer D.,,105013236358
58905695100,Stamos A.,,85185948624
58905783000,Light J.,,85185973647
58906038100,Chao J.,0009-0007-7155-7032,85185948624
58906469700,Kim N.,0000-0002-0638-256X,85194718203
58906481900,Momenee T.,,85185973647
58906661000,Walker J.,0000-0003-3466-8378,85185925293
58908888300,Peng R.,,105044526082
58910075600,Feldman S.,,85186226465
58910075700,Gottschalk H.,,85186226465
58910662900,Şimşek C.,,105021242475
58910728900,Chan S.S.H.,0000-0003-3848-8972,85186262055
58910800500,Zhang G.,0009-0007-0835-6705,85207598624
58910864600,Hodin P.,,85186226465
58911060800,Rhee Y.C.,0000-0003-2284-7176,105039768137
58911068600,Blaber M.,,85186226465
58911068700,Hoechner E.,,85186226465
58911269100,Brown M.,,85186226465
58912449300,Broscious C.,,85202539887
58913405600,Roel M.,0000-0002-8322-3714,105029236766
58913806400,Farrow M.,,105027705960
58914070700,Yang G.,,85186443075
58914109200,Foor K.,0000-0003-2102-0361,85208662406
58914258000,Brazil J.,,85186480951
58914360700,Campos A.D.,,105038081609
58915008100,Ramji A.V.,,105009510585
58915037200,Xie S.,,85186443075
58915612200,Loessl V.v.,,85186526997
58915612300,Wiederhold E.,,85186526997
58916887900,Akinsete A.,0009-0009-7650-8234,105013484489
58916930800,Lu Y.,,85216308848
58917048800,Dries C.,0009-0003-4591-6055,105000748965
58917929700,Gu L.M.,,105020739241
58920448500,McKenzie G.,,85186747489
58920621100,Blouin A.M.,,85183646714
58921991200,Lee M.A.,,85186842180
58922089000,Dreyer J.,0000-0002-0880-5052,85207767451
58922313100,Li Z.,,85214580247
58922873600,Ballou A.,,85189454873
58922945200,McCarty S.,,85186918912
58923308100,Gitlin A.,,85186916282
58925046300,Xiao J.,,85211934873
58925433000,Selsky S.,0000-0002-8956-0893,85196539881
58925763100,Stenderup R.,,85212439594
58926174200,Auriga R.,,85187183500
58927688800,Imai K.,0000-0002-2748-1022,105001181982
58932650900,Maubach K.,,85194898554
58932850700,Tay E.H.,,105011346615
58933193300,Pandey S.,,105015521246
58933292900,Devese K.,,105034157738
58937890400,Seyringer S.,,85046125338
58938693200,Nabieu J.,,105025815041
58938752200,Liu R.,,85187720688
58941098500,Davis B.,0000-0003-1928-9484,105030598601
58941308000,Brooks J.,,85187881933
58941337200,Johnson G.,0009-0001-0536-9240,105018964611
58941547900,Grace Hart C.,0000-0002-8082-0484,85187926429
58946287400,Devos L.,0009-0004-7858-8681,105047190761
58948066000,Levy D.,,105036211249
58950067000,Villegas-Cruz A.,,85188307218
58950409200,Robles R.,,85195301813
58950584300,Reiter K.,,105018203647
58950592900,Vallette P.,,105004986212
58951275200,Ruan Z.,0000-0002-7709-1778,105036189883
58951697000,Gilbert K.,,105046189308
58951723600,Dai Z.,,105001345076
58952188300,Squires A.,,105040836671
58952550200,Elbæ C.T.,,85166956526
58952775800,Bailey J.I.,,85188551584
58952942800,Alegre C.,,85188551584
58953099000,Torres-Peña F.J.,,86000634662
58953276300,Davis A.,,85188551584
58953437100,Palmisano C.,,85188551584
58955103100,Alcantara C.,0000-0001-6089-1114,105046157699
58955356700,Gorton T.,,85200315574
58955568400,Kim Y.B.,,85188749559
58956192200,Jia Y.,0000-0002-2826-2913,105001127398
58956572800,Saito T.,0000-0001-8817-4950,105032699989
58959715700,Chiopris C.,,105011071462
58961226100,Choi Y.,,105011487673
58961824200,Kortzak O.,,85189022210
58963938400,Dai X.,0000-0002-0589-271X,85189108848
58967377300,Lack S.,,85189347916
58968168100,Zurawel J.A.,,85189362817
58972343900,Thorp J.R.,0000-0003-3835-291X,85208706295
58973482100,Kwon M.,0000-0002-9763-5429,85189650974
58973939100,Shahri F.,,105021069285
58974065500,Taqipanahi A.,0009-0009-0536-5782,105021069285
58977843400,Mosallaei A.,,105029518936
58979279100,Brownsord E.,,85189991707
58982402900,Piccoli D.,0009-0002-1939-4807,85190134454
58982403000,Zachem M.,0009-0000-0126-2617,85190134454
58982634100,Forde R.,0009-0006-4892-7181,105003090853
58982793400,Clark A.T.,,85195141299
58984068400,Moelter I.J.,,105027475051
58984176100,Papadopoulos A.,,85209376469
58985549400,Wu H.,0000-0001-5323-516X,105040536047
58986107200,Rudolf M.,,105037763094
58986682300,Pezo I.,,85190402580
58986755200,McDonnell A.,,85190438856
58987041500,Demasi C.,,105002975990
58987082700,Ham H.,,85190458340
58987100400,Webster K.,,85190438856
58989489300,Rueda L.A.,,85183114194
58990258500,Won G.,0009-0009-4565-3586,105032487026
58991547100,Loffredo J.R.,0000-0001-9385-0837,85200641349
58993228100,Xiang M.,0000-0003-1135-2952,105020868821
58993230600,Zhang Y.,,85190798144
58993390600,Montagner O.,,105028774253
58993756700,Jiang M.,,85190789843
58994872900,Byfuglien A.,0009-0007-3187-8077,105000501693
58995958700,Elishar V.,0000-0002-2845-9628,105043042931
58995972100,Kolberg-Shah D.,,85190970825
58996012400,Számely J.,,85191018943
58996012500,Deng D.,,85191018943
58996068800,Lou J.,,85191018381
58996198200,Kellner A.,,85191018943
58996198300,Pauló E.,,85191018943
58996341900,Dewhurst K.,0009-0009-7254-8036,85190982800
58996961500,Brady C.,,85202587583
58998092200,Akiyama T.,0009-0001-1302-6344,105013970471
58998961600,Kwong J.,,85191168265
58999455100,Liu M.,,85191197718
58999489600,Jordão de Carvalho L.,,85191200926
58999603400,Tan Y.,,85191197718
58999752100,Zhang J.,,85191197718
59001698100,Hetzer L.,0000-0003-4797-6230,85191358272
59003007300,Wu Y.,,105033010775
59005480500,Tian Q.,,85191584668
59005544300,Wang C.,,85191571872
59005618600,Gan S.,,85191584668
59005885400,Luo X.,,85191584668
59005977100,Smith S.D.,,85191602397
59008179600,Gonzalez-Fernandez P.,0009-0006-2738-2418,105000483869
59008843400,Rhee I.,,105011277248
59009228000,Bock H.,,85191804043
59010115200,Wang J.,,85209882746
59010821100,Chakela M.,,105034430104
59012260400,Vrielink J.,,105025552547
59013657800,Chaisrilak C.,,85192090135
59013887400,Sauer S.,,85192105891
59013929000,Wang L.,0000-0001-5505-5373,85192098619
59016019900,Shatford R.,,85150751341
59022086800,Djordjevic I.,0000-0003-0336-4806,105028616115
59028015900,Hudson D.,0000-0001-8020-1870,105012597345
59029929000,Bryan A.O.,,84941878121
59034222200,Minciocchi Urban M.,,85192142885
59040028400,Lovell A.,0000-0002-8010-0444,105029969569
59041805600,Gagnon J.,,85101607529
59041815800,Yang F.,,85188747250
59046354700,He Y.,0000-0002-8786-0462,105024319232
59047036000,Yang T.Z.,,105011049564
59050061800,Chen C.,0000-0002-9127-3893,105038667392
59056422500,Coulombe M.,,85102826050
59056663800,Webster V.L.,,80051899195
59056762700,Schmidt K.T.,,105037620424
59057237600,Yoshida T.,,85162726025
59061488200,Sullivan S.,,85137741923
59066498100,Song M.,,105045234097
59070334600,Li Y.,,85210451525
59071022800,Li Y.,,105014914690
59074503700,Helgøy A.,,105044242167
59079913400,Qi Y.,,84905867355
59080036600,Yıldız E.,,85064149443
59080800400,Morales S.,,85212284360
59088128000,Rohde J.S.,,85197235074
59089982500,Ohno R.,,85142141964
59090459200,Bartsch S.C.,0009-0003-9877-0635,105015145961
59090460600,Schmidt J.H.,,105015145961
59090954000,Zvereva G.,,86000010290
59092133100,Zhang M.,0000-0002-9760-4534,105002148933
59093820500,Li L.,,85207560265
59097561000,Son Y.J.,,85071864406
59097684000,Lin C.,,85173992920
59098098900,Sanders A.S.,,85147676432
59098761400,Li R.,,85097943165
59099876500,Prince A.E.R.,0000-0002-0086-7881,85136285837
59103788500,Wang W.,,105035077435
59107145900,Peng C.,,85181248715
59111400900,Hao F.,,84855374433
59114100700,Nunes F.,,85206172947
59114458800,Ding T.,,85026369863
59116871300,Jiang H.,0000-0003-1799-637X,105036437225
59117601100,Schulman J.,0000-0003-3948-1107,105004232313
59117614600,Huang Z.,,105004451410
59123576700,Wang L.,,86000382291
59124392600,Barslund Grøn A.,0000-0003-1639-7578,85192953389
59124534000,Benthem M.S.,,85192953389
59125555500,Han J.Y.,0000-0003-4276-743X,85192966016
59126230000,Barnehl H.M.,,105020833070
59126504500,Tan Y.B.,,105011346615
59128658400,Yang J.,,85193205380
59128710300,Zhao R.,,85193205380
59129297500,Kasperska A.,,85193228190
59129467000,Liu C.,,85193247333
59131004600,Meng L.,,105040963706
59131912500,Sheng G.Q.,,85193447299
59132785700,Oh S.,0000-0002-0940-3012,105012597345
59133069100,Jiang Q.,0009-0007-0828-1504,105031155257
59133166800,Humer C.,0000-0002-0249-4062,85210489353
59134313300,Qiao K.,,85196318984
59136006400,Suntay O.,0009-0008-5677-516X,105043209202
59136145300,Wang T.,,85100124958
59136620900,Ramirez-Perez R.,,85193755333
59137707900,Vilalta D.,,105008946182
59139872700,Yang Q.,,85205594046
59140908200,Knöchelmann L.,0000-0002-0637-9977,85194087797
59144655100,Alahmad H.,0000-0001-5614-5063,105041448429
59146709100,Noh E.E.,0000-0001-8115-7752,105002037078
59147403300,Fliethmann A.,0000-0001-7918-8816,85194422612
59148562800,Qiu X.,0009-0000-6460-2981,105004829175
59148816100,Fleming A.M.C.,0000-0002-9088-9979,105005793700
59149932400,Xiao D.,,105024704854
59150296200,Yun C.,,85194718203
59150863200,Hong Y.A.,,85194718203
59151157200,Konow S.,,85194852415
59151157300,Pinheiro M.,,85194852415
59151313500,Chugh T.,,85194852415
59151313600,Goel I.,,85194852415
59151453600,Jeune N.,0000-0003-0835-5845,85194893401
59151474400,Semka P.,,85194852415
59151474500,Stokes J.,,85194852415
59151474600,Waldspurger G.,,85194852415
59151607000,Brusseel A.,0000-0002-8600-8817,105001650146
59151620600,Zhang Y.,,85194900151
59151638100,Chiancone O.,,85194852415
59151638200,Lundsgaard A.,,85194852415
59151638300,Tantawy L.,,85194852415
59151801800,Miller Z.,,85194852415
59151843100,Mao J.,,105046798882
59152127400,Margie J.,,85194852415
59152291900,De Leon-Duarte B.,,85194852415
59152292000,Fica B.,,85194852415
59152470000,Glover P.,,85210769305
59152555400,Roman-Sarita G.,,85210769305
59152837500,Badu Prempeh A.S.,,85194931399
59152922000,Li B.,,85210769305
59153036600,Paranthaman A.,,85210769305
59155895300,Lim B.W.Z.,,105011346615
59156086500,Ran Y.,,105035518691
59156753200,Sánchez R.,0009-0009-4496-3734,105020815260
59157094900,Lee J.S.,,105010119991
59157643100,Van Allen E.M.,,85052636854
59157732300,Chang Y.,,85050532641
59157760000,Van Gundy K.T.,,85064836671
59157808300,Papp Z.,0000-0001-6257-0568,105044897707
59157812900,O’Brien R.,0000-0002-8932-3556,85136580833
59157841200,Chen Z.,,85131862573
59157917300,Jones R.W.,0000-0001-7698-5959,85189507592
59158880600,Mcguffin K.,,85116548497
59161178600,Smith N.L.,0000-0002-9863-2537,105004666144
59161342100,Meywirth S.,0009-0005-6643-6864,105039788620
59162064100,Ahmad W.,,85195339204
59164247200,Lagos F.,,85194821044
59165446600,Zhang Y.,,105046159836
59166128300,Koenig P.D.,0000-0001-9466-4024,105042642663
59166654700,Zhang Y.,,85195550639
59166692300,Aitken B.,0009-0009-3917-9718,85195603094
59166851600,Tikkanen M.,,85190142398
59168262900,Chu J.,,85195692648
59168682400,Wei J.,,85217083209
59168807800,Stumpf E.,0009-0002-0012-8680,105024314397
59169334500,Rothert-Schnell C.,0000-0002-4346-2817,105005147981
59169334600,Böddeker S.,,105005147981
59169738700,Schwartz J.A.,,85195782471
59169847500,High C.M.,0000-0002-9160-3741,105044617291
59170358400,Stroet P.,,85195829321
59170637300,Fitzgerald J.,0000-0002-0322-5104,85195829321
59170818500,Bai S.,,85204441582
59170873500,Li S.,,85195831271
59170906400,Luigs T.,,85215430584
59171563500,Liu H.,,85195986366
59172175600,Niu X.,,85195986366
59172175700,Xie W.,,85195986366
59173521500,Diether E.,0009-0002-7132-1621,85196100051
59174405200,Yi S.,,85196100051
59175792400,May D.,0009-0002-7079-4240,85196196193
59175908600,Geary I.A.,0009-0002-5144-8959,85196196052
59177099500,Sun X.,0009-0009-1191-4231,85196267488
59177929400,Zhou H.,,105010285430
59177964500,Tan M.,,85196318984
59178006100,Zhang Z.,,85196267488
59180236800,Moore J.,,85196525595
59180490500,Schiess J.,,85196521620
59181075100,Milner P.,,85196525595
59185620500,Drenth A.,,85196749025
59187735000,Tan B.C.W.,,105011346615
59188905800,Modrakovic X.,,85196879542
59193327600,Shi D.,0000-0003-0669-6718,105036239434
59193664800,de Koning J.,0009-0003-3919-3751,85196971153
59196278600,Young B.,,85207528560
59198108200,Coll S.,,85197229092
59198330900,Raz G.,,85197245357
59198593000,Flamer R.,,85197229092
59198816600,Reidinger V.,0000-0002-2083-6564,105038382881
59201746300,Yang Q.,,85197422170
59201746400,Chen L.,,85197422170
59201840900,Shao J.,,105038698677
59201967600,Lam W.K.,,85197422170
59202641900,Xiao H.,,85197422170
59202704100,Lambdin N.,,105037129797
59204690800,Kordosis S.,,105021544419
59204736700,Nam J.,,105038401018
59205169000,Eidheim M.R.,0000-0001-8187-2836,85197692115
59205356400,Tina G.M.,,105012535451
59205569600,Zhai J.,,105023697198
59206065300,Bashian S.,0009-0009-6046-3510,105011352996
59207049300,Zeddies H.H.,,85197730149
59210421300,Neff O.T.,0009-0005-7253-3353,85216941435
59210960300,van Goor L.M.A.,,105002646790
59213468700,Gunes U.,0000-0001-5257-3183,105044824662
59215395000,Townsend K.,,85198292465
59216402500,Smith K.M.,,85198365223
59217065900,Jiang Y.,,85198464294
59219159300,Trail M.,,85198602204
59220031300,Tryswidiarini T.,,85198669433
59220512900,Zhu Y.,0009-0008-0422-6548,85198618562
59220557100,Numa K.,0000-0003-1475-6231,85198669529
59223106100,Po S.K.,,85198861105
59224292000,Becvar K.,0000-0001-9672-9338,85198947323
59227976700,Shin H.W.,,86000376657
59228120100,Moreira J.A.,,86000376657
59228496900,Lammers R.,,105037802369
59228537400,Lu C.,0000-0003-2878-5578,85199228322
59230207500,Marlier J.,0000-0002-8156-6529,105002128027
59230647200,Kittel R.C.,0000-0003-4226-2183,105002123123
59231242700,Ji Y.,,85199352674
59233675800,Lv B.,,85211934873
59234628500,Iten T.,,105037763094
59235587700,Wei Z.,,105028851342
59236125500,Grad G.,,85199805605
59236426600,Li Q.,,105022182819
59236825000,Hammerschmidt T.,0000-0003-2164-3825,85210572395
59239242600,Nguyen L.T.P.,0000-0002-7215-8865,85199950656
59239312200,Li Y.,,85199965144
59239735400,Han Y.,,85200011466
59240127600,Aminot K.,0009-0009-7361-8999,85199988864
59240359700,Gaspard V.,0000-0003-1460-2881,105004040465
59240362900,Konner H.,,105004069849
59240363000,Poole M.,,105004069849
59240363100,Zhou X.,,105004069849
59240428600,Morris T.,,105004069849
59240461700,Xie Z.,0009-0003-1341-806X,105036593680
59240492200,Crockett T.,,105004069849
59240492300,Allen D.,,105004069849
59240492400,Bonds L.F.,,105004069849
59240492500,Carriker M.,,105004069849
59240492600,Myers R.,,105004069849
59240492700,Robinson M.,,105004069849
59240558200,Blanco-Liz A.,,105004069849
59240558300,Jean Pierre M.,,105004069849
59240558400,Rubens V.,,105004069849
59240558500,Savage M.,,105004069849
59240623600,Paolicelli M.,,105004069849
59240623700,Newkirk N.,,105004069849
59240623800,Sy D.,,105004069849
59240655000,Griffith R.,,85200043947
59240688500,Fishman J.,,105004069849
59240753900,Brooks N.,,105004069849
59240815300,Branson P.,,105004069849
59240815400,Francis K.,,105004069849
59240815500,Riina N.,,105004069849
59240815600,Savage A.,,105004069849
59241457800,Drach V.,,85200149439
59242881300,Qi L.,0009-0006-0362-9930,105020034107
59242887000,Fernández-Vergara A.,,105044856142
59244228100,Geray M.,0000-0003-2568-5475,85200241054
59245461900,Alemi M.S.,,105001852582
59245476300,Recklies E.A.,,105046788253
59245927500,Halm W.M.,0000-0001-8436-2700,105023317314
59248047100,Ayasli E.,,85207039646
59249348900,Sorg A.,,85200543823
59249443900,Chen L.,,85200540673
59250346400,Jaffe J.,0009-0007-6396-4252,85200641349
59250391900,Wells-Dean N.,,105009510585
59250481000,Horne L.,0009-0005-1535-6725,105046189308
59250566600,Wei J.,,85217711089
59252966700,Kalwa V.,,105041716089
59252990800,Wang T.,,85208955476
59253347500,Nong T.,,85208955476
59253408900,Hammes M.,0000-0003-1177-4282,105041716089
59253500300,Gorba D.,,105041716089
59254230100,Zhang Y.,,85200924107
59254605100,Clarysse M.,0000-0002-1542-8275,105032532691
59254966600,Mrazovac A.,,85074000133
59255025500,Berden J.,,85209403266
59255610200,Macke E.,0000-0002-1512-1097,85200960360
59255677200,Jeon M.,,105029975832
59256700400,Williams-Baron E.,0000-0002-2541-5603,85200960360
59259669200,Ahonen S.,0009-0009-6006-2987,85217277551
59260235400,Lu X.,0000-0003-4781-1997,105046314367
59260549500,Fogel C.A.,,85213974010
59260613100,Kruke L.,0009-0005-0467-375X,105040087268
59263414900,Szymański K.,,85219714734
59264359700,Gaab J.,,85103062520
59265841600,Wronski L.,,85048798335
59267108800,Saputra A.W.,,85198669433
59268617900,Lall R.,0000-0003-1455-3506,105008946182
59268664900,Ludwig J.M.,,85122326232
59268822200,Simmons A.J.,,105029607261
59271121100,Cook S.,,85007339908
59271893400,Rasmussen R.H.,0009-0008-9846-428X,105048747889
59272751400,Luo X.,,105012945317
59273879400,Zhang Z.,,105030572517
59273938800,Johnson B.N.,,85150850602
59274603700,Lin H.Y.,,85201967593
59275424300,Shapsis S.,,105001650331
59277196900,Chen J.,,105005078467
59277705200,Yan R.,0000-0002-0380-8860,105023841301
59277909700,Bamberg C.,0000-0002-4875-9943,105030885690
59279314200,Umbra R.,0000-0003-1419-6633,105037741462
59280766500,Cai Y.,,105020590422
59281648700,Van Camp K.,,84964507821
59286180000,Abdala M.B.,,85201680155
59287525200,Wen X.,,85205257452
59288256300,Xu W.,0000-0001-5877-4285,105026920936
59289552000,Müller-Engelmann M.,,84872290575
59293404900,Hilboesen O.,,85201747909
59293572200,Arias N.,,85210504428
59293730400,Lirman L.,,85210504428
59293740400,Pradella L.,0000-0001-7250-5874,85207125417
59294247400,Shrestha S.,,85201768230
59297268300,Han J.,,85201965456
59298385300,Xie Z.,,105032699989
59298731700,Remsö A.,0000-0002-4715-7000,105012238232
59299679700,Graf T.R.,,85202184990
59299829200,Liu Y.,,85202216236
59300042100,Swint K.,,105027151846
59300607800,Chimbaru R.,,105038724298
59302049800,Pena P.,0009-0007-8182-1503,105003638176
59302803700,Yan W.,,105027421833
59303622900,Hiltbrand K.,,105018964611
59304055700,Zhao K.,0009-0004-9776-0408,105012561765
59304658100,Macdonald J.P.,,85202587583
59304763000,Middleton L.,,105019369217
59305345400,Ghaffari Feyzabadi J.,,105036195777
59307269800,Tan Z.,0000-0003-0609-4514,105034676961
59308263900,Rosun N.,,85202733527
59308351300,Ghezae I.,0009-0000-8656-7590,105044369270
59308908200,Norton T.,0009-0001-7280-3553,85202849264
59309222200,Lee E.I.l.,,105001083915
59309403100,Mon S.O.,0000-0001-9698-9092,85202898004
59311587000,Heinz A.,,85143660556
59315881800,Li J.,0009-0004-2352-9924,85203210826
59316274500,Keenan C.,0000-0002-8158-0769,85203281551
59318301900,Pan B.D.,,105025961866
59319007900,Bodenger J.,,85203420035
59319017700,Kilgallen K.,,85203420035
59319310200,Hillo J.,0000-0002-8122-9207,105039201563
59320573300,Gong J.,,105027421833
59322647000,Tatsumi T.,,85203630550
59324937900,Smith T.,,105046637828
59328726700,Meglathery E.,,105018928061
59328840200,Wesdorp J.,0009-0002-5750-0789,105045268841
59329924200,Margaret Y.M.,0000-0001-5043-9159,85176230350
59329950700,Dzebo S.,,105047022924
59330108200,Vupputuri P.,,105001059718
59330345300,Warren M.,,105001059718
59330581800,Hawthorne S.,,105001059718
59330608900,Clark R.,0009-0003-5574-3450,105034574961
59332702400,Stephan J.,,85204300967
59334360400,Suh J.K.,,85204363093
59335033200,Hemmen A.,0009-0007-0251-3722,105024007188
59335210100,Guerrero D.J.R.,,85204484942
59335539200,Umanzor M.J.,,85204484942
59336482700,Liu K.,,85204441582
59337770600,Lu Z.,,105002830599
59341138500,CHI F.,,85204783150
59342280200,Muktadir A.,,85218185895
59342420400,Irmayanti M.,,85218185895
59344685500,Komoto S.,,85205063753
59344687900,Hamson-Ford A.,,105009510585
59345135200,Devereux S.,,85205059246
59345182500,Wu J.,0000-0001-7728-7001,105041943633
59345290600,Pready-James O.,,105041943633
59345333400,Manome Y.,,85205063753
59347128600,Xu R.,,85205257452
59347265000,Shanahan M.,,105032125159
59347399700,Mao H.,,85205257452
59347670100,Cunningham C.,,105032125159
59347780500,Abaya R.,,105034353261
59347808900,Lattuada I.,,105032125159
59348291200,Li K.,0009-0006-7602-8191,85209882746
59350002900,Trywidiarini T.,,105007002458
59350093300,Barbosa T.,,85205391449
59350371600,Zhang B.,,85217765084
59351468600,Li D.,,85205472829
59353207000,Jeong J.,,85205529418
59353465500,Rohr B.,,105009371163
59355509600,Castulo N.J.,,105020917779
59357366100,He S.,0009-0006-7919-6908,105031284353
59358432100,Syifani G.A.,,85205781036
59358657700,Menéndez-Ferreras M.,,85205771824
59359106100,Rasquinha M.,0000-0002-1982-6975,105039450988
59359415400,Xin L.,,105004300211
59360242500,Antonio Rodríguez-Zepeda J.,,85205939738
59360791300,Brunne J.,0009-0000-2530-7939,105029628865
59361362200,Howard E.,,85206562075
59362149800,Green B.,,85216888904
59362771800,Kukula A.,0009-0002-0820-0923,85206073450
59364264000,Lappin K.,,105016734170
59364303100,Zeng Z.,,105022182819
59364664000,Quelch J.,0000-0002-2189-0685,105045548887
59364920800,Faggiana L.,0009-0000-9158-7553,85206259554
59366791500,Song S.,,85206354097
59366828300,Ackerman J.,,105003374089
59369635900,Kim K.,,85206516316
59370679600,Schwarz A.,0009-0002-0877-1785,105030207049
59370696300,Gryseels F.,,86000726011
59371707500,Younger-Khan S.,0000-0003-3047-3397,85206670860
59372903200,Knabe M.,0000-0002-7504-7319,105016815541
59373270800,Kudo Y.,0000-0002-6686-9759,105012625123
59373775200,Hu C.,,105017513451
59374920000,Eom D.,0009-0007-2737-540X,105019369217
59375060100,Loeffler H.,0000-0002-2004-5041,105010338372
59376740600,Korchagin R.,,105029714976
59376859000,Pillai N.O.,,105003471152
59377660700,Augustyn A.,,105010445755
59377660800,Michałkiewicz N.,,105010445755
59378692100,Dinis D.,,85207155208
59378860300,Gaudette J.,,105047002160
59379134000,Vanagt J.,,105018032059
59383109000,Tian X.,,85207341749
59383281600,Yamaguchi A.,0000-0002-7521-675X,85207344164
59385480200,Huang Y.S.,0009-0009-3197-4629,105039110508
59385829300,Ventura A.,0000-0003-1639-8001,85210489353
59386615900,Tang C.,,105027437140
59386824800,Xu M.,,105027437140
59390083800,Tse-min Fu R.,,85207747934
59392262900,Dymbe K.J.,,85207896883
59392885400,Zeng Q.,,85210150821
59393255800,Gosciak J.,0009-0007-2180-8147,105037075830
59393924700,Easton M.,,85208081793
59393958400,Caballero C.,0000-0002-9586-5431,85208081793
59395717400,Spriha Y.,,105036875163
59395878100,Zhang J.,0000-0001-9754-4626,105002711220
59396015800,Yuan Y.,0000-0003-0040-3320,105017274403
59397122400,Hall B.,0000-0002-7949-5274,105014766606
59397457900,Herdegen N.,,105040229019
59398532800,Mishra N.,,105014386945
59399138800,Ji J.,,105028851342
59399300500,Ibarra A.,,85208370009
59400828300,Gigante M.J.,0009-0009-6256-1296,105016102699
59400836600,Yuan L.,0009-0003-8487-7562,105003267511
59403771300,Hu J.,,105018916730
59404487600,Peterson C.,0000-0002-0092-3054,85208662406
59405216200,Tran Q.L.,,105029611594
59407522100,Zhu L.,,105001323605
59407615300,Fu J.,,105017927876
59407701100,Ni J.,,105017927876
59407701200,Wang R.,,105017927876
59408545600,Neal C.,,85208935499
59408878300,Armstrong S.,0009-0007-9833-4322,85208935499
59410722700,Nie D.,,85209084157
59412903800,Keiser L.,,85209249162
59412977000,Müller V.A.,,85209249162
59412991900,Orchinik R.,0000-0002-2457-1639,85209251700
59413736400,Rose L.,,85209386504
59414628500,DeLong S.,,85209385982
59414709600,Byrd C.,,85209403761
59418426300,Shao Y.,,105029716912
59418497200,Han Y.,,105044526082
59418677600,Qiang Y.,,105004451410
59419269700,Guo H.,,85209773473
59419747800,Dahlmann A.,,105029692176
59420660100,Song Y.,,105039203915
59421910600,Nash S.,,85210037200
59421998900,Andreeva A.,,105022491747
59422318700,Wang Y.,,105026711445
59422373300,Gurevich V.,0000-0002-8143-1683,105017667677
59422595400,Liu S.,,105026711445
59428310200,Qing P.,,105034131928
59428817100,Jose S.,,105002781025
59429402000,Knudsen E.,0000-0002-7046-9424,85089519687
59429764200,Bainbridge C.,,85150751341
59429836800,Merker J.B.,,85147676432
59430714100,Scott Z.,,85183632060
59431608300,Güven S.,,85156231647
59431805700,Haynes M.R.,,85048150153
59432591000,Day S.,,85214008772
59432859400,Shahid R.,,85175621703
59436711900,Zheng A.,,85129685284
59436895900,Ryan T.J.,,85199988864
59439121700,Hendricks-Benton A.,,105039794809
59439883400,Reed T.L.,,85210382399
59440273000,Laplante J.,,85210382399
59440291600,Wang C.Y.,0000-0003-0900-3905,105006508993
59441614800,Hou R.,,85210451525
59441619200,Zhao W.,,105027437140
59443884400,Shen X.,0000-0002-8252-6123,105046430161
59447108000,Magel B.,0000-0002-7731-9613,105037028749
59451433800,Zhang J.,,85148476743
59452055500,Guo F.,,105027970339
59452413100,Zheng L.,,105010893570
59452868400,Rusnak A.,,85210766795
59453939600,Aldridge A.,0009-0006-0832-9371,85210846977
59454136200,Starman T.,,105000152224
59454528900,Störmer V.S.,,85117833318
59454569700,Hänggli R.,,84938421606
59454752400,Adams-Fuller T.,,105000152224
59454813000,Lu Q.,,105044619621
59454930300,Alfonso S.L.,,85200547541
59455876200,Olatunbosun S.,,105046888244
59455913900,Tavarez L.,,85210934251
59456353700,Nguyen T.,,105045234097
59456509500,DePretis R.,,85210945726
59457490400,Saeed Z.,,85210945726
59458967800,Thu T.T.T.,,85211165388
59459214100,Chiu W.,,105026897717
59459463700,Thao Y.B.T.,,85211165388
59459710800,Smith J.W.S.,0009-0002-1139-3834,85211107624
59459951200,Thu N.H.,,85211165388
59459951300,Phuong H.D.T.,,85211165388
59460304700,Wunderlich A.,0009-0001-0607-9747,105032499106
59460857500,Hahn L.,,85211137112
59461910900,Schoch M.,,105034645576
59462338500,Sawhney U.,,105044642769
59462706300,Schroth L.S.M.,,85215568278
59463768300,Stammann P.,,85211349082
59463901400,Schmidgall D.K.,,105046799706
59466879200,Yao Y.,0009-0002-3376-5993,105005796131
59468532400,Qasim M.,,105040963706
59469007700,Yehle L.,0009-0009-2038-4148,85213848237
59469318000,Filipova V.,0009-0008-0316-0030,85211772966
59470874000,Zhou Y.,,85211934873
59471003600,Chen H.,,85211934873
59471498400,Daur V.,0009-0005-0776-6679,85211972153
59471642400,Brugger V.,0000-0002-7699-9362,105045922287
59472937300,Helbing A.,0009-0008-5957-0995,105002984584
59474156600,Somers S.,0000-0001-7865-8847,85212224926
59476067400,Garcia M.,,85212284360
59476168300,Harral B.,,85212284360
59476172500,Ma K.,,85212274402
59476379100,Xu C.,0009-0002-3066-4417,105029773920
59477025100,Nichols J.,,85212322901
59478180300,Shetty A.,0000-0003-2659-0515,85212432231
59479176900,Vásquez Salazar J.C.,0000-0001-6812-477X,85212466265
59479626800,Cruz Lathrop R.,0009-0006-3431-4923,85212466265
59482377700,Feng K.,0000-0002-9825-5612,85212713877
59483096700,Asticher L.,0000-0003-3528-4640,85212767692
59483345800,Zhou M.,0000-0002-5436-8471,105019245099
59483621200,Teng W.,0009-0008-3887-6928,105019245099
59484294400,Zhi H.,0009-0003-0854-4715,105019245099
59488390500,Xue D.,,85213232991
59489471000,Chohan S.S.,0009-0003-5504-6161,85213277637
59489678300,Zhang J.,,85213232991
59489802400,Chen Q.,0009-0009-5123-3713,105045248774
59490179800,Gillissen M.,,85213307578
59491716600,Wen J.R.,,105028851342
59492351200,Yu J.,0000-0001-9189-7551,85213445001
59494171900,Nieuwenhuizen E.N.,0000-0003-0199-8848,105024575250
59497543100,Nunez C.V.,,85213851530
59498133600,Maxie J.S.,,105022595761
59499186700,Brown A.,,85213974010
59500435500,Degirmenci T.,0000-0002-8747-7682,105001063038
59501287500,Bösch J.,0009-0004-8710-4415,105042664032
59505081600,Geoghagan L.,0009-0002-7732-9915,105011671586
59505571800,Quiñonez-Toral T.,0000-0003-0232-559X,105019611411
59505574500,Quintero S.,0000-0003-3902-1522,105001387392
59505638600,Liu J.,,105002561455
59508464100,Kjøller F.K.,,105042632929
59508567200,Kuz C.,0009-0004-3118-5201,105034981092
59510920700,Hofmeister S.,,85214796267
59513840100,Mao W.,,105006410581
59514237500,Guo H.,,105006410581
59516734500,Purzycka A.,,85194740272
59517636500,Scoggins H.,,85215274157
59519441500,García A.I.L.,,85215373432
59521215400,Xi J.,,85215597435
59521283900,Xu S.,0009-0004-8951-4725,105028007964
59521333200,Łotoczuk M.,,85215629624
59521378200,Li H.,0000-0002-8747-3227,105017393919
59521488900,Yakhlaf A.,0009-0001-4219-083X,105048121011
59522133600,Wang Y.,0000-0002-4263-0890,85215590876
59522750800,Kinsley Chewning T.,0000-0003-4407-9788,105046899295
59524265400,Garibay A.,,85215764085
59524372400,Ryf S.,0009-0009-6614-2910,85215764085
59525472400,Hammer S.T.,,85215862580
59527300300,Xu H.,0000-0002-5363-6737,85215988295
59529038800,Silva J.O.d.S.,,85216074817
59529353800,Saude K.,0000-0001-6842-596X,85216077624
59529494400,Aichinger M.,,105004674181
59531149200,Gonzalez D.,,85216251753
59531472200,Williams M.,,85216215252
59531817100,Rocha L.,,85216215252
59532147700,Henrey S.,,85216215252
59532213400,Zhang Z.,,105018835320
59533349000,Buongiorno Sottoriva C.,0000-0002-3434-6435,105016184441
59533949500,Yi X.,,105002322896
59535015200,Stottman S.,,105039794809
59535123200,Reuss L.,,105039794809
59535123300,Clevenger F.,,105039794809
59535351000,Timár E.,,85179164179
59535573500,Sowders T.,,105039794809
59535573600,Beilman B.,,105039794809
59535643100,Ma N.,,105033817071
59535684200,Mattingly J.,,105039794809
59538628700,Block R.,,85216671878
59541005600,Rico Navas L.F.,,85216838773
59543133200,Gabler D.G.,,85216943643
59543437400,Quintana Licona D.A.,,85216943643
59544670500,Duan Q.,,85217042951
59546496100,Wakefield D.,0000-0003-1675-7190,85217161362
59547946800,Zhou H.,,85217236784
59547958400,Burchartz L.,0000-0003-0098-1593,105039447552
59548208000,Zatsarnaja J.,,105018203647
59548461900,Sandoval A.A.,0009-0001-2416-1605,105020927792
59548636300,Hollaar M.H.L.,0009-0003-6825-1412,105011300738
59549655200,Pan X.,0009-0005-7997-7643,105007699702
59550034800,Berk N.,0000-0002-7454-4129,105002226569
59551428800,Robbins K.B.,,105003189389
59551428900,Sedai P.,,105003189389
59554151800,Pegels H.,,85217708017
59557395200,Oldac B.,0009-0000-4770-8151,105003773972
59558155200,Takagi K.,0009-0007-2895-4315,105041118309
59559836000,Lv H.,,105044619621
59560160900,Alparone D.,,85217912858
59562032400,Leong Y.Y.,0000-0002-2230-5361,105041055052
59562167500,Dell'Acqua F.,,105001644395
59563580600,Ngo V.G.,,85218185895
59563580700,Lacia M.,,85218185895
59563600000,Hernandez N.,,105000115090
59563656800,Nguyen G.,,85218185895
59563734200,Meirmanov A.,,85218185895
59564412200,Nittel R.,,105001825061
59564469000,Lobo D.,0000-0002-8675-7447,85218245112
59564515700,Göthert H.,,105001825061
59564515800,Konermann S.,,105001825061
59564621400,Cantzler J.,,105001825061
59564724400,Neureither E.,,105001825061
59564927900,Lotz J.,,105001825061
59565027600,Hartung S.,,105001825061
59566926200,Dincer E.U.,0000-0002-7072-8625,105003482416
59569448600,Antwi M.O.,,85086004902
59571668600,Sanders G.,,85118291069
59573511100,Sobrino F.,,85214999919
59578142200,Shao W.,,85093697794
59579728500,Cao C.,,85026369863
59582303500,Tohidi A.,0000-0003-4572-9834,105001425101
59583277600,Hsu Y.C.(.,0000-0002-0972-3016,85141401860
59587613600,Fisher J.,,85100108236
59587893400,Ni X.,,85180843295
59591598300,Lee N.,,105036401114
59593508300,Veselý A.,,105008804549
59595629500,Xu P.,,85165944053
59613435900,Xu Z.,0000-0003-1656-3484,105044526082
59613762900,Aydin S.,,85083631943
59614249400,Kim K.,,85057218952
59618166400,Wang Q.,,85057869448
59622398000,Yang T.,,84874558255
59627019700,Scott G.P.T.,,81055123996
59629458100,Kenny P.,,85211772966
59633548900,Liu P.,0000-0003-4929-0531,85176941859
59636246600,Chen J.,,86000732457
59639980500,Liu X.,,85210150821
59647896700,Kovalska Y.,0000-0003-1981-2255,105004442973
59648362400,Bensen L.,,105014446863
59648559700,Lerner A.,,85218692777
59650160400,Varkentin E.,,105047980195
59650806900,Wang Q.,0009-0003-1438-3153,105026920936
59653094600,Weber C.,,85218812331
59653381200,Giovannetti F.,,85218812331
59653631100,Lu Y.W.,,105041168703
59653631200,Wang H.Y.,,105041168703
59653830900,Wolff J.N.,0009-0005-1745-6738,85218833875
59654076300,Feng S.,,105020979552
59654099800,Gallagher L.,,105009050855
59656844700,Lucas C.,,84922231765
59658630100,Stout G.,,105027587287
59662162000,White J.,,105011879767
59662987900,Sanhueza Petrarca C.,,85210917338
59667428400,Zhao X.,,85086908064
59667667700,Isaeva E.,,85219679864
59667903600,Dai Y.,,105025722573
59668270100,Seki M.,,85219679864
59670753800,Sganzerla L.,,105024779795
59672669800,Chargaziia L.,0000-0002-8033-6377,105013176186
59673053600,Kapell A.,,105002657174
59674808600,Yu X.,,86000352682
59675593600,Bamrick T.A.,,86000425392
59676170800,Lin S.H.Y.,0000-0002-9233-2357,105012778983
59676375300,Li J.,0000-0003-4898-7601,105047118265
59676377400,Hopkins S.A.M.,0000-0002-3560-7393,105013641547
59677258900,Lee E.K.,0000-0002-9190-5467,86000645728
59680344200,Siff T.,,105012935442
59681153100,Rovelo A.,0000-0003-2271-9174,86000761890
59681912900,Hyde A.,,86000761890
59693511800,Nalewajko K.,0000-0003-1689-5454,105030609933
59693721900,Wesemann Lekkas H.,0000-0003-2072-7760,105000011283
59694725700,Estruch-Garcia C.,0009-0001-0343-2031,105026148520
59695295800,Smets E.M.A.,0000-0002-8145-8595,105016381894
59695572200,Laloli S.,,105000168411
59695726800,Meng C.,0009-0002-8959-7757,105047788609
59696083600,Chen J.,0009-0002-9367-7573,105029050762
59696154600,Wang J.S.,,105000414839
59696273800,Seki L.,,105034780090
59698544700,Gasten A.,,105000264575
59699872100,Nomura N.,0000-0002-2839-0966,105000448614
59700087200,Rametta J.T.,0000-0002-9841-146X,105000368073
59700112700,Liu J.,,105019689005
59700112800,Lyu Y.,,105019689005
59700311500,Yang G.,,105019689005
59700864500,Odeh Y.,,105000547765
59701164500,Castro Aponte W.V.,0000-0001-7426-0284,105043186224
59701164600,Ñaupari Molina R.,,105043186224
59701239600,Xiao S.,,105020739241
59701635100,Nørregaard I.,0000-0002-8631-2026,105044084325
59701767400,Fleming F.,,105000547765
59701847600,Jiang H.,0009-0006-9575-3575,105000556257
59702060800,Oré Gálvez S.F.,,105043186224
59702089200,Huffman N.,0009-0007-4641-2077,105031569563
59703271500,Cely T.,0000-0002-3821-1386,105036645772
59705774000,Cella L.,0009-0006-6000-9906,105046671762
59705920000,Hua X.,0009-0002-3449-8516,105008544976
59706342100,Zuo L.,,105046798882
59710026400,Jiang L.,,105002322896
59710124900,Morina D.,,105001109293
59710434700,Jiang M.,,105012945317
59711011100,Özgüç L.E.,0000-0002-4561-1601,105025403460
59714726600,Liu W.,,105001345076
59715783400,Park H.,0009-0008-1873-8560,105029697950
59715783500,Jung J.,0009-0006-4974-8580,105029697950
59718063000,DeSalazar M.,,105001546538
59719955600,Luna-Lopez S.,,105001639207
59720066300,Glazer A.,,105001639207
59720226800,Jung D.E.,,105001639207
59720282000,Smith M.S.,,105001639207
59720762100,Muhammad J.W.,0000-0003-3707-2326,105001722280
59721298800,Chen J.,,105047562795
59721298900,Duan H.,,105047562795
59721724900,Cui G.,,105046660775
59723249600,Rand G.,0000-0001-8975-2783,105001867884
59724553300,Cameron C.,,105001939816
59726509400,Kuntze L.,,105002030341
59727125900,Miller C.J.,0000-0002-0632-1484,105048002750
59727372400,Hunter T.,,105002062900
59729485000,Campbell-Bethancourt E.,0009-0007-7441-8214,105002237717
59733287000,Bartz L.,0000-0001-7260-088X,105026494277
59733553100,Lee J.,0000-0002-6341-0352,105028320603
59734081100,Fajardo G.,,105004986212
59736040600,O'Shea D.,,85105602456
59736270000,Chen S.G.,0009-0003-9144-5290,105002593522
59736300900,Segrè Cohen A.,,105010677045
59738337400,Kreisberg A.N.,,105002692041
59740440000,Agostini J.,,105002781025
59741201100,Fiore E.,,105023672249
59741380800,Kuck I.,,105035034535
59742349900,Fu G.J.,0009-0008-2477-9473,105035236611
59742396800,Liang Z.,,105039240168
59744487600,VanDreew B.M.,,105002968107
59745186200,Laflamme F.,0009-0003-0336-407X,105039334969
59747461200,Green E.B.,,105003293031
59748326300,Smith A.L.,0000-0003-0502-2957,105003226436
59749395200,Stalcup M.,,105003320249
59749897300,Urena Hernandez C.,,105003302298
59750605100,Calderón-Hernández B.,,105023998339
59751469000,Gere D.,,105008209441
59752071400,Yang F.,,105003398991
59753780600,Han J.,0000-0002-4799-4466,105003583469
59760145400,Matthieβ T.,0009-0001-2514-1411,105003892433
59760838400,Ehrhardt N.,0009-0009-3380-8608,105046025628
59762136800,Nick A.E.,,105039801225
59763341500,Savoy J.,,105004040465
59763800000,Bailey K.,,105004069849
59767515700,Colquhoun A.,0009-0000-8236-9749,105042066641
59767740300,Faure M.,,105004189964
59771640800,Jiang X.,0009-0004-3316-7840,105036437225
59771668600,Liu C.,,105031136727
59771816800,Ghazaryan L.,0009-0004-6104-3917,105004264301
59772407400,Wang L.,,105004300211
59772502500,Zhang Y.,0009-0001-2658-8573,105036437225
59773878200,Chen D.,,85083050011
59778285300,Scott Z.A.,,85032863334
59781035100,An C.,,105004472123
59781152800,Baker J.,,105037129797
59781211200,Fulmer C.,,105004432185
59781386400,Tan X.,,105004472123
59781743200,L. Kordsmeyer T.,,105004475485
59781772900,Bae J.,0000-0002-5036-6321,105032133308
59781923900,Lü X.,,84883485500
59782008400,Wu V.,,85162185399
59782801200,Wu V.,,85106950513
59783435100,Chen K.Y.,,85164844233
59783644300,Kim T.K.,,85190416577
59786096000,Olcott J.,,105004481633
59787285200,Pond J.,,105004481633
59795172200,Robinson T.S.,,85061289450
59795519800,Ludwig J.,,105004674181
59796273000,Lin J.,,85091800462
59797062400,Li L.,,85186641135
59800298300,Price C.,,85158145811
59800311900,Zhuang J.,,84983672061
59804772300,Kim M.,0000-0003-3441-2938,105001552521
59808678000,Flores A.,,85041537528
59808966200,Miller D.R.,,85217166910
59809244300,Karabegovic M.,0000-0001-5707-851X,85181695148
59813824600,Lu W.,,85176929059
59814133800,Powell T.,,85187449895
59817217400,Reynolds H.,0000-0003-0784-8904,85177026864
59817234600,Chen Y.,0000-0003-1603-1824,105029716912
59817750300,Tkacheva O.,,85144369776
59820880300,Gray J.M.,,85132703352
59824296700,Redmond D.,,85115751581
59824833900,Ellard J.H.,,85047331594
59824902100,Cai Y.,0000-0001-5125-2556,105017927876
59826062000,Ireland L.,,85089375610
59827096300,Shrestha N.,,85090893536
59829027400,Chiang Y.S.,,83555165079
59831092500,Smith T.G.,,85190816427
59833512900,Lee J.H.J.,,85162677133
59835109800,Lee J.,,85074561575
59836080400,Lawrence M.,,85084674495
59836599400,Nelson S.,,84978383963
59838798800,Wang Q.,,85133865161
59838884700,Zhang J.,0000-0002-2909-4552,105024236966
59840670700,Laine T.,,85064149443
59840760600,Schulze H.,,85171775643
59841135000,Kim Y.W.,,84983347816
59843001100,Pittman R.,,85109252997
59843748900,Phillips J.B.,0000-0002-2984-4472,105029176272
59843757800,Ingram T.A.,,85054137181
59846058000,Hunt J.,,85127961015
59847096600,Van der Linden M.,,105028420266
59849057000,Yeh P.C.,,84951814222
59849058700,Lyons B.A.,,84955245459
59849542700,Savvopoulou M.,,84929940704
59850923100,Pyskir A.,,85113881377
59851215600,Schwartz L.,,85056571324
59854283600,Taylor C.J.,0000-0002-3851-4686,105040689204
59858332800,Lee Y.S.,,85185801635
59859508900,Davis J.M.,0000-0002-9255-9914,85190415526
59862904400,Gallien S.,,84870656540
59862909800,Doering J.,,85173221804
59863939300,Cabrera L.,,85131762118
59866555100,Bourguignon D.,,85165498499
59866898900,Juhl S.W.L.,,85160259676
59867403600,Leenders R.T.H.A.J.,,85097015205
59877335800,Skovlund E.,,85108030322
59877356900,Miles C.,,82155163801
59878293600,Berlin M.,0009-0004-4608-2790,105020595804
59878917300,Liu J.,,85184186489
59881491300,Yang F.,,85161063381
59883660000,Wang G.,,105018835320
59885278800,Lu H.,,85063273738
59885544500,Flynn D.J.,,84981713394
59887773500,Pereira A.,,85116383416
59890643000,Yang L.,,105002322896
59892925000,Oduro F.,,105020917779
59893164600,Claus D.,,105047190761
59894307500,Rocha K.N.,,105004889632
59895334500,Granados-Zambrano P.,,105004986212
59898012500,Hughey S.,0000-0001-9447-858X,105015203743
59898111800,Artemenko V.,,105005230657
59898157300,Mansour L.,,105046637828
59898479400,Grünewald M.,,105005205479
59898807300,Geib N.,0000-0002-2122-5677,85195572298
59899034100,Han D.,0009-0009-4826-1860,105012778885
59899613600,Grip A.d.,0000-0002-1975-4553,105039156533
59903828000,Roskos-Ewoldsen A.,0009-0007-9892-1180,105005553267
59904123200,Luo Y.,0009-0000-3645-3632,105046360035
59904191900,McKenzie R.E.,0000-0003-0054-9354,105019365223
59904466900,Di Crescenzo A.,0009-0001-7885-8889,105044379006
59904762000,Dahm P.C.,0009-0009-8269-5785,105005545864
59905544600,Serra L.,0009-0004-0420-3566,105005605553
59905588100,Askew C.,,105005597308
59905683600,Scholten M.,0009-0006-8853-6812,105009421882
59905892500,Krogh Madsen J.,0000-0002-5186-6299,105005574189
59907249400,Paynter R.A.,,105005777458
59907457700,Carstens A.,0009-0007-8026-7766,105005736035
59909437300,Kakimoto K.,0009-0005-6407-1128,105041502101
59909698400,Park R.G.,0009-0002-1302-5963,105029516576
59910260300,Kroken V.,,105005871889
59911282800,Zhang J.,0009-0004-9395-7406,105046112242
59912975900,Le Q.,0000-0002-2730-7016,105041026145
59914349200,Wang R.,0000-0003-4726-7717,105041026145
59914790600,Gao Y.,,105006703197
59915070500,Meng Q.,,105006718847
59915250400,Li S.,,105006718847
59915828500,Smith J.,,105024409055
59916026400,Liu F.,,105006465662
59916850000,Wu L.,,105006465662
59917062000,Guinn A.D.,,105006762653
59917706000,Yin S.,,105006740391
59918187700,Li N.,,105006740391
59918748200,Hu J.,0009-0009-2072-9206,105006800818
59918994300,Wang C.,0000-0002-8876-2207,105039232120
59923489400,Leng N.,0000-0001-9590-8641,105018525873
59923779600,Keklik Z.,0009-0009-5715-221X,105007031283
59923806900,Theis R.,,105007045543
59923958500,Howard J.,,105007038737
59923994400,TerzioǦlu B.,0000-0002-1479-3772,105007031283
59924814900,Reed K.M.P.,0000-0003-3476-4706,105007094973
59926336400,Cole B.,,105007159001
59926507600,Schade M.,,105007145263
59926932700,Zhu Y.,,105007135249
59933541700,Myeong S.,0000-0002-6730-2770,105042744840
59933855800,Berns M.R.,0009-0004-6414-8781,105007530933
59934035700,Kronenbitter L.A.,0000-0003-2159-3901,105007530933
59934933000,Lai X.N.,,105046975181
59936372000,Sonntag M.S.,0000-0002-6546-1276,105015157804
59936955700,Chen J.,,105007783263
59937417400,Zamora J.,,105007699702
59937853700,Xu J.,,105007783263
59937853800,Lan Q.,,105007783263
59938214100,Zhao M.,,105044619621
59938523800,Wu N.,0009-0001-4886-3310,105031155257
59939253400,Xu Z.,,105040977474
59939463200,Liang S.,,105047744800
59939644800,Xiao Q.,,105036299734
59939995200,Chen X.,,105036299734
59940597100,Ibagón N.J.,,85184161720
59940852400,Möbert A.,,105024000197
59941065400,Barbieri A.,0009-0009-0513-4060,105007864689
59941166500,Masling A.,,105024000197
59941419500,Chen L.,,105007943553
59941717000,Schweizer-Robinson V.,,105007880008
59945078100,Herlihy M.T.,0009-0006-9983-6722,105008078337
59946514200,Lust E.,0000-0001-9436-462X,105037829830
59947154000,Choi B.E.,0009-0001-4146-8625,105008219912
59947763400,Nah K.,0009-0000-2814-0847,105027421833
59952479200,Chen C.,,105008433920
59953050200,Holmes A.R.,,105037620424
59954558100,Lai Y.,,105008579688
59956355100,Bogdanowicz G.,,105008646486
59959488800,Weiß A.,,105008861586
59960744300,Yu J.,0009-0000-8981-9634,105027421833
59962331000,Lilly A.,0009-0001-2506-6300,105008999594
59963499600,Carter K.L.,0000-0003-4034-7618,105016100903
59968456500,Iliescu M.,0000-0002-9648-3451,85166440803
59969008800,Li X.,,105039673112
59969914300,Antoniou G.,,105009510585
59969914400,Cederlund L.,,105009510585
59969914500,Guglani G.,,105009510585
59969914600,Kviatkoyskyte R.,,105009510585
59969914700,Lee J.X.,,105009510585
59969914800,Pliego A.B.,,105009510585
59969914900,Rhone-Parkinson N.E.,,105009510585
59969915000,Wood G.,,105009510585
59969915100,Addicott C.,,105009510585
59969915200,Butler J.,,105009510585
59970026900,Chana R.,,105009510585
59970027000,Dookheea K.,,105009510585
59970027100,Kemalesh T.,,105009510585
59970027200,Ujobundo B.,,105009510585
59970027300,Heard C.,,105009510585
59970027400,McCarthy T.,,105009510585
59970027500,Sabo J.,,105009510585
59970142300,Masuleh S.V.M.,,105009510585
59970142400,Modi P.,0009-0000-9696-7547,105009510585
59970142500,Rizzo-Powell T.,,105009510585
59970142600,Sobolak R.A.,,105009510585
59970142700,Vijayakumar B.,,105009510585
59970142800,Wallis L.,,105009510585
59970258600,Asmarani D.,,105009510585
59970258700,Bowhay J.,,105009510585
59970258800,Khan S.,,105009510585
59970258900,Lewis R.,,105009510585
59970259000,Phan M.,,105009510585
59970259100,Raman S.,,105009510585
59970259200,Zahid Z.,,105009510585
59970348700,Speer M.B.,,105040569258
59970376700,Hostafci E.B.,,105009510585
59970376800,Jahanzeb S.,,105009510585
59970376900,Karoui L.R.,,105009510585
59970377100,Simony A.,,105009510585
59970377200,Thompson M.,,105009510585
59970377300,Hatton T.,,105009510585
59970485100,Arent S.,,105009510585
59970485200,Joseph G.K.M.,,105009510585
59970485300,Nguyen V.,,105009510585
59970485400,Yang C.Y.,,105009510585
59970594400,Boulton C.,,105009510585
59970594500,Wernick M.N.,,105009510585
59970707900,Allen T.,,105009510585
59970708000,Binns N.,,105009510585
59970708100,Hood H.,,105009510585
59970708200,Jones K.,,105009510585
59970708300,Logan O.,,105009510585
59970708400,McCulloch R.,,105009510585
59970708500,Nakro S.,,105009510585
59970708600,Ramsay A.M.H.,,105009510585
59970710100,Nukui H.,0000-0003-0453-5152,105009501936
59971094100,Hsaio Y.,,105009524946
59971311600,Karceski S.,,105009524946
59971330000,Muldowney S.,0009-0005-5430-4290,105009546258
59974102600,Wang J.,,105024242751
59974490400,Bode S.,,105009712769
59975044500,Rodolpho B.S.,,85123284003
59975941300,Zhao Z.,,105009831682
59976006400,van den Bergh J.,,105009831386
59976443100,Grushetsky A.,,105026243740
59978666900,Feder J.,,105009876071
59978809000,Treptow R.L.,0000-0002-0524-9062,105009876071
59979143800,Pant S.,0009-0000-9638-5619,105014386945
59980852200,Park J.S.,,105010119991
59981269500,Flatholm M.L.,,105010136456
59983428200,Nakaweesi S.,,105028028025
59983480400,Molnar M.G.,,105010269457
59983500400,Cui Z.,,105010285430
59983644600,Mbabazi R.,,105028028025
59985634600,Niehues D.,0009-0000-1378-8923,105010306210
59986218500,El Haj M.,0000-0003-0698-5747,105010332441
59986381700,Peetz V.,,105010306210
59986500700,Mariano N.,0000-0001-6528-4364,105010346768
59987287300,Ankoudinova K.,,105018928061
59988415700,Kim J.,,105048945383
59988424400,Wu Z.,,105010517539
59989166200,Granstaff U.S.,,77954127712
59994612500,Vaughan S.,,85099613976
59995915700,Gruber R.,,105010610792
59996382200,Yang F.,,105010585341
59998532400,She S.,,105010717715
60000321800,Wu C.,,105016823680
60000383800,Borchert J.,,105010973131
60001043400,Su L.,,105010893570
60001140900,Rojas D.,0000-0002-8902-1224,105014753885
60001274800,Zhu Y.,,105010893570
60001284600,Lehmann Nielsen V.,,105010973131
60002051800,Fu Y.,,105010912082
60002234700,Xu Y.,,105010912082
60004862500,Neville C.M.,0009-0007-3781-1404,105011067715
60007039400,Shi S.,0009-0007-4387-3070,105039663685
60007242500,Vuk V.,0009-0004-8147-0828,105045091300
60007979900,Olson L.P.,0009-0006-8467-3051,105031569563
60008132200,Chen Y.C.,,105011277248
60008643400,Butler T.,,105011333746
60008971700,Connides-Smith C.,,105026794788
60009008000,Cummings S.,,105026794788
60009155200,Fairweather E.,,105026794788
60009189100,Whalley P.,,105026794788
60009469200,Sun H.,,105011355086
60009788400,Snelling K.,0009-0007-1760-9727,105011352996
60010490400,Wei Y.,,105011355086
60010720400,Poh P.,,105011346615
60011122700,Dall’Olmo Riley F.,0000-0002-5546-5142,105049022237
60014294400,McLaurin S.,,105039914190
60014294500,Speer K.,,105039914190
60014728100,Brenna K.,,105039914190
60014738700,Koob S.A.,0000-0002-7053-1507,105028453912
60014738800,Smid S.,0009-0007-3878-3986,105011652073
60015083800,Tanaka K.,,105044351057
60015216000,Kito T.,,105044351057
60015296500,Cheng W.,0009-0009-0717-6504,105027421833
60015822000,Jiang Y.,,105011694628
60018037900,Fang S.,,105011879767
60018042700,Girard A.,,105011879767
60018855800,Alshedi A.,0009-0002-8607-1338,105041448429
60018857500,Hitchins K.,0009-0006-9890-5941,105011955339
60021600800,Buck T.,,105012122409
60022310300,Meyers O.,,105012122409
60022310400,Sedig Q.,,105012122409
60022500800,Alahmadi E.,,105012122409
60026277900,Lamesse F.,,105012405457
60026579200,Salim S.,,105040689204
60026769700,Clerici E.,,105012398380
60027966600,Guan Y.,,105012427089
60029499300,Nguyen K.K.,0000-0002-8401-5044,85087411027
60030194900,Alexander A.,0000-0002-2032-1501,105012585627
60032059000,Bussey P.T.,0009-0003-2578-2010,105047507657
60034161700,Minardi A.,,105012831895
60034400700,Cook N.,0009-0004-3383-7277,105012893685
60034551600,Johnson M.,0009-0006-4780-3136,105012893685
60036226900,Heinze A.R.,0000-0003-2763-5439,105020639706
60036297400,Kilpatrick L.N.,,105012930224
60041634100,Lv Y.G.,,105046975181
60041652400,Albrecht N.,,105013239555
60046296300,Zha D.,0009-0009-4105-4113,105035740551
60050777400,Cowan M.,,105013501277
60050965100,Peng B.,,105013505742
60050974100,Curran N.M.,0000-0002-6477-8730,85107501518
60050995900,Yang H.,,105046314832
60051251100,Wang Z.,,105013505742
60051295000,Silvers E.J.,,105013484489
60053664900,Luebeck C.A.,0009-0006-5718-6485,105013641547
60053973600,Li A.,,105046868270
60054136500,O'Gorrman K.C.,0009-0003-5434-0975,105013641547
60054459300,Sherlock J.J.,0009-0000-3718-0373,105013641547
60055106800,Lee S.,0000-0002-9825-0854,85096376217
60055938600,Ingles T.,,105025533322
60055975800,Hocking N.J.,0009-0008-7409-9329,105013799443
60056197700,Pu J.,0000-0003-3560-6064,105013794045
60058459800,Vogel E.,0009-0009-7593-1081,105013879777
60058830400,Szabó K.,,85189655392
60060281500,Lesaoana N.,,105034430104
60066206900,Childree A.,,105042603565
60068153500,Trippini A.,0009-0004-1910-1060,105035021932
60068406100,Cui M.,,105043545007
60069148300,Shapiro I.,,105014146854
60071688700,Joo Y.K.,,105034023681
60071964800,Nedoluha R.D.,,105014324991
60072270500,Saadawi M.N.,0009-0001-0599-816X,105014324991
60074706900,Arrenius B.,,105014391175
60074765700,Zhang Z.,,105047992789
60074812500,Lee J.,,105014408667
60074864900,Smith K.N.,,105014421524
60074953000,Graham S.,0009-0000-2190-3880,105014443993
60075031700,Shook C.,,105014391175
60079606600,Pyo A.,,105030590156
60082190200,Carhuallanqui Ibarra S.D.,,105043186224
60082329400,Zhu Y.,0000-0002-9567-8900,105014888336
60083104600,Zhao W.,,105047489822
60083547500,Edwards L.,,105014926557
60084108500,Bassamboo A.,0000-0001-7758-4751,105046244640
60084241700,Symoom T.,0000-0003-3420-0011,105029353574
60085846200,Walker E.,0009-0008-2577-4762,105022842647
60085885700,O'donohue A.,0000-0003-1390-7800,105015076143
60086446000,Thew A.,0009-0006-9363-0440,105027548046
60089202300,Hong G.,,105048945383
60090297300,Choi J.H.,,105031357674
60090299100,Ferrin A.,,105015521246
60090299200,Vannewkirk J.,,105015521246
60090306100,Banovic M.,,105015482028
60090494000,Anderson C.,,105015521246
60090494100,Robinson J.,,105015521246
60090690300,Yu J.,,105015521246
60090694900,Xu H.,,105029005690
60090695000,Zhu L.,,105015473758
60090847400,Sangha R.,,105015555409
60090866100,Lu Y.,,105018916730
60090874500,Zheng B.,,105015521246
60091005300,Cai S.,,105020303005
60091070700,Wang M.,,105015521246
60091260400,Briman E.,,105015521246
60091460300,Hampton C.,,105015521246
60091460400,Malhotra E.,,105015521246
60091460500,Sugerman L.,,105015521246
60091581400,Bredesen R.,,105015560041
60091829300,Hodgson O.,,105009167724
60092834700,Garg A.,,105015486719
60092953500,Laukamp J.,,105015486719
60093143700,Evans J.H.,,105015421481
60093191500,van de Pol F.,,105015486719
60094730400,Beck J.,,105015421735
60096356600,Chadwick S.,,105015786678
60097844900,Özturan B.,,105015849990
60098592000,Fajors M.,,105015995549
60098592100,Lavigne J.,,105015995549
60098592200,Nottley G.,0009-0007-1327-160X,105015995549
60098592300,Perce J.,0009-0009-8164-0336,105015995549
60098592400,Tuchler A.,0009-0002-4259-070X,105015995549
60098732800,Antoan D.,,105015995549
60098732900,Chiang N.,0009-0000-7716-0983,105015995549
60098880200,Dearman S.,,105015995549
60099023500,Lin I.,,105015995549
60099023600,Marinez Z.,,105015995549
60099160100,Huang D.,,105015995549
60099160200,Husseman E.,,105015995549
60099160300,Santos E.,,105015995549
60099160400,Sokhi N.,,105015995549
60099160500,Li Z.,0009-0005-1966-4063,105015995549
60099300000,Maheshwari N.,,105015995549
60099451700,Espejel S.,,105015995549
60099451800,Sole C.,,105015995549
60099604400,Udinsky J.,,105015995549
60101672100,Reardon B.E.,,105016113585
60103294400,Schulz M.,0009-0004-7843-2193,105016275313
60103909500,Vifian B.,,105016381567
60105489800,Lopez B.,,105016469795
60105581200,Aguirre F.,,105016477922
60105611200,Wang X.,0000-0002-0112-2312,105016494283
60105943300,Langham N.,,105016469795
60106472500,Rajawat A.S.,,85143828859
60106979100,O. Allen M.,0000-0002-3775-0628,105016701947
60107037400,Jia Y.,,105038713927
60110606700,Jüngert A.,,105016815541
60110606800,Ruhdorfer B.,,105016815541
60110648700,Zhao J.,,105016790277
60110792600,Weber E.,0009-0000-7637-8526,105016815541
60110840400,Lan X.,,105016790277
60110886300,Bergunde F.,,105016815541
60110960100,Yan J.,,105016823680
60110974000,McTassney M.,,105016815541
60111013400,Jin M.,,105016790277
60111042100,Lütjens D.,,105016827169
60111129700,Tan X.,,105016823680
60111129800,Dai M.,,105016823680
60111143800,Hahn N.,,105016815541
60111143900,Kammermeier K.,,105016815541
60112941300,Irving M.,0000-0002-3609-7006,105045913895
60114096700,Pandey Y.,,105019921140
60116639800,Jongerius S.,,105019107189
60117236300,Evans D.,,105017300224
60118863100,Hardesty A.J.,0000-0001-9598-4695,105017403852
60119047500,Jenkins N.R.,,105017403852
60119326600,Zeng Y.,0009-0007-3650-2829,105029671836
60121182600,Liang G.,,105017513451
60121182700,Zhang P.,,105017513451
60121198100,Grauley A.B.,0009-0009-3883-0548,105017473813
60121233500,Deng L.,,105017513451
60125489500,Zorn A.,,105017737364
60126505200,Burda K.F.,,105041458788
60127474200,Yu K.L.,,105028554818
60127782600,Wiesner A.,0000-0002-2038-2523,105017870659
60129391500,Remmelgas A.,,105017973348
60129621800,Krajuškina M.,0000-0002-1449-5281,105017973348
60129687300,Tüzün K.B.,0000-0003-3742-3632,105018012857
60132324500,Wang X.,,105018177767
60132732800,Luo Y.,,105018177767
60132884500,Mugglin L.,,105018202369
60132929300,Murahwa B.,0000-0002-1596-3227,105018202369
60134825700,Jones P.,0000-0002-1744-2097,105018337326
60135412100,Seo R.,,105033842473
60135884400,Joon K.,0009-0000-0754-6899,105033842473
60137052300,Celis A.P.,,105033842473
60137295500,Sami S.,,105018645132
60137303800,O’Grady T.,,105018815315
60137813500,Franklin S.,,105018480587
60137937100,Liberzon G.,,105018645132
60139868300,Jiang H.,,105034021141
60140020800,Yao K.,0009-0004-2834-5497,105041366763
60141824400,Li X.,,105018835320
60142145200,Mainz S.,0009-0005-4400-4083,105029650843
60144177500,Tatem N.,0009-0002-8959-082X,105018928061
60144177600,Neville K.,,105018928061
60144270400,Mair M.,,105018928061
60144437200,Wilkinson D.,,105018928061
60144520200,Coursen-Sullivan M.,,105018964611
60144522200,Worden M.,,105018928061
60144608100,Urquhart L.C.,,105018928061
60144608200,Haight I.,,105018928061
60144608300,Schulz M.,,105018928061
60146181200,Voβ J.,,105019090701
60147601900,Stri F.,,105019181039
60147721200,Fawcett Weiner J.,0000-0002-9762-7840,105047613717
60147893700,Roth D.J.,,105025552547
60147984200,Rzazade Z.,0009-0008-8371-4792,105046641350
60148092900,Citta S.P.,0009-0003-1717-8075,105019181039
60149119000,Banducci S.,,85159772013
60149752300,Luo S.,,105019369217
60149889700,Jan M.,0009-0000-0950-7906,105028180530
60150172900,Akyere Boateng D.,0000-0001-7939-6164,105019345621
60150242000,Sattelmayer L.,,105028180530
60150351600,Richards L.,,105019384379
60150409900,Nixon R.,,105019345621
60151017700,Chu H.,0009-0004-2958-8669,105043459819
60151202200,Miller K.E.,,84989259753
60152601100,Chatterley J.,,105025533322
60152921200,Klabacka K.,0009-0000-1814-422X,105019559926
60153618100,Grainger J.,0009-0001-4168-8265,105046170457
60154913300,Arntz M.,,105019709527
60156332800,Schad C.M.,,105019784086
60156613000,Giles W.,,105019776513
60156841400,Wolfe A.K.,,105019784086
60157206300,Nowlan O.,,105046909679
60157763200,Huang Y.,,105019928326
60158274100,Jiang Y.,,105019928326
60158436500,Park J.S.,,105019960669
60158462700,Núñez A.R.,0000-0003-1676-4489,105020070128
60158607300,Lu Z.,,105019928326
60160876500,Liu Y.K.,0009-0007-6532-6668,105034296342
60161737700,Wright S.,0009-0005-4554-2713,105020196425
60163792200,Li Y.,,105020303005
60164602600,Salomi V.,0000-0002-6164-0437,105020919817
60164976600,Hvid V.L.,0000-0001-9761-6546,105030555119
60165508200,Angulo J.C.,0009-0001-0302-285X,105020399785
60165575800,Kim W.G.,,105026711445
60166473600,Velarde J.,,105012935442
60166724800,Jeong Y.,,105020590422
60169609900,Sheng G.,0009-0001-1581-9030,105045278975
60170033900,LY R.,,105020917779
60172736300,Chen J.,,105021128983
60172982800,Li J.,,105021128983
60174839900,Chen G.,,105042953788
60174931200,Nieto M.P.,,105020717892
60175095300,Zhang Y.,,105020739241
60175228400,Bradshaw E.,,105020738167
60175330700,Ralph E.J.,,105020869610
60189023800,Rueß S.,0009-0004-4571-7459,105022867245
60189406000,Fu Y.,0009-0003-2123-2046,105021448177
60190884300,Sirman-Winkler M.,,105021514465
60191289700,Davallou J.,,105021547789
60191422200,Lockwood A.,0009-0007-1402-7158,105021547789
60192419500,Ji H.,,105021640807
60192727700,Zhao Y.,,105021640807
60192734800,Wehr M.,0009-0004-1662-8721,105021593439
60194612200,Smith K.,,105028871734
60194795100,Mascari G.,,105028871734
60195533500,Ferryman K.,,105047631609
60196467600,Bruin E.D.E.,0000-0003-4168-9898,85217943243
60196753700,Van Teutem S.,,105021987877
60196835000,De Kleer D.,0009-0002-1345-2818,105021987877
60197706500,Wood R.,,105022079181
60198104800,Schmuck M.,,105022086443
60198402100,Sarin R.,0009-0000-4533-4352,105022079181
60198402200,Cronk E.,0009-0005-6048-892X,105022079181
60198547900,Nogueira Mourão A.J.,,105022079181
60199859400,Tang L.,,105046814171
60201186400,Dong N.,,105026711445
60203458900,Lu T.,,105022500398
60203579900,Sun S.,,105022498968
60203724100,Clemm B.,,105022440662
60205662500,Johnson E.M.,,105022595761
60206996200,Wang L.,,105022671085
60208085500,Guo L.,,105022715654
60208144000,Trehan V.,0000-0003-4413-7618,105024575250
60209010300,Cataldo A.,,105022821634
60209394500,Fruchter M.,,105022821634
60209594300,Pietrzak A.,0000-0003-4385-3196,105022777443
60209910400,Corrente P.,0009-0007-1707-2229,105022821634
60218206400,Berg A.,0009-0007-4753-9571,105023428295
60218358400,Vass-Vigh V.,0009-0007-7926-7056,105023433219
60218426000,Strömberg E.,0009-0007-9700-3185,105023433219
60218537900,Wölfle A.,0009-0008-9817-4426,105041284085
60218561500,Kuhnle J.,0000-0001-9916-3659,105023433219
60218561600,Atay P.,0009-0004-7038-5150,105023433219
60218561700,Lachkovska V.,,105023433219
60218561800,Bueno I.L.,0009-0006-9383-6449,105023433219
60218777600,Hildebrandt J.,0009-0009-8868-3232,105023433219
60219659100,Santos J.F.,,105034118725
60220843900,Paganelli S.,0009-0006-4695-5015,105023582240
60222122200,Blatt E.,,105023689069
60222170800,Ou J.,,105023697198
60225070100,Goodwin C.,,105023841994
60225171300,Bae Y.,0009-0006-3129-4509,105032487026
60225456700,Le N.T.M.,0009-0008-9236-9409,105023857186
60225999000,Bharadwaj P.,0009-0006-5795-3621,105023956443
60226241900,González-Téllez R.,,105023998339
60226242000,Guardiola Ramírez A.,,105023998339
60226360900,Batmanov A.,0009-0004-1080-726X,105023998339
60226408700,Chen X.,,105028851342
60226973200,Sun H.,,105028851342
60226973300,Yang Y.,,105028851342
60227816200,Luo C.,,105024099182
60230054800,Song L.,,105024242751
60230441800,Baker K.,0000-0001-8054-9682,105024252871
60230520700,Ma B.,,105034676961
60230520800,Bao W.,,105034676961
60231944500,Chung K.H.,,105011277248
60233671300,Shang J.,0009-0000-4803-2595,105024427526
60233724000,Moussa R.,0000-0002-1201-4114,105024487495
60233860300,Li Y.,,105024427526
60233892200,Skinner T.E.,,105024490513
60237447900,Yang T.,,105024704854
60237589800,Ni Y.,0009-0007-7977-2837,105024704854
60237615500,Gronhoj B.,,105024705008
60237862900,Wei P.,,105049123942
60240291100,Kempken G.,,105024885700
60240618800,Rita Bennato A.,,105024846075
60240698500,Dakhane S.,,105024885700
60241020900,Maline M.N.,0009-0008-5981-4929,105024861967
60241407500,Sawler D.,,105037756337
60243556700,Moore A.,,105024997961
60245741000,Sharma U.,,105025101641
60246585200,Hildebrand E.W.,0009-0009-5159-9993,105025236291
60248002300,Batista C.F.T.,,105030671485
60248395400,Finnegan T.L.,,105025358511
60248432100,Florian N.,,105025358511
60248537100,Al-Zayed Josh S.R.,,105025353191
60248656700,Epping C.,,105025358511
60249980200,Voß J.,,105025406081
60251018100,Schrijver L.L.,,105025552547
60251018200,Jans E.G.M.,,105025552547
60251646000,Quintanilla Domínguez F.,0009-0002-7423-7978,105025529510
60251787100,McCaghren Fleming A.,0000-0002-9088-9979,85208701282
60252771500,Russell A.M.,,105025660902
60252915800,Farrell M.C.,0009-0006-9759-618X,105045333079
60254916100,Chazottes R.,0000-0002-4100-2809,105025815041
60255405000,Ohara Y.,,105025812199
60255548500,Matsushita Y.,,105025812199
60255625400,Lou V.W.Q.,,105033344092
60255993800,Simon A.,,105025850938
60257762700,Spiess K.K.,,105025907352
60257908900,Wang W.,,105031270748
60258054200,Tang Y.,,105031270748
60258054300,Geng S.,,105031270748
60258065300,Androutsopoulou A.,,105025969177
60258163500,Gao S.,0009-0002-2520-0044,105025892268
60258278900,Lu R.,0009-0009-9893-1113,105031270748
60258739600,Abbott C.,,105026049694
60261496200,Arrigoni L.M.,,105026245293
60261624200,N’Diaye L.,,105025850938
60263319000,Raimi R.,,105039083243
60265270700,Dirzinskaite A.,,105045762586
60265599400,Zhao B.,,105026476668
60265804900,Guo Y.,,105026476668
60265994500,Schauten D.,0009-0007-5006-5549,105026494277
60266111300,Hu X.,,105026476668
60266315000,Zhang Z.,,105026476668
60285122700,Xu S.,,105027437140
60285374000,Yang L.,,105046798882
60285684900,Li H.,,105026771995
60285894200,Rahman U.,,105035090579
60286520700,Yao R.,,105026771995
60300800200,Zhou A.,,105026885708
60310228500,Golder J.,,105027144683
60310309300,Lemaire Portillo P.,0009-0009-3396-2920,105027066314
60311437800,Palmer L.,,105038898483
60320197200,van Campenhout M.,0009-0007-5431-7870,105034062439
60320974100,Cruz D.,0000-0002-7094-8812,105001642012
60320977800,Yang X.,,105027141769
60321215200,Mao Y.,,105027141769
60321333200,Jiang F.,,105027141769
60329775600,Timilsina L.,,105025101641
60332801500,Dong Y.,,105027437140
60335239300,Reynolds S.,,105027604258
60335558500,Malmberg Hollmann N.,,105027654904
60338780500,Osei Arhin E.,,105027850338
60340631700,Dasari S.,0009-0001-9712-7758,105028028025
60340639500,Armenta Gutierrez B.M.,,105028007964
60340890200,Dabagia J.,0009-0009-5685-5060,105028028025
60341143400,Prendergast A.,,105028028025
60341399600,Safai D.,,105028028025
60341399700,Aturinde S.R.,,105028028025
60341809500,Li J.,,105027970339
60344785300,Florez N.,0009-0008-0616-4360,105028213241
60346038000,Seo H.,,105028263961
60346422200,Haase Formánková Z.,,105028278497
60348247600,Olivo Rumpf K.,,105028420266
60348461300,Silva T.d.S.,0009-0007-7392-6452,105028455506
60348847100,Santos J.C.B.,0009-0002-4981-0015,105028455506
60349096500,Yang S.,,105028436842
60350639100,Hai Y.,,105028500557
60350916100,Ma G.B.,,105028500557
60351450800,Pratama Z.D.,0009-0002-5821-6050,105028587770
60351570000,Ringo N.,,105028557767
60351801200,Andjelkovic S.,0000-0002-8943-6569,105028616115
60351951900,Nyambo B.,,105028557767
60352053900,Markovic M.,0009-0005-4898-9633,105028616115
60352079800,Abdallah K.,,105028557767
60352128400,Zhang Y.,,105028596785
60352483800,Holtzman T.,,105041535228
60352927600,Saboor A.,,105034131928
60356094000,the Science of Variation Group T.,,105012935442
60356095100,Schaefer R.A.,,105012935442
60356095200,Frihagen T.,,105012935442
60356095300,Casstevensm C.E.,,105012935442
60356376800,Doughty K.S.,,105012935442
60356376900,Wijffels M.E.,,105012935442
60356413000,Wang B.,,105028890488
60356518600,Vani S.,,105012935442
60356601300,Lima K.d.S.,0000-0001-6127-5815,105028886612
60356657300,Cash S.L.,,105012935442
60356657400,Medina C.,,105012935442
60356657500,Rivera J.C.,,105012935442
60356692000,Johnston C.,,105028890488
60356932500,Marsh J.L.,,105012935442
60356932600,Thierry G.,,105012935442
60356932700,Martin R.,,105012935442
60356932800,Willems J.,,105012935442
60356967200,Bhusal A.,,105028890488
60357071000,Calvo E.,,105012935442
60357109200,Ahmed M.,,105028890488
60364822900,Bendtsen K.E.,0009-0007-7734-1777,105042632929
60365043700,Maruani L.T.,0009-0009-5660-5221,105029045211
60366530400,Cui H.,0009-0003-5732-4970,105029090131
60369231200,Li N.,,105034635702
60370771100,Chen Y.,0000-0002-7160-7147,105029359504
60371042200,Nerogic A.,,105029378857
60371333200,Herrmann A.,,105029378857
60375252300,Hofleitner M.,0009-0006-0850-001X,105039818693
60376597900,Sediqi S.,,105048022930
60376853200,Wu W.,0009-0003-3889-7677,105029671836
60377015600,Xu X.C.,,105029671836
60380557600,Kalaycı A.S.,0000-0001-5066-3775,105029863627
60382416100,Zhang J.,,105029969024
60382532000,Johnson J.J.,,105029969569
60382762100,Topham B.,0009-0000-5836-4876,105029969569
60382874600,Berry C.,,105029969569
60384390400,Hull K.,0000-0002-4086-7026,105038127186
60384997800,Holloway B.,,84976361854
60385561800,Lee H.,,105030392002
60386093500,Kim Y.,,85040738700
60386164000,Huang H.,,85145391830
60387389600,Tang R.,0009-0009-9913-9603,105043475643
60388913700,Sesconetto Souza P.M.,,105030102925
60392582200,Zhang Z.,,105018835320
60393038200,Wang R.,0000-0002-0894-6090,105008579688
60394112800,Xu Y.,,85171195220
60394226300,Smith S.G.,,105022595761
60396140300,Mulder J.,,105019107189
60396413800,Yoo S.,0009-0006-6083-3954,105030126475
60400296100,Lu L.,,105030269262
60400573700,Dai I.,,105030283088
60401228200,Que X.,,105030228441
60401492200,Han J.H.,,105045226936
60405597900,Sedefoglu-Ulucak D.,0009-0006-4081-4553,105043164008
60405742200,Le T.,,105030487186
60405869800,Cremer L.R.,,105030476188
60407018200,Shah M.,,105030582438
60407048200,Alexander L.K.,0009-0004-0019-4527,105036239434
60407133300,He Y.,0009-0003-5630-1320,105030574871
60407133400,Hsieh D.W.,,105030574871
60407177700,Wang Y.,,105030572517
60407614200,Barnes G.,,105030582438
60407614300,Melia V.,,105030582438
60407755500,Watson J.,,105030582438
60407755600,Katus T.,,105030582438
60407900500,Sagynbayeva A.,,105030590156
60409704300,Bolduc D.,,105030722444
60409709200,Grabowska M.,0000-0001-6543-2996,105030692542
60415531500,Zhang S.,0000-0002-6343-6472,105031136727
60415531600,Zhang H.,0009-0005-3396-0723,105031136727
60416967700,Yang H.,,105031125434
60416993300,Ren X.,0009-0007-7121-4638,105031085438
60416993400,Zhang Y.,,105031085438
60417146300,Batista Da Silva F.,0000-0001-5614-4693,105031147259
60417234700,F T Batista C.,,105031147259
60417502800,Ndisebuye D.M.,,105037425945
60418228200,Zhang Y.,0009-0003-8186-8353,105031215334
60418411800,Chen Y.,0009-0007-1598-753X,105031284353
60422901000,Underhill A.,,105031376377
60423807500,Xu J.,,105031357674
60429939000,Chen W.,,105041366763
60429939100,Fan Z.,,105041366763
60429969000,Gray R.A.,0009-0008-9179-2686,105031569563
60432939500,Israel I.B.,,105031648229
60433241900,Lamberet B.,,105031661836
60433370900,Mukherjee S.,,105031648229
60433415200,Lange R.,0009-0004-6420-0105,105031691455
60434001700,Weiner L.,,105031715589
60434038000,Vogel L.,,105031715589
60437246800,Liu A.,,105031969092
60437483400,Usher Barrett J.,0009-0003-6985-5496,105031954395
60437722400,Iltekin Gocer S.M.,0000-0003-4632-0029,105031938212
60437808400,Lu S.,,105040536047
60437857400,Parker A.,0009-0000-8018-2091,105031954395
60438726100,Chen A.,,105032125159
60438894800,Langford J.,0009-0003-8346-466X,105032088737
60438953100,Susen I.,,105032125159
60440295300,Samuel A.L.,0009-0008-4907-308X,105032162844
60459439300,Cares S.,,85047377857
60467192000,Son S.,0009-0007-4339-8046,105032487026
60467290400,Yeo M.,0009-0003-0300-3362,105032487026
60467332600,Joonhyun M.,,105032457332
60497369400,Singh D.,,105032703902
60497377200,Yasuda S.,,105032699989
60498484100,Ishibashi A.,,105032699989
60507628900,Liu L.,,105032843624
60507726500,Su Y.,,105032829539
60507893900,Gürkan N.,0000-0002-2220-769X,105043070523
60508362800,Shi W.,,105032843624
60510591400,Lu H.,,105033272668
60511111200,Yang Y.,,105033272668
60511899600,Wang Y.,,105033272668
60512153300,Li Y.,,105033272668
60512153400,Liang Y.,,105033272668
60515943200,Liu Y.,,105033010775
60519161200,Li G.,,105033453937
60519437000,Chen J.,,105033453937
60519596000,Chuang Y.L.,,105035361015
60519706000,Liang F.,,105033453937
60520308100,Lin R.,,105033344092
60520460700,Fan B.,,105033344092
60526555100,Liu H.,,105033607878
60529752000,Ebrahim M.,,105033817071
60529892700,Mersha A.T.,,105033817071
60531454000,Gosset L.,0000-0002-5533-1363,105033767744
60535111100,Kim B.,,105034023681
60535957200,Guo S.,,105034021141
60537625700,Kurnia M.A.,,105030572517
60539383500,Park H.S.,,105034212416
60539537400,Chung J.H.,0000-0003-3612-8172,105034212416
60539685500,Lira V.,,105034086079
60539685600,Lessa E.,,105034086079
60539989400,Amaral M.,,105034086079
60540324300,Haukås A.K.A.,,105034118633
60540601200,Mihaylova J.,0009-0006-6413-5125,105034182293
60540739500,Chłopecka A.,,105034118633
60540881700,Sienkiewicz M.,,105034118633
60540881800,Tekoniemi J.K.H.,,105034118633
60540892900,Tippit M.,,105034157738
60541024900,Krawczyk O.,,105034118633
60541298400,Mitchell A.J.,,105034157738
60541681100,Shalaby M.,,85050141414
60541749400,Shalaby M.,0000-0002-2094-1110,85214573688
60543252900,Leigh B.T.,0000-0002-1396-0778,105039864672
60543294400,Rowe T.,,105034353261
60543294500,Flanagan L.,,105034353261
60544482700,Ward V.,,105034353261
60544482800,Georgieva M.,,105034353261
60544482900,Duderstadt T.,,105034353261
60544677200,Connor J.R.,,105034353261
60546382900,Kras V.R.,,105034442216
60549616200,Lin L.,,105034525546
60550264100,Seryjová Juhová D.,0000-0003-3481-8321,105038641011
60554783700,Pereira S.,,105034686182
60555021700,Shneibaum N.,,105035306999
60555915900,Yang L.,,105034648317
60558509100,Liang N.,0009-0001-4160-9985,105034755218
60558856800,Yan G.,,105034755218
60558895700,Nilsen E.G.E.,0009-0009-4984-6393,105034770631
60558916000,Zhu J.,0009-0008-7224-3665,105034755218
60561975100,Liu M.,,105034929617
60562087100,Zhang B.,,105034929617
60562713500,Giraldi P.,,105034954403
60563641500,Koenen S.,0009-0006-5478-4527,105035004415
60564450600,Coplin A.,,85190408839
60566496600,Jian Y.S.E.,,105035077435
60567393400,Lee M.J.,,105035219979
60569070200,Du Q.,,105035241836
60571597100,Huang Z.,,105035295885
60571631600,Liu Y.L.,,105035361015
60571631700,Fan C.T.,,105035361015
60572594400,Johnson M.,0009-0003-5790-9493,105036248229
60573124400,Amdeta H.,,105037425945
60573672700,Nelson J.L.,0000-0003-0920-3907,105038245049
60576153600,Bastos J.,,105035605626
60583644700,Pu T.,,105046511992
60589995700,Yang J.,,105036195879
60590077800,Guo W.,,105036254738
60592711600,Fischer V.T.,,105036419257
60592811100,Runge E.S.,,105036419257
60593444500,Wu Y.,0009-0003-4075-7315,105036593680
60596032500,Nguyen Q.,0000-0001-8466-7643,105020272959
60596117100,Lee M.,,85186842180
60596494600,Nguyen Q.,,85028053213
60596595800,Nguyen Q.,0000-0001-8466-7643,85136587321
60596632200,Hong D.,,85115790570
60596951800,Goldberg Z.,,105036700736
60597136700,Beh O.,,105036646165
60597231700,Cain G.,,105036646165
60597288300,Noske N.,,105036631490
60597457600,Tseng C.L.,,105036733065
60600005600,Zhao R.,,105036850019
60600562900,Hou S.,,105036850019
60602835300,Patmore D.,,105037028749
60602839100,Duval-Lantoine C.,,105037052423
60604369200,He J.,,105037095887
60604369300,Hu J.,,105037095887
60604369400,Luo Y.,,105037095887
60604455700,Li Y.,,105037095887
60604856700,Hasegawa Y.,,105037110367
60604955300,Groß J.,,105037178846
60604955400,Thölmann C.,,105037178846
60605011700,Herzog M.,,105037178846
60608141500,Mihelich D.,,105037425945
60611707200,Cozens A.J.,,105037620424
60611970500,Myers E.,,105037679138
60614488600,Thompson J.R.,,105037815374
60614731000,Zeng L.,,105037838550
60615366000,M. Tamayo J.P.,0000-0002-4176-8943,105037798297
60618720400,Silver J.R.,0000-0003-3074-8661,105046150277
60620864300,Qi Q.,,105038220984
60621237600,Huang J.,,105038220984
60622223800,Chen B.X.,,105046868270
60623601500,Alvero A.J.,,105038347873
60624831300,Chen X.,,105045248774
60625039900,Walker J.D.,0009-0009-5752-743X,105038423138
60625585800,Zhang S.,,105045248774
60625780800,Song C.,,105045248774
60627721800,Durnev N.,,105042661163
60628918100,Lin Y.Q.,,105046975181
60629372800,Zhao X.L.,,105046975181
60630272700,Xie C.S.,,105046975181
60630670100,Yang J.,,105038698677
60630939000,Tang J.,,105038724298
60631735500,Xu S.,,105038698677
60632705100,Afreen N.,,105039030786
60633866100,Hajo Dahl S.,0009-0005-4791-8366,105039078509
60634256800,Anderson J.,,105038900974
60635676900,Yang Y.,,105039203915
60636342400,Chen J.,0009-0006-3991-7643,105039240168
60636520300,Ong I.,,105039103705
60636718800,Matsick J.L.,,105038898483
60636942400,Li J.,0009-0007-7040-7032,105039203915
60636984900,Guan X.,,105039240168
60637163300,Leu O.,0009-0001-8984-3463,105039103705
60640517300,Cuijuclu E.,0000-0002-8536-0149,105039494924
60643389100,Tong D.,,105048446098
60645174400,Wunsch A.,0009-0001-3325-1645,105039818693
60647408100,Chen J.P.,,105039918011
60648065700,Han E.,0000-0001-8948-3843,105045518046
60648559600,Jamerson I.,,105040029064
60649603300,Barr A.,0009-0007-9082-7624,105040087268
60649880400,Ji H.,,105040117250
60649919900,Silveira M.C.,,105030102925
60650450700,Lin S.,0009-0003-0405-4604,105040117250
60650758400,Bruin W.B.d.,,105040087268
60651192200,Fredes García D.,0000-0003-0273-5695,105040181491
60651192300,Carvajal González J.,,105040181491
60652724900,George N.,,105040752083
60653312000,Perleberg M.,,105040229019
60653400300,He B.,0000-0002-8973-4857,105040241846
60653417500,Koch A.,,105040229019
60653509300,Peng S.,0009-0003-6770-327X,105040241846
60653951200,Zeng X.,,105040241846
60654592200,Haxhi R.,,105040394612
60654874700,Woods L.,,105040405257
60654980300,Kumar R.,,105040360401
60655878600,Shen X.,0009-0001-6470-4897,105040536047
60657264500,Barrett H.J.,0009-0006-7115-9539,105034770631
60657959400,Min Z.M.,,105040639607
60659399100,Cox J.,,105040734817
60662529500,Poettcker K.,,105040836671
60675581200,Reiner M.,,105039385220
60676794800,Huang H.,,105040977474
60677215800,Klöppel M.,,105043549924
60677237300,Guo Y.,,105040977474
60677431200,Sukhova E.,,105040909524
60678013000,Okada A.,0009-0004-0751-1660,105041074866
60679907800,Waweru L.,,105040925854
60680299000,Kombo S.,,105040925854
60680299100,Zomer A.,,105040925854
60680445000,Vásquez Alvarado A.A.,0000-0001-7941-6225,105041146363
60680639600,Applestein H.,,105041096718
60685675600,Schick L.,,105041465984
60685678900,Zhang F.,,105041366763
60686650800,Ermarth W.,,105041542720
60688613500,Prinzing O.,0009-0007-6433-5896,105042525015
60690539800,Chen P.G.,,84920164595
60690746200,Nix E.,0009-0009-2736-5388,105041880795
60690834100,Jarolimek J.D.,,105041880795
60690920600,Ciolfi D.,,105041880795
60691010400,Davis L.B.,,105041880795
60691271500,Donnelly A.,,105041880795
60691271600,Yin B.,,105041880795
60691271700,Anderson L.,,105041880795
60693107500,Ren A.,,105047562795
60696930900,Chung S.,0000-0002-6564-9615,105042166372
60699740300,Garayeva S.,0000-0002-0639-4392,105042399657
60700937100,Hu X.,,105042563243
60701762500,Böswald L.M.,,105042461713
60701972900,Liu A.,,105042503121
60703640900,Cho Y.I.,,105042563243
60703688200,Antunes Mantas C.,0009-0003-7862-1894,105042563757
60704659600,Chelidonopoulos L.,,105042611824
60704785600,Yang H.,,105042603565
60704812300,Hartman R.,,105042615427
60704980600,Ditmore T.,0000-0003-2144-7744,105042593356
60706175300,Avci A.,,105042669428
60706208500,Tang X.,,105042652934
60707179700,Song Y.,0009-0004-5846-5895,105043227078
60707186000,Kanzamanova R.,0009-0000-8779-2538,105042744840
60707476100,Fuchs T.L.,0009-0009-8825-661X,105043144351
60707476200,Susanne van ‘t Hoff-de Goede M.,0000-0003-0758-0143,105043144351
60708119700,Isgandarov A.,0009-0006-6983-8604,105046928495
60708182200,Rutger Leukfeldt E.,0000-0002-3051-0859,105043144351
60711152400,Moglovkin T.,,105043097507
60711684500,Liu H.,,105043097507
60712173700,Li H.,,105042953788
60712250300,Kehrberg A.,,105042807247
60712453800,Schmelz J.,0009-0004-6566-5625,105043164008
60713178700,Molina Linares A.F.,,105043186224
60713590600,Guo Y.,,105043143139
60713942100,Terres León J.C.,,105043186224
60714952800,Balaji R.,,85073517667
60715800700,Ostad Rahimi S.,0009-0006-7900-5462,105043329814
60717083800,Aynalem A.,,105043306858
60719332600,Wright-Johnson A.,0000-0003-0879-9817,105043555602
60719441100,Allen M.,,105043535314
60719441200,Song M.,0009-0008-3826-7647,105046162689
60719510500,Zhang X.,,105043545007
60720522000,Fan L.,,105043646787
60722060300,Lei K.,,105048624001
60725250200,Khanal S.,0009-0008-7576-4036,105043924215
60725301600,Joshi S.,,105043924215
60727111500,Leng Z.,0009-0008-9518-4653,105043965418
60728141600,Villamizar Chaparro M.,0000-0001-7760-1670,105044015595
60728230800,Karlsson E.,0009-0001-4229-0259,105044007692
60729374700,Timlin L.,,105044242167
60730750000,Minoura H.,0009-0002-7875-6433,105044097749
60734003600,Conny H.A.,0000-0003-0635-825X,105044335537
60734555300,Goodinea J.L.,,105044416644
60735428300,Song L.,0009-0002-7517-5270,105044441116
60737686300,Murken N.,0009-0004-3052-0936,105044502235
60738263300,Levesque I.,0009-0009-2497-8189,105044658302
60738635500,Guo L.,,105044619621
60739169200,Bird M.,,105044658302
60740713200,Cantó Roche J.,0000-0003-2469-1726,105044723576
60741379300,Yanes S.,,105045019324
60742279200,Kim M.,,105045166966
60742541400,Ballicu G.,0000-0003-4293-3717,105044993762
60742727700,Concas V.,,105044993762
60743181200,DellaPosta D.,,105045166966
60743691800,Liu Y.,,105045054901
60744011900,Zhu T.,,105044996889
60744619200,Collins K.A.,,105049005827
60744904200,Alarcón C.,,105044856142
60745344000,Lim A.W.,,105049005827
60746470600,Hargrove L.,,105044855859
60747239600,Li Y.,,105045094765
60748065300,Wu D.,,105045094765
60748234900,Wang C.,,105045094765
60748235000,Zhang C.,,105045094765
60749063500,Ahn C.,,105045246688
60750379100,Bastola D.K.,,105045234097
60750390900,Zhang X.,,105045278975
60750668900,Fu Z.,0009-0008-1983-2639,105045278975
60750701000,He Y.,,105045248774
60750854000,Suk K.,0000-0003-4438-4811,105045328842
60750874000,Kim E.,0009-0001-2038-5994,105045328842
60753178900,Furuguem M.,,105044973700
60753493700,Sullivan P.,,105045541898
60753684900,Li Z.,,105045481141
60754333600,Li H.,0009-0000-0237-1436,105045481141
60755364200,Petty W.B.,0009-0003-8646-6361,105045333079
60756059900,Palmer I.,0009-0007-7756-5244,105045333079
60756060000,Henderson T.,0009-0000-8316-5617,105045333079
60756111200,Catalina Arias Quiñones D.,,105038900974
60756254900,Godt F.,,105045653847
60757438600,Ardiaca J.,0009-0004-4937-8941,105045774506
60758244100,Kunitskaia A.,,105045757424
60758289100,Ávila-García C.A.,,105045424464
60759885200,Mitchell E.M.,,105045810738
60763687000,Islam M.J.,,105036985918
60765050100,Biaggini G.,,105043263783
60765513700,Li J.,,105046131939
60765684500,Ding R.,0009-0009-8195-1337,105046112242
60765858700,Lei R.,,105046511992
60765868400,Zhang N.,,105046112242
60765968000,Zallocco N.,,105043263783
60766206500,Raoof W.,,105046126190
60766879100,Sun X.,,105046149029
60766879200,Peng Y.,,105046149029
60767902500,Zhang J.,0000-0003-1939-6466,105046244248
60769282400,Zeng B.,,105046314367
60769613100,van Meurs T.,0000-0001-7103-4337,85195620162
60771584300,Low H.,0000-0002-6064-9448,85144387790
60775012500,Li Y.,,105046511992
60776693500,Reeves J.F.,,105046567760
60777949100,Tang H.,,105046660775
60778050500,Yuan Z.,,105046660775
60778126400,Whenham T.,,105046637828
60778305700,Perfect-Lake R.,,105046637828
60779573600,Qian X.,0009-0006-8092-6795,105046736540
60779689500,Wells C.F.,,105046735238
60779897200,Shmueli Y.,,105046770483
60780113800,Nash B.V.,,105046771920
60782127400,Guo S.Y.,,105046868270
60782149400,Yao S.T.,,105046868270
60782198000,Li X.Y.,,105046868270
60785337400,Song Y.Y.,,105046975181
60787363600,Zou S.S.,0000-0002-9692-240X,105047170102
60787787400,Tăbîrță E.C.,0009-0000-2135-5116,105047181115
60789168700,Wimpy L.S.,,105044410329
60790533100,Yao L.,,105047382501
60793640300,Meng H.,,105047562795
60793657200,Yu J.,,105047562795
60793743000,Gao Z.,,105047562795
60794217900,Kambidi P.S.,,105047613717
60796389900,Buchs R.,0000-0003-3134-0238,85159582567
60796749600,Daniel O.H.,,105047726897
60797076400,Harell A.,0000-0002-5099-0044,85193064809
60797125300,Zubair M.,,84926497451
60797433200,Liu N.,0000-0001-9418-7694,105047788609
60797439700,Jiang X.,,105046814171
60797566000,Wu C.,,105046814171
60797684500,Yang X.,,105047772028
60798189200,Ma L.,,105046814171
60798189300,Han J.,,105046814171
60798317600,Wang L.,,105046814171
60799244400,Zemo F.,,105047875195
60799416100,Sommer Rasmussen J.,,105048029686
60799416200,Walker I.,,105048029686
60799712500,Marie Hansen T.,,105048029686
60799712600,Tobias Karg S.,,105048029686
60799814700,Lindner D.D.,,105047980195
60799863800,Cook J.,,105048029686
60800159100,Skovgaard Jensen K.,,105048029686
60801293200,L. Tran Q.,,105048022930
60802727000,Chang X.,,105048115428
60802948800,Yang Q.,,105048115428
60803062300,Wang K.,,105048115428
60803062400,Cao S.,,105048115428
60803113400,Kim J.E.,,105048151590
60803280000,Li S.,,105048115428
60803280100,Zhang G.,,105048115428
60804439500,Klennert A.L.,,105048194373
60806393400,Wang J.,0009-0008-2607-2105,105048276284
60806691200,Liu W.,,105048276284
60809341700,Ferroni M.F.,0009-0004-9611-1975,105048572339
60809792500,Calacino A.,0000-0002-0230-2462,105048573164
60810108300,Wang H.,,105046798882
60810982900,Xie Z.,,105046798882
60812063600,Zhang L.,,105048774769
60812399300,Long F.,,105048774769
60812884900,Chen D.,,105048774769
60814285700,von Sicherer P.,0009-0002-3342-5358,105048632556
60815326100,Yehl C.J.,,85054976638
60815959600,Shen G.,,105048853841
60818782000,Singh J.,,105049022237
60818980800,Stiris C.,0009-0005-1832-7807,105049022237
60820820400,Talreja P.S.,,105049005827
60820859400,Kim T.S.,,105049005827
60821199400,Näher A.F.,,84863557238
