benchmark_id,scopus_id,coder,axis,decision,rationale,document_sha256,pdf_page,reviewer,reviewer_type,review_date,human_validated
PB-1bee1aef9e,85205266377,A,design,yes,A telephone survey randomizes hypothetical crisis descriptions before measuring tolerance toward Muslims.,c70024e1f5e569f3224b773c95cd6580eff1986e865872bcc417155c9a4a33e5,4,strategy_review,AI_assisted,2026-09-10,false
PB-1bee1aef9e,85205266377,B,design,yes,Randomized crisis descriptions precede respondent evaluations of political leadership and minority tolerance.,c70024e1f5e569f3224b773c95cd6580eff1986e865872bcc417155c9a4a33e5,4,counterexample_audit_B,AI_assisted,2026-09-10,false
PB-1bee1aef9e,85205266377,A,new_data,yes,"Authors commissioned and fielded the 2022 survey through CVoter; this is original collection, despite a commercial fieldwork provider.",c70024e1f5e569f3224b773c95cd6580eff1986e865872bcc417155c9a4a33e5,4,strategy_review,AI_assisted,2026-09-10,false
PB-1bee1aef9e,85205266377,B,new_data,yes,The researchers report commissioning and fielding a new national telephone experiment.,c70024e1f5e569f3224b773c95cd6580eff1986e865872bcc417155c9a4a33e5,4,counterexample_audit_B,AI_assisted,2026-09-10,false
PB-1bee1aef9e,85205266377,A,text_treatment,yes,"Treatment consists of scripted hypothetical vignettes administered in the telephone questionnaire; textual materials exist, although respondents hear them rather than self-read.",c70024e1f5e569f3224b773c95cd6580eff1986e865872bcc417155c9a4a33e5,4,strategy_review,AI_assisted,2026-09-10,false
PB-1bee1aef9e,85205266377,B,text_treatment,yes,Treatment consists of scripted hypothetical crisis vignettes delivered by telephone.,c70024e1f5e569f3224b773c95cd6580eff1986e865872bcc417155c9a4a33e5,4,counterexample_audit_B,AI_assisted,2026-09-10,false
PB-1bee1aef9e,85205266377,A,parser_compatible,yes,Fixed vignette factors and subsequent attitude items are described. Multiple factorial arms alone are not evidence of a conjoint design.,c70024e1f5e569f3224b773c95cd6580eff1986e865872bcc417155c9a4a33e5,4,strategy_review,AI_assisted,2026-09-10,false
PB-1bee1aef9e,85205266377,B,parser_compatible,unclear,"The factorial vignette is potentially compatible, but the actual questionnaire routing and full appendix have not been supplied in this packet.",,,counterexample_audit_B,AI_assisted,2026-09-10,false
PB-1bee1aef9e,85205266377,A,geography,non_US,Explicitly fielded among respondents in India.,c70024e1f5e569f3224b773c95cd6580eff1986e865872bcc417155c9a4a33e5,4,strategy_review,AI_assisted,2026-09-10,false
PB-1bee1aef9e,85205266377,B,geography,non_US,The eligible experimental sample is explicitly recruited across India.,c70024e1f5e569f3224b773c95cd6580eff1986e865872bcc417155c9a4a33e5,4,counterexample_audit_B,AI_assisted,2026-09-10,false
PB-1bee1aef9e,85205266377,A,data_possession,yes,"The authors provide a replication archive and supplementary vignette materials; availability is supported, while reuse permission and completeness require checking the archive.",c70024e1f5e569f3224b773c95cd6580eff1986e865872bcc417155c9a4a33e5,7,strategy_review,AI_assisted,2026-09-10,false
PB-1bee1aef9e,85205266377,B,data_possession,unclear,"A replication-material link is stated, but its contents have not been checked to establish both raw respondent data and questionnaire materials.",,,counterexample_audit_B,AI_assisted,2026-09-10,false
PB-e2ad836397,85104428601,A,design,yes,Experimental applicant profiles elicit employers' stated likelihood of inviting candidates to a selection stage.,5c9dbce8d021161206ba72f56684f214e1681caaa4c581ab31bf46b476a2a887,4,strategy_review,AI_assisted,2026-09-10,false
PB-e2ad836397,85104428601,B,design,yes,Randomized sets of fictitious applicant profiles elicit employers' interview-invitation preferences.,5c9dbce8d021161206ba72f56684f214e1681caaa4c581ab31bf46b476a2a887,5,counterexample_audit_B,AI_assisted,2026-09-10,false
PB-e2ad836397,85104428601,A,new_data,yes,The author describes fielding an original factorial module within an employer panel and linking it to administrative context data.,5c9dbce8d021161206ba72f56684f214e1681caaa4c581ab31bf46b476a2a887,4,strategy_review,AI_assisted,2026-09-10,false
PB-e2ad836397,85104428601,B,new_data,yes,"The author describes implementing the original factorial survey within an employer panel, while also linking administrative statistics.",5c9dbce8d021161206ba72f56684f214e1681caaa4c581ab31bf46b476a2a887,4,counterexample_audit_B,AI_assisted,2026-09-10,false
PB-e2ad836397,85104428601,A,text_treatment,yes,The manipulations are written applicant descriptions.,5c9dbce8d021161206ba72f56684f214e1681caaa4c581ab31bf46b476a2a887,5,strategy_review,AI_assisted,2026-09-10,false
PB-e2ad836397,85104428601,B,text_treatment,yes,The intervention consists of written applicant information.,5c9dbce8d021161206ba72f56684f214e1681caaa4c581ab31bf46b476a2a887,4,counterexample_audit_B,AI_assisted,2026-09-10,false
PB-e2ad836397,85104428601,A,parser_compatible,unclear,"Respondents rate five multiattribute profiles drawn from a 250-vignette design and can revisit them. It is not a forced-choice conjoint, but support for this repeated profile-deck structure is not established.",,,strategy_review,AI_assisted,2026-09-10,false
PB-e2ad836397,85104428601,B,parser_compatible,no,"The experiment samples multiattribute profiles from a factorial universe into repeated rating sets, beyond the simple text-arm parser.",5c9dbce8d021161206ba72f56684f214e1681caaa4c581ab31bf46b476a2a887,5,counterexample_audit_B,AI_assisted,2026-09-10,false
PB-e2ad836397,85104428601,A,geography,non_US,The employer survey explicitly samples German establishments.,5c9dbce8d021161206ba72f56684f214e1681caaa4c581ab31bf46b476a2a887,4,strategy_review,AI_assisted,2026-09-10,false
PB-e2ad836397,85104428601,B,geography,non_US,The employer sample is explicitly German.,5c9dbce8d021161206ba72f56684f214e1681caaa4c581ab31bf46b476a2a887,4,counterexample_audit_B,AI_assisted,2026-09-10,false
PB-e2ad836397,85104428601,A,data_possession,unclear,"The source panel has a dataset citation, but the paper does not establish the author's ability to supply the linked participant-level data for donation.",,,strategy_review,AI_assisted,2026-09-10,false
PB-e2ad836397,85104428601,B,data_possession,unclear,"A panel-data DOI is supplied, but current author access to complete raw respondent data and survey materials is not explicitly established.",,,counterexample_audit_B,AI_assisted,2026-09-10,false
PB-b408db3f9b,85094682072,A,design,yes,Three experiments vary casualty descriptions before war-support and gender-equality ratings.,d02ecf2e0b09a5370c6b8896df0bad0385289d1486fe94212eb7d23a36b4d628,13,strategy_review,AI_assisted,2026-09-10,false
PB-b408db3f9b,85094682072,B,design,yes,The experiments vary combatant gender and conflict details and measure support for the military mission and gender equality.,d02ecf2e0b09a5370c6b8896df0bad0385289d1486fe94212eb7d23a36b4d628,14,counterexample_audit_B,AI_assisted,2026-09-10,false
PB-b408db3f9b,85094682072,A,new_data,yes,Authors fielded original Harvard-Harris and MTurk samples.,d02ecf2e0b09a5370c6b8896df0bad0385289d1486fe94212eb7d23a36b4d628,12,strategy_review,AI_assisted,2026-09-10,false
PB-b408db3f9b,85094682072,B,new_data,yes,"The manuscript reports three original survey experiments, including a national poll and two MTurk follow-ups.",d02ecf2e0b09a5370c6b8896df0bad0385289d1486fe94212eb7d23a36b4d628,12,counterexample_audit_B,AI_assisted,2026-09-10,false
PB-b408db3f9b,85094682072,A,text_treatment,yes,"Vignette texts vary casualty gender, number, adversary and survival.",d02ecf2e0b09a5370c6b8896df0bad0385289d1486fe94212eb7d23a36b4d628,14,strategy_review,AI_assisted,2026-09-10,false
PB-b408db3f9b,85094682072,B,text_treatment,yes,Treatments are written descriptions of hypothetical combat operations and casualties.,d02ecf2e0b09a5370c6b8896df0bad0385289d1486fe94212eb7d23a36b4d628,14,counterexample_audit_B,AI_assisted,2026-09-10,false
PB-b408db3f9b,85094682072,A,parser_compatible,yes,Fixed narratives precede standard evaluative survey items; no conjoint or adaptive interaction.,d02ecf2e0b09a5370c6b8896df0bad0385289d1486fe94212eb7d23a36b4d628,13,strategy_review,AI_assisted,2026-09-10,false
PB-b408db3f9b,85094682072,B,parser_compatible,yes,"The manuscript describes a fixed conflict background, randomized casualty gender, and follow-up attitude items; this simple vignette experiment does not require conjoint or interactive tasks.",d02ecf2e0b09a5370c6b8896df0bad0385289d1486fe94212eb7d23a36b4d628,13,counterexample_audit_B,AI_assisted,2026-09-10,false
PB-b408db3f9b,85094682072,A,geography,US_explicit,An American sample and US IP screen for MTurk establish US evidence.,d02ecf2e0b09a5370c6b8896df0bad0385289d1486fe94212eb7d23a36b4d628,12,strategy_review,AI_assisted,2026-09-10,false
PB-b408db3f9b,85094682072,B,geography,US_explicit,The MTurk follow-ups explicitly screen out detected non-US IP addresses; the main study targets the US public.,d02ecf2e0b09a5370c6b8896df0bad0385289d1486fe94212eb7d23a36b4d628,12,counterexample_audit_B,AI_assisted,2026-09-10,false
PB-b408db3f9b,85094682072,A,data_possession,yes,The manuscript explicitly offers replication data and supplemental materials at the journal.,d02ecf2e0b09a5370c6b8896df0bad0385289d1486fe94212eb7d23a36b4d628,1,strategy_review,AI_assisted,2026-09-10,false
PB-b408db3f9b,85094682072,B,data_possession,yes,"The manuscript states that replication data and supplemental material are available; this is a source declaration, not independent verification of the files.",d02ecf2e0b09a5370c6b8896df0bad0385289d1486fe94212eb7d23a36b4d628,1,counterexample_audit_B,AI_assisted,2026-09-10,false
PB-13262ff47b,85107628562,A,design,no,The manipulated vignette outcomes are incentivized allocations in a repeated trust game; the general trust and social-value scales are controls rather than reported survey-response treatment outcomes.,0f3b62853518fa6149c60d89ebf9585191c9dae89f32106b0a7ead64c57161d9,5,strategy_review,AI_assisted,2026-09-10,false
PB-13262ff47b,85107628562,B,design,yes,Participants judge fictitious trustees presented through experimentally varied profiles and express trust preferences through allocations.,0f3b62853518fa6149c60d89ebf9585191c9dae89f32106b0a7ead64c57161d9,5,counterexample_audit_B,AI_assisted,2026-09-10,false
PB-13262ff47b,85107628562,A,new_data,yes,The authors collected new experimental decisions from 240 participants in monitored sessions.,0f3b62853518fa6149c60d89ebf9585191c9dae89f32106b0a7ead64c57161d9,5,strategy_review,AI_assisted,2026-09-10,false
PB-13262ff47b,85107628562,B,new_data,yes,The authors fielded and monitored original experimental sessions.,0f3b62853518fa6149c60d89ebf9585191c9dae89f32106b0a7ead64c57161d9,5,counterexample_audit_B,AI_assisted,2026-09-10,false
PB-13262ff47b,85107628562,A,text_treatment,yes,"The game manipulates written profile attributes and framing instructions, with photographic stimuli as well.",0f3b62853518fa6149c60d89ebf9585191c9dae89f32106b0a7ead64c57161d9,5,strategy_review,AI_assisted,2026-09-10,false
PB-13262ff47b,85107628562,B,text_treatment,yes,Profile information is displayed in writing alongside photographs.,0f3b62853518fa6149c60d89ebf9585191c9dae89f32106b0a7ead64c57161d9,5,counterexample_audit_B,AI_assisted,2026-09-10,false
PB-13262ff47b,85107628562,A,parser_compatible,no,The repeated incentivized game uses seven-attribute profiles drawn from a large factorial design and is incompatible with the current simple parser.,0f3b62853518fa6149c60d89ebf9585191c9dae89f32106b0a7ead64c57161d9,4,strategy_review,AI_assisted,2026-09-10,false
PB-13262ff47b,85107628562,B,parser_compatible,no,"The design creates decks of profiles from a 3,600-combination factorial universe with randomized attributes and repeated allocation choices; it exceeds the simple text-arm parser.",0f3b62853518fa6149c60d89ebf9585191c9dae89f32106b0a7ead64c57161d9,5,counterexample_audit_B,AI_assisted,2026-09-10,false
PB-13262ff47b,85107628562,A,geography,non_US,"Sampling and experimental sessions use the described post-secondary institutions in Santiago, Chile.",0f3b62853518fa6149c60d89ebf9585191c9dae89f32106b0a7ead64c57161d9,4,strategy_review,AI_assisted,2026-09-10,false
PB-13262ff47b,85107628562,B,geography,non_US,The methods situate the post-secondary sample and fieldwork in Chile.,0f3b62853518fa6149c60d89ebf9585191c9dae89f32106b0a7ead64c57161d9,3,counterexample_audit_B,AI_assisted,2026-09-10,false
PB-13262ff47b,85107628562,A,data_possession,unclear,Offers of additional model estimates and robustness checks do not establish availability of participant-level raw data.,,,strategy_review,AI_assisted,2026-09-10,false
PB-13262ff47b,85107628562,B,data_possession,unclear,"Analysis and author supervision establish involvement, but the supplied document does not state respondent-level data access or retention.",,,counterexample_audit_B,AI_assisted,2026-09-10,false
PB-8f958f6206,85181820584,A,design,yes,Vignettes experimentally vary NHS users' contribution and motivation status before eliciting public-spending preferences.,91af6ab08ba158b5dd125ceda3fe38958c12906f6d3da00ea0cef6f1963c7ec7,9,strategy_review,AI_assisted,2026-09-10,false
PB-8f958f6206,85181820584,B,design,yes,Randomized beneficiary-motivation and need vignettes are followed by NHS spending preferences.,91af6ab08ba158b5dd125ceda3fe38958c12906f6d3da00ea0cef6f1963c7ec7,9,counterexample_audit_B,AI_assisted,2026-09-10,false
PB-8f958f6206,85181820584,A,new_data,yes,An original 2018 online panel survey was fielded by SSI/Dynata for the study.,91af6ab08ba158b5dd125ceda3fe38958c12906f6d3da00ea0cef6f1963c7ec7,7,strategy_review,AI_assisted,2026-09-10,false
PB-8f958f6206,85181820584,B,new_data,yes,The authors report original survey fielding in February 2018 through SSI/Dynata.,91af6ab08ba158b5dd125ceda3fe38958c12906f6d3da00ea0cef6f1963c7ec7,7,counterexample_audit_B,AI_assisted,2026-09-10,false
PB-8f958f6206,85181820584,A,text_treatment,yes,Written vignette descriptions and quotations vary the users' motivation.,91af6ab08ba158b5dd125ceda3fe38958c12906f6d3da00ea0cef6f1963c7ec7,10,strategy_review,AI_assisted,2026-09-10,false
PB-8f958f6206,85181820584,B,text_treatment,yes,The treatment changes written statements describing fictional NHS users and their motivations.,91af6ab08ba158b5dd125ceda3fe38958c12906f6d3da00ea0cef6f1963c7ec7,10,counterexample_audit_B,AI_assisted,2026-09-10,false
PB-8f958f6206,85181820584,A,parser_compatible,yes,"Fixed treatment versions and additional health-need factors are followed by spending-preference questions, without conjoint profile-choice tasks.",91af6ab08ba158b5dd125ceda3fe38958c12906f6d3da00ea0cef6f1963c7ec7,9,strategy_review,AI_assisted,2026-09-10,false
PB-8f958f6206,85181820584,B,parser_compatible,yes,The nine fixed vignette combinations and the subsequent spending question are printed in the paper; this is a factorial vignette rather than a conjoint choice task.,91af6ab08ba158b5dd125ceda3fe38958c12906f6d3da00ea0cef6f1963c7ec7,12,counterexample_audit_B,AI_assisted,2026-09-10,false
PB-8f958f6206,85181820584,A,geography,non_US,The respondent panel is explicitly UK citizens.,91af6ab08ba158b5dd125ceda3fe38958c12906f6d3da00ea0cef6f1963c7ec7,7,strategy_review,AI_assisted,2026-09-10,false
PB-8f958f6206,85181820584,B,geography,non_US,The study explicitly recruits UK adult citizens.,91af6ab08ba158b5dd125ceda3fe38958c12906f6d3da00ea0cef6f1963c7ec7,7,counterexample_audit_B,AI_assisted,2026-09-10,false
PB-8f958f6206,85181820584,A,data_possession,yes,Authors explicitly make underlying data and study documentation available.,91af6ab08ba158b5dd125ceda3fe38958c12906f6d3da00ea0cef6f1963c7ec7,21,strategy_review,AI_assisted,2026-09-10,false
PB-8f958f6206,85181820584,B,data_possession,yes,"Both underlying data and documentation are declared available, and the paper provides treatment wording and the outcome item.",91af6ab08ba158b5dd125ceda3fe38958c12906f6d3da00ea0cef6f1963c7ec7,21,counterexample_audit_B,AI_assisted,2026-09-10,false
PB-8d28263584,85212150786,A,design,no,"The reported study is a simulation and evidence synthesis, including reanalysis to estimate meta-level parameters, rather than a report of an eligible experimental study.",bf7028a52200bb0dd276b49c17db6fa4b15785f8218953586c182c8ca4b598fc,2,strategy_review,AI_assisted,2026-09-10,false
PB-8d28263584,85212150786,B,design,no,This article develops and calibrates a cost-effectiveness simulation using prior studies; it does not report a directly administered human survey experiment.,bf7028a52200bb0dd276b49c17db6fa4b15785f8218953586c182c8ca4b598fc,1,counterexample_audit_B,AI_assisted,2026-09-10,false
PB-8d28263584,85212150786,A,new_data,no,Ten existing studies are reanalyzed and pretests simulated; no new respondents are recruited.,bf7028a52200bb0dd276b49c17db6fa4b15785f8218953586c182c8ca4b598fc,11,strategy_review,AI_assisted,2026-09-10,false
PB-8d28263584,85212150786,B,new_data,no,New analyses consist of simulated experiments and a review of existing evidence rather than new respondent recruitment.,bf7028a52200bb0dd276b49c17db6fa4b15785f8218953586c182c8ca4b598fc,3,counterexample_audit_B,AI_assisted,2026-09-10,false
PB-8d28263584,85212150786,A,text_treatment,yes,Inherited source experiments include written messages; no treatments were newly fielded.,bf7028a52200bb0dd276b49c17db6fa4b15785f8218953586c182c8ca4b598fc,12,strategy_review,AI_assisted,2026-09-10,false
PB-8d28263584,85212150786,B,text_treatment,no,The paper models hypothetical message pretests; it does not administer a written treatment to new respondents.,bf7028a52200bb0dd276b49c17db6fa4b15785f8218953586c182c8ca4b598fc,3,counterexample_audit_B,AI_assisted,2026-09-10,false
PB-8d28263584,85212150786,A,parser_compatible,unclear,The synthesis combines heterogeneous source experiments without their complete individual questionnaire structures.,,,strategy_review,AI_assisted,2026-09-10,false
PB-8d28263584,85212150786,B,parser_compatible,unclear,No administered questionnaire exists for the paper's simulation; compatibility of the diverse cited primary studies cannot be established from this article.,,,counterexample_audit_B,AI_assisted,2026-09-10,false
PB-8d28263584,85212150786,A,geography,unclear,The main-text packet lacks a complete country accounting for inherited studies.,,,strategy_review,AI_assisted,2026-09-10,false
PB-8d28263584,85212150786,B,geography,unclear,No eligible directly reported respondent experiment is identified; the reviewed literature cannot be treated as one article-level sample.,,,counterexample_audit_B,AI_assisted,2026-09-10,false
PB-8d28263584,85212150786,A,data_possession,unclear,"Access to data for secondary reanalysis is described, but corresponding full materials and authority to donate inherited data are not established.",,,strategy_review,AI_assisted,2026-09-10,false
PB-8d28263584,85212150786,B,data_possession,unclear,"Access to some prior-study raw data is described, but possession of the original researchers' complete respondent data and materials is not established.",,,counterexample_audit_B,AI_assisted,2026-09-10,false
PB-f57f4f483c,105028246602,A,design,yes,Randomized misinformation and correction messages are followed by foreign-policy attitudes and factual-belief questions in two studies.,6287837e5f23aea2a66958cd94cb5fb98b8ff48deab7cd88c825506411fdac81,6,strategy_review,AI_assisted,2026-09-10,false
PB-f57f4f483c,105028246602,B,design,yes,"The studies manipulate misinformation and elite corrections, then measure factual beliefs and policy support.",6287837e5f23aea2a66958cd94cb5fb98b8ff48deab7cd88c825506411fdac81,6,counterexample_audit_B,AI_assisted,2026-09-10,false
PB-f57f4f483c,105028246602,A,new_data,yes,The authors fielded new survey experiments in 2022 and 2024.,6287837e5f23aea2a66958cd94cb5fb98b8ff48deab7cd88c825506411fdac81,9,strategy_review,AI_assisted,2026-09-10,false
PB-f57f4f483c,105028246602,B,new_data,yes,The authors fielded original 2022 and 2024 surveys.,6287837e5f23aea2a66958cd94cb5fb98b8ff48deab7cd88c825506411fdac81,9,counterexample_audit_B,AI_assisted,2026-09-10,false
PB-f57f4f483c,105028246602,A,text_treatment,yes,The experimental treatment varies written Russian claims and attributed corrections.,6287837e5f23aea2a66958cd94cb5fb98b8ff48deab7cd88c825506411fdac81,6,strategy_review,AI_assisted,2026-09-10,false
PB-f57f4f483c,105028246602,B,text_treatment,yes,Written misinformation and correction statements constitute the treatments.,6287837e5f23aea2a66958cd94cb5fb98b8ff48deab7cd88c825506411fdac81,6,counterexample_audit_B,AI_assisted,2026-09-10,false
PB-f57f4f483c,105028246602,A,parser_compatible,yes,Study 1 uses seven fixed introductions and common survey items; Study 2 likewise uses fixed message conditions.,6287837e5f23aea2a66958cd94cb5fb98b8ff48deab7cd88c825506411fdac81,6,strategy_review,AI_assisted,2026-09-10,false
PB-f57f4f483c,105028246602,B,parser_compatible,yes,Fixed information/fact-check versions are followed by standard agreement questions; no adaptive or conjoint task is described.,6287837e5f23aea2a66958cd94cb5fb98b8ff48deab7cd88c825506411fdac81,6,counterexample_audit_B,AI_assisted,2026-09-10,false
PB-f57f4f483c,105028246602,A,geography,US_explicit,Study 2 explicitly samples US adults; Study 1 also targets US public opinion.,6287837e5f23aea2a66958cd94cb5fb98b8ff48deab7cd88c825506411fdac81,9,strategy_review,AI_assisted,2026-09-10,false
PB-f57f4f483c,105028246602,B,geography,US_explicit,At least the second study explicitly samples the US adult population; the first is also situated in US public opinion.,6287837e5f23aea2a66958cd94cb5fb98b8ff48deab7cd88c825506411fdac81,9,counterexample_audit_B,AI_assisted,2026-09-10,false
PB-f57f4f483c,105028246602,A,data_possession,unclear,The supplied article presents survey instruments and analyses but no direct data-sharing repository or access statement.,,,strategy_review,AI_assisted,2026-09-10,false
PB-f57f4f483c,105028246602,B,data_possession,unclear,The paper supplies questionnaire information but no explicit respondent-data availability statement.,,,counterexample_audit_B,AI_assisted,2026-09-10,false
PB-cb33883b88,85060078429,A,design,yes,Randomized wind-energy article frames are followed by policy-support and harm/cost judgments; a separate no-text baseline arose from a programming error.,e9a5a08b6e388205e9a8d81f03170761749e91b1eee9f345fa99dbd6c310356a,3,strategy_review,AI_assisted,2026-09-10,false
PB-cb33883b88,85060078429,B,design,yes,Randomized news-message arms elicit reported wind-energy support and perceived harms/costs.,e9a5a08b6e388205e9a8d81f03170761749e91b1eee9f345fa99dbd6c310356a,4,counterexample_audit_B,AI_assisted,2026-09-10,false
PB-cb33883b88,85060078429,A,new_data,yes,The authors collected new data through a commissioned Qualtrics sample.,e9a5a08b6e388205e9a8d81f03170761749e91b1eee9f345fa99dbd6c310356a,3,strategy_review,AI_assisted,2026-09-10,false
PB-cb33883b88,85060078429,B,new_data,yes,The researchers commissioned and fielded the original July 2017 online survey.,e9a5a08b6e388205e9a8d81f03170761749e91b1eee9f345fa99dbd6c310356a,4,counterexample_audit_B,AI_assisted,2026-09-10,false
PB-cb33883b88,85060078429,A,text_treatment,yes,Experimental versions add written positive or negative economic or environmental information.,e9a5a08b6e388205e9a8d81f03170761749e91b1eee9f345fa99dbd6c310356a,3,strategy_review,AI_assisted,2026-09-10,false
PB-cb33883b88,85060078429,B,text_treatment,yes,Written news articles contain the experimental information.,e9a5a08b6e388205e9a8d81f03170761749e91b1eee9f345fa99dbd6c310356a,3,counterexample_audit_B,AI_assisted,2026-09-10,false
PB-cb33883b88,85060078429,A,parser_compatible,yes,The article conditions are fixed text versions followed by common questions; cases receiving multiple treatments were excluded in the paper.,e9a5a08b6e388205e9a8d81f03170761749e91b1eee9f345fa99dbd6c310356a,3,strategy_review,AI_assisted,2026-09-10,false
PB-cb33883b88,85060078429,B,parser_compatible,yes,Six fixed message/control versions are followed by common questionnaire outcomes.,e9a5a08b6e388205e9a8d81f03170761749e91b1eee9f345fa99dbd6c310356a,3,counterexample_audit_B,AI_assisted,2026-09-10,false
PB-cb33883b88,85060078429,A,geography,US_explicit,The recruitment requirements explicitly include US citizenship and residence.,e9a5a08b6e388205e9a8d81f03170761749e91b1eee9f345fa99dbd6c310356a,4,strategy_review,AI_assisted,2026-09-10,false
PB-cb33883b88,85060078429,B,geography,US_explicit,US citizenship and residence were explicit sample eligibility conditions.,e9a5a08b6e388205e9a8d81f03170761749e91b1eee9f345fa99dbd6c310356a,4,counterexample_audit_B,AI_assisted,2026-09-10,false
PB-cb33883b88,85060078429,A,data_possession,unclear,The supplied paper does not state a participant-level data-sharing arrangement.,,,strategy_review,AI_assisted,2026-09-10,false
PB-cb33883b88,85060078429,B,data_possession,unclear,"Full questionnaire and stimuli are referenced, but current respondent-data access is not explicitly established.",,,counterexample_audit_B,AI_assisted,2026-09-10,false
PB-36a5e88420,85114140783,A,design,yes,Randomized COVID priming and fictional-roommate names precede prejudice and discriminatory-intention ratings.,9f3629de087a7a6c2d99b10c4f41630a62c224ba3fc44b6c7281d660f3f0dd6a,2,strategy_review,AI_assisted,2026-09-10,false
PB-36a5e88420,85114140783,B,design,yes,Randomized COVID salience and roommate descriptions elicit prejudice and intentions.,9f3629de087a7a6c2d99b10c4f41630a62c224ba3fc44b6c7281d660f3f0dd6a,2,counterexample_audit_B,AI_assisted,2026-09-10,false
PB-36a5e88420,85114140783,A,new_data,yes,"The authors conducted a new 5,000-person survey with embedded randomization.",9f3629de087a7a6c2d99b10c4f41630a62c224ba3fc44b6c7281d660f3f0dd6a,2,strategy_review,AI_assisted,2026-09-10,false
PB-36a5e88420,85114140783,B,new_data,yes,The authors fielded an original survey in August 2020.,9f3629de087a7a6c2d99b10c4f41630a62c224ba3fc44b6c7281d660f3f0dd6a,2,counterexample_audit_B,AI_assisted,2026-09-10,false
PB-36a5e88420,85114140783,A,text_treatment,yes,Treatments include a written COVID paragraph and a hypothetical email varying the sender's name.,9f3629de087a7a6c2d99b10c4f41630a62c224ba3fc44b6c7281d660f3f0dd6a,2,strategy_review,AI_assisted,2026-09-10,false
PB-36a5e88420,85114140783,B,text_treatment,yes,Written introductory material and a fictional roommate email are manipulated.,9f3629de087a7a6c2d99b10c4f41630a62c224ba3fc44b6c7281d660f3f0dd6a,2,counterexample_audit_B,AI_assisted,2026-09-10,false
PB-36a5e88420,85114140783,A,parser_compatible,yes,The fixed priming contrast and single-name vignette use common response scales rather than paired profiles or interactive dialogue.,9f3629de087a7a6c2d99b10c4f41630a62c224ba3fc44b6c7281d660f3f0dd6a,2,strategy_review,AI_assisted,2026-09-10,false
PB-36a5e88420,85114140783,B,parser_compatible,yes,The design uses fixed priming arms and one name-swapped roommate vignette followed by common response scales.,9f3629de087a7a6c2d99b10c4f41630a62c224ba3fc44b6c7281d660f3f0dd6a,2,counterexample_audit_B,AI_assisted,2026-09-10,false
PB-36a5e88420,85114140783,A,geography,US_explicit,The empirical survey explicitly samples American adults.,9f3629de087a7a6c2d99b10c4f41630a62c224ba3fc44b6c7281d660f3f0dd6a,2,strategy_review,AI_assisted,2026-09-10,false
PB-36a5e88420,85114140783,B,geography,US_explicit,The sampled adults are explicitly American.,9f3629de087a7a6c2d99b10c4f41630a62c224ba3fc44b6c7281d660f3f0dd6a,2,counterexample_audit_B,AI_assisted,2026-09-10,false
PB-36a5e88420,85114140783,A,data_possession,yes,The data-availability statement identifies study data and analysis code at OSF.,9f3629de087a7a6c2d99b10c4f41630a62c224ba3fc44b6c7281d660f3f0dd6a,6,strategy_review,AI_assisted,2026-09-10,false
PB-36a5e88420,85114140783,B,data_possession,yes,The data-availability statement identifies an OSF archive of study data and analysis code.,9f3629de087a7a6c2d99b10c4f41630a62c224ba3fc44b6c7281d660f3f0dd6a,6,counterexample_audit_B,AI_assisted,2026-09-10,false
PB-5369497b50,85088293543,A,design,yes,"Randomized marital-name information is followed by candidate trait, issue-position and voting-intention questions.",6bcdf1e9f470d2c1c05310e19dcad21b4b83ef18e70bee1268730c40b52257fe,5,strategy_review,AI_assisted,2026-09-10,false
PB-5369497b50,85088293543,B,design,yes,"Randomized candidate marital-name descriptions are followed by trait ratings, issue impressions and vote intention.",6bcdf1e9f470d2c1c05310e19dcad21b4b83ef18e70bee1268730c40b52257fe,5,counterexample_audit_B,AI_assisted,2026-09-10,false
PB-5369497b50,85088293543,A,new_data,yes,The authors commissioned a new 407-person survey sample.,6bcdf1e9f470d2c1c05310e19dcad21b4b83ef18e70bee1268730c40b52257fe,6,strategy_review,AI_assisted,2026-09-10,false
PB-5369497b50,85088293543,B,new_data,yes,The authors commissioned original sample collection in December 2017.,6bcdf1e9f470d2c1c05310e19dcad21b4b83ef18e70bee1268730c40b52257fe,6,counterexample_audit_B,AI_assisted,2026-09-10,false
PB-5369497b50,85088293543,A,text_treatment,yes,The two treatment versions differ in the candidate's and spouse's surnames within fixed written materials.,6bcdf1e9f470d2c1c05310e19dcad21b4b83ef18e70bee1268730c40b52257fe,5,strategy_review,AI_assisted,2026-09-10,false
PB-5369497b50,85088293543,B,text_treatment,yes,Written candidate and speech descriptions carry the name manipulation.,6bcdf1e9f470d2c1c05310e19dcad21b4b83ef18e70bee1268730c40b52257fe,5,counterexample_audit_B,AI_assisted,2026-09-10,false
PB-5369497b50,85088293543,A,parser_compatible,yes,A two-condition fixed vignette and speech share a common questionnaire.,6bcdf1e9f470d2c1c05310e19dcad21b4b83ef18e70bee1268730c40b52257fe,5,strategy_review,AI_assisted,2026-09-10,false
PB-5369497b50,85088293543,B,parser_compatible,yes,Two fixed text versions precede the same survey questions.,6bcdf1e9f470d2c1c05310e19dcad21b4b83ef18e70bee1268730c40b52257fe,5,counterexample_audit_B,AI_assisted,2026-09-10,false
PB-5369497b50,85088293543,A,geography,US_explicit,The sample country is explicitly the United States.,6bcdf1e9f470d2c1c05310e19dcad21b4b83ef18e70bee1268730c40b52257fe,6,strategy_review,AI_assisted,2026-09-10,false
PB-5369497b50,85088293543,B,geography,US_explicit,The study explicitly locates its participant sample in the US.,6bcdf1e9f470d2c1c05310e19dcad21b4b83ef18e70bee1268730c40b52257fe,6,counterexample_audit_B,AI_assisted,2026-09-10,false
PB-5369497b50,85088293543,A,data_possession,unclear,"The authors offer the full survey experiment, but this does not explicitly establish access to participant-level data.",,,strategy_review,AI_assisted,2026-09-10,false
PB-5369497b50,85088293543,B,data_possession,unclear,"The questionnaire is available from the authors, but that statement does not explicitly establish raw respondent-data access.",,,counterexample_audit_B,AI_assisted,2026-09-10,false
PB-9cddcb8385,85183940490,A,design,yes,Self-image messages and anticipated chat conditions are randomized before agreement and intended-vote outcomes.,77cbedc486083b3332d340f4dbf2b3aee9e1071254d695bd827d2da8b893e77d,4,strategy_review,AI_assisted,2026-09-10,false
PB-9cddcb8385,85183940490,B,design,yes,Randomized self-image information and anticipated discussion conditions precede argument evaluations and voting intentions.,77cbedc486083b3332d340f4dbf2b3aee9e1071254d695bd827d2da8b893e77d,4,counterexample_audit_B,AI_assisted,2026-09-10,false
PB-9cddcb8385,85183940490,A,new_data,yes,Original two-wave study fielded through LINK.,77cbedc486083b3332d340f4dbf2b3aee9e1071254d695bd827d2da8b893e77d,4,strategy_review,AI_assisted,2026-09-10,false
PB-9cddcb8385,85183940490,B,new_data,yes,The researchers fielded an original two-wave experiment through the LINK panel.,77cbedc486083b3332d340f4dbf2b3aee9e1071254d695bd827d2da8b893e77d,4,counterexample_audit_B,AI_assisted,2026-09-10,false
PB-9cddcb8385,85183940490,A,text_treatment,yes,Written information varies the link between animal kindness and being a good person.,77cbedc486083b3332d340f4dbf2b3aee9e1071254d695bd827d2da8b893e77d,1,strategy_review,AI_assisted,2026-09-10,false
PB-9cddcb8385,85183940490,B,text_treatment,yes,Written scientific-information messages are manipulated as treatments.,77cbedc486083b3332d340f4dbf2b3aee9e1071254d695bd827d2da8b893e77d,1,counterexample_audit_B,AI_assisted,2026-09-10,false
PB-9cddcb8385,85183940490,A,parser_compatible,yes,Wave 1 provides a fixed message and immediate intended-vote outcome before actual chat. The later complex chat can be separated from this eligible component.,77cbedc486083b3332d340f4dbf2b3aee9e1071254d695bd827d2da8b893e77d,4,strategy_review,AI_assisted,2026-09-10,false
PB-9cddcb8385,85183940490,B,parser_compatible,unclear,"Wave-one message and rating items may be separable and compatible, but the full study also matches respondents for interactive chats and allows selective information exposure.",,,counterexample_audit_B,AI_assisted,2026-09-10,false
PB-9cddcb8385,85183940490,A,geography,non_US,Explicitly recruited Swiss voters from German-speaking Switzerland.,77cbedc486083b3332d340f4dbf2b3aee9e1071254d695bd827d2da8b893e77d,4,strategy_review,AI_assisted,2026-09-10,false
PB-9cddcb8385,85183940490,B,geography,non_US,Respondents are explicitly recruited from German-speaking Switzerland and screened for voting eligibility.,77cbedc486083b3332d340f4dbf2b3aee9e1071254d695bd827d2da8b893e77d,4,counterexample_audit_B,AI_assisted,2026-09-10,false
PB-9cddcb8385,85183940490,A,data_possession,yes,Authors offer data; treatment messages and question descriptions are supplied in the article and appendix.,77cbedc486083b3332d340f4dbf2b3aee9e1071254d695bd827d2da8b893e77d,13,strategy_review,AI_assisted,2026-09-10,false
PB-9cddcb8385,85183940490,B,data_possession,unclear,"The authors promise data on request, but complete questionnaire and chat materials have not been verified.",,,counterexample_audit_B,AI_assisted,2026-09-10,false
PB-3591e0ebc0,85138407074,A,design,yes,A randomized mayor-policy vignette is followed by feeling-thermometer and harshness ratings.,d534ae63b0cbf1afbd2a4c5439aa5f56edd000b84410c46e97d2f0b15ad22dc0,10,strategy_review,AI_assisted,2026-09-10,false
PB-3591e0ebc0,85138407074,B,design,yes,Five randomized policy vignettes elicit feelings toward the proposer and perceived policy harshness.,d534ae63b0cbf1afbd2a4c5439aa5f56edd000b84410c46e97d2f0b15ad22dc0,9,counterexample_audit_B,AI_assisted,2026-09-10,false
PB-3591e0ebc0,85138407074,A,new_data,yes,The authors fielded their original experimental module in a new national survey.,d534ae63b0cbf1afbd2a4c5439aa5f56edd000b84410c46e97d2f0b15ad22dc0,7,strategy_review,AI_assisted,2026-09-10,false
PB-3591e0ebc0,85138407074,B,new_data,yes,The authors describe fielding the original May 2020 survey.,d534ae63b0cbf1afbd2a4c5439aa5f56edd000b84410c46e97d2f0b15ad22dc0,7,counterexample_audit_B,AI_assisted,2026-09-10,false
PB-3591e0ebc0,85138407074,A,text_treatment,yes,Written policy descriptions manipulate tracking intrusiveness and punishment.,d534ae63b0cbf1afbd2a4c5439aa5f56edd000b84410c46e97d2f0b15ad22dc0,9,strategy_review,AI_assisted,2026-09-10,false
PB-3591e0ebc0,85138407074,B,text_treatment,yes,The intervention is a written description of an isolation policy.,d534ae63b0cbf1afbd2a4c5439aa5f56edd000b84410c46e97d2f0b15ad22dc0,9,counterexample_audit_B,AI_assisted,2026-09-10,false
PB-3591e0ebc0,85138407074,A,parser_compatible,yes,"Each participant receives one of five fixed vignette versions, followed by common rating questions.",d534ae63b0cbf1afbd2a4c5439aa5f56edd000b84410c46e97d2f0b15ad22dc0,8,strategy_review,AI_assisted,2026-09-10,false
PB-3591e0ebc0,85138407074,B,parser_compatible,yes,Each respondent receives one fixed vignette followed by the same outcome questions.,d534ae63b0cbf1afbd2a4c5439aa5f56edd000b84410c46e97d2f0b15ad22dc0,9,counterexample_audit_B,AI_assisted,2026-09-10,false
PB-3591e0ebc0,85138407074,A,geography,US_explicit,The article explicitly identifies the survey as a US national sample.,d534ae63b0cbf1afbd2a4c5439aa5f56edd000b84410c46e97d2f0b15ad22dc0,2,strategy_review,AI_assisted,2026-09-10,false
PB-3591e0ebc0,85138407074,B,geography,US_explicit,The authors explicitly identify their national respondent population as American.,d534ae63b0cbf1afbd2a4c5439aa5f56edd000b84410c46e97d2f0b15ad22dc0,20,counterexample_audit_B,AI_assisted,2026-09-10,false
PB-3591e0ebc0,85138407074,A,data_possession,unclear,The supplied full text does not state a raw-data sharing arrangement or repository.,,,strategy_review,AI_assisted,2026-09-10,false
PB-3591e0ebc0,85138407074,B,data_possession,unclear,No respondent-level data availability or current possession statement was identified.,,,counterexample_audit_B,AI_assisted,2026-09-10,false
PB-2fe071c1b9,105017440329,A,design,yes,"Respondents express preferences between experimentally varied hypothetical property-tax proposals, meeting the broad survey-design definition.",01049b7ab3ee7dd3b327be3755b58db82ab6fcff0e88d7f59e2f711fd3637295,7,strategy_review,AI_assisted,2026-09-10,false
PB-2fe071c1b9,105017440329,B,design,yes,Randomized policy profiles elicit stated property-tax preferences.,01049b7ab3ee7dd3b327be3755b58db82ab6fcff0e88d7f59e2f711fd3637295,7,counterexample_audit_B,AI_assisted,2026-09-10,false
PB-2fe071c1b9,105017440329,A,new_data,yes,The authors commissioned new survey data collection.,01049b7ab3ee7dd3b327be3755b58db82ab6fcff0e88d7f59e2f711fd3637295,6,strategy_review,AI_assisted,2026-09-10,false
PB-2fe071c1b9,105017440329,B,new_data,yes,The paper describes original pretesting and fielding of its Haitian survey.,01049b7ab3ee7dd3b327be3755b58db82ab6fcff0e88d7f59e2f711fd3637295,6,counterexample_audit_B,AI_assisted,2026-09-10,false
PB-2fe071c1b9,105017440329,A,text_treatment,yes,The experimental attributes are communicated as written tax proposals.,01049b7ab3ee7dd3b327be3755b58db82ab6fcff0e88d7f59e2f711fd3637295,7,strategy_review,AI_assisted,2026-09-10,false
PB-2fe071c1b9,105017440329,B,text_treatment,yes,Written tax-policy alternatives constitute the communicated treatments.,01049b7ab3ee7dd3b327be3755b58db82ab6fcff0e88d7f59e2f711fd3637295,7,counterexample_audit_B,AI_assisted,2026-09-10,false
PB-2fe071c1b9,105017440329,A,parser_compatible,no,"The only experimental module uses repeated paired multiattribute conjoint proposals, unsupported by the current parser.",01049b7ab3ee7dd3b327be3755b58db82ab6fcff0e88d7f59e2f711fd3637295,7,strategy_review,AI_assisted,2026-09-10,false
PB-2fe071c1b9,105017440329,B,parser_compatible,no,Repeated paired conjoint profiles are explicitly incompatible with the parser.,01049b7ab3ee7dd3b327be3755b58db82ab6fcff0e88d7f59e2f711fd3637295,7,counterexample_audit_B,AI_assisted,2026-09-10,false
PB-2fe071c1b9,105017440329,A,geography,non_US,The eligibility criteria explicitly require participants to live in Haiti.,01049b7ab3ee7dd3b327be3755b58db82ab6fcff0e88d7f59e2f711fd3637295,6,strategy_review,AI_assisted,2026-09-10,false
PB-2fe071c1b9,105017440329,B,geography,non_US,Residence in Haiti was a sample inclusion requirement.,01049b7ab3ee7dd3b327be3755b58db82ab6fcff0e88d7f59e2f711fd3637295,6,counterexample_audit_B,AI_assisted,2026-09-10,false
PB-2fe071c1b9,105017440329,A,data_possession,yes,The article explicitly states that replication data and code were deposited in a public repository.,01049b7ab3ee7dd3b327be3755b58db82ab6fcff0e88d7f59e2f711fd3637295,12,strategy_review,AI_assisted,2026-09-10,false
PB-2fe071c1b9,105017440329,B,data_possession,yes,The authors explicitly archive their data and code.,01049b7ab3ee7dd3b327be3755b58db82ab6fcff0e88d7f59e2f711fd3637295,12,counterexample_audit_B,AI_assisted,2026-09-10,false
PB-983c4d5bcc,80054041559,A,design,yes,The study randomizes gain/loss question wording and measures subjective victimization probabilities.,f217de123a4532eac1316c565af54f52bda734d974e2d75c548a5b8ba6d27341,6,strategy_review,AI_assisted,2026-09-10,false
PB-983c4d5bcc,80054041559,B,design,yes,Question-frame assignment varies gain/loss wording and measures subjective victimization probabilities.,f217de123a4532eac1316c565af54f52bda734d974e2d75c548a5b8ba6d27341,6,counterexample_audit_B,AI_assisted,2026-09-10,false
PB-983c4d5bcc,80054041559,A,new_data,yes,"The researchers collected new taxi-driver and waiter survey data, although fieldwork predates article publication.",f217de123a4532eac1316c565af54f52bda734d974e2d75c548a5b8ba6d27341,6,strategy_review,AI_assisted,2026-09-10,false
PB-983c4d5bcc,80054041559,B,new_data,yes,The authors fielded a new sample of taxi drivers and waiters.,f217de123a4532eac1316c565af54f52bda734d974e2d75c548a5b8ba6d27341,6,counterexample_audit_B,AI_assisted,2026-09-10,false
PB-983c4d5bcc,80054041559,A,text_treatment,yes,"The standardized question and scenario wording varies between gain and loss frames, presented with scenario cards during interviews.",f217de123a4532eac1316c565af54f52bda734d974e2d75c548a5b8ba6d27341,7,strategy_review,AI_assisted,2026-09-10,false
PB-983c4d5bcc,80054041559,B,text_treatment,yes,"The manipulation is scripted question wording with written scenario cards, although interviewers administer the survey orally.",f217de123a4532eac1316c565af54f52bda734d974e2d75c548a5b8ba6d27341,7,counterexample_audit_B,AI_assisted,2026-09-10,false
PB-983c4d5bcc,80054041559,A,parser_compatible,yes,The fixed wording versions use common verbal and numerical probability items; oral administration does not make the questionnaire structure adaptive.,f217de123a4532eac1316c565af54f52bda734d974e2d75c548a5b8ba6d27341,6,strategy_review,AI_assisted,2026-09-10,false
PB-983c4d5bcc,80054041559,B,parser_compatible,yes,Two fixed questionnaire versions with numerical and verbal ratings are structurally compatible; oral administration is documented separately.,f217de123a4532eac1316c565af54f52bda734d974e2d75c548a5b8ba6d27341,6,counterexample_audit_B,AI_assisted,2026-09-10,false
PB-983c4d5bcc,80054041559,A,geography,non_US,"Recruitment and face-to-face interviews are explicitly located in Leipzig, Germany.",f217de123a4532eac1316c565af54f52bda734d974e2d75c548a5b8ba6d27341,6,strategy_review,AI_assisted,2026-09-10,false
PB-983c4d5bcc,80054041559,B,geography,non_US,"The recruitment and interviews explicitly occurred in Leipzig, Germany.",f217de123a4532eac1316c565af54f52bda734d974e2d75c548a5b8ba6d27341,6,counterexample_audit_B,AI_assisted,2026-09-10,false
PB-983c4d5bcc,80054041559,A,data_possession,unclear,The full text does not offer participant-level data or identify a data-sharing repository.,,,strategy_review,AI_assisted,2026-09-10,false
PB-983c4d5bcc,80054041559,B,data_possession,unclear,No respondent-data archive or current data availability statement was identified.,,,counterexample_audit_B,AI_assisted,2026-09-10,false
PB-8300fc0a59,85098180961,A,design,yes,Three online experiments randomize whether a family-history question precedes immigration attitude outcomes.,8dad18f71581336d0e662fa5605874db69af813a44ee5d5fac9ce6a0f9ee2373,3,strategy_review,AI_assisted,2026-09-10,false
PB-8300fc0a59,85098180961,B,design,yes,Randomly ordering a family-immigration prompt before or after outcome questions tests effects on immigration preferences and feelings.,8dad18f71581336d0e662fa5605874db69af813a44ee5d5fac9ce6a0f9ee2373,3,counterexample_audit_B,AI_assisted,2026-09-10,false
PB-8300fc0a59,85098180961,A,new_data,yes,Authors designed and implemented three original online surveys in 2017–2019.,8dad18f71581336d0e662fa5605874db69af813a44ee5d5fac9ce6a0f9ee2373,3,strategy_review,AI_assisted,2026-09-10,false
PB-8300fc0a59,85098180961,B,new_data,yes,"The authors describe implementing three surveys in 2017–2019, including a preregistered third study.",8dad18f71581336d0e662fa5605874db69af813a44ee5d5fac9ce6a0f9ee2373,3,counterexample_audit_B,AI_assisted,2026-09-10,false
PB-8300fc0a59,85098180961,A,text_treatment,yes,The treatment is a written autobiographical question/prime delivered before rather than after outcomes.,8dad18f71581336d0e662fa5605874db69af813a44ee5d5fac9ce6a0f9ee2373,3,strategy_review,AI_assisted,2026-09-10,false
PB-8300fc0a59,85098180961,B,text_treatment,yes,"The intervention is a written family-history question and reflection prompt, varied in placement.",8dad18f71581336d0e662fa5605874db69af813a44ee5d5fac9ce6a0f9ee2373,3,counterexample_audit_B,AI_assisted,2026-09-10,false
PB-8300fc0a59,85098180961,A,parser_compatible,yes,A fixed question-order manipulation precedes standard agreement and feeling-thermometer items; no incompatible conjoint or adaptive interaction is described.,8dad18f71581336d0e662fa5605874db69af813a44ee5d5fac9ce6a0f9ee2373,3,strategy_review,AI_assisted,2026-09-10,false
PB-8300fc0a59,85098180961,B,parser_compatible,yes,The core structure consists of a fixed priming question before or after fixed rating-scale outcomes; wording and scales are reported.,8dad18f71581336d0e662fa5605874db69af813a44ee5d5fac9ce6a0f9ee2373,3,counterexample_audit_B,AI_assisted,2026-09-10,false
PB-8300fc0a59,85098180961,A,geography,US_inferred,The study explicitly targets Americans and elicits their families' arrival in America alongside US immigration attitudes and US partisan identity. The main-text methods defer detailed sample recruitment to SI.,8dad18f71581336d0e662fa5605874db69af813a44ee5d5fac9ce6a0f9ee2373,3,strategy_review,AI_assisted,2026-09-10,false
PB-8300fc0a59,85098180961,B,geography,US_explicit,"The paper explicitly describes the people whose attitudes were experimentally changed as Americans, beyond merely mentioning a US policy topic.",8dad18f71581336d0e662fa5605874db69af813a44ee5d5fac9ce6a0f9ee2373,6,counterexample_audit_B,AI_assisted,2026-09-10,false
PB-8300fc0a59,85098180961,A,data_possession,yes,"The article links replication materials and cites a corresponding replication dataset, with study documentation in SI.",8dad18f71581336d0e662fa5605874db69af813a44ee5d5fac9ce6a0f9ee2373,7,strategy_review,AI_assisted,2026-09-10,false
PB-8300fc0a59,85098180961,B,data_possession,unclear,A Dataverse replication-files link is given but the contents are not verified to contain both raw respondent data and complete materials.,,,counterexample_audit_B,AI_assisted,2026-09-10,false
PB-4940625713,84940438463,A,design,yes,"The original survey varies election scenarios and question order, measuring social identity and hypothetical vote choice.",1db1425439c1eaeb7cce1d314180749b686ba60b906c02cc3bc4da5875fd3988,8,strategy_review,AI_assisted,2026-09-10,false
PB-4940625713,84940438463,B,design,yes,"The study randomizes hypothetical elections and question/presentation order, then measures vote choice and social identity.",1db1425439c1eaeb7cce1d314180749b686ba60b906c02cc3bc4da5875fd3988,8,counterexample_audit_B,AI_assisted,2026-09-10,false
PB-4940625713,84940438463,A,new_data,yes,"The author commissioned a new TESS-supported experiment administered to 1,089 participants.",1db1425439c1eaeb7cce1d314180749b686ba60b906c02cc3bc4da5875fd3988,8,strategy_review,AI_assisted,2026-09-10,false
PB-4940625713,84940438463,B,new_data,yes,The article explicitly describes original survey-experiment fieldwork.,1db1425439c1eaeb7cce1d314180749b686ba60b906c02cc3bc4da5875fd3988,8,counterexample_audit_B,AI_assisted,2026-09-10,false
PB-4940625713,84940438463,A,text_treatment,yes,Participants read written electoral scenarios in the experimental conditions.,1db1425439c1eaeb7cce1d314180749b686ba60b906c02cc3bc4da5875fd3988,8,strategy_review,AI_assisted,2026-09-10,false
PB-4940625713,84940438463,B,text_treatment,yes,The manipulated stimulus is a written hypothetical election description.,1db1425439c1eaeb7cce1d314180749b686ba60b906c02cc3bc4da5875fd3988,8,counterexample_audit_B,AI_assisted,2026-09-10,false
PB-4940625713,84940438463,A,parser_compatible,yes,The experiment uses fixed scenario and order conditions followed by common rating questions; its hypothetical vote question is not a conjoint task.,1db1425439c1eaeb7cce1d314180749b686ba60b906c02cc3bc4da5875fd3988,8,strategy_review,AI_assisted,2026-09-10,false
PB-4940625713,84940438463,B,parser_compatible,yes,"The twelve fixed combinations involve election text and item order, with ordinary questionnaire outcomes.",1db1425439c1eaeb7cce1d314180749b686ba60b906c02cc3bc4da5875fd3988,8,counterexample_audit_B,AI_assisted,2026-09-10,false
PB-4940625713,84940438463,A,geography,US_explicit,"The sampling footnote explicitly identifies the source panel as American, rather than relying on the vendor's name alone.",1db1425439c1eaeb7cce1d314180749b686ba60b906c02cc3bc4da5875fd3988,8,strategy_review,AI_assisted,2026-09-10,false
PB-4940625713,84940438463,B,geography,US_explicit,The methods explicitly identify the source panel's US population.,1db1425439c1eaeb7cce1d314180749b686ba60b906c02cc3bc4da5875fd3988,8,counterexample_audit_B,AI_assisted,2026-09-10,false
PB-4940625713,84940438463,A,data_possession,unclear,The article reports receiving and analyzing survey data but does not specify a data-sharing repository or access arrangement.,,,strategy_review,AI_assisted,2026-09-10,false
PB-4940625713,84940438463,B,data_possession,yes,"The author describes using respondent weights supplied in the delivered survey data, which is direct evidence of data access.",1db1425439c1eaeb7cce1d314180749b686ba60b906c02cc3bc4da5875fd3988,8,counterexample_audit_B,AI_assisted,2026-09-10,false
PB-12090da19b,84948955567,A,design,yes,"Random assignment to written health-message conditions is followed by self-report esteem and body-image outcomes, alongside a separate eating task.",794df8ad4346817a54001833396c736c36988a3a0539df45bd2774df5f4904e3,3,strategy_review,AI_assisted,2026-09-10,false
PB-12090da19b,84948955567,B,design,yes,"Randomized article exposure is followed by self-reported self-esteem and body-image measures, in addition to an eating task.",794df8ad4346817a54001833396c736c36988a3a0539df45bd2774df5f4904e3,3,counterexample_audit_B,AI_assisted,2026-09-10,false
PB-12090da19b,84948955567,A,new_data,yes,The methods report recruitment and testing of 120 female undergraduates for this study.,794df8ad4346817a54001833396c736c36988a3a0539df45bd2774df5f4904e3,2,strategy_review,AI_assisted,2026-09-10,false
PB-12090da19b,84948955567,B,new_data,yes,The study recruited an original undergraduate sample.,794df8ad4346817a54001833396c736c36988a3a0539df45bd2774df5f4904e3,2,counterexample_audit_B,AI_assisted,2026-09-10,false
PB-12090da19b,84948955567,A,text_treatment,yes,The manipulation includes author-written anti-obesity and sun-exposure articles.,794df8ad4346817a54001833396c736c36988a3a0539df45bd2774df5f4904e3,3,strategy_review,AI_assisted,2026-09-10,false
PB-12090da19b,84948955567,B,text_treatment,yes,The manipulated stimuli are written health narratives.,794df8ad4346817a54001833396c736c36988a3a0539df45bd2774df5f4904e3,3,counterexample_audit_B,AI_assisted,2026-09-10,false
PB-12090da19b,84948955567,A,parser_compatible,yes,The two fixed article conditions and subsequent questionnaire outcomes provide a compatible text-treatment contrast; the additional word-search and eating tasks are separable.,794df8ad4346817a54001833396c736c36988a3a0539df45bd2774df5f4904e3,3,strategy_review,AI_assisted,2026-09-10,false
PB-12090da19b,84948955567,B,parser_compatible,yes,The eligible component uses fixed message/control arms and common self-report scales; the separate food-intake outcome would require additional handling.,794df8ad4346817a54001833396c736c36988a3a0539df45bd2774df5f4904e3,3,counterexample_audit_B,AI_assisted,2026-09-10,false
PB-12090da19b,84948955567,A,geography,non_US,"The actual participant pool was York University undergraduates in Canada, rather than a country inferred from author affiliation.",794df8ad4346817a54001833396c736c36988a3a0539df45bd2774df5f4904e3,2,strategy_review,AI_assisted,2026-09-10,false
PB-12090da19b,84948955567,B,geography,non_US,The participant pool is the named Canadian university; this is recruitment evidence rather than affiliation inference.,794df8ad4346817a54001833396c736c36988a3a0539df45bd2774df5f4904e3,2,counterexample_audit_B,AI_assisted,2026-09-10,false
PB-12090da19b,84948955567,A,data_possession,unclear,No statement about participant-level data availability or donor access was located in the supplied article.,,,strategy_review,AI_assisted,2026-09-10,false
PB-12090da19b,84948955567,B,data_possession,unclear,The paper supplies message materials but does not establish current availability of respondent-level data.,,,counterexample_audit_B,AI_assisted,2026-09-10,false
PB-fa806a0412,85113135382,A,design,yes,Randomly assigned childcare-policy messages are followed by direct policy-support ratings at two waves.,c5b6cd9d087d16a467c9317780ab63fab4d1c9e400298ed9c84d694d412c5564,17,strategy_review,AI_assisted,2026-09-10,false
PB-fa806a0412,85113135382,B,design,yes,Message strategies are randomized and followed by pre/post policy support in two survey waves.,c5b6cd9d087d16a467c9317780ab63fab4d1c9e400298ed9c84d694d412c5564,14,counterexample_audit_B,AI_assisted,2026-09-10,false
PB-fa806a0412,85113135382,A,new_data,yes,The team commissioned and fielded a new national panel experiment.,c5b6cd9d087d16a467c9317780ab63fab4d1c9e400298ed9c84d694d412c5564,9,strategy_review,AI_assisted,2026-09-10,false
PB-fa806a0412,85113135382,B,new_data,yes,The researchers commissioned original panel recruitment and follow-up.,c5b6cd9d087d16a467c9317780ab63fab4d1c9e400298ed9c84d694d412c5564,9,counterexample_audit_B,AI_assisted,2026-09-10,false
PB-fa806a0412,85113135382,A,text_treatment,yes,"The treatment versions are written policy arguments, narratives and inoculation messages.",c5b6cd9d087d16a467c9317780ab63fab4d1c9e400298ed9c84d694d412c5564,15,strategy_review,AI_assisted,2026-09-10,false
PB-fa806a0412,85113135382,B,text_treatment,yes,The treatments are written advocacy and opposing messages.,c5b6cd9d087d16a467c9317780ab63fab4d1c9e400298ed9c84d694d412c5564,15,counterexample_audit_B,AI_assisted,2026-09-10,false
PB-fa806a0412,85113135382,A,parser_compatible,yes,At least the first-wave comparison has fixed text conditions and common questionnaire outcomes; later fixed-message follow-up can be represented separately.,c5b6cd9d087d16a467c9317780ab63fab4d1c9e400298ed9c84d694d412c5564,14,strategy_review,AI_assisted,2026-09-10,false
PB-fa806a0412,85113135382,B,parser_compatible,yes,Seven fixed message schedules and standard outcome questions are structurally compatible; the second wave requires linking respondents across surveys.,c5b6cd9d087d16a467c9317780ab63fab4d1c9e400298ed9c84d694d412c5564,14,counterexample_audit_B,AI_assisted,2026-09-10,false
PB-fa806a0412,85113135382,A,geography,US_explicit,"The sample explicitly comprises US adults, with panel members living in the United States.",c5b6cd9d087d16a467c9317780ab63fab4d1c9e400298ed9c84d694d412c5564,9,strategy_review,AI_assisted,2026-09-10,false
PB-fa806a0412,85113135382,B,geography,US_explicit,The recruited panel explicitly consists of US adults.,c5b6cd9d087d16a467c9317780ab63fab4d1c9e400298ed9c84d694d412c5564,9,counterexample_audit_B,AI_assisted,2026-09-10,false
PB-fa806a0412,85113135382,A,data_possession,yes,The paper explicitly provides an archived source for the study data and analysis syntax.,c5b6cd9d087d16a467c9317780ab63fab4d1c9e400298ed9c84d694d412c5564,19,strategy_review,AI_assisted,2026-09-10,false
PB-fa806a0412,85113135382,B,data_possession,unclear,"Preregistration and message materials are identified, but the paper does not explicitly establish respondent-level data availability.",,,counterexample_audit_B,AI_assisted,2026-09-10,false
PB-396787a099,85065913702,A,design,yes,"Randomized information-source exposure in a simulated social network precedes subjective article evaluations and perceived group proportions, satisfying the broad content-experiment definition.",8005f61e335e738e3256e2024e157249dd1a460e5398c6d1e630d01144d36f90,15,strategy_review,AI_assisted,2026-09-10,false
PB-396787a099,85065913702,B,design,yes,Randomized political-source composition of shared articles is followed by information evaluations and perceived network composition.,8005f61e335e738e3256e2024e157249dd1a460e5398c6d1e630d01144d36f90,4,counterexample_audit_B,AI_assisted,2026-09-10,false
PB-396787a099,85065913702,A,new_data,yes,"Original recruited participants completed the programmed experiment, plus a separate replication.",8005f61e335e738e3256e2024e157249dd1a460e5398c6d1e630d01144d36f90,13,strategy_review,AI_assisted,2026-09-10,false
PB-396787a099,85065913702,B,new_data,yes,The author reports original online recruitment and experiment participation.,8005f61e335e738e3256e2024e157249dd1a460e5398c6d1e630d01144d36f90,13,counterexample_audit_B,AI_assisted,2026-09-10,false
PB-396787a099,85065913702,A,text_treatment,yes,Participants read articles labeled with manipulated source identities; the source-sequence information constitutes a textual/social-cue treatment.,8005f61e335e738e3256e2024e157249dd1a460e5398c6d1e630d01144d36f90,14,strategy_review,AI_assisted,2026-09-10,false
PB-396787a099,85065913702,B,text_treatment,yes,Participants encounter written articles accompanied by politically identified source labels varied across conditions.,8005f61e335e738e3256e2024e157249dd1a460e5398c6d1e630d01144d36f90,14,counterexample_audit_B,AI_assisted,2026-09-10,false
PB-396787a099,85065913702,A,parser_compatible,no,Dynamic article selection and sharing with simulated neighbors and contingent timing require an interactive interface beyond a fixed questionnaire parser.,8005f61e335e738e3256e2024e157249dd1a460e5398c6d1e630d01144d36f90,13,strategy_review,AI_assisted,2026-09-10,false
PB-396787a099,85065913702,B,parser_compatible,no,"The task requires timed interactive article reception, selection and redistribution through simulated neighbors, exceeding a static questionnaire parser.",8005f61e335e738e3256e2024e157249dd1a460e5398c6d1e630d01144d36f90,14,counterexample_audit_B,AI_assisted,2026-09-10,false
PB-396787a099,85065913702,A,geography,US_explicit,The recruitment section explicitly restricts participants to the United States.,8005f61e335e738e3256e2024e157249dd1a460e5398c6d1e630d01144d36f90,13,strategy_review,AI_assisted,2026-09-10,false
PB-396787a099,85065913702,B,geography,US_explicit,The recruitment section explicitly limits participants to the United States.,8005f61e335e738e3256e2024e157249dd1a460e5398c6d1e630d01144d36f90,13,counterexample_audit_B,AI_assisted,2026-09-10,false
PB-396787a099,85065913702,A,data_possession,yes,"Relevant data are offered on OSF, with stimulus titles and experimental-interface documentation in supporting information; sharing authority still requires donor confirmation.",8005f61e335e738e3256e2024e157249dd1a460e5398c6d1e630d01144d36f90,1,strategy_review,AI_assisted,2026-09-10,false
PB-396787a099,85065913702,B,data_possession,unclear,"All relevant data are declared available on OSF, but the availability of the complete stimulus set and executable interaction materials has not been verified.",,,counterexample_audit_B,AI_assisted,2026-09-10,false
PB-f58e844f42,85176135752,A,design,yes,"The same hypothetical partners are systematically described in four relationship arrangements, followed by parenting-capability judgments.",1db47bd4138e0f8b5b352491241bc6b0844ef504e4e6f7eb50e198a0a1ae3827,4,strategy_review,AI_assisted,2026-09-10,false
PB-f58e844f42,85176135752,B,design,yes,Standardized vignettes systematically vary relationship type and elicit parenting-capability judgments.,1db47bd4138e0f8b5b352491241bc6b0844ef504e4e6f7eb50e198a0a1ae3827,4,counterexample_audit_B,AI_assisted,2026-09-10,false
PB-f58e844f42,85176135752,A,new_data,yes,The authors collected new quantitative ratings and open-ended explanations.,1db47bd4138e0f8b5b352491241bc6b0844ef504e4e6f7eb50e198a0a1ae3827,4,strategy_review,AI_assisted,2026-09-10,false
PB-f58e844f42,85176135752,B,new_data,yes,The authors collected original student responses.,1db47bd4138e0f8b5b352491241bc6b0844ef504e4e6f7eb50e198a0a1ae3827,4,counterexample_audit_B,AI_assisted,2026-09-10,false
PB-f58e844f42,85176135752,A,text_treatment,yes,The treatment uses written descriptions of relationship arrangements.,1db47bd4138e0f8b5b352491241bc6b0844ef504e4e6f7eb50e198a0a1ae3827,4,strategy_review,AI_assisted,2026-09-10,false
PB-f58e844f42,85176135752,B,text_treatment,yes,The manipulated descriptions are written relationship vignettes.,1db47bd4138e0f8b5b352491241bc6b0844ef504e4e6f7eb50e198a0a1ae3827,4,counterexample_audit_B,AI_assisted,2026-09-10,false
PB-f58e844f42,85176135752,A,parser_compatible,yes,"Four fixed vignette versions, presented individually in random order with identical rating and explanation items, provide a nonadaptive text-response structure.",1db47bd4138e0f8b5b352491241bc6b0844ef504e4e6f7eb50e198a0a1ae3827,4,strategy_review,AI_assisted,2026-09-10,false
PB-f58e844f42,85176135752,B,parser_compatible,yes,"Four fixed vignettes use the same rating and open-text outcome structure, without generated profile combinations.",1db47bd4138e0f8b5b352491241bc6b0844ef504e4e6f7eb50e198a0a1ae3827,4,counterexample_audit_B,AI_assisted,2026-09-10,false
PB-f58e844f42,85176135752,A,geography,US_explicit,The methods explicitly identify the actual student recruitment institution as being in the USA.,1db47bd4138e0f8b5b352491241bc6b0844ef504e4e6f7eb50e198a0a1ae3827,4,strategy_review,AI_assisted,2026-09-10,false
PB-f58e844f42,85176135752,B,geography,US_explicit,The student recruitment institution is explicitly in the USA.,1db47bd4138e0f8b5b352491241bc6b0844ef504e4e6f7eb50e198a0a1ae3827,4,counterexample_audit_B,AI_assisted,2026-09-10,false
PB-f58e844f42,85176135752,A,data_possession,unclear,The article restricts public data availability under its consent terms; this does not establish whether a permissible private donation is possible.,1db47bd4138e0f8b5b352491241bc6b0844ef504e4e6f7eb50e198a0a1ae3827,17,strategy_review,AI_assisted,2026-09-10,false
PB-f58e844f42,85176135752,B,data_possession,unclear,The paper says data are not publicly available because of consent restrictions; this does not establish current raw-data possession or its absence.,,,counterexample_audit_B,AI_assisted,2026-09-10,false
PB-2b04b4b9ae,105020590422,A,design,no,"The study tests temporal working-memory accuracy under brain stimulation, without a survey-style content-judgment experiment.",47ea384b45a4ffa0355f20e8977c696295a07c3b35a54f2495939714bfeec9df,2,strategy_review,AI_assisted,2026-09-10,false
PB-2b04b4b9ae,105020590422,B,design,no,A brain-stimulation intervention tests temporal working-memory performance rather than communicated-content survey responses.,47ea384b45a4ffa0355f20e8977c696295a07c3b35a54f2495939714bfeec9df,3,counterexample_audit_B,AI_assisted,2026-09-10,false
PB-2b04b4b9ae,105020590422,A,new_data,yes,The authors report collecting new participant data.,47ea384b45a4ffa0355f20e8977c696295a07c3b35a54f2495939714bfeec9df,2,strategy_review,AI_assisted,2026-09-10,false
PB-2b04b4b9ae,105020590422,B,new_data,yes,The paper reports original experimental data collection.,47ea384b45a4ffa0355f20e8977c696295a07c3b35a54f2495939714bfeec9df,2,counterexample_audit_B,AI_assisted,2026-09-10,false
PB-2b04b4b9ae,105020590422,A,text_treatment,no,"The experimental treatment is real versus sham brain stimulation with timed geometric stimuli, not varied written content.",47ea384b45a4ffa0355f20e8977c696295a07c3b35a54f2495939714bfeec9df,2,strategy_review,AI_assisted,2026-09-10,false
PB-2b04b4b9ae,105020590422,B,text_treatment,no,"The randomized intervention is electrical brain stimulation, not written information.",47ea384b45a4ffa0355f20e8977c696295a07c3b35a54f2495939714bfeec9df,3,counterexample_audit_B,AI_assisted,2026-09-10,false
PB-2b04b4b9ae,105020590422,A,parser_compatible,no,Brain stimulation and repeated timed perceptual trials are incompatible with the survey parser.,47ea384b45a4ffa0355f20e8977c696295a07c3b35a54f2495939714bfeec9df,3,strategy_review,AI_assisted,2026-09-10,false
PB-2b04b4b9ae,105020590422,B,parser_compatible,no,Physical stimulation and timed memory tasks are incompatible with a text-survey parser.,47ea384b45a4ffa0355f20e8977c696295a07c3b35a54f2495939714bfeec9df,3,counterexample_audit_B,AI_assisted,2026-09-10,false
PB-2b04b4b9ae,105020590422,A,geography,unclear,The supplied methods do not locate participant recruitment; the ethics committee and author affiliations alone cannot establish the sample country.,,,strategy_review,AI_assisted,2026-09-10,false
PB-2b04b4b9ae,105020590422,B,geography,unclear,Ethics oversight and equipment location do not explicitly establish participant residence; there is no eligible survey experiment.,,,counterexample_audit_B,AI_assisted,2026-09-10,false
PB-2b04b4b9ae,105020590422,A,data_possession,yes,"The article explicitly offers data on request, providing evidence of a route to author-held data.",47ea384b45a4ffa0355f20e8977c696295a07c3b35a54f2495939714bfeec9df,7,strategy_review,AI_assisted,2026-09-10,false
PB-2b04b4b9ae,105020590422,B,data_possession,yes,"The authors explicitly offer study data, although these are not eligible survey-experiment data.",47ea384b45a4ffa0355f20e8977c696295a07c3b35a54f2495939714bfeec9df,7,counterexample_audit_B,AI_assisted,2026-09-10,false
PB-b5f2d013bb,85098689916,A,design,no,All experiments manipulate motor/auditory predictability and measure tracking accuracy or reaction time. A post-task questionnaire does not make the motor task an experiment on communicated content.,35702cfb497510d18b92c1c2c82d3dcfa97d559c019c59a4fa31990df7ab64c5,2,strategy_review,AI_assisted,2026-09-10,false
PB-b5f2d013bb,85098689916,B,design,no,The experiments vary perceptual predictability during motor tracking and tone responses; post-task strategy questions do not make this a communicated-content survey experiment.,35702cfb497510d18b92c1c2c82d3dcfa97d559c019c59a4fa31990df7ab64c5,1,counterexample_audit_B,AI_assisted,2026-09-10,false
PB-b5f2d013bb,85098689916,A,new_data,yes,Original recruited participants performed each reported laboratory experiment.,35702cfb497510d18b92c1c2c82d3dcfa97d559c019c59a4fa31990df7ab64c5,3,strategy_review,AI_assisted,2026-09-10,false
PB-b5f2d013bb,85098689916,B,new_data,yes,The authors report original participant recruitment and administration across laboratory experiments.,35702cfb497510d18b92c1c2c82d3dcfa97d559c019c59a4fa31990df7ab64c5,3,counterexample_audit_B,AI_assisted,2026-09-10,false
PB-b5f2d013bb,85098689916,A,text_treatment,no,"The experimental stimuli are moving tracking paths and tones, not written messages or question wording.",35702cfb497510d18b92c1c2c82d3dcfa97d559c019c59a4fa31990df7ab64c5,4,strategy_review,AI_assisted,2026-09-10,false
PB-b5f2d013bb,85098689916,B,text_treatment,no,"The manipulated information is a visual tracking path or sound sequence, rather than language or vignette content.",35702cfb497510d18b92c1c2c82d3dcfa97d559c019c59a4fa31990df7ab64c5,1,counterexample_audit_B,AI_assisted,2026-09-10,false
PB-b5f2d013bb,85098689916,A,parser_compatible,no,"Joystick tracking, foot-pedal responses and continuous timing require a motor-task interface outside the survey parser.",35702cfb497510d18b92c1c2c82d3dcfa97d559c019c59a4fa31990df7ab64c5,3,strategy_review,AI_assisted,2026-09-10,false
PB-b5f2d013bb,85098689916,B,parser_compatible,no,"A joystick, foot pedal, visual tracking and audio responses are required.",35702cfb497510d18b92c1c2c82d3dcfa97d559c019c59a4fa31990df7ab64c5,3,counterexample_audit_B,AI_assisted,2026-09-10,false
PB-b5f2d013bb,85098689916,A,geography,unclear,The recruitment account refers to a university campus and participant database without naming the country; affiliations alone do not establish respondent location.,,,strategy_review,AI_assisted,2026-09-10,false
PB-b5f2d013bb,85098689916,B,geography,unclear,No eligible survey experiment is identified; recruitment country for the motor experiments is not used as target-study geography.,,,counterexample_audit_B,AI_assisted,2026-09-10,false
PB-b5f2d013bb,85098689916,A,data_possession,unclear,"Datasets are offered on request, but the text does not establish availability of eligible respondent survey data plus corresponding questionnaire materials; the reported data are motor-task measurements.",35702cfb497510d18b92c1c2c82d3dcfa97d559c019c59a4fa31990df7ab64c5,20,strategy_review,AI_assisted,2026-09-10,false
PB-b5f2d013bb,85098689916,B,data_possession,unclear,No relevant target survey-experiment raw data and materials are identified.,,,counterexample_audit_B,AI_assisted,2026-09-10,false
PB-43bac74aa3,85181220759,A,design,yes,"A factorial online experiment varies disease and rights framing in news articles, then measures anti-fat attitudes.",192bfc02c4bdf9734c7c7819056c2da57c65bd892d59bcbf937843c255bfb251,3,strategy_review,AI_assisted,2026-09-10,false
PB-43bac74aa3,85181220759,B,design,yes,Four experimentally varied news frames precede respondent anti-fat attitude ratings.,192bfc02c4bdf9734c7c7819056c2da57c65bd892d59bcbf937843c255bfb251,3,counterexample_audit_B,AI_assisted,2026-09-10,false
PB-43bac74aa3,85181220759,A,new_data,yes,Authors recruited the original MTurk/CloudResearch sample and fielded the experiment.,192bfc02c4bdf9734c7c7819056c2da57c65bd892d59bcbf937843c255bfb251,3,strategy_review,AI_assisted,2026-09-10,false
PB-43bac74aa3,85181220759,B,new_data,yes,The authors explicitly report original recruitment and study administration.,192bfc02c4bdf9734c7c7819056c2da57c65bd892d59bcbf937843c255bfb251,3,counterexample_audit_B,AI_assisted,2026-09-10,false
PB-43bac74aa3,85181220759,A,text_treatment,yes,The written news-article segments affirm or negate disease and rights propositions; wording is experimentally varied.,192bfc02c4bdf9734c7c7819056c2da57c65bd892d59bcbf937843c255bfb251,3,strategy_review,AI_assisted,2026-09-10,false
PB-43bac74aa3,85181220759,B,text_treatment,yes,Manipulated treatments are researcher-written news articles varying disease and rights language.,192bfc02c4bdf9734c7c7819056c2da57c65bd892d59bcbf937843c255bfb251,3,counterexample_audit_B,AI_assisted,2026-09-10,false
PB-43bac74aa3,85181220759,A,parser_compatible,yes,"One of four fixed news articles precedes standard seven-point attitude items, a text response and demographics; factorial framing does not entail conjoint choice tasks.",192bfc02c4bdf9734c7c7819056c2da57c65bd892d59bcbf937843c255bfb251,3,strategy_review,AI_assisted,2026-09-10,false
PB-43bac74aa3,85181220759,B,parser_compatible,yes,The method and printed stimulus/item tables specify an article followed by fixed Likert items and demographic questions; simple conditional follow-up does not require conjoint or adaptive conversation.,192bfc02c4bdf9734c7c7819056c2da57c65bd892d59bcbf937843c255bfb251,3,counterexample_audit_B,AI_assisted,2026-09-10,false
PB-43bac74aa3,85181220759,A,geography,US_explicit,The main experimental sample is explicitly restricted to US residents.,192bfc02c4bdf9734c7c7819056c2da57c65bd892d59bcbf937843c255bfb251,3,strategy_review,AI_assisted,2026-09-10,false
PB-43bac74aa3,85181220759,B,geography,US_explicit,Recruitment explicitly restricts participants to US residents.,192bfc02c4bdf9734c7c7819056c2da57c65bd892d59bcbf937843c255bfb251,3,counterexample_audit_B,AI_assisted,2026-09-10,false
PB-43bac74aa3,85181220759,A,data_possession,yes,Authors explicitly provide all materials and data on OSF.,192bfc02c4bdf9734c7c7819056c2da57c65bd892d59bcbf937843c255bfb251,2,strategy_review,AI_assisted,2026-09-10,false
PB-43bac74aa3,85181220759,B,data_possession,yes,The authors explicitly provide both study data and materials on OSF.,192bfc02c4bdf9734c7c7819056c2da57c65bd892d59bcbf937843c255bfb251,2,counterexample_audit_B,AI_assisted,2026-09-10,false
PB-8b611a1b32,85076420910,A,design,no,"All participants rate the same scenarios; the reported contrasts concern measured age and appraisals, with random order but no experimental content or question-condition contrast.",eb66369adcc259a2b68bb2dec31b851f737196b050b1e15e7004479dfd5025e7,5,strategy_review,AI_assisted,2026-09-10,false
PB-8b611a1b32,85076420910,B,design,no,"Everyone rates the same ambiguous scenarios; only order is randomized, and the analysis compares observed age groups and appraisals rather than a content manipulation.",eb66369adcc259a2b68bb2dec31b851f737196b050b1e15e7004479dfd5025e7,5,counterexample_audit_B,AI_assisted,2026-09-10,false
PB-8b611a1b32,85076420910,A,new_data,yes,The authors collected new scenario-rating data.,eb66369adcc259a2b68bb2dec31b851f737196b050b1e15e7004479dfd5025e7,4,strategy_review,AI_assisted,2026-09-10,false
PB-8b611a1b32,85076420910,B,new_data,yes,The authors recruited an original sample.,eb66369adcc259a2b68bb2dec31b851f737196b050b1e15e7004479dfd5025e7,4,counterexample_audit_B,AI_assisted,2026-09-10,false
PB-8b611a1b32,85076420910,A,text_treatment,yes,"The task presents written scenarios, although no eligible content-treatment contrast is identified.",eb66369adcc259a2b68bb2dec31b851f737196b050b1e15e7004479dfd5025e7,5,strategy_review,AI_assisted,2026-09-10,false
PB-8b611a1b32,85076420910,B,text_treatment,no,Scenario texts are common measurement prompts; no treatment contrast in text is described.,eb66369adcc259a2b68bb2dec31b851f737196b050b1e15e7004479dfd5025e7,5,counterexample_audit_B,AI_assisted,2026-09-10,false
PB-8b611a1b32,85076420910,A,parser_compatible,unclear,The repeated scenario questionnaire has no identified randomized treatment contrast; experiment-level suitability for the parser cannot be established.,,,strategy_review,AI_assisted,2026-09-10,false
PB-8b611a1b32,85076420910,B,parser_compatible,yes,"The task is a fixed sequence of scenario readings and ordinary rating questions, structurally parseable even though the study lacks an eligible content contrast.",eb66369adcc259a2b68bb2dec31b851f737196b050b1e15e7004479dfd5025e7,5,counterexample_audit_B,AI_assisted,2026-09-10,false
PB-8b611a1b32,85076420910,A,geography,unclear,The methods specify MTurk recruitment but no respondent country; the ethics-board location does not identify the sample.,,,strategy_review,AI_assisted,2026-09-10,false
PB-8b611a1b32,85076420910,B,geography,unclear,MTurk recruitment and institutional ethics oversight do not establish respondent residence.,,,counterexample_audit_B,AI_assisted,2026-09-10,false
PB-8b611a1b32,85076420910,A,data_possession,yes,The article explicitly directs readers to its study data in an OSF repository.,eb66369adcc259a2b68bb2dec31b851f737196b050b1e15e7004479dfd5025e7,4,strategy_review,AI_assisted,2026-09-10,false
PB-8b611a1b32,85076420910,B,data_possession,yes,The paper explicitly identifies an archive for its data.,eb66369adcc259a2b68bb2dec31b851f737196b050b1e15e7004479dfd5025e7,4,counterexample_audit_B,AI_assisted,2026-09-10,false
PB-10fd1a16ae,77950207581,A,design,no,All four experiments concern word-recognition memory and training; responses are memory-test decisions rather than survey judgments of communicated content.,2fb61337cb73bbf918ef5930f97987a7cab645d1e5a2361276e5e9a3f0514ae3,7,strategy_review,AI_assisted,2026-09-10,false
PB-10fd1a16ae,77950207581,B,design,no,"The outcomes are word-recognition memory decisions in a timed laboratory task, not survey judgments about communicated content.",2fb61337cb73bbf918ef5930f97987a7cab645d1e5a2361276e5e9a3f0514ae3,7,counterexample_audit_B,AI_assisted,2026-09-10,false
PB-10fd1a16ae,77950207581,A,new_data,yes,The author collected new laboratory data in four experiments.,2fb61337cb73bbf918ef5930f97987a7cab645d1e5a2361276e5e9a3f0514ae3,6,strategy_review,AI_assisted,2026-09-10,false
PB-10fd1a16ae,77950207581,B,new_data,yes,The author reports original laboratory data collection across four experiments.,2fb61337cb73bbf918ef5930f97987a7cab645d1e5a2361276e5e9a3f0514ae3,6,counterexample_audit_B,AI_assisted,2026-09-10,false
PB-10fd1a16ae,77950207581,A,text_treatment,yes,"The experimental stimuli include manipulated written word lists, although these serve a memory task rather than an eligible survey experiment.",2fb61337cb73bbf918ef5930f97987a7cab645d1e5a2361276e5e9a3f0514ae3,13,strategy_review,AI_assisted,2026-09-10,false
PB-10fd1a16ae,77950207581,B,text_treatment,yes,"Written word stimuli vary in frequency, although they are memory-task materials rather than survey messages.",2fb61337cb73bbf918ef5930f97987a7cab645d1e5a2361276e5e9a3f0514ae3,6,counterexample_audit_B,AI_assisted,2026-09-10,false
PB-10fd1a16ae,77950207581,A,parser_compatible,no,"Timed word presentation, masking and recognition-training sequences are incompatible with a simple text-treatment survey parser.",2fb61337cb73bbf918ef5930f97987a7cab645d1e5a2361276e5e9a3f0514ae3,9,strategy_review,AI_assisted,2026-09-10,false
PB-10fd1a16ae,77950207581,B,parser_compatible,no,"Timed subliminal presentation, calibration and recognition responses require a laboratory-task implementation.",2fb61337cb73bbf918ef5930f97987a7cab645d1e5a2361276e5e9a3f0514ae3,6,counterexample_audit_B,AI_assisted,2026-09-10,false
PB-10fd1a16ae,77950207581,A,geography,US_explicit,"Participants were explicitly drawn from Binghamton University's student population, a US sampling location.",2fb61337cb73bbf918ef5930f97987a7cab645d1e5a2361276e5e9a3f0514ae3,6,strategy_review,AI_assisted,2026-09-10,false
PB-10fd1a16ae,77950207581,B,geography,US_explicit,The reported participant pool is at a US university.,2fb61337cb73bbf918ef5930f97987a7cab645d1e5a2361276e5e9a3f0514ae3,6,counterexample_audit_B,AI_assisted,2026-09-10,false
PB-10fd1a16ae,77950207581,A,data_possession,unclear,The supplied article does not state whether participant-level data can be accessed or supplied.,,,strategy_review,AI_assisted,2026-09-10,false
PB-10fd1a16ae,77950207581,B,data_possession,unclear,No respondent-data availability or present possession statement was identified.,,,counterexample_audit_B,AI_assisted,2026-09-10,false
PB-e2bb80618c,85124205644,A,design,yes,"Randomized encouragement to consume opposing news is followed by attitude and affective evaluations. This satisfies the broad human content-experiment definition, although exposure occurs over twelve days outside a fixed questionnaire.",522024ed2052a2acfe7eaa474b01b23b0d6f3a50ba5e7b69bf72eaf39ae1c5e5,8,strategy_review,AI_assisted,2026-09-10,false
PB-e2bb80618c,85124205644,B,design,yes,Randomized assignment to increased opposing-news exposure is followed by survey measures of political attitudes and well-being.,522024ed2052a2acfe7eaa474b01b23b0d6f3a50ba5e7b69bf72eaf39ae1c5e5,8,counterexample_audit_B,AI_assisted,2026-09-10,false
PB-e2bb80618c,85124205644,A,new_data,yes,Authors recruited the original longitudinal panel and fielded the embedded experimental project.,522024ed2052a2acfe7eaa474b01b23b0d6f3a50ba5e7b69bf72eaf39ae1c5e5,8,strategy_review,AI_assisted,2026-09-10,false
PB-e2bb80618c,85124205644,B,new_data,yes,"The authors recruited and followed their own panel, assigning its respondents to the experimental intervention.",522024ed2052a2acfe7eaa474b01b23b0d6f3a50ba5e7b69bf72eaf39ae1c5e5,8,counterexample_audit_B,AI_assisted,2026-09-10,false
PB-e2bb80618c,85124205644,A,text_treatment,yes,The randomized encouragement assigns exposure to written articles from ideologically opposing outlets.,522024ed2052a2acfe7eaa474b01b23b0d6f3a50ba5e7b69bf72eaf39ae1c5e5,9,strategy_review,AI_assisted,2026-09-10,false
PB-e2bb80618c,85124205644,B,text_treatment,yes,The treatment instructs respondents to read written news articles from specified ideologically opposed outlets.,522024ed2052a2acfe7eaa474b01b23b0d6f3a50ba5e7b69bf72eaf39ae1c5e5,9,counterexample_audit_B,AI_assisted,2026-09-10,false
PB-e2bb80618c,85124205644,A,parser_compatible,no,"Participant-selected live news articles, repeated external exposure and browsing-data integration exceed the fixed questionnaire/text-treatment parser.",522024ed2052a2acfe7eaa474b01b23b0d6f3a50ba5e7b69bf72eaf39ae1c5e5,9,strategy_review,AI_assisted,2026-09-10,false
PB-e2bb80618c,85124205644,B,parser_compatible,no,"The intervention spans twelve days and lets participants choose external news articles, linked to repeated surveys and browser traces; it cannot be represented as a fixed one-session text questionnaire.",522024ed2052a2acfe7eaa474b01b23b0d6f3a50ba5e7b69bf72eaf39ae1c5e5,10,counterexample_audit_B,AI_assisted,2026-09-10,false
PB-e2bb80618c,85124205644,A,geography,US_explicit,The Lucid sample is explicitly recruited to match US Census demographic margins and is analyzed by US party identification.,522024ed2052a2acfe7eaa474b01b23b0d6f3a50ba5e7b69bf72eaf39ae1c5e5,8,strategy_review,AI_assisted,2026-09-10,false
PB-e2bb80618c,85124205644,B,geography,US_inferred,"US geography is inferred from US Census quota sampling together with Democratic/Republican recruitment classifications, rather than from the US news topic alone.",522024ed2052a2acfe7eaa474b01b23b0d6f3a50ba5e7b69bf72eaf39ae1c5e5,8,counterexample_audit_B,AI_assisted,2026-09-10,false
PB-e2bb80618c,85124205644,A,data_possession,yes,"Authors provide replication data and code, with survey wording and examples of article responses in the article appendices; availability does not imply permission to redistribute linked browsing data.",522024ed2052a2acfe7eaa474b01b23b0d6f3a50ba5e7b69bf72eaf39ae1c5e5,37,strategy_review,AI_assisted,2026-09-10,false
PB-e2bb80618c,85124205644,B,data_possession,unclear,"The researchers report collecting surveys and browser histories, but the packet does not establish present availability of complete raw data and treatment materials.",,,counterexample_audit_B,AI_assisted,2026-09-10,false
PB-ace01f0a53,105038220984,A,design,yes,"Manipulated social-interest cues and individual information are followed by explicit romantic-preference and confidence ratings, alongside eye tracking in Study 2.",ab275fa22a0418090b7de2f45f96c168bfbab2ca1bed1bcff15eb4234d23ff6b,7,strategy_review,AI_assisted,2026-09-10,false
PB-ace01f0a53,105038220984,B,design,yes,Randomized partner-information and social-interest cues elicit reported romantic preferences; these are survey-style judgments despite laboratory presentation.,ab275fa22a0418090b7de2f45f96c168bfbab2ca1bed1bcff15eb4234d23ff6b,5,counterexample_audit_B,AI_assisted,2026-09-10,false
PB-ace01f0a53,105038220984,A,new_data,yes,The authors collected new data in two studies with separate student samples.,ab275fa22a0418090b7de2f45f96c168bfbab2ca1bed1bcff15eb4234d23ff6b,4,strategy_review,AI_assisted,2026-09-10,false
PB-ace01f0a53,105038220984,B,new_data,yes,The authors recruited original student samples for two studies.,ab275fa22a0418090b7de2f45f96c168bfbab2ca1bed1bcff15eb4234d23ff6b,4,counterexample_audit_B,AI_assisted,2026-09-10,false
PB-ace01f0a53,105038220984,A,text_treatment,yes,The social-acceptance manipulation explicitly uses written Chinese statements alongside images.,ab275fa22a0418090b7de2f45f96c168bfbab2ca1bed1bcff15eb4234d23ff6b,5,strategy_review,AI_assisted,2026-09-10,false
PB-ace01f0a53,105038220984,B,text_treatment,yes,Written interest cues accompany facial photographs and graphical information.,ab275fa22a0418090b7de2f45f96c168bfbab2ca1bed1bcff15eb4234d23ff6b,5,counterexample_audit_B,AI_assisted,2026-09-10,false
PB-ace01f0a53,105038220984,A,parser_compatible,no,"Both studies require linked pre/post ratings over many timed image trials; Study 2 also records gaze, exceeding the simple parser's structure.",ab275fa22a0418090b7de2f45f96c168bfbab2ca1bed1bcff15eb4234d23ff6b,7,strategy_review,AI_assisted,2026-09-10,false
PB-ace01f0a53,105038220984,B,parser_compatible,no,"The task contains 120 timed image trials, jittered intervals and, in the second study, eye tracking; it requires substantial task-specific handling.",ab275fa22a0418090b7de2f45f96c168bfbab2ca1bed1bcff15eb4234d23ff6b,7,counterexample_audit_B,AI_assisted,2026-09-10,false
PB-ace01f0a53,105038220984,A,geography,non_US,Both experimental samples are explicitly recruited at a Chinese university.,ab275fa22a0418090b7de2f45f96c168bfbab2ca1bed1bcff15eb4234d23ff6b,13,strategy_review,AI_assisted,2026-09-10,false
PB-ace01f0a53,105038220984,B,geography,non_US,Both studies recruit students from a Chinese university.,ab275fa22a0418090b7de2f45f96c168bfbab2ca1bed1bcff15eb4234d23ff6b,13,counterexample_audit_B,AI_assisted,2026-09-10,false
PB-ace01f0a53,105038220984,A,data_possession,yes,The paper provides a direct OSF data location and offers restricted image materials separately on request.,ab275fa22a0418090b7de2f45f96c168bfbab2ca1bed1bcff15eb4234d23ff6b,22,strategy_review,AI_assisted,2026-09-10,false
PB-ace01f0a53,105038220984,B,data_possession,yes,The authors explicitly promise the data and code.,ab275fa22a0418090b7de2f45f96c168bfbab2ca1bed1bcff15eb4234d23ff6b,22,counterexample_audit_B,AI_assisted,2026-09-10,false
PB-19a90c6299,85197229092,A,design,yes,"Randomized vignette gender followed by problem recognition, distress and treatment-need judgments.",f6f6bc23a8709ea5863d8c5ca3038e02764d221f87492940c5012221eb740576,3,strategy_review,AI_assisted,2026-09-10,false
PB-19a90c6299,85197229092,B,design,yes,"Respondents read gender-manipulated eating-disorder vignettes and reported recognition, perceived need, distress and acceptability.",f6f6bc23a8709ea5863d8c5ca3038e02764d221f87492940c5012221eb740576,3,counterexample_audit_B,AI_assisted,2026-09-10,false
PB-19a90c6299,85197229092,A,new_data,yes,Authors recruited and surveyed an original community sample.,f6f6bc23a8709ea5863d8c5ca3038e02764d221f87492940c5012221eb740576,3,strategy_review,AI_assisted,2026-09-10,false
PB-19a90c6299,85197229092,B,new_data,yes,"The paper reports recruitment, initial and retained samples, and its own randomized questionnaire administration.",f6f6bc23a8709ea5863d8c5ca3038e02764d221f87492940c5012221eb740576,3,counterexample_audit_B,AI_assisted,2026-09-10,false
PB-19a90c6299,85197229092,A,text_treatment,yes,"Written vignette names, pronouns and descriptive text manipulate portrayed gender.",f6f6bc23a8709ea5863d8c5ca3038e02764d221f87492940c5012221eb740576,3,strategy_review,AI_assisted,2026-09-10,false
PB-19a90c6299,85197229092,B,text_treatment,yes,"Gender is communicated through written descriptions, names and pronouns.",f6f6bc23a8709ea5863d8c5ca3038e02764d221f87492940c5012221eb740576,3,counterexample_audit_B,AI_assisted,2026-09-10,false
PB-19a90c6299,85197229092,A,parser_compatible,yes,"Three fixed vignettes per respondent under one randomized gender condition, with standard rating and free-response items; no conjoint profile choices or adaptive dialogue described.",f6f6bc23a8709ea5863d8c5ca3038e02764d221f87492940c5012221eb740576,3,strategy_review,AI_assisted,2026-09-10,false
PB-19a90c6299,85197229092,B,parser_compatible,yes,The method specifies three fixed vignettes with the same follow-up items and provides the vignette appendix; the only manipulations are condition and presentation order.,f6f6bc23a8709ea5863d8c5ca3038e02764d221f87492940c5012221eb740576,3,counterexample_audit_B,AI_assisted,2026-09-10,false
PB-19a90c6299,85197229092,A,geography,unclear,"Online recruitment through social media and listservs specifies only an age requirement, not respondent country. US institutional affiliation and dollar incentive do not establish residence.",,,strategy_review,AI_assisted,2026-09-10,false
PB-19a90c6299,85197229092,B,geography,unclear,"Recruitment through listservs and social media has no stated country restriction. US institutions, racial categories and dollar incentives are insufficient.",,,counterexample_audit_B,AI_assisted,2026-09-10,false
PB-19a90c6299,85197229092,A,data_possession,yes,"Authors offer the data on request; vignette texts and response questions are supplied in the article and appendix. This supports availability, not a guarantee of donor consent.",f6f6bc23a8709ea5863d8c5ca3038e02764d221f87492940c5012221eb740576,11,strategy_review,AI_assisted,2026-09-10,false
PB-19a90c6299,85197229092,B,data_possession,yes,The authors offer the study data on request; the article includes the actual vignette appendix and survey measures.,f6f6bc23a8709ea5863d8c5ca3038e02764d221f87492940c5012221eb740576,11,counterexample_audit_B,AI_assisted,2026-09-10,false
PB-743729223f,85197800364,A,design,no,The experiment tests reading comprehension demands and ocular behavior; comprehension-test performance is not an attitudinal or comparable substantive survey response.,2436b887a01a5fbc77e12f6812fdd132b0b229a07fc3606f8b20a1e57193c793,9,strategy_review,AI_assisted,2026-09-10,false
PB-743729223f,85197800364,B,design,no,The main experiment varies reading-comprehension demands to study eye movements and objective test performance. The separate naturalness ratings do not establish a qualifying experimental attitude study.,2436b887a01a5fbc77e12f6812fdd132b0b229a07fc3606f8b20a1e57193c793,1,counterexample_audit_B,AI_assisted,2026-09-10,false
PB-743729223f,85197800364,A,new_data,yes,Original university recruitment and laboratory testing are reported.,2436b887a01a5fbc77e12f6812fdd132b0b229a07fc3606f8b20a1e57193c793,7,strategy_review,AI_assisted,2026-09-10,false
PB-743729223f,85197800364,B,new_data,yes,Original participant recruitment and two-session laboratory testing are reported.,2436b887a01a5fbc77e12f6812fdd132b0b229a07fc3606f8b20a1e57193c793,6,counterexample_audit_B,AI_assisted,2026-09-10,false
PB-743729223f,85197800364,A,text_treatment,yes,Question wording and response alternatives differ between high- and low-comprehension demand conditions; this is textual variation within an otherwise ineligible reading task.,2436b887a01a5fbc77e12f6812fdd132b0b229a07fc3606f8b20a1e57193c793,7,strategy_review,AI_assisted,2026-09-10,false
PB-743729223f,85197800364,B,text_treatment,yes,"Question text and response alternatives vary comprehension demands, although the associated outcomes fall outside the target survey design.",2436b887a01a5fbc77e12f6812fdd132b0b229a07fc3606f8b20a1e57193c793,7,counterexample_audit_B,AI_assisted,2026-09-10,false
PB-743729223f,85197800364,A,parser_compatible,no,"Eye tracking hardware, calibration and timed reading behavior are essential parts of this task and exceed the questionnaire parser.",2436b887a01a5fbc77e12f6812fdd132b0b229a07fc3606f8b20a1e57193c793,7,strategy_review,AI_assisted,2026-09-10,false
PB-743729223f,85197800364,B,parser_compatible,no,"The experiment requires an eye tracker, head stabilization and laboratory reading tasks.",2436b887a01a5fbc77e12f6812fdd132b0b229a07fc3606f8b20a1e57193c793,7,counterexample_audit_B,AI_assisted,2026-09-10,false
PB-743729223f,85197800364,A,geography,non_US,"Participants are recruited and tested at Southampton, UK; no US sample is described.",2436b887a01a5fbc77e12f6812fdd132b0b229a07fc3606f8b20a1e57193c793,6,strategy_review,AI_assisted,2026-09-10,false
PB-743729223f,85197800364,B,geography,unclear,"The laboratory sample is Southampton-based, but no eligible survey experiment is identified; geography is defined for eligible studies.",,,counterexample_audit_B,AI_assisted,2026-09-10,false
PB-743729223f,85197800364,A,data_possession,yes,"All data and materials are explicitly made available through OSF, although the design is outside scope.",2436b887a01a5fbc77e12f6812fdd132b0b229a07fc3606f8b20a1e57193c793,1,strategy_review,AI_assisted,2026-09-10,false
PB-743729223f,85197800364,B,data_possession,unclear,"Data and materials are publicly declared, but they concern laboratory comprehension testing rather than identified target survey-experiment data.",,,counterexample_audit_B,AI_assisted,2026-09-10,false
PB-08ea40a418,84893428837,A,design,no,"Motor tracking and muscular oscillation experiment; the questionnaire establishes handedness, not a treatment-response survey.",41b86fb1ef3259a34fe5af8c3f11314457ef5ca3ec7b72634e55460bdc004c85,1,strategy_review,AI_assisted,2026-09-10,false
PB-08ea40a418,84893428837,B,design,no,Randomization concerns visuomotor tracking practice with finger movement and EMG outcomes; the handedness questionnaire is a baseline measure.,41b86fb1ef3259a34fe5af8c3f11314457ef5ca3ec7b72634e55460bdc004c85,2,counterexample_audit_B,AI_assisted,2026-09-10,false
PB-08ea40a418,84893428837,A,new_data,yes,Investigators fielded the motor task with 36 adults and recorded movements and muscle activity.,41b86fb1ef3259a34fe5af8c3f11314457ef5ca3ec7b72634e55460bdc004c85,2,strategy_review,AI_assisted,2026-09-10,false
PB-08ea40a418,84893428837,B,new_data,yes,The investigators recruited and trained 36 adults in the reported tracking experiment.,41b86fb1ef3259a34fe5af8c3f11314457ef5ca3ec7b72634e55460bdc004c85,2,counterexample_audit_B,AI_assisted,2026-09-10,false
PB-08ea40a418,84893428837,A,text_treatment,no,"Treatment changes moving visual target trajectories, not written information or question wording.",41b86fb1ef3259a34fe5af8c3f11314457ef5ca3ec7b72634e55460bdc004c85,2,strategy_review,AI_assisted,2026-09-10,false
PB-08ea40a418,84893428837,B,text_treatment,no,"Treatments vary target motion for motor practice, rather than written communication or vignette content.",41b86fb1ef3259a34fe5af8c3f11314457ef5ca3ec7b72634e55460bdc004c85,2,counterexample_audit_B,AI_assisted,2026-09-10,false
PB-08ea40a418,84893428837,A,parser_compatible,no,"The analyzed outcomes are instrumented physiological time series, outside a questionnaire parser.",41b86fb1ef3259a34fe5af8c3f11314457ef5ca3ec7b72634e55460bdc004c85,2,strategy_review,AI_assisted,2026-09-10,false
PB-08ea40a418,84893428837,B,parser_compatible,no,"The task requires a finger-tracking apparatus and physiological recording, outside a text questionnaire parser.",41b86fb1ef3259a34fe5af8c3f11314457ef5ca3ec7b72634e55460bdc004c85,2,counterexample_audit_B,AI_assisted,2026-09-10,false
PB-08ea40a418,84893428837,A,geography,unclear,No eligible survey-experimental sample. The recruitment location is not established by the reported participant description; institutional affiliation alone is insufficient.,,,strategy_review,AI_assisted,2026-09-10,false
PB-08ea40a418,84893428837,B,geography,unclear,No eligible survey experiment was identified; institution location alone does not establish respondent geography.,,,counterexample_audit_B,AI_assisted,2026-09-10,false
PB-08ea40a418,84893428837,A,data_possession,unclear,No statement establishes availability of eligible respondent-level survey data and questionnaire materials.,,,strategy_review,AI_assisted,2026-09-10,false
PB-08ea40a418,84893428837,B,data_possession,unclear,The paper does not establish availability of relevant respondent-level survey-experiment data and materials.,,,counterexample_audit_B,AI_assisted,2026-09-10,false
PB-2cc31f2ab9,85150724440,A,design,no,"Adaptive cognitive training is tested on deductive-reasoning accuracy and response time, rather than attitudes, beliefs or comparable substantive survey responses.",420392801ba47a7ca7b1fecaa97156ab8a225c81682ae71bd7e42435fe65fbaf,3,strategy_review,AI_assisted,2026-09-10,false
PB-2cc31f2ab9,85150724440,B,design,no,"The intervention trains cognitive reasoning performance; outcomes are accuracy and reaction times on reasoning tests, rather than substantive survey judgments.",420392801ba47a7ca7b1fecaa97156ab8a225c81682ae71bd7e42435fe65fbaf,3,counterexample_audit_B,AI_assisted,2026-09-10,false
PB-2cc31f2ab9,85150724440,A,new_data,yes,Original online recruitment and randomized training study.,420392801ba47a7ca7b1fecaa97156ab8a225c81682ae71bd7e42435fe65fbaf,3,strategy_review,AI_assisted,2026-09-10,false
PB-2cc31f2ab9,85150724440,B,new_data,yes,Original recruitment and randomized administration of the cognitive training are reported.,420392801ba47a7ca7b1fecaa97156ab8a225c81682ae71bd7e42435fe65fbaf,3,counterexample_audit_B,AI_assisted,2026-09-10,false
PB-2cc31f2ab9,85150724440,A,text_treatment,unclear,"Written reasoning problems and instructions are present, but the principal intervention varies a spatial modeling tool and adaptive practice; a separable textual treatment fitting the target is not established.",,,strategy_review,AI_assisted,2026-09-10,false
PB-2cc31f2ab9,85150724440,B,text_treatment,unclear,"Training contains written reasoning problems, but the treatment also changes adaptive practice and spatial tools; it is not clear that a separable text treatment exists.",,,counterexample_audit_B,AI_assisted,2026-09-10,false
PB-2cc31f2ab9,85150724440,A,parser_compatible,no,Adaptive mastery-based training and spatial manipulation tools cannot be represented as the intended fixed survey experiment.,420392801ba47a7ca7b1fecaa97156ab8a225c81682ae71bd7e42435fe65fbaf,6,strategy_review,AI_assisted,2026-09-10,false
PB-2cc31f2ab9,85150724440,B,parser_compatible,no,The intervention is a performance-adaptive mobile training application with timed problems and spatial tools.,420392801ba47a7ca7b1fecaa97156ab8a225c81682ae71bd7e42435fe65fbaf,5,counterexample_audit_B,AI_assisted,2026-09-10,false
PB-2cc31f2ab9,85150724440,A,geography,US_explicit,Participants explicitly live in the United States; the experiment itself is outside the survey-design target.,420392801ba47a7ca7b1fecaa97156ab8a225c81682ae71bd7e42435fe65fbaf,3,strategy_review,AI_assisted,2026-09-10,false
PB-2cc31f2ab9,85150724440,B,geography,unclear,"The training sample is explicitly US-based, but no eligible survey experiment was identified; geography is defined for eligible studies.",,,counterexample_audit_B,AI_assisted,2026-09-10,false
PB-2cc31f2ab9,85150724440,A,data_possession,yes,"The article provides study data and code, and earlier methods link the full stimuli; availability does not make this cognitive task eligible.",420392801ba47a7ca7b1fecaa97156ab8a225c81682ae71bd7e42435fe65fbaf,12,strategy_review,AI_assisted,2026-09-10,false
PB-2cc31f2ab9,85150724440,B,data_possession,unclear,No eligible survey-experiment data are identified; training data and app materials cannot establish possession of the target data type.,,,counterexample_audit_B,AI_assisted,2026-09-10,false
PB-51569be7f7,84983651709,A,design,yes,Participants receive one of two stigma descriptions and then report perceived stigma on questionnaire scales.,0c7cff57813650bf06e35527992f93282fdc3ef57549e5b1b3aa4bccabe05313,5,strategy_review,AI_assisted,2026-09-10,false
PB-51569be7f7,84983651709,B,design,yes,A controlled high/low stigma message comparison is followed by reported stigma; the precise allocation mechanism is not detailed.,0c7cff57813650bf06e35527992f93282fdc3ef57549e5b1b3aa4bccabe05313,5,counterexample_audit_B,AI_assisted,2026-09-10,false
PB-51569be7f7,84983651709,A,new_data,yes,The researchers recruited and surveyed new participants at local bus-stop shopping locations.,0c7cff57813650bf06e35527992f93282fdc3ef57549e5b1b3aa4bccabe05313,5,strategy_review,AI_assisted,2026-09-10,false
PB-51569be7f7,84983651709,B,new_data,yes,The researchers recruited and administered the original survey to local residents.,0c7cff57813650bf06e35527992f93282fdc3ef57549e5b1b3aa4bccabe05313,5,counterexample_audit_B,AI_assisted,2026-09-10,false
PB-51569be7f7,84983651709,A,text_treatment,yes,"The treatment varies written high- versus low-stigma messages, with reading assistance where needed.",0c7cff57813650bf06e35527992f93282fdc3ef57549e5b1b3aa4bccabe05313,5,strategy_review,AI_assisted,2026-09-10,false
PB-51569be7f7,84983651709,B,text_treatment,yes,"Participants read one of two experimental stigma messages, sometimes with researcher assistance.",0c7cff57813650bf06e35527992f93282fdc3ef57549e5b1b3aa4bccabe05313,5,counterexample_audit_B,AI_assisted,2026-09-10,false
PB-51569be7f7,84983651709,A,parser_compatible,yes,Two fixed message versions precede the same stigma questionnaire; interviewer reading assistance does not change the text-treatment structure.,0c7cff57813650bf06e35527992f93282fdc3ef57549e5b1b3aa4bccabe05313,5,strategy_review,AI_assisted,2026-09-10,false
PB-51569be7f7,84983651709,B,parser_compatible,yes,The eligible design has two fixed message versions and common questionnaire items.,0c7cff57813650bf06e35527992f93282fdc3ef57549e5b1b3aa4bccabe05313,5,counterexample_audit_B,AI_assisted,2026-09-10,false
PB-51569be7f7,84983651709,A,geography,US_explicit,"Participant recruitment is explicitly located around Lansing and Meridian Township, Michigan.",0c7cff57813650bf06e35527992f93282fdc3ef57549e5b1b3aa4bccabe05313,5,strategy_review,AI_assisted,2026-09-10,false
PB-51569be7f7,84983651709,B,geography,US_explicit,The described recruitment and residence locations are Lansing and nearby Michigan communities.,0c7cff57813650bf06e35527992f93282fdc3ef57549e5b1b3aa4bccabe05313,5,counterexample_audit_B,AI_assisted,2026-09-10,false
PB-51569be7f7,84983651709,A,data_possession,unclear,The supplied article does not identify a raw-data repository or offer data access.,,,strategy_review,AI_assisted,2026-09-10,false
PB-51569be7f7,84983651709,B,data_possession,unclear,The article describes data collection but does not establish current respondent-data availability.,,,counterexample_audit_B,AI_assisted,2026-09-10,false
PB-f1e39c8d0d,85141446198,A,design,yes,Randomized social-media disclosures varying controllability are followed by helping-intention and related judgment scales.,25241c987dfbbff43eb02fb7119043ef5a3ea96271bcc53bb704db66518dcb6b,4,strategy_review,AI_assisted,2026-09-10,false
PB-f1e39c8d0d,85141446198,B,design,yes,Three randomized social-media descriptions precede sympathy and helping-intention questions.,25241c987dfbbff43eb02fb7119043ef5a3ea96271bcc53bb704db66518dcb6b,4,counterexample_audit_B,AI_assisted,2026-09-10,false
PB-f1e39c8d0d,85141446198,A,new_data,yes,The authors recruited new participants for the online experiment.,25241c987dfbbff43eb02fb7119043ef5a3ea96271bcc53bb704db66518dcb6b,3,strategy_review,AI_assisted,2026-09-10,false
PB-f1e39c8d0d,85141446198,B,new_data,yes,The authors recruited an original public sample.,25241c987dfbbff43eb02fb7119043ef5a3ea96271bcc53bb704db66518dcb6b,3,counterexample_audit_B,AI_assisted,2026-09-10,false
PB-f1e39c8d0d,85141446198,A,text_treatment,yes,The treatment consists of written fictional social-media disclosures.,25241c987dfbbff43eb02fb7119043ef5a3ea96271bcc53bb704db66518dcb6b,4,strategy_review,AI_assisted,2026-09-10,false
PB-f1e39c8d0d,85141446198,B,text_treatment,yes,Written simulated social-media posts carry the treatment.,25241c987dfbbff43eb02fb7119043ef5a3ea96271bcc53bb704db66518dcb6b,4,counterexample_audit_B,AI_assisted,2026-09-10,false
PB-f1e39c8d0d,85141446198,A,parser_compatible,yes,A single fixed post per participant is followed by common rating scales.,25241c987dfbbff43eb02fb7119043ef5a3ea96271bcc53bb704db66518dcb6b,4,strategy_review,AI_assisted,2026-09-10,false
PB-f1e39c8d0d,85141446198,B,parser_compatible,yes,Three fixed post versions are followed by common survey scales.,25241c987dfbbff43eb02fb7119043ef5a3ea96271bcc53bb704db66518dcb6b,4,counterexample_audit_B,AI_assisted,2026-09-10,false
PB-f1e39c8d0d,85141446198,A,geography,non_US,The participant section explicitly identifies the public of Ireland as the recruited population.,25241c987dfbbff43eb02fb7119043ef5a3ea96271bcc53bb704db66518dcb6b,3,strategy_review,AI_assisted,2026-09-10,false
PB-f1e39c8d0d,85141446198,B,geography,non_US,Participants are explicitly drawn from Ireland.,25241c987dfbbff43eb02fb7119043ef5a3ea96271bcc53bb704db66518dcb6b,3,counterexample_audit_B,AI_assisted,2026-09-10,false
PB-f1e39c8d0d,85141446198,A,data_possession,yes,"The data-availability statement offers data on request, subject to privacy or ethical restrictions.",25241c987dfbbff43eb02fb7119043ef5a3ea96271bcc53bb704db66518dcb6b,10,strategy_review,AI_assisted,2026-09-10,false
PB-f1e39c8d0d,85141446198,B,data_possession,yes,"The data-availability statement offers data through the corresponding author, subject to privacy and ethical restrictions.",25241c987dfbbff43eb02fb7119043ef5a3ea96271bcc53bb704db66518dcb6b,10,counterexample_audit_B,AI_assisted,2026-09-10,false
PB-1dd6449441,85074612828,A,design,yes,Two randomized hypothetical negotiation scenarios are followed by trustworthiness and intended-behavior questionnaires.,e6ee96c61c53be47163233996a8cf012e3560f7879ee8fc39f200deeb6a15f2a,9,strategy_review,AI_assisted,2026-09-10,false
PB-1dd6449441,85074612828,B,design,yes,Randomized hypothetical negotiation descriptions precede trustworthiness and trust questionnaires.,e6ee96c61c53be47163233996a8cf012e3560f7879ee8fc39f200deeb6a15f2a,14,counterexample_audit_B,AI_assisted,2026-09-10,false
PB-1dd6449441,85074612828,A,new_data,yes,The authors collected new pilot and main-study data for two experiments.,e6ee96c61c53be47163233996a8cf012e3560f7879ee8fc39f200deeb6a15f2a,8,strategy_review,AI_assisted,2026-09-10,false
PB-1dd6449441,85074612828,B,new_data,yes,Two separately recruited samples supplied new vignette responses.,e6ee96c61c53be47163233996a8cf012e3560f7879ee8fc39f200deeb6a15f2a,8,counterexample_audit_B,AI_assisted,2026-09-10,false
PB-1dd6449441,85074612828,A,text_treatment,yes,"Fixed written descriptions manipulate reciprocity, power and negotiation outcomes.",e6ee96c61c53be47163233996a8cf012e3560f7879ee8fc39f200deeb6a15f2a,8,strategy_review,AI_assisted,2026-09-10,false
PB-1dd6449441,85074612828,B,text_treatment,yes,The negotiation manipulation is explicitly written.,e6ee96c61c53be47163233996a8cf012e3560f7879ee8fc39f200deeb6a15f2a,8,counterexample_audit_B,AI_assisted,2026-09-10,false
PB-1dd6449441,85074612828,A,parser_compatible,yes,Each respondent receives one fixed scenario and common rating questions; the second experiment has the same structure with 18 versions.,e6ee96c61c53be47163233996a8cf012e3560f7879ee8fc39f200deeb6a15f2a,8,strategy_review,AI_assisted,2026-09-10,false
PB-1dd6449441,85074612828,B,parser_compatible,yes,A single fixed scenario is assigned between subjects and followed by common questionnaire outcomes; this is not an interactive negotiation.,e6ee96c61c53be47163233996a8cf012e3560f7879ee8fc39f200deeb6a15f2a,14,counterexample_audit_B,AI_assisted,2026-09-10,false
PB-1dd6449441,85074612828,A,geography,non_US,"The main studies recruit from a German resident panel, with additional German-university pilot recruitment.",e6ee96c61c53be47163233996a8cf012e3560f7879ee8fc39f200deeb6a15f2a,8,strategy_review,AI_assisted,2026-09-10,false
PB-1dd6449441,85074612828,B,geography,non_US,The panel membership and recruitment location are explicitly German.,e6ee96c61c53be47163233996a8cf012e3560f7879ee8fc39f200deeb6a15f2a,8,counterexample_audit_B,AI_assisted,2026-09-10,false
PB-1dd6449441,85074612828,A,data_possession,unclear,"OSF links are identified for preregistrations and scenarios, but the supplied text does not explicitly establish access to participant-level data.",,,strategy_review,AI_assisted,2026-09-10,false
PB-1dd6449441,85074612828,B,data_possession,unclear,"Preregistrations and stimulus supplements are described, but no respondent-data availability statement was located.",,,counterexample_audit_B,AI_assisted,2026-09-10,false
PB-33c90e18c1,85208662406,A,design,yes,"Randomized descriptions of a woman's diet and weight are followed by causal attributions, blame and attitude ratings.",ccad14c8d7c6ca2dfb3fee478349f10cc6c24cfc879e7cd8f7e50164aa6a15a9,4,strategy_review,AI_assisted,2026-09-10,false
PB-33c90e18c1,85208662406,B,design,yes,Randomized fictional weight/diet narratives are followed by causal attributions and attitude reports.,ccad14c8d7c6ca2dfb3fee478349f10cc6c24cfc879e7cd8f7e50164aa6a15a9,1,counterexample_audit_B,AI_assisted,2026-09-10,false
PB-33c90e18c1,85208662406,A,new_data,yes,"The authors recruited and tested a new online sample, with 682 retained after exclusions.",ccad14c8d7c6ca2dfb3fee478349f10cc6c24cfc879e7cd8f7e50164aa6a15a9,4,strategy_review,AI_assisted,2026-09-10,false
PB-33c90e18c1,85208662406,B,new_data,yes,The research team recruited an original online sample.,ccad14c8d7c6ca2dfb3fee478349f10cc6c24cfc879e7cd8f7e50164aa6a15a9,4,counterexample_audit_B,AI_assisted,2026-09-10,false
PB-33c90e18c1,85208662406,A,text_treatment,yes,The treatment combines a fixed narrative description with a corresponding photograph.,ccad14c8d7c6ca2dfb3fee478349f10cc6c24cfc879e7cd8f7e50164aa6a15a9,4,strategy_review,AI_assisted,2026-09-10,false
PB-33c90e18c1,85208662406,B,text_treatment,yes,Treatment involves written narrative content alongside an exemplar image.,ccad14c8d7c6ca2dfb3fee478349f10cc6c24cfc879e7cd8f7e50164aa6a15a9,4,counterexample_audit_B,AI_assisted,2026-09-10,false
PB-33c90e18c1,85208662406,A,parser_compatible,yes,Each respondent receives one version of a two-by-two fixed vignette and common survey outcomes.,ccad14c8d7c6ca2dfb3fee478349f10cc6c24cfc879e7cd8f7e50164aa6a15a9,4,strategy_review,AI_assisted,2026-09-10,false
PB-33c90e18c1,85208662406,B,parser_compatible,yes,"The described two-factor manipulation yields four fixed narratives with common pre/post scales, without profile-choice combinations.",ccad14c8d7c6ca2dfb3fee478349f10cc6c24cfc879e7cd8f7e50164aa6a15a9,3,counterexample_audit_B,AI_assisted,2026-09-10,false
PB-33c90e18c1,85208662406,A,geography,US_explicit,The recruitment criteria explicitly require US-based participants.,ccad14c8d7c6ca2dfb3fee478349f10cc6c24cfc879e7cd8f7e50164aa6a15a9,4,strategy_review,AI_assisted,2026-09-10,false
PB-33c90e18c1,85208662406,B,geography,US_explicit,Current US location was an explicit inclusion criterion.,ccad14c8d7c6ca2dfb3fee478349f10cc6c24cfc879e7cd8f7e50164aa6a15a9,4,counterexample_audit_B,AI_assisted,2026-09-10,false
PB-33c90e18c1,85208662406,A,data_possession,yes,The article explicitly offers the study data on request.,ccad14c8d7c6ca2dfb3fee478349f10cc6c24cfc879e7cd8f7e50164aa6a15a9,8,strategy_review,AI_assisted,2026-09-10,false
PB-33c90e18c1,85208662406,B,data_possession,yes,The authors explicitly offer the study data.,ccad14c8d7c6ca2dfb3fee478349f10cc6c24cfc879e7cd8f7e50164aa6a15a9,8,counterexample_audit_B,AI_assisted,2026-09-10,false
PB-4610dc5b9e,105016166477,A,design,yes,The authors vary an electronic news article and measure respondents' institutional-legitimacy judgments.,bea2e30dba4a9c913c5316aa3ab76c9c547dcef641e07f352959ed0c13b83914,10,strategy_review,AI_assisted,2026-09-10,false
PB-4610dc5b9e,105016166477,B,design,yes,The authors manipulate news wording and measure Supreme Court legitimacy through five survey items.,bea2e30dba4a9c913c5316aa3ab76c9c547dcef641e07f352959ed0c13b83914,10,counterexample_audit_B,AI_assisted,2026-09-10,false
PB-4610dc5b9e,105016166477,A,new_data,yes,"The methods report original recruitment and 1,593 usable survey responses.",bea2e30dba4a9c913c5316aa3ab76c9c547dcef641e07f352959ed0c13b83914,10,strategy_review,AI_assisted,2026-09-10,false
PB-4610dc5b9e,105016166477,B,new_data,yes,The researchers recruited the original sample.,bea2e30dba4a9c913c5316aa3ab76c9c547dcef641e07f352959ed0c13b83914,10,counterexample_audit_B,AI_assisted,2026-09-10,false
PB-4610dc5b9e,105016166477,A,text_treatment,yes,"The experimental treatment varies wording, tone, ideological content and the reported court ruling.",bea2e30dba4a9c913c5316aa3ab76c9c547dcef641e07f352959ed0c13b83914,10,strategy_review,AI_assisted,2026-09-10,false
PB-4610dc5b9e,105016166477,B,text_treatment,yes,The treatment varies written news language.,bea2e30dba4a9c913c5316aa3ab76c9c547dcef641e07f352959ed0c13b83914,10,counterexample_audit_B,AI_assisted,2026-09-10,false
PB-4610dc5b9e,105016166477,A,parser_compatible,yes,A fixed two-by-two-by-two-by-two article manipulation precedes a common five-item legitimacy battery; this is not a conjoint profile-choice task.,bea2e30dba4a9c913c5316aa3ab76c9c547dcef641e07f352959ed0c13b83914,10,strategy_review,AI_assisted,2026-09-10,false
PB-4610dc5b9e,105016166477,B,parser_compatible,yes,Four binary wording factors produce fixed article versions followed by common outcome scales; this is not a repeated profile-choice design.,bea2e30dba4a9c913c5316aa3ab76c9c547dcef641e07f352959ed0c13b83914,10,counterexample_audit_B,AI_assisted,2026-09-10,false
PB-4610dc5b9e,105016166477,A,geography,US_explicit,A methods footnote explicitly restricts participation to US respondents.,bea2e30dba4a9c913c5316aa3ab76c9c547dcef641e07f352959ed0c13b83914,14,strategy_review,AI_assisted,2026-09-10,false
PB-4610dc5b9e,105016166477,B,geography,US_inferred,The domestic Supreme Court task and comparison with US voting-age demographics strongly imply a US sample without a direct residence requirement in the supplied methods.,bea2e30dba4a9c913c5316aa3ab76c9c547dcef641e07f352959ed0c13b83914,10,counterexample_audit_B,AI_assisted,2026-09-10,false
PB-4610dc5b9e,105016166477,A,data_possession,yes,"The paper promises a Harvard Dataverse replication archive, providing a stated route to the analysis materials and data.",bea2e30dba4a9c913c5316aa3ab76c9c547dcef641e07f352959ed0c13b83914,11,strategy_review,AI_assisted,2026-09-10,false
PB-4610dc5b9e,105016166477,B,data_possession,yes,"The methods promise replication materials on Harvard Dataverse; this supports author data access, although download availability is not verified here.",bea2e30dba4a9c913c5316aa3ab76c9c547dcef641e07f352959ed0c13b83914,11,counterexample_audit_B,AI_assisted,2026-09-10,false
PB-93885278ee,85214704822,A,design,yes,Randomized tax-administration scenarios elicit general and procedural fairness judgments.,c7b9f5aa13d971f4e71a398d04a3fc2a7e4f662637dc4f5391288837568cd591,5,strategy_review,AI_assisted,2026-09-10,false
PB-93885278ee,85214704822,B,design,yes,Randomized hypothetical tax-administration scenarios elicit procedural-fairness ratings.,c7b9f5aa13d971f4e71a398d04a3fc2a7e4f662637dc4f5391288837568cd591,5,counterexample_audit_B,AI_assisted,2026-09-10,false
PB-93885278ee,85214704822,A,new_data,yes,The authors collected a new population survey and earlier pilot data.,c7b9f5aa13d971f4e71a398d04a3fc2a7e4f662637dc4f5391288837568cd591,5,strategy_review,AI_assisted,2026-09-10,false
PB-93885278ee,85214704822,B,new_data,yes,"The authors fielded original surveys, including a May 2023 panel study.",c7b9f5aa13d971f4e71a398d04a3fc2a7e4f662637dc4f5391288837568cd591,5,counterexample_audit_B,AI_assisted,2026-09-10,false
PB-93885278ee,85214704822,A,text_treatment,yes,The experimental treatment consists of written scenarios varying AI involvement and explanations.,c7b9f5aa13d971f4e71a398d04a3fc2a7e4f662637dc4f5391288837568cd591,5,strategy_review,AI_assisted,2026-09-10,false
PB-93885278ee,85214704822,B,text_treatment,yes,Written scenario descriptions manipulate AI decision-making and transparency information.,c7b9f5aa13d971f4e71a398d04a3fc2a7e4f662637dc4f5391288837568cd591,4,counterexample_audit_B,AI_assisted,2026-09-10,false
PB-93885278ee,85214704822,A,parser_compatible,yes,A single fixed scenario per participant is followed by common rating scales; the factorial conditions do not form a conjoint choice task.,c7b9f5aa13d971f4e71a398d04a3fc2a7e4f662637dc4f5391288837568cd591,5,strategy_review,AI_assisted,2026-09-10,false
PB-93885278ee,85214704822,B,parser_compatible,yes,Each respondent reads one fixed version and completes common fairness scales; fifteen versions do not make this a conjoint task.,c7b9f5aa13d971f4e71a398d04a3fc2a7e4f662637dc4f5391288837568cd591,5,counterexample_audit_B,AI_assisted,2026-09-10,false
PB-93885278ee,85214704822,A,geography,non_US,The main study recruits from a Belgian panel to represent the Flemish population.,c7b9f5aa13d971f4e71a398d04a3fc2a7e4f662637dc4f5391288837568cd591,5,strategy_review,AI_assisted,2026-09-10,false
PB-93885278ee,85214704822,B,geography,non_US,Both samples are explicitly situated in Belgium.,c7b9f5aa13d971f4e71a398d04a3fc2a7e4f662637dc4f5391288837568cd591,4,counterexample_audit_B,AI_assisted,2026-09-10,false
PB-93885278ee,85214704822,A,data_possession,yes,The article explicitly states that the data are available in an archive repository.,c7b9f5aa13d971f4e71a398d04a3fc2a7e4f662637dc4f5391288837568cd591,10,strategy_review,AI_assisted,2026-09-10,false
PB-93885278ee,85214704822,B,data_possession,yes,The paper expressly provides a data-availability statement for its study data.,c7b9f5aa13d971f4e71a398d04a3fc2a7e4f662637dc4f5391288837568cd591,10,counterexample_audit_B,AI_assisted,2026-09-10,false
PB-d316230c47,85076492172,A,design,yes,Presence of comments below a news article is randomized before subjective policy attitude ratings.,5067a2db280a715996f9b1906f4ee4e0468bd95be650c6a5df696667bef3162d,8,strategy_review,AI_assisted,2026-09-10,false
PB-d316230c47,85076492172,B,design,yes,Randomized presence of reader comments alongside a news article is followed by policy-opinion ratings.,5067a2db280a715996f9b1906f4ee4e0468bd95be650c6a5df696667bef3162d,8,counterexample_audit_B,AI_assisted,2026-09-10,false
PB-d316230c47,85076492172,A,new_data,yes,Original recruitment and fielding are reported.,5067a2db280a715996f9b1906f4ee4e0468bd95be650c6a5df696667bef3162d,8,strategy_review,AI_assisted,2026-09-10,false
PB-d316230c47,85076492172,B,new_data,yes,The researchers report recruiting and administering an experiment to 660 participants.,5067a2db280a715996f9b1906f4ee4e0468bd95be650c6a5df696667bef3162d,8,counterexample_audit_B,AI_assisted,2026-09-10,false
PB-d316230c47,85076492172,A,text_treatment,yes,Written news article with or without sampled reader comments.,5067a2db280a715996f9b1906f4ee4e0468bd95be650c6a5df696667bef3162d,8,strategy_review,AI_assisted,2026-09-10,false
PB-d316230c47,85076492172,B,text_treatment,yes,The treatment consists of written reader comments presented with written news.,5067a2db280a715996f9b1906f4ee4e0468bd95be650c6a5df696667bef3162d,8,counterexample_audit_B,AI_assisted,2026-09-10,false
PB-d316230c47,85076492172,A,parser_compatible,yes,Static article and comments sampled from a fixed bank precede survey items; no live conversation.,5067a2db280a715996f9b1906f4ee4e0468bd95be650c6a5df696667bef3162d,8,strategy_review,AI_assisted,2026-09-10,false
PB-d316230c47,85076492172,B,parser_compatible,yes,"The fixed survey structure contains one article, zero or three sampled comments, and standard attitude sliders; comments are static text rather than live conversation.",5067a2db280a715996f9b1906f4ee4e0468bd95be650c6a5df696667bef3162d,8,counterexample_audit_B,AI_assisted,2026-09-10,false
PB-d316230c47,85076492172,A,geography,US_explicit,Workers explicitly came from 46 US states.,5067a2db280a715996f9b1906f4ee4e0468bd95be650c6a5df696667bef3162d,8,strategy_review,AI_assisted,2026-09-10,false
PB-d316230c47,85076492172,B,geography,US_explicit,The sample is explicitly drawn from 46 US states.,5067a2db280a715996f9b1906f4ee4e0468bd95be650c6a5df696667bef3162d,8,counterexample_audit_B,AI_assisted,2026-09-10,false
PB-d316230c47,85076492172,A,data_possession,unclear,"Stimuli and original recruitment are described, but raw-data and complete questionnaire availability are not explicitly established.",,,strategy_review,AI_assisted,2026-09-10,false
PB-d316230c47,85076492172,B,data_possession,unclear,"Stimuli and measures are described, but no declaration establishes availability of the raw respondent data and complete materials.",,,counterexample_audit_B,AI_assisted,2026-09-10,false
PB-5fbd9bef09,85059039235,A,design,yes,"Respondents are randomized to disclosure and portrayed-client-gender vignettes, then express treatment beliefs and preferences.",e24dedede2039591f2cf98354694c508783e0d759bb838b290b45df3dedfdfe9,4,strategy_review,AI_assisted,2026-09-10,false
PB-5fbd9bef09,85059039235,B,design,yes,"The experiment varies disclosed therapy information and client gender, then elicits the perceived importance of therapy mechanisms.",e24dedede2039591f2cf98354694c508783e0d759bb838b290b45df3dedfdfe9,4,counterexample_audit_B,AI_assisted,2026-09-10,false
PB-5fbd9bef09,85059039235,A,new_data,yes,Investigators recruited and fielded an original MTurk sample.,e24dedede2039591f2cf98354694c508783e0d759bb838b290b45df3dedfdfe9,4,strategy_review,AI_assisted,2026-09-10,false
PB-5fbd9bef09,85059039235,B,new_data,yes,The authors report original MTurk recruitment and administration using Qualtrics.,e24dedede2039591f2cf98354694c508783e0d759bb838b290b45df3dedfdfe9,4,counterexample_audit_B,AI_assisted,2026-09-10,false
PB-5fbd9bef09,85059039235,A,text_treatment,yes,Written descriptions vary disclosure about common and specific psychotherapy factors.,e24dedede2039591f2cf98354694c508783e0d759bb838b290b45df3dedfdfe9,1,strategy_review,AI_assisted,2026-09-10,false
PB-5fbd9bef09,85059039235,B,text_treatment,yes,The treatment is written information within hypothetical therapy scenarios.,e24dedede2039591f2cf98354694c508783e0d759bb838b290b45df3dedfdfe9,1,counterexample_audit_B,AI_assisted,2026-09-10,false
PB-5fbd9bef09,85059039235,A,parser_compatible,yes,"Six fixed vignette versions precede ten fixed paired statement choices and a ranking item; these are outcome questions, not experimentally generated conjoint profiles.",e24dedede2039591f2cf98354694c508783e0d759bb838b290b45df3dedfdfe9,4,strategy_review,AI_assisted,2026-09-10,false
PB-5fbd9bef09,85059039235,B,parser_compatible,unclear,"Fixed vignette treatments appear simple, but outcomes include paired statement comparisons and a direct ranking task whose actual questionnaire export is unavailable.",,,counterexample_audit_B,AI_assisted,2026-09-10,false
PB-5fbd9bef09,85059039235,A,geography,US_explicit,The eligibility criterion explicitly specifies US citizens.,e24dedede2039591f2cf98354694c508783e0d759bb838b290b45df3dedfdfe9,4,strategy_review,AI_assisted,2026-09-10,false
PB-5fbd9bef09,85059039235,B,geography,US_explicit,Eligibility explicitly requires US citizenship; geographic residency is not separately established.,e24dedede2039591f2cf98354694c508783e0d759bb838b290b45df3dedfdfe9,4,counterexample_audit_B,AI_assisted,2026-09-10,false
PB-5fbd9bef09,85059039235,A,data_possession,yes,"The authors explicitly offer both questionnaire and dataset, supporting potential donation availability.",e24dedede2039591f2cf98354694c508783e0d759bb838b290b45df3dedfdfe9,9,strategy_review,AI_assisted,2026-09-10,false
PB-5fbd9bef09,85059039235,B,data_possession,unclear,"Methods and supplementary vignette references are given, but no statement establishes availability of the raw respondent data.",,,counterexample_audit_B,AI_assisted,2026-09-10,false
PB-91e0ba8e1c,85204441582,A,design,yes,Randomized factual information about repression is followed by judgments of the punished behavior and support for speech restrictions.,dcfd5c250e460dab92a58edd15ad1fda378c41f712b72bb5154e669a6a9c87e7,8,strategy_review,AI_assisted,2026-09-10,false
PB-91e0ba8e1c,85204441582,B,design,yes,Randomized disclosure of police punishments changes information and is followed by reported political attitudes.,dcfd5c250e460dab92a58edd15ad1fda378c41f712b72bb5154e669a6a9c87e7,6,counterexample_audit_B,AI_assisted,2026-09-10,false
PB-91e0ba8e1c,85204441582,A,new_data,yes,The authors fielded a new online experimental survey in July 2021.,dcfd5c250e460dab92a58edd15ad1fda378c41f712b72bb5154e669a6a9c87e7,5,strategy_review,AI_assisted,2026-09-10,false
PB-91e0ba8e1c,85204441582,B,new_data,yes,The authors recruited the original survey sample.,dcfd5c250e460dab92a58edd15ad1fda378c41f712b72bb5154e669a6a9c87e7,5,counterexample_audit_B,AI_assisted,2026-09-10,false
PB-91e0ba8e1c,85204441582,A,text_treatment,yes,A fixed set of case descriptions is followed by experimental written information about actual punishments.,dcfd5c250e460dab92a58edd15ad1fda378c41f712b72bb5154e669a6a9c87e7,6,strategy_review,AI_assisted,2026-09-10,false
PB-91e0ba8e1c,85204441582,B,text_treatment,yes,Written case descriptions and outcome information constitute the treatment.,dcfd5c250e460dab92a58edd15ad1fda378c41f712b72bb5154e669a6a9c87e7,6,counterexample_audit_B,AI_assisted,2026-09-10,false
PB-91e0ba8e1c,85204441582,A,parser_compatible,yes,A binary disclosure condition follows the same six cases and leads to common attitude questions; there is no adaptive dialogue or profile-choice design.,dcfd5c250e460dab92a58edd15ad1fda378c41f712b72bb5154e669a6a9c87e7,6,strategy_review,AI_assisted,2026-09-10,false
PB-91e0ba8e1c,85204441582,B,parser_compatible,yes,Two fixed disclosure conditions share six cases and subsequent response questions; this is not an adaptive interaction.,dcfd5c250e460dab92a58edd15ad1fda378c41f712b72bb5154e669a6a9c87e7,6,counterexample_audit_B,AI_assisted,2026-09-10,false
PB-91e0ba8e1c,85204441582,A,geography,non_US,The recruitment statement explicitly locates the adult sample in China.,dcfd5c250e460dab92a58edd15ad1fda378c41f712b72bb5154e669a6a9c87e7,5,strategy_review,AI_assisted,2026-09-10,false
PB-91e0ba8e1c,85204441582,B,geography,non_US,The experiment explicitly recruited adults in China.,dcfd5c250e460dab92a58edd15ad1fda378c41f712b72bb5154e669a6a9c87e7,5,counterexample_audit_B,AI_assisted,2026-09-10,false
PB-91e0ba8e1c,85204441582,A,data_possession,yes,The verification statement explicitly identifies a deposited dataset and replication code.,dcfd5c250e460dab92a58edd15ad1fda378c41f712b72bb5154e669a6a9c87e7,1,strategy_review,AI_assisted,2026-09-10,false
PB-91e0ba8e1c,85204441582,B,data_possession,yes,The journal reports verifying the deposited respondent-data replication package.,dcfd5c250e460dab92a58edd15ad1fda378c41f712b72bb5154e669a6a9c87e7,1,counterexample_audit_B,AI_assisted,2026-09-10,false
PB-3df5c4118b,85064817802,A,design,no,"The framing intervention's reported outcome is an implicit-association reaction-time task; the written summaries serve as manipulation checks, not substantive survey judgments.",4cc59546813bf8f85b1afa00ebadee9fd0827aad863266fcd26db1450a529680,3,strategy_review,AI_assisted,2026-09-10,false
PB-3df5c4118b,85064817802,B,design,no,The article reports an IAT outcome after message framing; the open-ended reading summary is a comprehension check rather than a substantive survey outcome.,4cc59546813bf8f85b1afa00ebadee9fd0827aad863266fcd26db1450a529680,3,counterexample_audit_B,AI_assisted,2026-09-10,false
PB-3df5c4118b,85064817802,A,new_data,yes,The team recruited a new sample for the framing experiment.,4cc59546813bf8f85b1afa00ebadee9fd0827aad863266fcd26db1450a529680,3,strategy_review,AI_assisted,2026-09-10,false
PB-3df5c4118b,85064817802,B,new_data,yes,The authors recruited an original online experimental sample.,4cc59546813bf8f85b1afa00ebadee9fd0827aad863266fcd26db1450a529680,3,counterexample_audit_B,AI_assisted,2026-09-10,false
PB-3df5c4118b,85064817802,A,text_treatment,yes,Participants read experimentally assigned written messages about aging.,4cc59546813bf8f85b1afa00ebadee9fd0827aad863266fcd26db1450a529680,3,strategy_review,AI_assisted,2026-09-10,false
PB-3df5c4118b,85064817802,B,text_treatment,yes,The treatment is written framing content.,4cc59546813bf8f85b1afa00ebadee9fd0827aad863266fcd26db1450a529680,3,counterexample_audit_B,AI_assisted,2026-09-10,false
PB-3df5c4118b,85064817802,A,parser_compatible,no,"The analysis relies on timed implicit-association trials, which require a task structure outside the simple survey parser.",4cc59546813bf8f85b1afa00ebadee9fd0827aad863266fcd26db1450a529680,3,strategy_review,AI_assisted,2026-09-10,false
PB-3df5c4118b,85064817802,B,parser_compatible,no,"The outcome requires timed IAT classification responses, which are outside a simple questionnaire parser.",4cc59546813bf8f85b1afa00ebadee9fd0827aad863266fcd26db1450a529680,3,counterexample_audit_B,AI_assisted,2026-09-10,false
PB-3df5c4118b,85064817802,A,geography,US_explicit,The sample is explicitly described as American adults.,4cc59546813bf8f85b1afa00ebadee9fd0827aad863266fcd26db1450a529680,2,strategy_review,AI_assisted,2026-09-10,false
PB-3df5c4118b,85064817802,B,geography,US_explicit,The participant sample is explicitly American.,4cc59546813bf8f85b1afa00ebadee9fd0827aad863266fcd26db1450a529680,2,counterexample_audit_B,AI_assisted,2026-09-10,false
PB-3df5c4118b,85064817802,A,data_possession,unclear,A generic supplementary-material link does not establish access to participant-level raw data.,,,strategy_review,AI_assisted,2026-09-10,false
PB-3df5c4118b,85064817802,B,data_possession,unclear,No respondent-level data availability statement was identified.,,,counterexample_audit_B,AI_assisted,2026-09-10,false
PB-ea209fb1fe,105033607878,A,design,yes,Several randomized scenario/key-card experiments measure subjective bonds and customer voice intentions; at least the main textual studies qualify.,3c22e3a156e07a6630e170f6048205e5deb2d5f7970c2a61dc07d0953a61595c,6,strategy_review,AI_assisted,2026-09-10,false
PB-ea209fb1fe,105033607878,B,design,yes,Randomized accommodation scenarios alter perceived connection and are followed by intentions to provide customer feedback.,3c22e3a156e07a6630e170f6048205e5deb2d5f7970c2a61dc07d0953a61595c,6,counterexample_audit_B,AI_assisted,2026-09-10,false
PB-ea209fb1fe,105033607878,A,new_data,yes,The authors collected original samples for pretests and several experiments through Credamo.,3c22e3a156e07a6630e170f6048205e5deb2d5f7970c2a61dc07d0953a61595c,5,strategy_review,AI_assisted,2026-09-10,false
PB-ea209fb1fe,105033607878,B,new_data,yes,Original recruitment and responses are reported for multiple new experiments.,3c22e3a156e07a6630e170f6048205e5deb2d5f7970c2a61dc07d0953a61595c,6,counterexample_audit_B,AI_assisted,2026-09-10,false
PB-ea209fb1fe,105033607878,A,text_treatment,yes,Written host-guest scenarios manipulate shared-background cues; other studies also contain key-card imagery with written content.,3c22e3a156e07a6630e170f6048205e5deb2d5f7970c2a61dc07d0953a61595c,6,strategy_review,AI_assisted,2026-09-10,false
PB-ea209fb1fe,105033607878,B,text_treatment,yes,At least the main Study 1 and Study 2a use written scenario treatments; other studies also use text-bearing key-card images.,3c22e3a156e07a6630e170f6048205e5deb2d5f7970c2a61dc07d0953a61595c,6,counterexample_audit_B,AI_assisted,2026-09-10,false
PB-ea209fb1fe,105033607878,A,parser_compatible,yes,"At least Studies 1 and 2a use a fixed two-condition written scenario followed by standard Likert outcomes, with no adaptive interaction or conjoint choices.",3c22e3a156e07a6630e170f6048205e5deb2d5f7970c2a61dc07d0953a61595c,7,strategy_review,AI_assisted,2026-09-10,false
PB-ea209fb1fe,105033607878,B,parser_compatible,yes,"The method specifies one assigned scenario, manipulation check, fixed intention scales and demographics; no conjoint or adaptive exchange is involved.",3c22e3a156e07a6630e170f6048205e5deb2d5f7970c2a61dc07d0953a61595c,6,counterexample_audit_B,AI_assisted,2026-09-10,false
PB-ea209fb1fe,105033607878,A,geography,non_US,The paper explicitly states that all experiments were conducted in China with Chinese materials and a Chinese sample.,3c22e3a156e07a6630e170f6048205e5deb2d5f7970c2a61dc07d0953a61595c,12,strategy_review,AI_assisted,2026-09-10,false
PB-ea209fb1fe,105033607878,B,geography,non_US,The article explicitly locates all experiments in China.,3c22e3a156e07a6630e170f6048205e5deb2d5f7970c2a61dc07d0953a61595c,5,counterexample_audit_B,AI_assisted,2026-09-10,false
PB-ea209fb1fe,105033607878,A,data_possession,yes,Authors explicitly offer raw data on request and point to the scenario materials in Appendix A and supplementary materials.,3c22e3a156e07a6630e170f6048205e5deb2d5f7970c2a61dc07d0953a61595c,12,strategy_review,AI_assisted,2026-09-10,false
PB-ea209fb1fe,105033607878,B,data_possession,unclear,"Raw data are offered on request, but the supplied main text refers to full stimuli in an unavailable Appendix A; access to complete materials remains unverified.",,,counterexample_audit_B,AI_assisted,2026-09-10,false
PB-1b3ee08b9b,85104659706,A,design,yes,"The embedded experiment varies group information and post content, eliciting participants' expressed approval through like/dislike responses.",a7a4f94d7bbc9fd70d60794c1ca0527c33d16ae136c499a8afd39e263bf5fa54,4,strategy_review,AI_assisted,2026-09-10,false
PB-1b3ee08b9b,85104659706,B,design,yes,The survey randomizes group information and message content and measures agreement with displayed gambling messages.,a7a4f94d7bbc9fd70d60794c1ca0527c33d16ae136c499a8afd39e263bf5fa54,3,counterexample_audit_B,AI_assisted,2026-09-10,false
PB-1b3ee08b9b,85104659706,A,new_data,yes,The team collected four national youth survey samples containing the experimental module.,a7a4f94d7bbc9fd70d60794c1ca0527c33d16ae136c499a8afd39e263bf5fa54,3,strategy_review,AI_assisted,2026-09-10,false
PB-1b3ee08b9b,85104659706,B,new_data,yes,The paper reports collection dates and original cross-national survey fieldwork.,a7a4f94d7bbc9fd70d60794c1ca0527c33d16ae136c499a8afd39e263bf5fa54,3,counterexample_audit_B,AI_assisted,2026-09-10,false
PB-1b3ee08b9b,85104659706,A,text_treatment,yes,Participants encounter manipulated written gambling messages and group-membership information.,a7a4f94d7bbc9fd70d60794c1ca0527c33d16ae136c499a8afd39e263bf5fa54,3,strategy_review,AI_assisted,2026-09-10,false
PB-1b3ee08b9b,85104659706,B,text_treatment,yes,Written simulated social-media messages supply the treatment.,a7a4f94d7bbc9fd70d60794c1ca0527c33d16ae136c499a8afd39e263bf5fa54,3,counterexample_audit_B,AI_assisted,2026-09-10,false
PB-1b3ee08b9b,85104659706,A,parser_compatible,yes,"The reported module uses a fixed group-information contrast and four static messages with like/dislike responses, without adaptive conversation or conjoint profiles.",a7a4f94d7bbc9fd70d60794c1ca0527c33d16ae136c499a8afd39e263bf5fa54,3,strategy_review,AI_assisted,2026-09-10,false
PB-1b3ee08b9b,85104659706,B,parser_compatible,yes,A fixed group-information manipulation precedes four fixed messages and liking responses; no adaptive exchange or profile-choice task is described.,a7a4f94d7bbc9fd70d60794c1ca0527c33d16ae136c499a8afd39e263bf5fa54,4,counterexample_audit_B,AI_assisted,2026-09-10,false
PB-1b3ee08b9b,85104659706,A,geography,mixed_includes_US,"The sample section reports recruitment in Finland, South Korea, Spain and the United States.",a7a4f94d7bbc9fd70d60794c1ca0527c33d16ae136c499a8afd39e263bf5fa54,4,strategy_review,AI_assisted,2026-09-10,false
PB-1b3ee08b9b,85104659706,B,geography,mixed_includes_US,"The four-country survey explicitly includes US respondents alongside Finland, South Korea and Spain.",a7a4f94d7bbc9fd70d60794c1ca0527c33d16ae136c499a8afd39e263bf5fa54,3,counterexample_audit_B,AI_assisted,2026-09-10,false
PB-1b3ee08b9b,85104659706,A,data_possession,unclear,The supplied article describes data collection but gives no direct raw-data availability or access statement.,,,strategy_review,AI_assisted,2026-09-10,false
PB-1b3ee08b9b,85104659706,B,data_possession,unclear,"Investigation and analysis credits are given, but no explicit current respondent-data access statement is supplied.",,,counterexample_audit_B,AI_assisted,2026-09-10,false
PB-acc23bbbf5,85161022172,A,design,yes,Participants rate coping responses after experimentally varied situational cues in sixteen vignettes.,0029395f7bc6725950f51b6cdb79890e9279c02c9ee171139c119b7b46647a32,3,strategy_review,AI_assisted,2026-09-10,false
PB-acc23bbbf5,85161022172,B,design,yes,The experiment manipulates situational cues in expectation-violation vignettes and obtains respondents' evaluations of coping strategies.,0029395f7bc6725950f51b6cdb79890e9279c02c9ee171139c119b7b46647a32,3,counterexample_audit_B,AI_assisted,2026-09-10,false
PB-acc23bbbf5,85161022172,A,new_data,yes,Original online data collection with a reported recruitment procedure and final sample of 124.,0029395f7bc6725950f51b6cdb79890e9279c02c9ee171139c119b7b46647a32,4,strategy_review,AI_assisted,2026-09-10,false
PB-acc23bbbf5,85161022172,B,new_data,yes,"The authors report original online recruitment and fielding, with 124 retained participants.",0029395f7bc6725950f51b6cdb79890e9279c02c9ee171139c119b7b46647a32,4,counterexample_audit_B,AI_assisted,2026-09-10,false
PB-acc23bbbf5,85161022172,A,text_treatment,yes,Written situational cues versus equally long irrelevant text form the experimental contrast.,0029395f7bc6725950f51b6cdb79890e9279c02c9ee171139c119b7b46647a32,4,strategy_review,AI_assisted,2026-09-10,false
PB-acc23bbbf5,85161022172,B,text_treatment,yes,Treatment consists of written stories with experimentally varied situational cues.,0029395f7bc6725950f51b6cdb79890e9279c02c9ee171139c119b7b46647a32,3,counterexample_audit_B,AI_assisted,2026-09-10,false
PB-acc23bbbf5,85161022172,A,parser_compatible,yes,A fixed sequence of sixteen vignettes with repeated rating/ranking items; crossed vignette cues do not constitute conjoint profile choices.,0029395f7bc6725950f51b6cdb79890e9279c02c9ee171139c119b7b46647a32,4,strategy_review,AI_assisted,2026-09-10,false
PB-acc23bbbf5,85161022172,B,parser_compatible,yes,"The paper specifies one vignette and the same follow-up rating items per page, with 16 fixed stories and a separate ranking response.",0029395f7bc6725950f51b6cdb79890e9279c02c9ee171139c119b7b46647a32,4,counterexample_audit_B,AI_assisted,2026-09-10,false
PB-acc23bbbf5,85161022172,A,geography,non_US,German-language survey recruited through the local university student mailing list and German-context channels with euro incentives. Non-US classification is contextual; no explicit residence restriction is reported.,0029395f7bc6725950f51b6cdb79890e9279c02c9ee171139c119b7b46647a32,4,strategy_review,AI_assisted,2026-09-10,false
PB-acc23bbbf5,85161022172,B,geography,unclear,"German-language recruitment through a university mailing list and social media suggests Germany, but participant country is not explicitly established.",,,counterexample_audit_B,AI_assisted,2026-09-10,false
PB-acc23bbbf5,85161022172,A,data_possession,yes,"The authors state that the data file and code are public, and methods separately state that all original vignettes are public.",0029395f7bc6725950f51b6cdb79890e9279c02c9ee171139c119b7b46647a32,4,strategy_review,AI_assisted,2026-09-10,false
PB-acc23bbbf5,85161022172,B,data_possession,yes,"The authors explicitly offer the data file and code, and page 3 states all original vignettes are publicly available.",0029395f7bc6725950f51b6cdb79890e9279c02c9ee171139c119b7b46647a32,4,counterexample_audit_B,AI_assisted,2026-09-10,false
PB-ad23a13d18,84928374684,A,design,yes,The telephone survey randomizes charter-school information cues and measures support for expansion.,0b72704aff56fcad72c8d8f6d1e4ee9c46f89ac70e7732b36d7981861a34a0bc,8,strategy_review,AI_assisted,2026-09-10,false
PB-ad23a13d18,84928374684,B,design,yes,Randomized policy information precedes reported support for charter-school expansion.,0b72704aff56fcad72c8d8f6d1e4ee9c46f89ac70e7732b36d7981861a34a0bc,8,counterexample_audit_B,AI_assisted,2026-09-10,false
PB-ad23a13d18,84928374684,A,new_data,yes,The authors fielded their experimental module in a survey that also supported another paper; this is not evidence of an independent dataset per publication.,0b72704aff56fcad72c8d8f6d1e4ee9c46f89ac70e7732b36d7981861a34a0bc,7,strategy_review,AI_assisted,2026-09-10,false
PB-ad23a13d18,84928374684,B,new_data,yes,"The authors report fielding their experiment; the same survey also underlies a prior publication, so this is not a new independent dataset per paper.",0b72704aff56fcad72c8d8f6d1e4ee9c46f89ac70e7732b36d7981861a34a0bc,7,counterexample_audit_B,AI_assisted,2026-09-10,false
PB-ad23a13d18,84928374684,A,text_treatment,yes,The intervention varies standardized verbal information from a written survey script.,0b72704aff56fcad72c8d8f6d1e4ee9c46f89ac70e7732b36d7981861a34a0bc,8,strategy_review,AI_assisted,2026-09-10,false
PB-ad23a13d18,84928374684,B,text_treatment,yes,"The intervention changes scripted information wording, administered in a telephone survey.",0b72704aff56fcad72c8d8f6d1e4ee9c46f89ac70e7732b36d7981861a34a0bc,8,counterexample_audit_B,AI_assisted,2026-09-10,false
PB-ad23a13d18,84928374684,A,parser_compatible,yes,Fixed information-cue versions and a no-extra-information control precede two common support questions.,0b72704aff56fcad72c8d8f6d1e4ee9c46f89ac70e7732b36d7981861a34a0bc,8,strategy_review,AI_assisted,2026-09-10,false
PB-ad23a13d18,84928374684,B,parser_compatible,yes,Fixed informational arms precede common attitude questions; no conjoint or adaptive task appears.,0b72704aff56fcad72c8d8f6d1e4ee9c46f89ac70e7732b36d7981861a34a0bc,8,counterexample_audit_B,AI_assisted,2026-09-10,false
PB-ad23a13d18,84928374684,A,geography,US_explicit,The sample explicitly consists of Michigan residents.,0b72704aff56fcad72c8d8f6d1e4ee9c46f89ac70e7732b36d7981861a34a0bc,7,strategy_review,AI_assisted,2026-09-10,false
PB-ad23a13d18,84928374684,B,geography,US_explicit,The respondent location is explicitly Michigan.,0b72704aff56fcad72c8d8f6d1e4ee9c46f89ac70e7732b36d7981861a34a0bc,7,counterexample_audit_B,AI_assisted,2026-09-10,false
PB-ad23a13d18,84928374684,A,data_possession,yes,The article explicitly provides an online source for survey data and instruments.,0b72704aff56fcad72c8d8f6d1e4ee9c46f89ac70e7732b36d7981861a34a0bc,7,strategy_review,AI_assisted,2026-09-10,false
PB-ad23a13d18,84928374684,B,data_possession,yes,The paper identifies a public archive containing the data and survey instruments.,0b72704aff56fcad72c8d8f6d1e4ee9c46f89ac70e7732b36d7981861a34a0bc,7,counterexample_audit_B,AI_assisted,2026-09-10,false
