article_id,journal_id,journal,group,year,doi,title,scopus_id,source_url,metadata_source,source_date,stratum_n,sample_rank,selection_seed,split,has_abstract,has_keywords,n_authors
84974822838,J01,Academy of Management Journal,Business,2016,10.5465/amj.2012.0665,Mediated sensemaking,84974822838,https://doi.org/10.5465/amj.2012.0665,Scopus,2026-10-07T09:39:27.340403+00:00,73,29,20261007,development,True,False,2
85029699854,J01,Academy of Management Journal,Business,2017,10.5465/amj.2016.0179,Bringing the boss's politics in: Supervisor political ideology and the gender gap in earnings,85029699854,https://doi.org/10.5465/amj.2016.0179,Scopus,2026-10-07T09:39:27.228895+00:00,83,47,20261007,development,True,False,2
85049836037,J01,Academy of Management Journal,Business,2018,10.5465/amj.2016.0448,A social mindfulness approach to understanding experienced customer mistreatment: A within-person field experiment,85049836037,https://doi.org/10.5465/amj.2016.0448,Scopus,2026-10-07T09:39:27.245521+00:00,82,32,20261007,holdout,True,False,6
85064805006,J01,Academy of Management Journal,Business,2019,10.5465/amj.2016.0749,Deviant versus aspirational risk taking: The effects of performance feedback on bribery expenditure and R&D intensity,85064805006,https://doi.org/10.5465/amj.2016.0749,Scopus,2026-10-07T09:39:27.163446+00:00,49,25,20261007,development,True,False,3
85097024202,J01,Academy of Management Journal,Business,2020,10.5465/amj.2018.0038,Interorganizational relationships as political battlefields: How fragmentation within organizations shapes relational dynamics between organizations,85097024202,https://doi.org/10.5465/amj.2018.0038,Scopus,2026-10-07T09:39:29.321258+00:00,61,54,20261007,development,True,False,2
85114886178,J01,Academy of Management Journal,Business,2021,10.5465/amj.2019.1228,"Unpacking political ideology: Ceo social and economic ideologies, strategic decision-making processes, and corporate entrepreneurship",85114886178,https://doi.org/10.5465/amj.2019.1228,Scopus,2026-10-07T09:39:29.320669+00:00,71,39,20261007,development,True,False,4
85129175877,J01,Academy of Management Journal,Business,2022,10.5465/amj.2020.1657,“AM I NEXT?” THE SPILLOVER EFFECTS OF MEGA-THREATS ON AVOIDANT BEHAVIORS AT WORK,85129175877,https://doi.org/10.5465/amj.2020.1657,Scopus,2026-10-07T09:39:29.546251+00:00,74,26,20261007,development,True,False,2
85165736878,J01,Academy of Management Journal,Business,2023,10.5465/amj.2021.1022,REKINDLING THE FIRE AND STOKING THE FLAMES: HOW AND WHEN WORKPLACE INTERPERSONAL CAPITALIZATION FACILITATES PRIDE AND KNOWLEDGE SHARING AT WORK,85165736878,https://doi.org/10.5465/amj.2021.1022,Scopus,2026-10-07T09:39:29.589041+00:00,62,35,20261007,development,True,False,4
85203368238,J01,Academy of Management Journal,Business,2024,10.5465/amj.2021.1185,"SCREENING THEORY AND ITS BOUNDARIES: INVESTIGATION OF SCREEN CREDIBILITY, NECESSITY, AND SALIENCE IN THE CONTEXT OF CORPORATE VENTURE CAPITAL",85203368238,https://doi.org/10.5465/amj.2021.1185,Scopus,2026-10-07T09:39:31.644425+00:00,53,45,20261007,holdout,True,False,3
105025554191,J01,Academy of Management Journal,Business,2025,10.5465/amj.2023.0625,"CONSTRAINTS, COMPETENCIES, OR CHOICES? HOW LAY THEORIES OF THE GENDER GAP IMPACT DIVERSITY SUPPORT",105025554191,https://doi.org/10.5465/amj.2023.0625,Scopus,2026-10-07T09:39:31.552343+00:00,38,37,20261007,development,True,False,1
84959098082,J02,Journal of Business Research,Business,2016,10.1016/j.jbusres.2015.10.049,A bottom-up path for IT management success: From infrastructure quality to competitive excellence,84959098082,https://doi.org/10.1016/j.jbusres.2015.10.049,Scopus,2026-10-07T09:39:31.875652+00:00,753,238,20261007,development,True,True,3
85020733316,J02,Journal of Business Research,Business,2017,10.1016/j.jbusres.2017.04.021,When are acquired technological capabilities complements rather than substitutes? A study on value creation.,85020733316,https://doi.org/10.1016/j.jbusres.2017.04.021,Scopus,2026-10-07T09:39:31.777141+00:00,293,193,20261007,development,True,True,1
85029153757,J02,Journal of Business Research,Business,2018,10.1016/j.jbusres.2017.09.008,Investigating links between cultural orientation and culture outcomes: Immigrants from the former Soviet Union to Israel and Germany,85029153757,https://doi.org/10.1016/j.jbusres.2017.09.008,Scopus,2026-10-07T09:39:33.784843+00:00,430,5,20261007,holdout,True,True,4
85038910249,J02,Journal of Business Research,Business,2019,10.1016/j.jbusres.2017.12.023,Client dependence: A boon or bane for vendor innovation? A competitive mediation framework in IT outsourcing,85038910249,https://doi.org/10.1016/j.jbusres.2017.12.023,Scopus,2026-10-07T09:39:34.159725+00:00,554,434,20261007,development,True,True,2
85087011087,J02,Journal of Business Research,Business,2020,10.1016/j.jbusres.2020.06.039,Do HRM systems impose restrictions on employee quality of life? Evidence from a sustainable HRM perspective,85087011087,https://doi.org/10.1016/j.jbusres.2020.06.039,Scopus,2026-10-07T09:39:34.062670+00:00,762,550,20261007,development,True,True,1
85100680081,J02,Journal of Business Research,Business,2021,10.1016/j.jbusres.2021.01.025,Brand placement across media: The interaction of placement modality and frequency in film versus text,85100680081,https://doi.org/10.1016/j.jbusres.2021.01.025,Scopus,2026-10-07T09:39:34.206641+00:00,953,376,20261007,development,True,True,3
85119440388,J02,Journal of Business Research,Business,2022,10.1016/j.jbusres.2021.11.038,Impact of advertising on users’ perceptions regarding the Internet of things,85119440388,https://doi.org/10.1016/j.jbusres.2021.11.038,Scopus,2026-10-07T09:39:36.113935+00:00,939,313,20261007,holdout,True,True,3
85154065516,J02,Journal of Business Research,Business,2023,10.1016/j.jbusres.2023.113980,An Artificial-Intelligence-Based omnichannel blood supply chain: A pathway for sustainable development,85154065516,https://doi.org/10.1016/j.jbusres.2023.113980,Scopus,2026-10-07T09:39:36.409774+00:00,845,572,20261007,development,True,True,5
85175143197,J02,Journal of Business Research,Business,2024,10.1016/j.jbusres.2023.114312,Determinants of effective HR analytics Implementation: An In-Depth review and a dynamic framework for future research,85175143197,https://doi.org/10.1016/j.jbusres.2023.114312,Scopus,2026-10-07T09:39:36.250209+00:00,492,31,20261007,development,True,True,5
105002055210,J02,Journal of Business Research,Business,2025,10.1016/j.jbusres.2025.115352,Calibration experiments: An alternative to multi-method approaches for measurement validation in consumer research,105002055210,https://doi.org/10.1016/j.jbusres.2025.115352,Scopus,2026-10-07T09:39:36.599053+00:00,666,291,20261007,development,True,True,3
84979901982,J03,Journal of Management,Business,2016,10.1177/0149206313506938,The Variety of Governance Structures Beyond Market and Hierarchy,84979901982,https://doi.org/10.1177/0149206313506938,Scopus,2026-10-07T09:39:38.392549+00:00,64,45,20261007,development,True,True,2
85009487455,J03,Journal of Management,Business,2017,10.1177/0149206314535444,When More Is Not Enough: Executive Greed and Its Influence on Shareholder Wealth,85009487455,https://doi.org/10.1177/0149206314535444,Scopus,2026-10-07T09:39:38.400154+00:00,90,21,20261007,holdout,True,True,3
85018659629,J03,Journal of Management,Business,2018,10.1177/0149206316628643,"The Business Case for Women Leaders: Meta-Analysis, Research Critique, and Path Forward",85018659629,https://doi.org/10.1177/0149206316628643,Scopus,2026-10-07T09:39:38.687752+00:00,116,84,20261007,development,True,True,4
85059352963,J03,Journal of Management,Business,2019,10.1177/0149206318808885,"Actors, Structure, and Processes: A Review and Conceptualization of Global Work Integrating IB and HRM Research",85059352963,https://doi.org/10.1177/0149206318808885,Scopus,2026-10-07T09:39:38.877356+00:00,106,19,20261007,development,True,True,3
85084589250,J03,Journal of Management,Business,2020,10.1177/0149206320914694,Network Brokerage: An Integrative Review and Future Research Agenda,85084589250,https://doi.org/10.1177/0149206320914694,Scopus,2026-10-07T09:39:40.627530+00:00,53,26,20261007,development,True,True,5
85069802031,J03,Journal of Management,Business,2021,10.1177/0149206319862612,A Meta-Analysis of Interpersonal and Organizational Workplace Deviance Research,85069802031,https://doi.org/10.1177/0149206319862612,Scopus,2026-10-07T09:39:40.509624+00:00,70,13,20261007,development,True,True,4
85104374923,J03,Journal of Management,Business,2022,10.1177/0149206321997912,Lost Control Driving Home: A Dual-Pathway Model of Self-Control Work Demands and Commuter Driving,85104374923,https://doi.org/10.1177/0149206321997912,Scopus,2026-10-07T09:39:40.960698+00:00,67,29,20261007,development,True,True,4
85133569461,J03,Journal of Management,Business,2023,10.1177/01492063221106420,What We (Do Not) Know About Punishment Across Organizational Boundaries,85133569461,https://doi.org/10.1177/01492063221106420,Scopus,2026-10-07T09:39:41.147077+00:00,72,4,20261007,development,True,True,4
85174856012,J03,Journal of Management,Business,2024,10.1177/01492063231204869,Lean Start-Up in Settings of Impoverishment: The Implications of the Context for Theory,85174856012,https://doi.org/10.1177/01492063231204869,Scopus,2026-10-07T09:39:42.885287+00:00,83,81,20261007,development,True,True,3
105021876075,J03,Journal of Management,Business,2025,10.1177/01492063251383826,"More Than Words: A Risk Regulation Model of Supervisor Gratitude Expression, Felt Appreciation, and Subordinate Voice",105021876075,https://doi.org/10.1177/01492063251383826,Scopus,2026-10-07T09:39:42.958022+00:00,100,24,20261007,holdout,True,True,5
84989926977,J04,Leadership Quarterly,Business,2016,10.1016/j.leaqua.2016.05.003,A qualitative study investigating the ethical decision making process: A proposed model,84989926977,https://doi.org/10.1016/j.leaqua.2016.05.003,Scopus,2026-10-07T09:39:43.254522+00:00,56,47,20261007,development,True,True,4
85005992374,J04,Leadership Quarterly,Business,2017,10.1016/j.leaqua.2016.10.008,"Complementary person-supervisor fit: An investigation of supplies-values (S-V) fit, leader-member exchange (LMX) and work outcomes",85005992374,https://doi.org/10.1016/j.leaqua.2016.10.008,Scopus,2026-10-07T09:39:43.514474+00:00,34,7,20261007,development,True,True,3
85044502616,J04,Leadership Quarterly,Business,2018,10.1016/j.leaqua.2018.03.001,"Leadership, creativity, and innovation: A critical review and practical recommendations",85044502616,https://doi.org/10.1016/j.leaqua.2018.03.001,Scopus,2026-10-07T09:39:45.295480+00:00,48,39,20261007,development,True,True,5
85058613559,J04,Leadership Quarterly,Business,2019,10.1016/j.leaqua.2018.12.002,Cognitive shifts within leader and follower teams: Where consensus develops in mental models during an organizational crisis,85058613559,https://doi.org/10.1016/j.leaqua.2018.12.002,Scopus,2026-10-07T09:39:45.502294+00:00,41,16,20261007,holdout,True,True,3
85068131646,J04,Leadership Quarterly,Business,2020,10.1016/j.leaqua.2019.04.003,What do the followers want? The core functions of leadership,85068131646,https://doi.org/10.1016/j.leaqua.2019.04.003,Scopus,2026-10-07T09:39:45.559673+00:00,51,15,20261007,development,False,False,2
85101709952,J04,Leadership Quarterly,Business,2021,10.1016/j.leaqua.2021.101509,A chronotype circadian model of charismatic leadership expressions and perceptions,85101709952,https://doi.org/10.1016/j.leaqua.2021.101509,Scopus,2026-10-07T09:39:45.713101+00:00,41,33,20261007,development,True,True,4
85101686392,J04,Leadership Quarterly,Business,2022,10.1016/j.leaqua.2020.101476,Effect of charismatic signaling in social media settings: Evidence from TED and Twitter,85101686392,https://doi.org/10.1016/j.leaqua.2020.101476,Scopus,2026-10-07T09:39:47.455844+00:00,43,31,20261007,development,True,True,3
85120667384,J04,Leadership Quarterly,Business,2023,10.1016/j.leaqua.2021.101581,Where is “behavior” in organizational behavior? A call for a revolution in leadership research and beyond,85120667384,https://doi.org/10.1016/j.leaqua.2021.101581,Scopus,2026-10-07T09:39:47.853012+00:00,42,38,20261007,development,True,True,3
85194903332,J04,Leadership Quarterly,Business,2024,10.1016/j.leaqua.2024.101797,Advancing Organizational Science With Computational Process Theories,85194903332,https://doi.org/10.1016/j.leaqua.2024.101797,Scopus,2026-10-07T09:39:47.849816+00:00,34,19,20261007,development,True,True,6
105009908654,J04,Leadership Quarterly,Business,2025,10.1016/j.leaqua.2025.101883,Leading with pride: An interdisciplinary integrative review on LGBTIQ + leadership and an agenda for future research,105009908654,https://doi.org/10.1016/j.leaqua.2025.101883,Scopus,2026-10-07T09:39:48.125791+00:00,35,21,20261007,holdout,True,True,5
84991704813,J05,Management Science,Business,2016,10.1287/mnsc.2015.2252,Discipline or disruption? Stakeholder relationships and the effect of takeover threat,84991704813,https://doi.org/10.1287/mnsc.2015.2252,Scopus,2026-10-07T09:39:49.579930+00:00,175,150,20261007,development,True,True,3
85032586323,J05,Management Science,Business,2017,10.1287/mnsc.2016.2545,The probit choice model under sequential search with an application to online retailing,85032586323,https://doi.org/10.1287/mnsc.2016.2545,Scopus,2026-10-07T09:39:50.052728+00:00,229,193,20261007,holdout,True,True,3
85047150197,J05,Management Science,Business,2018,10.1287/mnsc.2017.2753,Competition-based dynamic pricing in online retailing: a methodology validated with field experiments,85047150197,https://doi.org/10.1287/mnsc.2017.2753,Scopus,2026-10-07T09:39:50.091165+00:00,302,158,20261007,holdout,True,True,3
85061188012,J05,Management Science,Business,2019,10.1287/mnsc.2017.2943,Welfare analysis of dynamic pricing,85061188012,https://doi.org/10.1287/mnsc.2017.2943,Scopus,2026-10-07T09:39:50.443991+00:00,302,14,20261007,development,True,True,2
85094825536,J05,Management Science,Business,2020,10.1287/mnsc.2019.3412,Steering in online markets: The role of platform incentives and credibility,85094825536,https://doi.org/10.1287/mnsc.2019.3412,Scopus,2026-10-07T09:39:51.793565+00:00,285,201,20261007,development,True,True,3
85105168543,J05,Management Science,Business,2021,10.1287/mnsc.2020.3744,Effectiveness of planning prompts on organizations' likelihood to file their overdue taxes: A multi-wave field experiment,85105168543,https://doi.org/10.1287/mnsc.2020.3744,Scopus,2026-10-07T09:39:52.199319+00:00,366,204,20261007,development,True,True,3
85132193036,J05,Management Science,Business,2022,10.1287/mnsc.2021.4149,A Model for Integrated Inventory and Assortment Planning,85132193036,https://doi.org/10.1287/mnsc.2021.4149,Scopus,2026-10-07T09:39:52.353658+00:00,436,249,20261007,development,True,True,2
85176322671,J05,Management Science,Business,2023,10.1287/mnsc.2022.4569,Trust in Financial Markets: Evidence from Reactions to Earnings News,85176322671,https://doi.org/10.1287/mnsc.2022.4569,Scopus,2026-10-07T09:39:52.530035+00:00,379,317,20261007,development,True,True,2
85203082702,J05,Management Science,Business,2024,10.1287/mnsc.2023.4909,Leader Signals and “Growth Mindset”: A Natural Field Experiment in Attracting Minorities to High-Profile Positions,85203082702,https://doi.org/10.1287/mnsc.2023.4909,Scopus,2026-10-07T09:39:53.957654+00:00,456,252,20261007,development,True,True,4
85217977510,J05,Management Science,Business,2025,10.1287/mnsc.2022.01831,"Publicly Traded Debt Restructuring Methods, Corporate Investment, and Debt Contracting",85217977510,https://doi.org/10.1287/mnsc.2022.01831,Scopus,2026-10-07T09:39:54.486242+00:00,464,93,20261007,development,True,True,1
85009420709,J06,Organization Science,Business,2016,10.1287/orsc.2016.1091,"How do brokers broker? Tertius gaudens, tertius iungens, and the temporality of structural holes",85009420709,https://doi.org/10.1287/orsc.2016.1091,Scopus,2026-10-07T09:39:54.605828+00:00,84,59,20261007,development,True,True,2
85039752966,J06,Organization Science,Business,2017,10.1287/orsc.2017.1161,Deconstructing the outsider puzzle: The legitimation journey of novelty,85039752966,https://doi.org/10.1287/orsc.2017.1161,Scopus,2026-10-07T09:39:55.032211+00:00,61,52,20261007,development,True,True,3
85043375860,J06,Organization Science,Business,2018,10.1287/orsc.2017.1172,"Gender bias, social impact framing, and evaluation of entrepreneurial ventures",85043375860,https://doi.org/10.1287/orsc.2017.1172,Scopus,2026-10-07T09:39:56.144116+00:00,51,4,20261007,development,True,True,2
85071333254,J06,Organization Science,Business,2019,10.1287/orsc.2018.1279,"Connected, but qualified? Social affiliations, human capital, and service professional performance",85071333254,https://doi.org/10.1287/orsc.2018.1279,Scopus,2026-10-07T09:39:56.690461+00:00,79,18,20261007,holdout,True,True,1
85092240586,J06,Organization Science,Business,2020,10.1287/orsc.2020.1366,After the storm has passed: Translating crisis experience into useful knowledge,85092240586,https://doi.org/10.1287/orsc.2020.1366,Scopus,2026-10-07T09:39:56.697602+00:00,76,46,20261007,development,True,True,3
85110499749,J06,Organization Science,Business,2021,10.1287/orsc.2020.1403,Categorical competition in the wake of crisis: Banks vs. credit unions,85110499749,https://doi.org/10.1287/orsc.2020.1403,Scopus,2026-10-07T09:39:57.223040+00:00,67,38,20261007,development,True,True,3
85129326244,J06,Organization Science,Business,2022,10.1287/orsc.2021.1512,Political Dynamics in Knowledge Work: Using Visual Artifacts to Deal with Pragmatic Boundaries,85129326244,https://doi.org/10.1287/orsc.2021.1512,Scopus,2026-10-07T09:39:58.425585+00:00,104,76,20261007,development,True,False,2
85151983806,J06,Organization Science,Business,2023,10.1287/orsc.2022.1593,Settlement Constellations and the Dynamics of Fields Formed around Social and Environmental Issues,85151983806,https://doi.org/10.1287/orsc.2022.1593,Scopus,2026-10-07T09:39:58.774015+00:00,103,32,20261007,development,True,True,3
85207860885,J06,Organization Science,Business,2024,10.1287/orsc.2023.17377,The Humbling Effect of Significant Relationships: A Field Experiment Examining the Effect of Significant-Other Activation on Leaders’ Expressed Humility,85207860885,https://doi.org/10.1287/orsc.2023.17377,Scopus,2026-10-07T09:39:58.848143+00:00,103,91,20261007,development,True,True,5
105026188849,J06,Organization Science,Business,2025,10.1287/orsc.2021.15661,Second-Order Knowledge Intermediaries and Multi-Country Entrepreneurial Entry into a Nascent Industry,105026188849,https://doi.org/10.1287/orsc.2021.15661,Scopus,2026-10-07T09:39:59.473480+00:00,108,90,20261007,holdout,True,True,1
84949499184,J07,Journal of the Academy of Marketing Science,Business,2016,10.1007/s11747-015-0468-z,An offer you can’t refuse: consumer perceptions of sales pressure,84949499184,https://doi.org/10.1007/s11747-015-0468-z,Scopus,2026-10-07T09:40:00.715763+00:00,41,33,20261007,development,True,True,3
85064119805,J07,Journal of the Academy of Marketing Science,Business,2017,10.1007/s11747-017-0551-8,Effects of offline ad content on online brand search: Insights from super bowl advertising,85064119805,https://doi.org/10.1007/s11747-017-0551-8,Scopus,2026-10-07T09:40:01.306397+00:00,50,23,20261007,development,True,True,3
85018794870,J07,Journal of the Academy of Marketing Science,Business,2018,10.1007/s11747-017-0540-y,Effect of analysts’ earnings pressure on marketing spending and stock market performance,85018794870,https://doi.org/10.1007/s11747-017-0540-y,Scopus,2026-10-07T09:40:01.397751+00:00,46,18,20261007,development,True,True,3
85064193755,J07,Journal of the Academy of Marketing Science,Business,2019,10.1007/s11747-019-00643-z,Capabilities for market-shaping: triggering and facilitating increased value creation,85064193755,https://doi.org/10.1007/s11747-019-00643-z,Scopus,2026-10-07T09:40:01.759541+00:00,53,24,20261007,holdout,True,True,3
85086363634,J07,Journal of the Academy of Marketing Science,Business,2020,10.1007/s11747-020-00725-3,Consumer arrogance and word-of-mouth,85086363634,https://doi.org/10.1007/s11747-020-00725-3,Scopus,2026-10-07T09:40:02.867225+00:00,42,36,20261007,holdout,True,True,4
85089381265,J07,Journal of the Academy of Marketing Science,Business,2021,10.1007/s11747-020-00742-2,We can fix this! Donor activism for nonprofit supply generation,85089381265,https://doi.org/10.1007/s11747-020-00742-2,Scopus,2026-10-07T09:40:03.707010+00:00,51,15,20261007,development,True,True,1
85124740559,J07,Journal of the Academy of Marketing Science,Business,2022,10.1007/s11747-022-00842-1,The boomerang effect of zero pricing: when and why a zero price is less effective than a low price for enhancing consumer demand,85124740559,https://doi.org/10.1007/s11747-022-00842-1,Scopus,2026-10-07T09:40:03.992294+00:00,55,27,20261007,development,True,True,3
85126855640,J07,Journal of the Academy of Marketing Science,Business,2023,10.1007/s11747-022-00841-2,The effect of implementing chatbot customer service on stock returns: an event study analysis,85126855640,https://doi.org/10.1007/s11747-022-00841-2,Scopus,2026-10-07T09:40:04.266806+00:00,56,32,20261007,development,True,True,2
85197713572,J07,Journal of the Academy of Marketing Science,Business,2024,10.1007/s11747-024-01029-6,Food and technology: Using digital devices for restaurant orders leads to indulgent outcomes,85197713572,https://doi.org/10.1007/s11747-024-01029-6,Scopus,2026-10-07T09:40:05.267256+00:00,83,79,20261007,development,True,True,3
105004196113,J07,Journal of the Academy of Marketing Science,Business,2025,10.1007/s11747-025-01103-7,Exploring the interaction between television and branded search advertising: Implications for real-time syncing strategies,105004196113,https://doi.org/10.1007/s11747-025-01103-7,Scopus,2026-10-07T09:40:05.984238+00:00,69,66,20261007,development,True,True,2
84971668198,J08,Journal of Consumer Research,Business,2016,10.1093/jcr/ucv091,"Imperfect progress: An objective quality assessment of the role of user reviews in consumer decision making, a commentary on de Langhe, Fernbach, and Lichtenstein",84971668198,https://doi.org/10.1093/jcr/ucv091,Scopus,2026-10-07T09:40:06.159207+00:00,59,10,20261007,development,True,True,1
85039734350,J08,Journal of Consumer Research,Business,2017,10.1093/jcr/ucx096,Asking questions with reflexive focus: Atutorial on designing and conducting interviews,85039734350,https://doi.org/10.1093/jcr/ucx096,Scopus,2026-10-07T09:40:06.496766+00:00,65,63,20261007,development,True,True,1
85054802325,J08,Journal of Consumer Research,Business,2018,10.1093/jcr/ucy004,Better or different? How political ideology shapes preferences for differentiation in the social hierarchy,85054802325,https://doi.org/10.1093/jcr/ucy004,Scopus,2026-10-07T09:40:07.524850+00:00,57,43,20261007,development,True,True,2
85081103062,J08,Journal of Consumer Research,Business,2019,10.1093/jcr/ucz002,The Influence of Health Motivation and Calorie Ending on Preferences for Indulgent Foods,85081103062,https://doi.org/10.1093/jcr/ucz002,Scopus,2026-10-07T09:40:08.279147+00:00,65,48,20261007,holdout,True,True,3
85082489698,J08,Journal of Consumer Research,Business,2020,10.1093/jcr/ucz040,Company Worth Keeping: Personal Control and Preferences for Brand Leaders,85082489698,https://doi.org/10.1093/jcr/ucz040,Scopus,2026-10-07T09:40:08.394304+00:00,37,12,20261007,development,True,True,3
85104119841,J08,Journal of Consumer Research,Business,2021,10.1093/jcr/ucaa049,Budget Depreciation: When Budgeting Early Increases Spending,85104119841,https://doi.org/10.1093/jcr/ucaa049,Scopus,2026-10-07T09:40:08.960209+00:00,58,16,20261007,development,True,True,2
85136465085,J08,Journal of Consumer Research,Business,2022,10.1093/jcr/ucab070,Egocentric Processing: The Advantages of Person-Related Features in Consumers' Product Decisions,85136465085,https://doi.org/10.1093/jcr/ucab070,Scopus,2026-10-07T09:40:09.705026+00:00,49,31,20261007,development,True,True,1
85159084986,J08,Journal of Consumer Research,Business,2023,10.1093/jcr/ucac031,Origin versus Substance: Competing Determinants of Disruption in Duplication Technologies,85159084986,https://doi.org/10.1093/jcr/ucac031,Scopus,2026-10-07T09:40:10.480616+00:00,57,16,20261007,holdout,True,True,2
85193453266,J08,Journal of Consumer Research,Business,2024,10.1093/jcr/ucad058,Leveraging Digital Advertising Platforms for Consumer Research,85193453266,https://doi.org/10.1093/jcr/ucad058,Scopus,2026-10-07T09:40:10.545927+00:00,73,32,20261007,development,True,True,4
105005288793,J08,Journal of Consumer Research,Business,2025,10.1093/jcr/ucae061,Hitting the Target but Missing the Point: How Donors Use Cost Information,105005288793,https://doi.org/10.1093/jcr/ucae061,Scopus,2026-10-07T09:40:11.044798+00:00,57,20,20261007,development,True,True,2
84994844627,J09,Journal of Marketing,Business,2016,10.1509/jm.15.0413,Marketing analytics for data-rich environments,84994844627,https://doi.org/10.1509/jm.15.0413,Scopus,2026-10-07T09:40:11.896730+00:00,36,31,20261007,development,True,True,2
85033453487,J09,Journal of Marketing,Business,2017,10.1509/jm.14.0305,"The differential impact of new product development ""make/buy"" choices on immediate and future product quality: Insights from the automobile industry",85033453487,https://doi.org/10.1509/jm.14.0305,Scopus,2026-10-07T09:40:12.721404+00:00,47,44,20261007,development,True,True,3
85059771427,J09,Journal of Marketing,Business,2018,10.1177/0022242918805059,Sales force downsizing and firm-idiosyncratic risk: The contingent role of investors’ screening and firm’s signaling processes,85059771427,https://doi.org/10.1177/0022242918805059,Scopus,2026-10-07T09:40:12.872362+00:00,52,51,20261007,development,True,True,3
85067046561,J09,Journal of Marketing,Business,2019,10.1177/0022242918813119,The temporary marketing organization,85067046561,https://doi.org/10.1177/0022242918813119,Scopus,2026-10-07T09:40:13.462008+00:00,44,8,20261007,holdout,True,True,3
85078439851,J09,Journal of Marketing,Business,2020,10.1177/0022242919899383,Improvised Marketing Interventions in Social Media,85078439851,https://doi.org/10.1177/0022242919899383,Scopus,2026-10-07T09:40:14.474625+00:00,45,13,20261007,development,True,True,5
85088042986,J09,Journal of Marketing,Business,2021,10.1177/0022242920944384,Pretty Healthy Food: How and When Aesthetics Enhance Perceived Healthiness,85088042986,https://doi.org/10.1177/0022242920944384,Scopus,2026-10-07T09:40:15.110123+00:00,55,8,20261007,holdout,True,True,1
85116001425,J09,Journal of Marketing,Business,2022,10.1177/00222429211007517,How Industries Use Direct-to-Public Persuasion in Policy Conflicts: Asymmetries in Public Voting Responses,85116001425,https://doi.org/10.1177/00222429211007517,Scopus,2026-10-07T09:40:15.109472+00:00,51,16,20261007,development,True,True,3
85129312905,J09,Journal of Marketing,Business,2023,10.1177/00222429221076840,The Context (In)Dependence of Low-Fit Brand Extensions,85129312905,https://doi.org/10.1177/00222429221076840,Scopus,2026-10-07T09:40:15.662248+00:00,47,6,20261007,development,True,True,4
85184416585,J09,Journal of Marketing,Business,2024,10.1177/00222429231216910,“Statistical Significance” and Statistical Reporting: Moving Beyond Binary,85184416585,https://doi.org/10.1177/00222429231216910,Scopus,2026-10-07T09:40:16.599291+00:00,46,19,20261007,development,True,True,4
86000783802,J09,Journal of Marketing,Business,2025,10.1177/00222429241296048,How Socioeconomic Status Shapes Food Preferences and Perceptions,86000783802,https://doi.org/10.1177/00222429241296048,Scopus,2026-10-07T09:40:17.488323+00:00,56,53,20261007,development,True,True,4
84995899378,J10,Journal of Marketing Research,Business,2016,10.1509/jmr.14.0170,Customer acquisition and retention spending: An analytical model and empirical investigation in wireless telecommunications markets,84995899378,https://doi.org/10.1509/jmr.14.0170,Scopus,2026-10-07T09:40:17.609459+00:00,65,52,20261007,development,True,True,4
85016198431,J10,Journal of Marketing Research,Business,2017,10.1509/jmr.14.0364,Return on service amenities,85016198431,https://doi.org/10.1509/jmr.14.0364,Scopus,2026-10-07T09:40:18.049026+00:00,61,3,20261007,development,True,True,4
85071592256,J10,Journal of Marketing Research,Business,2018,10.1177/0022243718811848,"Misresponse to Survey Questions: A Conceptual Framework and Empirical Test of the Effects of Reversals, Negations, and Polar Opposite Core Concepts",85071592256,https://doi.org/10.1177/0022243718811848,Scopus,2026-10-07T09:40:18.793866+00:00,56,52,20261007,development,True,True,3
85079506558,J10,Journal of Marketing Research,Business,2019,10.1177/0022243718823169,Optimal Design of Free Samples for Digital Products and Services,85079506558,https://doi.org/10.1177/0022243718823169,Scopus,2026-10-07T09:40:19.960307+00:00,60,24,20261007,development,True,True,3
85083775477,J10,Journal of Marketing Research,Business,2020,10.1177/0022243719889028,The Differential Effect of Local–Global Identity Among Males and Females: The Case of Price Sensitivity,85083775477,https://doi.org/10.1177/0022243719889028,Scopus,2026-10-07T09:40:19.752273+00:00,58,1,20261007,development,True,True,3
85105439697,J10,Journal of Marketing Research,Business,2021,10.1177/00222437211002818,Navigating Shared Consumption Experiences: Clarity About a Partner’s Interests Increases Enjoyment,85105439697,https://doi.org/10.1177/00222437211002818,Scopus,2026-10-07T09:40:20.314803+00:00,59,28,20261007,development,True,True,4
85128452984,J10,Journal of Marketing Research,Business,2022,10.1177/00222437211059088,Bayesian Consumer Profiling: How to Estimate Consumer Characteristics from Aggregate Data,85128452984,https://doi.org/10.1177/00222437211059088,Scopus,2026-10-07T09:40:21.047928+00:00,63,34,20261007,development,True,True,2
85161055864,J10,Journal of Marketing Research,Business,2023,10.1177/00222437221131568,Lobbying and Product Recalls: A Study of the U.S. Automobile Industry,85161055864,https://doi.org/10.1177/00222437221131568,Scopus,2026-10-07T09:40:22.089769+00:00,59,37,20261007,development,True,True,2
85196254925,J10,Journal of Marketing Research,Business,2024,10.1177/00222437241255650,Paying with Money or Paying with Points: How Variable Versus Fixed Exchange Rates Influence Loyalty Point Redemption,85196254925,https://doi.org/10.1177/00222437241255650,Scopus,2026-10-07T09:40:22.113662+00:00,59,40,20261007,holdout,True,True,2
105019547020,J10,Journal of Marketing Research,Business,2025,10.1177/00222437251350150,How Fatal School Shootings Impact a Community's Consumption,105019547020,https://doi.org/10.1177/00222437251350150,Scopus,2026-10-07T09:40:22.553846+00:00,61,59,20261007,holdout,True,True,5
84955630232,J11,Journal of Organizational Behavior,Business,2016,10.1002/job.2046,Development of a new scale to measure subjective career success: A mixed-methods study,84955630232,https://doi.org/10.1002/job.2046,Scopus,2026-10-07T09:40:23.316712+00:00,74,1,20261007,development,True,True,5
84994645666,J11,Journal of Organizational Behavior,Business,2017,10.1002/job.2128,The sound of cooperation: Musical influences on cooperative behavior,84994645666,https://doi.org/10.1002/job.2128,Scopus,2026-10-07T09:40:24.191710+00:00,67,15,20261007,development,True,True,4
85054174816,J11,Journal of Organizational Behavior,Business,2018,10.1002/job.2274,The effect of economic consequences on social judgment and choice: Reward interdependence and the preference for sociability versus competence,85054174816,https://doi.org/10.1002/job.2274,Scopus,2026-10-07T09:40:24.300506+00:00,74,53,20261007,development,True,True,2
85063693006,J11,Journal of Organizational Behavior,Business,2019,10.1002/job.2366,"Predicting retail shrink from performance pressure, ethical leader behavior, and store-level incivility",85063693006,https://doi.org/10.1002/job.2366,Scopus,2026-10-07T09:40:25.047856+00:00,60,34,20261007,holdout,True,True,3
85081925598,J11,Journal of Organizational Behavior,Business,2020,10.1002/job.2437,Empirical analysis of shared leadership promotion and team creativity: An adaptive leadership perspective,85081925598,https://doi.org/10.1002/job.2437,Scopus,2026-10-07T09:40:25.562758+00:00,45,19,20261007,development,True,True,3
85104156477,J11,Journal of Organizational Behavior,Business,2021,10.1002/job.2518,Host country nationals' interaction adjustment as a social exchange: A theoretical model,85104156477,https://doi.org/10.1002/job.2518,Scopus,2026-10-07T09:40:26.548616+00:00,62,29,20261007,development,True,True,2
85124454638,J11,Journal of Organizational Behavior,Business,2022,10.1002/job.2605,Where does the heart lie? A multistage process model of entrepreneurial passion and role identity management,85124454638,https://doi.org/10.1002/job.2605,Scopus,2026-10-07T09:40:26.651821+00:00,75,72,20261007,development,True,True,4
85139641109,J11,Journal of Organizational Behavior,Business,2023,10.1002/job.2662,The power of reflection for would-be leaders: Investigating individual work reflection and its impact on leadership in teams,85139641109,https://doi.org/10.1002/job.2662,Scopus,2026-10-07T09:40:27.497703+00:00,63,3,20261007,development,True,True,3
85195589543,J11,Journal of Organizational Behavior,Business,2024,10.1002/job.2814,Adopting Underdogs' Ideas Triggers Fairness? When and How Underachievers' Voice Endorsement Promotes Team Voice,85195589543,https://doi.org/10.1002/job.2814,Scopus,2026-10-07T09:40:27.815466+00:00,64,51,20261007,development,True,True,6
85215296410,J11,Journal of Organizational Behavior,Business,2025,10.1002/job.2856,Navigating AI Convergence in Human–Artificial Intelligence Teams: A Signaling Theory Approach,85215296410,https://doi.org/10.1002/job.2856,Scopus,2026-10-07T09:40:29.035993+00:00,76,15,20261007,holdout,True,True,4
84989885945,J12,Organizational Behavior and Human Decision Processes,Business,2016,10.1016/j.obhdp.2015.11.004,Bounded awareness: Implications for ethical decision making,84989885945,https://doi.org/10.1016/j.obhdp.2015.11.004,Scopus,2026-10-07T09:40:28.891472+00:00,46,24,20261007,holdout,True,True,2
85033438973,J12,Organizational Behavior and Human Decision Processes,Business,2017,10.1016/j.obhdp.2017.05.002,“I can't pay more” versus “It's not worth more”: Divergent effects of constraint and disparagement rationales in negotiations,85033438973,https://doi.org/10.1016/j.obhdp.2017.05.002,Scopus,2026-10-07T09:40:29.678269+00:00,40,22,20261007,development,True,True,2
85045473553,J12,Organizational Behavior and Human Decision Processes,Business,2018,10.1016/j.obhdp.2018.04.001,Effects of group-discussion integrative complexity on intergroup relations in a social dilemma,85045473553,https://doi.org/10.1016/j.obhdp.2018.04.001,Scopus,2026-10-07T09:40:30.071058+00:00,52,20,20261007,development,True,False,2
85072278361,J12,Organizational Behavior and Human Decision Processes,Business,2019,10.1016/j.obhdp.2019.09.003,"Supervisory consequences of abusive supervision: An investigation of sense of power, managerial self-efficacy, and task-oriented leadership behavior",85072278361,https://doi.org/10.1016/j.obhdp.2019.09.003,Scopus,2026-10-07T09:40:31.344877+00:00,50,41,20261007,development,True,True,6
85084062543,J12,Organizational Behavior and Human Decision Processes,Business,2020,10.1016/j.obhdp.2020.03.011,Conversational receptiveness: Improving engagement with opposing views,85084062543,https://doi.org/10.1016/j.obhdp.2020.03.011,Scopus,2026-10-07T09:40:31.376462+00:00,77,39,20261007,development,True,True,5
85061576567,J12,Organizational Behavior and Human Decision Processes,Business,2021,10.1016/j.obhdp.2019.02.001,"Active choice, implicit defaults, and the incentive to choose",85061576567,https://doi.org/10.1016/j.obhdp.2019.02.001,Scopus,2026-10-07T09:40:31.895240+00:00,83,20,20261007,development,True,True,4
85137412610,J12,Organizational Behavior and Human Decision Processes,Business,2022,10.1016/j.obhdp.2022.104186,Who do they think they are?: A social-cognitive account of gender differences in social sexual identity and behavior at work,85137412610,https://doi.org/10.1016/j.obhdp.2022.104186,Scopus,2026-10-07T09:40:32.540318+00:00,59,49,20261007,holdout,True,True,3
85144467750,J12,Organizational Behavior and Human Decision Processes,Business,2023,10.1016/j.obhdp.2022.104211,Cheating constraint decisions and discrimination against workers with lower financial standing,85144467750,https://doi.org/10.1016/j.obhdp.2022.104211,Scopus,2026-10-07T09:40:33.447195+00:00,32,2,20261007,development,True,True,3
85186540799,J12,Organizational Behavior and Human Decision Processes,Business,2024,10.1016/j.obhdp.2024.104319,But what if I lose the offer? Negotiators’ inflated perception of their likelihood of jeopardizing a deal,85186540799,https://doi.org/10.1016/j.obhdp.2024.104319,Scopus,2026-10-07T09:40:33.798859+00:00,31,9,20261007,development,True,True,3
105005938870,J12,Organizational Behavior and Human Decision Processes,Business,2025,10.1016/j.obhdp.2025.104417,The double-edged sword of endorsing external ideas: Juggling competitive advantage and organizational compatibility concerns,105005938870,https://doi.org/10.1016/j.obhdp.2025.104417,Scopus,2026-10-07T09:40:34.092403+00:00,25,14,20261007,development,True,True,3
84983542756,J13,American Educational Research Journal,Education,2016,10.3102/0002831216653206,"Easy in, Easy out: Are Alternatively Certified Teachers Turning Over at Increased Rates?",84983542756,https://doi.org/10.3102/0002831216653206,Scopus,2026-10-07T09:40:34.807462+00:00,55,35,20261007,development,True,True,2
85036528159,J13,American Educational Research Journal,Education,2017,10.3102/0002831217717949,Cognitive Validity: Can Multiple-Choice Items Tap Historical Thinking Processes?,85036528159,https://doi.org/10.3102/0002831217717949,Scopus,2026-10-07T09:40:35.700236+00:00,52,51,20261007,development,True,True,1
85041632859,J13,American Educational Research Journal,Education,2018,10.3102/0002831217746107,When Job Training Is Not Enough: The Cultivation of Social Capital in Career Academies,85041632859,https://doi.org/10.3102/0002831217746107,Scopus,2026-10-07T09:40:35.892998+00:00,38,12,20261007,holdout,True,True,2
85059682760,J13,American Educational Research Journal,Education,2019,10.3102/0002831218822066,"An Ethnographic Account of Educational Landscape in Pakistan: Myths, Trends, and Commitments",85059682760,https://doi.org/10.3102/0002831218822066,Scopus,2026-10-07T09:40:36.199628+00:00,73,34,20261007,development,True,True,1
85081615356,J13,American Educational Research Journal,Education,2020,10.3102/0002831220908848,“We’re in This Together”: Bridging and Bonding Social Capital in Elementary School PTOs,85081615356,https://doi.org/10.3102/0002831220908848,Scopus,2026-10-07T09:40:36.941773+00:00,67,60,20261007,development,True,True,5
85092593857,J13,American Educational Research Journal,Education,2021,10.3102/0002831220963874,The Intergenerational Transmission of Teaching,85092593857,https://doi.org/10.3102/0002831220963874,Scopus,2026-10-07T09:40:37.808676+00:00,36,17,20261007,development,True,True,2
85125665553,J13,American Educational Research Journal,Education,2022,10.3102/00028312221078579,“I Just Didn’t Want to Risk It”: How Perceptions of Risk Motivate Charter School Choice Among Latinx Parents,85125665553,https://doi.org/10.3102/00028312221078579,Scopus,2026-10-07T09:40:38.150740+00:00,35,20,20261007,development,True,True,1
85153598685,J13,American Educational Research Journal,Education,2023,10.3102/00028312231165909,Changing Lanes: Relational Dispositions That Fuel Community Science Learning,85153598685,https://doi.org/10.3102/00028312231165909,Scopus,2026-10-07T09:40:38.454433+00:00,35,14,20261007,development,True,True,7
85185928194,J13,American Educational Research Journal,Education,2024,10.3102/00028312241228837,Invisible Policy Brokers: The Political Roles of Interpreters in Educational Policy Negotiations With Language Minoritized Mothers,85185928194,https://doi.org/10.3102/00028312241228837,Scopus,2026-10-07T09:40:39.208991+00:00,35,15,20261007,holdout,True,True,1
105002570150,J13,American Educational Research Journal,Education,2025,10.3102/00028312241296102,Improving Ninth Graders’ Academic Outcomes Through Personalization for Academic and Social-Emotional Learning (PASL),105002570150,https://doi.org/10.3102/00028312241296102,Scopus,2026-10-07T09:40:40.026476+00:00,34,9,20261007,development,True,True,5
84965173282,J14,Computers and Education,Education,2016,10.1016/j.compedu.2016.04.013,"The effects of high/low interactive electronic storybooks on elementary school students' reading motivation, story comprehension and chromatics concepts",84965173282,https://doi.org/10.1016/j.compedu.2016.04.013,Scopus,2026-10-07T09:40:40.373300+00:00,160,113,20261007,development,True,True,4
85018430225,J14,Computers and Education,Education,2017,10.1016/j.compedu.2017.04.012,"On the quest for validity: Testing the factor structure and measurement invariance of the technology-dimensions in the Technological, Pedagogical, and Content Knowledge (TPACK) model",85018430225,https://doi.org/10.1016/j.compedu.2017.04.012,Scopus,2026-10-07T09:40:40.855823+00:00,147,86,20261007,development,True,True,3
85042666163,J14,Computers and Education,Education,2018,10.1016/j.compedu.2017.10.002,The influence of Gesture-Based Learning System (GBLS) on Learning Outcomes,85042666163,https://doi.org/10.1016/j.compedu.2017.10.002,Scopus,2026-10-07T09:40:41.385842+00:00,212,24,20261007,development,True,True,3
85067959303,J14,Computers and Education,Education,2019,10.1016/j.compedu.2019.05.012,"More confusion and frustration, better learning: The impact of erroneous examples",85067959303,https://doi.org/10.1016/j.compedu.2019.05.012,Scopus,2026-10-07T09:40:42.306721+00:00,198,161,20261007,holdout,True,True,8
85072174691,J14,Computers and Education,Education,2020,10.1016/j.compedu.2019.103691,"Scripts and mastery goal orientation in face-to-face versus computer-mediated collaborative learning: Influence on performance, affective and motivational outcomes, and social ability",85072174691,https://doi.org/10.1016/j.compedu.2019.103691,Scopus,2026-10-07T09:40:42.521021+00:00,226,4,20261007,holdout,True,True,1
85100761730,J14,Computers and Education,Education,2021,10.1016/j.compedu.2021.104155,Exploring empathy in cyberbullying with serious games,85100761730,https://doi.org/10.1016/j.compedu.2021.104155,Scopus,2026-10-07T09:40:43.206165+00:00,185,91,20261007,development,True,True,7
85121967089,J14,Computers and Education,Education,2022,10.1016/j.compedu.2021.104410,Classroom management competency enhancement for student teachers using a fully immersive virtual classroom,85121967089,https://doi.org/10.1016/j.compedu.2021.104410,Scopus,2026-10-07T09:40:43.531538+00:00,180,44,20261007,development,True,True,6
85147251054,J14,Computers and Education,Education,2023,10.1016/j.compedu.2023.104740,Technological pedagogical content ethical knowledge (TPCEK): The development of an assessment instrument for pre-service teachers,85147251054,https://doi.org/10.1016/j.compedu.2023.104740,Scopus,2026-10-07T09:40:44.548907+00:00,163,56,20261007,development,True,True,2
85185333596,J14,Computers and Education,Education,2024,10.1016/j.compedu.2024.105003,Educational digital inequality: A meta-analysis of the relationship between digital device use and academic performance in adolescents,85185333596,https://doi.org/10.1016/j.compedu.2024.105003,Scopus,2026-10-07T09:40:44.649740+00:00,114,28,20261007,development,True,True,4
85208300309,J14,Computers and Education,Education,2025,10.1016/j.compedu.2024.105185,Advancing a Practical Inquiry Model with multi-perspective role-playing to foster critical thinking behavior in e-book reading,85208300309,https://doi.org/10.1016/j.compedu.2024.105185,Scopus,2026-10-07T09:40:45.290638+00:00,149,8,20261007,development,True,True,5
84951757726,J15,Contemporary Educational Psychology,Education,2016,10.1016/j.cedpsych.2015.11.003,What makes rubrics effective in teacher-feedback? Transparency of learning goals is not enough,84951757726,https://doi.org/10.1016/j.cedpsych.2015.11.003,Scopus,2026-10-07T09:40:45.854040+00:00,40,2,20261007,development,True,True,5
84954288244,J15,Contemporary Educational Psychology,Education,2017,10.1016/j.cedpsych.2015.11.002,Identifying learning difficulties with fractions: A longitudinal study of student growth from third through sixth grade,84954288244,https://doi.org/10.1016/j.cedpsych.2015.11.002,Scopus,2026-10-07T09:40:46.677774+00:00,86,43,20261007,development,True,True,3
85041400976,J15,Contemporary Educational Psychology,Education,2018,10.1016/j.cedpsych.2018.01.004,Faculty members’ motivation for teaching and best practices: Testing a model based on self-determination theory across institution types,85041400976,https://doi.org/10.1016/j.cedpsych.2018.01.004,Scopus,2026-10-07T09:40:47.408730+00:00,59,16,20261007,holdout,True,True,4
85072948161,J15,Contemporary Educational Psychology,Education,2019,10.1016/j.cedpsych.2019.101800,Trajectories of implicit theories and their relations to scholastic aptitude: A mediational role of achievement goals,85072948161,https://doi.org/10.1016/j.cedpsych.2019.101800,Scopus,2026-10-07T09:40:47.542497+00:00,85,75,20261007,development,True,True,2
85091519159,J15,Contemporary Educational Psychology,Education,2020,10.1016/j.cedpsych.2020.101893,Teacher Perceptions of Learning Motivation and Classroom Behavior: The Role of Student Characteristics,85091519159,https://doi.org/10.1016/j.cedpsych.2020.101893,Scopus,2026-10-07T09:40:48.116446+00:00,71,61,20261007,development,True,True,3
85100633343,J15,Contemporary Educational Psychology,Education,2021,10.1016/j.cedpsych.2021.101951,The role of state and trait motivational regulation for procrastinatory behavior in academic contexts: Insights from two diary studies,85100633343,https://doi.org/10.1016/j.cedpsych.2021.101951,Scopus,2026-10-07T09:40:48.939106+00:00,63,21,20261007,holdout,True,True,3
85132656233,J15,Contemporary Educational Psychology,Education,2022,10.1016/j.cedpsych.2022.102072,Motivating by measuring motivation? Examining reactivity in a diary study on student motivation,85132656233,https://doi.org/10.1016/j.cedpsych.2022.102072,Scopus,2026-10-07T09:40:49.669997+00:00,72,36,20261007,development,True,True,2
85147870807,J15,Contemporary Educational Psychology,Education,2023,10.1016/j.cedpsych.2023.102162,How do students’ achievement goals relate to learning from well-designed instructional videos and subsequent exam performance?,85147870807,https://doi.org/10.1016/j.cedpsych.2023.102162,Scopus,2026-10-07T09:40:49.758522+00:00,82,43,20261007,development,True,True,8
85204501156,J15,Contemporary Educational Psychology,Education,2024,10.1016/j.cedpsych.2024.102314,Teacher-Parent academic support profiles: Links to Children's task persistence in Grades 2 and 3,85204501156,https://doi.org/10.1016/j.cedpsych.2024.102314,Scopus,2026-10-07T09:40:50.512240+00:00,58,50,20261007,development,True,True,4
85215438300,J15,Contemporary Educational Psychology,Education,2025,10.1016/j.cedpsych.2025.102336,"What we learn in school, we learn for life: Learning opportunities as moderators of the relationship between prior knowledge and learning in post-school contexts",85215438300,https://doi.org/10.1016/j.cedpsych.2025.102336,Scopus,2026-10-07T09:40:51.069204+00:00,67,6,20261007,development,True,True,7
85007190014,J16,Educational Researcher,Education,2016,10.3102/0013189x16683402,Fostering Political Interest Among Youth During the 2012 Presidential Election: Instructional Opportunities and Challenges in a Swing State,85007190014,https://doi.org/10.3102/0013189x16683402,Scopus,2026-10-07T09:40:51.968726+00:00,41,39,20261007,development,True,True,3
85038582228,J16,Educational Researcher,Education,2017,10.3102/0013189x17738737,"Queer and Trans Youth, Relational Subjectivity, and Uncertain Possibilities: Challenging Research in Complicated Contexts",85038582228,https://doi.org/10.3102/0013189x17738737,Scopus,2026-10-07T09:40:52.153329+00:00,39,34,20261007,development,True,True,1
85041324831,J16,Educational Researcher,Education,2018,10.3102/0013189x17738746,Sex Differences in Doctoral Student Publication Rates,85041324831,https://doi.org/10.3102/0013189x17738746,Scopus,2026-10-07T09:40:52.930712+00:00,37,2,20261007,development,True,True,3
85074290294,J16,Educational Researcher,Education,2019,10.3102/0013189x19867941,Racial and Ethnic Discrimination in the Labor Market for Child Care Teachers,85074290294,https://doi.org/10.3102/0013189x19867941,Scopus,2026-10-07T09:40:53.320086+00:00,45,33,20261007,development,True,True,2
85087077629,J16,Educational Researcher,Education,2020,10.3102/0013189x20935039,Policies That Define Instruction: A Systematic Review of States’ and Districts’ Recommendations for Evaluating Special Educators,85087077629,https://doi.org/10.3102/0013189x20935039,Scopus,2026-10-07T09:40:54.187102+00:00,50,49,20261007,holdout,True,True,2
85115710111,J16,Educational Researcher,Education,2021,10.3102/0013189x211048840,All States Close but Red Districts Reopen: The Politics of In-Person Schooling During the COVID-19 Pandemic,85115710111,https://doi.org/10.3102/0013189x211048840,Scopus,2026-10-07T09:41:00.273365+00:00,54,46,20261007,development,True,True,4
85125218586,J16,Educational Researcher,Education,2022,10.3102/0013189x221081853,The Segregation of Students by Income in Public Schools,85125218586,https://doi.org/10.3102/0013189x221081853,Scopus,2026-10-07T09:40:55.079710+00:00,51,20,20261007,development,True,True,2
85143631240,J16,Educational Researcher,Education,2023,10.3102/0013189x221139292,How Do U.S. Colleges and Universities Help Students Address Basic Needs? A National Inventory of Resources for Food and Housing Insecurity,85143631240,https://doi.org/10.3102/0013189x221139292,Scopus,2026-10-07T09:40:55.639627+00:00,54,8,20261007,development,True,True,4
85186452943,J16,Educational Researcher,Education,2024,10.3102/0013189x241228824,"Out-of-School Time Programs in the United States in an Era of Racial Reckoning: Insights on Equity From Practitioners, Scholars, Policy Influencers, and Young People",85186452943,https://doi.org/10.3102/0013189x241228824,Scopus,2026-10-07T09:40:56.571281+00:00,40,19,20261007,holdout,True,True,5
105003188868,J16,Educational Researcher,Education,2025,10.3102/0013189x251321448,Countering Racialized Logics About Black Students and School Attendance,105003188868,https://doi.org/10.3102/0013189x251321448,Scopus,2026-10-07T09:40:57.468598+00:00,41,18,20261007,development,True,True,3
84984652706,J17,Exceptional Children,Education,2016,10.1177/0014402915619419,English learner and non-English learner students with disabilities: Content acquisition and comprehension,84984652706,https://doi.org/10.1177/0014402915619419,Scopus,2026-10-07T09:40:58.154677+00:00,21,13,20261007,development,True,False,5
85032205600,J17,Exceptional Children,Education,2017,10.1177/0014402917690729,"Too stressed to teach? Teaching quality, student engagement, and IEP outcomes",85032205600,https://doi.org/10.1177/0014402917690729,Scopus,2026-10-07T09:40:59.989334+00:00,23,17,20261007,development,True,False,4
85047438205,J17,Exceptional Children,Education,2018,10.1177/0014402918772791,Evaluating the effects of supplemental reading intervention within an MTSS or RTI reading reform initiative using a regression discontinuity design,85047438205,https://doi.org/10.1177/0014402918772791,Scopus,2026-10-07T09:40:59.770353+00:00,23,13,20261007,development,True,False,8
85052582029,J17,Exceptional Children,Education,2019,10.1177/0014402918789162,Racing Against the Vocabulary Gap: Matthew Effects in Early Vocabulary Instruction and Intervention,85052582029,https://doi.org/10.1177/0014402918789162,Scopus,2026-10-07T09:41:01.610645+00:00,20,6,20261007,holdout,True,False,6
85085369805,J17,Exceptional Children,Education,2020,10.1177/0014402920924851,Paths 2 the Future: Evidence for the Efficacy of a Career Development Intervention for Young Women With Disabilities,85085369805,https://doi.org/10.1177/0014402920924851,Scopus,2026-10-07T09:41:02.137358+00:00,23,22,20261007,development,True,False,5
85106617011,J17,Exceptional Children,Education,2021,10.1177/00144029211017463,A Mixed-Methods Analysis of State-Level Population Data for Students With Visual Impairment and Blindness,85106617011,https://doi.org/10.1177/00144029211017463,Scopus,2026-10-07T09:41:02.266755+00:00,20,16,20261007,holdout,True,False,4
85126000043,J17,Exceptional Children,Education,2022,10.1177/00144029221081092,Predictors of Access to Gifted Education: What Makes for a Successful School?,85126000043,https://doi.org/10.1177/00144029221081092,Scopus,2026-10-07T09:41:02.753572+00:00,22,13,20261007,development,True,True,2
85143585833,J17,Exceptional Children,Education,2023,10.1177/00144029221141029,Quality Indicators of Secondary Data Analyses in Special Education Research: A Preregistration Guide,85143585833,https://doi.org/10.1177/00144029221141029,Scopus,2026-10-07T09:41:03.974299+00:00,19,14,20261007,development,True,False,3
85159724310,J17,Exceptional Children,Education,2024,10.1177/00144029231172175,A Meta-Analysis on Behavioral Support Training and General Education Teacher Implementation,85159724310,https://doi.org/10.1177/00144029231172175,Scopus,2026-10-07T09:41:04.370671+00:00,19,1,20261007,development,True,False,6
105001087073,J17,Exceptional Children,Education,2025,10.1177/00144029251317014,Expanding Literacy: Caregiver Experiences With Literacy Engagement for Their Children With Intellectual and Developmental Disabilities,105001087073,https://doi.org/10.1177/00144029251317014,Scopus,2026-10-07T09:41:04.520421+00:00,17,5,20261007,development,True,True,4
84957650321,J18,Journal of Educational Psychology,Education,2016,10.1037/edu0000114,"Comparing three models of achievement goals: Goal orientations, goal standards, and goal complexes",84957650321,https://doi.org/10.1037/edu0000114,Scopus,2026-10-07T09:41:05.190276+00:00,67,61,20261007,holdout,True,True,2
85000961913,J18,Journal of Educational Psychology,Education,2017,10.1037/edu0000153,"How true is grit? Assessing its relations to high school and college students' personality characteristics, self-regulation, engagement, and achievement",85000961913,https://doi.org/10.1037/edu0000153,Scopus,2026-10-07T09:41:06.269560+00:00,71,43,20261007,development,True,True,4
85021753413,J18,Journal of Educational Psychology,Education,2018,10.1037/edu0000216,"Does writing system influence the associations between phonological awareness, morphological awareness, and reading? A meta-analysis",85021753413,https://doi.org/10.1037/edu0000216,Scopus,2026-10-07T09:41:06.583520+00:00,70,17,20261007,development,True,True,5
85078215910,J18,Journal of Educational Psychology,Education,2019,10.1037/edu0000315,"Effects of parent coaching on filipino children's numeracy, language, and literacy skills",85078215910,https://doi.org/10.1037/edu0000315,Scopus,2026-10-07T09:41:23.893066+00:00,89,65,20261007,development,True,True,4
85065675882,J18,Journal of Educational Psychology,Education,2020,10.1037/edu0000369,Kindergarten domain-specific and domain-general cognitive precursors of hierarchical mathematical development: A longitudinal study,85065675882,https://doi.org/10.1037/edu0000369,Scopus,2026-10-07T09:41:07.495016+00:00,109,10,20261007,development,True,True,4
85119300911,J18,Journal of Educational Psychology,Education,2021,10.1037/edu0000704,Too Anxious to Be Confident? A Panel Longitudinal Study Into the Interplay of Mathematics Anxiety and Metacognitive Monitoring in Arithmetic Achievement,85119300911,https://doi.org/10.1037/edu0000704,Scopus,2026-10-07T09:41:08.581509+00:00,114,67,20261007,development,True,True,3
85140772410,J18,Journal of Educational Psychology,Education,2022,10.1037/edu0000764,Effects of Computer-Based Feedback on Lower and Higher-Order Learning Outcomes: A Network Meta-Analysis,85140772410,https://doi.org/10.1037/edu0000764,Scopus,2026-10-07T09:41:08.755235+00:00,102,95,20261007,development,True,True,3
85181213737,J18,Journal of Educational Psychology,Education,2023,10.1037/edu0000833,Student Engagement and Its Association With Academic Achievement and Subjective Well-Being: A Systematic Review and Meta-Analysis,85181213737,https://doi.org/10.1037/edu0000833,Scopus,2026-10-07T09:41:09.808694+00:00,57,43,20261007,holdout,True,True,4
85189334970,J18,Journal of Educational Psychology,Education,2024,10.1037/edu0000821,Static Versus Dynamic Representational and Decorative Pictures in Mathematical Word Problems: Less Might Be More,85189334970,https://doi.org/10.1037/edu0000821,Scopus,2026-10-07T09:41:10.970268+00:00,75,25,20261007,development,True,True,4
105026014185,J18,Journal of Educational Psychology,Education,2025,10.1037/edu0000981,Teachers metamotivational knowledge about students achievement goals.,105026014185,https://doi.org/10.1037/edu0000981,Scopus,2026-10-07T09:41:11.248022+00:00,57,25,20261007,development,True,True,4
84977654605,J19,Learning and Instruction,Education,2016,10.1016/j.learninstruc.2016.06.007,Relations between the worked example and generation effects on immediate and delayed tests,84977654605,https://doi.org/10.1016/j.learninstruc.2016.06.007,Scopus,2026-10-07T09:47:12.529811+00:00,58,49,20261007,development,True,True,3
85006814764,J19,Learning and Instruction,Education,2017,10.1016/j.learninstruc.2016.12.004,Instructional influences on English language learners' storytelling,85006814764,https://doi.org/10.1016/j.learninstruc.2016.12.004,Scopus,2026-10-07T09:47:12.793105+00:00,73,28,20261007,development,True,True,13
85030457527,J19,Learning and Instruction,Education,2018,10.1016/j.learninstruc.2017.09.008,Learning by enacting: The role of embodiment in chemistry education,85030457527,https://doi.org/10.1016/j.learninstruc.2017.09.008,Scopus,2026-10-07T09:47:12.783311+00:00,87,31,20261007,development,True,True,3
85060154487,J19,Learning and Instruction,Education,2019,10.1016/j.learninstruc.2018.11.005,"Expectancy of success, attainment value, engagement, and Achievement: A moderated mediation analysis",85060154487,https://doi.org/10.1016/j.learninstruc.2018.11.005,Scopus,2026-10-07T09:47:12.708696+00:00,73,35,20261007,development,True,True,5
85080141781,J19,Learning and Instruction,Education,2020,10.1016/j.learninstruc.2020.101311,Fourth graders’ adaptive strategy use in solving multidigit subtraction problems,85080141781,https://doi.org/10.1016/j.learninstruc.2020.101311,Scopus,2026-10-07T09:47:14.743246+00:00,55,32,20261007,development,True,True,1
85089951425,J19,Learning and Instruction,Education,2021,10.1016/j.learninstruc.2020.101371,Early science learning: The effects of teacher talk,85089951425,https://doi.org/10.1016/j.learninstruc.2020.101371,Scopus,2026-10-07T09:47:15.180167+00:00,84,3,20261007,development,False,False,6
85133709576,J19,Learning and Instruction,Education,2022,10.1016/j.learninstruc.2022.101649,Exploring the within-person contemporaneous network of motivational engagement,85133709576,https://doi.org/10.1016/j.learninstruc.2022.101649,Scopus,2026-10-07T09:47:15.217518+00:00,96,64,20261007,development,True,True,8
85147804759,J19,Learning and Instruction,Education,2023,10.1016/j.learninstruc.2023.101734,Differential prospective relationships of social-oriented and individual-oriented achievement motivations with achievement goals and affective wellbeing: A 1-year follow-up study,85147804759,https://doi.org/10.1016/j.learninstruc.2023.101734,Scopus,2026-10-07T09:47:15.184811+00:00,76,31,20261007,holdout,True,True,4
85170274931,J19,Learning and Instruction,Education,2024,10.1016/j.learninstruc.2023.101829,Does changing learning environments affect student motivation?,85170274931,https://doi.org/10.1016/j.learninstruc.2023.101829,Scopus,2026-10-07T09:47:17.120714+00:00,128,1,20261007,holdout,True,True,2
85215859463,J19,Learning and Instruction,Education,2025,10.1016/j.learninstruc.2025.102083,Enhancing students’ content and language development: Implications for researching multilingualism in CLIL classroom context,85215859463,https://doi.org/10.1016/j.learninstruc.2025.102083,Scopus,2026-10-07T09:47:17.794629+00:00,178,58,20261007,development,True,True,3
84994228690,J20,Child Development,Psychology,2016,10.1111/cdev.12637,What You Want Versus What's Good for You: Paternalistic Motivation in Children's Helping Behavior,84994228690,https://doi.org/10.1111/cdev.12637,Scopus,2026-10-07T09:41:20.467672+00:00,137,133,20261007,development,True,False,3
85013155727,J20,Child Development,Psychology,2017,10.1111/cdev.12708,Neural Oscillation Reveals Deficits in Visuospatial Working Memory in Children With Developmental Coordination Disorder,85013155727,https://doi.org/10.1111/cdev.12708,Scopus,2026-10-07T09:41:21.835867+00:00,148,125,20261007,development,True,False,4
85049958210,J20,Child Development,Psychology,2018,10.1111/cdev.12756,Emotional Feeding and Emotional Eating: Reciprocal Processes and the Influence of Negative Affectivity,85049958210,https://doi.org/10.1111/cdev.12756,Scopus,2026-10-07T09:41:23.939384+00:00,190,98,20261007,holdout,True,False,5
85053192496,J20,Child Development,Psychology,2019,10.1111/cdev.13133,Subjective Well-Being Decreasing With Age: New Research on Children Over 8,85053192496,https://doi.org/10.1111/cdev.13133,Scopus,2026-10-07T09:41:23.570708+00:00,192,44,20261007,development,True,False,2
85088478192,J20,Child Development,Psychology,2020,10.1111/cdev.13380,Cognitive Stimulation at Home and in Child Care and Children’s Preacademic Skills in Two-Parent Families,85088478192,https://doi.org/10.1111/cdev.13380,Scopus,2026-10-07T09:41:24.326994+00:00,207,158,20261007,development,True,False,5
85105947095,J20,Child Development,Psychology,2021,10.1111/cdev.13573,Maternal Judgments of Child Numeracy and Reading Ability Predict Gains in Academic Achievement and Interest,85105947095,https://doi.org/10.1111/cdev.13573,Scopus,2026-10-07T09:41:26.052670+00:00,232,156,20261007,development,True,False,5
85132045387,J20,Child Development,Psychology,2022,10.1111/cdev.13812,White adolescents' racial contexts: Associations with critical action,85132045387,https://doi.org/10.1111/cdev.13812,Scopus,2026-10-07T09:41:26.175205+00:00,158,143,20261007,development,True,False,3
85153605140,J20,Child Development,Psychology,2023,10.1111/cdev.13920,"Latent profiles of children's shyness: Behavioral, affective, and physiological components",85153605140,https://doi.org/10.1111/cdev.13920,Scopus,2026-10-07T09:41:26.182583+00:00,132,73,20261007,development,True,False,2
85165075045,J20,Child Development,Psychology,2024,10.1111/cdev.13965,The role of accuracy in children's judgments of experts' knowledge,85165075045,https://doi.org/10.1111/cdev.13965,Scopus,2026-10-07T09:41:26.567811+00:00,162,17,20261007,holdout,True,False,2
85211810519,J20,Child Development,Psychology,2025,10.1111/cdev.14206,Positive well-being and dampened emotional reactivity to daily family conflict and family cohesion,85211810519,https://doi.org/10.1111/cdev.14206,Scopus,2026-10-07T09:41:28.558761+00:00,140,30,20261007,development,True,False,2
84964068259,J21,Clinical Psychological Science,Psychology,2016,10.1177/2167702615585302,Is homesickness a mini-grief? Development of a dual process model,84964068259,https://doi.org/10.1177/2167702615585302,Scopus,2026-10-07T09:41:29.067968+00:00,84,0,20261007,development,True,True,3
85024089653,J21,Clinical Psychological Science,Psychology,2017,10.1177/2167702616689086,"Does Seasonal Affective Disorder Exist? A Commentary on Traffanstedt, Mehta, and LoBello (2016)",85024089653,https://doi.org/10.1177/2167702616689086,Scopus,2026-10-07T09:41:29.126049+00:00,74,51,20261007,holdout,False,False,1
85053311287,J21,Clinical Psychological Science,Psychology,2018,10.1177/2167702618788863,Maternal Psychosocial Risk Profiles in Pregnancy: Associations With Postpartum Maternal Health and Child Outcomes,85053311287,https://doi.org/10.1177/2167702618788863,Scopus,2026-10-07T09:41:29.193681+00:00,60,59,20261007,development,True,True,6
85075127984,J21,Clinical Psychological Science,Psychology,2019,10.1177/2167702619858425,Social Anxiety and Dynamic Social Reinforcement Learning in a Volatile Environment,85075127984,https://doi.org/10.1177/2167702619858425,Scopus,2026-10-07T09:41:31.171632+00:00,80,69,20261007,development,True,True,4
85091023045,J21,Clinical Psychological Science,Psychology,2020,10.1177/2167702620949156,Trajectories of Distress Following the Great East Japan Earthquake: A Multiwave Prospective Study,85091023045,https://doi.org/10.1177/2167702620949156,Scopus,2026-10-07T09:41:31.475813+00:00,69,66,20261007,development,True,True,5
85102682673,J21,Clinical Psychological Science,Psychology,2021,10.1177/2167702621995761,Adolescents’ Stress Reactions in Response to COVID-19 Pandemic at the Peak of the Outbreak in Italy,85102682673,https://doi.org/10.1177/2167702621995761,Scopus,2026-10-07T09:41:31.671666+00:00,72,28,20261007,development,True,True,3
85107637507,J21,Clinical Psychological Science,Psychology,2022,10.1177/21677026211021975,An Electrocortical Measure Associated With Metarepresentation Mediates the Relationship Between Autism Symptoms and Theory of Mind,85107637507,https://doi.org/10.1177/21677026211021975,Scopus,2026-10-07T09:41:32.026136+00:00,56,11,20261007,holdout,True,True,6
85150432318,J21,Clinical Psychological Science,Psychology,2023,10.1177/21677026221097618,Curiosity Disturbed the Cat: Instagram’s Sensitive-Content Screens Do Not Deter Vulnerable Users From Viewing Distressing Content,85150432318,https://doi.org/10.1177/21677026221097618,Scopus,2026-10-07T09:41:33.793881+00:00,73,21,20261007,development,True,True,3
85170839026,J21,Clinical Psychological Science,Psychology,2024,10.1177/21677026231192271,Trajectories and Personality Predictors of Eating-Pathology Development in Girls From Preadolescence to Adulthood,85170839026,https://doi.org/10.1177/21677026231192271,Scopus,2026-10-07T09:41:34.196540+00:00,67,36,20261007,development,True,True,5
105012277877,J21,Clinical Psychological Science,Psychology,2025,10.1177/09567976251349815,Syntactic and Semantic Gender Biases in the Language on Children’s Television: Evidence From a Corpus of 98 Shows From 1960 to 2018,105012277877,https://doi.org/10.1177/09567976251349815,Scopus,2026-10-07T09:41:34.389714+00:00,69,47,20261007,development,True,True,7
84960496408,J22,Cognition,Psychology,2016,10.1016/j.cognition.2016.03.008,"Some people are ""More Lexical"" than others",84960496408,https://doi.org/10.1016/j.cognition.2016.03.008,Scopus,2026-10-07T09:41:34.737612+00:00,240,116,20261007,development,True,True,3
84995403786,J22,Cognition,Psychology,2017,10.1016/j.cognition.2016.10.012,"Physical attraction to reliable, low variability nervous systems: Reaction time variability predicts attractiveness",84995403786,https://doi.org/10.1016/j.cognition.2016.10.012,Scopus,2026-10-07T09:41:36.187607+00:00,222,7,20261007,development,True,True,4
85052851643,J22,Cognition,Psychology,2018,10.1016/j.cognition.2018.08.015,Implicit updating of object representation via temporal associations,85052851643,https://doi.org/10.1016/j.cognition.2018.08.015,Scopus,2026-10-07T09:41:36.509934+00:00,228,219,20261007,development,True,True,2
85062810880,J22,Cognition,Psychology,2019,10.1016/j.cognition.2019.03.008,Individual differences in the effects of priors on perception: A multi-paradigm approach,85062810880,https://doi.org/10.1016/j.cognition.2019.03.008,Scopus,2026-10-07T09:41:36.888786+00:00,247,97,20261007,holdout,True,True,4
85086009494,J22,Cognition,Psychology,2020,10.1016/j.cognition.2020.104336,The spatial logic of fear,85086009494,https://doi.org/10.1016/j.cognition.2020.104336,Scopus,2026-10-07T09:41:37.092509+00:00,290,214,20261007,holdout,True,True,4
85108162398,J22,Cognition,Psychology,2021,10.1016/j.cognition.2021.104811,The social meaning of common knowledge across development,85108162398,https://doi.org/10.1016/j.cognition.2021.104811,Scopus,2026-10-07T09:41:38.567708+00:00,338,294,20261007,development,True,True,2
85123046307,J22,Cognition,Psychology,2022,10.1016/j.cognition.2022.105025,Categorical perception meets El Greco: Categories unequally influence color perception of simultaneously present objects,85123046307,https://doi.org/10.1016/j.cognition.2022.105025,Scopus,2026-10-07T09:41:39.077579+00:00,253,91,20261007,development,True,True,2
85146150720,J22,Cognition,Psychology,2023,10.1016/j.cognition.2022.105363,Constructing complex social categories under uncertainty,85146150720,https://doi.org/10.1016/j.cognition.2022.105363,Scopus,2026-10-07T09:41:39.576467+00:00,263,84,20261007,development,True,True,4
85200809480,J22,Cognition,Psychology,2024,10.1016/j.cognition.2024.105903,Viewpoint adaptation revealed potential representational differences between 2D images and 3D objects,85200809480,https://doi.org/10.1016/j.cognition.2024.105903,Scopus,2026-10-07T09:41:39.590899+00:00,202,183,20261007,development,True,True,8
105004643068,J22,Cognition,Psychology,2025,10.1016/j.cognition.2025.106135,Medial temporal cortex supports object perception by integrating over visuospatial sequences,105004643068,https://doi.org/10.1016/j.cognition.2025.106135,Scopus,2026-10-07T09:41:41.079909+00:00,234,159,20261007,development,True,True,3
84960156337,J23,European Journal of Personality,Psychology,2016,10.1002/per.2047,The Evil Queen's Dilemma: Linking Narcissistic Admiration and Rivalry to Benign and Malicious Envy,84960156337,https://doi.org/10.1002/per.2047,Scopus,2026-10-07T09:41:43.064222+00:00,38,11,20261007,development,True,True,3
85011928637,J23,European Journal of Personality,Psychology,2017,10.1002/per.2092,Using Indirect Measurement Tasks to Assess the Self-concept of Personality: A Systematic Review and Meta-analyses,85011928637,https://doi.org/10.1002/per.2092,Scopus,2026-10-07T09:41:42.117811+00:00,31,0,20261007,development,True,True,7
85045638852,J23,European Journal of Personality,Psychology,2018,10.1002/per.2142,"Personality, Religion, and Politics: An Investigation in 33 Countries",85045638852,https://doi.org/10.1002/per.2142,Scopus,2026-10-07T09:41:43.087447+00:00,34,5,20261007,holdout,True,True,4
85061937212,J23,European Journal of Personality,Psychology,2019,10.1002/per.2190,Individual Differences in Habitual Social Goals and Daily Well-Being: The Role of Age and Relationship Closeness,85061937212,https://doi.org/10.1002/per.2190,Scopus,2026-10-07T09:41:43.696512+00:00,34,15,20261007,development,True,True,2
85084425815,J23,European Journal of Personality,Psychology,2020,10.1002/per.2252,Moments That Matter? On the Complexity of Using Triggers Based on Skin Conductance to Sample Arousing Events Within an Experience Sampling Framework,85084425815,https://doi.org/10.1002/per.2252,Scopus,2026-10-07T09:41:44.658453+00:00,58,40,20261007,development,True,True,5
85117231538,J23,European Journal of Personality,Psychology,2021,10.1177/08902070211014029,Distinguishing simple and residual consistencies in functionally equivalent and non-equivalent situations: Evidence from experimental and observational longitudinal data,85117231538,https://doi.org/10.1177/08902070211014029,Scopus,2026-10-07T09:41:45.264975+00:00,41,35,20261007,holdout,True,True,4
85116640293,J23,European Journal of Personality,Psychology,2022,10.1177/08902070211016260,Personality change and sustainability attitudes and behaviors,85116640293,https://doi.org/10.1177/08902070211016260,Scopus,2026-10-07T09:41:45.305880+00:00,49,36,20261007,development,True,True,5
85145408758,J23,European Journal of Personality,Psychology,2023,10.1177/08902070211040978,Longitudinal Links Between Self-Esteem and the Importance of Self-Direction Values During Adolescence,85145408758,https://doi.org/10.1177/08902070211040978,Scopus,2026-10-07T09:41:46.086791+00:00,43,0,20261007,development,True,True,4
85185941565,J23,European Journal of Personality,Psychology,2024,10.1177/08902070231174574,Who is healthier? A meta-analysis of the relations between the HEXACO personality domains and health outcomes,85185941565,https://doi.org/10.1177/08902070231174574,Scopus,2026-10-07T09:41:48.004204+00:00,53,13,20261007,development,True,True,3
85213774154,J23,European Journal of Personality,Psychology,2025,10.1177/08902070241235969,"If you were happy and you know it, clap your hands! Testing the peak-end rule for retrospective judgments of well-being in everyday life",85213774154,https://doi.org/10.1177/08902070241235969,Scopus,2026-10-07T09:41:47.339048+00:00,52,0,20261007,development,True,True,7
84973560772,J24,Evolution and Human Behavior,Psychology,2016,10.1016/j.evolhumbehav.2016.05.002,Young children discriminate genuine from fake smiles and expect people displaying genuine smiles to be more prosocial,84973560772,https://doi.org/10.1016/j.evolhumbehav.2016.05.002,Scopus,2026-10-07T09:41:47.558311+00:00,57,47,20261007,development,True,True,3
85006973897,J24,Evolution and Human Behavior,Psychology,2017,10.1016/j.evolhumbehav.2016.09.002,The impact of friend-or-foe cues and survival pressure on trust in the investment game,85006973897,https://doi.org/10.1016/j.evolhumbehav.2016.09.002,Scopus,2026-10-07T09:41:48.759733+00:00,86,24,20261007,holdout,True,True,3
85040022360,J24,Evolution and Human Behavior,Psychology,2018,10.1016/j.evolhumbehav.2017.12.001,"Common knowledge, coordination, and the logic of self-conscious emotions",85040022360,https://doi.org/10.1016/j.evolhumbehav.2017.12.001,Scopus,2026-10-07T09:41:49.915706+00:00,73,28,20261007,development,False,False,3
85063215216,J24,Evolution and Human Behavior,Psychology,2019,10.1016/j.evolhumbehav.2019.01.006,Do ‘watching eyes’ influence antisocial behavior? A systematic review & meta-analysis,85063215216,https://doi.org/10.1016/j.evolhumbehav.2019.01.006,Scopus,2026-10-07T09:41:49.961289+00:00,52,30,20261007,development,True,True,3
85075386029,J24,Evolution and Human Behavior,Psychology,2020,10.1016/j.evolhumbehav.2019.10.007,Paternity confidence and social obligations explain men's allocations to romantic partners in an experimental giving game,85075386029,https://doi.org/10.1016/j.evolhumbehav.2019.10.007,Scopus,2026-10-07T09:41:50.306351+00:00,43,1,20261007,development,True,True,3
85103094982,J24,Evolution and Human Behavior,Psychology,2021,10.1016/j.evolhumbehav.2021.03.004,"High income men have high value as long-term mates in the U.S.: personal income and the probability of marriage, divorce, and childbearing in the U.S.",85103094982,https://doi.org/10.1016/j.evolhumbehav.2021.03.004,Scopus,2026-10-07T09:41:51.016774+00:00,56,41,20261007,development,True,True,1
85133624279,J24,Evolution and Human Behavior,Psychology,2022,10.1016/j.evolhumbehav.2022.05.002,Pathogen threat and intergroup prejudice using the minimal group paradigm: Evidence from a registered report,85133624279,https://doi.org/10.1016/j.evolhumbehav.2022.05.002,Scopus,2026-10-07T09:41:52.379740+00:00,46,35,20261007,development,True,True,4
85146262120,J24,Evolution and Human Behavior,Psychology,2023,10.1016/j.evolhumbehav.2023.01.002,"Evolution is the source, and the undoing, of natural law",85146262120,https://doi.org/10.1016/j.evolhumbehav.2023.01.002,Scopus,2026-10-07T09:41:52.378384+00:00,56,15,20261007,development,True,True,1
85191794805,J24,Evolution and Human Behavior,Psychology,2024,10.1016/j.evolhumbehav.2024.04.009,"Cash, crowds, and cooperation: The effects of population density and resource scarcity on cooperation in the dictator game",85191794805,https://doi.org/10.1016/j.evolhumbehav.2024.04.009,Scopus,2026-10-07T09:41:52.907125+00:00,56,31,20261007,holdout,True,True,3
105017702972,J24,Evolution and Human Behavior,Psychology,2025,10.1016/j.evolhumbehav.2025.106781,Updating evidence on facial metrics: A Bayesian perspective on sexual dimorphism in facial width-to-height ratio and bizygomatic width,105017702972,https://doi.org/10.1016/j.evolhumbehav.2025.106781,Scopus,2026-10-07T09:41:54.750257+00:00,56,52,20261007,development,True,True,5
84958877330,J25,Journal of Applied Psychology,Psychology,2016,10.1037/apl0000048,Gender differences in justice evaluations: Evidence from fMRI,84958877330,https://doi.org/10.1037/apl0000048,Scopus,2026-10-07T09:41:54.783867+00:00,106,20,20261007,development,True,True,6
85017115981,J25,Journal of Applied Psychology,Psychology,2017,10.1037/apl0000219,What happens during annual appraisal interviews? How leader-follower interactions unfold and impact interview outcomes,85017115981,https://doi.org/10.1037/apl0000219,Scopus,2026-10-07T09:41:54.707254+00:00,108,61,20261007,development,True,True,3
85037726668,J25,Journal of Applied Psychology,Psychology,2018,10.1037/apl0000279,The effects of team reflexivity on psychological well-being in manufacturing teams,85037726668,https://doi.org/10.1037/apl0000279,Scopus,2026-10-07T09:41:55.313478+00:00,76,18,20261007,development,True,True,4
85055128434,J25,Journal of Applied Psychology,Psychology,2019,10.1037/apl0000365,The Geneva Emotional competence test (GECo): An ability measure of workplace emotional intelligence,85055128434,https://doi.org/10.1037/apl0000365,Scopus,2026-10-07T09:41:57.110731+00:00,81,41,20261007,development,True,True,2
85075710100,J25,Journal of Applied Psychology,Psychology,2020,10.1037/apl0000458,Anger as a trigger for information search in integrative negotiations,85075710100,https://doi.org/10.1037/apl0000458,Scopus,2026-10-07T09:41:57.093883+00:00,85,58,20261007,holdout,True,True,4
85090309545,J25,Journal of Applied Psychology,Psychology,2021,10.1037/apl0000820,Individualized pay-for-performance arrangements: Peer reactions and consequences.,85090309545,https://doi.org/10.1037/apl0000820,Scopus,2026-10-07T09:41:57.379666+00:00,162,123,20261007,development,True,True,5
85123879387,J25,Journal of Applied Psychology,Psychology,2022,10.1037/apl0000851,Do Financial Incentives Help or Harm Performance in Interesting Tasks?,85123879387,https://doi.org/10.1037/apl0000851,Scopus,2026-10-07T09:41:57.828915+00:00,123,29,20261007,holdout,True,True,3
85183375884,J25,Journal of Applied Psychology,Psychology,2023,10.1037/apl0001160,The Chemistry Between Us: Illuminating Complementarity Patterns in Interpersonal Role-Play Assessment via Moment-to-Moment Analyses,85183375884,https://doi.org/10.1037/apl0001160,Scopus,2026-10-07T09:41:59.219790+00:00,84,70,20261007,development,True,True,2
85195595396,J25,Journal of Applied Psychology,Psychology,2024,10.1037/apl0001190,"Supportive, Resistant, or Both? A Person-Centric View on Employee Responses to Diversity Initiatives",85195595396,https://doi.org/10.1037/apl0001190,Scopus,2026-10-07T09:41:59.487625+00:00,91,35,20261007,development,True,True,6
105000392144,J25,Journal of Applied Psychology,Psychology,2025,10.1037/apl0001268,Combat Poison With “Poison”: Leader-Targeted Negative Team Gossip Mitigates the Detrimental Team Consequences of Abusive Supervision Climate,105000392144,https://doi.org/10.1037/apl0001268,Scopus,2026-10-07T09:41:59.757868+00:00,55,4,20261007,development,True,True,4
84962767042,J26,Journal of Consulting and Clinical Psychology,Psychology,2016,10.1037/ccp0000102,Adding Tools to the Toolbox: The Role of Coping Repertoire in Alcohol Treatment,84962767042,https://doi.org/10.1037/ccp0000102,Scopus,2026-10-07T09:41:59.955219+00:00,101,52,20261007,development,True,True,2
85019419644,J26,Journal of Consulting and Clinical Psychology,Psychology,2017,10.1037/ccp0000177,Randomized controlled trial of Triple P for parents of children with asthma or eczema: Effects on parenting and child behavior,85019419644,https://doi.org/10.1037/ccp0000177,Scopus,2026-10-07T09:42:01.416943+00:00,98,26,20261007,development,True,True,4
85052143005,J26,Journal of Consulting and Clinical Psychology,Psychology,2018,10.1037/ccp0000332,Brief motivational interviewing intervention to reduce alcohol and marijuana use for at-risk adolescents in primary care,85052143005,https://doi.org/10.1037/ccp0000332,Scopus,2026-10-07T09:42:01.862009+00:00,90,62,20261007,development,True,True,6
85059252944,J26,Journal of Consulting and Clinical Psychology,Psychology,2019,10.1037/ccp0000376,Family therapy techniques and one-year clinical outcomes among adolescents in usual care for behavior problems.,85059252944,https://doi.org/10.1037/ccp0000376,Scopus,2026-10-07T09:42:02.081705+00:00,94,30,20261007,development,True,True,3
85077368937,J26,Journal of Consulting and Clinical Psychology,Psychology,2020,10.1037/ccp0000466,Disentangling relationships between bicultural stress and mental well-being among Latinx immigrant adolescents,85077368937,https://doi.org/10.1037/ccp0000466,Scopus,2026-10-07T09:42:02.346048+00:00,80,25,20261007,development,True,False,18
85125553622,J26,Journal of Consulting and Clinical Psychology,Psychology,2021,10.1037/ccp0000672,Personalizing Interventions Using Real-World Interactions: Improving Symptoms and Social Functioning in Schizophrenia With Tailored Metacognitive Therapy,85125553622,https://doi.org/10.1037/ccp0000672,Scopus,2026-10-07T09:42:03.922758+00:00,95,89,20261007,development,True,True,9
85124623159,J26,Journal of Consulting and Clinical Psychology,Psychology,2022,10.1037/ccp0000707,Internet-Based CBT for Somatic Symptom Distress (iSOMA) in Emerging Adults: A Randomized Controlled Trial,85124623159,https://doi.org/10.1037/ccp0000707,Scopus,2026-10-07T09:42:04.098571+00:00,74,41,20261007,development,True,True,7
85147044113,J26,Journal of Consulting and Clinical Psychology,Psychology,2023,10.1037/ccp0000793,Processes of Change in Preventing Alcohol-Exposed Pregnancy: Replication of a Mediation Analysis,85147044113,https://doi.org/10.1037/ccp0000793,Scopus,2026-10-07T09:42:05.619233+00:00,76,33,20261007,development,True,True,4
85188693304,J26,Journal of Consulting and Clinical Psychology,Psychology,2024,10.1037/ccp0000871,Monitoring Emotional Intensity and Variability to Forecast Depression Recurrence in Real Time in Remitted Adults,85188693304,https://doi.org/10.1037/ccp0000871,Scopus,2026-10-07T09:42:04.856179+00:00,64,44,20261007,holdout,True,True,5
105010177233,J26,Journal of Consulting and Clinical Psychology,Psychology,2025,10.1037/ccp0000963,Results of a Positive Affect Intervention for Male Couples: Change Over Time and Effects on Mental Health,105010177233,https://doi.org/10.1037/ccp0000963,Scopus,2026-10-07T09:42:06.355067+00:00,64,29,20261007,holdout,True,True,6
84954533522,J27,Journal of Environmental Psychology,Psychology,2016,10.1016/j.jenvp.2016.01.004,Peripersonal and interpersonal space in virtual and real environments: Effects of gender and age,84954533522,https://doi.org/10.1016/j.jenvp.2016.01.004,Scopus,2026-10-07T09:42:08.109343+00:00,86,14,20261007,development,True,True,6
85017467161,J27,Journal of Environmental Psychology,Psychology,2017,10.1016/j.jenvp.2017.04.004,“Green to be seen” and “brown to keep down”: Visibility moderates the effect of identity on pro-environmental behavior,85017467161,https://doi.org/10.1016/j.jenvp.2017.04.004,Scopus,2026-10-07T09:42:07.389577+00:00,101,41,20261007,development,True,True,3
85053133495,J27,Journal of Environmental Psychology,Psychology,2018,10.1016/j.jenvp.2018.08.007,"Green, greener, greenest: Can competition increase sustainable behavior?",85053133495,https://doi.org/10.1016/j.jenvp.2018.08.007,Scopus,2026-10-07T09:42:07.973748+00:00,75,56,20261007,holdout,True,True,3
85072613550,J27,Journal of Environmental Psychology,Psychology,2019,10.1016/j.jenvp.2019.101351,How often does random assignment fail? Estimates and recommendations,85072613550,https://doi.org/10.1016/j.jenvp.2019.101351,Scopus,2026-10-07T09:42:08.895575+00:00,93,89,20261007,development,True,True,1
85087002041,J27,Journal of Environmental Psychology,Psychology,2020,10.1016/j.jenvp.2020.101445,Viewing a flower image provides automatic recovery effects after psychological stress,85087002041,https://doi.org/10.1016/j.jenvp.2020.101445,Scopus,2026-10-07T09:42:10.902540+00:00,108,41,20261007,development,True,True,3
85103129068,J27,Journal of Environmental Psychology,Psychology,2021,10.1016/j.jenvp.2021.101587,Cleaning up our acts: Psychological interventions to reduce engine idling and improve air quality,85103129068,https://doi.org/10.1016/j.jenvp.2021.101587,Scopus,2026-10-07T09:42:10.442981+00:00,130,36,20261007,holdout,True,True,24
85124947563,J27,Journal of Environmental Psychology,Psychology,2022,10.1016/j.jenvp.2022.101777,From theory to action: Explaining the process of knowledge attitudes and practices regarding the use and disposal of plastic among school children,85124947563,https://doi.org/10.1016/j.jenvp.2022.101777,Scopus,2026-10-07T09:42:10.372021+00:00,140,36,20261007,development,True,True,4
85145299149,J27,Journal of Environmental Psychology,Psychology,2023,10.1016/j.jenvp.2022.101921,BIO-WELL: The development and validation of a human wellbeing scale that measures responses to biodiversity,85145299149,https://doi.org/10.1016/j.jenvp.2022.101921,Scopus,2026-10-07T09:42:11.385636+00:00,177,5,20261007,development,True,True,8
85181260189,J27,Journal of Environmental Psychology,Psychology,2024,10.1016/j.jenvp.2023.102224,Working memory and fluid intelligence are differentially related to categories of urban fabric in older adults: Results from the Berlin aging study,85181260189,https://doi.org/10.1016/j.jenvp.2023.102224,Scopus,2026-10-07T09:42:12.664364+00:00,197,21,20261007,development,True,True,9
105007059585,J27,Journal of Environmental Psychology,Psychology,2025,10.1016/j.jenvp.2025.102639,Restorative psychophysiological effects of biophilic virtual environment,105007059585,https://doi.org/10.1016/j.jenvp.2025.102639,Scopus,2026-10-07T09:42:13.052451+00:00,255,108,20261007,development,True,True,10
84964766219,J28,Journal of Experimental Psychology: General,Psychology,2016,10.1037/xge0000168,"Highly Accurate Prediction of Emotions Surrounding the Attacks of September 11, 2001 Over 1-, 2-, and 7-Year Prediction Intervals",84964766219,https://doi.org/10.1037/xge0000168,Scopus,2026-10-07T09:42:13.391901+00:00,120,48,20261007,development,True,True,5
85011026067,J28,Journal of Experimental Psychology: General,Psychology,2017,10.1037/xge0000259,The accuracy of less: Natural bounds explain why quantity decreases are estimated more accurately than quantity increases,85011026067,https://doi.org/10.1037/xge0000259,Scopus,2026-10-07T09:42:13.926999+00:00,118,12,20261007,development,True,True,2
85057892556,J28,Journal of Experimental Psychology: General,Psychology,2018,10.1037/xge0000524,The consistency of visual attention to losses and loss sensitivity across valuation and choice,85057892556,https://doi.org/10.1037/xge0000524,Scopus,2026-10-07T09:42:15.275356+00:00,112,106,20261007,development,True,True,3
85053284849,J28,Journal of Experimental Psychology: General,Psychology,2019,10.1037/xge0000472,Acute stress throughout the memory cycle: Diverging effects on associative and item memory,85053284849,https://doi.org/10.1037/xge0000472,Scopus,2026-10-07T09:42:15.747677+00:00,138,15,20261007,holdout,True,True,4
85082721697,J28,Journal of Experimental Psychology: General,Psychology,2020,10.1037/xge0000753,Memory's Reflection of Learned Information Value Increases Across Development,85082721697,https://doi.org/10.1037/xge0000753,Scopus,2026-10-07T09:42:16.014604+00:00,170,156,20261007,development,True,True,3
85090584398,J28,Journal of Experimental Psychology: General,Psychology,2021,10.1037/xge0000878,Linking metacognition and mindreading: Evidence from autism and dual-task investigations.,85090584398,https://doi.org/10.1037/xge0000878,Scopus,2026-10-07T09:42:16.570101+00:00,178,121,20261007,development,True,True,5
85134782679,J28,Journal of Experimental Psychology: General,Psychology,2022,10.1037/xge0001250,Algorithmic Discrimination Causes Less Moral Outrage Than Human Discrimination,85134782679,https://doi.org/10.1037/xge0001250,Scopus,2026-10-07T09:42:18.621227+00:00,224,,20261007,holdout,True,True,5
85170231515,J28,Journal of Experimental Psychology: General,Psychology,2023,10.1037/xge0001436,The Role of Political Devotion in Sharing Partisan Misinformation and Resistance to Fact-Checking,85170231515,https://doi.org/10.1037/xge0001436,Scopus,2026-10-07T09:42:18.408634+00:00,186,,20261007,development,True,True,6
85206618776,J28,Journal of Experimental Psychology: General,Psychology,2024,10.1037/xge0001662,Psychological Underpinnings of Partisan Bias in Tie Formation on Social Media,85206618776,https://doi.org/10.1037/xge0001662,Scopus,2026-10-07T09:42:18.604396+00:00,174,,20261007,development,True,True,3
105006802067,J28,Journal of Experimental Psychology: General,Psychology,2025,10.1037/xge0001780,Trait characteristics of midfrontal theta connectivity as a neurocognitive measure of cognitive control and its relation to general cognitive abilities.,105006802067,https://doi.org/10.1037/xge0001780,Scopus,2026-10-07T09:42:19.679940+00:00,168,63,20261007,development,True,True,4
84949921874,J29,Journal of Experimental Social Psychology,Psychology,2016,10.1016/j.jesp.2015.10.010,A lesson in bias: The relationship between implicit racial bias and performance in pedagogical contexts,84949921874,https://doi.org/10.1016/j.jesp.2015.10.010,Scopus,2026-10-07T09:42:20.760200+00:00,75,14,20261007,development,True,True,3
85014967903,J29,Journal of Experimental Social Psychology,Psychology,2017,10.1016/j.jesp.2017.02.006,The Self-Referencing task: Theoretical overview and empirical evidence,85014967903,https://doi.org/10.1016/j.jesp.2017.02.006,Scopus,2026-10-07T09:42:20.765056+00:00,149,93,20261007,development,True,True,4
85048490203,J29,Journal of Experimental Social Psychology,Psychology,2018,10.1016/j.jesp.2018.04.009,About face: Memory for transgender versus cisgender targets' facial appearance,85048490203,https://doi.org/10.1016/j.jesp.2018.04.009,Scopus,2026-10-07T09:42:20.742530+00:00,154,115,20261007,holdout,True,True,4
85059965015,J29,Journal of Experimental Social Psychology,Psychology,2019,10.1016/j.jesp.2019.01.003,Changing impressions: Moral character dominates impression updating,85059965015,https://doi.org/10.1016/j.jesp.2019.01.003,Scopus,2026-10-07T09:42:21.851253+00:00,129,33,20261007,development,True,True,4
85088661562,J29,Journal of Experimental Social Psychology,Psychology,2020,10.1016/j.jesp.2020.104027,Allocating moral responsibility to multiple agents,85088661562,https://doi.org/10.1016/j.jesp.2020.104027,Scopus,2026-10-07T09:42:23.366718+00:00,107,,20261007,development,True,True,5
85092909928,J29,Journal of Experimental Social Psychology,Psychology,2021,10.1016/j.jesp.2020.104079,Fluency in the in-out effect: The role of structural mere exposure effects,85092909928,https://doi.org/10.1016/j.jesp.2020.104079,Scopus,2026-10-07T09:42:23.012147+00:00,116,7,20261007,development,True,True,4
85132775383,J29,Journal of Experimental Social Psychology,Psychology,2022,10.1016/j.jesp.2022.104348,Equating silence with violence: When White Americans feel threatened by anti-racist messages,85132775383,https://doi.org/10.1016/j.jesp.2022.104348,Scopus,2026-10-07T09:42:23.247460+00:00,122,,20261007,holdout,True,True,3
85149638072,J29,Journal of Experimental Social Psychology,Psychology,2023,10.1016/j.jesp.2023.104457,When more is less: Self-control strategies are seen as less indicative of self-control than just willpower,85149638072,https://doi.org/10.1016/j.jesp.2023.104457,Scopus,2026-10-07T09:42:24.918842+00:00,73,26,20261007,development,True,True,3
85183614747,J29,Journal of Experimental Social Psychology,Psychology,2024,10.1016/j.jesp.2023.104588,Moral thin-slicing: Forming moral impressions from a brief glance,85183614747,https://doi.org/10.1016/j.jesp.2023.104588,Scopus,2026-10-07T09:42:25.666854+00:00,100,54,20261007,development,True,True,2
85207160098,J29,Journal of Experimental Social Psychology,Psychology,2025,10.1016/j.jesp.2024.104692,Hierarchy as a signal of culture and belonging: Exploring why egalitarian ideology predicts aversion to hierarchical organizations,85207160098,https://doi.org/10.1016/j.jesp.2024.104692,Scopus,2026-10-07T09:42:25.833950+00:00,99,10,20261007,development,True,True,2
84978069387,J30,Journal of Personality and Social Psychology,Psychology,2016,10.1037/pspi0000072,The compassionate sexist? How benevolent sexism promotes and undermines gender equality in the workplace,84978069387,https://doi.org/10.1037/pspi0000072,Scopus,2026-10-07T09:42:25.956434+00:00,105,95,20261007,development,True,True,2
85008466055,J30,Journal of Personality and Social Psychology,Psychology,2017,10.1037/pspa0000073,"He never willed to have the will he has: Historicist narratives,""civilized"" blame, and the need to distinguish two notions of free will",85008466055,https://doi.org/10.1037/pspa0000073,Scopus,2026-10-07T09:42:28.433300+00:00,96,17,20261007,development,True,True,2
85050498510,J30,Journal of Personality and Social Psychology,Psychology,2018,10.1037/pspa0000125,The tolerance benefits of multicultural experiences depend on the perception of available mental resources,85050498510,https://doi.org/10.1037/pspa0000125,Scopus,2026-10-07T09:42:29.457087+00:00,105,73,20261007,development,True,True,4
85049052968,J30,Journal of Personality and Social Psychology,Psychology,2019,10.1037/pspp0000197,Reassessing the good judge of personality,85049052968,https://doi.org/10.1037/pspp0000197,Scopus,2026-10-07T09:42:28.593032+00:00,113,78,20261007,development,True,True,2
85079499421,J30,Journal of Personality and Social Psychology,Psychology,2020,10.1037/pspa0000182,Getting to Know Me Better: An fMRI Study of Intimate and Superficial Self-Disclosure to Friends During Adolescence,85079499421,https://doi.org/10.1037/pspa0000182,Scopus,2026-10-07T09:42:29.616502+00:00,141,22,20261007,holdout,True,True,8
85089967721,J30,Journal of Personality and Social Psychology,Psychology,2021,10.1037/pspi0000339,Reducing Implicit Racial Preferences: III. A Process-Level Examination of Changes in Implicit Preferences,85089967721,https://doi.org/10.1037/pspi0000339,Scopus,2026-10-07T09:42:31.900051+00:00,138,88,20261007,development,True,True,3
85119286497,J30,Journal of Personality and Social Psychology,Psychology,2022,10.1037/pspi0000373,Nonlinear Effect of Social Interaction Quantity on Psychological Well-Being: Diminishing Returns or Inverted U?,85119286497,https://doi.org/10.1037/pspi0000373,Scopus,2026-10-07T09:42:31.033413+00:00,160,74,20261007,development,True,True,3
85183393084,J30,Journal of Personality and Social Psychology,Psychology,2023,10.1037/pspa0000364,The Self-Promotion Boost: Positive Consequences for Observers of High-Rank Self-Promoters,85183393084,https://doi.org/10.1037/pspa0000364,Scopus,2026-10-07T09:42:36.126418+00:00,102,93,20261007,development,True,True,2
85211828104,J30,Journal of Personality and Social Psychology,Psychology,2024,10.1037/pspp0000515,Differences in Natural Standing Posture Are Associated With Antisocial and Manipulative Personality Traits,85211828104,https://doi.org/10.1037/pspp0000515,Scopus,2026-10-07T09:42:33.322590+00:00,122,1,20261007,development,True,True,2
105000327046,J30,Journal of Personality and Social Psychology,Psychology,2025,10.1037/pspa0000441,The strategic use of harm-based moral arguments in the context of women's bodily autonomy.,105000327046,https://doi.org/10.1037/pspa0000441,Scopus,2026-10-07T09:42:33.650071+00:00,110,62,20261007,holdout,True,True,4
84966703846,J31,Psychological Science,Psychology,2016,10.1177/0956797616632231,Motor System Activation Predicts Goal Imitation in 7-Month-Old Infants,84966703846,https://doi.org/10.1177/0956797616632231,Scopus,2026-10-07T09:42:34.447006+00:00,154,63,20261007,development,True,True,6
85019183029,J31,Psychological Science,Psychology,2017,10.1177/0956797616688885,Relative Physical Position as an Impression-Management Strategy: Sex Differences in Its Use and Implications,85019183029,https://doi.org/10.1177/0956797616688885,Scopus,2026-10-07T09:42:35.711931+00:00,159,55,20261007,holdout,True,True,3
85049046868,J31,Psychological Science,Psychology,2018,10.1177/0956797618771081,Do Men and Women Know What They Want? Sex Differences in Online Daters’ Educational Preferences,85049046868,https://doi.org/10.1177/0956797618771081,Scopus,2026-10-07T09:42:36.125667+00:00,165,97,20261007,development,True,True,3
85066874835,J31,Psychological Science,Psychology,2019,10.1177/0956797619841265,Mutualistic Coupling Between Vocabulary and Reasoning in Young Children: A Replication and Extension of the Study by Kievit et al. (2017),85066874835,https://doi.org/10.1177/0956797619841265,Scopus,2026-10-07T09:42:37.360746+00:00,140,94,20261007,development,True,True,3
85077630869,J31,Psychological Science,Psychology,2020,10.1177/0956797619890619,Implicit Gender Bias in Linguistic Descriptions for Expected Events: The Cases of the 2016 United States and 2017 United Kingdom Elections,85077630869,https://doi.org/10.1177/0956797619890619,Scopus,2026-10-07T09:42:38.170900+00:00,125,14,20261007,development,True,True,3
85101100997,J31,Psychological Science,Psychology,2021,10.1177/0956797620963610,Narratives Shape Cognitive Representations of Immigrants and Immigration-Policy Preferences,85101100997,https://doi.org/10.1177/0956797620963610,Scopus,2026-10-07T09:42:38.603508+00:00,151,16,20261007,development,True,True,4
85133906582,J31,Psychological Science,Psychology,2022,10.1177/09567976211072814,Personality Across World Regions Predicts Variability in the Structure of Face Impressions,85133906582,https://doi.org/10.1177/09567976211072814,Scopus,2026-10-07T09:42:38.604055+00:00,146,89,20261007,development,True,True,3
85141021460,J31,Psychological Science,Psychology,2023,10.1177/09567976221106349,The Effect of Auditory and Visual Recommendations on Choice,85141021460,https://doi.org/10.1177/09567976221106349,Scopus,2026-10-07T09:42:39.855095+00:00,89,9,20261007,holdout,True,True,3
85178201199,J31,Psychological Science,Psychology,2024,10.1177/09567976231214185,Generating New Musical Preferences From Multilevel Mapping of Predictions to Reward,85178201199,https://doi.org/10.1177/09567976231214185,Scopus,2026-10-07T09:42:40.657418+00:00,94,4,20261007,development,True,True,5
105021858837,J31,Psychological Science,Psychology,2025,10.1177/09567976251384975,Mapping the Ecology of Risk: 100 Risky Choices of Modern Life,105021858837,https://doi.org/10.1177/09567976251384975,Scopus,2026-10-07T09:42:41.005367+00:00,52,45,20261007,development,True,True,2
84996636526,J32,Health Psychology,Psychology,2016,10.1037/hea0000407,Brief psychological intervention in patients with cervical cancer: A randomized controlled trial,84996636526,https://doi.org/10.1037/hea0000407,Scopus,2026-10-07T09:42:41.006153+00:00,159,149,20261007,development,True,True,3
85016791183,J32,Health Psychology,Psychology,2017,10.1037/hea0000497,Gender confirming medical interventions and eating disorder symptoms among transgender individuals,85016791183,https://doi.org/10.1037/hea0000497,Scopus,2026-10-07T09:42:42.197144+00:00,127,98,20261007,development,True,True,4
85046144408,J32,Health Psychology,Psychology,2018,10.1037/hea0000614,"Stress-related eating, mindfulness, and obesity",85046144408,https://doi.org/10.1037/hea0000614,Scopus,2026-10-07T09:42:42.856353+00:00,125,53,20261007,development,True,True,2
85065151575,J32,Health Psychology,Psychology,2019,10.1037/hea0000685,Interviewer-versus self-administration of PROMIS® measures for adults with traumatic injury,85065151575,https://doi.org/10.1037/hea0000685,Scopus,2026-10-07T09:42:43.452096+00:00,116,68,20261007,development,True,True,10
85091611602,J32,Health Psychology,Psychology,2020,10.1037/hea0001027,Role of childhood maltreatment on weight and weight-related behaviors in adulthood.,85091611602,https://doi.org/10.1037/hea0001027,Scopus,2026-10-07T09:42:43.455088+00:00,109,14,20261007,development,True,True,2
85114918297,J32,Health Psychology,Psychology,2021,10.1037/hea0001103,Time-Varying Associations Between Everyday Affect and Cortisol in Older Couples,85114918297,https://doi.org/10.1037/hea0001103,Scopus,2026-10-07T09:42:44.473691+00:00,100,52,20261007,holdout,True,True,6
85125885187,J32,Health Psychology,Psychology,2022,10.1037/hea0001166,The Experience of Living With Mesothelioma: A Meta-Ethnographic Review and Synthesis of the Qualitative Literature,85125885187,https://doi.org/10.1037/hea0001166,Scopus,2026-10-07T09:42:45.103090+00:00,113,72,20261007,holdout,True,True,5
85170582459,J32,Health Psychology,Psychology,2023,10.1037/hea0001313,COVID-19 Family Dynamics and Health Protective Behavior Adherence: A 16-Wave Longitudinal Study,85170582459,https://doi.org/10.1037/hea0001313,Scopus,2026-10-07T09:42:46.193686+00:00,83,28,20261007,development,True,True,5
85195607073,J32,Health Psychology,Psychology,2024,10.1037/hea0001382,Sex-Specific Associations Between Childhood Trauma and Adult Systemic Inflammation in Daily Life,85195607073,https://doi.org/10.1037/hea0001382,Scopus,2026-10-07T09:42:45.879718+00:00,88,44,20261007,development,True,True,7
105004446929,J32,Health Psychology,Psychology,2025,10.1037/hea0001431,Transforming Health Psychology and Behavioral Medicine to Address the Climate Crisis: A Call for Strategic Research and Advocacy,105004446929,https://doi.org/10.1037/hea0001431,Scopus,2026-10-07T09:42:46.958633+00:00,93,92,20261007,development,True,True,13
84977110627,J33,Psychological Medicine,Psychology,2016,10.1017/s0033291716000945,Selective prevention of combat-related post-traumatic stress disorder using attention bias modification training: A randomized controlled trial,84977110627,https://doi.org/10.1017/s0033291716000945,Scopus,2026-10-07T09:42:47.793824+00:00,250,171,20261007,holdout,True,True,10
85032486275,J33,Psychological Medicine,Psychology,2017,10.1017/s0033291717001015,State-dependent microstructural white matter changes in drug-naïve patients with first-episode psychosis,85032486275,https://doi.org/10.1017/s0033291717001015,Scopus,2026-10-07T09:42:48.195728+00:00,215,194,20261007,development,True,True,11
85045731955,J33,Psychological Medicine,Psychology,2018,10.1017/s003329171800034x,Empirical evidence for discrete neurocognitive subgroups in patients with non-psychotic major depressive disorder: Clinical implications,85045731955,https://doi.org/10.1017/s003329171800034x,Scopus,2026-10-07T09:42:48.485820+00:00,217,215,20261007,development,True,True,4
85045060009,J33,Psychological Medicine,Psychology,2019,10.1017/s003329171800079x,Amygdala-prefrontal connectivity during appraisal of symptom-related stimuli in obsessive-compulsive disorder,85045060009,https://doi.org/10.1017/s003329171800079x,Scopus,2026-10-07T09:42:49.522788+00:00,246,30,20261007,development,True,True,7
85073670148,J33,Psychological Medicine,Psychology,2020,10.1017/s0033291719002915,Improving emotion regulation of social exclusion in depression-prone individuals: a tDCS study targeting right VLPFC,85073670148,https://doi.org/10.1017/s0033291719002915,Scopus,2026-10-07T09:42:50.095429+00:00,213,209,20261007,development,True,True,5
85080967683,J33,Psychological Medicine,Psychology,2021,10.1017/s0033291720000203,Experimentally induced and real-world anxiety have no demonstrable effect on goal-directed behaviour,85080967683,https://doi.org/10.1017/s0033291720000203,Scopus,2026-10-07T09:42:51.228795+00:00,221,122,20261007,development,True,True,8
85098106457,J33,Psychological Medicine,Psychology,2022,10.1017/s0033291720004948,Device-measured sedentary behaviour and anxiety symptoms during adolescence: a 6-year prospective cohort study,85098106457,https://doi.org/10.1017/s0033291720004948,Scopus,2026-10-07T09:42:50.781653+00:00,358,259,20261007,holdout,True,True,5
85163801630,J33,Psychological Medicine,Psychology,2023,10.1017/s0033291722001490,Reduced fractional anisotropy in bipolar disorder v. major depressive disorder independent of current symptoms,85163801630,https://doi.org/10.1017/s0033291722001490,Scopus,2026-10-07T09:42:51.789630+00:00,716,401,20261007,development,True,True,26
85171594145,J33,Psychological Medicine,Psychology,2024,10.1017/s0033291723002520,"Depression is associated with reduced outcome sensitivity in a dual valence, magnitude learning task",85171594145,https://doi.org/10.1017/s0033291723002520,Scopus,2026-10-07T09:42:52.334343+00:00,412,44,20261007,development,True,True,4
85217570385,J33,Psychological Medicine,Psychology,2025,10.1017/s003329172400223x,New diagnosis in psychiatry: Beyond heuristics,85217570385,https://doi.org/10.1017/s003329172400223x,Scopus,2026-10-07T09:42:53.193116+00:00,314,23,20261007,development,True,True,26
84987950649,J34,Social Science and Medicine,Psychology,2016,10.1016/j.socscimed.2016.09.007,First-generation Korean immigrants’ barriers to healthcare and their coping strategies in the US,84987950649,https://doi.org/10.1016/j.socscimed.2016.09.007,Scopus,2026-10-07T09:42:56.179196+00:00,477,404,20261007,development,True,True,1
85032681209,J34,Social Science and Medicine,Psychology,2017,10.1016/j.socscimed.2017.09.043,"Low birthweight among immigrants in Australia, the United Kingdom, and the United States",85032681209,https://doi.org/10.1016/j.socscimed.2017.09.043,Scopus,2026-10-07T09:42:54.250816+00:00,487,470,20261007,holdout,True,True,3
85052132965,J34,Social Science and Medicine,Psychology,2018,10.1016/j.socscimed.2018.07.051,The effect of unstable housing on HIV treatment biomarkers: An instrumental variables approach,85052132965,https://doi.org/10.1016/j.socscimed.2018.07.051,Scopus,2026-10-07T09:42:54.661065+00:00,441,377,20261007,development,True,True,13
85058023768,J34,Social Science and Medicine,Psychology,2019,10.1016/j.socscimed.2018.12.003,Social capital and having a regular family doctor: Evidence from longitudinal data,85058023768,https://doi.org/10.1016/j.socscimed.2018.12.003,Scopus,2026-10-07T09:42:55.358060+00:00,513,24,20261007,development,True,True,3
85076526519,J34,Social Science and Medicine,Psychology,2020,10.1016/j.socscimed.2019.112735,Imperfect biomarkers for adjuvant chemotherapy in early stage breast cancer with good prognosis,85076526519,https://doi.org/10.1016/j.socscimed.2019.112735,Scopus,2026-10-07T09:42:56.860873+00:00,591,66,20261007,development,True,False,5
85114141701,J34,Social Science and Medicine,Psychology,2021,10.1016/j.socscimed.2021.114270,Macro-level efficiency of health expenditure: Estimates for 15 major economies,85114141701,https://doi.org/10.1016/j.socscimed.2021.114270,Scopus,2026-10-07T09:42:56.908321+00:00,718,590,20261007,development,True,True,5
85136555473,J34,Social Science and Medicine,Psychology,2022,10.1016/j.socscimed.2022.115269,Extreme racism-related events and poor sleep in African-American women,85136555473,https://doi.org/10.1016/j.socscimed.2022.115269,Scopus,2026-10-07T09:42:57.657558+00:00,722,536,20261007,holdout,True,True,10
85142678934,J34,Social Science and Medicine,Psychology,2023,10.1016/j.socscimed.2022.115166,Attribution for everyday discrimination typologies and mortality risk among older black adults: Evidence from the health and retirement study?,85142678934,https://doi.org/10.1016/j.socscimed.2022.115166,Scopus,2026-10-07T09:42:58.271681+00:00,600,9,20261007,development,True,True,8
85189489684,J34,Social Science and Medicine,Psychology,2024,10.1016/j.socscimed.2024.116735,"Does volunteering impact refugee women's life satisfaction, empowerment, and wellbeing? Experimental evidence, local knowledge, and causal reasoning",85189489684,https://doi.org/10.1016/j.socscimed.2024.116735,Scopus,2026-10-07T09:42:59.346942+00:00,780,232,20261007,development,True,False,6
85217389345,J34,Social Science and Medicine,Psychology,2025,10.1016/j.socscimed.2025.117807,“It's a low-key thing of eugenics”: Disability reproductive injustice in barriers to cervical cancer screening during the COVID-19 pandemic,85217389345,https://doi.org/10.1016/j.socscimed.2025.117807,Scopus,2026-10-07T09:42:59.159903+00:00,885,244,20261007,development,True,True,6
84963726768,J35,American Economic Journal: Applied Economics,Economics,2016,10.1257/app.20140473,Market impacts of a nuclear power plant closure,84963726768,https://doi.org/10.1257/app.20140473,Scopus,2026-10-07T09:43:00.016044+00:00,37,16,20261007,development,True,False,2
85029888374,J35,American Economic Journal: Applied Economics,Economics,2017,10.1257/app.20150390,The impact of maternal literacy and participation programs: Evidence from a randomized evaluation in India,85029888374,https://doi.org/10.1257/app.20150390,Scopus,2026-10-07T09:43:00.669063+00:00,42,41,20261007,development,True,False,3
85049192153,J35,American Economic Journal: Applied Economics,Economics,2018,10.1257/app.20150360,Do free trade agreements affect tariffs of nonmember countries? A theoretical and empirical investigation,85049192153,https://doi.org/10.1257/app.20150360,Scopus,2026-10-07T09:43:01.503230+00:00,46,27,20261007,development,True,False,3
85068110708,J35,American Economic Journal: Applied Economics,Economics,2019,10.1257/app.20170430,Supporting community college students from start to degree completion: Long-term evidence from a randomized trial of CUNY's ASAP,85068110708,https://doi.org/10.1257/app.20170430,Scopus,2026-10-07T09:43:01.757904+00:00,46,26,20261007,development,True,False,4
85088842121,J35,American Economic Journal: Applied Economics,Economics,2020,10.1257/app.20180666,The value of reference letters: Experimental evidence from South Africa,85088842121,https://doi.org/10.1257/app.20180666,Scopus,2026-10-07T09:43:02.232842+00:00,43,31,20261007,holdout,True,False,3
85125068681,J35,American Economic Journal: Applied Economics,Economics,2021,10.1257/app.20170604,Family Labor Supply Responses to Severe Health Shocks: Evidence from Danish Administrative Records†,85125068681,https://doi.org/10.1257/app.20170604,Scopus,2026-10-07T09:43:02.996812+00:00,38,30,20261007,development,True,False,2
85125070683,J35,American Economic Journal: Applied Economics,Economics,2022,10.1257/app.20190568,Rational Habit Formation: Experimental Evidence from Handwashing in India,85125070683,https://doi.org/10.1257/app.20190568,Scopus,2026-10-07T09:43:03.871869+00:00,59,16,20261007,development,True,False,4
85163390219,J35,American Economic Journal: Applied Economics,Economics,2023,10.1257/app.20210180,Discriminatory Lending: Evidence from Bankers in the Lab,85163390219,https://doi.org/10.1257/app.20210180,Scopus,2026-10-07T09:43:04.247952+00:00,54,36,20261007,development,True,False,2
85189464408,J35,American Economic Journal: Applied Economics,Economics,2024,10.1257/app.20210579,The Employment Effects of Ethnic Politics,85189464408,https://doi.org/10.1257/app.20210579,Scopus,2026-10-07T09:43:04.738985+00:00,64,62,20261007,development,True,True,3
105001197482,J35,American Economic Journal: Applied Economics,Economics,2025,10.1257/app.20210117,Changes in Family Structure and Welfare Participation since the 1960s: The Role of Legal Services,105001197482,https://doi.org/10.1257/app.20210117,Scopus,2026-10-07T09:43:05.259568+00:00,40,1,20261007,holdout,True,True,2
84978835128,J36,American Economic Review,Economics,2016,10.1257/aer.20150208,Measuring discounting without measuring utility,84978835128,https://doi.org/10.1257/aer.20150208,Scopus,2026-10-07T09:43:06.334601+00:00,105,39,20261007,development,True,False,5
85017448839,J36,American Economic Review,Economics,2017,10.1257/aer.20131118,The macrodynamics of sorting between workers and firms,85017448839,https://doi.org/10.1257/aer.20131118,Scopus,2026-10-07T09:43:06.335383+00:00,94,28,20261007,development,True,False,2
85045192537,J36,American Economic Review,Economics,2018,10.1257/aer.20151260,Resurrecting the role of the product market wedge in recessions,85045192537,https://doi.org/10.1257/aer.20151260,Scopus,2026-10-07T09:43:07.731659+00:00,60,24,20261007,development,True,False,3
85076024460,J36,American Economic Review,Economics,2019,10.1257/aer.20170263,"The violent legacy of conflict: Evidence on asylum seekers, crime, and public policy in Switzerland",85076024460,https://doi.org/10.1257/aer.20170263,Scopus,2026-10-07T09:43:07.424931+00:00,82,43,20261007,development,True,False,4
85085337190,J36,American Economic Review,Economics,2020,10.1257/aer.20171201,Dominant currency paradigm†,85085337190,https://doi.org/10.1257/aer.20171201,Scopus,2026-10-07T09:43:08.652129+00:00,108,20,20261007,development,True,False,6
85113137179,J36,American Economic Review,Economics,2021,10.1257/aer.20170297,Behavioral constraints on the design of subgame-perfect implementation mechanisms,85113137179,https://doi.org/10.1257/aer.20170297,Scopus,2026-10-07T09:43:16.580567+00:00,92,20,20261007,development,True,False,3
85134375559,J36,American Economic Review,Economics,2022,10.1257/aer.20201713,Belief Distortions and Macroeconomic Fluctuations,85134375559,https://doi.org/10.1257/aer.20201713,Scopus,2026-10-07T09:43:09.759611+00:00,111,63,20261007,holdout,True,False,3
85164317394,J36,American Economic Review,Economics,2023,10.1257/aer.20201479,Globalization and Pandemics,85164317394,https://doi.org/10.1257/aer.20201479,Scopus,2026-10-07T09:43:09.839953+00:00,83,28,20261007,development,True,False,3
86000758604,J36,American Economic Review,Economics,2024,10.1257/aer.20210039,"Political Correctness, Social Image, and Information Transmission",86000758604,https://doi.org/10.1257/aer.20210039,Scopus,2026-10-07T09:43:10.854037+00:00,107,103,20261007,holdout,True,False,1
86000523785,J36,American Economic Review,Economics,2025,10.1257/aer.20230496,A Theory of Dynamic Inflation Targets,86000523785,https://doi.org/10.1257/aer.20230496,Scopus,2026-10-07T09:43:12.073055+00:00,120,23,20261007,development,True,False,2
84979017709,J37,Econometrica,Economics,2016,10.3982/ecta13127,Robust Contracts in Continuous Time,84979017709,https://doi.org/10.3982/ecta13127,Scopus,2026-10-07T09:43:12.204433+00:00,54,33,20261007,holdout,True,True,2
85020282695,J37,Econometrica,Economics,2017,10.3982/ecta13081,Randomization Tests Under an Approximate Symmetry Assumption,85020282695,https://doi.org/10.3982/ecta13081,Scopus,2026-10-07T09:43:13.157440+00:00,55,24,20261007,holdout,True,True,3
85056087970,J37,Econometrica,Economics,2018,10.3982/ecta12043,Trading and Information Diffusion in Over-the-Counter Markets,85056087970,https://doi.org/10.3982/ecta12043,Scopus,2026-10-07T09:43:14.352140+00:00,61,44,20261007,development,True,True,2
85075929892,J37,Econometrica,Economics,2019,10.3982/ecta15146,Dynamic Quantile Models of Rational Behavior,85075929892,https://doi.org/10.3982/ecta15146,Scopus,2026-10-07T09:43:14.499887+00:00,58,56,20261007,development,True,True,2
85088371594,J37,Econometrica,Economics,2020,10.3982/ecta18028,"A Comment on: “State Capacity, Reciprocity, and the Social Contract” by Timothy Besley",85088371594,https://doi.org/10.3982/ecta18028,Scopus,2026-10-07T09:43:15.458721+00:00,85,46,20261007,development,True,True,1
85107411685,J37,Econometrica,Economics,2021,10.3982/ecta17842,Economic Predictions With Big Data: The Illusion of Sparsity,85107411685,https://doi.org/10.3982/ecta17842,Scopus,2026-10-07T09:43:17.961279+00:00,92,75,20261007,development,True,True,3
85130825412,J37,Econometrica,Economics,2022,10.3982/ecta16598,"Misallocation, Selection, and Productivity: A Quantitative Analysis With Panel Data From China",85130825412,https://doi.org/10.3982/ecta16598,Scopus,2026-10-07T09:43:16.690408+00:00,88,38,20261007,development,True,True,4
85150467855,J37,Econometrica,Economics,2023,10.3982/ecta19274,Factions in Nondemocracies: Theory and Evidence From the Chinese Communist Party,85150467855,https://doi.org/10.3982/ecta19274,Scopus,2026-10-07T09:43:17.674154+00:00,73,18,20261007,development,True,True,3
85209669875,J37,Econometrica,Economics,2024,10.3982/ecta22687,Ambiguous Contracts,85209669875,https://doi.org/10.3982/ecta22687,Scopus,2026-10-07T09:43:18.722612+00:00,68,60,20261007,development,True,True,4
105016395109,J37,Econometrica,Economics,2025,10.3982/ecta19153,Gaussian Transforms Modeling and the Estimation of Distributional Regression Functions,105016395109,https://doi.org/10.3982/ecta19153,Scopus,2026-10-07T09:43:19.060960+00:00,68,54,20261007,development,True,True,2
84930531485,J38,Experimental Economics,Economics,2016,10.1007/s10683-015-9447-y,Cancelling out early age gender differences in competition: an analysis of policy interventions,84930531485,https://doi.org/10.1007/s10683-015-9447-y,Scopus,2026-10-07T09:43:20.063072+00:00,42,16,20261007,development,True,True,4
84994692038,J38,Experimental Economics,Economics,2017,10.1007/s10683-016-9500-5,"Asymmetric firms, technology sharing and R&D investment",84994692038,https://doi.org/10.1007/s10683-016-9500-5,Scopus,2026-10-07T09:43:20.079544+00:00,42,24,20261007,holdout,True,True,3
85034101287,J38,Experimental Economics,Economics,2018,10.1007/s10683-017-9556-x,Status and the demand for visible goods: experimental evidence on conspicuous consumption,85034101287,https://doi.org/10.1007/s10683-017-9556-x,Scopus,2026-10-07T09:43:20.865902+00:00,39,31,20261007,development,True,True,2
85071366105,J38,Experimental Economics,Economics,2019,10.1007/s10683-017-9559-7,Reference point effects in legislative bargaining: experimental evidence,85071366105,https://doi.org/10.1007/s10683-017-9559-7,Scopus,2026-10-07T09:43:21.224403+00:00,41,26,20261007,development,True,True,2
85066789711,J38,Experimental Economics,Economics,2020,10.1007/s10683-019-09616-z,‘Everybody’s doing it’: on the persistence of bad social norms,85066789711,https://doi.org/10.1007/s10683-019-09616-z,Scopus,2026-10-07T09:43:22.613249+00:00,46,19,20261007,development,True,True,3
85097507101,J38,Experimental Economics,Economics,2021,10.1007/s10683-020-09690-8,Sharing or gambling? On risk attitudes in social contexts,85097507101,https://doi.org/10.1007/s10683-020-09690-8,Scopus,2026-10-07T09:43:22.700508+00:00,50,44,20261007,development,True,True,4
85109161234,J38,Experimental Economics,Economics,2022,10.1007/s10683-021-09724-9,Flip a coin or vote? An experiment on the implementation and efficiency of social choice mechanisms,85109161234,https://doi.org/10.1007/s10683-021-09724-9,Scopus,2026-10-07T09:43:23.877659+00:00,49,17,20261007,holdout,True,True,2
85147347965,J38,Experimental Economics,Economics,2023,10.1007/s10683-023-09791-0,Principal’s distributive preferences and the incentivization of agents,85147347965,https://doi.org/10.1007/s10683-023-09791-0,Scopus,2026-10-07T09:43:23.607407+00:00,40,22,20261007,development,True,True,2
85153358087,J38,Experimental Economics,Economics,2024,10.1007/s10683-023-09802-0,Credibility in second-price auctions: an experimental test,85153358087,https://doi.org/10.1007/s10683-023-09802-0,Scopus,2026-10-07T09:43:25.194680+00:00,41,3,20261007,development,True,True,2
105023854373,J38,Experimental Economics,Economics,2025,10.1017/eec.2024.7,Gender differences in the self-promotion of prosocial behaviour: exploring the female modesty constraint,105023854373,https://doi.org/10.1017/eec.2024.7,Scopus,2026-10-07T09:43:26.037506+00:00,54,3,20261007,development,True,True,3
84966605811,J39,Journal of Finance,Economics,2016,10.1111/jofi.12288,Asymmetric Information about Collateral Values,84966605811,https://doi.org/10.1111/jofi.12288,Scopus,2026-10-07T09:43:25.884185+00:00,75,25,20261007,development,True,False,1
85025097217,J39,Journal of Finance,Economics,2017,10.1111/jofi.12520,The Front Men of Wall Street: The Role of CDO Collateral Managers in the CDO Boom and Bust,85025097217,https://doi.org/10.1111/jofi.12520,Scopus,2026-10-07T09:43:26.637613+00:00,63,51,20261007,holdout,True,False,1
85050621304,J39,Journal of Finance,Economics,2018,10.1111/jofi.12688,Estimating Private Equity Returns from Limited Partner Cash Flows,85050621304,https://doi.org/10.1111/jofi.12688,Scopus,2026-10-07T09:43:28.505410+00:00,66,40,20261007,holdout,True,False,4
85067843347,J39,Journal of Finance,Economics,2019,10.1111/jofi.12817,The Best of Both Worlds: Accessing Emerging Economies via Developed Markets,85067843347,https://doi.org/10.1111/jofi.12817,Scopus,2026-10-07T09:43:29.365730+00:00,73,52,20261007,development,True,False,3
85090047338,J39,Journal of Finance,Economics,2020,10.1111/jofi.12951,False (and Missed) Discoveries in Financial Economics,85090047338,https://doi.org/10.1111/jofi.12951,Scopus,2026-10-07T09:43:28.327520+00:00,72,52,20261007,development,True,False,2
85102339256,J39,Journal of Finance,Economics,2021,10.1111/jofi.13015,Report of the Editor of The Journal of Finance for the Year 2020,85102339256,https://doi.org/10.1111/jofi.13015,Scopus,2026-10-07T09:43:28.841752+00:00,74,15,20261007,development,False,False,1
85139998174,J39,Journal of Finance,Economics,2022,10.1111/jofi.13184,Loan Terms and Collateral: Evidence from the Bilateral Repo Market,85139998174,https://doi.org/10.1111/jofi.13184,Scopus,2026-10-07T09:43:30.683453+00:00,70,65,20261007,development,True,False,2
85143276771,J39,Journal of Finance,Economics,2023,10.1111/jofi.13188,Optimal Financial Transaction Taxes,85143276771,https://doi.org/10.1111/jofi.13188,Scopus,2026-10-07T09:43:30.748967+00:00,74,8,20261007,development,True,False,1
85185112455,J39,Journal of Finance,Economics,2024,10.1111/jofi.13311,Choosing to Disagree: Endogenous Dismissiveness and Overconfidence in Financial Markets,85185112455,https://doi.org/10.1111/jofi.13311,Scopus,2026-10-07T09:43:30.988769+00:00,92,21,20261007,development,True,False,3
105013569217,J39,Journal of Finance,Economics,2025,10.1111/jofi.13476,The Impact of the Financial Education of Executives on the Financial Practices of Medium and Large Enterprises,105013569217,https://doi.org/10.1111/jofi.13476,Scopus,2026-10-07T09:43:31.539406+00:00,82,57,20261007,development,True,False,4
84956667426,J40,Journal of Financial Economics,Economics,2016,10.1016/j.jfineco.2015.09.009,The cross-sectional variation of volatility risk premia,84956667426,https://doi.org/10.1016/j.jfineco.2015.09.009,Scopus,2026-10-07T09:43:33.716807+00:00,123,13,20261007,development,True,True,2
85019602948,J40,Journal of Financial Economics,Economics,2017,10.1016/j.jfineco.2017.04.008,What do measures of real-time corporate sales say about earnings surprises and post-announcement returns?,85019602948,https://doi.org/10.1016/j.jfineco.2017.04.008,Scopus,2026-10-07T09:43:33.223059+00:00,121,65,20261007,development,True,True,4
85050483191,J40,Journal of Financial Economics,Economics,2018,10.1016/j.jfineco.2018.07.010,Home away from home? Foreign demand and London house prices,85050483191,https://doi.org/10.1016/j.jfineco.2018.07.010,Scopus,2026-10-07T09:43:33.564390+00:00,114,112,20261007,development,True,True,2
85055896636,J40,Journal of Financial Economics,Economics,2019,10.1016/j.jfineco.2018.10.003,What a difference a (birth) month makes: The relative age effect and fund manager performance,85055896636,https://doi.org/10.1016/j.jfineco.2018.10.003,Scopus,2026-10-07T09:43:33.764615+00:00,133,37,20261007,development,True,True,4
85073515239,J40,Journal of Financial Economics,Economics,2020,10.1016/j.jfineco.2019.08.007,Portfolio rebalancing in general equilibrium,85073515239,https://doi.org/10.1016/j.jfineco.2019.08.007,Scopus,2026-10-07T09:43:35.734799+00:00,152,36,20261007,development,True,True,4
85090478697,J40,Journal of Financial Economics,Economics,2021,10.1016/j.jfineco.2020.08.018,Stock market liberalization and innovation,85090478697,https://doi.org/10.1016/j.jfineco.2020.08.018,Scopus,2026-10-07T09:43:36.021164+00:00,207,42,20261007,development,True,True,4
85112454644,J40,Journal of Financial Economics,Economics,2022,10.1016/j.jfineco.2021.10.002,Token-based platform finance,85112454644,https://doi.org/10.1016/j.jfineco.2021.10.002,Scopus,2026-10-07T09:43:36.022053+00:00,200,83,20261007,holdout,True,True,3
85170541743,J40,Journal of Financial Economics,Economics,2023,10.1016/j.jfineco.2023.103709,When large traders create noise,85170541743,https://doi.org/10.1016/j.jfineco.2023.103709,Scopus,2026-10-07T09:43:36.022770+00:00,88,77,20261007,development,True,True,2
85186092035,J40,Journal of Financial Economics,Economics,2024,10.1016/j.jfineco.2024.103807,Siphoned apart: A portfolio perspective on order flow segmentation,85186092035,https://doi.org/10.1016/j.jfineco.2024.103807,Scopus,2026-10-07T09:43:37.953148+00:00,111,36,20261007,holdout,True,True,3
105001507531,J40,Journal of Financial Economics,Economics,2025,10.1016/j.jfineco.2025.104057,Reaching for yield: Evidence from households,105001507531,https://doi.org/10.1016/j.jfineco.2025.104057,Scopus,2026-10-07T09:43:38.316384+00:00,141,52,20261007,development,True,True,4
84951830414,J41,Journal of Labor Economics,Economics,2016,10.1086/682366,Did the job ladder fail after the great recession?,84951830414,https://doi.org/10.1086/682366,Scopus,2026-10-07T09:43:38.309918+00:00,47,1,20261007,development,True,False,2
85021732724,J41,Journal of Labor Economics,Economics,2017,10.1086/691280,"Local instruments, global extrapolation: External validity of the labor supply–fertility local average treatment effect",85021732724,https://doi.org/10.1086/691280,Scopus,2026-10-07T09:43:38.316216+00:00,37,16,20261007,development,True,False,4
85044131744,J41,Journal of Labor Economics,Economics,2018,10.1086/694468,Returns to education quality for low-skilled students: Evidence from a discontinuity,85044131744,https://doi.org/10.1086/694468,Scopus,2026-10-07T09:43:40.186706+00:00,37,19,20261007,development,True,False,2
85055247869,J41,Journal of Labor Economics,Economics,2019,10.1086/698898,Wage risk and the value of job mobility in early employment careers,85055247869,https://doi.org/10.1086/698898,Scopus,2026-10-07T09:43:40.590719+00:00,49,8,20261007,development,True,False,1
85075738910,J41,Journal of Labor Economics,Economics,2020,10.1086/706091,Why unions survive: Understanding how unions overcome the free-rider problem,85075738910,https://doi.org/10.1086/706091,Scopus,2026-10-07T09:43:40.755154+00:00,32,29,20261007,development,True,False,1
85104416050,J41,Journal of Labor Economics,Economics,2021,10.1086/713114,Introduction: Essays in honor of John E. Dinardo,85104416050,https://doi.org/10.1086/713114,Scopus,2026-10-07T09:43:40.589878+00:00,49,23,20261007,holdout,False,False,3
85124813092,J41,Journal of Labor Economics,Economics,2022,10.1086/717730,Does Ageist Language in Job Ads Predict Age Discrimination in Hiring?,85124813092,https://doi.org/10.1086/717730,Scopus,2026-10-07T09:43:42.590422+00:00,41,32,20261007,development,True,False,4
85175037294,J41,Journal of Labor Economics,Economics,2023,10.1086/726701,The Quality-Adjusted Cyclical Price of Labor,85175037294,https://doi.org/10.1086/726701,Scopus,2026-10-07T09:43:43.000167+00:00,41,37,20261007,holdout,True,False,3
85191227262,J41,Journal of Labor Economics,Economics,2024,10.1086/728431,The Effect of the COVID-19 Pandemic Recession on Less Educated Women’s Human Capital: Some Projections,85191227262,https://doi.org/10.1086/728431,Scopus,2026-10-07T09:43:43.007119+00:00,50,21,20261007,development,True,False,3
105012965708,J41,Journal of Labor Economics,Economics,2025,10.1086/726385,The Direct and Spillover Effects of Large-Scale Affirmative Action at an Elite Brazilian University,105012965708,https://doi.org/10.1086/726385,Scopus,2026-10-07T09:43:42.999431+00:00,48,18,20261007,development,True,False,3
84969835224,J42,Journal of Political Economy,Economics,2016,10.1086/686035,Gender roles and medical progress,84969835224,https://doi.org/10.1086/686035,Scopus,2026-10-07T09:43:45.005435+00:00,39,13,20261007,development,True,False,2
85010000255,J42,Journal of Political Economy,Economics,2017,10.1086/689774,Stochastic choice and preferences for randomization,85010000255,https://doi.org/10.1086/689774,Scopus,2026-10-07T09:43:45.660936+00:00,46,17,20261007,holdout,True,False,2
85043788570,J42,Journal of Political Economy,Economics,2018,10.1086/696280,Optimal time-consistent macroprudential policy,85043788570,https://doi.org/10.1086/696280,Scopus,2026-10-07T09:43:45.707720+00:00,67,14,20261007,development,True,False,2
85063995711,J42,Journal of Political Economy,Economics,2019,10.1086/701421,Are negative supply shocks expansionary at the zero lower bound?,85063995711,https://doi.org/10.1086/701421,Scopus,2026-10-07T09:43:45.965931+00:00,68,25,20261007,development,True,False,1
85089134085,J42,Journal of Political Economy,Economics,2020,10.1086/708856,Experience of communal conflicts and intergroup lending,85089134085,https://doi.org/10.1086/708856,Scopus,2026-10-07T09:43:47.862801+00:00,105,79,20261007,development,True,False,4
85107955429,J42,Journal of Political Economy,Economics,2021,10.1086/714445,An equilibrium model of the market for bitcoin mining,85107955429,https://doi.org/10.1086/714445,Scopus,2026-10-07T09:43:48.615360+00:00,82,56,20261007,holdout,True,False,2
85119289478,J42,Journal of Political Economy,Economics,2022,10.1086/717041,Tolerance and Compromise in Social Networks,85119289478,https://doi.org/10.1086/717041,Scopus,2026-10-07T09:43:48.642420+00:00,71,3,20261007,development,True,False,1
85151761347,J42,Journal of Political Economy,Economics,2023,10.1086/722088,Risk-Sharing Externalities,85151761347,https://doi.org/10.1086/722088,Scopus,2026-10-07T09:43:48.599981+00:00,79,14,20261007,development,True,False,2
85197183097,J42,Journal of Political Economy,Economics,2024,10.1086/726230,The Finance Uncertainty Multiplier,85197183097,https://doi.org/10.1086/726230,Scopus,2026-10-07T09:43:51.164320+00:00,94,12,20261007,development,True,False,3
105016122277,J42,Journal of Political Economy,Economics,2025,10.1086/736766,Black Empowerment and White Mobilization: The Effects of the Voting Rights Act,105016122277,https://doi.org/10.1086/736766,Scopus,2026-10-07T09:43:51.408228+00:00,90,69,20261007,development,True,False,4
84960330813,J43,Quarterly Journal of Economics,Economics,2016,10.1093/qje/qjv036,The effects of school spending on educational and economic outcomes: Evidence from school finance reforms,84960330813,https://doi.org/10.1093/qje/qjv036,Scopus,2026-10-07T09:43:51.190562+00:00,40,0,20261007,development,True,False,3
85017352278,J43,Quarterly Journal of Economics,Economics,2017,10.1093/qje/qjw039,Public protests and policy making,85017352278,https://doi.org/10.1093/qje/qjw039,Scopus,2026-10-07T09:43:51.568533+00:00,40,1,20261007,holdout,True,False,1
85050610435,J43,Quarterly Journal of Economics,Economics,2018,10.1093/qje/qjx042,Discretion in hiring,85050610435,https://doi.org/10.1093/qje/qjx042,Scopus,2026-10-07T09:43:59.787718+00:00,39,26,20261007,development,True,False,3
85063530686,J43,Quarterly Journal of Economics,Economics,2019,10.1093/qje/qjy022,From hyperinflation to stable prices: Argentina's evidence on menu cost models,85063530686,https://doi.org/10.1093/qje/qjy022,Scopus,2026-10-07T09:43:53.502261+00:00,36,7,20261007,holdout,True,False,4
85090461304,J43,Quarterly Journal of Economics,Economics,2020,10.1093/qje/qjaa013,Workplace Knowledge Flows,85090461304,https://doi.org/10.1093/qje/qjaa013,Scopus,2026-10-07T09:43:53.719782+00:00,24,13,20261007,development,True,False,4
85100301573,J43,Quarterly Journal of Economics,Economics,2021,10.1093/qje/qjaa025,The Effect of the Credit Crunch on Output Price Dynamics: The Corporate Inventory and Liquidity Management Channel,85100301573,https://doi.org/10.1093/qje/qjaa025,Scopus,2026-10-07T09:43:53.814876+00:00,38,3,20261007,development,True,False,1
85160229134,J43,Quarterly Journal of Economics,Economics,2022,10.1093/qje/qjac020,VALUING THE GLOBAL MORTALITY CONSEQUENCES OF CLIMATE CHANGE ACCOUNTING FOR ADAPTATION COSTS AND BENEFITS,85160229134,https://doi.org/10.1093/qje/qjac020,Scopus,2026-10-07T09:43:55.662831+00:00,47,40,20261007,development,True,False,16
85164359693,J43,Quarterly Journal of Economics,Economics,2023,10.1093/qje/qjad013,Imperfect Risk Sharing and the Business Cycle,85164359693,https://doi.org/10.1093/qje/qjad013,Scopus,2026-10-07T09:43:55.804791+00:00,46,23,20261007,development,True,False,3
85182379752,J43,Quarterly Journal of Economics,Economics,2024,10.1093/qje/qjad040,DOES TAXING BUSINESS OWNERS AFFECT EMPLOYEES? EVIDENCE FROM A CHANGE IN THE TOP MARGINAL TAX RATE,85182379752,https://doi.org/10.1093/qje/qjad040,Scopus,2026-10-07T09:43:55.956519+00:00,47,3,20261007,development,True,False,1
105003939423,J43,Quarterly Journal of Economics,Economics,2025,10.1093/qje/qjaf009,CAN POLLUTION MARKETS WORK IN DEVELOPING COUNTRIES? EXPERIMENTAL EVIDENCE FROM INDIA,105003939423,https://doi.org/10.1093/qje/qjaf009,Scopus,2026-10-07T09:43:58.203275+00:00,60,17,20261007,development,True,False,4
84959908541,J44,Review of Financial Studies,Economics,2016,10.1093/rfs/hhv041,Wage Rigidity: A Quantitative Solution to Several Asset Pricing Puzzles,84959908541,https://doi.org/10.1093/rfs/hhv041,Scopus,2026-10-07T09:43:58.063422+00:00,32,3,20261007,development,True,False,2
85027014860,J44,Review of Financial Studies,Economics,2017,10.1093/rfs/hhw087,The information content of a nonlinear macro-finance model for commodity prices,85027014860,https://doi.org/10.1093/rfs/hhw087,Scopus,2026-10-07T09:43:58.370893+00:00,87,51,20261007,holdout,True,False,3
85048925186,J44,Review of Financial Studies,Economics,2018,10.1093/rfs/hhy042,"Long forward probabilities, recovery, and the term structure of bond risk premiums",85048925186,https://doi.org/10.1093/rfs/hhy042,Scopus,2026-10-07T09:44:00.187563+00:00,105,96,20261007,development,True,False,3
85066954529,J44,Review of Financial Studies,Economics,2019,10.1093/rfs/hhy057,Revealing downturns,85066954529,https://doi.org/10.1093/rfs/hhy057,Scopus,2026-10-07T09:44:00.433934+00:00,109,7,20261007,development,True,False,2
85089399390,J44,Review of Financial Studies,Economics,2020,10.1093/rfs/hhz106,Innovation Activities and Integration through Vertical Acquisitions,85089399390,https://doi.org/10.1093/rfs/hhz106,Scopus,2026-10-07T09:44:00.699970+00:00,87,49,20261007,development,True,False,3
85114996682,J44,Review of Financial Studies,Economics,2021,10.1093/rfs/hhaa066,Evaluating Firm-Level Expected-Return Proxies: Implications for Estimating Treatment Effects,85114996682,https://doi.org/10.1093/rfs/hhaa066,Scopus,2026-10-07T09:44:01.948426+00:00,120,52,20261007,development,True,False,3
85127333500,J44,Review of Financial Studies,Economics,2022,10.1093/rfs/hhab137,"What Moves Stock Prices? The Roles of News, Noise, and Information",85127333500,https://doi.org/10.1093/rfs/hhab137,Scopus,2026-10-07T09:44:02.400549+00:00,92,72,20261007,development,True,True,4
85163648473,J44,Review of Financial Studies,Economics,2023,10.1093/rfs/hhac094,Do Corporations Retain Too Much Cash? Evidence from a Natural Experiment,85163648473,https://doi.org/10.1093/rfs/hhac094,Scopus,2026-10-07T09:44:02.918947+00:00,76,42,20261007,development,True,False,3
85180569574,J44,Review of Financial Studies,Economics,2024,10.1093/rfs/hhad065,The Rise of Star Firms: Intangible Capital and Competition,85180569574,https://doi.org/10.1093/rfs/hhad065,Scopus,2026-10-07T09:44:02.836161+00:00,83,19,20261007,development,True,False,3
105013657841,J44,Review of Financial Studies,Economics,2025,10.1093/rfs/hhaf033,Learning to Disclose: Disclosure Dynamics in the 1890s Streetcar Industry,105013657841,https://doi.org/10.1093/rfs/hhaf033,Scopus,2026-10-07T09:44:05.030635+00:00,84,55,20261007,holdout,True,True,3
84973560538,J45,World Development,Economics,2016,10.1016/j.worlddev.2016.05.002,"Wage Growth, Landholding, and Mechanization in Chinese Agriculture",84973560538,https://doi.org/10.1016/j.worlddev.2016.05.002,Scopus,2026-10-07T09:44:05.017067+00:00,206,163,20261007,development,True,True,4
85014740375,J45,World Development,Economics,2017,10.1016/j.worlddev.2017.02.009,Qualitative and Quantitative Evidence on the True Local Welfare Costs of Forest Conservation in Madagascar: Are Discrete Choice Experiments a Valid ex ante Tool?,85014740375,https://doi.org/10.1016/j.worlddev.2017.02.009,Scopus,2026-10-07T09:44:05.298837+00:00,285,99,20261007,development,True,True,8
85044928412,J45,World Development,Economics,2018,10.1016/j.worlddev.2018.03.014,"Land-grabbing, land-use transformation and social differentiation: Deconstructing “small-scale” in Ghana's recent gold rush",85044928412,https://doi.org/10.1016/j.worlddev.2018.03.014,Scopus,2026-10-07T09:44:05.426764+00:00,333,221,20261007,development,True,True,11
85060200300,J45,World Development,Economics,2019,10.1016/j.worlddev.2018.12.015,A comparative analysis of governance and leadership in agricultural development policy networks,85060200300,https://doi.org/10.1016/j.worlddev.2018.12.015,Scopus,2026-10-07T09:44:07.182921+00:00,268,82,20261007,development,True,True,4
85083525997,J45,World Development,Economics,2020,10.1016/j.worlddev.2020.104975,Improved sanitation increases long-term cognitive test scores,85083525997,https://doi.org/10.1016/j.worlddev.2020.104975,Scopus,2026-10-07T09:44:07.181520+00:00,283,199,20261007,development,True,True,2
85099591241,J45,World Development,Economics,2021,10.1016/j.worlddev.2020.105364,The impact of an extension of workers’ health insurance on formal employment: Evidence from Ecuador,85099591241,https://doi.org/10.1016/j.worlddev.2020.105364,Scopus,2026-10-07T09:44:07.643222+00:00,402,199,20261007,development,True,True,1
85131398770,J45,World Development,Economics,2022,10.1016/j.worlddev.2022.105950,Taxing dissent: The impact of a social media tax in Uganda,85131398770,https://doi.org/10.1016/j.worlddev.2022.105950,Scopus,2026-10-07T09:44:07.663227+00:00,302,218,20261007,holdout,True,True,2
85144387774,J45,World Development,Economics,2023,10.1016/j.worlddev.2022.106122,The burdens of participation: A mixed-methods study of the effects of a nutrition-sensitive agriculture program on women's time use in Malawi,85144387774,https://doi.org/10.1016/j.worlddev.2022.106122,Scopus,2026-10-07T09:44:09.452532+00:00,201,49,20261007,development,True,True,5
85201417200,J45,World Development,Economics,2024,10.1016/j.worlddev.2024.106758,The power of mineral: Shock of the global supply chain from resource nationalism,85201417200,https://doi.org/10.1016/j.worlddev.2024.106758,Scopus,2026-10-07T09:44:09.530016+00:00,283,281,20261007,development,True,True,4
105017440329,J45,World Development,Economics,2025,10.1016/j.worlddev.2025.107193,Taxing the wealthy in Haiti: Evidence from a conjoint experiment on property tax preferences,105017440329,https://doi.org/10.1016/j.worlddev.2025.107193,Scopus,2026-10-07T09:44:09.907955+00:00,302,,20261007,holdout,True,True,2
84949255473,J46,American Journal of Political Science,Political Science,2016,10.1111/ajps.12228,Preaching to the Choir: Americans Prefer Communicating to Copartisan Elected Officials,84949255473,https://doi.org/10.1111/ajps.12228,Scopus,2026-10-07T09:44:09.939955+00:00,65,53,20261007,holdout,True,False,2
85020188394,J46,American Journal of Political Science,Political Science,2017,10.1111/ajps.12314,A Bottom-Up Theory of Public Opinion about Foreign Policy,85020188394,https://doi.org/10.1111/ajps.12314,Scopus,2026-10-07T09:44:11.867837+00:00,64,,20261007,development,True,False,2
85050227036,J46,American Journal of Political Science,Political Science,2018,10.1111/ajps.12361,Tree-Based Models for Political Science Data,85050227036,https://doi.org/10.1111/ajps.12361,Scopus,2026-10-07T09:44:11.966972+00:00,65,34,20261007,development,True,False,2
85064539825,J46,American Journal of Political Science,Political Science,2019,10.1111/ajps.12430,On the Meaning of Survey Reports of Roll-Call “Votes”,85064539825,https://doi.org/10.1111/ajps.12430,Scopus,2026-10-07T09:44:12.269716+00:00,59,,20261007,development,True,False,2
85073981123,J46,American Journal of Political Science,Political Science,2020,10.1111/ajps.12473,Measuring Trade Profile with Granular Product-Level Data,85073981123,https://doi.org/10.1111/ajps.12473,Scopus,2026-10-07T09:44:12.361871+00:00,63,4,20261007,development,True,False,3
85096663309,J46,American Journal of Political Science,Political Science,2021,10.1111/ajps.12571,"Ideology, Not Affect: What Americans Want from Political Representation",85096663309,https://doi.org/10.1111/ajps.12571,Scopus,2026-10-07T09:44:14.150775+00:00,62,21,20261007,holdout,True,False,1
85090445420,J46,American Journal of Political Science,Political Science,2022,10.1111/ajps.12558,Executive Accountability Beyond Outcomes: Experimental Evidence on Public Evaluations of Powerful Prime Ministers,85090445420,https://doi.org/10.1111/ajps.12558,Scopus,2026-10-07T09:44:40.890290+00:00,62,1,20261007,development,True,False,2
85118504663,J46,American Journal of Political Science,Political Science,2023,10.1111/ajps.12679,A Priori Bounds on Legislative Bargaining Agreements,85118504663,https://doi.org/10.1111/ajps.12679,Scopus,2026-10-07T09:44:14.453170+00:00,69,45,20261007,development,True,False,1
85129179841,J46,American Journal of Political Science,Political Science,2024,10.1111/ajps.12708,The Electoral Consequences of Household Indebtedness under Austerity,85129179841,https://doi.org/10.1111/ajps.12708,Scopus,2026-10-07T09:44:14.508339+00:00,90,20,20261007,development,True,False,1
85204441582,J46,American Journal of Political Science,Political Science,2025,10.1111/ajps.12916,Authoritarian cue effect of state repression,85204441582,https://doi.org/10.1111/ajps.12916,Scopus,2026-10-07T09:44:16.605942+00:00,117,,20261007,development,True,False,5
85007440070,J47,American Political Science Review,Political Science,2016,10.1017/s0003055416000356,Aid as a tool against insurgency: Evidence from contested and controlled territory in Afghanistan,85007440070,https://doi.org/10.1017/s0003055416000356,Scopus,2026-10-07T09:44:16.992885+00:00,38,31,20261007,development,True,False,1
85018508446,J47,American Political Science Review,Political Science,2017,10.1017/s0003055417000041,Is the U.S. Government a corporation? the corporate origins of modern constitutionalism,85018508446,https://doi.org/10.1017/s0003055417000041,Scopus,2026-10-07T09:44:16.752004+00:00,44,17,20261007,development,True,False,1
85048739253,J47,American Political Science Review,Political Science,2018,10.1017/s0003055418000254,Are Human Rights Practices Improving?,85048739253,https://doi.org/10.1017/s0003055418000254,Scopus,2026-10-07T09:44:19.189912+00:00,65,61,20261007,holdout,True,False,2
85064805724,J47,American Political Science Review,Political Science,2019,10.1017/s0003055418000837,Demand effects in survey experiments: An empirical assessment,85064805724,https://doi.org/10.1017/s0003055418000837,Scopus,2026-10-07T09:44:19.269556+00:00,63,,20261007,development,True,False,2
85077327637,J47,American Political Science Review,Political Science,2020,10.1017/s0003055419000649,Noisy Retrospection: The Effect of Party Control on Policy Outcomes,85077327637,https://doi.org/10.1017/s0003055419000649,Scopus,2026-10-07T09:44:19.511140+00:00,90,42,20261007,holdout,True,False,2
85098180961,J47,American Political Science Review,Political Science,2021,10.1017/s0003055420001057,Family Matters: How Immigrant Histories Can Promote Inclusion,85098180961,https://doi.org/10.1017/s0003055420001057,Scopus,2026-10-07T09:44:21.577006+00:00,100,,20261007,development,True,False,6
85118939204,J47,American Political Science Review,Political Science,2022,10.1017/s0003055421001234,The Influence of Unknown Media on Public Opinion: Evidence from Local and Foreign News Sources,85118939204,https://doi.org/10.1017/s0003055421001234,Scopus,2026-10-07T09:44:21.971562+00:00,100,,20261007,development,True,False,2
85151565458,J47,American Political Science Review,Political Science,2023,10.1017/s0003055422000727,"Whitman's Undemocratic Vistas: Mortal Anxiety, National Glory, White Supremacy",85151565458,https://doi.org/10.1017/s0003055422000727,Scopus,2026-10-07T09:44:21.866717+00:00,107,54,20261007,development,True,False,1
85162977216,J47,American Political Science Review,Political Science,2024,10.1017/s0003055423000072,Modeling Spatial Heterogeneity and Historical Persistence: Nazi Concentration Camps and Contemporary Intolerance,85162977216,https://doi.org/10.1017/s0003055423000072,Scopus,2026-10-07T09:44:23.889010+00:00,123,5,20261007,development,True,False,3
85200591871,J47,American Political Science Review,Political Science,2025,10.1017/s0003055424000728,The American Viewer: Political Consequences of Entertainment Media,85200591871,https://doi.org/10.1017/s0003055424000728,Scopus,2026-10-07T09:44:24.291570+00:00,129,56,20261007,development,True,False,2
84988651873,J48,British Journal of Political Science,Political Science,2016,10.1017/s0007123414000404,The Ideological Asymmetry of the American Party System,84988651873,https://doi.org/10.1017/s0007123414000404,Scopus,2026-10-07T09:44:24.273072+00:00,10,3,20261007,holdout,True,False,2
84943800465,J48,British Journal of Political Science,Political Science,2017,10.1017/s0007123415000423,Political Competition and Ethnic Riots in Democratic Transition: A Lesson from Indonesia,84943800465,https://doi.org/10.1017/s0007123415000423,Scopus,2026-10-07T09:44:26.031959+00:00,19,10,20261007,development,True,False,1
85001958602,J48,British Journal of Political Science,Political Science,2018,10.1017/s0007123416000302,Labor Union Strength and the Equality of Political Representation,85001958602,https://doi.org/10.1017/s0007123416000302,Scopus,2026-10-07T09:44:26.423113+00:00,20,13,20261007,development,True,True,1
85017439852,J48,British Journal of Political Science,Political Science,2019,10.1017/s0007123416000739,"Information from Abroad: Foreign Media, Selective Exposure and Political Support in China",85017439852,https://doi.org/10.1017/s0007123416000739,Scopus,2026-10-07T09:44:26.424508+00:00,48,14,20261007,holdout,True,True,2
85042721612,J48,British Journal of Political Science,Political Science,2020,10.1017/s0007123417000503,How Do People Evaluate Foreign Aid To 'Nasty' Regimes?,85042721612,https://doi.org/10.1017/s0007123417000503,Scopus,2026-10-07T09:44:28.321540+00:00,45,,20261007,development,True,True,2
85079670115,J48,British Journal of Political Science,Political Science,2021,10.1017/s0007123419000620,Elite Communication and the Popular Legitimacy of International Organizations,85079670115,https://doi.org/10.1017/s0007123419000620,Scopus,2026-10-07T09:44:28.976435+00:00,78,,20261007,development,True,True,2
85101177545,J48,British Journal of Political Science,Political Science,2022,10.1017/s000712342000071x,Can Elites Escape Blame by Explaining Themselves? Suspicion and the Limits of Elite Explanations,85101177545,https://doi.org/10.1017/s000712342000071x,Scopus,2026-10-07T09:44:28.941755+00:00,116,,20261007,development,True,True,1
85175473443,J48,British Journal of Political Science,Political Science,2023,10.1017/s0007123422000746,How do Voters Form Perceptions of Party Positions?,85175473443,https://doi.org/10.1017/s0007123422000746,Scopus,2026-10-07T09:44:30.780257+00:00,84,,20261007,development,True,True,2
85180096254,J48,British Journal of Political Science,Political Science,2024,10.1017/s0007123423000327,Community Size and Electoral Preferences: Evidence from Post-Second World War Baden-WÜrttemberg,85180096254,https://doi.org/10.1017/s0007123423000327,Scopus,2026-10-07T09:44:31.372284+00:00,82,27,20261007,development,True,True,4
105005626231,J48,British Journal of Political Science,Political Science,2025,10.1017/s0007123424001017,Gendered Expectations: Do Voters Reward Women for Supporting Women's Interests?,105005626231,https://doi.org/10.1017/s0007123424001017,Scopus,2026-10-07T09:44:31.403207+00:00,176,,20261007,development,True,True,6
84977564547,J49,Comparative Political Studies,Political Science,2016,10.1177/0010414015621081,Coup d’État and Democracy,84977564547,https://doi.org/10.1177/0010414015621081,Scopus,2026-10-07T09:44:33.326434+00:00,63,38,20261007,development,True,True,1
85028984905,J49,Comparative Political Studies,Political Science,2017,10.1177/0010414016679179,"Executive–Legislative Relations, Party Defections, and Lower Level Administrative Unit Proliferation: Evidence From Kenya",85028984905,https://doi.org/10.1177/0010414016679179,Scopus,2026-10-07T09:44:33.893218+00:00,64,54,20261007,development,True,True,2
85041902677,J49,Comparative Political Studies,Political Science,2018,10.1177/0010414017710264,The Electoral Consequences of Offshoring: How the Globalization of Production Shapes Party Preferences,85041902677,https://doi.org/10.1177/0010414017710264,Scopus,2026-10-07T09:44:33.773814+00:00,58,16,20261007,holdout,True,True,2
85059619341,J49,Comparative Political Studies,Political Science,2019,10.1177/0010414018797939,Imperfect Recall: The Politics of Subnational Office Removals,85059619341,https://doi.org/10.1177/0010414018797939,Scopus,2026-10-07T09:44:35.686108+00:00,68,22,20261007,development,True,True,2
85070334220,J49,Comparative Political Studies,Political Science,2020,10.1177/0010414019858958,How Do Inclusionary and Exclusionary Autocracies Affect Ordinary People?,85070334220,https://doi.org/10.1177/0010414019858958,Scopus,2026-10-07T09:44:36.043349+00:00,69,57,20261007,holdout,True,True,3
85091061709,J49,Comparative Political Studies,Political Science,2021,10.1177/0010414020957667,Using Sermons to Study Religions’ Influence on Political Behavior,85091061709,https://doi.org/10.1177/0010414020957667,Scopus,2026-10-07T09:44:36.177797+00:00,80,24,20261007,development,True,True,2
85114990154,J49,Comparative Political Studies,Political Science,2022,10.1177/00104140211024293,Are Immigrant-Origin Candidates Penalized Due to Ingroup Favoritism or Outgroup Hostility?,85114990154,https://doi.org/10.1177/00104140211024293,Scopus,2026-10-07T09:44:38.378250+00:00,74,7,20261007,development,True,True,2
85162989401,J49,Comparative Political Studies,Political Science,2023,10.1177/00104140231169018,"Electoral Systems, Partisan Politics, and Income Redistribution: A Critical Quasi-Experiment",85162989401,https://doi.org/10.1177/00104140231169018,Scopus,2026-10-07T09:44:38.670307+00:00,68,64,20261007,development,True,True,2
85182193971,J49,Comparative Political Studies,Political Science,2024,10.1177/00104140231223745,Backlash or Progressive Mobilization? Voter Reactions to Perceived Trajectories of Women’s Representation,85182193971,https://doi.org/10.1177/00104140231223745,Scopus,2026-10-07T09:44:38.574492+00:00,81,71,20261007,development,True,True,1
105002979767,J49,Comparative Political Studies,Political Science,2025,10.1177/00104140241269956,The Diffusion of Exclusion: Medieval Expulsions of Jews,105002979767,https://doi.org/10.1177/00104140241269956,Scopus,2026-10-07T09:44:40.747156+00:00,95,51,20261007,development,True,True,1
84984796627,J50,Journal of Conflict Resolution,Political Science,2016,10.1177/0022002714567951,"Undermining Resistance: Mobilization, Repression, and the Enforcement of Political Order",84984796627,https://doi.org/10.1177/0022002714567951,Scopus,2026-10-07T09:44:40.876515+00:00,54,46,20261007,holdout,True,True,1
85029518256,J50,Journal of Conflict Resolution,Political Science,2017,10.1177/0022002717721385,Dynamics and Logics of Civil War,85029518256,https://doi.org/10.1177/0022002717721385,Scopus,2026-10-07T09:44:41.034926+00:00,84,68,20261007,development,True,True,2
85045528842,J50,Journal of Conflict Resolution,Political Science,2018,10.1177/0022002716669572,"Covert Operations, Wars, Detainee Destinations, and the Psychology of Democratic Peace",85045528842,https://doi.org/10.1177/0022002716669572,Scopus,2026-10-07T09:44:47.802209+00:00,79,33,20261007,development,True,True,4
85052552201,J50,Journal of Conflict Resolution,Political Science,2019,10.1177/0022002718789738,"Militarized Disputes, Uncertainty, and Leader Tenure",85052552201,https://doi.org/10.1177/0022002718789738,Scopus,2026-10-07T09:44:43.297366+00:00,89,41,20261007,holdout,True,True,2
85077360242,J50,Journal of Conflict Resolution,Political Science,2020,10.1177/0022002719889665,"Climate Shocks, Political Institutions, and Nomadic Invasions in Early Modern East Asia",85077360242,https://doi.org/10.1177/0022002719889665,Scopus,2026-10-07T09:44:46.645864+00:00,71,37,20261007,development,True,True,1
85102454509,J50,Journal of Conflict Resolution,Political Science,2021,10.1177/0022002721991627,The Effect of Civilian Casualties on Wartime Informing: Evidence from the Iraq War,85102454509,https://doi.org/10.1177/0022002721991627,Scopus,2026-10-07T09:44:47.069598+00:00,63,43,20261007,development,True,True,2
85131596715,J50,Journal of Conflict Resolution,Political Science,2022,10.1177/00220027221106960,Wargame of Drones: Remotely Piloted Aircraft and Crisis Escalation,85131596715,https://doi.org/10.1177/00220027221106960,Scopus,2026-10-07T09:44:45.629112+00:00,68,,20261007,development,True,True,1
85138250666,J50,Journal of Conflict Resolution,Political Science,2023,10.1177/00220027221121139,Targeting and Public Opinion: An Experimental Analysis in Ukraine,85138250666,https://doi.org/10.1177/00220027221121139,Scopus,2026-10-07T09:44:49.816794+00:00,73,30,20261007,development,True,True,2
85150295619,J50,Journal of Conflict Resolution,Political Science,2024,10.1177/00220027231159830,What is in a Mandate? Introducing the UN Peace Mission Mandates Dataset,85150295619,https://doi.org/10.1177/00220027231159830,Scopus,2026-10-07T09:44:52.069019+00:00,77,3,20261007,development,True,True,3
85201261913,J50,Journal of Conflict Resolution,Political Science,2025,10.1177/00220027241267839,In the Army We Trust: Public Confidence in Global South Militaries,85201261913,https://doi.org/10.1177/00220027241267839,Scopus,2026-10-07T09:44:49.404557+00:00,67,36,20261007,development,True,True,2
85032627193,J51,Journal of Experimental Political Science,Political Science,2016,10.1017/xps.2015.7,The Electoral Sweet Spot in the Lab,85032627193,https://doi.org/10.1017/xps.2015.7,Scopus,2026-10-07T09:44:50.291060+00:00,16,13,20261007,holdout,True,True,3
85046645518,J51,Journal of Experimental Political Science,Political Science,2017,10.1017/xps.2017.7,Politicians Appear More Competent When Using Numerical Rhetoric,85046645518,https://doi.org/10.1017/xps.2017.7,Scopus,2026-10-07T09:44:51.880087+00:00,15,,20261007,development,True,True,1
85055134355,J51,Journal of Experimental Political Science,Political Science,2018,10.1017/xps.2018.1,How to Survey about Electoral Turnout? Additional Evidence,85055134355,https://doi.org/10.1017/xps.2018.1,Scopus,2026-10-07T09:44:52.070562+00:00,17,12,20261007,holdout,False,False,1
85066605513,J51,Journal of Experimental Political Science,Political Science,2019,10.1017/xps.2018.27,Language Heightens the Political Salience of Ethnic Divisions,85066605513,https://doi.org/10.1017/xps.2018.27,Scopus,2026-10-07T09:44:53.966703+00:00,19,,20261007,development,True,True,2
85086600850,J51,Journal of Experimental Political Science,Political Science,2020,10.1017/xps.2019.2,Campaign mailers and intent to turnout: Do similar field and survey experiments yield the same conclusions?,85086600850,https://doi.org/10.1017/xps.2019.2,Scopus,2026-10-07T09:44:54.511314+00:00,19,,20261007,development,False,True,2
85122139505,J51,Journal of Experimental Political Science,Political Science,2021,10.1017/xps.2020.7,Inferring Intentions from Consequences: How Moral Judgments Shape Citizen Perceptions of Wartime Conduct,85122139505,https://doi.org/10.1017/xps.2020.7,Scopus,2026-10-07T09:44:54.425588+00:00,19,,20261007,development,True,True,3
85126092639,J51,Journal of Experimental Political Science,Political Science,2022,10.1017/xps.2020.30,Citizens' Attitudes to Contact Tracing Apps,85126092639,https://doi.org/10.1017/xps.2020.30,Scopus,2026-10-07T09:44:54.694404+00:00,30,19,20261007,development,True,True,3
85174000856,J51,Journal of Experimental Political Science,Political Science,2023,10.1017/xps.2022.19,The Civic Option? Using Experiments to Estimate the Effects of Consuming Information in Local Elections,85174000856,https://doi.org/10.1017/xps.2022.19,Scopus,2026-10-07T09:44:56.567818+00:00,46,,20261007,development,True,True,3
85169622619,J51,Journal of Experimental Political Science,Political Science,2024,10.1017/xps.2023.27,Paying for growth or goods: Tax morale among property owners in Lagos,85169622619,https://doi.org/10.1017/xps.2023.27,Scopus,2026-10-07T09:44:56.974397+00:00,24,15,20261007,development,True,True,2
85208237881,J51,Journal of Experimental Political Science,Political Science,2025,10.1017/xps.2024.10,Is a Picture Worth 280 Characters?: Contextually Realistic Graphics vs. Plain Text in Survey Experiments,85208237881,https://doi.org/10.1017/xps.2024.10,Scopus,2026-10-07T09:44:57.764108+00:00,46,,20261007,development,True,True,2
84969866281,J52,World Politics,Political Science,2016,10.1017/s0043887115000453,Electoral handouts as information: Explaining unmonitored vote buying,84969866281,https://doi.org/10.1017/s0043887115000453,Scopus,2026-10-07T09:44:57.088506+00:00,9,0,20261007,development,True,False,1
85029956092,J52,World Politics,Political Science,2017,10.1017/s004388711700017x,Religion and the Regime: Cooperation and Conflict in Contemporary Russia and China,85029956092,https://doi.org/10.1017/s004388711700017x,Scopus,2026-10-07T09:44:58.853938+00:00,8,4,20261007,development,True,False,1
85052962047,J52,World Politics,Political Science,2018,10.1017/s0043887118000114,Linkage Politics and Complex Governance in Transatlantic Surveillance,85052962047,https://doi.org/10.1017/s0043887118000114,Scopus,2026-10-07T09:44:59.220032+00:00,11,8,20261007,development,True,False,2
85071924822,J52,World Politics,Political Science,2019,10.1017/s0043887119000078,"Vote Brokers, Clientelist Appeals, and Voter Turnout: Evidence from Russia and Venezuela",85071924822,https://doi.org/10.1017/s0043887119000078,Scopus,2026-10-07T09:44:59.237686+00:00,16,11,20261007,development,True,True,3
85086785215,J52,World Politics,Political Science,2020,10.1017/s0043887120000039,The Durability of Client Regimes,85086785215,https://doi.org/10.1017/s0043887120000039,Scopus,2026-10-07T09:44:59.931476+00:00,18,1,20261007,development,True,True,1
85102508505,J52,World Politics,Political Science,2021,10.1017/s0043887120000258,Mobilization Campaigns and Rural Development: The East Asian Model Reconsidered,85102508505,https://doi.org/10.1017/s0043887120000258,Scopus,2026-10-07T09:45:01.245129+00:00,12,2,20261007,holdout,True,True,1
85141294097,J52,World Politics,Political Science,2022,10.1017/s0043887122000107,The Political Economy of NGO Service Provision,85141294097,https://doi.org/10.1017/s0043887122000107,Scopus,2026-10-07T09:45:02.187346+00:00,16,12,20261007,development,True,True,1
105032858895,J52,World Politics,Political Science,2023,10.1353/wp.2023.a900711,“THIS RALLY IS NOT AUTHORIZED” Preventive Repression and Public Opinion in Electoral Autocracies,105032858895,https://doi.org/10.1353/wp.2023.a900711,Scopus,2026-10-07T09:45:01.873083+00:00,16,6,20261007,development,True,True,1
cr_e3d33b93350b,J52,World Politics,Political Science,2024,10.1353/wp.2024.a933069,Industrialization and Democracy,,https://doi.org/10.1353/wp.2024.a933069,Crossref,2026-10-07T09:47:09.288071+00:00,20,11,20261007,development,True,False,1
cr_34f1fcfe0baa,J52,World Politics,Political Science,2025,10.1353/wp.2025.a954434,Democracy and Economic Growth: Theoretical Debates and Empirical Contributions,,https://doi.org/10.1353/wp.2025.a954434,Crossref,2026-10-07T09:47:09.288071+00:00,39,10,20261007,holdout,True,False,1
84954320357,J53,Journal of Public Administration Research and Theory,Political Science,2016,10.1093/jopart/muu032,The Administrative Organization of Sustainability Within Local Government,84954320357,https://doi.org/10.1093/jopart/muu032,Scopus,2026-10-07T09:45:03.603175+00:00,44,8,20261007,development,True,False,3
85014597629,J53,Journal of Public Administration Research and Theory,Political Science,2017,10.1093/jopart/muw041,Linking network structure to collaborative governance,85014597629,https://doi.org/10.1093/jopart/muw041,Scopus,2026-10-07T09:45:04.281143+00:00,37,20,20261007,development,True,False,2
85048552230,J53,Journal of Public Administration Research and Theory,Political Science,2018,10.1093/jopart/muy004,Public organization adaptation to extreme events: Mediating role of risk perception,85048552230,https://doi.org/10.1093/jopart/muy004,Scopus,2026-10-07T09:45:04.676524+00:00,28,21,20261007,development,True,False,3
85062262291,J53,Journal of Public Administration Research and Theory,Political Science,2019,10.1093/jopart/muy035,Acceptance or disapproval: Performance information in the eyes of public frontline employees,85062262291,https://doi.org/10.1093/jopart/muy035,Scopus,2026-10-07T09:45:04.902360+00:00,39,,20261007,development,True,False,3
85092704586,J53,Journal of Public Administration Research and Theory,Political Science,2020,10.1093/jopart/muaa016,The Benefits of PSM: An Oasis or a Mirage?,85092704586,https://doi.org/10.1093/jopart/muaa016,Scopus,2026-10-07T09:45:06.158279+00:00,34,25,20261007,holdout,True,False,3
85127203151,J53,Journal of Public Administration Research and Theory,Political Science,2021,10.1093/jopart/muaa028,A Female Policy Premium? Agency Context and Women's Leadership in the U.S. Federal Bureaucracy,85127203151,https://doi.org/10.1093/jopart/muaa028,Scopus,2026-10-07T09:45:06.663139+00:00,44,0,20261007,development,True,False,2
85132790153,J53,Journal of Public Administration Research and Theory,Political Science,2022,10.1093/jopart/muab042,Reducing Burnout and Resignations among Frontline Workers: A Field Experiment,85132790153,https://doi.org/10.1093/jopart/muab042,Scopus,2026-10-07T09:45:07.483527+00:00,45,25,20261007,development,True,False,3
85193223068,J53,Journal of Public Administration Research and Theory,Political Science,2023,10.1093/jopart/muac007,Human-AI Interactions in Public Sector Decision Making: “Automation Bias” and “Selective Adherence” to Algorithmic Advice,85193223068,https://doi.org/10.1093/jopart/muac007,Scopus,2026-10-07T09:45:07.429073+00:00,48,12,20261007,holdout,True,False,2
85177437929,J53,Journal of Public Administration Research and Theory,Political Science,2024,10.1093/jopart/muad020,Assessing the Effects of User Accountability in Contracting Out,85177437929,https://doi.org/10.1093/jopart/muad020,Scopus,2026-10-07T09:45:08.745851+00:00,41,16,20261007,development,True,False,5
105010872858,J53,Journal of Public Administration Research and Theory,Political Science,2025,10.1093/jopart/muaf012,Patterns of bureaucracy: Conceptualizing administrative traditions,105010872858,https://doi.org/10.1093/jopart/muaf012,Scopus,2026-10-07T09:45:09.388705+00:00,33,24,20261007,development,True,True,1
84931077293,J54,Public Administration Review,Political Science,2016,10.1111/puar.12406,Interpreting Performance Information: Motivated Reasoning or Unbiased Comprehension,84931077293,https://doi.org/10.1111/puar.12406,Scopus,2026-10-07T09:45:13.079598+00:00,81,,20261007,development,True,False,2
85000361002,J54,Public Administration Review,Political Science,2017,10.1111/puar.12683,Developing Practice-Oriented Theory on Collaboration: A Paradox Lens,85000361002,https://doi.org/10.1111/puar.12683,Scopus,2026-10-07T09:45:13.283061+00:00,76,18,20261007,development,True,False,1
85017446181,J54,Public Administration Review,Political Science,2018,10.1111/puar.12769,Why Do Nonprofit Performing Arts Organizations Offer Free Public Access?,85017446181,https://doi.org/10.1111/puar.12769,Scopus,2026-10-07T09:45:14.381256+00:00,78,13,20261007,development,True,False,3
85059285779,J54,Public Administration Review,Political Science,2019,10.1111/puar.12898,Playground or Church? Implications for Public Administration from Trinity Lutheran v. Comer,85059285779,https://doi.org/10.1111/puar.12898,Scopus,2026-10-07T09:45:11.510134+00:00,76,17,20261007,development,True,False,1
85087021293,J54,Public Administration Review,Political Science,2020,10.1111/puar.13248,"Unprecedented Challenges, Familiar Paradoxes: COVID-19 and Governance in a New Normal State of Risks",85087021293,https://doi.org/10.1111/puar.13248,Scopus,2026-10-07T09:45:13.924657+00:00,102,53,20261007,holdout,True,False,1
85089974993,J54,Public Administration Review,Political Science,2021,10.1111/puar.13263,Branding as a Public Governance Strategy: A Q Methodological Analysis of How Companies React to Place Branding Strategies,85089974993,https://doi.org/10.1111/puar.13263,Scopus,2026-10-07T09:45:15.794937+00:00,90,59,20261007,development,True,False,3
85117116459,J54,Public Administration Review,Political Science,2022,10.1111/puar.13433,Public Management for Populists: Trump's Schedule F Executive Order and the Future of the Civil Service,85117116459,https://doi.org/10.1111/puar.13433,Scopus,2026-10-07T09:45:15.811880+00:00,86,2,20261007,development,True,False,1
85158033342,J54,Public Administration Review,Political Science,2023,10.1111/puar.13629,Policy entrepreneurs and individuals: Influence and behavior in pandemic response,85158033342,https://doi.org/10.1111/puar.13629,Scopus,2026-10-07T09:45:16.168456+00:00,107,73,20261007,development,True,False,8
85190439390,J54,Public Administration Review,Political Science,2024,10.1111/puar.13821,Governance by artifacts: Theory and evidence on materiality of administrative burdens,85190439390,https://doi.org/10.1111/puar.13821,Scopus,2026-10-07T09:45:16.947056+00:00,73,68,20261007,holdout,True,False,2
85175738454,J54,Public Administration Review,Political Science,2025,10.1111/puar.13751,It's not merely about the content: How rules are communicated matters to administrative burden,85175738454,https://doi.org/10.1111/puar.13751,Scopus,2026-10-07T09:45:18.094922+00:00,109,,20261007,development,True,False,3
84967194473,J55,American Journal of Sociology,Sociology,2016,10.1086/685441,"The diffusion of strikes: A dyadic analysis of economic sectors in the Netherlands, 1995-2007",84967194473,https://doi.org/10.1086/685441,Scopus,2026-10-07T09:45:18.070906+00:00,38,18,20261007,development,True,False,3
85021713114,J55,American Journal of Sociology,Sociology,2017,10.1086/692248,The price of admission: Organizational deference as strategic behavior,85021713114,https://doi.org/10.1086/692248,Scopus,2026-10-07T09:45:18.482125+00:00,36,5,20261007,development,True,False,3
85047661576,J55,American Journal of Sociology,Sociology,2018,10.1086/696263,Elitist by default? Interaction dynamics and the inclusiveness of secularization in Turkish literary milieus,85047661576,https://doi.org/10.1086/696263,Scopus,2026-10-07T09:45:19.287485+00:00,34,7,20261007,holdout,True,False,1
85062722672,J55,American Journal of Sociology,Sociology,2019,10.1086/701703,The world system and the hollowing out of state capacity: How structural adjustment programs affect bureaucratic quality in developing countries,85062722672,https://doi.org/10.1086/701703,Scopus,2026-10-07T09:45:20.231620+00:00,30,5,20261007,development,True,False,4
85097097573,J55,American Journal of Sociology,Sociology,2020,10.1086/711015,"Unequal displacement: Gentrification, racial stratification, and residential destinations in philadelphia",85097097573,https://doi.org/10.1086/711015,Scopus,2026-10-07T09:45:20.512141+00:00,26,16,20261007,development,True,False,2
85107636632,J55,American Journal of Sociology,Sociology,2021,10.1086/714272,Marital experiences and depression in an arranged marriage setting,85107636632,https://doi.org/10.1086/714272,Scopus,2026-10-07T09:45:20.732801+00:00,34,13,20261007,holdout,True,False,2
85126677663,J55,American Journal of Sociology,Sociology,2022,10.1086/719001,Softer Policing or the Institutionalization of Protest? Decomposing Changes in Observed Protest Policing over Time,85126677663,https://doi.org/10.1086/719001,Scopus,2026-10-07T09:45:21.690960+00:00,35,2,20261007,development,True,False,4
85178888486,J55,American Journal of Sociology,Sociology,2023,10.1086/726582,Representational Hierarchies in Social Movements: A Case Study of the Undocumented Immigrant Youth Movement1,85178888486,https://doi.org/10.1086/726582,Scopus,2026-10-07T09:45:22.644364+00:00,36,27,20261007,development,True,False,2
85188245857,J55,American Journal of Sociology,Sociology,2024,10.1086/728786,Identities and Interactions: Reentry and Reintegration after Incarceration for Genocide,85188245857,https://doi.org/10.1086/728786,Scopus,2026-10-07T09:45:22.877848+00:00,29,0,20261007,development,True,False,2
105010952459,J55,American Journal of Sociology,Sociology,2025,10.1086/735618,"What Makes a Decision Fair? Relative Earnings, Gender, and Justifications for Couples’ Decision-Making1",105010952459,https://doi.org/10.1086/735618,Scopus,2026-10-07T09:45:23.044790+00:00,29,11,20261007,development,True,False,2
84979997671,J56,American Sociological Review,Sociology,2016,10.1177/0003122416653112,"Nonmarital First Births, Marriage, and Income Inequality",84979997671,https://doi.org/10.1177/0003122416653112,Scopus,2026-10-07T09:45:24.037425+00:00,49,30,20261007,holdout,True,True,3
85026323692,J56,American Sociological Review,Sociology,2017,10.1177/0003122417710462,Where “Old Heads” Prevail: Inmate Hierarchy in a Men’s Prison Unit,85026323692,https://doi.org/10.1177/0003122417710462,Scopus,2026-10-07T09:45:25.004356+00:00,48,26,20261007,development,True,True,6
85047483387,J56,American Sociological Review,Sociology,2018,10.1177/0003122418773775,Addressing Recognition Gaps: Destigmatization and the Reduction of Inequality,85047483387,https://doi.org/10.1177/0003122418773775,Scopus,2026-10-07T09:45:25.350258+00:00,42,18,20261007,development,True,True,1
85074210557,J56,American Sociological Review,Sociology,2019,10.1177/0003122419871957,"Certainty, Uncertainty, or Indifference? Examining Variation in the Identity Narratives of Nonreligious Americans",85074210557,https://doi.org/10.1177/0003122419871957,Scopus,2026-10-07T09:45:25.502510+00:00,40,31,20261007,development,True,True,1
85078743824,J56,American Sociological Review,Sociology,2020,10.1177/0003122419897873,"Educational Expansion, Skills Diffusion, and the Economic Value of Credentials and Skills",85078743824,https://doi.org/10.1177/0003122419897873,Scopus,2026-10-07T09:45:26.607063+00:00,38,5,20261007,development,True,True,1
85100852124,J56,American Sociological Review,Sociology,2021,10.1177/0003122420987199,Translating Expertise across Work Contexts: U.S. Puppeteers Move from Stage to Screen,85100852124,https://doi.org/10.1177/0003122420987199,Scopus,2026-10-07T09:45:27.429608+00:00,40,12,20261007,development,True,True,2
85134620869,J56,American Sociological Review,Sociology,2022,10.1177/00031224221108196,Selfish or Substituting Spirituality? Clarifying the Relationship between Spiritual Practice and Political Engagement,85134620869,https://doi.org/10.1177/00031224221108196,Scopus,2026-10-07T09:45:27.672480+00:00,37,20,20261007,holdout,True,True,2
85176462448,J56,American Sociological Review,Sociology,2023,10.1177/00031224231207395,Who Profits from Occupational Licensing?,85176462448,https://doi.org/10.1177/00031224231207395,Scopus,2026-10-07T09:45:27.936083+00:00,36,35,20261007,development,True,True,1
85194934624,J56,American Sociological Review,Sociology,2024,10.1177/00031224241245706,"Hiring Discrimination Under Pressures to Diversify: Gender, Race, and Diversity Commodification across Job Transitions in Software Engineering",85194934624,https://doi.org/10.1177/00031224241245706,Scopus,2026-10-07T09:45:28.904922+00:00,37,15,20261007,development,True,True,3
85214208692,J56,American Sociological Review,Sociology,2025,10.1177/00031224241305357,"The Labor of Distinction: Butlers, Service Work, and the Production of Elite Lifestyles",85214208692,https://doi.org/10.1177/00031224241305357,Scopus,2026-10-07T09:45:29.680703+00:00,48,0,20261007,development,True,True,2
84991669685,J57,Demography,Sociology,2016,10.1007/s13524-016-0513-7,"Ready, Willing, and Able? Impediments to the Onset of Marital Fertility Decline in the United States",84991669685,https://doi.org/10.1007/s13524-016-0513-7,Scopus,2026-10-07T09:45:30.071813+00:00,85,69,20261007,development,True,True,1
85008185835,J57,Demography,Sociology,2017,10.1007/s13524-016-0535-1,Age at Arrival and Life Chances Among Childhood Immigrants,85008185835,https://doi.org/10.1007/s13524-016-0535-1,Scopus,2026-10-07T09:45:30.297207+00:00,100,13,20261007,development,True,True,1
85038372128,J57,Demography,Sociology,2018,10.1007/s13524-017-0635-6,Comparing Observed and Unobserved Components of Childhood: Evidence From Finnish Register Data on Midlife Mortality From Siblings and Their Parents,85038372128,https://doi.org/10.1007/s13524-017-0635-6,Scopus,2026-10-07T09:45:31.569308+00:00,96,3,20261007,development,True,True,4
85056337280,J57,Demography,Sociology,2019,10.1007/s13524-018-0734-z,Skin Color and Social Mobility: Evidence From Mexico,85056337280,https://doi.org/10.1007/s13524-018-0734-z,Scopus,2026-10-07T09:45:32.109435+00:00,97,0,20261007,development,True,True,2
85081897824,J57,Demography,Sociology,2020,10.1007/s13524-019-00849-4,Parental Migration and Early Childhood Development in Rural China,85081897824,https://doi.org/10.1007/s13524-019-00849-4,Scopus,2026-10-07T09:45:32.373911+00:00,93,30,20261007,development,True,True,7
85114055491,J57,Demography,Sociology,2021,10.1215/00703370-9398597,Rising inequality in mothers’ employment statuses: The role of intergenerational transmission,85114055491,https://doi.org/10.1215/00703370-9398597,Scopus,2026-10-07T09:45:32.573549+00:00,97,22,20261007,development,True,True,1
85123969292,J57,Demography,Sociology,2022,10.1215/00703370-9644472,Multiple Perspectives on Recent Trends in Unwanted Fertility in Low- and Middle-Income Countries,85123969292,https://doi.org/10.1215/00703370-9644472,Scopus,2026-10-07T09:45:34.377807+00:00,98,20,20261007,holdout,True,True,2
85180009061,J57,Demography,Sociology,2023,10.1215/00703370-11067917,The Dangers of Drawing Cohort Profiles From Period Data: A Research Note,85180009061,https://doi.org/10.1215/00703370-11067917,Scopus,2026-10-07T09:45:34.556998+00:00,80,8,20261007,holdout,True,True,5
85190176123,J57,Demography,Sociology,2024,10.1215/00703370-11232676,The Grandchildren of Immigrants in Western Europe: Patterns of Assimilation Among the Emerging Third Generation,85190176123,https://doi.org/10.1215/00703370-11232676,Scopus,2026-10-07T09:45:34.724582+00:00,91,37,20261007,development,True,True,2
105014545124,J57,Demography,Sociology,2025,10.1215/00703370-12175489,Inequalities in the Duration and Lifetime Risk of Dementia in the United States,105014545124,https://doi.org/10.1215/00703370-12175489,Scopus,2026-10-07T09:45:35.469635+00:00,98,24,20261007,development,True,True,3
84992316517,J58,European Sociological Review,Sociology,2016,10.1093/esr/jcw008,Does the EU Economic Crisis Undermine Subjective Europeanization? Assessing the Dynamics of Citizens' EU Framing between 2004 and 2013,84992316517,https://doi.org/10.1093/esr/jcw008,Scopus,2026-10-07T09:45:36.671836+00:00,51,34,20261007,holdout,True,False,1
85016218828,J58,European Sociological Review,Sociology,2017,10.1093/esr/jcw049,"Intra-and inter-group friendship choices of christian, muslim, and non-religious youth in Germany",85016218828,https://doi.org/10.1093/esr/jcw049,Scopus,2026-10-07T09:45:36.776715+00:00,55,7,20261007,development,True,False,2
85056907668,J58,European Sociological Review,Sociology,2018,10.1093/esr/jcy039,Why are employers put off by long spells of unemployment?,85056907668,https://doi.org/10.1093/esr/jcy039,Scopus,2026-10-07T09:45:36.925028+00:00,44,,20261007,development,True,False,5
85083990444,J58,European Sociological Review,Sociology,2019,10.1093/esr/jcz010,"Signals, Educational Decision-Making, and Inequality",85083990444,https://doi.org/10.1093/esr/jcz010,Scopus,2026-10-07T09:45:37.812999+00:00,51,23,20261007,holdout,True,False,3
85084699025,J58,European Sociological Review,Sociology,2020,10.1093/esr/jcz041,"Does Demanding Activation Work? A Comparative Analysis of the Effects of Unemployment Benefit Conditionality on Employment in 21 Advanced Economies, 1980-2012",85084699025,https://doi.org/10.1093/esr/jcz041,Scopus,2026-10-07T09:45:39.171757+00:00,57,2,20261007,development,True,False,1
85112395366,J58,European Sociological Review,Sociology,2021,10.1093/esr/jcaa069,"How Does Age Shape Social Interactions? Interviewer-Age Effects, Normative Age Distance, and Gender Attitudes",85112395366,https://doi.org/10.1093/esr/jcaa069,Scopus,2026-10-07T09:45:39.185995+00:00,59,38,20261007,development,True,False,1
85136927900,J58,European Sociological Review,Sociology,2022,10.1093/esr/jcac002,Swiss Job Market Monitor: A Rich Source of Demand-Side Micro Data of the Labour Market,85136927900,https://doi.org/10.1093/esr/jcac002,Scopus,2026-10-07T09:45:39.387535+00:00,60,56,20261007,development,True,False,6
85168128619,J58,European Sociological Review,Sociology,2023,10.1093/esr/jcac049,Social and cultural mobility: Rising to the middle class and cultural practices in contemporary Finland,85168128619,https://doi.org/10.1093/esr/jcac049,Scopus,2026-10-07T09:45:40.285493+00:00,64,33,20261007,development,True,False,1
85173974617,J58,European Sociological Review,Sociology,2024,10.1093/esr/jcad026,Material deprivation in childhood and unequal political socialization: the relationship between children’s economic hardship and future voting,85173974617,https://doi.org/10.1093/esr/jcad026,Scopus,2026-10-07T09:45:41.524159+00:00,68,9,20261007,development,True,False,2
105025888183,J58,European Sociological Review,Sociology,2025,10.1093/esr/jcaf008,"Gendered beauty inequalities? A multiverse analysis of physical attractiveness, occupational gender-typicality and earnings in the German labour market",105025888183,https://doi.org/10.1093/esr/jcaf008,Scopus,2026-10-07T09:45:41.298701+00:00,60,51,20261007,development,True,False,3
84985986758,J59,Journal of Marriage and Family,Sociology,2016,10.1111/jomf.12364,How Early Life Religious Exposure Relates to the Timing of First Birth,84985986758,https://doi.org/10.1111/jomf.12364,Scopus,2026-10-07T09:45:41.518306+00:00,88,85,20261007,development,True,True,2
85021835234,J59,Journal of Marriage and Family,Sociology,2017,10.1111/jomf.12429,Parental Incarceration and the Transition to Adulthood,85021835234,https://doi.org/10.1111/jomf.12429,Scopus,2026-10-07T09:45:42.627897+00:00,84,75,20261007,holdout,True,True,2
85049036585,J59,Journal of Marriage and Family,Sociology,2018,10.1111/jomf.12488,Gender Equality and Restless Sleep Among Partnered Europeans,85049036585,https://doi.org/10.1111/jomf.12488,Scopus,2026-10-07T09:45:43.578066+00:00,78,46,20261007,holdout,True,True,3
85053064765,J59,Journal of Marriage and Family,Sociology,2019,10.1111/jomf.12519,"Becoming “Us”: Marital Name, Gender, and Agentic Work in Transition to Marriage",85053064765,https://doi.org/10.1111/jomf.12519,Scopus,2026-10-07T09:45:43.705098+00:00,75,10,20261007,development,True,True,1
85077327099,J59,Journal of Marriage and Family,Sociology,2020,10.1111/jomf.12617,Cohabitation and Marriage: Complexity and Diversity in Union-Formation Patterns,85077327099,https://doi.org/10.1111/jomf.12617,Scopus,2026-10-07T09:45:43.766260+00:00,87,3,20261007,development,True,True,2
85087786568,J59,Journal of Marriage and Family,Sociology,2021,10.1111/jomf.12696,Work Schedule Unpredictability: Daily Occurrence and Effects on Working Parents' Well-Being,85087786568,https://doi.org/10.1111/jomf.12696,Scopus,2026-10-07T09:45:44.993225+00:00,82,6,20261007,development,True,True,2
85123888408,J59,Journal of Marriage and Family,Sociology,2022,10.1111/jomf.12821,"Friend, foe, or forget ‘em?: The quality of LGBTQ adult sibling relationships",85123888408,https://doi.org/10.1111/jomf.12821,Scopus,2026-10-07T09:45:45.707668+00:00,74,18,20261007,development,True,True,3
85134008743,J59,Journal of Marriage and Family,Sociology,2023,10.1111/jomf.12872,“Normal” childhood in the lives of financially struggling white daughters and mothers,85134008743,https://doi.org/10.1111/jomf.12872,Scopus,2026-10-07T09:45:45.878180+00:00,57,2,20261007,development,True,True,1
85168011317,J59,Journal of Marriage and Family,Sociology,2024,10.1111/jomf.12933,Associations between parental precarious work schedules and child behavior problems among low-income families,85168011317,https://doi.org/10.1111/jomf.12933,Scopus,2026-10-07T09:45:46.271373+00:00,75,37,20261007,development,True,True,2
86000372690,J59,Journal of Marriage and Family,Sociology,2025,10.1111/jomf.13037,Gender inequality in intergenerational contact after parental separation in the digital era,86000372690,https://doi.org/10.1111/jomf.13037,Scopus,2026-10-07T09:45:47.252246+00:00,115,29,20261007,development,True,True,2
84975044355,J60,Social Forces,Sociology,2016,10.1093/sf/sow031,"NGOs, INGOs, and environmental policy reform, 1970-2010",84975044355,https://doi.org/10.1093/sf/sow031,Scopus,2026-10-07T09:45:47.983626+00:00,66,17,20261007,development,True,False,4
85014218825,J60,Social Forces,Sociology,2017,10.1093/sf/sow088,School opportunity hoarding? racial segregation and access to high growth schools,85014218825,https://doi.org/10.1093/sf/sow088,Scopus,2026-10-07T09:45:48.836957+00:00,63,6,20261007,development,True,False,2
85048125432,J60,Social Forces,Sociology,2018,10.1093/sf/sox091,Escalating moral obligation in the Wisconsin uprising of 2011,85048125432,https://doi.org/10.1093/sf/sox091,Scopus,2026-10-07T09:45:48.676382+00:00,62,40,20261007,development,True,False,1
85070589274,J60,Social Forces,Sociology,2019,10.1093/sf/soz012,Education-Based Status in Comparative Perspective: The Legitimization of Education as a Basis for Social Stratification,85070589274,https://doi.org/10.1093/sf/soz012,Scopus,2026-10-07T09:45:49.577694+00:00,44,32,20261007,development,True,False,4
85090143580,J60,Social Forces,Sociology,2020,10.1093/sf/soaa018,Happiness in hard times: Does religion buffer the negative effect of unemployment on happiness?,85090143580,https://doi.org/10.1093/sf/soaa018,Scopus,2026-10-07T09:45:50.206820+00:00,48,32,20261007,development,True,False,2
85113743631,J60,Social Forces,Sociology,2021,10.1093/sf/soaa098,Life Course Events and Migration in the Transition to Adulthood,85113743631,https://doi.org/10.1093/sf/soaa098,Scopus,2026-10-07T09:45:51.110760+00:00,56,36,20261007,development,True,False,2
85130400952,J60,Social Forces,Sociology,2022,10.1093/sf/soab088,The Dilution of Parents' Nonmaterial Resources in Stepfamilies: The Role of Complex Sibling Configurations in Parental Involvement,85130400952,https://doi.org/10.1093/sf/soab088,Scopus,2026-10-07T09:45:51.009295+00:00,69,33,20261007,holdout,True,False,3
85166424093,J60,Social Forces,Sociology,2023,10.1093/sf/soad008,The Differential Impacts of Contingent Employment on Fertility: Evidence from Australia,85166424093,https://doi.org/10.1093/sf/soad008,Scopus,2026-10-07T09:45:52.028628+00:00,70,49,20261007,development,True,False,3
85207136011,J60,Social Forces,Sociology,2024,10.1093/sf/soae081,Fatherhood and men's working hours in a part-time economy,85207136011,https://doi.org/10.1093/sf/soae081,Scopus,2026-10-07T09:45:52.725173+00:00,72,63,20261007,development,True,True,3
105010586727,J60,Social Forces,Sociology,2025,10.1093/sf/soae173,"""you just feel re-violated"": Coercive sexual control in juvenile detention",105010586727,https://doi.org/10.1093/sf/soae173,Scopus,2026-10-07T09:45:53.381411+00:00,72,46,20261007,holdout,True,True,1
84958629730,J61,Criminology,Sociology,2016,10.1111/1745-9125.12094,How the U.S. prison boom has changed the age distribution of the prison population,84958629730,https://doi.org/10.1111/1745-9125.12094,Scopus,2026-10-07T09:45:53.382331+00:00,25,2,20261007,holdout,True,True,4
85015297661,J61,Criminology,Sociology,2017,10.1111/1745-9125.12135,Consequences of incarceration for gang membership: A longitudinal study of serious offenders in philadelphia and phoenix*,85015297661,https://doi.org/10.1111/1745-9125.12135,Scopus,2026-10-07T09:45:54.320442+00:00,32,9,20261007,development,True,True,3
85030544249,J61,Criminology,Sociology,2018,10.1111/1745-9125.12153,TOWARD A BIFURCATED THEORY OF EMOTIONAL DETERRENCE,85030544249,https://doi.org/10.1111/1745-9125.12153,Scopus,2026-10-07T09:45:55.520310+00:00,25,,20261007,development,True,True,3
85065308703,J61,Criminology,Sociology,2019,10.1111/1745-9125.12210,Learning on the job: Studying expertise in residential burglars using virtual environments*,85065308703,https://doi.org/10.1111/1745-9125.12210,Scopus,2026-10-07T09:45:55.534166+00:00,26,1,20261007,development,True,True,5
85083255943,J61,Criminology,Sociology,2020,10.1111/1745-9125.12243,"Perceived arrest risk, psychic rewards, and offense specialization: A partial test of rational choice theory†",85083255943,https://doi.org/10.1111/1745-9125.12243,Scopus,2026-10-07T09:45:55.761528+00:00,26,17,20261007,development,True,True,3
85112571619,J61,Criminology,Sociology,2021,10.1111/1745-9125.12277,"Social media, socialization, and pursuing legitimation of police violence*",85112571619,https://doi.org/10.1111/1745-9125.12277,Scopus,2026-10-07T09:45:56.729953+00:00,24,15,20261007,development,True,True,1
85126041384,J61,Criminology,Sociology,2022,10.1111/1745-9125.12307,"Damned if you do, damned if you don't: How formerly incarcerated men navigate the labor market with prison credentials*",85126041384,https://doi.org/10.1111/1745-9125.12307,Scopus,2026-10-07T09:45:57.732217+00:00,27,14,20261007,development,True,True,1
85159830217,J61,Criminology,Sociology,2023,10.1111/1745-9125.12336,"Coerced work during parole: Prevalence, mechanisms, and characteristics",85159830217,https://doi.org/10.1111/1745-9125.12336,Scopus,2026-10-07T09:45:57.741640+00:00,34,13,20261007,holdout,True,True,1
85203199507,J61,Criminology,Sociology,2024,10.1111/1745-9125.12381,Understanding the role of street network configurations in the placement of illegitimately operating facilities,85203199507,https://doi.org/10.1111/1745-9125.12381,Scopus,2026-10-07T09:45:58.130478+00:00,27,13,20261007,development,True,True,2
105007228428,J61,Criminology,Sociology,2025,10.1111/1745-9125.12403,Seeing the state in action: Public preferences about and judgments of common police–civilian interactions,105007228428,https://doi.org/10.1111/1745-9125.12403,Scopus,2026-10-07T09:45:58.999632+00:00,31,,20261007,development,True,True,2
84956577499,J62,Law and Human Behavior,Sociology,2016,10.1037/lhb0000159,Memory and the operational witness: Police officer recall of firearms encounters as a function of active response role,84956577499,https://doi.org/10.1037/lhb0000159,Scopus,2026-10-07T09:45:59.999993+00:00,50,6,20261007,holdout,True,True,6
85012202652,J62,Law and Human Behavior,Sociology,2017,10.1037/lhb0000235,Mock-juror evaluations of traditional and ratings-based eyewitness identification evidence,85012202652,https://doi.org/10.1037/lhb0000235,Scopus,2026-10-07T09:45:59.969421+00:00,47,27,20261007,development,True,True,3
85042231531,J62,Law and Human Behavior,Sociology,2018,10.1037/lhb0000273,Police managers' self-control and support for organizational justice,85042231531,https://doi.org/10.1037/lhb0000273,Scopus,2026-10-07T09:46:00.558013+00:00,42,0,20261007,holdout,True,True,3
85064560562,J62,Law and Human Behavior,Sociology,2019,10.1037/lhb0000328,Reoffending rates in a U.K. community sample of individuals with convictions for indecent images of children,85064560562,https://doi.org/10.1037/lhb0000328,Scopus,2026-10-07T09:46:01.457080+00:00,41,24,20261007,development,True,True,4
85094145365,J62,Law and Human Behavior,Sociology,2020,10.1037/lhb0000413,Employing standardized risk assessment in pretrial release decisions: Association with criminal justice outcomes and racial equity.,85094145365,https://doi.org/10.1037/lhb0000413,Scopus,2026-10-07T09:46:02.450272+00:00,35,2,20261007,development,True,True,4
85119175043,J62,Law and Human Behavior,Sociology,2021,10.1037/lhb0000459,Contextual Factors Predict Self-Reported Confession Decision-Making: A Field Study of Suspects’ Actual Police Interrogation Experiences,85119175043,https://doi.org/10.1037/lhb0000459,Scopus,2026-10-07T09:46:02.295591+00:00,38,30,20261007,development,True,True,2
85135565816,J62,Law and Human Behavior,Sociology,2022,10.1037/lhb0000490,The Detrimental Impact of Alcohol Intoxication on Facets of Miranda Comprehension,85135565816,https://doi.org/10.1037/lhb0000490,Scopus,2026-10-07T09:46:02.980339+00:00,33,9,20261007,development,True,True,6
85150666286,J62,Law and Human Behavior,Sociology,2023,10.1037/lhb0000500,Taking the Next Step in Miranda Evaluations: Considering Racial Trauma and the Impact of Prior Police Contact,85150666286,https://doi.org/10.1037/lhb0000500,Scopus,2026-10-07T09:46:03.826458+00:00,44,6,20261007,development,True,True,4
85190488028,J62,Law and Human Behavior,Sociology,2024,10.1037/lhb0000559,The Power of Meaningful Numbers: Attorney Guidance and Jury Deliberation Improve the Reliability and Gist Validity of Damage Awards,85190488028,https://doi.org/10.1037/lhb0000559,Scopus,2026-10-07T09:46:04.629465+00:00,39,15,20261007,development,True,True,7
105013819893,J62,Law and Human Behavior,Sociology,2025,10.1037/lhb0000609,Creating a cross-race effect inventory to postdict eyewitness accuracy,105013819893,https://doi.org/10.1037/lhb0000609,Scopus,2026-10-07T09:46:04.736741+00:00,38,35,20261007,development,True,False,5
