article_id,doi,journal,year,title,annotation,evidence,reasoning
105025104950,10.5465/amj.2022.1258,Academy of Management Journal,2025,INTERMEDIATED LEGITIMATION: HOW FOUNDERS BUILD NEW VENTURE LEGITIMACY AMONG MAKE-OR-BREAK AUDIENCES,NO,"[{""quote"": ""We gathered interview, observational, and archival data as summarized in Table 1."", ""location"": ""PDF page 16, Data Collection"", ""source"": ""main""}]","The sole empirical study follows three ventures ethnographically. Methods pages 14–19 and the complete data inventory on PDF page 59 describe 43 qualitative semi-structured interviews, 30 observations and 335 archival items. The interview and observation protocols on pages 68–69 confirm open-ended qualitative discussions and observational guidance, without questionnaire ratings or a separate survey component. The team collected data but none of these components meets the questionnaire criterion."
85207438503,10.5465/amj.2019.1343,Academy of Management Journal,2024,CONSTRUCTING ENVELOPES: HOW INSTITUTIONAL CUSTODIANS CAN TAME DISRUPTIVE ALGORITHMS,NO,"[{""quote"": ""we conducted semi-structured interviews"", ""location"": ""PDF page 7, Data Collection; Table 1 on PDF page 8"", ""source"": ""main""}]","All four data sources are identified and analyzed: two newspaper corpora, congressional hearing transcripts, and the team’s semi-structured qualitative interviews. The team collected interviews, but these are qualitative interviews rather than questionnaire responses. No reported component collects or commissions eligible survey responses."
85151282946,10.5465/amj.2020.0042,Academy of Management Journal,2023,VALUING SPANNERS: WHY CATEGORY NESTING AND EXPERTISE MATTER,YES,"[{""quote"": ""we recruited 360 students"", ""location"": ""PDF page 25, Study 2"", ""source"": ""main""}, {""quote"": ""Would you recommend investing in the start-up?"", ""location"": ""PDF page 25, Variables"", ""source"": ""main""}]","In Study 2 the team recruited undergraduates, randomized descriptions of a hypothetical start-up and collected recommendation and congruence ratings. These are the team's own questionnaire responses in a survey experiment, meeting both criteria."
85141272973,10.5465/amj.2018.1087,Academy of Management Journal,2022,WHEN DO OUTSIDE CEOS UNDERPERFORM? FROM A CEO-CENTRIC TO A STAKEHOLDER-CENTRIC PERSPECTIVE OF POST-SUCCESSION PERFORMANCE,NO,"[{""quote"": ""We obtained data on the career histories of the newly appointed CEOs from the BoardEx database"", ""location"": ""PDF page 23, Sample and Data"", ""source"": ""main""}]","The main study compiles existing corporate, financial and press records for CEO appointments; methods on pages 23–28 establish archival sources for its variables. Additional analyses on pages 32–33 and Appendix B on pages 51–53 also use pre-existing IBES analyst recommendations, insider trading filings and Glassdoor employee posts/ratings. Those online ratings were not questionnaire responses collected or commissioned by this research team. All reported components therefore fail eligible team questionnaire collection."
105012509854,10.5465/amj.2019.0559,Academy of Management Journal,2021,"WHEN VICTIMS HELP THEIR ABUSIVE SUPERVISORS: THE ROLE OF LMX, SELF-BLAME, AND GUILT",YES,"[{""quote"": ""We recruited N = 200 participants from MTurk"", ""location"": ""PDF page 14, Study 1"", ""source"": ""main""}, {""quote"": ""After the scenarios, participants were asked to rate"", ""location"": ""PDF page 15, Manipulation"", ""source"": ""main""}]","Study 1 explicitly describes the team recruiting MTurk respondents, randomly assigning abusive-supervision and relationship vignettes, and collecting self-blame, guilt, and helping-intention ratings. These are the team’s own questionnaire responses in a survey experiment, satisfying both criteria."
85097024202,10.5465/amj.2018.0038,Academy of Management Journal,2020,Interorganizational relationships as political battlefields: How fragmentation within organizations shapes relational dynamics between organizations,NO,"[{""quote"": ""we rely on a longitudinal case study"", ""location"": ""PDF page 12, Method"", ""source"": ""main""}, {""quote"": ""all interviews were tape recorded and transcribed"", ""location"": ""PDF page 15, Interviews"", ""source"": ""main""}, {""quote"": ""Our data encompass 1064 emails"", ""location"": ""PDF page 57, Table 1"", ""source"": ""main""}]","The complete methods and data inventory describe one longitudinal case study using qualitative interviews, archival project documents, and operational emails. The team collected the interviews but analyzed them qualitatively as event narratives, without questionnaire responses. All listed components fail the survey criterion."
85077240822,10.5465/amj.2017.1417,Academy of Management Journal,2019,Sensemaking from the body: An enactive ethnography of rowing the amazon,NO,"[{""quote"": ""Our analyses rely on 755 video segments"", ""location"": ""PDF page 11, Methodology I / Data Sources"", ""source"": ""main""}, {""quote"": ""drawing on 62 audio journal entries, fieldnotes, and the recollections these generated"", ""location"": ""PDF page 23, Methodology II"", ""source"": ""main""}]","Both reported analyses concern the same rowing journey. Methodology I (pages 10–16) analyzes naturalistic video observations and qualitative post-journey interviews. Methodology II (pages 23–27) provides an enactive ethnographic account drawing on recorded diaries, fieldnotes, video and the author-participant's recollections. Neither component administers questionnaire items or collects survey responses; direct experience and interviews alone do not qualify."
85042383989,10.5465/amj.2016.0671,Academy of Management Journal,2018,Organizational affective tone: A meso perspective on the origins and effects of consistent affect in organizations,YES,"[{""quote"": ""We collected survey data from six different sources within each firm."", ""location"": ""PDF page 22, Method"", ""source"": ""main""}]","The team describes its standardized recruitment and administration of online and printed questionnaires to employees, HR representatives and managers. Employees reported affect, emotion-expression beliefs and exhaustion; responses were collected by the research project and used in this analysis. Both ownership and questionnaire criteria are explicit."
85030466282,10.5465/amj.2015.0809,Academy of Management Journal,2017,Symbiont practices in boundary spanning: Bridging the cognitive and political divides in interdisciplinary research,NO,"[{""quote"": ""We also conducted semi-structured interviews with 22 Nano Center participants"", ""location"": ""PDF page 16, Data collection and analysis"", ""source"": ""main""}, {""quote"": ""using personal websites, LinkedIn, Academia.edu and other sources"", ""location"": ""PDF page 17, Data collection and analysis"", ""source"": ""main""}]","All components described in the methods were inspected: participant observation, qualitative semi-structured interviews, documentary records, publication/coauthorship and citation analysis, and career histories assembled from websites. The team collected field data but none of these components supplies questionnaire responses; the quantitative analyses use archival records."
85007379649,10.5465/amj.2016.4007,Academy of Management Journal,2016,Understanding and tackling societal grand challenges through management research,NO,"[{""quote"": ""we propose a higher order framework that integrates work on GCs and provides a structure to embed future research in this area."", ""location"": ""PDF page 16, A Framework to Study Grand Challenges"", ""source"": ""main""}]","This Special Research Forum introduction reviews the issue's separately authored studies and develops a conceptual framework and future research agenda. The introduction and overview on pages 2–6, transition to the framework on pages 15–16, and concluding agenda on pages 22–25 establish the article's components. References to empirical survey findings summarize other articles rather than report questionnaire responses collected or commissioned for an empirical study by this article's team. There is no eligible survey component."
105001183449,10.1257/app.20230344,American Economic Journal: Applied Economics,2025,Better Alone? Evidence on the Costs of Intermunicipal Cooperation,NO,"[{""quote"": ""a yearly survey run by the Ministry of Culture"", ""location"": ""PDF page 14, Data"", ""source"": ""main""}, {""quote"": ""municipalities’ and ICs’ annual accounts"", ""location"": ""PDF page 15, Fiscal revenues"", ""source"": ""main""}]","The Data section enumerates all inputs to the municipal policy analyses: government censuses, geographic and electoral records, permits, transactions, wages, facilities, fiscal accounts and independently administered Ministry of Culture and CEREMA surveys. The author combines these existing external data; no component involves team-collected or commissioned questionnaire responses. Assessment is of the available working-paper version."
85189464408,10.1257/app.20210579,American Economic Journal: Applied Economics,2024,The Employment Effects of Ethnic Politics,NO,"[{""quote"": ""We retrieve this information from Afrobarometer"", ""location"": ""PDF page 10, Ethnic Parties"", ""source"": ""main""}, {""quote"": ""from the Demographic and Health Survey (DHS)"", ""location"": ""PDF page 10, Employment and Other Individual Characteristics"", ""source"": ""main""}]","The data descriptions and supplementary labeling methods identify existing Afrobarometer waves and DHS responses, linked to electoral records, historical institutions, land-tenure reports and geospatial data. The additional mechanism analyses also use existing Afrobarometer responses. Every questionnaire component was collected by external survey organizations; assembling and linking those records does not establish team collection or commissioning."
85163390219,10.1257/app.20210180,American Economic Journal: Applied Economics,2023,Discriminatory Lending: Evidence from Bankers in the Lab,YES,"[{""quote"": ""We fielded the survey in September 2021 using SurveyMonkey"", ""location"": ""PDF page 8, Guarantor Requirements"", ""source"": ""main""}]","The team explicitly fielded its own online questionnaire among Turkish businesswomen recruited from Business Lens subscribers, obtaining 208 partial or complete responses. Page 8 reports answers about prior guarantor requests, rejected loan applications, perceived difficulty and willingness to pay higher interest. This directly establishes both team collection and questionnaire responses about experiences, beliefs and preferences, independently of the additional banker laboratory experiment."
85125061320,10.1257/app.20200482,American Economic Journal: Applied Economics,2022,How Effective Are Monetary Incentives to Vote? Evidence from a Nationwide Policy,NO,"[{""quote"": ""We use administrative data"", ""location"": ""PDF page 8, II.A Data"", ""source"": ""main""}, {""quote"": ""reported political attitudes and behaviors in ENAHO survey"", ""location"": ""PDF page 24, Political Attitudes and Other Behaviors"", ""source"": ""main""}]","The main policy and age-exemption analyses use existing Peruvian and Chilean election records. The information-acquisition component uses Google search records. The questionnaire component reanalyzes 2004–2016 responses from the existing Peruvian National Household Survey (ENAHO), rather than describing team collection or commissioning. None of the reported components supplies eligible team-collected questionnaire responses."
85118621818,10.1257/app.20190220,American Economic Journal: Applied Economics,2021,Different Strokes for Different Folks? Experimental Evidence on the Effectiveness of Input and Output Incentive Contracts for Health Care Providers with Varying Skills†,YES,"[{""quote"": ""we conducted surveys with new mothers between 7-20 days after delivery"", ""location"": ""PDF page 19, Data Collection, Household Sampling, and Measurement"", ""source"": ""main""}, {""quote"": ""Was your blood pressure checked during labor?"", ""location"": ""PDF page 20, footnote 28"", ""source"": ""main""}]","The team sampled patients from participating providers and surveyed 2,895 mothers about received care, symptoms and health outcomes, using their answers in the reported incentive evaluation. This establishes team collection of questionnaire responses about experiences and reported care, regardless of the clinical setting."
85078878427,10.1257/app.20180256,American Economic Journal: Applied Economics,2020,The long-run dynamics of electricity demand: Evidence from municipal aggregation,NO,"[{""quote"": ""We obtained electricity usage data directly from ComEd."", ""location"": ""PDF page 8, II Data"", ""source"": ""main""}]","The data section (pages 8–13) uses municipal electricity consumption records supplied by ComEd, ratebooks, referendum records, supplier websites and factual information from municipal officials. Main estimates, robustness/extensions (pages 23–25) and the dynamic model all analyze these administrative/community series; descriptions of opt-out forms concern the electricity program, not a research questionnaire. The authors explicitly lack further consumer behavior data. No reported component collects participant questionnaire responses."
85068985445,10.1257/app.20160350,American Economic Journal: Applied Economics,2019,Externalities and taxation of supplemental insurance: A study of medicare and medigap,NO,"[{""quote"": ""we combine estimates from two surveys"", ""location"": ""PDF page 7, Data Sources"", ""source"": ""main""}, {""quote"": ""Our premium data come from Weiss Ratings"", ""location"": ""PDF page 7, Data Sources"", ""source"": ""main""}]","All listed study inputs are existing external data: CMS administrative enrollment, spending and claims records; MCBS and NHIS questionnaire responses from 1992–2005; Weiss insurance prices; Dartmouth geography; Census and IRS data. Survey answers are present but collected independently by the established surveys, not this team. Combining these sources and conducting counterfactual tax calculations supplies no qualifying collection."
85041090691,10.1257/app.20160031,American Economic Journal: Applied Economics,2018,College party culture and sexual assault,NO,"[{""quote"": ""Our analysis uses crime data from the National Incident Based Reporting System (NIBRS)"", ""location"": ""PDF page 7, Data Construction"", ""source"": ""main""}, {""quote"": ""we use the Princeton Review Top Party School Rankings"", ""location"": ""PDF page 24, Section 5.5"", ""source"": ""main""}]","The analyses use police incident/arrest records, football schedules and outcomes, institutional statistics, and external Princeton Review rankings. The data and supplementary analyses contain no questionnaire responses collected or commissioned by this team. A prior coauthored drinking survey is cited as motivation on page 25, without its responses being analyzed as a study here. Every reported analysis therefore fails team questionnaire collection."
85029888374,10.1257/app.20150390,American Economic Journal: Applied Economics,2017,The impact of maternal literacy and participation programs: Evidence from a randomized evaluation in India,YES,"[{""quote"": ""The household surveys were administered to target mothers."", ""location"": ""PDF page 11, Data collection"", ""source"": ""main""}, {""quote"": ""We also administered short questionnaires to fathers at baseline and endline."", ""location"": ""PDF page 11, footnote 16"", ""source"": ""main""}]","The trial's data collection section describes baseline and endline household questionnaires administered to the sampled mothers for the team's randomized intervention evaluation. The items measure household decisions, educational involvement, time use and children's schooling, and the authors report their responses as study outcomes. Procedures and the explicit account of administering additional father questionnaires establish the team's collection role. The mother questionnaires qualify independently of the separate literacy and numeracy tests."
84953719515,10.1257/app.20130346,American Economic Journal: Applied Economics,2016,Wintertime for deceptive advertising?,NO,"[{""quote"": ""resort-provided snow reports, government snow data, and resort characteristics"", ""location"": ""PDF page 6, Snowfall and Resort Data"", ""source"": ""main""}]","The study analyzes resort website snow reports gathered from archives and websites, matched government snowfall measurements/models, and resort characteristics. Informal industry discussions explain reporting practices but are not described as questionnaire research. The reported components concern existing records and physical measurements, with no team-collected or commissioned questionnaire responses."
86000362103,10.1257/aer.20211229,American Economic Review,2025,Mortgage Pricing and Monetary Policy,NO,"[{""quote"": ""Product Sales Database (henceforth PSD), collected by the Financial Conduct Authority"", ""location"": ""PDF page 8, Data and Descriptive Patterns"", ""source"": ""main""}, {""quote"": ""sioned by the Bank of England"", ""location"": ""PDF page 11, Bank of England Housing Survey"", ""source"": ""main""}]","The complete data inventory comprises regulator mortgage records, Moneyfacts product offers, bank balance-sheet and policy-program records, and a public housing survey commissioned by the Bank of England. The study estimates a model and counterfactuals from those sources; its appendices add matching procedures and additional analyses. No questionnaire component is collected or commissioned by the article's team."
85185474899,10.1257/aer.20191068,American Economic Review,2024,Anticipatory Anxiety and Wishful Thinking†,YES,"[{""quote"": ""which we measured in the interblock surveys of Experiments 2 and 4."", ""location"": ""PDF page 22, E. Heterogeneity"", ""source"": ""main""}, {""quote"": ""We also elicited Beck Anxiety Inventory (BAI)"", ""location"": ""PDF page 23, footnote 23"", ""source"": ""main""}]","The researchers administered interblock surveys measuring participants' self-reported concentration and anxiety, as well as a defensive pessimism questionnaire and Beck Anxiety Inventory. Pages 22–24 describe the items and analyze the responses as covariates of experimental wishful thinking. Thus the team collected and used questionnaire reports of personal experiences and beliefs. The presence of pattern-recognition laboratory tasks does not negate these qualifying survey components."
85163039779,10.1257/aer.20210937,American Economic Review,2023,Multigenerational Impacts of Childhood Access to the Safety Net: Early Life Exposure to Medicaid and the Next Generation’s Health,NO,"[{""quote"": ""Supplement of the Current Population Survey"", ""location"": ""PDF page 14, Data"", ""source"": ""main""}, {""quote"": ""additional information provided in the natality files"", ""location"": ""PDF page 24, Mechanisms"", ""source"": ""main""}]","The eligibility analysis uses existing CPS responses and state policy rules. Take-up uses NHDS administrative hospital records, while first- and second-generation health, fertility and maternal-characteristic analyses use national natality records. All reported components reanalyze external survey or administrative data. The team’s collection of policy-rule information is not participant questionnaire collection."
85134375559,10.1257/aer.20201713,American Economic Review,2022,Belief Distortions and Macroeconomic Fluctuations,NO,"[{""quote"": ""Data from the SPF and the SOC are publicly available; BC data were purchased"", ""location"": ""PDF page 9, Econometric and Machine Learning Framework"", ""source"": ""main""}, {""quote"": ""We obtain Blue Chip expectation data from Blue Chip Financial Forecasts"", ""location"": ""PDF page 56, Bluechip Data"", ""source"": ""main""}]","The study develops and evaluates machine forecasts using existing Survey of Professional Forecasters, Michigan Survey of Consumers, and purchased Blue Chip responses. The data inventory and appendix identify external survey programs and existing macroeconomic/financial series; Bloomberg comparisons also use published external forecasts. None of the reported components involves team collection or commissioning of questionnaire responses."
85113137179,10.1257/aer.20170297,American Economic Review,2021,Behavioral constraints on the design of subgame-perfect implementation mechanisms,YES,"[{""quote"": ""This survey consisted of 27 questions related to a subject’s inclination to punish hostile or reward kind acts."", ""location"": ""PDF page 14, Experimental Protocol"", ""source"": ""main""}]","The research protocol describes administering the Personal Norms of Reciprocity survey to experimental participants two weeks before the laboratory session and combining their 27 responses into reciprocity measures. It also explicitly describes the team's collection of four-point Likert ratings of beliefs about counterparties on page 15. These are team-collected questionnaire responses about preferences and beliefs, used in the reported research, so eligibility holds alongside the economic game tasks."
85085337190,10.1257/aer.20171201,American Economic Review,2020,Dominant currency paradigm†,NO,"[{""quote"": ""panel data on bilateral trade values and volumes from Comtrade"", ""location"": ""PDF page 29, Data"", ""source"": ""main""}, {""quote"": ""the supplemental data comes directly from official sources"", ""location"": ""Appendix D, printed page 134 (PDF page 64)"", ""source"": ""https://www.kansascityfed.org/documents/7061/GopinathPaper_JH2015.pdf""}]","The paper reports a theoretical model and simulations plus macroeconomic trade analyses and Colombian firm-level customs analyses. Main data are Comtrade, WDI, FRED, BLS indices and DIAN/DANE customs records. Inspection of Gopinath’s underlying invoicing dataset documentation confirms compilation of existing CIK and official country data, rather than the author’s own questionnaire collection. No reported component contains qualifying team-collected questionnaire responses."
85063751582,10.1257/aer.20151317,American Economic Review,2019,Large firm dynamics and the business cycle,NO,"[{""quote"": ""Compustat data contains information on publicly traded firms"", ""location"": ""PDF page 63, Data Appendix"", ""source"": ""main""}, {""quote"": ""we use publicly available aggregate time series"", ""location"": ""PDF page 63, Data Appendix"", ""source"": ""main""}]","The paper's theoretical model and simulations are calibrated and compared with existing Census BDS, Compustat corporate records, and external aggregate economic series. The complete Data Appendix identifies these as all data sources and explains their construction. No component analyzes team-collected or commissioned questionnaire responses."
85045192537,10.1257/aer.20151260,American Economic Review,2018,Resurrecting the role of the product market wedge in recessions,NO,"[{""quote"": ""Current Population Survey (CPS) and Consumer Expenditure Survey (CE)."", ""location"": ""PDF page 18, The Self-Employed Wedge"", ""source"": ""main""}, {""quote"": ""We use the BLS’s Multifactor Productivity Database"", ""location"": ""PDF page 30, Evidence on the Cyclicality of Intermediate Inputs"", ""source"": ""main""}]","The article combines theoretical decomposition with secondary macroeconomic data. The self-employment analysis uses existing CPS and Consumer Expenditure Survey responses (pages 17–19); the intermediate-input analysis uses BLS KLEMS data (pages 28–31), with manufacturing extensions using existing Census/Annual Survey of Manufacturing statistics (pages 36–38). The aggregate wedge estimates similarly analyze quarterly economic series. None of these components collects or commissions participant questionnaire responses, and the national surveys are independently conducted external datasets."
85017448839,10.1257/aer.20131118,American Economic Review,2017,The macrodynamics of sorting between workers and firms,NO,"[{""quote"": ""Wherever possible we use publicly available aggregate data."", ""location"": ""PDF page 27, Appendix B1 Data Moments"", ""source"": ""main""}, {""quote"": ""using the Current Population Survey (CPS)"", ""location"": ""PDF page 27, Appendix B1 Data Moments"", ""source"": ""main""}]","This is a theoretical search-and-matching model fitted and simulated against existing labor-market statistics. All empirical inputs are described in Appendix B1: BLS unemployment/output, CPS transitions, HWI/JOLTS vacancies, and Bloom et al. productivity moments. Questionnaire-derived CPS/JOLTS information is external survey data; the team does not collect or commission participant responses."
84978835128,10.1257/aer.20150208,American Economic Review,2016,Measuring discounting without measuring utility,YES,"[{""quote"": ""We recruited 104 students"", ""location"": ""PDF page 4, Experiment: Subjects"", ""source"": ""main""}, {""quote"": ""Each question was presented as a choice list in which subjects chose between"", ""location"": ""PDF page 5, Stimuli: Part 1"", ""source"": ""main""}]","The team recruited students and administered computerized questions asking their preferences between specified payment streams and risky versus certain amounts, then analyzed those choices. These are questionnaire preference responses; randomly implementing one choice as an incentive does not remove the stated question-and-choice format. Both collection responsibility and qualifying questionnaire use are explicit."
105021882288,10.3102/00028312251388655,American Educational Research Journal,2025,Impact of Automated Writing Evaluation (AWE) on Middle School Students’ Writing Outcomes,YES,"[{""quote"": ""Delivered via Qualtrics, the scale included 19 items where students rated their confidence"", ""location"": ""PDF page 15, Writing Self-Efficacy"", ""source"": ""main""}]","Pages 15–17 describe the team's pretest/posttest Qualtrics questionnaires measuring students' writing confidence, enjoyment and process beliefs, plus teacher/student perceptions of the writing software. The procedures specify teachers distributing research survey links under standardized directions and repeating collection after the intervention. These are team-administered questionnaire responses about beliefs and attitudes used as outcomes, alongside writing performance measures."
85195386741,10.3102/00028312241251857,American Educational Research Journal,2024,"Time in School: A Conceptual Framework, Synthesis of the Causal Research, and Empirical Exploration",NO,"[{""quote"": ""We draw upon the 2017–2018 National Teacher and Principal Survey"", ""location"": ""PDF page 14, Total Time in School"", ""source"": ""main""}, {""quote"": ""respondents to the district-administered school climate survey"", ""location"": ""Research Design, Sample and Data"", ""source"": ""https://journals.sagepub.com/doi/full/10.1177/23328584211028856""}, {""quote"": ""We integrated a supplemental set of questions"", ""location"": ""Research Design, Sample and Data"", ""source"": ""https://journals.sagepub.com/doi/full/10.1177/23328584211028856""}]","The synthesis reviews prior studies; comparative estimates use OECD/PISA/NTPS and state-law records. For the Providence case, Appendix C combines administrative attendance records, earlier classroom observations, and teacher-survey interruption reports. The original companion study explicitly locates those author-designed questions within the independently district-administered annual Panorama climate survey. Adding this original module does not meet the collection criterion. Observations and qualitative interviews also do not qualify. The inspected earlier Appendix C version supports the provenance; no eligible component is identified."
85159115314,10.3102/00028312231169243,American Educational Research Journal,2023,Do Perceptions of School Climate Improve in High School for Students With Disabilities?,NO,"[{""quote"": ""We used individual student-level data from the NYC Department of Education (NYCDOE)"", ""location"": ""PDF page 7, Data"", ""source"": ""main""}, {""quote"": ""These data were linked to student responses"", ""location"": ""PDF page 8, Data"", ""source"": ""main""}]","All analyses use existing NYC education records linked to annual NYC School Survey responses from 2007–2012. The methods, measures and notes show secondary selection, linkage, rescoring and robustness analyses of this external school survey, not collection or commissioning by this team. Questionnaire use is clear but team responsibility fails."
85115082977,10.3102/00028312211042251,American Educational Research Journal,2022,A Replicable Identity-Based Intervention Reduces the Black-White Suspension Gap at Scale,UNCLEAR,"[{""quote"": ""choose three of the listed values most important to them"", ""location"": ""PDF page 11, Intervention Exercise"", ""source"": ""main""}, {""quote"": ""school administrative suspension records"", ""location"": ""PDF page 12, Dependent Variable"", ""source"": ""main""}]","The team administers randomized value-selection and writing exercises, but their answers function as treatment components. Outcomes and covariates are administrative records; pages24–25 say psychological mechanisms were not measured. Page11 briefly reports writing length and cites earlier work. The supplied definition does not clearly settle whether treatment-only preference responses or word counts count as questionnaire responses used in the reported research. Both cohorts share this issue. Eligibility therefore remains UNCLEAR because of the questionnaire-use boundary, rather than a missing main text. Supplemental tables were not inspected."
85087692195,10.3102/0002831220937285,American Educational Research Journal,2021,School’s Out: The Role of Summers in Understanding Achievement Disparities,NO,"[{""quote"": ""primarily uses data from the NWEA’s MAP assessment"", ""location"": ""PDF page 10, Data and Sample"", ""source"": ""main""}, {""quote"": ""research assistants contacted appropriate district or state personnel directly to request the information"", ""location"": ""PDF page 51, Appendix A"", ""source"": ""main""}]","The analyses use existing school-administered math/reading achievement tests, not team questionnaire responses. The additional original data collection reconstructs historical school calendars from records, archives, news and requests to officials for missing calendar information. This is retrieval of administrative dates, not a survey of participant attitudes, experiences or reported behavior. Both empirical inputs therefore fail the questionnaire-collection criteria."
85084860081,10.3102/0002831220916840,American Educational Research Journal,2020,Developing Ambitious Mathematics Instruction Through Web-Based Coaching: A Randomized Field Trial,YES,"[{""quote"": ""teachers completed a two-part online end-of-year survey developed by the research team"", ""location"": ""PDF page 19, Teacher end-of-year survey"", ""source"": ""main""}, {""quote"": ""we administered part 1 and part 2"", ""location"": ""PDF page 20, Teacher end-of-year survey"", ""source"": ""main""}]","The team developed and administered teacher surveys in intervention and follow-up years, collecting Likert-type reports of professional-development experiences and open-ended reflections on instruction. These responses were analyzed as outcomes; both team collection and questionnaire use are explicit."
85059455540,10.3102/0002831218807428,American Educational Research Journal,2019,How College Students Use Advanced Placement Credit,NO,"[{""quote"": ""This National Center for Education Statistics (NCES) survey gathered student interview, administrative, and transcript data"", ""location"": ""PDF page 17, Data and Descriptive Statistics"", ""source"": ""main""}]","The sole empirical dataset is the existing Beginning Postsecondary Students Longitudinal Study 2004/2009. Pages 17–21 state that NCES surveyed students and gathered records, which the author analyzes under a restricted-use license. The subgroup and sensitivity analyses (pages 31–34) reuse that dataset; no separate collection is reported. Questionnaire responses are present but were collected independently by NCES, not collected or commissioned by this article's team."
85045036347,10.3102/0002831218763587,American Educational Research Journal,2018,Into the Storm: Ecological and Sociological Impediments to Black Males’ Persistence in Engineering Graduate Programs,YES,"[{""quote"": ""participants completed an eight-item demographic form"", ""location"": ""PDF page 19, Data Collection"", ""source"": ""main""}, {""quote"": ""Career Intention"", ""location"": ""PDF page 68, Table 3"", ""source"": ""main""}]","Although the primary analysis is qualitative interviews, the team explicitly collected a separate eight-item participant form after consent in both collection waves. The reported demographic table includes educational experiences and career intentions. These team-administered questionnaire responses are used in the article, satisfying both criteria; the supplied prompt does not require questionnaires to be the primary method."
85036528159,10.3102/0002831217717949,American Educational Research Journal,2017,Cognitive Validity: Can Multiple-Choice Items Tap Historical Thinking Processes?,NO,"[{""quote"": ""Students then thought aloud as they completed four multiple-choice items"", ""location"": ""PDF page 10, Data and Procedures"", ""source"": ""main""}, {""quote"": ""Interview data were audio recorded and transcribed verbatim"", ""location"": ""PDF page 12, Protocol Analysis"", ""source"": ""main""}]","The single study collected students' performance on four history test questions with concurrent think-aloud and retrospective qualitative probes, then coded cognitive processes. The methods cover all components, including comparison with external NAEP performance. These are academic problem-solving tests and qualitative interviews, not a questionnaire about participants' attitudes, preferences, experiences or reported behavior; team collection alone does not satisfy the survey criterion."
84983542756,10.3102/0002831216653206,American Educational Research Journal,2016,"Easy in, Easy out: Are Alternatively Certified Teachers Turning Over at Increased Rates?",NO,"[{""quote"": ""Administered by the National Center for Educational Statistics (NCES), these surveys"", ""location"": ""PDF page 6, Data"", ""source"": ""main""}]","The study uses four existing waves of the Schools and Staffing Survey and its Teacher Follow-Up Survey, explicitly administered by NCES (pages 6–8). The main models, robustness checks and final analysis of stated reasons for leaving or moving (pages 26–28) all reuse these external survey responses. The researchers did not collect or commission them; no additional eligible questionnaire component is reported."
85204441582,10.1111/ajps.12916,American Journal of Political Science,2025,Authoritarian cue effect of state repression,YES,"[{""quote"": ""China through a local online survey firm."", ""location"": ""PDF page 5, Empirics"", ""source"": ""main""}, {""quote"": ""were randomly assigned to two groups"", ""location"": ""PDF page 6, Experimental design"", ""source"": ""main""}]",The team recruited adult respondents through a survey firm for its July 2021 online experiment. It varied information revealing state punishment and collected beliefs and normative evaluations through explicit questionnaire items. Collection responsibility and survey-experiment format are established by the methods.
85129179841,10.1111/ajps.12708,American Journal of Political Science,2024,The Electoral Consequences of Household Indebtedness under Austerity,NO,"[{""quote"": ""In May 2018, the BES asked respondents in a new"", ""location"": ""PDF page 10, Micro-Level Results"", ""source"": ""main""}, {""quote"": ""I draw on survey data from the BES to investigate"", ""location"": ""PDF page 13, Investigating the Mechanisms"", ""source"": ""main""}]","The reported components combine administrative debt and welfare-rollout records, constituency election outcomes, and British Election Study Wave 14 responses, including its new debt module. The mechanism analyses also explicitly use BES responses and external benefit-loss estimates. A new module in this independently conducted survey does not constitute collecting or commissioning participant responses by the article's author under the supplied rule."
85118504663,10.1111/ajps.12679,American Journal of Political Science,2023,A Priori Bounds on Legislative Bargaining Agreements,NO,"[{""quote"": ""I present numerical experiments in this section."", ""location"": ""PDF page 12, Numerical Experiments"", ""source"": ""main""}]","The article develops and proves theoretical bounds for legislative bargaining. Its numerical illustration (pages 12–13) computes scenarios for four Congresses using existing NOMINATE ideal-point estimates and assumed proposal/voting rules, rather than gathering participant answers. The conclusion and supporting-information inventory (pages 14–15) identify only theory/proofs and these numerical experiments. No reported component collects questionnaire responses."
85090445420,10.1111/ajps.12558,American Journal of Political Science,2022,Executive Accountability Beyond Outcomes: Experimental Evidence on Public Evaluations of Powerful Prime Ministers,YES,"[{""quote"": ""Our final experiment was conducted between July 29 and August 2 of 2019 by Ipsos France."", ""location"": ""PDF page 61, Appendix Experiment 4"", ""source"": ""main""}]","Experiment 4 is a fresh sample collected by Ipsos France for the team’s follow-up experiment. It varies prime-minister actions in hypothetical policy vignettes and collects satisfaction and other evaluation ratings. This establishes commissioned participant questionnaire responses used in the article, independently of whether earlier experiments embedded in the election panel qualify."
85096663309,10.1111/ajps.12571,American Journal of Political Science,2021,"Ideology, Not Affect: What Americans Want from Political Representation",YES,"[{""quote"": ""The first conjoint was fielded using Lucid in December"", ""location"": ""PDF page 5, Study 1 Experimental Design"", ""source"": ""main""}, {""quote"": ""Respondents completed this task for six pairs"", ""location"": ""PDF page 6, Study 1 Experimental Design"", ""source"": ""main""}]","Study 1 is the author's own Lucid-recruited, Qualtrics-hosted conjoint survey: the author randomized legislator profiles and asked respondents to select their preferred representative. These team-commissioned questionnaire choices meet both criteria, independently of Study 2's CCES component."
85073981123,10.1111/ajps.12473,American Journal of Political Science,2020,Measuring Trade Profile with Granular Product-Level Data,NO,"[{""quote"": ""The raw data are downloaded from the UN Comtrade Database"", ""location"": ""PDF page 4, footnote 8"", ""source"": ""main""}]","The methods on pages 3–4 build a dynamic clustering model from existing UN Comtrade product-level bilateral trade records. The empirical components characterize trade profiles, compare derived competition measures, and relate them to bilateral investment treaties, as described on pages 13–16 and in the supporting-information inventory. These are administrative trade/policy data and model-based analyses, without participant questionnaires collected or commissioned by the team."
85064539825,10.1111/ajps.12430,American Journal of Political Science,2019,On the Meaning of Survey Reports of Roll-Call “Votes”,YES,"[{""quote"": ""The third study, fielded online with Lucid, Inc."", ""location"": ""PDF page 5, Research Design and Data Collection"", ""source"": ""main""}, {""quote"": ""we additionally asked"", ""location"": ""PDF page 6, SSI study procedures"", ""source"": ""main""}]","The team describes three fielded survey experiments, including separately collected SSI and Lucid studies. Respondents evaluate bills or court cases after randomized political-information treatments and report policy-evaluation confidence in SSI. These studies clearly imply commissioning and collecting the team’s own questionnaire responses, sufficient for YES without relying on the CCES component."
85050227036,10.1111/ajps.12361,American Journal of Political Science,2018,Tree-Based Models for Political Science Data,NO,"[{""quote"": ""To illustrate this, we replicate the analysis in"", ""location"": ""PDF page 10, Action Sequences"", ""source"": ""main""}, {""quote"": ""the same data as GG"", ""location"": ""PDF page 13, Demographic Subgroups in Large Surveys"", ""source"": ""main""}, {""quote"": ""National Annenberg"", ""location"": ""PDF page 13, Demographic Subgroups in Large Surveys"", ""source"": ""main""}]","The article's three demonstrations comprise simulated data, reanalysis of Blackwell's campaign data, and reanalysis of Ghitza and Gelman's National Annenberg Election Survey data. The real questionnaire responses belong to external existing surveys; the simulations contain no collected participants. All three fail team collection or commissioning of survey responses."
85020188394,10.1111/ajps.12314,American Journal of Political Science,2017,A Bottom-Up Theory of Public Opinion about Foreign Policy,YES,"[{""quote"": ""Following the treatments, participants then answered"", ""location"": ""PDF page 5, Experiments 1–2 / Method"", ""source"": ""main""}, {""quote"": ""questions related to their support for using force in"", ""location"": ""PDF page 5, Experiments 1–2 / Method"", ""source"": ""main""}]","The methods describe the team's five survey experiments, fielded through SSI and MTurk. In Experiments 1–2 the team presents fictional foreign-policy news articles, randomizes partisan/emotional and social cues, and collects questionnaire answers on support for using force. The procedures establish the team's administration/commissioning and deliberate variation followed by attitude questions, with responses analyzed in Table 1. At least this component clearly qualifies."
84949255473,10.1111/ajps.12228,American Journal of Political Science,2016,Preaching to the Choir: Americans Prefer Communicating to Copartisan Elected Officials,YES,"[{""quote"": ""Study 1 draws from two distinct samples. First, we fielded"", ""location"": ""PDF page 4, Data and Methods"", ""source"": ""main""}, {""quote"": ""The response options were"", ""location"": ""PDF page 4, questionnaire procedure"", ""source"": ""main""}]","Study 1 explicitly describes the team fielding an MTurk pilot and repeating the experiment in an SSI-collected sample. It presents hypothetical Social Security scenarios and asks likelihood of contacting named senators, with randomized party-label and scenario wording. These are team-collected/commissioned questionnaire responses about intentions, sufficient for eligibility."
105010952459,10.1086/735618,American Journal of Sociology,2025,"What Makes a Decision Fair? Relative Earnings, Gender, and Justifications for Couples’ Decision-Making1",YES,"[{""quote"": ""We use original data from a vignette survey experiment"", ""location"": ""PDF page 3, Introduction"", ""source"": ""main""}, {""quote"": ""4,020 respondents were recruited by GfK"", ""location"": ""PDF page 11, Data and Methods"", ""source"": ""main""}]","The authors describe their original vignette survey, fielded by GfK with TESS support, and detail their experimental manipulations and fairness questions. Respondents evaluated hypothetical couples' decisions and explained their judgments. The original-data statement and own study procedures establish team commissioning, and these ratings and explanations are qualifying questionnaire responses."
85194894176,10.1086/729819,American Journal of Sociology,2024,Twentieth-Century Change in the Educational Costs of Adolescent Childbearing,NO,"[{""quote"": ""Data for this study come from the National Longitudinal Survey’s (NLS) Mature Women"", ""location"": ""PDF page 8, Data and Measurement"", ""source"": ""main""}]","The data section describes merging four existing National Longitudinal Survey cohorts (Mature Women, Young Women, Youth 1979 and Youth 1997) and selecting harmonized samples. All main estimates and supplementary checks, described on pages 8–9 and 12–13, reanalyze those external longitudinal survey responses. There is no team-collected questionnaire component or documented ownership of the original collection; the national survey data fail the collection-responsibility criterion."
85178329628,10.1086/724817,American Journal of Sociology,2023,Structural Inequities in the Kin Safety Net: Mapping the Three-Generational Network throughout Early Adulthood,NO,"[{""quote"": ""The analysis takes advantage of the rich intergenerational data"", ""location"": ""PDF page 6, Data"", ""source"": ""main""}]","All kin-network components derive from existing 1988/2013 PSID household questionnaires, rosters/transfers and childbirth-history files. The author constructs and simulates life tables from these external responses. Survey format is present, but no study component collects or commissions this team’s participant responses."
85126681627,10.1086/718279,American Journal of Sociology,2022,"Deconstructed and Constructive Logics: Explaining Inclusive Language Change in Queer Nonprofits, 1998–2016",NO,"[{""quote"": ""Form 990, an annual return required by the IRS"", ""location"": ""PDF page 14, Data and Sample Construction"", ""source"": ""main""}, {""quote"": ""We undertook semistructured interviews with open-ended"", ""location"": ""PDF page 19, Semistructured Interviews"", ""source"": ""main""}]","The full methods describe analysis of nonprofit tax filings and mission statements, external funding reports, Pew and Gallup survey statistics, policy records, and the team's 13 qualitative semistructured interviews. The latter elicited narrative organizational histories, without a questionnaire component. Existing external surveys fail team collection, and all original collected evidence is qualitative interview material or documents."
85107636632,10.1086/714272,American Journal of Sociology,2021,Marital experiences and depression in an arranged marriage setting,YES,"[{""quote"": ""three collaborating partners"", ""location"": ""Text segment 13, Acknowledgements"", ""source"": ""main""}, {""quote"": ""their outstanding fieldwork collecting the data reported here"", ""location"": ""Text segment 13, Acknowledgements"", ""source"": ""main""}, {""quote"": ""two questions about potentially traumatic experiences"", ""location"": ""Text segment 6, Intimate Partner Violence"", ""source"": ""main""}]","The CVFS data include structured interviewer-administered symptom, marital-history and violence-experience questionnaires (methods in segments 5–6), not merely qualitative or clinical observations. Collection responsibility is documented by the acknowledgements: the authors identify collaborating partners whose survey staff collected the reported data and whose staff developed the fieldwork systems and supported design/collection. This establishes team/partner collection of the responses used here, including reuse of their earlier CVFS questionnaire waves; it is not simply an unexplained external dataset analysis."
85089734472,10.1086/709778,American Journal of Sociology,2020,On the other side of values,NO,"[{""quote"": ""we recon- sider the concept of values and propose its displacement by another."", ""location"": ""PDF page 2, introduction"", ""source"": ""main""}]","The article develops a conceptual and historical critique of values theory, reviewing prior scholarship and proposing interests as an alternative account of action. Its outlined argument and conclusion contain no original empirical study or participant response collection. References to surveys and empirical findings concern other researchers’ studies, so neither eligible team collection nor analysis of the team’s questionnaire responses is reported."
85062684616,10.1086/700678,American Journal of Sociology,2019,The geography of racial/ethnic test score gaps,NO,"[{""quote"": ""we use data from the federal EDFacts data collection system"", ""location"": ""PDF page 17, Data Sources and Estimation"", ""source"": ""main""}, {""quote"": ""American Community Survey (ACS) profile tables for years 2006-2010"", ""location"": ""PDF page 26, Covariates"", ""source"": ""main""}]","The study estimates achievement gaps from external EDFacts test counts, compares them with NAEP records, and models correlates using published ACS/EDGE tables and Common Core of Data school/finance files. Both main analysis components and described validation use existing government data; no questionnaire responses were collected or commissioned by the research team."
85048260986,10.1086/696938,American Journal of Sociology,2018,How cultural capital emerged in gilded age america: Musical purification and cross-class inclusion at the New York Philharmonic,NO,"[{""quote"": ""we draw on complete subscription records"", ""location"": ""PDF page 16, Data / Primary Data Sources"", ""source"": ""main""}, {""quote"": ""we augment our quantitative data with the commentary of con- temporary cultural critics."", ""location"": ""PDF page 18, Historical Focus and Contextual Data"", ""source"": ""main""}]","The complete data-source account (pages 16–18) compiles historical subscription/seating books, Social Register and club directories, census/Ancestry occupational information, and contemporary newspaper criticism. The analyses trace attendance, social composition and spatial seating patterns using these archives. Collaboration with the Philharmonic enabled archival compilation rather than participant surveys; none of the reported components collects questionnaire responses."
85028870859,10.1086/693678,American Journal of Sociology,2017,Rethinking the risks of poverty: A framework for analyzing prevalences and penalties,NO,"[{""quote"": ""We analyze the Luxembourg Income Study (LIS)"", ""location"": ""PDF page 13, data description"", ""source"": ""main""}]","The country-specific, multilevel and counterfactual analyses use the LIS archive of existing national household datasets. The article develops a measurement framework and estimates poverty prevalences and penalties from these external data. There is no component collecting or commissioning participant questionnaire responses; questionnaire-derived income information alone does not meet team collection responsibility."
84967194473,10.1086/685441,American Journal of Sociology,2016,"The diffusion of strikes: A dyadic analysis of economic sectors in the Netherlands, 1995-2007",NO,"[{""quote"": ""Information on the exact timing of strikes in the Netherlands is adopted"", ""location"": ""PDF page 12, Data and Measures"", ""source"": ""main""}, {""quote"": ""Dutch Labor Force Survey 1995–2007"", ""location"": ""PDF page 18, Sector A Variables"", ""source"": ""main""}]","The single event-history analysis assembles existing strike records, newspaper information, official input-output and economic statistics, collective-agreement records, and existing Dutch Labor Force Survey aggregates. Requested custom tabulations from Statistics Netherlands process existing responses, not newly commissioned participant collection. All data components therefore fail team questionnaire collection."
85200591871,10.1017/s0003055424000728,American Political Science Review,2025,The American Viewer: Political Consequences of Entertainment Media,NO,"[{""quote"": ""We thank Xiong for generously sharing the data."", ""location"": ""PDF page 6, footnote 9"", ""source"": ""main""}, {""quote"": ""participants, as all of the analyses relied on secondary"", ""location"": ""PDF page 13, Ethical Standards"", ""source"": ""main""}]","The survey component analyzes an existing preelection survey obtained from Xiong, who is not an author; page 6 explicitly thanks Xiong for sharing it. Its Survata administration therefore does not establish collection by this team. Other components use television ratings/transcripts, news, Twitter follows, Census/electoral data and existing CCES responses (pages 6–9). The ethical statement on page 13 confirms all analyses use secondary data. No team-collected questionnaire component qualifies."
85162977216,10.1017/s0003055423000072,American Political Science Review,2024,Modeling Spatial Heterogeneity and Historical Persistence: Nazi Concentration Camps and Contemporary Intolerance,NO,"[{""quote"": ""we reanalyze publicly available data"", ""location"": ""PDF page 1, article scope"", ""source"": ""main""}]","The letter combines causal-methodological argument, historical analysis, and replication of prior European Values Survey and election-result analyses. Its empirical components use existing external EVS responses and electoral records (with ALLBUS discussed as another prior dataset). No team collection or commissioning of questionnaire responses occurs."
85151565458,10.1017/s0003055422000727,American Political Science Review,2023,"Whitman's Undemocratic Vistas: Mortal Anxiety, National Glory, White Supremacy",NO,"[{""quote"": ""But my purposes are interpretive, not"", ""location"": ""PDF page 2, interpretive scope"", ""source"": ""main""}, {""quote"": ""The author affirms this research did not involve human"", ""location"": ""PDF page 12, Ethical Standards"", ""source"": ""main""}]","The article is an interpretive political-theory reading of Whitman's philosophy of death and racial politics, supported by historical and literary texts. Its opening outlines the two interpretive sections and its conclusion expressly states that no human subjects were involved. No study component collects or analyzes eligible questionnaire responses."
85118939204,10.1017/s0003055421001234,American Political Science Review,2022,The Influence of Unknown Media on Public Opinion: Evidence from Local and Foreign News Sources,YES,"[{""quote"": ""In both cases, the samples were recruited by"", ""location"": ""PDF page 5, Experimental Design"", ""source"": ""main""}, {""quote"": ""We measure source familiarity at the"", ""location"": ""PDF page 6, Source Familiarity Predicts News Choice"", ""source"": ""main""}]","The team conducted two surveys with samples recruited by Lucid (6,042 and 5,068 respondents), containing five experiments. Procedures on pages 5–6 describe randomized attribution of news stories to familiar/unfamiliar outlets or no-news control, questionnaire reports of prior media familiarity and preferences, and issue-opinion outcomes. This is clearly team-commissioned/administered survey experiment collection, not reuse of someone else's independently run survey."
85098180961,10.1017/s0003055420001057,American Political Science Review,2021,Family Matters: How Immigrant Histories Can Promote Inclusion,YES,"[{""quote"": ""We designed an experiment to test whether priming"", ""location"": ""PDF page 3, Research Design"", ""source"": ""main""}, {""quote"": ""respondents were randomly assigned"", ""location"": ""PDF page 3, Research Design"", ""source"": ""main""}]","The team describes implementing its experiment in three online surveys, developing/preregistering the third study, randomly placing family-history questions, and collecting immigration-policy support, feeling ratings and empathy answers. These procedures clearly imply collection or commissioning of its own participant questionnaire responses."
85077327637,10.1017/s0003055419000649,American Political Science Review,2020,Noisy Retrospection: The Effect of Party Control on Policy Outcomes,NO,"[{""quote"": ""State Policy Project Database (CSPPD), which is housed"", ""location"": ""PDF page 6, Data"", ""source"": ""main""}, {""quote"": ""(our dependent variables) from 1960 to 2016"", ""location"": ""PDF page 6, Data"", ""source"": ""main""}]","The study's bivariate, difference-in-differences and regression-discontinuity analyses use an existing Correlates of State Policy Project Database of party control and economic/social outcomes. The data scope and discussion also describe robustness extensions using those records; survey findings appear as cited prior literature, not team-collected response studies. No reported component meets both criteria."
85064805724,10.1017/s0003055418000837,American Political Science Review,2019,Demand effects in survey experiments: An empirical assessment,YES,"[{""quote"": ""Our data come from ﬁve surveys ﬁelded on two survey"", ""location"": ""PDF page 4, Research Design"", ""source"": ""main""}, {""quote"": ""Both groups were then asked how willing"", ""location"": ""PDF page 4, Replicated Studies / framing experiment"", ""source"": ""main""}]","The team fielded five surveys on MTurk and through Qualtrics, deliberately varying substantive scenarios and disclosure of experimental hypotheses. For example, its replication of a rally-framing experiment presents alternative news articles and asks whether participants would allow the rally; other studies collect stated news preferences and policy support. These are freshly collected team survey-experiment responses. Replicating a published design here means administering new experiments, not merely reanalyzing published data."
85048739253,10.1017/s0003055418000254,American Political Science Review,2018,Are Human Rights Practices Improving?,NO,"[{""quote"": ""When we replicated his analysis (using"", ""location"": ""PDF page 4, methodological analysis"", ""source"": ""main""}]","The letter reanalyzes Fariss’s existing human-rights indicators and code, substitutes simulated random data, and compares alternative latent-variable specifications. The other empirical examples cited are previous scholarship. All reported analyses concern coded event/standards records and simulations; the team neither collects participant answers nor reports its own questionnaire data."
85018508446,10.1017/s0003055417000041,American Political Science Review,2017,Is the U.S. Government a corporation? the corporate origins of modern constitutionalism,NO,"[{""quote"": ""The focus of the present article is on the corporate genesis of the last of these—modern, American-style constitutionalism,"", ""location"": ""PDF page1, A Corporate Civilization; quote checked in PDF reading order"", ""source"": ""main""}]","The article develops a historical and conceptual argument about the U.S. Constitution as a corporate charter, drawing on legal texts, founding debates and political theory. The stated scope, concluding historical synthesis and complete section guide identify no participant study; no questionnaire responses are collected, commissioned or analyzed."
85007440070,10.1017/s0003055416000356,American Political Science Review,2016,Aid as a tool against insurgency: Evidence from contested and controlled territory in Afghanistan,NO,"[{""quote"": ""Data on the CERP treatment come from an un-"", ""location"": ""PDF page 6, Data"", ""source"": ""main""}, {""quote"": ""classified database"", ""location"": ""PDF page 6, Data"", ""source"": ""main""}, {""quote"": ""Author interview with U.S. official in Kabul"", ""location"": ""PDF page 5, footnote 3"", ""source"": ""main""}]","The empirical study compiles NGO incident reports, U.S. military CERP/SIGACT administrative records, and military installation reports into district-week panels (pages 5–8). The article's additional mechanism and robustness analyses use these same event/project series; contextual interviews with officials are qualitative discussions, not questionnaires. The survey references describe other researchers' studies. No reported component collects or commissions qualifying questionnaire responses."
85214208692,10.1177/00031224241305357,American Sociological Review,2025,"The Labor of Distinction: Butlers, Service Work, and the Production of Elite Lifestyles",NO,"[{""quote"": ""to study butler labor by training as a butler."", ""location"": ""PDF page 11, Methods"", ""source"": ""main""}, {""quote"": ""The analysis of data followed an iterative"", ""location"": ""PDF page 12, Methods"", ""source"": ""main""}]","The methods enumerate apprenticeship ethnography, participant observation at butler schools and workplaces, qualitative interviews with butlers, and analysis of manuals/memoirs. The author collected original observational and interview data, but these are not participant questionnaire responses. All reported components are qualitative/archival; none meets the survey criterion."
85189804718,10.1177/00031224241240497,American Sociological Review,2024,The Cultural Consequences of Market Transition: An Empirical Examination of Rising Materialism in Twenty-First-Century China,NO,"[{""quote"": ""This survey is conducted by Renmin University of China’s National Survey Research Center (NSRC)."", ""location"": ""PDF page 35, Note 7"", ""source"": ""main""}]","The main temporal and individual-level analyses use existing 2005/2015 Chinese General Social Survey responses supplied by Renmin University's National Survey Research Center; robustness checks use alternative models, covariates and subsamples of those same data. Contextual measures come from published statistical sources. The author thanks the external survey center for providing data, with no team collection or commissioning documented or implied."
85150867732,10.1177/00031224231156456,American Sociological Review,2023,Change in Personal Culture over the Life Course,NO,"[{""quote"": ""Data come from nationally representative"", ""location"": ""PDF page 9, Data and Method / Data"", ""source"": ""main""}]","The study analyzes previously collected HILDA, BHPS, UKHLS, SOEP, Swiss Household Panel and PSID data, enumerated with external sources in Table 2 (page 11). It selects existing attitude/values variables for repeated-measures modeling, then synthesizes the estimates with meta-analysis; an additional component is a simulation (pages 9–12). None involves collecting or commissioning participant questionnaire responses by this author. These independently conducted panels fail the collection-responsibility criterion."
85141403925,10.1177/00031224221132295,American Sociological Review,2022,Relational Work in the Family: The Gendered Microfoundation of Parents’ Economic Decisions,NO,"[{""quote"": ""I draw on interviews with 72 participants,"", ""location"": ""PDF page 7, Methods"", ""source"": ""main""}, {""quote"": ""Interviews were semi-structured"", ""location"": ""PDF page 8, Data Collection"", ""source"": ""main""}]","The author recruited unemployed parents and spouses for long semi-structured interviews, reinterviewed part of the sample, and reports a larger project with family observations. Analyses code interview transcripts and field notes. These original qualitative components do not constitute questionnaire collection; no separate survey component is described."
85112858951,10.1177/00031224211033582,American Sociological Review,2021,"The Intersection of Racial and Gender Attitudes, 1977 through 2018",NO,"[{""quote"": ""We analyzed data from the General Social Survey (GSS) from 1977 through 2018"", ""location"": ""PDF page 15, Methods: Data"", ""source"": ""main""}]","The complete methods describe latent-class and regression analyses of existing GSS respondents from 21 survey years, with robustness checks on the same survey waves. These are externally collected questionnaire responses; all reported analyses fail the team's own collection or commissioning criterion."
85083468966,10.1177/0003122420912941,American Sociological Review,2020,From Aristocratic to Ordinary: Shifting Modes of Elite Distinction,NO,"[{""quote"": ""by the publication since it began including"", ""location"": ""PDF page 8, Methods"", ""source"": ""main""}, {""quote"": ""we conducted two interviews"", ""location"": ""PDF page 7, Who’s Who"", ""source"": ""main""}]","Main analyses use Who's Who/Who Was Who biographical entries obtained from their publishers, plus the BBC Desert Island Discs archive (pages 7–9). The researchers' own two interviews with the yearbook coordinator clarify selection procedures and are qualitative. Comparison analyses use historical Mass Observation/Young and Willmott studies, Bennett and colleagues' data, and the Arts Council's Taking-Part Survey (pages 17–19), all externally collected. No team-collected questionnaire component is reported."
85075052322,10.1177/0003122419885094,American Sociological Review,2019,The Relation between Inequality and Intergenerational Class Mobility in 39 Countries,NO,"[{""quote"": ""we compiled a cross-"", ""location"": ""PDF page 10, Data paragraph beginning To test our hypotheses"", ""source"": ""main""}, {""quote"": ""grams that coordinated cross-country data"", ""location"": ""PDF page 10, Data (international survey programs)"", ""source"": ""main""}]","Both the mobility and inequality analyses pool existing nationally coordinated survey programs: ESS, EVS, ISSP, EUREQUAL, ALL, GSS and EU-SILC. Their questionnaires record personal education, occupation and income, but collection belongs to the independent survey programs, not the article team. The additional covariates are UN and World Bank indicators and published welfare classifications; all analyses and robustness calculations reuse these sources. Compiling datasets is not collecting or commissioning participant questionnaire responses."
85047452166,10.1177/0003122418773353,American Sociological Review,2018,The Cultural-Cognitive Mapping of Scientific Professions,NO,"[{""quote"": ""Source: 2006 and 2012 General Social Survey"", ""location"": ""PDF page 9, Table 1b"", ""source"": ""main""}]","Both reported analyses—structural modeling of scientific-profession perceptions and multinomial comparisons of sociology/economics—use an existing NSF Science and Technology module in the 2006/2012 GSS, administered through NORC/NSF. The article analyzes those responses and associated covariates without collecting or commissioning them. Thus questionnaire use is established but team collection fails for every component."
85026323692,10.1177/0003122417710462,American Sociological Review,2017,Where “Old Heads” Prevail: Inmate Hierarchy in a Men’s Prison Unit,YES,"[{""quote"": ""The lead author and lead interviewer met with large groups of unit inmates"", ""location"": ""Text segment 5, Sample"", ""source"": ""main""}, {""quote"": ""participants were individually surveyed using Computer-Assisted Personal Interviews (CAPIs)."", ""location"": ""Text segment 5, Sample"", ""source"": ""main""}]","The team's own recruitment and CAPI administration are explicitly described in segment 5. Inmates answered structured questions nominating/ranking influential peers and those they got along with, and reported social-group participation and prior residence (segments 5–6). Those questionnaire answers supply the analyzed network and behavioral measures. Qualitative narrative follow-ups and administrative correlates coexist with, but do not replace, the qualifying interviewer-administered survey."
84979997671,10.1177/0003122416653112,American Sociological Review,2016,"Nonmarital First Births, Marriage, and Income Inequality",NO,"[{""quote"": ""we use data through the 2011 wave"", ""location"": ""Text segment 3, Data"", ""source"": ""main""}, {""quote"": ""the NLSY97 staff constructed a monthly history"", ""location"": ""Text segment 4, Statistical Model"", ""source"": ""main""}]","All participant responses come from the existing independent NLSY97 longitudinal survey, supplemented by NSFG comparison statistics. The team analyzes reported fertility and union histories but did not collect or commission these responses. All contextual inequality, jobs and population variables use Census/IPUMS/ACS releases, and the alternative counterfactual models reanalyze the same linked records. No article component introduces a team-collected questionnaire."
105005626231,10.1017/s0007123424001017,British Journal of Political Science,2025,Gendered Expectations: Do Voters Reward Women for Supporting Women's Interests?,YES,"[{""quote"": ""The abortion study used Lucid"", ""location"": ""PDF page 10, Experimental samples"", ""source"": ""main""}, {""quote"": ""Participants rated favourability on a 0 to 100 scale"", ""location"": ""PDF page 10, Outcome questions"", ""source"": ""main""}]","In the abortion experiment the team recruited a Lucid sample, varied legislators' gender and policy positions in vignettes, and collected favourability and intended-vote ratings. This independently fielded questionnaire experiment meets both criteria regardless of the other experiment's CES sample."
85180096254,10.1017/s0007123423000327,British Journal of Political Science,2024,Community Size and Electoral Preferences: Evidence from Post-Second World War Baden-WÜrttemberg,NO,"[{""quote"": ""were scraped from the Land BW (2020) webpage."", ""location"": ""PDF page 8, Data Overview"", ""source"": ""main""}]","The data overview and variable inventory (pages 8–10) specify historical municipal population, election, demographic and housing records from Land BW and Schumann's geographic dataset. Both election analyses and the alternative-explanation checks use these administrative aggregates and historical accounts. The natural experiment exploits postwar occupation boundaries, not a research questionnaire, and no component collects participant survey responses."
85175473443,10.1017/s0007123422000746,British Journal of Political Science,2023,How do Voters Form Perceptions of Party Positions?,YES,"[{""quote"": ""Study I was conducted as an online survey in Germany in November 2020."", ""location"": ""PDF page 3, Research Design, Data and Methods"", ""source"": ""main""}, {""quote"": ""we asked respondents to assess a party’s economic policy position."", ""location"": ""PDF page 3, Study I"", ""source"": ""main""}]","Study I reports the team conducting an original German online-panel survey experiment (3150 respondents), constructing and randomly assigning hypothetical party statements, and asking participants for economic-policy position ratings analyzed as outcomes. Thus the team collected questionnaire responses about beliefs/perceptions for research. Study II is explicitly a proposed module of the independently conducted Austrian National Election Study, which alone would be excluded; Study I separately satisfies both criteria."
85101177545,10.1017/s000712342000071x,British Journal of Political Science,2022,Can Elites Escape Blame by Explaining Themselves? Suspicion and the Limits of Elite Explanations,YES,"[{""quote"": ""In each experiment I randomly assigned respondents to conditions"", ""location"": ""PDF page 7, Experimental Procedure"", ""source"": ""main""}, {""quote"": ""Respondents in each experiment were asked how they ‘would rate [the politician]’"", ""location"": ""PDF page 8, Dependent Variable and Models"", ""source"": ""main""}]","The author conducted MTurk and Lucid experiments, manipulating politicians' actions, justifications and counter-explanations and collecting 0–10 politician ratings. Explicit own random assignment and survey procedures establish team collection; evaluative ratings after varied information are qualifying questionnaire responses."
85079670115,10.1017/s0007123419000620,British Journal of Political Science,2021,Elite Communication and the Popular Legitimacy of International Organizations,YES,"[{""quote"": ""To implement the questionnaire, we relied on online panels from YouGov"", ""location"": ""PDF page 8, Survey Design"", ""source"": ""main""}]","The team explicitly conducted its questionnaire experiment using YouGov samples in Germany, the UK and US. It randomized vignette source, object and valence, then asked respondents to rate confidence in international organizations on a 0–10 scale (pages 8–10). Both collection/commissioning responsibility and survey-experiment responses about attitudes are directly established."
85042721612,10.1017/s0007123417000503,British Journal of Political Science,2020,How Do People Evaluate Foreign Aid To 'Nasty' Regimes?,YES,"[{""quote"": ""We recruited subjects via Amazon’s MechanicalTurk (MTurk) between 5–9 August 2014."", ""location"": ""PDF page 9, Administration of Survey"", ""source"": ""main""}, {""quote"": ""support for foreign aid (a nine-point scale"", ""location"": ""PDF page 10, Statistical Analysis"", ""source"": ""main""}]","The team recruited 2217 MTurk participants to an author-hosted survey and administered four randomized paired aid-package vignettes. Participants reported their support ratings on a nine-point questionnaire scale, and those attitudes were analyzed as the experimental outcomes. Direct team collection and qualifying research questionnaire content are both explicit."
85017439852,10.1017/s0007123416000739,British Journal of Political Science,2019,"Information from Abroad: Foreign Media, Selective Exposure and Political Support in China",YES,"[{""quote"": ""The survey experiment was conducted in August 2014"", ""location"": ""PDF page 14, Data"", ""source"": ""main""}, {""quote"": ""then asked about their evaluations of China’s future prospects"", ""location"": ""PDF page 13, Procedure of the survey experiment"", ""source"": ""main""}]","The team recruited 1,200 online participants, elicited reading preferences, randomized exposure to selected news articles, and collected regime evaluations and political-attitude questionnaire items. The explicit study procedures and recruitment establish own collection of qualifying survey-experiment responses."
85001958602,10.1017/s0007123416000302,British Journal of Political Science,2018,Labor Union Strength and the Equality of Political Representation,NO,"[{""quote"": ""I combine data from the 2000, 2004 and 2008 NAES"", ""location"": ""PDF page 4, Measuring Equality of Political Representation"", ""source"": ""main""}]","The opinion measures reuse three National Annenberg Election Surveys rather than responses collected or commissioned by this author. Policy measures come from existing Gray et al. and Sorens et al. datasets. The additional analyses use Current Population Survey union density, externally collected campaign-contribution and census data, and 2008 Cooperative Congressional Election Study turnout. The methods and robustness analyses report no separate team-collected questionnaire or experiment, so the collection criterion is not met."
84943800465,10.1017/s0007123415000423,British Journal of Political Science,2017,Political Competition and Ethnic Riots in Democratic Transition: A Lesson from Indonesia,NO,"[{""quote"": ""I read the national newspaper Kompas"", ""location"": ""PDF page 8, Riots"", ""source"": ""main""}, {""quote"": ""One Poso community leader I interviewed noted that"", ""location"": ""PDF page 17, Case of Poso"", ""source"": ""main""}]","The quantitative analyses combine preexisting event-coded riot data with author coding of newspaper reports, electoral records and district economic/population statistics. The additional Poso case study uses historical accounts and qualitative interviews with community leaders, reported as contextual narratives. Although the author collects documentary information and conducts interviews, no component uses a questionnaire to collect participants’ reported attitudes, experiences or behavior. All three empirical components are covered in the methods and case-study sections."
84988651873,10.1017/s0007123414000404,British Journal of Political Science,2016,The Ideological Asymmetry of the American Party System,YES,"[{""quote"": ""All survey experiments were custom designed and carried out on representative samples."", ""location"": ""PDF page 10, footnote 33"", ""source"": ""main""}, {""quote"": ""Participants responded on a four-point scale"", ""location"": ""PDF page 10, footnote 34"", ""source"": ""main""}]","The authors report custom-designed experiments carried out on representative samples to test their hypotheses, including a California RDD survey fielded by the University of California Survey Research Center. This establishes collection commissioned for their research; the responses need not be newly collected for this particular publication. Respondents answered questionnaire items expressing policy preferences, including government responsibility for living standards, on a four-point response scale. These original experimental questionnaire responses satisfy both criteria, independently of the secondary ANES analyses also reported."
85211810519,10.1111/cdev.14206,Child Development,2025,Positive well-being and dampened emotional reactivity to daily family conflict and family cohesion,YES,"[{""quote"": ""their responses would be kept private by our team"", ""location"": ""Text segment 4, Procedure"", ""source"": ""main""}, {""quote"": ""Adolescents rated two family conflict items each day"", ""location"": ""Text segment 4, Measures: Family conflict"", ""source"": ""main""}]","The FLOW study procedure documents this team's recruitment, assent, baseline questionnaires and nightly Qualtrics questionnaires for 21 days, including assurances about responses held by our team. This establishes ownership of the earlier collected data being reused. Adolescents' questionnaire ratings measure experienced family conflict, cohesion, emotions, life satisfaction and purpose, satisfying the response-content criterion."
85165075045,10.1111/cdev.13965,Child Development,2024,The role of accuracy in children's judgments of experts' knowledge,YES,"[{""quote"": ""indicated all responses verbally."", ""location"": ""PDF page 3, Study 1 Procedure"", ""source"": ""main""}, {""quote"": ""Participants rated how much each expert knew about"", ""location"": ""PDF page 4, Pretest knowledge rating"", ""source"": ""main""}]","In Study 1 the researchers administered an online video-conference experiment to 80 children, trained them on a seven-point rating scale, and recorded their verbal answers to repeated standardized questions about experts’ knowledge. These ratings measure beliefs about the experts and are analyzed research outcomes. This is direct team collection through an orally administered questionnaire component within a broader experimental task; neither the laboratory-like setting nor oral mode excludes it."
85153605140,10.1111/cdev.13920,Child Development,2023,"Latent profiles of children's shyness: Behavioral, affective, and physiological components",YES,"[{""quote"": ""completed an online follow-­up survey related to their"", ""location"": ""PDF page 3, Procedure"", ""source"": ""main""}, {""quote"": ""Child is afraid of the dark."", ""location"": ""PDF page 4, Parent-reported temperament"", ""source"": ""main""}]","The authors describe recruitment through the McMaster Child Database, their laboratory procedures, consent and compensation, and repeated online questionnaires administered to participating parents. The parent questionnaires report the child's behavior and temperament, including shyness and fear, on rating scales. These researcher-collected questionnaire responses satisfy both criteria even though the broader study also includes observation, a speech task and physiology, and reuses the team's own larger study data."
85132045387,10.1111/cdev.13812,Child Development,2022,White adolescents' racial contexts: Associations with critical action,NO,"[{""quote"": ""The overall goal of the MADICS was to examine how so-"", ""location"": ""PDF page 5, Method: Participants and procedure"", ""source"": ""main""}, {""quote"": ""Wave 4 (N = 1057) was utilized to derive various"", ""location"": ""PDF page 5, Method: Participants and procedure"", ""source"": ""main""}]","This is a secondary analysis of waves 4 and 5 of the Maryland Adolescent Development in Context Study, attributed in the methods to Eccles et al. The questionnaires about racial attitudes, friendships, family discussions and critical action qualify by content, but they are existing MADICS responses rather than a collection conducted or commissioned by these authors. School diversity adds external NCES data. All profiles, covariate analyses and attrition analyses use those same data; no separate original questionnaire collection is reported."
85105947095,10.1111/cdev.13573,Child Development,2021,Maternal Judgments of Child Numeracy and Reading Ability Predict Gains in Academic Achievement and Interest,NO,"[{""quote"": ""LSAC is a government-run study"", ""location"": ""PDF page 9, Method: Participants"", ""source"": ""main""}, {""quote"": ""achievement were taken from administrative records"", ""location"": ""PDF page 10, Measures"", ""source"": ""main""}]","The full methods identify one existing government-run LSAC cohort and linked NAPLAN administrative tests as the sources for all main, exploratory and sensitivity analyses. Maternal judgments and children’s liking of school subjects are qualifying questionnaire content, but those responses were collected by independent LSAC survey organizers, not commissioned or collected by this article team. No additional original questionnaire component is reported."
85088478192,10.1111/cdev.13380,Child Development,2020,Cognitive Stimulation at Home and in Child Care and Children’s Preacademic Skills in Two-Parent Families,NO,"[{""quote"": ""This study uses data from the in-person"", ""location"": ""PDF page 3, Method: Data Source"", ""source"": ""main""}, {""quote"": ""National Center for Education Statistics (NCES). (2005)."", ""location"": ""PDF page 9, reference for ECLS-B data source"", ""source"": ""main""}]","All empirical components use the existing NCES Early Childhood Longitudinal Study–Birth Cohort: parent and child-care provider interviews, resident-father questionnaires, and direct child assessments across the specified waves. The caregiver items report reading, storytelling and singing behavior, so questionnaire content satisfies criterion 2. However, the article identifies this as use of an existing national study and does not document collection or commissioning by this paper's authors. Its path models, moderation analyses and robustness specifications all analyze those same external records; no additional author-collected questionnaire component is reported."
85053192496,10.1111/cdev.13133,Child Development,2019,Subjective Well-Being Decreasing With Age: New Research on Children Over 8,YES,"[{""quote"": ""the questionnaires administered to"", ""location"": ""PDF page 6, Method"", ""source"": ""main""}, {""quote"": ""Coordinator: Ferran Casas"", ""location"": ""National report PDF page 1, cover"", ""source"": ""https://isciweb.org/wp-content/uploads/2019/12/Spain_NationalReport_Final.pdf""}, {""quote"": ""The survey began in October 2013 and was completed by February 2014."", ""location"": ""National report PDF page 9, Sampling strategy and outcomes"", ""source"": ""https://isciweb.org/wp-content/uploads/2019/12/Spain_NationalReport_Final.pdf""}]","The article analyzes Children's Worlds questionnaires measuring children's satisfaction with their lives using OLS, SLSS, BMSLSS and PWI-SC scales. The main methods defer collection details to the project. The inspected official Catalonia report establishes author Casas as coordinator and González as a research-team member, and describes the 2013-2014 sampling and online/paper administration included in this wave. Thus at least the Spanish responses are documented reuse of their own questionnaire collection, meeting both criteria despite the pooled international database."
85049958210,10.1111/cdev.12756,Child Development,2018,Emotional Feeding and Emotional Eating: Reciprocal Processes and the Influence of Negative Affectivity,YES,"[{""quote"": ""Norway, were invited by letter to participate in the"", ""location"": ""PDF page 4, Participants and Procedure"", ""source"": ""main""}, {""quote"": ""The Parent Feeding Style Questionnaire"", ""location"": ""PDF page 5, Parent’s Emotional Feeding"", ""source"": ""main""}]","The article reports the team’s Trondheim Early Secure Study recruitment and repeated follow-up of the same children, with collection procedures and ethics approval, referring to earlier reports by coauthor Wichstrøm. Parents completed research questionnaires about their own emotional feeding practices and their children’s eating behavior and temperament, with the repeated ratings analyzed in the current study. This is documented collection within the team’s own broader longitudinal child study; the presence of physical BMI measurements does not negate the qualifying questionnaire component."
85013155727,10.1111/cdev.12708,Child Development,2017,Neural Oscillation Reveals Deficits in Visuospatial Working Memory in Children With Developmental Coordination Disorder,YES,"[{""quote"": ""teachers of all the children using a brief behavior"", ""location"": ""PDF page 2, Method: Participants"", ""source"": ""main""}, {""quote"": ""rating scale (Dupaul, Power, AnastoPoulos, & Reid,"", ""location"": ""PDF page 2, Method: Participants"", ""source"": ""main""}]","The authors recruited children from Taiwanese classrooms and report administering a brief behavior rating scale to parents and teachers during participant screening to determine ADHD-related exclusion. That scale records reported child behavior and is a questionnaire component collected as part of the authors' own recruitment procedures. Both criteria therefore hold even though the substantive outcome analyses concern motor tests, visuospatial performance and EEG, and the behavioral questionnaire serves screening rather than being the primary outcome."
84994228690,10.1111/cdev.12637,Child Development,2016,What You Want Versus What's Good for You: Paternalistic Motivation in Children's Helping Behavior,YES,"[{""quote"": ""you decide to give Benjamin the [chosen snack]?"", ""location"": ""PDF page 4, Experiment 1: Procedure, post-task questions"", ""source"": ""main""}]","The team directly conducts two child experiments. Beyond the observed snack-giving task, the procedure administers the same post-task questions to children, including why they decided to give the selected snack, and records and analyzes these answers as reported reasons for their behavior. The paper separately tabulates the coded justifications in both experiments. This standardized interviewer-administered question set about participants' decisions meets the broad questionnaire-response definition, alongside recall checks; the affirmative judgment rests on those analyzed reported reasons, not the physical giving task alone."
105004455067,10.1177/21677026251332931,Clinical Psychological Science,2025,Associations of Romantic Partners’ Characteristics With Alcohol Consumption and Binge Drinking: Examining Evidence for Gene–Environment Interaction,YES,"[{""quote"": ""analysis of existing data rather than new data collection"", ""location"": ""PDF page 3, Transparency and Openness"", ""source"": ""main""}, {""quote"": ""we initiated the FT16 study in 1991"", ""location"": ""Studying Health Behaviors in Adolescents and Young Adults (Waves 1–4)"", ""source"": ""https://www.cambridge.org/core/journals/twin-research-and-human-genetics/article/finntwin16-a-longitudinal-study-from-age-16-of-a-populationbased-finnish-twin-cohort/066CB09103674DBA0210715C3AECC560""}, {""quote"": ""the Twin Study project is led by Professor Jaakko Kaprio"", ""location"": ""Genetic Epidemiology Group introduction, second paragraph"", ""source"": ""https://www.helsinki.fi/en/researchgroups/genetic-epidemiology""}]","The main article explicitly reanalyzes existing FinnTwin16 responses, including mailed and online questionnaires about alcohol use, smoking, personality and distress. This alone does not establish exclusion: the inspected cohort methods by coauthors Rose and Kaprio describe their initiation and administration of these waves and the partner questionnaire, and the institutional cohort page confirms Kaprio leads the project. Thus the study uses questionnaire responses previously collected by members of this research team, which remain eligible under the supplied rule."
85163027876,10.1177/21677026231162814,Clinical Psychological Science,2024,Common Cause Versus Dynamic Mutualism: An Empirical Comparison of Two Theories of Psychopathology in Two Large Longitudinal Cohorts,YES,"[{""quote"": ""Manuel Eisner: Investigation; Resources;"", ""location"": ""Text segment 12, Author Contributions"", ""source"": ""main""}, {""quote"": ""Denis Ribeaud: Investigation; Resources;"", ""location"": ""Text segment 12, Author Contributions"", ""source"": ""main""}, {""quote"": ""self-report version of the Social Behavior Questionnaire"", ""location"": ""Text segment 3, Data Set 1: Measures"", ""source"": ""main""}]","The z-proso component uses longitudinal self-report questionnaire items about aggression, prosocial behavior, depression, anxiety and ADHD, rated by frequency. The main text identifies cohort collection documentation by coauthors Eisner and Ribeaud and specifically credits both with Investigation and Resources for this article, establishing the team's involvement in generating the reused cohort responses. Documented reuse of the team's own questionnaire data qualifies; its explicit use of existing data does not by itself exclude it. The z-proso component satisfies both criteria independently of the external SHARE component."
85146083158,10.1177/21677026221133295,Clinical Psychological Science,2023,Experimental Investigation of the Influence of Positive Emotion Dysregulation on Risky Behavior Following Idiographic Emotion Inductions,YES,"[{""quote"": ""Participants rate their degree of strategy use from 0 (not at all) to 10 (all the time)."", ""location"": ""PDF page 7, Subjective Measures: State emotion dysregulation"", ""source"": ""main""}]","The team's procedures describe recruiting 151 women, randomizing them to emotion inductions and collecting baseline and experimental-session responses directly. The analyzed PANAS, Responses to Emotions Questionnaire, substance-use urge items and dissociation scale ask respondents to rate their experienced feelings, regulation strategies and urges. These are qualifying questionnaires within a broader clinical/laboratory study; the physiological and behavioral task components do not negate their eligibility."
85107637507,10.1177/21677026211021975,Clinical Psychological Science,2022,An Electrocortical Measure Associated With Metarepresentation Mediates the Relationship Between Autism Symptoms and Theory of Mind,YES,"[{""quote"": ""Participants were recruited via community-based clinical organizations"", ""location"": ""Text segment 3, Procedures"", ""source"": ""main""}, {""quote"": ""parent-report Social Communication Questionnaire – Lifetime version"", ""location"": ""Text segment 3, Measures"", ""source"": ""main""}]","The researchers recruited and assessed adolescents in their lab and obtained parent questionnaire reports of lifetime social-communication behavior, as well as participant self-reports of pubertal development and developmental history. The SCQ scores are reported and used in assigning the research diagnostic groups. Direct team collection of reported experiences/behavior through questionnaires therefore qualifies even though the principal outcomes concern EEG and theory-of-mind task performance."
85102682673,10.1177/2167702621995761,Clinical Psychological Science,2021,Adolescents’ Stress Reactions in Response to COVID-19 Pandemic at the Peak of the Outbreak in Italy,YES,"[{""quote"": ""We collected information about personal experiences"", ""location"": ""PDF page 3, Method: Population and data"", ""source"": ""main""}, {""quote"": ""an anonymous online questionnaire. The online survey"", ""location"": ""PDF page 2, Method: Population and data"", ""source"": ""main""}]","The authors describe conducting an anonymous online questionnaire recruited through an Italian student website during April 1–5, 2020, including consent procedures and eligibility restrictions. They collected respondents' COVID-19 experiences and Likert-rated stress reactions such as intrusion, avoidance and hyperarousal. The questionnaire responses were collected for their study and concern personal experiences and reported feelings/behavior, satisfying both criteria."
85091023045,10.1177/2167702620949156,Clinical Psychological Science,2020,Trajectories of Distress Following the Great East Japan Earthquake: A Multiwave Prospective Study,NO,"[{""quote"": ""Data were collected by the Miyagi Prefecture using"", ""location"": ""PDF page 2, Method"", ""source"": ""main""}, {""quote"": ""mized data set, which provided the research team with"", ""location"": ""PDF page 2, Method, data linkage description"", ""source"": ""main""}]","Miyagi Prefecture independently distributed annual self-report questionnaires as part of its standard post-disaster survey work, linked the records, removed identifying information and supplied the research team a subset. The team analyzes K6 distress trajectories, support and demographic answers in those five waves. The statistical and supplemental components are alternate models, attrition and subgroup analyses of the same externally collected responses. No collection or commissioning by this research team is established; the explicit provider-recipient description establishes secondary analysis."
85075127984,10.1177/2167702619858425,Clinical Psychological Science,2019,Social Anxiety and Dynamic Social Reinforcement Learning in a Volatile Environment,YES,"[{""quote"": ""were recruited through Amazon’s Mechanical Turk to complete an online study"", ""location"": ""Text segment 3, Method Participants"", ""source"": ""main""}, {""quote"": ""20-item self-report scale measuring social anxiety"", ""location"": ""Text segment 4, Questionnaires"", ""source"": ""main""}]","The team recruited adults through MTurk, directed them to its online experiment and questionnaires, and compensated their participation. In addition to the Cyberball task, participants completed standardized SIAS and depression self-report questionnaires about experienced symptoms; the study uses their scores to explain task behavior. Both direct team collection and research use of qualifying reported experiences are explicit."
85046879179,10.1177/2167702617741381,Clinical Psychological Science,2018,Adolescent Victimization and Early-Adult Psychopathology: Approaching Causal Inference Using a Longitudinal Twin Study to Rule Out Noncausal Explanations,YES,"[{""quote"": ""Our adapted JVQ comprised 45 questions covering seven different forms of victimization"", ""location"": ""Text segment 3, Measures: Adolescent victimization"", ""source"": ""main""}, {""quote"": ""asked to reply to a confidential questionnaire"", ""location"": ""Text segment 4, Informant reports of adolescent victimization"", ""source"": ""main""}]","The authors describe their E-Risk cohort follow-up procedures, consent, separate interviewers for twins, and their adaptation of the Juvenile Victimization Questionnaire for age-18 interviews. They also collected confidential questionnaire checklists from parents and co-twins about victimization. These instruments ask about experienced events and reported behavior, and the article describes collection within the team's own longitudinal study. Both criteria hold, including for reused earlier waves of that study."
85016277843,10.1177/2167702616687292,Clinical Psychological Science,2017,Stress Enhances the Memory-Degrading Effects of Eye Movements on Emotionally Neutral Memories,YES,"[{""quote"": ""24 statements (e.g., “I feel relaxed when giving a speech”)"", ""location"": ""PDF page 5, Materials: PRCA-24"", ""source"": ""main""}]",The team recruits university students and administers the online Public Speaking subscale of the PRCA-24 to measure self-reported performance anxiety and determine study groups; those scores are used in the analyses. The methods specify agreement ratings on the questionnaire and repeated ratings of subjective tension and autobiographical memory experience. These directly collected questionnaire responses satisfy both criteria within the laboratory experiment.
84964068259,10.1177/2167702615585302,Clinical Psychological Science,2016,Is homesickness a mini-grief? Development of a dual process model,NO,"[{""quote"": ""the current article first reviews contemporary defini-"", ""location"": ""PDF page 3, article scope"", ""source"": ""main""}, {""quote"": ""step is to empirically test components of the model"", ""location"": ""PDF page 13, Summary"", ""source"": ""main""}]","This is a theoretical model-development and literature-review article. Its evidence section discusses findings already published by other researchers and the authors, without newly analyzing participant questionnaire records; the intervention and questionnaire designs are proposals for future research. Reading the scope, evidence discussion and future-research sections establishes that no reported study component involves this article’s team collecting, commissioning or reusing its own questionnaire responses as an empirical study. Citations to earlier questionnaire studies do not themselves supply a qualifying component."
105004643068,10.1016/j.cognition.2025.106135,Cognition,2025,Medial temporal cortex supports object perception by integrating over visuospatial sequences,NO,"[{""quote"": ""these experiments are variations on a ‘same-different’ task"", ""location"": ""Text segment 3, section 2.1 Experimental designs"", ""source"": ""main""}, {""quote"": ""We administer two related experimental designs."", ""location"": ""Text segment 8, section 6.6 Online human data collection"", ""source"": ""main""}]","The study combines previously collected lesion/electrophysiology data and computational models with author-collected online visual-discrimination and in-lab eye-tracking experiments. I inspected the procedures for concurrent oddity, restricted and self-paced match-to-sample tasks, eye tracking, stimulus selection, and the external lesion data. Participants identify objectively matching or nonmatching objects, with accuracy, reaction times and gaze measured; these are perceptual performance tasks rather than questionnaires about attitudes, beliefs, preferences, experiences, intentions or reported behavior. No qualifying questionnaire component is reported. Original data collection satisfies criterion 1 for the tasks, but criterion 2 fails."
85200809480,10.1016/j.cognition.2024.105903,Cognition,2024,Viewpoint adaptation revealed potential representational differences between 2D images and 3D objects,NO,"[{""quote"": ""Participants were asked to make a two-alternative forced choice (2-AFC) to judge the viewing direction (leftward or rightward)"", ""location"": ""Text segment 4, Experiment 1: Design and procedure"", ""source"": ""main""}]","Both experiments collect repeated visual discrimination responses about whether faces and kettles point left or right after perceptual adaptation. Experiment 2 repeats that task with stereoscopic stimuli. The pilot establishes a frontal-view stimulus using perceptual judgments, and the remaining component is computational modeling. These are laboratory perception tasks, not questionnaire questions about attitudes, beliefs, preferences, experiences, intentions or reported behavior. The full methods and component descriptions report no ancillary qualifying questionnaire."
85146150720,10.1016/j.cognition.2022.105363,Cognition,2023,Constructing complex social categories under uncertainty,YES,"[{""quote"": ""completed online surveys via Amazon's Mechanical Turk"", ""location"": ""Text segment 4, 2.1 Participants"", ""source"": ""main""}, {""quote"": ""we collected familiarity ratings for each combined concept"", ""location"": ""Text segment 5, 2.4 Combination familiarity"", ""source"": ""main""}]","The team recruited and paid MTurk participants for online surveys that asked about perceived warmth and competence of social categories, followed by ratings of personal familiarity, prior beliefs and experiences. The methods explicitly identify the team’s collection and the use of responses in computational analyses. These are qualifying questionnaire reports of beliefs and experiences, independently of the nonsocial semantic task component."
85123046307,10.1016/j.cognition.2022.105025,Cognition,2022,Categorical perception meets El Greco: Categories unequally influence color perception of simultaneously present objects,NO,"[{""quote"": ""The experiment consisted of 240 color matching trials"", ""location"": ""Text segment 3, Experiment 1: Procedure"", ""source"": ""main""}, {""quote"": ""We used the same experimental procedure that was used in the second experiment."", ""location"": ""Text segment 5, Experiment 3: Procedure"", ""source"": ""main""}]","The three studies collect original data from recruited undergraduates, but each measures color-matching performance. Experiment 1 has participants adjust a colored shape to match another; Experiment 2 adds transfer contours and moves the task online; Experiment 3 repeats that task with gaze tracking. I inspected recruitment, stimuli and procedures for all three. The slider responses reproduce stimulus colors rather than report attitudes, beliefs, preferences, experiences, intentions or behavior, and no qualifying questionnaire component is reported. Criterion 1 holds for task collection; criterion 2 does not."
85108162398,10.1016/j.cognition.2021.104811,Cognition,2021,The social meaning of common knowledge across development,YES,"[{""quote"": ""Participants read instructions on a computer screen and recorded their answers by clicking on the survey options."", ""location"": ""Text segment 3, Study 1a: Design and procedure"", ""source"": ""main""}]","Study 1a describes this team's student sample and its online questionnaire administered in the laboratory. The researchers vary whether described children know cultural or general information and ask respondents for beliefs about those children's language and residence, with confidence ratings. These are directly collected answers to questionnaire scenarios; the procedural description establishes collection responsibility and survey-experimental content. Study 1b uses an interviewer-administered version with children, but the adult component already establishes eligibility."
85086009494,10.1016/j.cognition.2020.104336,Cognition,2020,The spatial logic of fear,YES,"[{""quote"": ""60 naive participants"", ""location"": ""Text segment 3, 1.1.3 Face stimuli creation and validation"", ""source"": ""main""}, {""quote"": ""rate the arousal level generated by each stimulus, on a 10-point Likert scale"", ""location"": ""Text segment 3, 1.1.3 Face stimuli creation and validation"", ""source"": ""main""}]","The two main experiments collect tactile reaction times, but the team also reports an original stimulus-validation study with 60 participants. Those participants answered repeated standardized rating questions, including the arousal each face generated, on a ten-point Likert scale. These subjective experience ratings were statistically analyzed and used to select the experimental stimuli, satisfying direct collection and questionnaire research use. A qualifying preliminary component is sufficient."
85062810880,10.1016/j.cognition.2019.03.008,Cognition,2019,Individual differences in the effects of priors on perception: A multi-paradigm approach,YES,"[{""quote"": ""After the experiment, all participants completed two questionnaires: the Autism Spectrum Quotient (AQ) questionnaire"", ""location"": ""Text segment 4, section 2.3 Questionnaires"", ""source"": ""main""}, {""quote"": ""the Schizotypal Personality Questionnaire-Brief (SPQ-B) questionnaire"", ""location"": ""Text segment 4, section 2.3 Questionnaires"", ""source"": ""main""}]","The researchers administered AQ and SPQ-B questionnaires to all 44 participants after their laboratory perception experiment and analyzed their associations with task performance. These questionnaires assess participants' autism-related and schizotypal traits through reports of personal experiences, beliefs and behavior. The study's detailed consent and administration procedures establish original collection by the authors. The questionnaire component satisfies both criteria despite the study's main focus on perceptual tasks."
85052851643,10.1016/j.cognition.2018.08.015,Cognition,2018,Implicit updating of object representation via temporal associations,NO,"[{""quote"": ""The experiment contained three phases: exposure, size recall, and test."", ""location"": ""Text segment 2, Experiment 1: Procedure"", ""source"": ""main""}, {""quote"": ""participants were asked to rate the expression of the second face"", ""location"": ""Text segment 4, Experiment 4: Stimuli and procedure"", ""source"": ""main""}]","All five experiments investigate visual learning and representation through laboratory performance: color matching, recalled circle sizes, forced-choice familiarity tests and perception of facial expressions. The pilots vary facial-expression priming or exposure, using the same perceptual ratings. Debriefing probes whether participants detected the actual stimulus pairings and asks them to identify the pairs; these are awareness/learning checks, not a separate substantive questionnaire about attitudes, experiences or behavior. No qualifying survey response collection is described in any component."
84995403786,10.1016/j.cognition.2016.10.012,Cognition,2017,"Physical attraction to reliable, low variability nervous systems: Reaction time variability predicts attractiveness",YES,"[{""quote"": ""58 participants"", ""location"": ""Text segment 2, 2.1.1 Participants"", ""source"": ""main""}, {""quote"": ""Participants were asked to rate how well the statement described the face"", ""location"": ""Text segment 3, 2.1.3 Procedure and judgment tasks"", ""source"": ""main""}]","Experiment 1 directly recruited 58 participants, obtained consent and collected repeated computer-administered agreement ratings and paired preferences concerning faces’ attractiveness, health and sex-typicality. The ratings are participant perceptions/preferences analyzed as outcomes. The team’s original subjective questionnaire component qualifies regardless of its use of earlier reaction-time records to construct the stimuli."
84960496408,10.1016/j.cognition.2016.03.008,Cognition,2016,"Some people are ""More Lexical"" than others",NO,"[{""quote"": ""a discrimination task"", ""location"": ""Text segment 2, experimental task description"", ""source"": ""main""}, {""quote"": ""to rate the similarity of the “added” or “replaced” version to the intact version"", ""location"": ""Text segment 4, Experiment 2: Procedure"", ""source"": ""main""}]","Both experiments use author-collected laboratory speech-perception data. Experiment 1 measures same/different discrimination of words and pseudowords; Experiment 2 repeats that task and adds phonemic-restoration similarity ratings. I reviewed participant characteristics, stimuli and procedures for both experiments. The numeric ratings concern acoustic/perceptual similarity between presented speech signals, not questionnaire reports of attitudes, beliefs, preferences, personal experiences, intentions or behavior. No qualifying questionnaire is reported, so criterion 2 fails despite original collection of performance data."
105002974001,10.1177/00104140241271085,Comparative Political Studies,2025,"The Evolution of Global Cleavages: A Historical Analysis of Territorial and Functional World Alignments Based on Automated Text Analysis, 1843–2020",NO,"[{""quote"": ""The articles from The Economist were downloaded from the Gale Digital Scholar Lab"", ""location"": ""PDF page 12, Text Data and Latent Semantic Scaling"", ""source"": ""main""}, {""quote"": ""performed by one of this paper’s authors"", ""location"": ""PDF page 16, footnote 15, manual validation"", ""source"": ""main""}]","The inspected working-paper source reports automated analysis of an Economist newspaper corpus, topic subsets, alternative seed-word checks and validation against manual article coding by an author. All reported components analyze existing texts; the validation coder is applying a coding scheme, not providing participant questionnaire responses. No survey collection is reported. This assessment applies to the supplied working paper; its equivalence to the final journal article remains unverified as the source version note records."
85182193971,10.1177/00104140231223745,Comparative Political Studies,2024,Backlash or Progressive Mobilization? Voter Reactions to Perceived Trajectories of Women’s Representation,YES,"[{""quote"": ""It was embedded in an original online survey"", ""location"": ""PDF page 11, Case Selection and Survey"", ""source"": ""main""}, {""quote"": ""Respondents were recruited by a social research company (Respondi)"", ""location"": ""PDF page 11, Case Selection and Survey"", ""source"": ""main""}]","The author conducted an original German survey experiment, commissioning Respondi to recruit and reimburse panel participants. Respondents were randomly shown alternative gender-representation trajectories and then answered standardized questions measuring social-status perceptions, political power beliefs and voting intentions. The team’s commissioned collection and use of qualifying questionnaire responses as outcomes are explicit."
85162989401,10.1177/00104140231169018,Comparative Political Studies,2023,"Electoral Systems, Partisan Politics, and Income Redistribution: A Critical Quasi-Experiment",NO,"[{""quote"": ""The respective data have been taken from the Comparative Political Data Set"", ""location"": ""PDF page 14, Control-Group Selection, Data, and Variables"", ""source"": ""main""}, {""quote"": ""we use data compiled by Scruggs et al. (2017)."", ""location"": ""PDF page 15, data on welfare generosity"", ""source"": ""main""}]","All reported components analyze existing country-level political/economic series around New Zealand's electoral reform. Main outcomes use the Comparative Political Data Set, the existing inequality database and Scruggs welfare-entitlement indices; additional explanations examine existing government spending and voter-turnout series. Sensitivity tests reuse these series with alternative treatment timing, countries and specifications. The authors do not collect or commission questionnaire responses, and these aggregate institutional/economic data are not a qualifying questionnaire component. Both the main and alternative analyses therefore fail the required original-survey conjunction."
85114990154,10.1177/00104140211024293,Comparative Political Studies,2022,Are Immigrant-Origin Candidates Penalized Due to Ingroup Favoritism or Outgroup Hostility?,YES,"[{""quote"": ""in Autumn 2018 we conducted a survey of candidates who took part in the 2015 federal election."", ""location"": ""PDF page 21, Robustness"", ""source"": ""main""}]","Although the main analysis uses election ballots and surname records, the robustness section reports the authors' own 2018 candidate survey. They contacted 954 candidates, received a 22.1% response rate and used respondents' reported personal and parental migration backgrounds to validate name coding. That separate questionnaire collection establishes team responsibility and participant-reported biographical experiences used in the article, so at least one reported component qualifies."
85092558614,10.1177/0010414020957680,Comparative Political Studies,2021,Fear without Prejudice in the Shadow of Jihadist Threat,NO,"[{""quote"": ""Individual-level data come from eight rounds of the ESS."", ""location"": ""PDF page 13, 3.1 Data and estimation"", ""source"": ""main""}, {""quote"": ""After downloading google trends for each key word"", ""location"": ""PDF page 59, A.6 Online search"", ""source"": ""main""}]","All participant attitudes and covariates are existing European Social Survey responses, linked to external Global Terrorism Dataset events using survey timing. The author did not administer or commission the independent ESS. The appendix’s alternative-attitude tests, fake/failed-attack cases, and conditional effects reuse these sources; its separate online-search check downloads aggregate Google Trends, and its formal model contains no participant collection. Thus qualifying questionnaire content exists but team collection does not."
85078074613,10.1177/0010414019897418,Comparative Political Studies,2020,"Great Expectations, Financialization, and Bank Bailouts in Democracies",NO,"[{""quote"": ""we instead use aggregate wealth data to assess this mechanism."", ""location"": ""PDF page 22, Empirical Tests of the Argument"", ""source"": ""main""}, {""quote"": ""the cross- national World Values Survey since 1981"", ""location"": ""PDF page 13, evidence on voter expectations"", ""source"": ""main""}]","The main tests combine coded historical government responses to banking crises with existing national wealth, debt, pension and institutional series. Author-generated newspaper and policy coding is archival observation, not questionnaire collection. I also inspected the supporting household/opinion evidence: UK Financial Services Authority surveys, a published Dutch household survey, World Values Survey waves and existing wealth studies are all external sources. Robustness analyses vary models/covariates and crisis samples within those same data. Some external surveys contain beliefs or experiences, but none is documented as collected or commissioned by these authors; no component satisfies both criteria."
85059661266,10.1177/0010414018806540,Comparative Political Studies,2019,Taking to the Streets: Protest as an Expression of Political Preference in Africa,NO,"[{""quote"": ""Our data primarily come from the Round 5 Afrobarometer"", ""location"": ""PDF page 12, Data and Methods"", ""source"": ""main""}, {""quote"": ""Hern, forthcoming"", ""location"": ""PDF page 5, citation of earlier survey findings"", ""source"": ""main""}, {""quote"": ""Harris (2015) finds"", ""location"": ""PDF page 32, South Africa discussion"", ""source"": ""main""}]","The article’s reported survey analyses use existing Afrobarometer Round 5 responses, with SCAD protest-event coding and other existing country-level datasets. Reviewing the introduction, methods, extra hypotheses and South Africa discussion reveals no current analysis of questionnaire responses collected or commissioned by these authors. Pages 4–5 cite Hern’s earlier survey findings as motivation, and page 32 cites Harris’s earlier survey experiment as contextual support; citation and narrative restatement of earlier findings are not documented reanalysis of that team’s questionnaire responses in this article. The authors’ own interviews on pages 10–11 are qualitative illustrations, not a described survey. Thus the analyzed questionnaire dataset fails collection responsibility and the other original material fails the questionnaire criterion. The author-manuscript version limitation remains as recorded in provenance."
85041902677,10.1177/0010414017710264,Comparative Political Studies,2018,The Electoral Consequences of Offshoring: How the Globalization of Production Shapes Party Preferences,NO,"[{""quote"": ""We use survey data from five consecutive waves of the European Social Survey (ESS)"", ""location"": ""PDF page 15, Research Design"", ""source"": ""main""}]","The complete research design uses previously conducted independent ESS waves for all reported party choices, attitudes and demographic responses. The researchers merge these with Comparative Manifesto Project coding, published party classifications, occupational offshorability indexes and economic statistics. The two main analyses and robustness specifications reuse that linked dataset; none entails collecting or commissioning participant questionnaires. Existing qualifying response content therefore fails the team-collection criterion."
85002410843,10.1177/0010414016655533,Comparative Political Studies,2017,Why Do States Extend Rights to Immigrants? Institutional Settings and Historical Legacies Across 44 Countries Worldwide,NO,"[{""quote"": ""It is based on 44 policy indicators"", ""location"": ""PDF page 11, Dependent Variables"", ""source"": ""main""}, {""quote"": ""Information was collected and coded with the help of research assistants"", ""location"": ""PDF page 12, Dependent Variables"", ""source"": ""main""}]","The authors created and extended ICRI by coding legal/policy provisions, using assistants and local experts where language prevented direct verification of primary sources. The indicators concern naturalization rules, voting rights, family reunification and institutional accommodations; this is documentary policy coding, not a questionnaire eliciting the experts' attitudes, beliefs, preferences or experiences. I also reviewed the MIPEX replication and robustness specifications, which analyze external policy indices and historical/institutional covariates. Although ICRI collection is owned, it fails the questionnaire-content criterion; no other reported component supplies author-collected qualifying survey responses."
84991670836,10.1177/0010414016633228,Comparative Political Studies,2016,The Effects of Authoritarian Iconography: An Experimental Test,YES,"[{""quote"": ""We measure political support using three survey questions."", ""location"": ""PDF page 20, Outcome Measures: Political Support"", ""source"": ""main""}, {""quote"": ""ask respondents the extent to which they agree or disagree with these policies."", ""location"": ""PDF page 20, Political Support"", ""source"": ""main""}]","The team recruits a UAE laboratory sample and randomly assigns subliminal leader/eyes/control primes. Alongside behavioral games, it directly administers and analyzes five political-compliance attitude questions and three policy-agreement questions. Those questionnaire items measure political attitudes and support, satisfying both criteria. Adapting wording from Arab/Afrobarometer does not make these newly collected responses external data."
85208300309,10.1016/j.compedu.2024.105185,Computers and Education,2025,Advancing a Practical Inquiry Model with multi-perspective role-playing to foster critical thinking behavior in e-book reading,NO,"[{""quote"": ""All dialogues during this activity were carefully documented to capture data on CT performance."", ""location"": ""Text segment 5, 3.4 Study procedure"", ""source"": ""main""}]","The team recruited students and collected online discussion transcripts during a reading/role-play intervention, including an earlier observational pilot. The outcomes are coded critical-thinking dialogue sequences. The inspected Appendix 1 worksheet contains educational prompts to reason from characters’ perspectives and construct a story ending; it structures the performance activity rather than eliciting participants’ own attitudes, experiences, intentions or reported behavior as a questionnaire. The article explicitly proposes participant feedback as future work. No reported component includes a qualifying questionnaire despite original participant data collection."
85185333596,10.1016/j.compedu.2024.105003,Computers and Education,2024,Educational digital inequality: A meta-analysis of the relationship between digital device use and academic performance in adolescents,NO,"[{""quote"": ""Ultimately, 48 articles were included in the analysis"", ""location"": ""Text segment 5, section 2.1 Data collection"", ""source"": ""main""}, {""quote"": ""two researchers undertook the coding process simultaneously"", ""location"": ""Text segment 5, section 2.3 Coding scheme"", ""source"": ""main""}]","The reported research consists of a systematic search of published studies, extraction/coding of their statistics, and meta-analysis of 135 effect sizes from 48 articles. The main effects, moderator analyses and publication-bias checks all use these extracted study statistics. Discussion of self-report questionnaires and national databases concerns the included studies, not questionnaires collected or commissioned for this research. Literature coding is not qualifying respondent data collection, and no original questionnaire component is reported; criterion 1 fails."
85147251054,10.1016/j.compedu.2023.104740,Computers and Education,2023,Technological pedagogical content ethical knowledge (TPCEK): The development of an assessment instrument for pre-service teachers,YES,"[{""quote"": ""The research team collected data through an online questionnaire administered to 487 pre-service teachers"", ""location"": ""Text segment 5, Method: Research context and participants"", ""source"": ""main""}]",The methods explicitly state that the research team administered an online questionnaire after its redesigned educational technology course and obtained 374 responses. Its agreement items measure teachers' self-assessed ethical and teaching knowledge and capabilities rather than objective test performance; these beliefs and self-reports are used in instrument validation and structural analyses. Both original collection and questionnaire content are directly established.
85121967089,10.1016/j.compedu.2021.104410,Computers and Education,2022,Classroom management competency enhancement for student teachers using a fully immersive virtual classroom,YES,"[{""quote"": ""The participant completes a post-questionnaire"", ""location"": ""Text segment 5, 3.4 Procedure step 6"", ""source"": ""main""}, {""quote"": ""Participants self-assessed their CM skills after each experimental session."", ""location"": ""Text segment 5, 3.5.1.1 Self-assessment"", ""source"": ""main""}]","The researchers recruited 55 volunteers from their university teacher-training seminars and administered pre/post experimental assessments. Participants directly completed questionnaires about teaching efficacy, experienced presence, perceived utility and learning feedback, with ratings analyzed in the reported results. These are team-collected reports of beliefs and experiences for research within a larger VR training intervention."
85100761730,10.1016/j.compedu.2021.104155,Computers and Education,2021,Exploring empathy in cyberbullying with serious games,YES,"[{""quote"": ""The questionnaire was administered by researchers in a classroom context"", ""location"": ""Text segment 5, Procedures"", ""source"": ""main""}, {""quote"": ""pre and post-test survey data on cognitive empathy"", ""location"": ""Text segment 5, section 2.4.1"", ""source"": ""main""}]","The authors recruited 221 students from three schools, assigned them to game, paper-story or classroom-control conditions, and explicitly administered pre/post questionnaires in schools. Those questionnaires measured cognitive empathy using the Perspective Taking Scale, and further structured responses recorded experienced empathic concern. These are reports of participants' dispositions and feelings collected by the researchers, satisfying both criteria; the broader game intervention and qualitative reflections do not alter that qualifying component."
85072174691,10.1016/j.compedu.2019.103691,Computers and Education,2020,"Scripts and mastery goal orientation in face-to-face versus computer-mediated collaborative learning: Influence on performance, affective and motivational outcomes, and social ability",YES,"[{""quote"": ""the participants filled out a web-based survey regarding their affective outcomes, motivational outcomes, and social ability."", ""location"": ""Text segment 4, Methods: Measures"", ""source"": ""main""}]","The research team assigns collaboration conditions in its course study and directly collects online surveys before and after group assignments. Seven-point questionnaire items measure goal orientation, satisfaction, perceived self/group efficacy, task value and experienced social connectedness. The reported procedures and analyses establish both team collection and substantive questionnaire responses; the performance grades are an additional outcome, not the eligibility basis."
85067959303,10.1016/j.compedu.2019.05.012,Computers and Education,2019,"More confusion and frustration, better learning: The impact of erroneous examples",NO,"[{""quote"": ""We analyzed interaction log data collected during the prior studies"", ""location"": ""Text segment 5, 7 Methods"", ""source"": ""main""}, {""quote"": ""All results reported below relate to our automated detector measure of confrustion"", ""location"": ""Text segment 7, 8 Results"", ""source"": ""main""}]","This paper reanalyzes the team’s prior tutoring-experiment interaction logs and achievement-test performance, building an affect detector from researcher-coded behavioral traces. Its methods recount confidence-rating questions in the earlier experiments, but explicitly state that survey/confidence results were reported previously and that the present analyses concern automated affect detection; the complete four result subsections use logs, test scores and gender, not those questionnaire responses. Thus team ownership exists, but the responses used in this article’s empirical analyses are performance/observational records rather than eligible questionnaire reports. Boundary: original-study questionnaires mentioned without being analyzed here."
85042666163,10.1016/j.compedu.2017.10.002,Computers and Education,2018,The influence of Gesture-Based Learning System (GBLS) on Learning Outcomes,YES,"[{""quote"": ""The final questionnaire consists of five parts, Multimodality, Interactivity, Intrinsic Motivation, Perceived Learning Effectiveness and Satisfaction."", ""location"": ""Text segment 5, section 4.6 Experimental procedures"", ""source"": ""main""}]","The researcher recruited first-year students at Almergib University, delivered a gesture-based solar-system lesson and administered initial and final questionnaires; 56 students completed all stages. The final questionnaire asks for students' perceptions, intrinsic motivation, experienced pressure/enjoyment and satisfaction, using stated Likert response scales. These are qualifying attitudinal and experiential questionnaire responses collected in the author's own educational experiment, meeting both criteria independently of the pre/post achievement tests."
85018430225,10.1016/j.compedu.2017.04.012,Computers and Education,2017,"On the quest for validity: Testing the factor structure and measurement invariance of the technology-dimensions in the Technological, Pedagogical, and Content Knowledge (TPACK) model",YES,"[{""quote"": ""allowing us to administer the online questionnaire to their teacher training classes"", ""location"": ""Text segment 5, Method: Sample and procedure"", ""source"": ""main""}]","The sample-and-procedure section explicitly says the authors contacted training institutions and administered the online questionnaire, and notes that these same data appeared in their earlier publication. Thus ownership of the reused responses is documented. The TPACK self-report items ask for agreement with statements of teaching/technology self-efficacy, and the responses are analyzed in the reported validation models, satisfying the questionnaire-content criterion."
84965173282,10.1016/j.compedu.2016.04.013,Computers and Education,2016,"The effects of high/low interactive electronic storybooks on elementary school students' reading motivation, story comprehension and chromatics concepts",YES,"[{""quote"": ""the students were requested to complete the Reading Motivation Questionnaire"", ""location"": ""Text segment 4, 3.2 Procedure"", ""source"": ""main""}, {""quote"": ""students’ attitudes and preferences towards these two different versions of storybooks"", ""location"": ""Text segment 5, 3.4 Reading motivation questionnaire"", ""source"": ""main""}]","The researchers administered their e-book intervention to 40 elementary pupils and then directly collected a 35-item Likert questionnaire on attention, relevance, confidence and satisfaction. These responses report reading experiences, attitudes and preferences and are analyzed as research outcomes alongside performance tests. The team’s own questionnaire collection satisfies both criteria."
85215438300,10.1016/j.cedpsych.2025.102336,Contemporary Educational Psychology,2025,"What we learn in school, we learn for life: Learning opportunities as moderators of the relationship between prior knowledge and learning in post-school contexts",NO,"[{""quote"": ""KAS was measured with items taken from achievement tests"", ""location"": ""Text segment 5, section 3.3.1 Knowledge acquired in school"", ""source"": ""main""}, {""quote"": ""PK was assessed with domain-specific achievement tests developed for the ManKobE study"", ""location"": ""Text segment 5, section 3.3.2 Professional knowledge"", ""source"": ""main""}]","The entire empirical analysis uses repeated ManKobE achievement assessments in chemistry, physics and mathematics across vocational training groups. I inspected all reported instruments and procedures: school knowledge and professional knowledge are measured by objectively scored curriculum/occupational tests, with pilot testing and booklet rotation, and learning opportunities are assigned through course membership. No qualifying attitudinal, experiential or reported-behavior questionnaire is reported. Even though the corresponding author's institute developed professional-knowledge items and field collection was by an external institute, the decisive failure is criterion 2: these responses are knowledge-test performance, not the required questionnaire content."
85204501156,10.1016/j.cedpsych.2024.102314,Contemporary Educational Psychology,2024,Teacher-Parent academic support profiles: Links to Children's task persistence in Grades 2 and 3,YES,"[{""quote"": ""Teachers and parents answered three questions about the frequency of help with classwork or with homework"", ""location"": ""Text segment 5, Measures: Help Frequency"", ""source"": ""main""}]","The authors' Get involved longitudinal project recruits Lithuanian schools, teachers and parents and directly obtains parent questionnaires and online teacher questionnaires across two waves. Respondents report their help frequency, supportive behavior and feelings while helping children; these ratings form the analyzed support profiles. Both collection responsibility and questionnaire responses about behavior and experiences are established, alongside children's separate academic performance tests."
85147870807,10.1016/j.cedpsych.2023.102162,Contemporary Educational Psychology,2023,How do students’ achievement goals relate to learning from well-designed instructional videos and subsequent exam performance?,YES,"[{""quote"": ""The achievement goal survey was administered during the pre-survey phase via Qualtrics"", ""location"": ""Text segment 6, 2.4 Procedures"", ""source"": ""main""}]","The researchers obtained consent from biology-course students and administered their achievement-goal questionnaire through Qualtrics before the instructional-video task. Its Likert items ask about learning intentions and motivational goals, and the responses are analyzed as predictors and latent constructs. This is explicit team-administered research questionnaire collection alongside learning analytics and examinations."
85132656233,10.1016/j.cedpsych.2022.102072,Contemporary Educational Psychology,2022,Motivating by measuring motivation? Examining reactivity in a diary study on student motivation,YES,"[{""quote"": ""Diary surveys were distributed once weekly through an online platform, Remind, for 11 consecutive weeks."", ""location"": ""Text segment 4, section 5.2 Sample and procedure"", ""source"": ""main""}, {""quote"": ""I enjoy the subject of math"", ""location"": ""Text segment 4, section 5.3.1 Measures"", ""source"": ""main""}]","The authors describe a planned survey study in a calculus course, including recruitment through the course coordinator, online pre/post surveys, weekly diary invitations, timing and incentives. Questionnaire items record interest, importance, competence beliefs, anticipated/experienced effort and emotional costs on Likert scales. The responses were collected for the team's study, including a short scale created for it, and concern attitudes, beliefs and experiences. Both criteria are satisfied, regardless of reuse of related data described in earlier publications."
85100633343,10.1016/j.cedpsych.2021.101951,Contemporary Educational Psychology,2021,The role of state and trait motivational regulation for procrastinatory behavior in academic contexts: Insights from two diary studies,YES,"[{""quote"": ""In Study 1, we collected data beginning with a pretest"", ""location"": ""Text segment 4, Study 1: Procedure and participants"", ""source"": ""main""}, {""quote"": ""we used nine items"", ""location"": ""Text segment 5, Measures: daily motivational-regulation strategy use"", ""source"": ""main""}]","Study 1 documents the team's university recruitment, pretest and 28 linked daily questionnaires, with 128 eligible respondents and 3121 diary measurements. The daily items ask students to report motivational strategies, experienced motivational problems and procrastination, using structured response scales. These are participant-reported experiences and behaviors collected directly by the authors, establishing eligibility regardless of the additional second study or knowledge-scored vignette measures."
85091519159,10.1016/j.cedpsych.2020.101893,Contemporary Educational Psychology,2020,Teacher Perceptions of Learning Motivation and Classroom Behavior: The Role of Student Characteristics,YES,"[{""quote"": ""we asked teachers to rate their students’ cognitive skills, learning motivation, and classroom behavior"", ""location"": ""Text segment 5, present study"", ""source"": ""main""}, {""quote"": ""Mit der Datenerhebung wurde das IEA Data Processing and Research Center (DPC) in Hamburg beauftragt."", ""location"": ""Becker et al. methods report, printed111 / PDF5, Organisation der Erhebung"", ""source"": ""https://www.uni-goettingen.de/de/document/download/ee2ae2e515bec7bd1217ebb5b7796c48.pdf/Becker_et_al_Durchfuehrung_Daten_Methoden_Kap5.pdf""}]","The article analyzes teacher-perception ratings and parent/student motivation questionnaires from TIMSS-Transition. The inspected original methods report is authored by current coauthor Michael Becker and describes this team’s separate transition-study surveys, commissioning IEA DPC for collection. Crucially, individual teacher ratings were collected in its second survey wave before the TIMSS testing wave, rather than merely adding an item module to the independent TIMSS survey. Those prior team-commissioned questionnaire responses measure teachers’ beliefs/perceptions and are the current outcomes, so documented own-response reuse qualifies."
85072948161,10.1016/j.cedpsych.2019.101800,Contemporary Educational Psychology,2019,Trajectories of implicit theories and their relations to scholastic aptitude: A mediational role of achievement goals,NO,"[{""quote"": ""The Korean Educational Development Institute (KEDI), a non-profit institution funded by the South Korean government, recruited 150 middle schools"", ""location"": ""Text segment 5, section 3.1 Dataset"", ""source"": ""main""}]","All analyses use five waves of the existing Korean Educational Longitudinal Study collected by KEDI, covering intelligence beliefs, achievement goals, family income and linked achievement scores. The questionnaire content satisfies criterion 2, but the source explicitly assigns recruitment and longitudinal collection to the external institute rather than these authors. The supplementary missing-data analysis substitutes another achievement measure from the same cohort; it does not introduce an original survey. No author-collected or commissioned questionnaire component is documented, so criterion 1 fails."
85041400976,10.1016/j.cedpsych.2018.01.004,Contemporary Educational Psychology,2018,Faculty members’ motivation for teaching and best practices: Testing a model based on self-determination theory across institution types,YES,"[{""quote"": ""faculty motivation for teaching appended to the end of the FSSE survey"", ""location"": ""Text segment 4, Method: Procedure"", ""source"": ""main""}, {""quote"": ""Oversee the administration of the FSSE and FSSE-G surveys"", ""location"": ""BrckaLorenz CV, PDF page 35, FSSE Project Manager 2012-present"", ""source"": ""https://education.indiana.edu/about/directory/profiles/cv/brckalorenz-allison.pdf""}]","The article analyzes a motivation item set appended to the 2016 FSSE and core self-reported teaching practices. Adding items alone would be excluded if FSSE were independently collected. However, the inspected university-hosted CV documents coauthor Allison BrckaLorenz as FSSE project manager from 2012, specifically overseeing survey administration, covering the 2016 collection. This establishes team collection responsibility beyond module authorship. The questionnaire responses concern teaching motivations, perceived need satisfaction and reported practices, so both criteria are met."
84954288244,10.1016/j.cedpsych.2015.11.002,Contemporary Educational Psychology,2017,Identifying learning difficulties with fractions: A longitudinal study of student growth from third through sixth grade,YES,"[{""quote"": ""Teachers rated children's attention during their mathematics classes on a scale"", ""location"": ""Text segment 5, 5.4.2 Attentive behavior"", ""source"": ""main""}, {""quote"": ""students' teachers completed the attention survey"", ""location"": ""Text segment 5, 5.5 Procedure"", ""source"": ""main""}]","The team recruited and followed pupils across elementary grades and collected teacher responses on the nine-item SWAN attention rating questionnaire. Teachers report classroom behavior on a seven-point scale, and those ratings are used as predictors of learning trajectories. This direct questionnaire collection qualifies within a broader study dominated by cognitive and achievement testing."
84951757726,10.1016/j.cedpsych.2015.11.003,Contemporary Educational Psychology,2016,What makes rubrics effective in teacher-feedback? Transparency of learning goals is not enough,YES,"[{""quote"": ""I am satisfied with my performance at planning the experiments"", ""location"": ""Text segment 5, section 2.3.2 Motivation"", ""source"": ""main""}, {""quote"": ""This was followed by application of the motivational scales (interest and perceived competence)."", ""location"": ""Text segment 5, section 2.4 Procedure"", ""source"": ""main""}]","The authors recruited 120 school students, randomized feedback conditions and describe the experimenter administering motivational scales during structured group sessions. These items ask about interest, perceived competence and satisfaction on agreement scales, with additional reports of prior experience and perceptions of feedback. The team therefore collected qualifying questionnaire responses within its learning experiment. Both criteria hold independently of the objectively scored scientific-reasoning tasks."
105007228428,10.1111/1745-9125.12403,Criminology,2025,Seeing the state in action: Public preferences about and judgments of common police–civilian interactions,YES,"[{""quote"": ""A total of 2017 respondents were recruited for experiment 1 in April 2021"", ""location"": ""PDF page 13, Data collection"", ""source"": ""main""}, {""quote"": ""What should Officer Simmons have done, in your view?"", ""location"": ""PDF page 11, Table 2 outcome questions"", ""source"": ""main""}]","The team fielded original vignette experiments using Lucid samples and a later Bovitz replication. The procedures manipulate officer/civilian characteristics, demeanor and sanctions, then collect questionnaire judgments of fairness, perceived threat and preferred punishments. Collection through commissioned survey vendors and substantive preference/belief answers both clearly meet the criteria."
85203199507,10.1111/1745-9125.12381,Criminology,2024,Understanding the role of street network configurations in the placement of illegitimately operating facilities,NO,"[{""quote"": ""We obtained the addresses of IMBs from a publicly accessible and popular national review board"", ""location"": ""PDF page 12, 4.2.1 Online location data"", ""source"": ""main""}]","The complete data section identifies online review-board and Yelp business locations, OpenStreetMap geometry and land-use data, and downloaded American Community Survey aggregates for every empirical comparison. These are existing posts/geospatial records and independently collected census-survey information. The team’s retrieval and geocoding do not constitute collecting or commissioning questionnaire responses; no survey of businesses, clients or residents is reported."
85159830217,10.1111/1745-9125.12336,Criminology,2023,"Coerced work during parole: Prevalence, mechanisms, and characteristics",YES,"[{""quote"": ""I adapted the Hybrid-RDS approach"", ""location"": ""PDF page 8, survey recruitment and collection procedures"", ""source"": ""main""}, {""quote"": ""Participants were asked three questions about past experiences with parole threats and sanctions."", ""location"": ""PDF page 11, RDS survey measures"", ""source"": ""main""}]","The author designed and conducted a hybrid respondent-driven survey, recruiting seed participants at parole offices, collecting responses online and compensating respondents and referrals. The 520 included respondents answered structured questions about work conditions, experiences of parole threats/violations and reincarceration, with specified response options. These are original questionnaire responses about personal experiences and reported behavior. Both criteria are satisfied; the accompanying qualitative interviews are additional evidence rather than the sole data source."
85126041384,10.1111/1745-9125.12307,Criminology,2022,"Damned if you do, damned if you don't: How formerly incarcerated men navigate the labor market with prison credentials*",NO,"[{""quote"": ""I use data from semistructured, in-depth interviews with 50 formerly incarcerated men"", ""location"": ""PDF page 7, Data and Method"", ""source"": ""main""}, {""quote"": ""I employed reflexive thematic analysis"", ""location"": ""PDF page 8, Data and Method"", ""source"": ""main""}]","The sole empirical study consists of the author's 50 semistructured qualitative interviews, with open-ended probing, audio transcription and reflexive thematic coding of narratives. Demographic characteristics are collected before interviews to describe the sample, but no separate questionnaire or structured substantive survey measure is described. The reported job-search strategies and racial comparisons derive from coded interview narratives. Thus original collection is present, but the reported method is qualitative interviewing without qualifying questionnaire responses."
85112571619,10.1111/1745-9125.12277,Criminology,2021,"Social media, socialization, and pursuing legitimation of police violence*",NO,"[{""quote"": ""I analyze every tweet the NYPD posted in 2018"", ""location"": ""PDF page 8, Part I Data, method, and analytic approach"", ""source"": ""main""}, {""quote"": ""I constructed a dataset of news articles."", ""location"": ""PDF page 14, Part II Data, method, and analytic approach"", ""source"": ""main""}]","Both empirical parts use existing public records: Part I codes all departmental tweets, and Part II codes replies to shooting-related tweets together with LexisNexis news coverage. The author derives approval measures from unsolicited social-media comments rather than soliciting questionnaire responses. No participant survey or survey experiment was collected or commissioned in either study component."
85083255943,10.1111/1745-9125.12243,Criminology,2020,"Perceived arrest risk, psychic rewards, and offense specialization: A partial test of rational choice theory†",NO,"[{""quote"": ""We use data from the Pathways to Desistance study (Mulvey, 2012)."", ""location"": ""PDF page 11, section 3 Data"", ""source"": ""main""}, {""quote"": ""The data used in the current study are publicly available on ICPSR."", ""location"": ""PDF page 14, footnote 12"", ""source"": ""main""}, {""quote"": ""Data are collected under contract with investigators at Arizona State University (Phoenix) and Temple University (Philadelphia)."", ""location"": ""Official study website, People, data-collection responsibility paragraph"", ""source"": ""https://www.pathwaysstudy.pitt.edu/people.html""}]","All measures and models use the existing public Pathways to Desistance cohort, including perceived arrest risk, anticipated rewards, self-reported offenses and psychosocial scales. These are qualifying questionnaire contents, but the main text attributes the data to Mulvey's study and ICPSR. To check possible author involvement, I inspected the official project People page: it assigns leadership to Mulvey/Schubert and contracted collection to Arizona State/Temple investigators; none of this paper's three authors is listed as investigator, working-group member or field staff. No collection or commissioning by these authors is documented, and no additional original questionnaire component appears in the methods or alternative specifications. Criterion 1 therefore fails."
85065308703,10.1111/1745-9125.12210,Criminology,2019,Learning on the job: Studying expertise in residential burglars using virtual environments*,YES,"[{""quote"": ""Each participant then completed the presence questionnaire"", ""location"": ""PDF page 15, Procedure"", ""source"": ""main""}, {""quote"": ""11 items using 7-point scales measuring from complete immersion to none at all"", ""location"": ""PDF page 12, Survey and interview"", ""source"": ""main""}]","The researchers recruit offender and community samples, administer virtual-burglary tasks and directly collect questionnaires with researcher assistance. The 11-item presence scale asks participants to rate their subjective immersion, and nonoffenders additionally complete an anonymous self-reported offending questionnaire. These structured experience/behavior responses are used in the study, establishing eligibility beyond the simulation behavior and qualitative interviews."
85030544249,10.1111/1745-9125.12153,Criminology,2018,TOWARD A BIFURCATED THEORY OF EMOTIONAL DETERRENCE,YES,"[{""quote"": ""We posted a link to our survey on the MTurk website"", ""location"": ""PDF p.9, Method"", ""source"": ""main""}, {""quote"": ""we measured generalized perceived risk and fear of apprehension"", ""location"": ""PDF p.10, Generalized risk and fear"", ""source"": ""main""}]","The authors recruited and paid adult US MTurk workers for their 2016 survey, with 965 complete analytic cases. Their questionnaire elicited beliefs about apprehension risk, fear, willingness to consider crimes, and intentions after randomized vignettes. These structured self-reports are analyzed to test emotional-deterrence hypotheses, satisfying both questionnaire content and team collection responsibility."
85015297661,10.1111/1745-9125.12135,Criminology,2017,Consequences of incarceration for gang membership: A longitudinal study of serious offenders in philadelphia and phoenix*,NO,"[{""quote"": ""The effects of incarceration on gang membership are examined with data from Pathways to Desistance (Mulvey, 2012)."", ""location"": ""PDF page 8, Method: Data"", ""source"": ""main""}]","The study reanalyzes the existing Pathways to Desistance cohort, attributed to Mulvey and the original collection/procedure publications. Its monthly gang-membership and incarceration variables, demographic controls, disaggregated incarceration models and alternative coding sensitivity analyses all derive from those same longitudinal interview records. Self-reported gang histories qualify as questionnaire content, but the authors do not document conducting or commissioning the original cohort collection. No additional author-collected questionnaire component is reported; criterion 1 fails."
84958629730,10.1111/1745-9125.12094,Criminology,2016,How the U.S. prison boom has changed the age distribution of the prison population,NO,"[{""quote"": ""commissioned by the Bureau of Justice Statistics were collected by the U.S. Census Bureau"", ""location"": ""PDF page 7, Data"", ""source"": ""main""}]","Both the age-cohort analysis and the mediation analysis reuse the Survey of Inmates in State Correctional Facilities. The methods explicitly attribute commissioning to the Bureau of Justice Statistics and collection to the Census Bureau. The jail replication uses the parallel existing jail surveys; the supplementary components are counts, cohort measures and models from those data. No team-collected or commissioned questionnaire responses are reported, so criterion 1 fails despite the survey nature of the external data."
105014545124,10.1215/00703370-12175489,Demography,2025,Inequalities in the Duration and Lifetime Risk of Dementia in the United States,YES,"[{""quote"": ""Subjectively assessed memory"", ""location"": ""Text segment 3, Data and Study Sample"", ""source"": ""main""}, {""quote"": ""with overall charge of the income and asset sections"", ""location"": ""Chapter 5, Findings from the Health and Retirement Study, opening paragraph"", ""source"": ""https://www.ncbi.nlm.nih.gov/books/NBK206825/""}]","The analysis uses HRS questionnaire responses, including subjective memory, daily-living limitations, self-rated health, prior diagnoses and socioeconomic reports, alongside cognitive tests and ADAMS clinical diagnoses. Supporting contemporary documentation identifies coauthor Michael Hurd as HRS co-principal investigator responsible for the income and asset sections, establishing a collection-leadership role beyond secondary analysis or an independently added module. This is eligible documented reuse of questionnaire responses from the author’s study team; the present paper need not newly collect them. Ownership boundary flagged for post-review discussion."
85184299075,10.1215/00703370-11123969,Demography,2024,Defining and Identifying Only Children: A Research Note on the Concept and Measurement Illustrated With UK Survey Data,NO,"[{""quote"": ""We analyse four British cohort studies which have collected detailed maternal fertility history information"", ""location"": ""PDF page 7, Methods: Data"", ""source"": ""main""}, {""quote"": ""with estimates from official statistics"", ""location"": ""PDF page 8, Methods"", ""source"": ""main""}]","The supplied author manuscript analyzes existing NSHD, NCDS, BCS70 and Millennium Cohort Study data and compares them with official ONS fertility statistics. I reviewed the derivations for each cohort and all three analysis components: cross-cohort prevalence comparisons, timing-related classification in the 2001 cohort, and alternative sibling definitions in that same cohort. All use previously available household/fertility records; there is no documented collection or commissioning of questionnaire responses by these authors. Thus criterion 1 fails, regardless of whether the underlying parent reports satisfy the content criterion. The reviewed source is the identified manuscript; equivalence to the final published version remains unverified as recorded in the access metadata."
85180009061,10.1215/00703370-11067917,Demography,2023,The Dangers of Drawing Cohort Profiles From Period Data: A Research Note,NO,"[{""quote"": ""using data from the Human Mortality Database ([HMD] 2023) and the Human Fertility Database ([HFD] 2023)."", ""location"": ""PDF page 2, empirical examples data sources"", ""source"": ""main""}]","The research note develops and illustrates demographic estimation problems using existing Human Mortality and Human Fertility Database series. Its three examples compare cohort fertility/mortality measures and simulate Lee-Carter forecasts; additional appendix figures vary populations, indices and forecast approaches. No component recruits respondents or analyzes a team-collected questionnaire. The empirical data are existing aggregate demographic records and the remaining work is methodological modeling."
85123969292,10.1215/00703370-9644472,Demography,2022,Multiple Perspectives on Recent Trends in Unwanted Fertility in Low- and Middle-Income Countries,UNCLEAR,"[{""quote"": ""we included a few local"", ""location"": ""PDF p.5, Data Sources"", ""source"": ""main""}, {""quote"": ""World Fertility Survey"", ""location"": ""PDF p.5, Data Sources"", ""source"": ""main""}]","All reported analyses estimate unwanted-fertility indicators and trends from 360 archived surveys, largely WFS, DHS, RHS, PAP and MICS. Their structured prospective fertility-preference and birth-history responses satisfy questionnaire content. However, methods also include a few unnamed local surveys outside those programs; their collection responsibility cannot be established from the main text. Table A1 is needed to identify them, but supplementary PDF access failed. Because an earlier author-collected local survey could qualify and missing ownership is not negative evidence, eligibility remains UNCLEAR rather than assuming all surveys were independent."
85114055491,10.1215/00703370-9398597,Demography,2021,Rising inequality in mothers’ employment statuses: The role of intergenerational transmission,NO,"[{""quote"": ""I supplement the PSID data with 1968–2017 data drawn from the Current Population Survey (CPS)."", ""location"": ""Text segment 4, Measuring Population-Level Inequality in Maternal Employment"", ""source"": ""main""}]","The author constructs intergenerational employment measures from the existing Panel Study of Income Dynamics and combines them with existing March Current Population Survey records for national trends and decomposition. The individual fixed-effects models and alternative specifications reuse these same sources. The underlying employment and family histories are questionnaire reports, but no collection or commissioning of those surveys by the author is documented. All reported components are secondary analyses, so criterion 1 fails. The reviewed source is the repository author manuscript with its version limitation preserved."
85081897824,10.1007/s13524-019-00849-4,Demography,2020,Parental Migration and Early Childhood Development in Rural China,YES,"[{""quote"": ""a survey of children and households conducted by the authors"", ""location"": ""PDF page 5, Sampling and Data Collection"", ""source"": ""main""}, {""quote"": ""We asked caregivers about time spent with their children"", ""location"": ""PDF page 6, parenting and feeding practices"", ""source"": ""main""}]","The authors explicitly conducted four household-survey waves in rural Shaanxi, with trained enumerators and detailed caregiver questionnaires. The analyzed responses report migration, child illnesses, caregiver-child interaction and feeding/parenting practices. Those directly collected reports satisfy both criteria; developmental testing and physical health measurements are additional components."
85056337280,10.1007/s13524-018-0734-z,Demography,2019,Skin Color and Social Mobility: Evidence From Mexico,YES,"[{""quote"": ""whose design and implementation was directed by the first author"", ""location"": ""PDF p.5, Data and Descriptive Statistics"", ""source"": ""main""}, {""quote"": ""respondents indicate their agreement with a statement"", ""location"": ""PDF p.9, Cognitive and Noncognitive Skills"", ""source"": ""main""}]","The first author directed design and implementation of the 2015 Mexican Social Mobility Survey. The present analyses use adult questionnaire responses about current and parental households, educational and employment experiences, parenting stress, locus-of-control beliefs and personality attitudes, together with interviewer skin-color ratings and cognitive tests. Author collection responsibility is explicit, and the analyzed structured beliefs and reported experiences satisfy the questionnaire criterion."
85038372128,10.1007/s13524-017-0635-6,Demography,2018,Comparing Observed and Unobserved Components of Childhood: Evidence From Finnish Register Data on Midlife Mortality From Siblings and Their Parents,NO,"[{""quote"": ""We use a 10 % sample from the Finnish 1950 census for our analyses."", ""location"": ""PDF page 8, Data and Methods"", ""source"": ""main""}, {""quote"": ""Statistics Finland linked the individuals to the death register"", ""location"": ""PDF page 8, Data and Methods"", ""source"": ""main""}]","All analyses use an existing census sample linked by Statistics Finland to death records, with childhood and adult socioeconomic measures from census/register sources. The all-cause and cause-specific mortality models and alternative familial-influence estimates reuse this same linked dataset. The authors did not collect or commission questionnaire responses for these components; linking and modeling existing administrative/census records does not establish original survey collection. No qualifying original questionnaire component is reported, so criterion 1 fails."
85008185835,10.1007/s13524-016-0535-1,Demography,2017,Age at Arrival and Life Chances Among Childhood Immigrants,NO,"[{""quote"": ""I use data from administrative records covering the entire population of native-born and foreign-born residents in Norway."", ""location"": ""PDF page 7, Data and Variable Definitions"", ""source"": ""main""}]","All reported analyses link Norwegian population, education, tax, employment and welfare registries. The full sample, sibling comparisons, mediation and subgroup estimates use these administrative records, with no new respondent collection. The data definitions explicitly contrast registry arrival dates with self-reported survey dates used by other studies. No qualifying questionnaire component is reported, so both original survey collection and questionnaire-use requirements fail."
84991669685,10.1007/s13524-016-0513-7,Demography,2016,"Ready, Willing, and Able? Impediments to the Onset of Marital Fertility Decline in the United States",NO,"[{""quote"": ""I relied on the IPUMS samples"", ""location"": ""PDF p.6, New Regional Estimates"", ""source"": ""main""}, {""quote"": ""county-level data on farm prices and churches"", ""location"": ""PDF p.10, Independent Variables"", ""source"": ""main""}]","The regional fertility reconstructions and all eight individual/couple regression models use historical 1850–1880 US census samples via IPUMS. Additional inputs are published life-table/underenumeration estimates, historical county church and farm statistics, price indexes and compiled abortion statutes. Historical census responses and inferred behavior are analyzed, but these were collected independently by the Census Office, not by this contemporary research team. Reading both the fertility reconstruction and full regression-data sections identified no original questionnaire component."
105016395109,10.3982/ecta19153,Econometrica,2025,Gaussian Transforms Modeling and the Estimation of Distributional Regression Functions,NO,"[{""quote"": ""from the 2019 American Community Survey (Ruggles et al. (2025))."", ""location"": ""PDF page 16, Distributional Gender Wage Gap Analysis"", ""source"": ""main""}]","The paper develops distributional regression theory, estimation and inference, supplies numerical simulations, and illustrates the method using existing 2019 American Community Survey data available through IPUMS. The empirical analysis and its further industry-occupation comparisons use this same external survey; the methodological extensions and supplements described in the roadmap contain theory, implementation and simulations. Although ACS responses are questionnaire data, this team analyzes an existing independently collected survey and does not collect or commission the responses. None of the reported components meets both criteria."
85209669875,10.3982/ecta22687,Econometrica,2024,Ambiguous Contracts,NO,"[{""quote"": ""We augment the model by introducing the notion of an ambiguous contract and examining optimal ambiguous contracts."", ""location"": ""PDF page 5, The Model"", ""source"": ""main""}]","This article develops a formal principal-agent model, proves optimal-contract and ambiguity-gap results, gives mathematical examples and discusses mixed strategies. The main overview and body identify all components as theoretical; supplement references are proofs and optimization algorithms. References to Ellsberg experiments discuss prior literature, not a study conducted here. No participant questionnaire responses are collected or analyzed."
85150467855,10.3982/ecta19274,Econometrica,2023,Factions in Nondemocracies: Theory and Evidence From the Chinese Communist Party,NO,"[{""quote"": ""Our first source is a biographical database"", ""location"": ""PDF p.7, section 3 Data"", ""source"": ""main""}, {""quote"": ""We complement these data using China Vitae"", ""location"": ""PDF p.7, section 3 Data"", ""source"": ""main""}]","The article’s reduced-form tests, structural estimation, Party Congress composition forecast and counterfactual exercises use compiled politician biographies and party positions, plus simulated model histories. The Data section identifies the Shih/Shan/Liu database updated by Lu/Ma and China Vitae as the empirical sources; affiliations and promotion outcomes are coded from these records. These are not questionnaire responses eliciting attitudes, experiences or intentions, and the authors do not report administering or commissioning any questionnaire. Inspection covered the empirical-data section, estimation, forecast table and counterfactual procedures."
85130825412,10.3982/ecta16598,Econometrica,2022,"Misallocation, Selection, and Productivity: A Quantitative Analysis With Panel Data From China",NO,"[{""quote"": ""We use household survey data collected by the Research Center for the Rural Economy under the Ministry of Agriculture of China."", ""location"": ""PDF page 5, Data"", ""source"": ""main""}]","The analyzed 1993–2002 household panel was collected independently by China's Ministry of Agriculture Research Center for the Rural Economy. Its household income, labor, crop and farm-input responses qualify as survey data but fail the team's collection/commissioning criterion. The farm productivity and misallocation estimates and the two-sector calibration use that same panel; the counterfactual experiments and robustness exercises are quantitative model analyses. Earlier Brandt studies are cited for institutional background and data description, not evidence that this team collected the analyzed panel. No reported component meets both criteria."
85107411685,10.3982/ecta17842,Econometrica,2021,Economic Predictions With Big Data: The Illusion of Sparsity,NO,"[{""quote"": ""We estimate the previous model on six popular “big data sets” that have been used for predictive analyses"", ""location"": ""PDF page 9, Economic Applications"", ""source"": ""main""}]","The six empirical applications all reuse named existing datasets: FRED-MD macroeconomic indicators, Barro-Lee growth predictors, Welch-Goyal equity predictors, Freyberger et al. stock data, Donohue-Levitt crime data and Chen-Yeh judicial decisions via replication materials. The remaining components are simulations, posterior inference and forecast/model comparisons on those sources. No reported component collects participant questionnaire responses; survey indicators in FRED-MD are external aggregate data."
85088371594,10.3982/ecta18028,Econometrica,2020,"A Comment on: “State Capacity, Reciprocity, and the Social Contract” by Timothy Besley",NO,"[{""quote"": ""Source Afrobarometer Surveys Round 4"", ""location"": ""PDF p.3, Figure 1 caption"", ""source"": ""main""}, {""quote"": ""Source: Voting Records & European Social Surveys."", ""location"": ""PDF p.6, Figure 3 caption"", ""source"": ""main""}]","The complete substantive note discusses Besley’s theory and future research directions, illustrated by three figures using Afrobarometer rounds 3–4, European Social Surveys and voting records. These contain relevant identification and trust questionnaire responses, but the note sources them to independently conducted survey programs, including reusing the author’s earlier analyses rather than documenting his survey collection. Other studies and World Values Survey results are discussed as literature. No author-collected or commissioned questionnaire component appears across the full note."
85075929892,10.3982/ecta15146,Econometrica,2019,Dynamic Quantile Models of Rational Behavior,NO,"[{""quote"": ""nondurables and services were obtained from the Federal Reserve Economic Data."", ""location"": ""PDF page 30, Data"", ""source"": ""main""}, {""quote"": ""stock returns from the Center for Research in Security Prices (CRSP) U.S. Stock database"", ""location"": ""PDF page 30, Data"", ""source"": ""main""}]","The paper develops and proves a dynamic quantile-utility model and illustrates it with an intertemporal consumption application. The empirical estimates use existing monthly aggregate consumption series from FRED and stock returns from CRSP, 1959–2015; alternative consumption definitions and dividend specifications reuse those data. The theoretical examples, proofs, estimates and robustness checks do not involve questionnaires or team-collected participant responses. Neither criterion is satisfied by the reported research."
85056087970,10.3982/ecta12043,Econometrica,2018,Trading and Information Diffusion in Over-the-Counter Markets,NO,"[{""quote"": ""we do not have access to the data set"", ""location"": ""PDF page 38, Matching parameters"", ""source"": ""main""}, {""quote"": ""We use three moments that are reported in Hollifield et al. (2016)"", ""location"": ""PDF page 38, Matching parameters"", ""source"": ""main""}]","The article develops a theoretical trading-network model and calibrates it to published transaction-market moments and the network reported by Hollifield and colleagues. It explicitly lacks access even to that underlying dataset. The appendices contain proofs, calibration details, counterfactual network disruptions and a segmented-market model extension. All reported empirical comparisons use existing market statistics; no questionnaire participants or survey collection are involved."
85020282695,10.3982/ecta13081,Econometrica,2017,Randomization Tests Under an Approximate Symmetry Assumption,NO,"[{""quote"": ""we use the clustered regression example to revisit the analysis of Angrist and Lavy (2009)"", ""location"": ""PDF p.2, final paragraph"", ""source"": ""main""}, {""quote"": ""100,000 Monte Carlo repetitions"", ""location"": ""PDF p.5, section 2.1.1"", ""source"": ""main""}]","This methodological article develops randomization-test theory, studies synthetic Monte Carlo samples, and derives time-series, differences-in-differences and clustered-regression applications. Its only empirical application is explicitly identified in the main introduction as reanalysis of the separately authored Angrist and Lavy (2009) Israeli cash-award/exam-performance study. Neither simulations nor mathematical examples are questionnaire responses, and any responses in that outside empirical dataset were not collected by the present Canay/Romano/Shaikh team. The supplementary PDF could not be accessed, but the main text establishes that application’s external ownership. No original survey component is reported."
84979017709,10.3982/ecta13127,Econometrica,2016,Robust Contracts in Continuous Time,NO,"[{""quote"": ""Our main contribution is to introduce robustness into their models and study capital structure implementation and asset pricing implications."", ""location"": ""PDF page 4, Introduction"", ""source"": ""main""}]","This is a theoretical continuous-time principal-agent contracting paper. The model setup and solutions study hypothetical cash-flow processes, robustness and belief distortions; the capital-structure and asset-pricing sections derive their implications. The concluding discussion identifies supplementary equivalence and risk-aversion analyses as further mathematical models. Citations to empirical findings provide comparisons rather than newly analyzed participant data. No component collects or analyzes eligible questionnaire responses, so neither criterion is satisfied."
105001081943,10.3102/0013189x251314808,Educational Researcher,2025,The Purposes of Education: A Citizen Perspective Beyond Political Elites,NO,"[{""quote"": ""We gratefully acknowledge EdChoice for providing the data used in this research"", ""location"": ""PDF page 8, Note"", ""source"": ""main""}]","The methods describe pooling the independently conducted 2022 EdChoice monthly tracking poll, with education-purpose importance ratings and political and demographic responses. These are eligible questionnaire content, but the authors obtained the data from EdChoice, explicitly acknowledged as provider, rather than collecting or commissioning those responses. The analyzed partisan, age and schooling comparisons all use this same poll; no separate author-collected survey is reported. Author biographies and the closing note do not establish team ownership of the tracking survey."
85192608397,10.3102/0013189x241261336,Educational Researcher,2024,Why Black Teachers Matter,YES,"[{""quote"": ""a teacher survey administered in the fall"", ""location"": ""PDF p.4, Teacher mindsets and practices"", ""source"": ""main""}, {""quote"": ""our data collection focused on identifying and tapping constructs"", ""location"": ""Methods, Data, opening paragraphs"", ""source"": ""https://journals.sagepub.com/doi/10.1177/2332858415617703""}]","The paper analyzes NCTE student questionnaire responses about self-efficacy, engagement and self-regulation, plus teacher questionnaires about growth-mindset beliefs, instructional practice and relationships. Blazar’s earlier coauthored NCTE methods paper describes their recruitment of teachers and explicitly identifies these teacher-survey measures as their data collection. This establishes documented reuse of the research team’s own questionnaire responses; it is not solely an outside survey analysis. The broader random-assignment experiment, video observations and administrative follow-up do not disqualify the questionnaire components."
85150874531,10.3102/0013189x231161318,Educational Researcher,2023,How Did Colleges Disburse Emergency Aid During COVID-19? An Implementation Analysis of the Higher Education Emergency Relief Fund,NO,"[{""quote"": ""All websites were reviewed by two research assistants (RAs)"", ""location"": ""PDF page 6, Implementation Analysis: Quantifying Administrative Burden"", ""source"": ""main""}, {""quote"": ""we use data from the 2019 Integrated Postsecondary Data System (IPEDS)"", ""location"": ""PDF page 5, Identifying Our Sample"", ""source"": ""main""}]","The team built its dataset by reviewing and coding publicly posted emergency-aid policies from college websites, with two assistants and author confirmation. Those original observations are documentary coding, not participant questionnaire responses. Institutional characteristics and student aggregates came from existing 2019 IPEDS surveys conducted externally. Descriptive comparisons, regressions, policy combinations and weighting/sensitivity analyses use these sources. Discussion of FAFSA/application burdens concerns colleges' policies rather than questionnaires collected by this research team. No reported component meets both criteria."
85125218586,10.3102/0013189x221081853,Educational Researcher,2022,The Segregation of Students by Income in Public Schools,NO,"[{""quote"": ""we use student-level administrative data from the North Carolina Education Research Data Center"", ""location"": ""PDF page 9, Analytic Plan and Methods"", ""source"": ""main""}]","The study links existing North Carolina student administrative records to classrooms, schools and districts, then calculates socioeconomic segregation indices. All-course, mathematics and English comparisons, the appendix racial-segregation models, and the additional achievement plots use this same administrative panel. The inspected methods and extensions report no questionnaire collected or commissioned by the authors; neither eligibility condition is established by these records."
85115710111,10.3102/0013189x211048840,Educational Researcher,2021,All States Close but Red Districts Reopen: The Politics of In-Person Schooling During the COVID-19 Pandemic,UNCLEAR,"[{""quote"": ""State of the State Survey"", ""location"": ""PDF p.7, Michigan Public Opinion Data"", ""source"": ""main""}, {""quote"": ""fielded by YouGov"", ""location"": ""PDF p.7, Michigan Public Opinion Data"", ""source"": ""main""}]","The authors collected/coded state and district policy documents, while their public-opinion component analyzes 1,000 Michigan adults’ structured schooling preferences, political identification and approval responses from the State of the State Survey. The survey content qualifies. Main methods attribute the survey to MSU/IPPSR and YouGov without explaining whether this author team commissioned or administered it versus obtaining existing data or adding a module. Inspected official SOSS program and round documentation confirms program administration but not author-specific responsibility. Grossmann’s institutional connection alone does not resolve responsibility for these responses. Eligibility remains UNCLEAR on ownership; the other two components are documentary records rather than questionnaires."
85087077629,10.3102/0013189x20935039,Educational Researcher,2020,Policies That Define Instruction: A Systematic Review of States’ and Districts’ Recommendations for Evaluating Special Educators,NO,"[{""quote"": ""We visited state and district websites and downloaded all publicly available teacher evaluation information"", ""location"": ""PDF page 9, Methods—Sample"", ""source"": ""main""}, {""quote"": ""to identify evaluation materials that were not publicly available"", ""location"": ""PDF page 9, Methods—Sample"", ""source"": ""main""}]","The study is a systematic documentary analysis of state and district teacher-evaluation guidance, independently coded by an author and assistant. The team contacted officials by email, phone and website forms to obtain missing documents and confirm document currency/relevance; these source-verification requests are not a reported questionnaire study of participant attitudes, experiences or behavior. All substantive outcomes concern the content of the documents, with no additional participant-response study. Thus original documentary collection meets neither the required participant-response collection nor questionnaire criterion. This assessment is based on the hosted manuscript, which explicitly is not the copy of record and may differ from the final article."
85074290294,10.3102/0013189x19867941,Educational Researcher,2019,Racial and Ethnic Discrimination in the Labor Market for Child Care Teachers,YES,"[{""quote"": ""we administered a detailed web-based survey"", ""location"": ""PDF page 13, Child Care Provider Survey"", ""source"": ""main""}, {""quote"": ""number of individuals who were interviewed"", ""location"": ""PDF page 14, provider questionnaire content"", ""source"": ""main""}]","Beyond the resume audit, the authors commissioned/administered a follow-up questionnaire to the sampled child-care providers through Kent State's Survey Research Lab, receiving 514 usable responses. The four-section survey asked directors about their experience and staffing, and reported recruitment behavior including interviews, offers and hires. These are substantive reported experiences and behavior from the team's own respondents, satisfying both conditions even though the paper also analyzes field-audit callbacks."
85041324831,10.3102/0013189x17738746,Educational Researcher,2018,Sex Differences in Doctoral Student Publication Rates,UNCLEAR,"[{""quote"": ""The survey assessed satisfaction with many program components"", ""location"": ""PDF p.2, Method"", ""source"": ""main""}, {""quote"": ""as part of its assessment of doctoral programs"", ""location"": ""Supporting PDF p.17, Online Appendix, Data Collection and Analysis"", ""source"": ""https://scholarworks.iu.edu/dspace/bitstreams/30bc3ab0-bb34-4a0a-9a78-b33e4475c765/download""}]","The analyses use 1,285 structured responses about publication behavior, program satisfaction, support/obstacles and career intentions, which meet the questionnaire-content criterion. The inspected appendix establishes that two 2013–2015 university program-assessment surveys supplied the data, including a mandatory doctoral exit survey. Neither main methods nor the expanded appendix identifies which researchers administered or commissioned those institutional surveys. Team collection responsibility, as opposed to secondary access to institutional assessment data, therefore remains unresolved. All publication, support and career-goal analyses use this same source; UNCLEAR reflects ownership rather than survey format."
85028649359,10.3102/0013189x17725499,Educational Researcher,2017,Thirteenth Annual Brown Lecture in Education Research: Public Education and the Social Contract: Restoring the Promise in an Age of Diversity and Division,NO,"[{""quote"": ""Data from National Center for Education Statistics (2012) and Southern Education Foundation (2009)"", ""location"": ""Text segment 3, Evolution of Interstate Funding Disparities, Table 2 note"", ""source"": ""main""}]","This lecture develops a historical and policy argument about the educational social contract using legislation, court decisions and prior scholarship. Its descriptive comparisons use external OECD attainment/achievement figures, NCES and Southern Education Foundation expenditure statistics, Kids Count poverty measures, published higher-education finance figures and published federal-budget estimates. The body and conclusion report no participant questionnaire study, and the author does not collect or commission the underlying responses. Neither criterion is met by any reported component. Reviewed the PMC author manuscript; equivalence to the final published version remains unverified."
85007190014,10.3102/0013189x16683402,Educational Researcher,2016,Fostering Political Interest Among Youth During the 2012 Presidential Election: Instructional Opportunities and Challenges in a Swing State,YES,"[{""quote"": ""we administered surveys to CSE and comparison students three times"", ""location"": ""PDF page 10, Data Collection"", ""source"": ""main""}, {""quote"": ""their interest in political issues and how often they discussed politics"", ""location"": ""PDF page 10, Data Collection"", ""source"": ""main""}]","The first author and assistants recruited school classrooms and themselves administered three survey waves around the election, with 323 students responding at all waves. Questions measured political interest, discussion and news-seeking behavior, and interest ratings for eleven political issues. Thus the team's own questionnaire responses meet both conditions; observations and qualitative interviews are additional components. This judgment uses the repository manuscript whose equivalence to the final published version is unverified."
85213774154,10.1177/08902070241235969,European Journal of Personality,2025,"If you were happy and you know it, clap your hands! Testing the peak-end rule for retrospective judgments of well-being in everyday life",YES,"[{""quote"": ""we assessed retrospective and global well-being judgments"", ""location"": ""PDF p.4, Procedures"", ""source"": ""main""}, {""quote"": ""Participants were recruited via social media"", ""location"": ""PDF p.4, Participants and data exclusion"", ""source"": ""main""}]","The authors describe programming and conducting their international and German experience-sampling projects, recruiting participants, delivering repeated brief surveys and collecting pre/post questionnaires. The present analysis uses 1,889 participants’ momentary happiness ratings and retrospective/global well-being judgments, with anxiety, stress and energy analyses. These structured reports of experienced states and judgments qualify, and the explicit collection procedures and first-person assessment role establish team responsibility, including reuse of their projects’ data."
85185941565,10.1177/08902070231174574,European Journal of Personality,2024,Who is healthier? A meta-analysis of the relations between the HEXACO personality domains and health outcomes,NO,"[{""quote"": ""All analyses are based on Pearson’s product-moment correlation coefﬁcient r."", ""location"": ""PDF page 7, Analytic Procedures—Main analyses"", ""source"": ""main""}, {""quote"": ""we contacted the authors and requested correlations and internal consistency estimates for all study variables."", ""location"": ""PDF page 6, Inclusion Criteria"", ""source"": ""main""}]","The article reports a meta-analysis of 276 existing studies. Its data are extracted study-level correlations, sample sizes and reliability estimates, including previous meta-analytic codings, an updated literature search and unpublished statistics requested from study authors. Its explained-variance analyses combine these effect sizes with existing meta-analytic correlation matrices. These research-author requests do not collect questionnaire responses from study participants; no primary or participant-level questionnaire analysis by this team is reported. The paper therefore falls under the meta-analysis exclusion despite the questionnaire content of the underlying studies."
85147724343,10.1177/08902070211072745,European Journal of Personality,2023,Interdependencies between family and friends in daily life: Personality differences and associations with affective well-being across the lifespan,YES,"[{""quote"": ""data are available for reanalyses from the last author"", ""location"": ""PDF page 6, Disclosure of open science practices"", ""source"": ""main""}, {""quote"": ""participants reported on their momentary affective experience"", ""location"": ""PDF page 6, Procedure"", ""source"": ""main""}]","The article reuses wave two of the team's MMAA project: methods identify the project with coauthor Riediger, cite prior analyses by coauthor Wrzus, describe original ethics approval and the study-owned phones, and designate last author Wrzus as custodian of the nonpublic responses. This supports documented own prior collection rather than an independently obtained public panel. Participants completed personality questionnaires and repeated mobile questions about mood and companions, including affect ratings and categorical reports of social contact. Both conditions are met despite the later secondary analysis by the first author."
85136938788,10.1177/08902070211015583,European Journal of Personality,2022,A teacher like me? Different approaches to examining personality similarity between teachers and students,YES,"[{""quote"": ""After making amendments to the questionnaire and collecting data from the total sample"", ""location"": ""PDF p.13, Instruments"", ""source"": ""main""}, {""quote"": ""how much they liked this teacher"", ""location"": ""PDF p.15, Teacher liking"", ""source"": ""main""}]","The team piloted, revised and administered classroom questionnaires in eight Brazilian schools, recruiting 634 students and 31 teachers. Students and teachers provided personality self-ratings; students additionally rated their teacher’s personality and liking on structured scales. The analyses examine these beliefs/preferences and self-descriptions, satisfying questionnaire content, and the methods explicitly establish the team’s collection role. The accepted-manuscript version is sufficient for this assessment although final-version equivalence is unverified."
85117231538,10.1177/08902070211014029,European Journal of Personality,2021,Distinguishing simple and residual consistencies in functionally equivalent and non-equivalent situations: Evidence from experimental and observational longitudinal data,YES,"[{""quote"": ""Participants had to read the vignette and rate their hypothetical state in this situation on a state-version of the BFAS."", ""location"": ""PDF page 6, Study 1 Methods—Procedure"", ""source"": ""main""}]","Study 1 alone meets both criteria. The team registered and recontacted participants, administered its online measures using formr.org, randomly assigned hypothetical party vignettes, and collected repeated ratings of how participants would behave in each situation. The 158 complete cases provided baseline personality and hypothetical-state answers on the 100-item BFAS using six-point agreement scales. These are the team's questionnaire and vignette responses about personal traits and intended/hypothetical behavior, analyzed in the reported consistency research."
85084425815,10.1002/per.2252,European Journal of Personality,2020,Moments That Matter? On the Complexity of Using Triggers Based on Skin Conductance to Sample Arousing Events Within an Experience Sampling Framework,YES,"[{""quote"": ""we started the data collection of the present study"", ""location"": ""PDF page 4, Procedure"", ""source"": ""main""}, {""quote"": ""report on their mood and whereabouts"", ""location"": ""PDF page 4, Procedure"", ""source"": ""main""}]","The authors recruited Tilburg students and trained assistants to collect a baseline psychological questionnaire and five days of smartphone experience-sampling responses alongside physiological recordings. The questionnaires asked participants to rate affect, perceived situation characteristics and events, meeting the experience/attitude criterion. Explicit recruitment, administration and collection establish author responsibility; the accompanying skin-conductance measurements do not negate the qualifying questionnaire component."
85061937212,10.1002/per.2190,European Journal of Personality,2019,Individual Differences in Habitual Social Goals and Daily Well-Being: The Role of Age and Relationship Closeness,YES,"[{""quote"": ""A German online recruitment service recruited a total of N = 880 participants"", ""location"": ""PDF p.15, Method—Sample"", ""source"": ""main""}, {""quote"": ""participants completed an online questionnaire"", ""location"": ""PDF p.16, Procedure"", ""source"": ""main""}]","Nikitin and Freund’s own project recruited 880 adults through a German online service and paid for the baseline questionnaire and seven daily diaries; the current analytic sample is 673. Methods describe the authors’ presentation of tailored goal questions and assessment of daily emotional well-being, health, social-interaction satisfaction and relationship closeness. These structured ratings of intentions and experiences qualify, and the detailed collection procedures and same-author prior project citation establish team responsibility for these reused responses."
85045638852,10.1002/per.2142,European Journal of Personality,2018,"Personality, Religion, and Politics: An Investigation in 33 Countries",YES,"[{""quote"": ""Respondents visited the website voluntarily and completed the questionnaires for the purpose of self-exploration."", ""location"": ""PDF page 4, Method—Participants"", ""source"": ""main""}, {""quote"": ""our participant consent materials"", ""location"": ""PDF page 4, footnote 6"", ""source"": ""main""}]","The team analyzes responses collected through its HEXACO online survey site in 2014–2016. Its participant-consent materials, authors' control of data access, recorded respondent country and described administration establish collection responsibility despite voluntary self-selection and no active recruitment. The 141,492 respondents completed personality agreement items and questions about personal religiosity and political orientation, which qualify as questionnaire responses about beliefs/traits. The external Gallup and HDI country measures are additional covariates and do not negate the eligible team-collected questionnaire data."
85011928637,10.1002/per.2092,European Journal of Personality,2017,Using Indirect Measurement Tasks to Assess the Self-concept of Personality: A Systematic Review and Meta-analyses,NO,"[{""quote"": ""Web of Science and PsycINFO were searched at the end of August 2016"", ""location"": ""PDF page 14, Method: search process"", ""source"": ""main""}]","The methods specify literature searches, article selection, extraction of published reliability and validity results, four meta-analyses, and narrative reviews by personality domain. Questionnaire/self-rating measures are discussed as measures in the reviewed studies, not as responses collected or commissioned for an empirical study by this paper's team. All reported components synthesize the selected literature; no qualifying author-owned questionnaire-response study is reported."
84960156337,10.1002/per.2047,European Journal of Personality,2016,The Evil Queen's Dilemma: Linking Narcissistic Admiration and Rivalry to Benign and Malicious Envy,YES,"[{""quote"": ""We asked 205 workers"", ""location"": ""PDF p.5, Study 1 Participants"", ""source"": ""main""}, {""quote"": ""Participants completed questionnaires measuring comparison propensity"", ""location"": ""PDF p.5, Materials and procedure"", ""source"": ""main""}]","Study 1 alone establishes eligibility: the authors recruited 205 MTurk workers (204 analyzed) and administered structured questionnaires about social comparison, hopes/fears, narcissistic attitudes, envy and social desirability. They analyze correlations and structural paths among these responses. The content comprises self-reported experiences, beliefs and dispositions, and first-person recruitment and assessment descriptions establish author collection responsibility. The article reports five studies, but the documented qualifying first component is sufficient for YES."
105025888183,10.1093/esr/jcaf008,European Sociological Review,2025,"Gendered beauty inequalities? A multiverse analysis of physical attractiveness, occupational gender-typicality and earnings in the German labour market",NO,"[{""quote"": ""The analyses are based on longitudinal data from the German Family Panel pairfam (v12.0)"", ""location"": ""PDF page 3, Data and methods—Data"", ""source"": ""main""}, {""quote"": ""we used official statistics from the Federal Employment Agency"", ""location"": ""PDF page 5, Occupational gender-typicality"", ""source"": ""main""}]","All analyses use existing pairfam waves and Federal Employment Agency occupational statistics. Pairfam supplies earnings and personal characteristics plus its interviewers' attractiveness ratings; the team recodes these data and fits multiple specifications, with no new questionnaire administration or commissioned collection. The data-availability statement confirms access through the external pairfam/GESIS infrastructure. The multiverse, subgroup, covariate and robustness variants reuse these sources, so even qualifying questionnaire content fails collection responsibility."
85177832794,10.1093/esr/jcad006,European Sociological Review,2024,Young adults’ labour market transitions and intergenerational support in Germany,NO,"[{""quote"": ""pairfam, coordinated by Josef Brüderl, Sonja Drobnič, Karsten Hank, Franz Neyer, and Sabine Walper"", ""location"": ""PDF page 15, Acknowledgements"", ""source"": ""main""}]","Manzoni and Gebel analyze existing pairfam waves 2, 4, 6 and 8, with family-support frequency questions, employment histories and other self-reports. The survey is explicitly attributed to separate named coordinators rather than this author team. Employment-type comparisons, mediation, gender analyses and robustness specifications all reuse that external panel, with no separate author-collected questionnaire component. Content qualifies but collection responsibility does not."
85168128619,10.1093/esr/jcac049,European Sociological Review,2023,Social and cultural mobility: Rising to the middle class and cultural practices in contemporary Finland,YES,"[{""quote"": ""the respondents were asked about their tastes and participation"", ""location"": ""PDF page 5, Data"", ""source"": ""main""}, {""quote"": ""Jarmo Kallunki (PhD candidate)"", ""location"": ""Research team, line 63"", ""source"": ""https://research.tuni.fi/dynamics/dynamics/""}, {""quote"": ""Aineistonkeruu toteutettiin yhteistyössä Tilastokeskuksen kanssa."", ""location"": ""Kysely, line 159; also collection details lines 156-163"", ""source"": ""https://research.tuni.fi/dynamics/dynamics/""}]","The article analyzes the 2007 and 2018 Culture and Leisure in Finland questionnaires, including cultural tastes, reading, television habits and participation; these are preferences and reported behavior used to study social mobility. The main text identifies Statistics Finland as collector but does not alone resolve commissioning. The inspected official DYNAMICS project page names sole author Jarmo Kallunki as a project researcher and documents that this project collected the 2018 questionnaire in cooperation with Statistics Finland, using online and postal responses from 1425 people. This establishes research-team collection responsibility for the 2018 responses currently pooled and analyzed, rather than an independently conducted external survey or an added module. Documented reuse of the team’s own responses is eligible; ownership of the 2007 round is not necessary to this YES."
85136927900,10.1093/esr/jcac002,European Sociological Review,2022,Swiss Job Market Monitor: A Rich Source of Demand-Side Micro Data of the Labour Market,YES,"[{""quote"": ""we launched a representative, annual company survey with the aim of gathering information about how and where firms publish their vacant positions."", ""location"": ""PDF page 3, Job Market Monitoring: Historical and Digital Data Collection"", ""source"": ""main""}]","Alongside archival/web job-ad collection, the team's reported monitoring procedure includes its own representative annual company survey asking how and where firms advertise vacancies. These are questionnaire responses about firms' reported recruitment behavior, and the team explicitly launched the survey. The responses are used in the data-construction research described here: they determine online sampling and channel coverage, and the paper reports survey-based estimates of exclusively print vacancies used to change collection to web-only in 2019. Thus the survey is an input to the reported methodology and coverage assessment, beyond a passing citation to unrelated earlier findings. This component meets both criteria even though the main released data consist of job advertisements."
85140285765,10.1093/esr/jcaa049,European Sociological Review,2021,The European Values Study 2017: On the Way to the Future Using Mixed-Modes,YES,"[{""quote"": ""He is the Fieldwork Director of the EVS in Iceland"", ""location"": ""PDF page 17, Árni Bragi Hjaltason author biography"", ""source"": ""main""}, {""quote"": ""questions measuring values and attitudes in several domains of life"", ""location"": ""PDF page 3, Introduction"", ""source"": ""main""}]","This data brief reports the actual 2017 EVS mixed-mode fieldwork and its methodological experiments, with detailed recruitment and questionnaire administration for six countries. The authors include national program directors and fieldwork managers, explicitly Hjaltason directing Icelandic fieldwork and Pollien Swiss fieldwork, so collection responsibility is documented rather than inferred from merely analyzing EVS. The survey's substantive questions measure values and attitudes about family, religion, politics and society. Its data-description/methodological focus does not remove these qualifying author-collected responses."
85089502197,10.1093/esr/jcz059,European Sociological Review,2020,The Hidden Cost of Flexibility: A Factorial Survey Experiment on Job Promotion,YES,"[{""quote"": ""We contacted supervisors through the human resources departments"", ""location"": ""PDF page 6, Survey Administration"", ""source"": ""main""}, {""quote"": ""All of the questions were answered on a scale from 1 to 5."", ""location"": ""PDF page 6, Questionnaire Content"", ""source"": ""main""}]","The authors recruited supervisors through company HR departments and administered their own Qualtrics factorial questionnaire in March-July 2017; 71 valid respondents evaluated six candidate vignettes each. Structured ratings measure promotion recommendations and perceived warmth, competence and commitment, alongside gender-role attitudes. These opinions and preferences are analyzed to test flexibility and parenthood penalties, satisfying both team collection responsibility and qualifying questionnaire content. The main methods establish eligibility without needing supplements."
85064151100,10.1093/esr/jcy049,European Sociological Review,2019,Contextual effects on populist radical right support: Consensual neighbourhood effects and the Dutch PVV,NO,"[{""quote"": ""this study used data from Wave 1 of The Netherlands Longitudinal Lifecourse Study (NELLS; Tolsma et al., 2014)"", ""location"": ""PDF page 7, Data and Methods—Data"", ""source"": ""main""}]","The paper analyzes the existing 2008–2010 NELLS Wave 1 collected by the cited survey team, combining it with Statistics Netherlands district and neighbourhood statistics. Party preference and neighbour-contact answers satisfy questionnaire content, but the current authors' role is secondary analysis rather than collection or commissioning. Individual controls, district education estimates, contact interactions and multilevel model comparisons all derive from those same sources. No separate author-collected response component is reported, so collection responsibility fails."
85056907668,10.1093/esr/jcy039,European Sociological Review,2018,Why are employers put off by long spells of unemployment?,YES,"[{""quote"": ""we 4 conducted a vignette study"", ""location"": ""PDF page 9, Experiment (manuscript line numbers retained)"", ""source"": ""main""}, {""quote"": ""their intention to hire the"", ""location"": ""PDF page 13, Data Collection"", ""source"": ""main""}]","The authors report conducting their own vignette study, constructing and randomizing decks and administering hiring-intention and candidate-signal Likert ratings to 219 HR respondents. The recruitment survey routes eligible people randomly to this or another experiment and other people to a burnout survey. Although described as integrated into a larger web survey, the text does not attribute that survey to an independently conducting external team; the detailed collection and experimental administration support author responsibility for these new responses. Content measures hiring intentions and beliefs. An attempted additional published-PDF check was inaccessible; the judgment rests on the available main methods."
85030616903,10.1093/esr/jcx043,European Sociological Review,2017,The direct effect of social origins on social mobility chances: 'Glass floors' and 'glass ceilings' in Britain,NO,"[{""quote"": ""we draw on the data set of the British Birth Cohort Study 1970 (BCS70)"", ""location"": ""PDF page 3, Data and Variables"", ""source"": ""main""}, {""quote"": ""we re-ran our models with two other dependent variables"", ""location"": ""PDF page 11, note 5"", ""source"": ""main""}]","All reported empirical components analyze the existing BCS70 cohort dataset: education and employment histories, social origins, childhood cognitive and locus-of-control measures, and age-42 reports of parental help. Locus of control and parental help are qualifying beliefs and experiences, but the paper describes using the independently collected longitudinal cohort rather than collecting or commissioning questionnaire responses itself. The four main model specifications, descriptive comparisons, and auxiliary/robustness analyses described in notes 5-7 all reuse this same external source. Data/variables, results and methodological notes were inspected; no separate author-collected questionnaire component is reported."
84992416994,10.1093/esr/jcw023,European Sociological Review,2016,Crowding out of Disadvantaged Young Adults in Germany: Background Matters Depending on Local Labour Market,NO,"[{""quote"": ""We use the German Socio-Economic Panel Study (SOEP) from 1984 to 2011 for West Germany."", ""location"": ""PDF page 3, Data and Methods"", ""source"": ""main""}]","The study links existing SOEP household observations across childhood and adulthood with regional unemployment statistics from SOEP and the German employment office. Employment, earnings, health satisfaction and job-search responses are questionnaire data, but they were independently collected in SOEP; the author analyzes that external panel. The overqualification/network mechanism analyses and sensitivity checks by gender, career stage, period, education and industry all reuse the same sources. No component collects or commissions qualifying responses, so criterion 1 fails."
105017702972,10.1016/j.evolhumbehav.2025.106781,Evolution and Human Behavior,2025,Updating evidence on facial metrics: A Bayesian perspective on sexual dimorphism in facial width-to-height ratio and bizygomatic width,NO,"[{""quote"": ""We obtained 1949 facial photographs"", ""location"": ""Text segment 3, Study 1: Samples of facial photographs"", ""source"": ""main""}, {""quote"": ""The same 1949 facial photographs and landmarks were used for analysis"", ""location"": ""Text segment 5, Study 2: Samples and facial metrics"", ""source"": ""main""}]","Both studies analyze facial photographs and anthropometric measurements from nine existing image sets, some collected previously by coauthors. Study 2 repeats the facial-width analysis and adds existing body-scan measures; model simulations, manual-landmark validation and reanalysis of ANSUR physical measurements are additional components. No attitudes, beliefs, preferences, experiences, intentions or reported behavior questionnaire is used. One sample has self-reported height and weight, but these physical measurements alone are not the substantive questionnaire content required. Prior ownership of some images does not satisfy the questionnaire criterion."
85191794805,10.1016/j.evolhumbehav.2024.04.009,Evolution and Human Behavior,2024,"Cash, crowds, and cooperation: The effects of population density and resource scarcity on cooperation in the dictator game",YES,"[{""quote"": ""Participants are recruited from undergraduate courses in a major Singapore university."", ""location"": ""Segment 4, Study 1, Participants and procedure"", ""source"": ""main""}, {""quote"": ""Responses were made on a 7-point Likert scale"", ""location"": ""Segment 4, Study 1, Measures: Resource availability"", ""source"": ""main""}]","The authors recruited university participants for their own studies and administered structured questionnaires alongside dictator-game tasks. Study 1 analyzes 148 respondents’ perceived crowdedness, childhood/current resource availability and subjective social rank; Study 2 collects analogous ratings and PANAS emotional experiences from 228 students, and the authors also report an original manipulation pilot. These beliefs and experiences are used as predictors, moderators and checks, satisfying qualifying content and team collection responsibility. The main methods are sufficient for YES."
85146262120,10.1016/j.evolhumbehav.2023.01.002,Evolution and Human Behavior,2023,"Evolution is the source, and the undoing, of natural law",NO,"[{""quote"": ""In this paper, I will argue that these findings, when taken together, illuminate the natural law debate"", ""location"": ""Text segment 1, Introduction"", ""source"": ""main""}]","The article presents a philosophical argument applying evolutionary accounts of moral intuitions to natural-law theory. Its empirical illustrations are cited findings from prior studies, while legal cases and hypothetical dilemmas support the conceptual analysis. The sections on conflicting logic/morals and conflicting moral judgments and the conclusion report no newly collected questionnaire responses or current reanalysis of the author's earlier participant responses. Citations to the author's previous work do not establish response reuse. The reported work is theory/literature-based, so neither criterion is met."
85133624279,10.1016/j.evolhumbehav.2022.05.002,Evolution and Human Behavior,2022,Pathogen threat and intergroup prejudice using the minimal group paradigm: Evidence from a registered report,YES,"[{""quote"": ""We recruited undergraduate students"", ""location"": ""Text segment 3, Study 1 Participants"", ""source"": ""main""}, {""quote"": ""Participants answered four questions for each of the personality types"", ""location"": ""Text segment 4, Study 1 Materials and procedure"", ""source"": ""main""}]","Study 1 alone establishes eligibility: the team recruited 207 students, administered its experiment, and collected four structured ratings of feelings, anticipated rapport and commonality with each minimal group. Participants also completed disgust and authoritarianism questionnaires. These are attitudes, expectations and experiences elicited from the team's own participants, so both conditions hold irrespective of the second replication experiment."
85103094982,10.1016/j.evolhumbehav.2021.03.004,Evolution and Human Behavior,2021,"High income men have high value as long-term mates in the U.S.: personal income and the probability of marriage, divorce, and childbearing in the U.S.",NO,"[{""quote"": ""The Census Bureau employs a two-stage sample design to select the SIPP sample"", ""location"": ""Segment 3, 2014 SIPP data"", ""source"": ""main""}, {""quote"": ""The analyses presented here only use data on respondents aged 18"", ""location"": ""Segment 3, 2014 SIPP data"", ""source"": ""main""}]","The article exclusively analyzes the independently conducted 2014 US Census SIPP. Structured interviews report marriage, divorce, fertility and income histories, so reported behavior/experiences are present, but collection was by the Census Bureau rather than the article’s research team. Inspection of the sampling/variables, methods, all six outcome analyses and discussion found no original questionnaire component: marriage, divorce, remarriage, spouse age gaps, childlessness and multipartner fertility all derive from the same external survey. Therefore the team-collection criterion is not met."
85075386029,10.1016/j.evolhumbehav.2019.10.007,Evolution and Human Behavior,2020,Paternity confidence and social obligations explain men's allocations to romantic partners in an experimental giving game,YES,"[{""quote"": ""Himba men were opportunistically recruited to participate in this study."", ""location"": ""Text segment 3, Methods—Procedure"", ""source"": ""main""}, {""quote"": ""Basic demographic information, including formal and informal partnership status, was collected."", ""location"": ""Text segment 3, Methods—Procedure"", ""source"": ""main""}]","The team recruited 43 Himba men and, through local-language procedures with research assistants, collected their reported formal/informal relationship status and presented hypothetical partner/child scenarios. Men expressed allocation preferences between these scenarios using food tokens, coins representing clinic fees and plastic goats; these responses were analyzed in the reported task comparisons, with age and marital status also assessed as predictors. Both the personal relationship reports and the structured hypothetical allocation choices are questionnaire-type responses about reported behavior/preferences. The use of physical tokens and an experimental task format does not remove eligibility, and collection responsibility is explicit."
85063215216,10.1016/j.evolhumbehav.2019.01.006,Evolution and Human Behavior,2019,Do ‘watching eyes’ influence antisocial behavior? A systematic review & meta-analysis,NO,"[{""quote"": ""We reviewed 113 full-text articles"", ""location"": ""Text segment 3, Types of intervention"", ""source"": ""main""}, {""quote"": ""The 13 studies remaining reported results for a total of 15 eligible experiments"", ""location"": ""Text segment 4, Meta-analysis study selection"", ""source"": ""main""}]","The research consists of a systematic literature search and meta-analysis of previously conducted eye-cue experiments, including requested existing datasets and transformations into behavioral outcomes. Both primary and extended analyses and publication-bias checks operate on those reviewed studies. No separate questionnaire collected or commissioned by this review's authors is reported; descriptions of surveys and experiments belong to the source literature, and the study's own data collection is article retrieval/coding."
85040022360,10.1016/j.evolhumbehav.2017.12.001,Evolution and Human Behavior,2018,"Common knowledge, coordination, and the logic of self-conscious emotions",YES,"[{""quote"": ""were recruited from Amazon's Mechanical Turk"", ""location"": ""Segment 4, Experiment 1, Participants"", ""source"": ""main""}, {""quote"": ""participants used slider bars to report how strongly they would experience each of the six emotions"", ""location"": ""Segment 4, Experiment 1, Procedure"", ""source"": ""main""}]","Experiment 1 alone establishes eligibility: the authors recruited and paid 500 MTurk respondents, with 361 retained, for their own vignette study. Respondents completed repeated 0-100 structured emotion and anticipated physical-reaction ratings following transgression scenarios. These self-reported anticipated experiences/beliefs are analyzed to test effects of shared versus common knowledge. Thus qualifying questionnaire content and direct team collection are both documented, irrespective of the additional karaoke experiment."
85006973897,10.1016/j.evolhumbehav.2016.09.002,Evolution and Human Behavior,2017,The impact of friend-or-foe cues and survival pressure on trust in the investment game,YES,"[{""quote"": ""In the present study, the investment game was conducted in the form of a survey"", ""location"": ""Text segment 4, Study 2—Procedure"", ""source"": ""main""}, {""quote"": ""Participants were randomly assigned to one of the two conditions"", ""location"": ""Text segment 4, Study 2—Design"", ""source"": ""main""}]","Study 2 explicitly administers the team's investment-game questionnaire to 97 students, randomly varying whether the hypothetical counterpart is called a partner or opponent. Participants answer how much they would send and how much they expect to receive back. These are questionnaire intentions/preferences and beliefs under manipulated scenarios, meeting criterion 2, and the described study-specific assignment, administration and payment establish team collection under criterion 1. This component suffices regardless of the actual monetary game in Study 1; Study 3 additionally varies survival scenarios before the hypothetical questionnaire."
84973560772,10.1016/j.evolhumbehav.2016.05.002,Evolution and Human Behavior,2016,Young children discriminate genuine from fake smiles and expect people displaying genuine smiles to be more prosocial,YES,"[{""quote"": ""Which picture of her/him do you like better?"", ""location"": ""Text segment 4, Study 2 Procedure"", ""source"": ""main""}, {""quote"": ""Which one of them will give you stickers?"", ""location"": ""Text segment 7, Study 5 Procedure"", ""source"": ""main""}]","The team recruited kindergarten children and directly administered repeated standardized questions with picture-choice responses. Study 2 asks children to state their preferences between depicted people, while Study 5 asks their expectations of generosity across four pairs. Those structured elicited preferences and social beliefs meet the current broad questionnaire criterion, despite administration as developmental experiments and use of pointing responses. The other smile-discrimination and eye-tracking tasks are not needed to establish eligibility."
85212278265,10.1177/00144029241300518,Exceptional Children,2025,A Descriptive Portrait of the Paraeducator Workforce in Washington State,NO,"[{""quote"": ""a publicly-available administrative data source collected by the Washington Ofﬁce of Superintendent of Public Instruction"", ""location"": ""PDF page 5, Data Source and Sample"", ""source"": ""main""}, {""quote"": ""For all research questions, we conducted descriptive longitudinal analyses"", ""location"": ""PDF page 7, Analysis"", ""source"": ""main""}]","All four research questions use publicly available administrative workforce records (Washington S-275), merged with externally produced NCES school-universe and state report-card data. The components describe workforce demographics/salaries, staffing ratios, turnover and differences across school contexts; these are derived from records rather than author-administered questionnaires about attitudes, experiences or reported behavior. The complete methods/analysis account and closing discussion were inspected and establish that no original questionnaire collection occurs. Neither qualifying team collection nor questionnaire response content is present."
85159724310,10.1177/00144029231172175,Exceptional Children,2024,A Meta-Analysis on Behavioral Support Training and General Education Teacher Implementation,NO,"[{""quote"": ""Data extraction consisted of uploading screenshots of all eligible graphs and separate screenshots of each tier of the design into Plot Digitizer."", ""location"": ""PDF page 7, Teacher and Student Outcome Data"", ""source"": ""main""}]","The reported research extracts and codes 26 existing single-case studies of behavioral-support training. Teacher/student observations are digitized from published graphs, and study characteristics and quality are coded from articles. All components—effect-size calculations, random-effects synthesis, domain subanalyses, moderator regressions and modeling-plus-feedback follow-up—use these extracted data. Research-assistant training is for extraction, not a new participant study. No team-collected or commissioned questionnaire responses are analyzed; the article is a meta-analysis and fails both criteria."
85143585833,10.1177/00144029221141029,Exceptional Children,2023,Quality Indicators of Secondary Data Analyses in Special Education Research: A Preregistration Guide,NO,"[{""quote"": ""we provide examples from a sampling of published studies based on NLTS2 and NLTS2012 data"", ""location"": ""PDF page 4, Proposed Quality Indicators"", ""source"": ""main""}]","The article proposes methodological quality indicators and examines their reporting in published secondary analyses of NLTS data. Its empirical component is a review/coding of articles, with supplement search criteria and bibliographic lists, rather than a survey of participants or researchers. Questionnaire items and survey procedures appear as examples from external NLTS datasets and cited papers. No study collecting or reusing this team's own qualifying questionnaire responses is reported."
85128207286,10.1177/00144029211073524,Exceptional Children,2022,Mind the Gap: Measuring Academic Underachievement Using Stochastic Frontier Analysis,NO,"[{""quote"": ""The dataset, SiBO (Schoolloopbanen in het Basisonderwijs)"", ""location"": ""PDF page 6, Data"", ""source"": ""main""}, {""quote"": ""for me, there is no better job than being a teacher."", ""location"": ""PDF page 7, Data: teacher motivation measure"", ""source"": ""main""}, {""quote"": ""De medewerkers van SiBO zijn: Frederik Maes"", ""location"": ""PDF page 2 (printed 94), SiBO staff and Cel SiBO"", ""source"": ""https://www.steunpuntwerk.be/files/publications/OW/OW_2002_4/overwerk_2002_4_21.pdf""}]","The article fits stochastic-frontier models to the existing 2002-2011 SiBO longitudinal dataset. Teacher motivation and reported extra work hours constitute qualifying attitudes/behavior, alongside parent questionnaires and pupil tests, but these responses come from the external SiBO collection. The inspected original program description identifies its government-funded consortium, separate scientific leadership and named collection staff; none of the article authors is named in that team. Main data/methods and overall, subgroup, class-size and sensitivity analyses all use the same SiBO sample, with no separate original collection described. Thus this is secondary analysis of independently collected responses, not documented reuse of the authors’ own collection. Source reviewed is the publisher-formatted online-first version with pages 1-18."
85106617011,10.1177/00144029211017463,Exceptional Children,2021,A Mixed-Methods Analysis of State-Level Population Data for Students With Visual Impairment and Blindness,YES,"[{""quote"": ""The third question was open-ended, asking respondents how the total population data were collected and verified."", ""location"": ""PDF page 3, Method—State Survey"", ""source"": ""main""}, {""quote"": ""Responses were solicited via email"", ""location"": ""PDF page 3, Method—State Survey"", ""source"": ""main""}]","The team administered a three-question state survey via email and formal requests in 2019–2020. Beyond requesting administrative counts, the questionnaire asked respondents to report their data-collection and verification practices; these reported-behavior responses were summarized in the results. This establishes both team collection and questionnaire content. The focus-group component also included a written survey and subsequent five-point agreement ratings about whether findings captured participants' views. The presence of administrative records and qualitative discussions does not negate these qualifying questionnaire responses."
85085369805,10.1177/0014402920924851,Exceptional Children,2020,Paths 2 the Future: Evidence for the Efficacy of a Career Development Intervention for Young Women With Disabilities,YES,"[{""quote"": ""We developed a web-based survey"", ""location"": ""PDF page 5, Measures"", ""source"": ""main""}, {""quote"": ""I plan to continue my education following high school"", ""location"": ""PDF page 6, Future Aspirations and Goals scale"", ""source"": ""main""}]","The team's school intervention study collected four waves of its own web questionnaire, with trained teachers and research members overseeing administration. It asked future goals, work experiences, autonomy, self-efficacy, peer support and career expectations through structured answers and rating scales. These directly satisfy the substantive-response criterion, and the recruitment, training and administration described in the methods establish the team's collection responsibility."
85052582029,10.1177/0014402918789162,Exceptional Children,2019,Racing Against the Vocabulary Gap: Matthew Effects in Early Vocabulary Instruction and Intervention,UNCLEAR,"[{""quote"": ""they described themselves as White"", ""location"": ""PDF page 6, Participants: teacher and interventionist descriptions"", ""source"": ""main""}, {""quote"": ""We observed teachers at least three times"", ""location"": ""PDF page 7, Fidelity of Implementation"", ""source"": ""main""}, {""quote"": ""assessment were administered to students individually by trained research staff"", ""location"": ""PDF page 8, Data Collection and Scoring"", ""source"": ""main""}]","The authors clearly collected their own efficacy and replication data. Student outcomes are receptive vocabulary, word definitions and listening-comprehension performance; fidelity measures are researcher observations, so these components do not constitute qualifying questionnaire responses. However, the participant account also reports teachers’ and interventionists’ self-described ethnicity, gender and education without explaining whether these were obtained through a questionnaire or another procedure. The exact prompt has no categorical demographic-only exclusion, so this potentially relevant component cannot be dismissed solely for its topic. All described procedures/measures were inspected; the cited fuller Coyne 2016 account is a conference presentation, and targeted searches did not locate its text. Questionnaire use for the self-report component remains unresolved; therefore UNCLEAR rather than assuming a questionnaire or treating missing procedural detail as NO. Publisher-formatted article obtained from ERIC."
85047438205,10.1177/0014402918772791,Exceptional Children,2018,Evaluating the effects of supplemental reading intervention within an MTSS or RTI reading reform initiative using a regression discontinuity design,YES,"[{""quote"": ""When surveyed using the Planning and Evaluation Tool for Effective Schoolwide Reading Programs-Revised"", ""location"": ""PDF page 5, Method—Participants—Schools"", ""source"": ""main""}]","Beyond reading-performance tests, the methods report a PET-R survey of teachers and administrators in the four participating schools, whose responses characterize whether research-supported core reading instruction was in place. These are questionnaire reports about school instructional practices, used in describing the study context. Collection is clearly implied within the jointly implemented state/research-team initiative: the team and state collaborated in staffing, selecting the intervention and establishing school procedures, and the survey is reported as an assessment of this same participating-school sample, not as an external secondary dataset. This component meets both criteria even though the primary outcomes are DIBELS and reading-comprehension performance and quantitative intervention-fidelity data were unavailable."
85032205600,10.1177/0014402917690729,Exceptional Children,2017,"Too stressed to teach? Teaching quality, student engagement, and IEP outcomes",YES,"[{""quote"": ""subjective level of general burnout with teaching"", ""location"": ""PDF page 6, Teacher burnout"", ""source"": ""main""}, {""quote"": ""by an evaluator with research reliability (second author)"", ""location"": ""PDF page 5, Method"", ""source"": ""main""}]","This secondary analysis uses two COMPASS trials conducted by members of the present author team, with the second author explicitly involved in original participant assessment and recruitment procedures described in the methods. Teachers completed the 22-item Maslach burnout survey and 43-item teaching-stress instrument before randomization, rating their own feelings and distress. These are the team's documented earlier questionnaire responses and meet both conditions; observation-based teaching and pupil outcomes are additional measures."
84984652706,10.1177/0014402915619419,Exceptional Children,2016,English learner and non-English learner students with disabilities: Content acquisition and comprehension,YES,"[{""quote"": ""This article reports on a subgroup of students from a larger study"", ""location"": ""PDF page 5, Method"", ""source"": ""main""}, {""quote"": ""with most of the Hispanics identifying as White race"", ""location"": ""PDF page 6, Participants"", ""source"": ""main""}, {""quote"": ""a student survey administered at pretest"", ""location"": ""PDF page 4, Setting and Participants: Students"", ""source"": ""https://meadowscenter.org/wp-content/uploads/2022/04/Vaughn-20171.pdf""}, {""quote"": ""many students identified themselves as multiracial"", ""location"": ""PDF page 4, Setting and Participants: Students"", ""source"": ""https://meadowscenter.org/wp-content/uploads/2022/04/Vaughn-20171.pdf""}]","The main educational outcomes are tests and researcher observations. A qualifying ancillary component is established by the cited original report of the same research team’s PACT cohort: the team administered a student pretest survey, including home-language behavior and racial self-identification, with demographic responses tabulated. The present article explicitly reanalyzes the disabilities subgroup of that cohort and uses students’ racial/ethnic self-identification in its sample description and demographic balance comparison. Thus the currently used participant self-description responses are documented own-team questionnaire responses, although not the main outcome. Under the exact prompt there is no primary-survey or demographic-only exclusion. Teacher reports of training experience also appear in the main text but their format need not be inferred for this decision. Boundary case for independent review; publisher-formatted ERIC copy has one cover sheet."
105023854373,10.1017/eec.2024.7,Experimental Economics,2025,Gender differences in the self-promotion of prosocial behaviour: exploring the female modesty constraint,YES,"[{""quote"": ""we ran an additional survey of 101 respondents (51 male and 50 female)"", ""location"": ""PDF page 12, Explanations for behaviour, section 4.1"", ""source"": ""main""}, {""quote"": ""to identify the message which was more modest"", ""location"": ""PDF page 12, section 4.1"", ""source"": ""main""}]","The team explicitly ran an additional survey of 101 people from its experimental subject pool. Respondents evaluated hypothetical Facebook donation messages, selected which was more justified/modest and which they would post, and rated modesty on a 0–100 scale. These study-specific ratings, judgments and intentions satisfy both collection responsibility and questionnaire content. The broader experiment also used Qualtrics and collected beliefs about others' donations/self-promotion and self-reported Facebook usage, but the supplementary survey alone is sufficient."
85153358087,10.1007/s10683-023-09802-0,Experimental Economics,2024,Credibility in second-price auctions: an experimental test,NO,"[{""quote"": ""Subjects play 10 rounds in an experimental session"", ""location"": ""PDF page 6, Experimental design"", ""source"": ""main""}, {""quote"": ""To elicit risk attitudes, we use an investment task"", ""location"": ""PDF page 8, footnote 12"", ""source"": ""main""}]","The authors recruit participants for auction games, including the three main formats and a later no-rules treatment. The additional elicitation components are incentivized investment decisions and a paid number-reporting honesty task; instruction quizzes test comprehension. These record behavior in laboratory tasks, rather than a questionnaire asking substantive attitudes, beliefs, experiences or intentions. Beliefs about sellers are inferred from bidding instead of directly surveyed. No qualifying questionnaire is reported across the inspected main, follow-up and ancillary procedures."
85147347965,10.1007/s10683-023-09791-0,Experimental Economics,2023,Principal’s distributive preferences and the incentivization of agents,YES,"[{""quote"": ""We ran the experiment at the Laboratoire d’Economie Experimentale de Paris"", ""location"": ""PDF page 6, Lab setting"", ""source"": ""main""}, {""quote"": ""we elicit their beliefs about the effort level chosen by the workers"", ""location"": ""PDF page 9, Belief elicitation"", ""source"": ""main""}]","The team ran and recruited its own 339-person computerized laboratory study. Beyond incentivized effort/contract decisions, principals answered a structured sequence of questions predicting each worker’s effort under each piece rate. These elicited participant beliefs are explicitly analyzed to distinguish distributive preferences from expectations about others’ behavior. The belief-response component therefore meets both questionnaire-content and own-collection criteria; monetary incentives and embedding in an economic laboratory experiment do not negate eligibility. The classification is based on the belief questions, not merely observing game choices."
85109161234,10.1007/s10683-021-09724-9,Experimental Economics,2022,Flip a coin or vote? An experiment on the implementation and efficiency of social choice mechanisms,YES,"[{""quote"": ""Subjects indicated on an 11-point scale from 0 to 10 how risk tolerant they considered themselves to be"", ""location"": ""Supplement PDF page 19 (printed page 18), Appendix B.3 Relation with demographic variables"", ""source"": ""https://media.springernature.com/original/springer-static/esm/art%3A10.1007%2Fs10683-021-09724-9/MediaObjects/10683_2021_9724_MOESM1_ESM.pdf""}, {""quote"": ""We conducted nine sessions with 6–24 subjects, resulting in 150 participants"", ""location"": ""PDF page 10, Procedures"", ""source"": ""main""}]","The main article describes the team's laboratory sessions, while inspected Appendix B.3 supplies decisive questionnaire evidence. After the experiment, the team administered a questionnaire asking participants about political orientation and self-rated willingness to take risks, alongside demographics. The supplement analyzes these responses in regressions of mechanism support and strategies. Thus the same team collected qualifying attitude/preference self-reports and used them in this research. Eligibility does not depend on treating the laboratory mechanism-choice game itself as a survey. The public supplementary PDF was downloaded and its inspected pages are recorded in a support receipt."
85097507101,10.1007/s10683-020-09690-8,Experimental Economics,2021,Sharing or gambling? On risk attitudes in social contexts,YES,"[{""quote"": ""Participants were also asked to fill out a questionnaire after part 5"", ""location"": ""PDF page 12, Experimental procedures"", ""source"": ""main""}, {""quote"": ""a short description of motivations for decisions in the experiment"", ""location"": ""PDF page 12, Experimental procedures"", ""source"": ""main""}]","The team recruited and ran 216 participants in its own laboratory study and explicitly administered a post-experiment questionnaire asking motivations for their choices, in addition to demographics. That elicitation concerns participants' reported decision reasons and experiences. The methods also identify a structured social-value-orientation questionnaire and repeated preference choices. The questionnaire component establishes both required conditions even though the central outcomes are incentivized decisions."
85066789711,10.1007/s10683-019-09616-z,Experimental Economics,2020,‘Everybody’s doing it’: on the persistence of bad social norms,YES,"[{""quote"": ""subjects filled out a short questionnaire before they were paid"", ""location"": ""PDF page 13, Experimental design"", ""source"": ""main""}, {""quote"": ""the primary means of expectation formation in the answers to the questionnaire"", ""location"": ""PDF page 18, Results: Communication treatment"", ""source"": ""main""}]","The research team conducted its own laboratory experiment with 346 Amsterdam participants. In addition to coordination-game choices, participants completed a postexperiment questionnaire. The results explicitly use these responses to identify how participants formed expectations, particularly their reliance on the bulletin board. These are self-reports about beliefs and decision behavior, collected by the same team and used in the article. That ancillary questionnaire establishes YES; the game choices alone are not the basis of eligibility."
85071366105,10.1007/s10683-017-9559-7,Experimental Economics,2019,Reference point effects in legislative bargaining: experimental evidence,NO,"[{""quote"": ""In each stage of the bargaining process all subjects submitted a proposed policy along with a distribution of cash or taxes"", ""location"": ""PDF page 7, Experimental procedures"", ""source"": ""main""}]","The team conducted laboratory bargaining sessions and reused its earlier Baseline/Gains sessions, so ownership of the experimental choices is established. However, the responses are strategic proposals and accept/reject votes in repeated monetary bargaining, with randomly assigned player types, ideal locations and payoff functions. They are observed game actions rather than questionnaire reports of participants' attitudes, beliefs, preferences or experiences. The inspected supplement contains all-stage/session-level robustness results, coalition analyses, and full Costs/Gains instructions; none adds a questionnaire component. Criterion 2 fails across the reported research. The dead author instruction URL and successful publisher-supplement inspection are separately recorded."
85034101287,10.1007/s10683-017-9556-x,Experimental Economics,2018,Status and the demand for visible goods: experimental evidence on conspicuous consumption,YES,"[{""quote"": ""We measured experienced welfare by asking participants to rate their overall mood"", ""location"": ""PDF page 22, experienced welfare analysis"", ""source"": ""main""}, {""quote"": ""answer the survey questionnaire while their payoffs were calculated"", ""location"": ""PDF page 23, footnote 9"", ""source"": ""main""}]","In the authors' own chocolate-demand experiment, participants answered a concluding survey including reported employment/work hours and a seven-point overall mood rating, with mood analyzed as experienced welfare. The paper explicitly describes authors asking these questions and timing questionnaire administration around payoff calculation. These author-collected reports of experience and behavior satisfy both conditions, independently of the incentivized consumption and risk-choice tasks."
84994692038,10.1007/s10683-016-9500-5,Experimental Economics,2017,"Asymmetric firms, technology sharing and R&D investment",NO,"[{""quote"": ""There were 16 decision periods in each session"", ""location"": ""PDF page 11, Experimental design"", ""source"": ""main""}, {""quote"": ""two decision variables: the sharing decision and investment in knowledge"", ""location"": ""PDF page 12, Results"", ""source"": ""main""}]","The authors collected original laboratory data from 120 students, but the full experimental procedure comprises payoff-consequential choices to enter a technology-sharing agreement and choose investment amounts. These are economic game actions rather than questionnaire reports of attitudes, beliefs, experiences or intentions. Inspection of all three treatments, sharing/investment outcomes, dynamic sensitivity checks, welfare calculations and appendix QRE/regression components found no ancillary questionnaire or direct belief elicitation. References to beliefs in the discussion interpret observed investment behavior, not collected belief answers. Own collection is met, qualifying questionnaire use is not."
84930531485,10.1007/s10683-015-9447-y,Experimental Economics,2016,Cancelling out early age gender differences in competition: an analysis of policy interventions,YES,"[{""quote"": ""for each stage subjects had to indicate their expected rank within the group of six members."", ""location"": ""PDF page 6, Stage 3 belief elicitation"", ""source"": ""main""}, {""quote"": ""We ran experiments in four different Tyrolean secondary schools."", ""location"": ""PDF page 7, Experimental procedures"", ""source"": ""main""}]","The authors ran and randomly assigned their school experiments with 588 pupils. Alongside arithmetic and tournament tasks, they asked all participants to report their expected relative rank for two prior stages before receiving outcome feedback. These are structured responses about beliefs/confidence, not objective performance scores, and the paper analyzes them in its gender-confidence comparisons and competition-entry regressions. The team explicitly elicited these belief responses, so both criteria are met within the broader laboratory-style school experiment."
105002593954,10.1037/hea0001496,Health Psychology,2025,Long-Term Discrimination Effects on Adolescent Health Behaviors and Well-Being in Four Countries,YES,"[{""quote"": ""How often do you feel discriminated against or treated unfairly"", ""location"": ""PDF page 9, Perceived Discrimination"", ""source"": ""main""}, {""quote"": ""under the direction of the project's prinicpal investigator Frank Kalter"", ""location"": ""Organization page, original study coordination paragraph"", ""source"": ""https://www.cils4.eu/index.php?Itemid=5&id=6&option=com_content&view=article""}]","The article analyzes CILS4EU adolescents' discrimination, health behavior and life-satisfaction questionnaire responses from its first three waves. Coauthor Frank Kalter is documented by the official project Organization page as one of the original German study conductors and as the principal investigator directing coordination; thus at least the German responses are reuse of the team's own collection. The main methods specify paper, telephone and online questionnaires and substantive experiences/behavior ratings. The main source is an author manuscript with unverified final-version equivalence."
85195607073,10.1037/hea0001382,Health Psychology,2024,Sex-Specific Associations Between Childhood Trauma and Adult Systemic Inflammation in Daily Life,YES,"[{""quote"": ""The Childhood Trauma Questionnaire (CTQ) was completed at this visit."", ""location"": ""Segment 2, Procedure: visit 4"", ""source"": ""main""}, {""quote"": ""28 items assessing child abuse and neglect"", ""location"": ""Segment 2, Measures: Childhood Trauma Questionnaire"", ""source"": ""main""}]","The team’s SHINE study enrolled Pittsburgh adults and administered laboratory visits, psychosocial questionnaires and ambulatory monitoring; 283 participants form the present analysis. At visit 4 participants completed the 28-item CTQ with five-point ratings of childhood abuse and neglect. These are structured retrospective experience reports, analyzed as predictors of adult inflammation and biological pathways. Own protocol administration and qualifying questionnaire content are directly established despite the clinical/biomarker components. Reviewed PMC author manuscript; published-version equivalence is unverified."
85151864291,10.1037/hea0001268,Health Psychology,2023,Mediation Analysis of Conspiratorial Thinking and Anti-Expert Sentiments on Vaccine Willingness,YES,"[{""quote"": ""All authors contributed to the study conception, design, and data collection."", ""location"": ""PDF page 2, Author Note"", ""source"": ""main""}, {""quote"": ""Participants were asked to rate how much they trusted institutions"", ""location"": ""PDF page 13, Measures—Trust"", ""source"": ""main""}]","The author note explicitly documents all authors' participation in collection of the COVIDiSTRESS II Global Survey. The paper analyzes those same responses, including vaccine willingness/attitudes, institutional trust, conspiratorial thinking and anti-expert sentiment, measured by questionnaire rating scales. Thus both team collection and questionnaire content are established, despite open availability of the previously collected dataset. This review uses the author manuscript carrying a not-copy-of-record disclaimer; final-version equivalence has not been checked."
85149625307,10.1037/hea0001245,Health Psychology,2022,Parental Knowledge/Monitoring and Adolescent Substance Use: A Causal Relationship?,YES,"[{""quote"": ""youth rated the following four items on a five-point Likert scale"", ""location"": ""Text segment 3, Measurement of Youth-Perceived Parental Knowledge/Monitoring"", ""source"": ""main""}, {""quote"": ""Sandra A. Brown, Ph.D. UC San Diego Principal Investigator/Co-Director"", ""location"": ""Official consortium roster PDF page 2, Coordinating Center table"", ""source"": ""https://abcdstudy.org/wp-content/uploads/2019/04/Consortium_Members.pdf""}]","The analysis uses seven ABCD pandemic questionnaire waves assessing adolescents' perceived parental monitoring, substance use and other experiences. Official consortium documentation establishes current coauthors Brown and Tapert as the coordinating principal investigator/co-director and assessment associate director, respectively, with Pelham also on that team. Together with the main description of consortium-designed/implemented collection, this documents author-team responsibility for these previously collected responses rather than unrelated secondary users. Main text is an author manuscript with unverified published-version equivalence."
85121869038,10.1037/hea0001132,Health Psychology,2021,Trajectories of Resilience and Posttraumatic Stress in Childhood Cancer: Consistency of Child and Parent Outcomes,YES,"[{""quote"": ""For the current study we obtained follow-up assessments of PTSS from children and parents"", ""location"": ""Segment 2, current-study description"", ""source"": ""main""}, {""quote"": ""children rating their agreement on a 4-point Likert scale"", ""location"": ""Segment 3, Youth Life Orientation Test"", ""source"": ""main""}]","The authors recruited child cancer patients and parents at St. Jude, administered baseline measures in person and obtained 1-, 3- and 5-year follow-up responses in person or by mail. The analyzed questionnaires include trauma symptoms, experienced life events, optimism, affect and perceived parenting. These are structured experience, belief and attitude reports, including the same team’s earlier baseline responses, and are used to model resilience/PTSS trajectories. Both criteria are clear from procedures and measures. Reviewed PMC author manuscript; equivalence to final version is unverified, with indexed 2021 publication and April 2022 issue date preserved."
85091611602,10.1037/hea0001027,Health Psychology,2020,Role of childhood maltreatment on weight and weight-related behaviors in adulthood.,NO,"[{""quote"": ""The present study relies on data from Wave III for dependent and key independent variables."", ""location"": ""Text segment 2, Methods—Data and Sample"", ""source"": ""main""}]","All reported empirical components analyze existing Add Health Waves I and III: maltreatment, weight perceptions, weight-control behaviors, childhood covariates, sex-specific models and sensitivity checks. These are qualifying questionnaire reports, but the source identifies an independently conducted longitudinal survey, with collection/consent managed at UNC and research-design attribution to Harris and colleagues; the current Pennsylvania State analysis does not report collecting or commissioning those responses. The acknowledgment explicitly distinguishes this analysis from the Add Health project. No separate author-run questionnaire component appears in the methods or analytical plan. Thus collection responsibility fails. Reviewed PMC author manuscript; final-version equivalence is unverified."
85065151575,10.1037/hea0000685,Health Psychology,2019,Interviewer-versus self-administration of PROMIS® measures for adults with traumatic injury,YES,"[{""quote"": ""Participants within each stratification group were randomly assigned to one of two PROMIS administration conditions"", ""location"": ""Text segment 3, Method"", ""source"": ""main""}, {""quote"": ""How fatigued were you on average?"", ""location"": ""Text segment 3, Table 1"", ""source"": ""main""}]","The team recruited injured adults across five rehabilitation centers and randomized its participants to online self-administration or trained interviewer administration of PROMIS forms. The identical structured items assess symptoms, feelings, everyday functioning and emotional support, with sample questions provided. The detailed study-specific recruitment and administration clearly imply team collection responsibility for these experiential questionnaire responses. Either administration mode qualifies under the current criteria. The inspected source is an author manuscript."
85046144408,10.1037/hea0000614,Health Psychology,2018,"Stress-related eating, mindfulness, and obesity",NO,"[{""quote"": ""the MIDUS dataset is publicly available and de-identified"", ""location"": ""Segment 2, Method: Dataset"", ""source"": ""main""}, {""quote"": ""The MIDUS researchers received IRB approval from the University of Wisconsin-Madison"", ""location"": ""Segment 2, Method: Dataset"", ""source"": ""main""}]","All empirical components use the public de-identified MIDUS II dataset, independently collected in 2004-2006 through phone and paper questionnaires. Stressful experiences, psychosocial strain, stress-related eating and mindfulness clearly satisfy questionnaire content, but the article distinguishes the original MIDUS researchers from the current secondary analysts and reports no team collection or commissioning. The complete dataset, measures and analysis plan cover descriptive comparisons, regressions, mediation and moderation using the same 3708-person source. No additional original response collection is reported. Reviewed PMC author manuscript; published-version equivalence unverified."
85014675408,10.1037/hea0000466,Health Psychology,2017,Revisiting the lack of association between affect and physiology: Contrasting between-person and within-person analyses,YES,"[{""quote"": ""Participants reported how angry they felt on a 1 (not at all) to 7 (very much) scale"", ""location"": ""PDF page 4, Materials"", ""source"": ""main""}]","The current analyses reuse repeated self-reported anger responses collected in the team's Cornell laboratory study of 60 paid community participants in 2004–2005. Methods identify the earlier report as Gerin et al. (2006), with Gerin also an author of this paper, describe recruitment and experimenter procedures, and explicitly select the no-distraction condition for the current analyses. This documents own earlier data reuse rather than merely citing previous findings. Participants rated their experienced anger repeatedly on a seven-point scale; the present between-person and within-person analyses directly use those ratings. Thus both team collection responsibility and qualifying questionnaire experiences/ratings are met, despite the accompanying physiological measures."
84946434332,10.1037/hea0000286,Health Psychology,2016,Examining the relationship between daily changes in support and smoking around a self-set quit date,YES,"[{""quote"": ""couples completed end-of-day diaries for 32 days"", ""location"": ""PDF page 6, Design and Participants"", ""source"": ""main""}, {""quote"": ""Did you smoke today (including only one puff)?"", ""location"": ""PDF page 6, Measures"", ""source"": ""main""}]","The study team recruited smoking/non-smoking couples into its DIRECT project, obtained consent, provided smartphones and compensation, and collected repeated diary questionnaires. Participants reported cigarettes smoked and rated the emotional/instrumental support they received or provided each day. These are author-collected structured reports of behavior and experience, satisfying both criteria. The inspected manuscript has unverified final-version equivalence and a different author order from the bibliographic record."
105000391098,10.1037/apl0001274,Journal of Applied Psychology,2025,After Shocks: The Effects of Internal Sourcing on Voluntary Turnover,YES,"[{""quote"": ""300 working adults in the US recruited in July 2023 through Prolific Academic"", ""location"": ""PDF page 16 (manuscript 14), Study 2 Sample"", ""source"": ""main""}, {""quote"": ""participants indicated agreement with the following statements"", ""location"": ""PDF page 18 (manuscript 16), Turnover intentions"", ""source"": ""main""}]","Study 2 directly qualifies: the team recruited and paid 300 Prolific participants (284 analyzed), randomized internal versus external hiring scenarios and collected seven-point reports of employment threat, organizational support and turnover intentions plus a hypothetical quitting choice. These beliefs and intentions are analyzed as outcomes and mediators. The main methods establish original collection and survey-experiment use; a described 2024 replication is not necessary for eligibility. Reviewed accepted pre-proof manuscript, explicitly not the APA copy of record; final-version equivalence remains unverified."
85211581062,10.1037/apl0001204,Journal of Applied Psychology,2024,"Work–Family Conflict and Strain: Revisiting Theory, Direction of Causality, and Longitudinal Dynamism",YES,"[{""quote"": ""The 1-day, 1-week, and 1-month panels were collected specifically for this study."", ""location"": ""PDF page 18, Population and Sample"", ""source"": ""main""}, {""quote"": ""Work-family conflict was assessed using three or five items"", ""location"": ""PDF page 19, Measures"", ""source"": ""main""}]","The team conducted five longitudinal surveys and commissioned three German market research institutes to collect responses, explicitly including three panels collected specifically for this study. Those panels alone establish collection responsibility irrespective of the earlier larger projects. Respondents rated their own work-family conflict, exhaustion, perceived stress and daily affective rumination using agreement or frequency scales; Methods gives the items and response anchors. These experienced states and reported behavior satisfy the questionnaire criterion, and the paper directly analyzes their repeated responses. Reviewed accepted author version; published-version equivalence is unverified."
85183185776,10.1037/apl0001157,Journal of Applied Psychology,2023,Reciprocal Relationships Between Narcissism and Agentic Versus Communal Work Activities Across the First 6 Years of the Career,YES,"[{""quote"": ""we conducted an additional validation study"", ""location"": ""PDF page 17, Measures: Narcissism"", ""source"": ""main""}, {""quote"": ""I know that I am special because everyone keeps telling me so"", ""location"": ""PDF page 17, example narcissism item"", ""source"": ""main""}]","The article reports repeated online personality/work-activity questionnaires in an alumni follow-up and, decisively, an additional 400-person validation study explicitly conducted by the authors. That validation administers their Dutch SD3 narcissism questionnaire together with NPI and NARQ self-report instruments and reports scale correlations. Thus at least that study clearly combines team-collected responses with questionnaire items about self-beliefs and personality-related experiences. The inspected source is an in-press author manuscript."
85123879387,10.1037/apl0000851,Journal of Applied Psychology,2022,Do Financial Incentives Help or Harm Performance in Interesting Tasks?,NO,"[{""quote"": ""coded all studies for moderators and effect sizes"", ""location"": ""PDF page 5, Variable Definitions and Coding, reading-order extraction"", ""source"": ""main""}, {""quote"": ""We conducted a random effects meta-analysis of effect sizes"", ""location"": ""PDF page 5, Meta-Analytical Procedures, reading-order extraction"", ""source"": ""main""}]","This article is entirely a meta-analysis of existing incentive-performance studies, combining earlier syntheses with newly located published/unpublished studies. Authors code effect sizes and moderators, including autonomy, task interest and incentive intensity; the autonomy items are a coding scheme applied to study descriptions, not questionnaires administered to new participants. Methods, all moderator/meta-regression results, robustness descriptions and concluding research agenda were inspected. No qualifying original or own-team reused participant questionnaire set is analyzed. Both new study collection responsibility and qualifying questionnaire responses are absent."
85090309545,10.1037/apl0000820,Journal of Applied Psychology,2021,Individualized pay-for-performance arrangements: Peer reactions and consequences.,NO,"[{""quote"": ""The firm that provided our data also distributed an employee engagement survey in 2007, and 759 surveys were received."", ""location"": ""PDF page 22, Appendix B—Qualitative Analysis of Information Flow"", ""source"": ""main""}]","Main methods, all measures, supplementary analyses and Appendix B show archival company pay/performance records, plus a pre-existing company employee engagement/satisfaction survey and semiformal qualitative interviews used to establish awareness of colleagues' pay. The employee survey includes qualifying perceived-pay comparisons and comments, but the firm supplied it; the researchers describe their data as archival and anonymized and explicitly deny researcher contact with the subjects. This supports independent company collection, not collection or commissioning of those questionnaire responses by this research team. The described semiformal interviews are qualitative contextual evidence, with no structured questionnaire ratings/choices documented. The main growth models, alternative measures, aggregate-unit outcomes and difference-in-differences checks all use the archival performance records. No component establishes both required criteria."
85075710100,10.1037/apl0000458,Journal of Applied Psychology,2020,Anger as a trigger for information search in integrative negotiations,YES,"[{""quote"": ""Participants were recruited from Amazon’s Mechanical Turk platform"", ""location"": ""PDF page 5, Pilot Study A: Participants and procedure"", ""source"": ""main""}, {""quote"": ""I tried to understand the person’s reaction"", ""location"": ""PDF page 5, Information search"", ""source"": ""main""}]","Pilot Study A clearly qualifies on its own: the authors recruited and paid 50 MTurk respondents to recall negotiation experiences and answer structured Likert questions about partners' emotions, their own information seeking, perspective taking and reactions. These are the team's own collected questionnaire reports of experiences and behavior. The main article reports the resulting analyses; subsequent experiments are not necessary to establish at least one eligible study."
85055128434,10.1037/apl0000365,Journal of Applied Psychology,2019,The Geneva Emotional competence test (GECo): An ability measure of workplace emotional intelligence,YES,"[{""quote"": ""This questionnaire was administered using the LimeSurvey software"", ""location"": ""PDF page 8, Study 1 Participants and procedure, reading-order extraction"", ""source"": ""main""}, {""quote"": ""respondents rate how often they generally have certain thoughts when experiencing negative events"", ""location"": ""PDF page 8, CERQ measure, reading-order extraction"", ""source"": ""main""}]","Study 1 alone meets both criteria: the authors recruited and paid 149 Geneva students and administered their own LimeSurvey questionnaire before laboratory testing. The questionnaire includes reported emotion-regulation thoughts/behavior and Big Five self-ratings, which are analyzed for GECo construct validity. These structured experience and self-perception reports qualify even though the principal instrument is an ability test. The actual methods establish own collection and qualifying content without requiring inference from the remaining four validation studies."
85049007770,10.1037/apl0000326,Journal of Applied Psychology,2018,Nonlinear consequences of promotive and prohibitive voice for managers' responses: The roles of voice frequency and LMX,YES,"[{""quote"": ""The fourth author and his assistants conducted the pencil and paper surveys in each branch in two time waves."", ""location"": ""PDF page 17, Study 1 Method—Sample and procedure"", ""source"": ""main""}]","Study 1 alone meets both criteria. The author and assistants personally administered two waves of paper questionnaires to bank employees and their managers, collecting responses directly on site. Employees rated their experienced working relationships with supervisors on the LMX scale; managers rated observed voice behavior and their beliefs about employees' promotability with frequency and agreement scales. The current study analyzes these responses from 147 employees and 31 managers. The broader data-collection effort is explicitly the team's own, and paper administration is eligible under the current criteria. Reviewed pre-published author manuscript; equivalence to the final published version is unverified."
85029581651,10.1037/apl0000260,Journal of Applied Psychology,2017,"Ranking low, feeling high: How hierarchical position and experienced power promote prosocial behavior in response to procedural justice",YES,"[{""quote"": ""We collected our data via Flycatcher"", ""location"": ""PDF page 10, Study 1 Participants and procedure"", ""source"": ""main""}, {""quote"": ""We asked respondents to complete an online questionnaire"", ""location"": ""PDF page 10, Study 1 Participants and procedure"", ""source"": ""main""}]","Study 1 explicitly collects the authors' questionnaires through a Dutch panel and separately contacts nominated supervisors, yielding 201 employee-supervisor pairs. Employees report their experienced power and perceptions of procedural justice, and supervisors rate employees' workplace behavior. These substantive ratings and reports meet the questionnaire criterion and explicit author collection meets responsibility. At least this study qualifies without needing later experiments. The available source is an anonymized repository manuscript with unverified published-version equivalence."
84958877330,10.1037/apl0000048,Journal of Applied Psychology,2016,Gender differences in justice evaluations: Evidence from fMRI,UNCLEAR,"[{""quote"": ""screened a final time against a comprehensive list of medical and physical disqualifiers"", ""location"": ""PDF page 5, Participants, reading-order extraction"", ""source"": ""main""}, {""quote"": ""The results, reported in Dulebohn et al. (2009)"", ""location"": ""PDF page 7, footnote 2, reading-order extraction"", ""source"": ""main""}, {""quote"": ""a study unrelated to the current research"", ""location"": ""Method, Participants, printed page 143"", ""source"": ""https://www.researchgate.net/publication/46489120_The_biological_bases_of_unfairness_Neuroimaging_evidence_for_the_distinctiveness_of_procedural_and_distributive_justice""}]","The current research team collected fMRI and ultimatum-game decisions; these main measures do not qualify as questionnaire responses. The footnoted fairness ratings are explicitly results reported in the team’s earlier 2009 manipulation-check study, not a documented new analysis of those responses here. Inspection of that original report confirms a separate earlier fairness questionnaire and an unrelated recruitment survey, but neither demonstrates currently analyzed qualifying responses. The current study also screened participants against a comprehensive medical/physical list; neither inspected source specifies whether participant questionnaire answers were obtained and used for that screening, or whether screening involved another clinical procedure. Under the inclusive prompt, this format/use uncertainty prevents a definite NO; no component clearly meets both criteria, so UNCLEAR. Main participant procedures, outcomes, analysis and concluding limitations were inspected."
105002055210,10.1016/j.jbusres.2025.115352,Journal of Business Research,2025,Calibration experiments: An alternative to multi-method approaches for measurement validation in consumer research,NO,"[{""quote"": ""here we illustrate the advantages and shortcomings of both methods with a simulated comparison, based on our initial example of confidence measurement"", ""location"": ""Text segment 5, Section 6—Simulated comparison of MTMM and calibration"", ""source"": ""main""}]","This methodological article develops a calibration framework and compares it with MTMM using simulated data. The body explicitly identifies the numerical confidence/political-extremism comparison as a simulation, despite describing its hypothetical questionnaire and perceptual-task procedures in present tense. Sections 2–5 discuss published examples and measurement theory, Sections 7–8 give methodological implications, and Appendix A lists published calibration studies. The Xia example reports previously published psychophysiological results rather than newly collected or reused questionnaire responses, and citations to the authors' older studies do not establish current response reuse. No actual team-collected/commissioned human questionnaire data are used in the present research, so both criteria are not met."
85175143197,10.1016/j.jbusres.2023.114312,Journal of Business Research,2024,Determinants of effective HR analytics Implementation: An In-Depth review and a dynamic framework for future research,NO,"[{""quote"": ""We conducted a systematic literature review"", ""location"": ""Text segment 3, Systematic literature review"", ""source"": ""main""}, {""quote"": ""our resulting list of 89 studies formed a solid foundation for our research"", ""location"": ""Text segment 3, Literature reviewed"", ""source"": ""main""}]","The authors search bibliographic databases, select 89 publications and code determinants of HR-analytics implementation, then develop a theoretical framework and future research agenda. The coders are research personnel coding articles, not questionnaire respondents. Measures and surveys discussed are cited prior work or proposed future validation. No component reports analysis of qualifying questionnaire responses collected or commissioned by this team."
85154065516,10.1016/j.jbusres.2023.113980,Journal of Business Research,2023,An Artificial-Intelligence-Based omnichannel blood supply chain: A pathway for sustainable development,NO,"[{""quote"": ""Semi structured interviews were chosen as the data collection method"", ""location"": ""Segment 4, Data collection method"", ""source"": ""main""}, {""quote"": ""After collecting data from hospitals and the central blood bank"", ""location"": ""Segment 6, Prediction model and Machine learning"", ""source"": ""main""}]","The study has two components, both inspected. First, the team conducted seven flexible, probed qualitative interviews plus interview-protocol piloting/expert review, transcribed and thematically coded. These gather professional views but are explicitly qualitative interviews, not questionnaire responses. Second, the team developed and tested demand/inventory machine-learning models using hospital/blood-bank inventory records and donor contact/location information. The five-value categories described in the discussion are researcher transformations for modeling, not participant scale ratings. Model evaluation uses predictive-performance metrics and no participant questionnaire. Own data collection occurs, but no set meets the survey criterion."
85119440388,10.1016/j.jbusres.2021.11.038,Journal of Business Research,2022,Impact of advertising on users’ perceptions regarding the Internet of things,YES,"[{""quote"": ""A questionnaire in four languages was sent out in May 2017 by an international market research firm called Survey Sampling International."", ""location"": ""Text segment 4, Section 4.2—Data collection"", ""source"": ""main""}]","The authors designed a questionnaire from selected scales, established the smartwatch-owner panel and chose the four countries, then had Survey Sampling International field their May 2017 survey, yielding 1,197 responses. This is collection commissioned for their research, not an independently conducted survey dataset. Section 4.1 specifies five-point agreement items on advertising attitudes, brand experience, self-brand connection, values, enjoyment and attitude toward smartwatch use. These questionnaire attitudes and experiences are directly analyzed, meeting both criteria."
85100680081,10.1016/j.jbusres.2021.01.025,Journal of Business Research,2021,Brand placement across media: The interaction of placement modality and frequency in film versus text,YES,"[{""quote"": ""Participants were recruited through a professional online panel agency"", ""location"": ""Text segment 5, Participants and procedure"", ""source"": ""main""}, {""quote"": ""an online survey (programmed in Qualtrics®)"", ""location"": ""Text segment 5, Participants and procedure"", ""source"": ""main""}]","The authors commissioned panel recruitment for their Qualtrics survey experiment, randomized participants to film/text brand-placement conditions and collected brand/story attitudes, irritation, persuasion knowledge and perceived experience ratings. The methods identify their questionnaire design and administration, establishing responsibility for these new answers. Both collection and substantive survey-response criteria are directly met."
85087011087,10.1016/j.jbusres.2020.06.039,Journal of Business Research,2020,Do HRM systems impose restrictions on employee quality of life? Evidence from a sustainable HRM perspective,YES,"[{""quote"": ""Managers in each of these organizations circulated emails from the researcher"", ""location"": ""Segment 4, Sample and data collection"", ""source"": ""main""}, {""quote"": ""a URL to access a web-based questionnaire"", ""location"": ""Segment 4, Sample and data collection"", ""source"": ""main""}]","The researcher approached Indian finance, health and higher-education organizations and recruited their employees through manager-forwarded invitations to the study’s own web questionnaire. There were 305 usable responses. Seven-point items assess perceived HR practices, organizational support, exchange beliefs, health restrictions and psychological/work-pressure experiences, which are analyzed in mediation/moderation models. Collection through organizational recruitment partners and qualifying attitude/experience questionnaire content are directly documented."
85038910249,10.1016/j.jbusres.2017.12.023,Journal of Business Research,2019,Client dependence: A boon or bane for vendor innovation? A competitive mediation framework in IT outsourcing,YES,"[{""quote"": ""We conducted an online survey to test hypotheses."", ""location"": ""Text segment 5, Section 3.1—Data collection"", ""source"": ""main""}, {""quote"": ""respondents were asked to assess their firms' satisfaction with clients"", ""location"": ""Text segment 5, Section 3.3—Measures"", ""source"": ""main""}]","The researchers pretested and revised their questionnaire, emailed it to the 1,578 Indian NASSCOM member organizations and sent four reminders, obtaining 120 complete eligible firm responses for current analysis. NASSCOM supplied the sampling frame, not an independently conducted survey. IT managers rated perceived client dependence, satisfaction with the client relationship, and reported changes in innovation and organizational activities using the study's questionnaire scales. Collection responsibility and questionnaire attitudes/experiences/reported behavior are both documented."
85029153757,10.1016/j.jbusres.2017.09.008,Journal of Business Research,2018,Investigating links between cultural orientation and culture outcomes: Immigrants from the former Soviet Union to Israel and Germany,YES,"[{""quote"": ""Respondents in both countries completed a printed questionnaire"", ""location"": ""Text segment 4, Method: sample and questionnaire"", ""source"": ""main""}, {""quote"": ""The desire for unique products measure included three items"", ""location"": ""Text segment 4, Method: sample and questionnaire"", ""source"": ""main""}]","The methods describe the study's own Israeli and German immigrant respondents completing a printed questionnaire adapted for both heritage and mainstream cultures. Items measure cultural orientations, desire for unique products and fashion consciousness using agreement scales. The study-specific questionnaire procedure clearly implies team collection, without an external survey source, and the substantive attitudes/preferences meet the response criterion. Paper administration is eligible."
85020733316,10.1016/j.jbusres.2017.04.021,Journal of Business Research,2017,When are acquired technological capabilities complements rather than substitutes? A study on value creation.,NO,"[{""quote"": ""appeared in SDC Platinum's Mergers & Acquisitions database"", ""location"": ""Segment 4, Methods 3.1 Data and sample"", ""source"": ""main""}, {""quote"": ""I used the CRSP database"", ""location"": ""Segment 4, Methods 3.2.1"", ""source"": ""main""}, {""quote"": ""citation weighted patent counts"", ""location"": ""Segment 4, Methods 3.2.2"", ""source"": ""main""}]","The sole empirical study constructs 97 acquisition observations from commercial acquisition records, stock returns and patent/citation records. Methods 3.1–3.4 and the complete results/robustness sections describe subsample regressions, interaction models, a potential-acquisition selection model and outlier checks using these same archival inputs. These are researcher-assembled organizational records, not participant questionnaire responses on attitudes, beliefs, experiences, intentions or reported behavior. No team-collected or commissioned questionnaire component is reported; both the participant-response collection and questionnaire criteria fail."
84959098082,10.1016/j.jbusres.2015.10.049,Journal of Business Research,2016,A bottom-up path for IT management success: From infrastructure quality to competitive excellence,YES,"[{""quote"": ""this study provided the respondents with access to a fully anonymous online questionnaire."", ""location"": ""Text segment 4, Section 3.1—Questionnaire development, sample, and data collection"", ""source"": ""main""}]","The team developed and validated its questionnaire through interviews, a focus group and a pilot, then administered the main online survey in July–December 2012 to executives in Northern Italy, analyzing 212 complete responses. An earlier survey identified the sampling frame, but the current questionnaire collection is separately described as this study's own effort. Its agreement scales measure perceived IT infrastructure quality, business–IT partnership, IT strategic contribution and competitive excellence. These are respondent perceptions/experiences reported through a questionnaire, so both eligibility criteria hold."
85211146683,10.1177/00220027241298890,Journal of Conflict Resolution,2025,"Voter Intimidation as a Tool of Mobilization or Demobilization? Evidence from West Bengal, India",YES,"[{""quote"": ""was conducted just after the conclusion of the 2019 general election in collaboration with the Lokniti Program"", ""location"": ""PDF page 12, The Survey and List Experiment"", ""source"": ""main""}]","The team conducted a West Bengal survey with Lokniti/CSDS, describing its own multistage sampling and interviewer administration. Paper-based face-to-face questionnaires elicit citizens' electoral experiences and views, including randomized item-count lists of intimidation experiences and direct follow-up questions. Collection through the named research collaboration qualifies, and the substantive reported experiences satisfy the questionnaire criterion. This is not merely adding items to an independently conducted external survey: the team specifies its own survey sampling and collaboration."
85150295619,10.1177/00220027231159830,Journal of Conflict Resolution,2024,What is in a Mandate? Introducing the UN Peace Mission Mandates Dataset,NO,"[{""quote"": ""each mission mandate was coded based on the language in UNSC resolutions"", ""location"": ""PDF p.6 (printed171), Introducing the UNPMM"", ""source"": ""main""}, {""quote"": ""we replicate a study by Cordell et al. (2021)"", ""location"": ""PDF p.16 (printed181), Empirical Application"", ""source"": ""main""}]","The researchers created a mission-year dataset by coding UN resolutions, authorization letters and other documentary sources, with independent recoding and document validation. The descriptive trends and empirical application all use those coded mandates, existing peacekeeping/conflict/country indicators and replication data; the latter adds and compares political missions and mandate classes through regression models. These components involve no participant questionnaire or team collection/commissioning of personal responses. Mentions of local-perception indicators in the conclusion propose future combinations rather than an additional current survey. Both eligibility criteria fail."
85134579438,10.1177/00220027221114868,Journal of Conflict Resolution,2023,Titans that Clash and a State that Buffers,NO,"[{""quote"": ""We introduce a dynamic contest game with three players located on a linear territory."", ""location"": ""PDF page 16, Concluding Remarks"", ""source"": ""main""}]","This paper develops and solves a formal dynamic contest model of buffer states. The model definition, numerical analysis and concluding remarks show analytic equilibrium/comparative-static results and a grid of 60,000 parameter combinations; the observations are computational cases, not human respondents. Historical states are illustrative examples and empirical tests are proposed for future work. The appendix derives model equilibria. No questionnaire responses are collected, commissioned or analyzed, so neither required criterion is met."
85131596715,10.1177/00220027221106960,Journal of Conflict Resolution,2022,Wargame of Drones: Remotely Piloted Aircraft and Crisis Escalation,YES,"[{""quote"": ""I field a survey experiment with a similar vignette on an expert sample of 158 U.S. military officers"", ""location"": ""PDF page 29, Validating Findings: Survey Experiment Insights"", ""source"": ""main""}]","The author explicitly fields an additional survey experiment with 158 military officers. Pages 29–30 specify randomized aircraft/pilot scenarios and respondents' choice of the most appropriate response from five diplomatic or military actions. These are solicited policy preferences in the author's own survey, and therefore satisfy both criteria irrespective of the separate wargame components."
85102454509,10.1177/0022002721991627,Journal of Conflict Resolution,2021,The Effect of Civilian Casualties on Wartime Informing: Evidence from the Iraq War,NO,"[{""quote"": ""administrative data collected by Iraqi and U.S. forces"", ""location"": ""PDF p.12, Data"", ""source"": ""main""}, {""quote"": ""survey data used by the authors in separate research"", ""location"": ""PDF p.11, footnote 8"", ""source"": ""main""}, {""quote"": ""constructed using media reports"", ""location"": ""PDF p.57, Appendix B"", ""source"": ""main""}]","In this available working-paper version, the current study digitizes military tip-count records obtained through FOIA, combines them with Iraq Body Count press-coded casualties, SIGACT military records and external WFP/Landscan population information, then runs time-series models and robustness/placebo tests. Appendix B validates casualties against military records. None is a team-run questionnaire. Qualitative interviews with officials and a colleague’s book interview supply contextual anecdotes, with no structured survey instrument or questionnaire analysis reported. Footnote 8 summarizes a finding from survey data used in separate research, rather than documenting a current analysis or reuse of those responses; collection ownership is not established there either. Thus neither current team questionnaire collection/commissioning nor use of such questionnaire responses is established across the reported study components."
85068854306,10.1177/0022002719861707,Journal of Conflict Resolution,2020,A Turn to Violence: The Escalation of Nonviolent Movements,NO,"[{""quote"": ""I use the NAVCO 2.0 data, which are coded at the campaignyear (Chenoweth and Lewis 2013)."", ""location"": ""PDF page 10, Research Design—Quantitative Analysis"", ""source"": ""main""}]","The quantitative component analyzes external campaign-year NAVCO data with National Material Capabilities, Polity, World Bank and Military Balance information. The author's additional research fills archival event/country indicators; it does not collect respondent questionnaires. All reported robustness and alternative-explanation analyses use these same event data. The Algeria component uses published historical accounts and externally compiled Global Terrorism Database/UCDP event counts; individual quotations are attributed to published works, not an author-run questionnaire. Thus neither team questionnaire collection nor analysis of qualifying questionnaire responses is established in any component. Reviewed final accepted manuscript; published-version equivalence is unverified."
85042078392,10.1177/0022002717750450,Journal of Conflict Resolution,2019,"Preemptive Repression: Deterrence, Backfiring, Iron Fists, and Velvet Gloves",NO,"[{""quote"": ""our model could be tested in new empirical work"", ""location"": ""PDF page 5, introduction"", ""source"": ""main""}, {""quote"": ""We now look at the empirical implications of our model"", ""location"": ""PDF page 16, Empirical Implications"", ""source"": ""main""}]","This is a formal game-theoretic analysis of dissident investment and government repression. The body specifies hypothetical players, payoffs, learning equilibria, and model extensions. The empirical-implications sections discuss consistency with published studies and suggest future within-country and cross-country tests; they do not administer or analyze the team's questionnaire. Discussion and notes identify the supplements as proofs and formal extensions. Thus neither an original questionnaire study nor reuse of the team's own responses is reported."
85045528842,10.1177/0022002716669572,Journal of Conflict Resolution,2018,"Covert Operations, Wars, Detainee Destinations, and the Psychology of Democratic Peace",YES,"[{""quote"": ""Each participant received a one-page questionnaire"", ""location"": ""PDF p.13, Study 1 Method"", ""source"": ""main""}, {""quote"": ""regarding their perceptions of several different countries"", ""location"": ""PDF p.13, Study 1 Method"", ""source"": ""main""}, {""quote"": ""The participants were 113 KU undergraduates"", ""location"": ""PDF p.15, Studies 2a/2b Design and participants"", ""source"": ""main""}]","The manuscript reports researcher-administered questionnaires to 190 Kansas undergraduates in Study 1, measuring perceived democracy, alliance, similarity and importance of countries plus attitudes to the United States. Studies 2a/2b independently recruit 113 undergraduates, manipulate historical information and elicit scaled democracy/alliance judgments. These procedures establish collection by the study team, and the analyzed perceptions and attitudes establish questionnaire-based substantive responses. At least these components satisfy both criteria regardless of the additional archival components."
85029518256,10.1177/0022002717721385,Journal of Conflict Resolution,2017,Dynamics and Logics of Civil War,NO,"[{""quote"": ""The current review will focus primarily on the most recent period of civil war research."", ""location"": ""PDF page 2, Introduction"", ""source"": ""main""}]","This is a narrative review organized around civil-war initiation, wartime dynamics, termination and aftermath, followed by a research agenda. The introduction and body identify these as syntheses of published scholarship, including previously published studies by the current authors. The discussion of individual survey outcomes attributes them to those prior studies and does not document current reuse of their respondent data. Its original descriptive figure counts Web of Science articles, not questionnaire responses. No reported component collects, commissions or analyzes the team's own questionnaire responses; the two criteria are not met."
84954561257,10.1177/0022002714540471,Journal of Conflict Resolution,2016,Are Migrants More Extreme Than Locals After War? Evidence From a Simultaneous Survey of Migrants in Sweden and Locals in Bosnia,YES,"[{""quote"": ""we conducted an initial round of data collection by mail"", ""location"": ""PDF page 11, Sampling and Data Collection, note 8"", ""source"": ""main""}, {""quote"": ""whether one should forgive those who persecuted their compatriots"", ""location"": ""PDF page 13, Societal Beliefs After War"", ""source"": ""main""}]","The author explicitly describes conducting the Swedish migrant questionnaire with Kostić, from pilot through mailed rounds in 2008 and 2010, whose 714 responses are combined here. The 71-question instrument measures beliefs about war, forgiveness, ethnic identity and coexistence, as well as wartime experiences. These own questionnaire responses independently establish eligibility alongside the parallel Bosnian survey. The inspected source is an author preprint; equivalence to the final published version remains unverified."
105005821326,10.1037/ccp0000954,Journal of Consulting and Clinical Psychology,2025,The Effect of Mindfulness Interventions on Couple Relationship Satisfaction: A Systematic Review and Meta-Analysis,NO,"[{""quote"": ""Data extraction included study information"", ""location"": ""PDF p.3 (printed429), Data Extraction"", ""source"": ""main""}, {""quote"": ""90 ESs from 28 studies"", ""location"": ""PDF p.8 (printed434), Effects on RS"", ""source"": ""main""}, {""quote"": ""calculated from the means and standard deviations"", ""location"": ""PDF p.8 (printed434), Effects on RS"", ""source"": ""main""}]","This article systematically reviews prior randomized trials and computes a meta-analysis from extracted summary statistics/effect sizes. The original trials measured relationship satisfaction through questionnaires, but this team’s procedures are literature searches, study coding, author clarification requests, risk-of-bias assessments, pooled effects, moderator/subgroup and sensitivity analyses. I inspected those methods and all results components through the discussion/conclusion. There is no new participant questionnaire and no documented current reanalysis of questionnaire responses previously collected by this team. Review coding and requests to authors for missing study information are not a participant survey. The collection/commissioning criterion fails for the current article even though the underlying trials involved qualifying self-reports."
85188693304,10.1037/ccp0000871,Journal of Consulting and Clinical Psychology,2024,Monitoring Emotional Intensity and Variability to Forecast Depression Recurrence in Real Time in Remitted Adults,YES,"[{""quote"": ""Participants were asked to complete a questionnaire ﬁve times a day for 4 consecutive months"", ""location"": ""PDF page 5, Ecological Momentary Assessment"", ""source"": ""main""}]","The study directly reanalyzes the team's TRANS-ID tapering questionnaire responses, with coauthors Smit and Snippe credited for investigation/data curation, their earlier study/protocol identified, and the paper explicitly stating that earlier articles used the same data. Methods describes recruitment, consent and collection procedures; this is documented own earlier data reuse rather than an external independent dataset. Participants rated current mood and thinking on 0–100 visual-analog scales five times daily for four months, and those reported experiences form the current forecasting analyses. Both criteria are satisfied; the accompanying clinical interviews and physiological measures do not negate the qualifying questionnaire component."
85160456581,10.1037/ccp0000812,Journal of Consulting and Clinical Psychology,2023,"Daily Prediction of Nonsuicidal Self-Injury Among Inpatients: The Roles of Suicidal Thoughts, Interpersonal Difficulties, Hopelessness, and Affect",YES,"[{""quote"": ""In the past 24 hours, I have felt depressed"", ""location"": ""PDF page 11, Measures"", ""source"": ""main""}, {""quote"": ""Hooke played a lead role in data curation, project administration"", ""location"": ""Published PDF page 2, author contributions"", ""source"": ""https://www.glennkiekens.com/_downloads/f60d9ae84634658d34b6b51da38102d5""}]","The analysis uses daily tablet questionnaires reporting mood, suicidal thoughts, belongingness, burdensomeness and wish to live alongside staff incident records. It actually reanalyzes a 13-year response database used in the team's earlier studies. The inspected published article additionally identifies coauthor Hooke with the collecting Perth Clinic, gives him lead data-curation, project-administration and supervision roles, gives Page lead data-curation and conceptualization roles, and acknowledges clinic staff assisting this study. Together these establish the team's responsibility for this clinical collection by reasonable implication, rather than mere access to unrelated hospital records. Clinical routine questionnaire collection remains eligible under the current criteria."
85140727199,10.1037/ccp0000757,Journal of Consulting and Clinical Psychology,2022,What Are the Best Practices for Psychotherapy With Indigenous Peoples in the United States and Canada? A Thorny Question,NO,"[{""quote"": ""we consulted 10 systematic/scoping reviews"", ""location"": ""PDF p.7, Path 1"", ""source"": ""main""}, {""quote"": ""Our search resulted in only six RCTs for psychotherapy"", ""location"": ""PDF p.8, Path 1"", ""source"": ""main""}, {""quote"": ""we simultaneously propose in this conceptual article"", ""location"": ""PDF p.3, Introduction"", ""source"": ""main""}]","The available author manuscript is a conceptual article with a literature search and review of existing psychotherapy outcome studies. I inspected the complete substantive body, including all four proposed paths and conclusion. It synthesizes published findings, professional guidelines and previously described community interventions; it reports no new participant data collection or current reanalysis of the authors’ own questionnaire responses. The reviews and trials discussed often concern beliefs, symptoms and treatment experiences, but those are cited studies, not questionnaire responses collected or commissioned for this article. Both current qualifying-response use and team collection criteria are absent. The opening notice says this is not the APA copy of record; equivalence to the published version is unverified."
85125553622,10.1037/ccp0000672,Journal of Consulting and Clinical Psychology,2021,Personalizing Interventions Using Real-World Interactions: Improving Symptoms and Social Functioning in Schizophrenia With Tailored Metacognitive Therapy,YES,"[{""quote"": ""Self-report questions from the EAR Experiential Questionnaire (Mehl et al., 2001 ) were administered pre-post intervention to assess acceptability of wearing the EAR."", ""location"": ""Text segment 3, Measures—Acceptability"", ""source"": ""main""}]","The authors recruited participants, randomized their own MERIT trial and administered pre/post assessments with study staff. The EAR acceptability questionnaire asks participants to rate their discomfort, interference with daily activity and perceived behavioral changes on five-point scales; the current analyses compare these responses across conditions. The MCQ-30 also measures their metacognitive beliefs with agreement ratings. Thus both research-team collection and qualifying questionnaire experiences/beliefs are established independently of the audio recordings and clinician-rated measures. Reviewed PMC author manuscript; published-version equivalence is unverified."
85077368937,10.1037/ccp0000466,Journal of Consulting and Clinical Psychology,2020,Disentangling relationships between bicultural stress and mental well-being among Latinx immigrant adolescents,YES,"[{""quote"": ""we selected schools where the student body was at least 75% Latinx"", ""location"": ""Text segment 3, Procedures"", ""source"": ""main""}, {""quote"": ""I have been treated badly because of accent"", ""location"": ""Text segment 3, Instruments: Bicultural stress"", ""source"": ""main""}]","The authors describe their own school selection, staff screening and scheduling, study approvals, participant compensation and six-wave retention for 303 recent immigrant adolescents. The audio computer-assisted questionnaires elicit experiences of bicultural stress, depressive feelings, hopefulness and self-esteem; five follow-up waves are analyzed here. Detailed first-person recruitment and follow-up establish responsibility for the larger longitudinal study, so this is eligible reuse of their own substantive responses. The inspected source is a PMC author manuscript rather than a verified final version."
85059252944,10.1037/ccp0000376,Journal of Consulting and Clinical Psychology,2019,Family therapy techniques and one-year clinical outcomes among adolescents in usual care for behavior problems.,YES,"[{""quote"": ""a secondary analysis of a randomized trial"", ""location"": ""Segment1, final introduction paragraph"", ""source"": ""main""}, {""quote"": ""Therapists provided post-session self-report data"", ""location"": ""Segment1, final introduction paragraph"", ""source"": ""main""}, {""quote"": ""based on a 5-point Likert-type scale"", ""location"": ""Segment2, Measures"", ""source"": ""main""}]","This is a current secondary analysis of the authors’ own Hogue et al. parent clinical trial; the main methods document recruitment, baseline randomization and 3-, 6- and 12-month assessments, and the cited parent-trial team includes current authors. Therapists completed repeated Likert questionnaires about techniques they used; adolescents and caregivers completed symptom and delinquency reports, with substance-use history assessed as well. The paper directly analyzes these responses as technique predictors and longitudinal outcomes. Both documented reuse of team-collected responses and questionnaire-based reported behavior/experiences are met, even though embedded in routine clinical care. PMC author-manuscript equivalence to the published copy is unverified."
85052143005,10.1037/ccp0000332,Journal of Consulting and Clinical Psychology,2018,Brief motivational interviewing intervention to reduce alcohol and marijuana use for at-risk adolescents in primary care,YES,"[{""quote"": ""Each adolescent was invited to complete four web surveys: baseline, 3-, 6- and 12-months post-baseline"", ""location"": ""Text segment 3, Participants and Methods—Procedures"", ""source"": ""main""}]","The research group recruited adolescents in four primary-care clinics, obtained consent, screened and randomized the at-risk subsample, administered baseline web surveys and emailed follow-up links. The paper analyzes 294 participants from this author-run trial. Questionnaire measures include reported alcohol/marijuana use and consequences, perceived peer use, intentions/resistance self-efficacy, and treatment satisfaction, with stated frequency and agreement response scales. The current outcome analysis directly uses these data, establishing both collection responsibility and qualifying questionnaire responses. Reviewed PMC author manuscript; published-version equivalence is unverified."
85019419644,10.1037/ccp0000177,Journal of Consulting and Clinical Psychology,2017,Randomized controlled trial of Triple P for parents of children with asthma or eczema: Effects on parenting and child behavior,YES,"[{""quote"": ""parents indicate on a 7-point scale the point that best represents their behavior"", ""location"": ""PDF page 3, Measures: Parenting Scale"", ""source"": ""main""}, {""quote"": ""self-report questionnaires, which were available in online and printed formats"", ""location"": ""PDF page 4, Procedure"", ""source"": ""main""}]","The team's randomized clinical trial recruits and screens Brisbane families through its study coordinator and collects baseline and two follow-up assessments. Parents complete online or printed questionnaires about their parenting practices, perceived child behavior, depression/anxiety/stress and satisfaction; these responses are analyzed alongside home observations. The described recruitment, consent, randomization and author-supervised intervention establish own collection, and substantive self-reports qualify even within a clinical trial."
84962767042,10.1037/ccp0000102,Journal of Consulting and Clinical Psychology,2016,Adding Tools to the Toolbox: The Role of Coping Repertoire in Alcohol Treatment,NO,"[{""quote"": ""a secondary data analysis using data from two alcohol treatment studies"", ""location"": ""PDF p.2 (printed600), Participants and Procedures"", ""source"": ""main""}, {""quote"": ""a 40-item self-report measure"", ""location"": ""PDF p.3 (printed601), Measures"", ""source"": ""main""}, {""quote"": ""thank the Project MATCH Research Group and Janice Vendetti for providing the data"", ""location"": ""Witkiewitz et al.2007 manuscriptp17, Acknowledgements, renderedlines1671–1674"", ""source"": ""https://www.researchgate.net/publication/6315409_Nonnormality_and_Divergence_in_Posttreatment_Alcohol_Use_Reexamining_the_Project_MATCH_Data_Another_Way""}, {""quote"": ""use existing data from the COMBINE study"", ""location"": ""Official CASAA Witkiewitz project description, line1"", ""source"": ""https://casaa.unm.edu/projectcode/kw10.html""}]","The questionnaire criterion is clearly met by PCQ coping-frequency items, readiness and drinking-goal ratings, drinking-history interviews and consequence reports. However, all current components—latent classes, profiles, predictors and outcome comparisons—reanalyze COMBINE and Project MATCH data collected by separate original trial teams. I inspected COMBINE’s original publication collection credits and complete investigators/site roster, which name neither current author (Corey Roos or Katie Witkiewitz), and an official Witkiewitz project description explicitly identifies existing-data analysis. Witkiewitz’s earlier MATCH paper thanks the original Research Group and Vendetti for providing its data. Together these establish external-data reuse rather than documented collection/commissioning by this paper’s team; repeated secondary analyses do not make the responses their own. No additional original questionnaire component is reported."
105001205733,10.1093/jcr/ucae041,Journal of Consumer Research,2025,How Numerical Cognition Explains Ambiguity Aversion,YES,"[{""quote"": ""the first author conducted five additional experiments on Prolific in 2024."", ""location"": ""PDF page 58, Data Collection Statement"", ""source"": ""main""}, {""quote"": ""participants were asked to imagine choosing between two options"", ""location"": ""PDF page 26, Study 2—Procedure"", ""source"": ""main""}]","Study 2 presents hypothetical consumer-choice questions about vaccines, discounts, used-car sales, investments and products. Participants indicate which alternative they prefer after randomized numerical descriptions; the paper analyzes these expressed preferences. The data collection statement explicitly attributes the Study 2 experiments to the first author, establishing direct research-team collection. These components suffice for YES. The statement separately identifies independently collected reviewer data in Appendix E, which do not establish team ownership and are unnecessary to this decision. Reviewed peer-reviewed author manuscript; published-version equivalence is unverified."
85193447895,10.1093/jcr/ucad050,Journal of Consumer Research,2024,"Race in Consumer Research: Past, Present, and Future",NO,"[{""quote"": ""We offer a concise thematic overview that critically synthesizes prior consumer research on race"", ""location"": ""PDF page 10, What Is RIM Consumer Research?"", ""source"": ""main""}]","This conceptual review organizes previous scholarship into racial market structures, consumer navigation, and resistance/advocacy, then develops research guidance and a future agenda. Its examples are attributed to prior publications, including the authors' publications, without reanalysis of their underlying questionnaire responses. The opening Pew poll is likewise cited context. The body and conclusion report no new participant study or own-response reuse; the article therefore fails the own questionnaire-study requirement. The available source is a forthcoming author manuscript."
105018947226,10.1093/jcr/ucac022,Journal of Consumer Research,2023,There and Back Again: Bleed from Extraordinary Experiences,YES,"[{""quote"": ""We conducted an online, pre-LARP survey with 32 prospective participants"", ""location"": ""PDF p.6 (printed909), Pilot Survey"", ""source"": ""main""}, {""quote"": ""six open-ended questions"", ""location"": ""PDF p.6 (printed909), Pilot Survey"", ""source"": ""main""}, {""quote"": ""their expectations of the LARP"", ""location"": ""PDF p.6 (printed909), Pilot Survey"", ""source"": ""main""}]","Alongside the ethnographic observations, interviews, free-form diaries and netnography, the researchers administered an original online pilot questionnaire to 32 prospective Dracarys participants by posting their six-question link to the event Facebook group. It elicited participants’ profiles, relationships to the fictional lore and expectations/motivations for the experience, and informed the reported research program (also documented in Table3). Open-ended questionnaire answers qualify; qualitative analysis does not remove the explicitly documented survey component. Both team collection and questionnaire responses about experiences/expectations are established by the main methods."
85136498533,10.1093/jcr/ucab059,Journal of Consumer Research,2022,Really Rewarding Rewards: Strategic Licensing in Long-Term Healthy Food Consumption,YES,"[{""quote"": ""The mediator was measured on four seven-point items, asking participants to state how they felt before making the focal T5 dessert choice"", ""location"": ""PDF page 33, Study 2—Method"", ""source"": ""main""}]","Study 2 alone satisfies both criteria: the authors recruited 628 MTurk participants for their February 2021 randomized experiment, retained 605 complete responses, and presented fictitious restaurant-order scenarios. Participants made hypothetical menu choices and completed seven-point items about anticipated regret, guilt, justification and disappointment; these responses are analyzed as the mediator. This is the team's own collection of questionnaire preferences and anticipated experiences. The separate transactional field dataset is unnecessary to eligibility. Main methods establish YES without the separately referenced web appendix. Reviewed forthcoming manuscript; final-version equivalence is unverified."
85140252379,10.1093/jcr/ucab060,Journal of Consumer Research,2021,Three Themes for the Future of Brands in a Changing Consumer Marketplace,NO,"[{""quote"": ""As we considered the accepted articles for the Special Issue, we identified three intriguing themes"", ""location"": ""PDF page 2, introduction"", ""source"": ""main""}]","This special-issue introduction synthesizes accepted articles about brand influence, consumer agency and brand-management dynamics. All three substantive sections summarize studies expressly attributed to the issue's other authors, followed by research questions and an editorial conclusion. The authors' activity is reading and organizing manuscripts; no new questionnaire study or actual reanalysis of their own prior responses is reported. Therefore it does not satisfy the collection criterion."
85078033732,10.1093/jcr/ucz042,Journal of Consumer Research,2020,People rely less on consumer reviews for experiential than material purchases,YES,"[{""quote"": ""recruited through MTurk completed this study in exchange for $1.00"", ""location"": ""PDF p.28, Study3 Method Participants"", ""source"": ""main""}, {""quote"": ""participants reported how helpful the reviews were"", ""location"": ""PDF p.29, Study3 Reliance on consumer reviews"", ""source"": ""main""}]","Study3 alone meets both criteria: the team recruited 301 MTurk participants, randomly assigned experiential versus material planned-purchase prompts, asked them to find reviews and then collected seven-point helpfulness, usefulness, intended reliance and objective-quality belief ratings. These are the team’s own questionnaire responses on beliefs, preferences and intentions, directly analyzed for treatment effects and mediation. Main methods suffice despite other components involving existing consumer-review records. The source is the accepted/post-print manuscript including appendices; published-version equivalence is unverified."
85059696197,10.1093/jcr/ucy032,Journal of Consumer Research,2019,Cutting through Content Clutter: How speech and image acts drive consumer sharing of social media brand messages,NO,"[{""quote"": ""The annotation of study 2 images was executed by professional image annotators from Upwork, supervised by the first author."", ""location"": ""PDF page 19, Data Collection Information"", ""source"": ""main""}]","Both studies analyze collected Facebook/Twitter brand posts, engagement counts, and coded content features. The first study trains a text classifier on research-assistant speech-act annotations. The extension adds image coding: professional annotators were selected for agreement with a training set and assigned a defined offer-to-demand coding scale, with paired coder scores combined into an image characteristic. These are researcher-supervised content annotations of existing social-media artifacts, not a questionnaire about respondents' attitudes, beliefs, preferences, experiences, intentions or reported behavior. Actual consumer sharing is observed platform behavior. Appendix robustness checks substitute likes/favorites for shares using the same data. Team collection/supervision is clear, but no reported component supplies qualifying questionnaire responses."
85044869974,10.1093/jcr/ucx106,Journal of Consumer Research,2018,When two wrongs make a right: Using conjunctive enablers to enhance evaluations for extremely incongruent new products,YES,"[{""quote"": ""were recruited through public posters and advertisements soliciting regular coffee drinkers"", ""location"": ""PDF page 5, Study 1: Participants and Design"", ""source"": ""main""}, {""quote"": ""Seven captured participants’ overall attitude toward the product"", ""location"": ""PDF page 5, Procedures and Dependent Measures"", ""source"": ""main""}]","Study 1 alone meets both requirements. The authors recruit and pay 198 coffee drinkers, randomly assign six advertisement conditions in their product-testing laboratory, and administer a computer questionnaire. Seven product-attitude ratings, typicality and sense-making ratings, and open-ended product opinions supply substantive reported beliefs/preferences. The described recruitment, stimuli and administration establish the team's own collection. Additional studies are not needed to establish at least one qualifying study."
85026456724,10.1093/jcr/ucx044,Journal of Consumer Research,2017,"How to study consciousness in consumer research, a commentary on Williams and Poehlman",NO,"[{""quote"": ""This commentary was invited by editors"", ""location"": ""PDF p.2 (printed266), author note"", ""source"": ""main""}, {""quote"": ""We outline six concrete recommendations"", ""location"": ""PDF p.3 (printed267), point2"", ""source"": ""main""}]","I inspected the full substantive commentary, including its six recommendations and conclusion. It evaluates published consciousness research and discusses hypothetical and previously used self-report, awareness and experimental measures. It reports no original sample, questionnaire administration, or current reanalysis of questionnaire responses previously collected by these authors. References to their prior process-dissociation research are methodological citations, not a new data component. Consequently neither team collection/commissioning nor analysis of eligible participant questionnaire responses occurs in this article."
84978969375,10.1093/jcr/ucw011,Journal of Consumer Research,2016,Continuity through change: Navigating temporalities through heirloom rejuvenation,NO,"[{""quote"": ""we conducted in-depth interviews with 22 middle- and upper-middle-class urban Turkish consumers in Ankara."", ""location"": ""PDF page 6, Methodology"", ""source"": ""main""}]","The complete methodological account covers three years of in-depth, iterative qualitative interviews with 22 consumers, follow-up conversations, observations, photographs/video and archival media/web material. Interviews explore heirloom histories and future plans through open-ended probing; the authors explicitly analyze them as narratives using a hermeneutical approach. The sample table describes interviewees and objects, without identifying a separate questionnaire component. Collection is the team's own, but no reported study collects questionnaire answers/ratings/choices of the required kind. The qualitative-interview/observation and archival-only exclusions therefore apply."
105026014185,10.1037/edu0000981,Journal of Educational Psychology,2025,Teachers metamotivational knowledge about students achievement goals.,YES,"[{""quote"": ""We were able to collect data from 2,049 teachers"", ""location"": ""PDF page 5, Study 1: Design and Participants"", ""source"": ""main""}, {""quote"": ""What is the likelihood that this student will"", ""location"": ""PDF page 5, Procedure, Manipulation, and Measures"", ""source"": ""main""}]","Study 1 directly describes the researchers' recruitment partnership with Turkish school administrators, their distribution of the online questionnaire, and collection of 2,049 teacher responses. Teachers rate beliefs about hypothetical students' academic success and enjoyment after different achievement-goal descriptions. These solicited likelihood ratings are substantive beliefs and the team clearly owns the collection; Study 1 alone establishes eligibility."
85205389736,10.1037/edu0000863,Journal of Educational Psychology,2024,How the Predictors of Math Achievement Change Over Time: A Longitudinal Machine Learning Approach,YES,"[{""quote"": ""awarded to Reinhard Pekrun"", ""location"": ""PDF p.1, PALMA funding acknowledgement"", ""source"": ""main""}, {""quote"": ""students, teachers, and parents responded to survey questions"", ""location"": ""PDF p.5 (printed1387), Participants and Design"", ""source"": ""main""}, {""quote"": ""students’ self-reports of noncognitive variables"", ""location"": ""PDF p.5 (printed1387), Motivation and Emotion Variables"", ""source"": ""main""}]","The current analysis reuses the team’s longitudinal PALMA responses. The main text identifies Pekrun as recipient of PALMA collection grants and current coauthors as project administrators/data curators, cites their original project report and describes commissioned sampling/assessment by IEA’s Data Processing and Research Center. This supports team responsibility despite external test administrators conducting fieldwork. Students, parents and teachers completed repeated questionnaires about competence beliefs, motivation, emotions, learning behavior and classroom/family experiences. These responses directly supply the machine-learning predictors; both own earlier-response collection/commissioning and substantive questionnaire criteria are met."
85181213737,10.1037/edu0000833,Journal of Educational Psychology,2023,Student Engagement and Its Association With Academic Achievement and Subjective Well-Being: A Systematic Review and Meta-Analysis,NO,"[{""quote"": ""The second step involved using a detailed coding protocol"", ""location"": ""PDF page 9, Coding Procedure"", ""source"": ""main""}, {""quote"": ""to extract the relevant data from the primary studies for meta-analysis."", ""location"": ""PDF page 9, Coding Procedure"", ""source"": ""main""}]","All components are a systematic review and aggregate-effect meta-analysis: classifying instruments in 137 published/unpublished studies, synthesizing correlations, and moderator/publication-bias analyses. The team extracted study statistics and contacted earlier authors for missing correlations or unpublished-study references; those contacts did not collect questionnaire responses about participants' attitudes or experiences. Although many underlying studies used questionnaires, this article does not report collecting, commissioning or directly reusing the team's own participant questionnaire responses. The review/meta-analysis exclusion applies."
85119276460,10.1037/edu0000675,Journal of Educational Psychology,2022,"Mindfulness Training Improves Middle School Teachers’ Occupational Health, Well-Being, and Interactions With Students in Their Most Stressful Classrooms",YES,"[{""quote"": ""A member of the study team then followed up with each interested teacher"", ""location"": ""PDF page 7, Method: Sample"", ""source"": ""main""}, {""quote"": ""using a teacher self-report survey"", ""location"": ""PDF page 8, Teacher Skills"", ""source"": ""main""}]","The study team recruits and screens 58 teachers in two cohorts, randomizes the mindfulness intervention and waitlist, and compensates three assessments. Its teacher questionnaires elicit mindfulness, self-compassion, job stress, exhaustion, anxiety and depressive experiences; these responses are analyzed with classroom observations. Detailed team recruitment and assessment administration establish collection responsibility, and substantive self-report scales meet the questionnaire criterion. The inspected source is the publisher's advance online version."
85119300911,10.1037/edu0000704,Journal of Educational Psychology,2021,Too Anxious to Be Confident? A Panel Longitudinal Study Into the Interplay of Mathematics Anxiety and Metacognitive Monitoring in Arithmetic Achievement,YES,"[{""quote"": ""The researcher read the situations aloud one by one"", ""location"": ""PDF p.5 (printed1554), Mathematics Anxiety"", ""source"": ""main""}, {""quote"": ""Children were given a response form with the emoticons"", ""location"": ""PDF p.5 (printed1554), Mathematics Anxiety"", ""source"": ""main""}]","The researchers assessed 127 Belgian second graders and followed 121 one year later within their own longitudinal school study, describing consent, school testing sessions and administration. At each wave they administered a 15-situation mathematics-anxiety questionnaire: a researcher read prompts and children marked one of five feeling/anxiety options on paper. These reported experiences and anticipated feelings are directly analyzed alongside arithmetic performance and metacognitive judgments. The team’s collection role and qualifying questionnaire format are explicit; paper/interviewer-assisted administration and the broader cognitive testing battery do not exclude the study."
85065675882,10.1037/edu0000369,Journal of Educational Psychology,2020,Kindergarten domain-specific and domain-general cognitive precursors of hierarchical mathematical development: A longitudinal study,UNCLEAR,"[{""quote"": ""based on the parents’ educational level, income, and standard of accommodation."", ""location"": ""PDF page 8, Method—Participants"", ""source"": ""main""}]","The team's own longitudinal collection is clear, but every explicitly described analytical measure is a cognitive or mathematical performance test, which does not satisfy the questionnaire criterion. All participant/procedure/task sections and the three-model analysis plan were checked. However, the sample description uses parents' education, income and accommodation to characterize family socioeconomic status without explaining how this information was obtained. It could derive from an author-run background questionnaire or from records/other sources; a questionnaire component cannot be confirmed or excluded. The university record offers no supporting instrument, and the same-cohort companion paper's participant/general-collection sections also describe only testing and consent, leaving the source unresolved. Thus no component clearly qualifies, but missing evidence concerning the reported family-background information prevents a firm NO."
85078215910,10.1037/edu0000315,Journal of Educational Psychology,2019,"Effects of parent coaching on filipino children's numeracy, language, and literacy skills",YES,"[{""quote"": ""Parents also indicated their children’s current level of preschool education and number of school years completed"", ""location"": ""PDF page 6, Demographic measures"", ""source"": ""main""}, {""quote"": ""Parents completed the questionnaires independently"", ""location"": ""PDF page 9, Assessment Procedure"", ""source"": ""main""}]","The team's Cebu intervention collects parent questionnaires as well as child performance tests. Parents report their children's current and completed preschool attendance, an educational experience used analytically, and teachers record weekly parent-reported time spent doing coaching activities. The current rules contain no exclusion for ancillary or demographic survey sections. NGO collaboration, author-led training and monitoring of data collectors, and the specified assessment procedure establish the team's own collection. Thus the parent questionnaire component meets both criteria despite cognitive tasks being the main outcomes."
85021753413,10.1037/edu0000216,Journal of Educational Psychology,2018,"Does writing system influence the associations between phonological awareness, morphological awareness, and reading? A meta-analysis",NO,"[{""quote"": ""To select the studies for our meta-analysis"", ""location"": ""PDF p.3 (printed182), Data Collection and Inclusionary Criteria"", ""source"": ""main""}, {""quote"": ""The overall correlation was estimated by calculating a weighted average of the correlations"", ""location"": ""PDF p.5 (printed184), Meta-Analytic Procedures"", ""source"": ""main""}]","The sole research component searches and codes existing studies, then pools published correlations and examines language, task-type, grade and reading-status moderators, sensitivity and retrieval bias. Methods explicitly define reading and phonological/morphological awareness as performance tasks; discussion and conclusion describe the same meta-analysis without a new sample or questionnaire. Researcher coding of effect sizes and study characteristics is not participant survey collection. No own questionnaire responses are collected, commissioned or currently reanalyzed; both eligibility criteria fail."
84981719130,10.1037/edu0000148,Journal of Educational Psychology,2017,Conceptual knowledge of decimal arithmetic,YES,"[{""quote"": ""The experiment was conducted by two research assistants and the first author."", ""location"": ""PDF page 16, Study 1—Procedure"", ""source"": ""main""}, {""quote"": ""children were asked to rate their confidence in their answer"", ""location"": ""PDF page 15, Study 1—Tasks"", ""source"": ""main""}]","Study 1 directly collects children's written confidence ratings in printed booklets administered by the first author and research assistants. After each arithmetic judgment, children rated how confident they were on a five-point scale; these ratings are directly analyzed to test hypotheses about conviction and cognitive conflict. The arithmetic accuracy tasks themselves are performance measures, but the associated questionnaire items concern participants' own beliefs/confidence and independently meet the response criterion. Both criteria therefore apply to this same set of author-collected confidence responses. Reviewed accepted manuscript; published-version equivalence is unverified."
84957650321,10.1037/edu0000114,Journal of Educational Psychology,2016,"Comparing three models of achievement goals: Goal orientations, goal standards, and goal complexes",YES,"[{""quote"": ""Both studies employed single-session online surveys"", ""location"": ""PDF page 6, Survey Measures and Procedure"", ""source"": ""main""}, {""quote"": ""What reason(s) motivate you to pursue this goal in your class?"", ""location"": ""PDF page 6, Goals and goal complexes"", ""source"": ""main""}]","The authors conduct two online surveys in separate semesters, recruiting 168 and 160 students through their psychology participant pool with online consent and institutional approval. Respondents rate achievement goals, reasons for pursuing them, self-efficacy, help avoidance and course interest. The first-person measure administration and detailed recruitment establish own collection, and these motivations, attitudes and intentions meet the substantive questionnaire criterion."
105007059585,10.1016/j.jenvp.2025.102639,Journal of Environmental Psychology,2025,Restorative psychophysiological effects of biophilic virtual environment,YES,"[{""quote"": ""each participant completed a Qualtrics survey"", ""location"": ""Segment4, Experimental procedure2.4"", ""source"": ""main""}, {""quote"": ""they completed self-reported measures (SAM, I-PANAS-SF)"", ""location"": ""Segment5, Experimental procedure2.4 post-exposure"", ""source"": ""main""}, {""quote"": ""One hundred fifty young adults"", ""location"": ""Segment3, Participants2.1"", ""source"": ""main""}]","The researchers recruited 150 young adults, assigned them to virtual-environment conditions and administered their own baseline Qualtrics questionnaire plus pre/post affect and post-exposure restorativeness/environment-quality scales. Methods specify feelings, anxiety, perceived restoration and environmental impressions rated with response scales, and statistical analyses directly compare these questionnaire outcomes. The team’s collection role and questionnaire-based experiences/attitudes are clear; physiological recordings and cognitive tasks are additional components that do not negate eligibility."
85181260189,10.1016/j.jenvp.2023.102224,Journal of Environmental Psychology,2024,Working memory and fluid intelligence are differentially related to categories of urban fabric in older adults: Results from the Berlin aging study,YES,"[{""quote"": ""Gert G. Wagner: data acquisition, funding acquisition, writing review and editing."", ""location"": ""Text segment 7, Author contributions"", ""source"": ""main""}, {""quote"": ""Loneliness was assessed using 7 items from the UCLA loneliness scale"", ""location"": ""Text segment 4, Section 2.2.3—Covariates"", ""source"": ""main""}]","The current BASE-II analysis uses qualifying questionnaire responses on loneliness, life satisfaction, personality, depression and frequency of social activities as covariates. The author-contribution statement credits Düzel, Kühn, Lindenberger and Wagner with data acquisition, and Methods describes the team's assessments within their larger BASE-II collection. This documents reuse of their own data rather than an independently conducted external survey. The current models directly include those self-reported experiences and behavior, satisfying both criteria despite the cognitive performance and geospatial components."
85145299149,10.1016/j.jenvp.2022.101921,Journal of Environmental Psychology,2023,BIO-WELL: The development and validation of a human wellbeing scale that measures responses to biodiversity,YES,"[{""quote"": ""A sample (N = 600; Table S1 ) was recruited by the social research company"", ""location"": ""Text segment 7, Study 3: Participants and online questionnaire"", ""source"": ""main""}, {""quote"": ""The questionnaire was hosted on Qualtrics"", ""location"": ""Text segment 7, Study 3 methods"", ""source"": ""main""}]","Study 3 recruits a 600-person sample through a research company to the team's specified characteristics and administers its preliminary BIO-WELL questionnaire on Qualtrics. Respondents provide visual-analogue wellbeing ratings for 17 biodiversity prompts and feedback about the scale. The linked development, recruitment specifications and administration demonstrate commissioned collection rather than a module in an independently run survey. These subjective feelings and experiences satisfy the questionnaire criterion; the subsequent independent validation sample further uses the same collection design."
85124947563,10.1016/j.jenvp.2022.101777,Journal of Environmental Psychology,2022,From theory to action: Explaining the process of knowledge attitudes and practices regarding the use and disposal of plastic among school children,YES,"[{""quote"": ""our fieldwork team visited each school to administer the survey"", ""location"": ""Segment4, Material and methods3.1 Data"", ""source"": ""main""}, {""quote"": ""questions aimed at gathering information on knowledge, attitudes, and practices"", ""location"": ""Segment5, Data3.1"", ""source"": ""main""}]","The team designed and piloted questionnaires for 1,521 fourth-grade children and their parents in 30 Chilean schools. Their fieldworkers administered and collected supervised child questionnaires; parent forms were distributed through teachers and returned within a week. Items include environmental concerns, importance of avoiding plastics, lunch-packaging behavior and recycling frequency, directly analyzed in attitude/practice indices and intergenerational models. Both direct team collection and substantive questionnaire responses are explicit; school distribution is part of their own fieldwork, not an independent external survey."
85103129068,10.1016/j.jenvp.2021.101587,Journal of Environmental Psychology,2021,Cleaning up our acts: Psychological interventions to reduce engine idling and improve air quality,YES,"[{""quote"": ""we conducted an online study"", ""location"": ""Text segment 3, Introduction—online validation study"", ""source"": ""main""}, {""quote"": ""when asked to imagine seeing these messages respondents expressed a higher intention to switch off their engines"", ""location"": ""Text segment 3, Introduction—online validation study"", ""source"": ""main""}]","Although the main field experiment observes vehicle idling and pollution, the body explicitly reports a separate author-conducted online study. Respondents imagined seeing the intervention messages and answered about their intention to switch off their engines, with comparisons to a no-message control; the article reports the result and points to SOM1 for detail. This is clear team collection of questionnaire intentions in a survey experiment. The main-text account establishes both criteria, so the supplementary details are not required to confirm YES."
85087002041,10.1016/j.jenvp.2020.101445,Journal of Environmental Psychology,2020,Viewing a flower image provides automatic recovery effects after psychological stress,YES,"[{""quote"": ""After the experiment, participants answered a questionnaire regarding the valence and arousal level of each stimulus"", ""location"": ""Text segment 2, Study 1: Procedure"", ""source"": ""main""}]","The authors recruit volunteers through their laboratory website and conduct their own flower-image stress experiments. Study 1b includes repeated self-reported emotional-valence ratings and an explicit post-experiment questionnaire on experienced valence and arousal, with results reported in segment 3. These subjective emotional experiences meet the questionnaire criterion even though the study also measures blood pressure and other studies use endocrine or imaging outcomes. The described recruitment and experimental administration establish own collection."
85072613550,10.1016/j.jenvp.2019.101351,Journal of Environmental Psychology,2019,How often does random assignment fail? Estimates and recommendations,YES,"[{""quote"": ""All three samples were recruited from Prime Panels"", ""location"": ""Segment4, Study2 Data5.1.1"", ""source"": ""main""}, {""quote"": ""Participants were randomly assigned (via the randomizer function in Qualtrics)"", ""location"": ""Segment5, Study2 Experiment3"", ""source"": ""main""}, {""quote"": ""Goldberg, Gustafson, Ballew, Rosenthal, & Leiserowitz (2019)"", ""location"": ""Segment5, Study2 Experiment3 source attribution"", ""source"": ""main""}]","Study2 currently resamples real questionnaire responses from three original climate-communication experiments recruited through Prime Panels and administered in Qualtrics. The third experiment is explicitly attributed to Goldberg and colleagues; the current author is Matthew Goldberg, establishing reuse of his team’s own responses. The resampling analyzes original political ideology, environmental/religious beliefs and reported religious attendance, rather than merely citing prior findings. Those responses meet both the team-collection/commissioning and substantive questionnaire criteria. The synthetic-data Study1 and external ANES Study3 do not themselves qualify, but the own-response component suffices."
85053133495,10.1016/j.jenvp.2018.08.007,Journal of Environmental Psychology,2018,"Green, greener, greenest: Can competition increase sustainable behavior?",YES,"[{""quote"": ""They were asked to pick five out of the twenty grocery products and to put them into a fictitious shopping basket."", ""location"": ""Text segment 4, Study 1—Procedure and materials"", ""source"": ""main""}]","In Study 1 the researchers enrolled 200 students and randomized the fictitious sustainability-competition message, then collected hypothetical shopping choices as a measure of purchase intentions. The same participants also completed a seven-point agreement item about the perceived competition manipulation, reported in the results. These explicit questionnaire choices/ratings concern preferences, intentions and beliefs; they are separate from the observed recycling outcome and implemented donation task. The detailed author-run experimental procedures establish collection responsibility, so Study 1 alone meets both criteria."
85017467161,10.1016/j.jenvp.2017.04.004,Journal of Environmental Psychology,2017,“Green to be seen” and “brown to keep down”: Visibility moderates the effect of identity on pro-environmental behavior,YES,"[{""quote"": ""357 American adults were recruited from Amazon MTurk and completed an online survey"", ""location"": ""Text segment 3, Study 1: Participants and procedure"", ""source"": ""main""}, {""quote"": ""Participants reported their frequency of performing 21 pro-environmental behaviors"", ""location"": ""Text segment 3, Recurring pro-environmental behavior scale"", ""source"": ""main""}]","Study 1 recruits and compensates MTurk respondents for the team's online survey, with consent, exclusions and debriefing specified. Its questionnaire measures environmental identification, climate beliefs, environmental attitudes and self-reported behavioral frequencies, alongside perceived visibility/difficulty. Those substantive responses are collected for this study; adopting items used in ANES or other scales does not mean relying on an external survey. Study 1 alone establishes both criteria."
84954533522,10.1016/j.jenvp.2016.01.004,Journal of Environmental Psychology,2016,Peripersonal and interpersonal space in virtual and real environments: Effects of gender and age,YES,"[{""quote"": ""Participants had to indicate their preferred interpersonal distance"", ""location"": ""Segment5, Experiment3 introduction"", ""source"": ""main""}, {""quote"": ""a new paper-and-pencil test called the Interpersonal Visual Analog Scale"", ""location"": ""Segment5, Experiment3 introduction"", ""source"": ""main""}, {""quote"": ""were recruited"", ""location"": ""Segment5, Experiment3 Participants6.1.1"", ""source"": ""main""}]","Experiment3 recruited 60 Italian university students for the team’s study and gave them a paper visual-analog instrument. For each depicted person they imagined an approach and marked how close they would allow that person to come; the research varied depicted gender/age and analyzed these stated preferred distances. These are structured hypothetical preference responses on a response scale, which satisfy the questionnaire definition even though called a projective test. Thus both collection responsibility and qualifying questionnaire content are clear. Eligibility rests on this component independently of physical/virtual approach-distance tasks in Experiments1–2."
85208237881,10.1017/xps.2024.10,Journal of Experimental Political Science,2025,Is a Picture Worth 280 Characters?: Contextually Realistic Graphics vs. Plain Text in Survey Experiments,YES,"[{""quote"": ""We then ask a series of questions about perceived credibility, crisis realism, support for the president, and several attention checks."", ""location"": ""PDF page 4, Method—first experiment"", ""source"": ""main""}]","The authors fielded their first two experiments to 1,511 respondents recruited through Lucid and a third to 1,793 Prolific respondents. They randomized graphic versus plain-text crisis vignettes and collected questionnaire judgments about credibility, realism, presidential support and policy preferences. The detailed methods and fielding statement establish team collection/commissioning, and these respondent beliefs/attitudes satisfy the survey-experiment criterion."
85169622619,10.1017/xps.2023.27,Journal of Experimental Political Science,2024,Paying for growth or goods: Tax morale among property owners in Lagos,YES,"[{""quote"": ""We recruited respondents using targeted Facebook advertisements, which included a link to the survey"", ""location"": ""PDF page 3, Data and research design"", ""source"": ""main""}, {""quote"": ""Willingness to pay LUC even if the government did not check"", ""location"": ""PDF page 4, Measurement"", ""source"": ""main""}]","The researchers directly recruit Lagos property owners to their October 2021 online survey through targeted Facebook advertisements, determine sample size/budget and randomize project vignettes. The questionnaire elicits willingness to pay tax, support for enforcement and beliefs about others' compliance before and after treatment. These own attitudes, intentions and beliefs satisfy both criteria; the additional link-click measure and preparatory focus groups do not affect eligibility."
85174000856,10.1017/xps.2022.19,Journal of Experimental Political Science,2023,The Civic Option? Using Experiments to Estimate the Effects of Consuming Information in Local Elections,YES,"[{""quote"": ""We used Qualtrics to administer the survey"", ""location"": ""PDF p.6 (printed396), recruitment and design"", ""source"": ""main""}, {""quote"": ""indicate which candidate in each pair they would prefer to be the mayor"", ""location"": ""PDF p.6 (printed396), outcome questions"", ""source"": ""main""}]","The researchers emailed a random selection of registered San Francisco voters, offered gift cards and administered their own Qualtrics survey, obtaining977completions and using766 in the relevant experimental groups. They collected local policy attitudes and pairwise mayoral preferences after randomly varying party cues, a voter guide or information choice. These are participant questionnaire answers on attitudes and preferences, analyzed as outcomes and ideal-point measures, and the direct collection/experimental role is explicit. Existing candidate questionnaires are additional external inputs; the original voter survey independently satisfies both criteria."
85126092639,10.1017/xps.2020.30,Journal of Experimental Political Science,2022,Citizens' Attitudes to Contact Tracing Apps,YES,"[{""quote"": ""respondents were asked to choose one of two COVID-19 contact tracing apps to install, with their data privacy and security attributes varying."", ""location"": ""PDF page 4, Methods—Dependent measures"", ""source"": ""main""}]","The authors designed and preregistered two studies, commissioned quota samples of 1,504 Dynata and 809 Prolific respondents, and collected data in May 2020. Their randomized data-breach messages and varying app profiles elicit app preferences, preferred human versus digital tracing, and trust/satisfaction ratings. These are team-collected questionnaire choices and attitudes, with both criteria directly established in Methods."
85122139505,10.1017/xps.2020.7,Journal of Experimental Political Science,2021,Inferring Intentions from Consequences: How Moral Judgments Shape Citizen Perceptions of Wartime Conduct,YES,"[{""quote"": ""S2 was administered to 783 American adults through MTurk in April 2019"", ""location"": ""PDF page 3, Theory and Empirics"", ""source"": ""main""}, {""quote"": ""our surveys make three innovations"", ""location"": ""PDF page 3, Theory and Empirics"", ""source"": ""main""}]","The authors describe their own two survey experiments, including a university sample and a 783-person MTurk sample with specified field dates. Their randomized military-operation vignettes elicit six-point judgments about whether outcomes were intentional, which are analyzed as the outcome. These are solicited beliefs about wartime conduct, and the study-specific administration and first-person ownership establish team collection rather than external survey reuse."
85086600850,10.1017/xps.2019.2,Journal of Experimental Political Science,2020,Campaign mailers and intent to turnout: Do similar field and survey experiments yield the same conclusions?,YES,"[{""quote"": ""US residents recruited through Amazon’s Mechanical Turk interface"", ""location"": ""PDF p.1 (printed150), study procedures"", ""source"": ""main""}, {""quote"": ""asked how likely they were to vote in the 2012 general election"", ""location"": ""PDF p.2 (printed151), turnout-intention measure"", ""source"": ""main""}]","The authors recruited and paid US MTurk participants for their original survey experiment, randomly displayed positive or negative campaign mailers versus control, and collected four-point voting-intention answers plus political/demographic responses. The analyzed sample contains 633 eligible complete respondents. These are the team’s questionnaire responses about intentions, beliefs and reported voting behavior, satisfying both criteria. The comparison with earlier field experiments is additional; the described new survey experiment alone establishes YES."
85066605513,10.1017/xps.2018.27,Journal of Experimental Political Science,2019,Language Heightens the Political Salience of Ethnic Divisions,YES,"[{""quote"": ""We ﬁelded two phone surveys in Estonia"", ""location"": ""PDF page 3, Research Design"", ""source"": ""main""}, {""quote"": ""Respondents then ranked these four issues as the most, second most, and third most important facing Estonia."", ""location"": ""PDF page 5, Measurement"", ""source"": ""main""}]","The authors explicitly fielded two phone surveys and describe their randomized assignment of bilingual respondents to Russian or Estonian interviews. Study 1 elicits rankings of political issues including minority integration, which are attitudes/priorities collected through a questionnaire and analyzed in this paper. Its placement within a longer survey does not establish independent external collection: the source identifies the surveys and procedures as the authors' own. Both collection and qualifying questionnaire criteria are met by Study 1 regardless of the factual-knowledge outcome in Study 2."
85055134355,10.1017/xps.2018.1,Journal of Experimental Political Science,2018,How to Survey about Electoral Turnout? Additional Evidence,YES,"[{""quote"": ""the combination of all individual survey responses"", ""location"": ""PDF page 4, cumulative effect estimates"", ""source"": ""main""}, {""quote"": ""we conducted 19 two-wave (pre- and post-election) online panel surveys"", ""location"": ""Earlier study PDF page 3, Materials and Methods"", ""source"": ""https://www.damienbol.eu/ewExternalFiles/psrm1.pdf""}]","The Canadian Election Study component alone does not establish this sole author's collection role. However, the paper also analyzes 24 MEDW turnout experiments, including the earlier 19 and five additions, and explicitly pools individual survey responses. The inspected earlier paper by Morin-Chassé and colleagues states that they conducted the 19 full two-wave panel surveys and describes their recruitment and sampling quotas, establishing own collection rather than only contributing an external module. The present paper therefore actually reuses the author's earlier self-reported voting responses, satisfying both criteria independently of the CES component."
85046645518,10.1017/xps.2017.7,Journal of Experimental Political Science,2017,Politicians Appear More Competent When Using Numerical Rhetoric,YES,"[{""quote"": ""The experiment was conducted in a commercial web panel (Epinion)"", ""location"": ""PDF p.4 (printed132), Methods"", ""source"": ""main""}, {""quote"": ""respondents were asked to evaluate the two politicians"", ""location"": ""PDF p.5 (printed133), Dependent variables"", ""source"": ""main""}]","The author’s original experiment was fielded through Epinion, whose panel members were recruited by email and randomized by the survey company to four versions of a fictional politicians’ discussion. Respondents rated competence and warmth traits, expressed voting preferences and reported GM-food attitudes. The bespoke procedure establishes commissioning by the research team; these analyzed attitudinal judgments and intentions establish questionnaire responses. Both criteria are met."
85032627193,10.1017/xps.2015.7,Journal of Experimental Political Science,2016,The Electoral Sweet Spot in the Lab,NO,"[{""quote"": ""The unit of analysis is the 288 elections held in the 12 experimental sessions."", ""location"": ""PDF page 4, Observing the Sweet Spot in the Lab"", ""source"": ""main""}]","The team conducted 12 laboratory sessions in Brussels and Montreal with 252 participants voting in 24 incentivized elections each. Preferences were assigned through experimental voter types and monetary payoffs, and votes determined seats and participants' earnings. These are laboratory decisions, not questionnaire reports of participants' own attitudes or preferences. All reported measures and analyses on pages 3–8 concern election disproportionality, number of parties and their combined outcome, with assigned district magnitude, assigned preference distributions, location and election order as controls. Robustness analyses use these same election outcomes; no qualifying questionnaire responses are reported. The protocol appendix was located at the publisher but could not be retrieved; its contents are not claimed as inspected. The main text specifies the research components and their data sufficiently to establish that the reported research lacks eligible questionnaire responses, although collection of the laboratory decisions itself is clearly the team's."
105023452818,10.1037/xge0001870,Journal of Experimental Psychology: General,2025,Bias is not color blind: Ignoring gender and race leads to suboptimal selection decisions-A registered report,YES,"[{""quote"": ""we recruited 1,209 U.S. participants via the panel company Proliﬁc"", ""location"": ""PDF page 7, Experiment 1: Sample Characteristics"", ""source"": ""main""}, {""quote"": ""we measured participants’ beliefs about bias in hiring processes"", ""location"": ""PDF page 7, Experiment 1: Image Concerns"", ""source"": ""main""}]","Experiment 1 explicitly recruits and pays 1,209 Prolific participants with hiring experience. Following randomized hiring scenarios, the researchers solicit information preferences and ratings of social norms, image concerns and beliefs about systemic hiring bias. The substantive questionnaire ratings independently meet the content criterion, and first-person recruitment establishes the team's commissioned collection. The behavioral hiring choice does not need to qualify separately."
85206618776,10.1037/xge0001662,Journal of Experimental Psychology: General,2024,Psychological Underpinnings of Partisan Bias in Tie Formation on Social Media,YES,"[{""quote"": ""We recruited 990 participants from Lucid"", ""location"": ""PDF p.6 (printed383), Study2 Participants"", ""source"": ""main""}, {""quote"": ""How would you respond to this notiﬁcation"", ""location"": ""PDF p.6 (printed383), Study2 Procedure"", ""source"": ""main""}, {""quote"": ""feelings thermometer"", ""location"": ""PDF p.6 (printed383), Study2 Procedure"", ""source"": ""main""}]","Study2 reports the researchers’ own Lucid survey experiment with 990 participants. They administered party feeling thermometers, issue positions and reported Twitter-use questions, then randomized a hypothetical follower’s political identity and asked whether respondents would follow back and why. Both team collection/commissioning and questionnaire responses about attitudes, experiences and hypothetical choices are explicit and are analyzed in treatment/moderation models. The separate social-media field experiment does not affect this qualifying component. The PDF’s first-online/indexed year is2024 and issue year2025, as already recorded in provenance."
85170231515,10.1037/xge0001436,Journal of Experimental Psychology: General,2023,The Role of Political Devotion in Sharing Partisan Misinformation and Resistance to Fact-Checking,YES,"[{""quote"": ""Participants completed a survey where they asked to rate the likelihood of sharing a series of social media posts"", ""location"": ""PDF page 4, Experiment 1—Procedure"", ""source"": ""main""}]","Experiment 1 clearly meets both criteria. The authors state on page 3 that they launched the Spanish survey and describe recruiting 812 far-right and center-right voters through an online panel (YouGov in Table 1). Their procedure presents researcher-designed misinformation posts and varies fact-check interventions, then collects participants' reported likelihood of sharing and other belief/value measures. These are the team's own questionnaire responses and a survey experiment about behavioral intentions. This study suffices for YES independently of the later US and neuroimaging studies."
85134782679,10.1037/xge0001250,Journal of Experimental Psychology: General,2022,Algorithmic Discrimination Causes Less Moral Outrage Than Human Discrimination,YES,"[{""quote"": ""completed the study on Proliﬁc in exchange for 50 cents"", ""location"": ""PDF page 4, Study 1: Participants"", ""source"": ""main""}, {""quote"": ""We assessed perceived discrimination with three items"", ""location"": ""PDF page 4, Study 1: Procedure"", ""source"": ""main""}]","Study 1 is the team's own paid Prolific experiment with 240 participants and randomized human-versus-algorithm hiring descriptions. The authors administer 0–100 agreement items about discrimination, objectivity and prejudiced motivation, then analyze these belief ratings. Their study-specific recruitment, payment, preregistration and administration establish collection responsibility and the structured substantive ratings satisfy the questionnaire criterion. One qualifying study suffices among the larger series."
85090584398,10.1037/xge0000878,Journal of Experimental Psychology: General,2021,Linking metacognition and mindreading: Evidence from autism and dual-task investigations.,YES,"[{""quote"": ""The parents of all participants completed the Social Responsiveness Scale-II"", ""location"": ""PDF p.4, Experiment 1 Method, Participants (printed p.208)"", ""source"": ""main""}, {""quote"": ""containing the question, “Are you confident?” and the words “yes” or “no”"", ""location"": ""PDF p.8, Explicit (judgment of confidence) task (printed p.212)"", ""source"": ""main""}]","The authors administered their own experiments, with 25 autistic and 25 comparison children/adolescents in Experiment 1 and 160 university participants in Experiment 2. Experiment 1 includes parents completing the Social Responsiveness Scale-II about their children’s ASD-related traits/behavior, with those reports used to characterize and compare the study groups. These are researcher-collected structured reports, satisfying collection responsibility and questionnaire content even though the broader study is laboratory based. The explicit task also repeatedly asks participants to report their own confidence via yes/no responses, analyzed as metacognitive judgments, alongside the separate perceptual performance and gambling measures."
85068891006,10.1037/xge0000648,Journal of Experimental Psychology: General,2020,United We Fall: All-or-None Forgetting of Complex Episodic Events,YES,"[{""quote"": ""Self-report ratings of alertness were collected before encoding and the second test session using the Stanford Sleepiness Scale"", ""location"": ""Text segment 4, Experiment 1—Procedure"", ""source"": ""main""}]","The researchers recruited 104 York students for Experiment 1 and administered the described laboratory sessions themselves. In addition to memory-performance tasks, their procedure collected Stanford Sleepiness Scale self-reports and sleep-diary reports of duration and quality before the sessions. Segment 4 reports comparisons of participants' self-reported sleep duration and sleep-quality ratings, and notes additional alertness results in the supplement. These structured ratings concern participants' experiences and reported behavior, meet the questionnaire criterion, and were collected by the team and used in the reported research. The broader memory-task setting does not negate this qualifying component."
85053284849,10.1037/xge0000472,Journal of Experimental Psychology: General,2019,Acute stress throughout the memory cycle: Diverging effects on associative and item memory,YES,"[{""quote"": ""participants used the keyboard to rate how they felt when imagining the word-image pair"", ""location"": ""Text segment 2, Method: Tasks, Encoding"", ""source"": ""main""}, {""quote"": ""then rated how intensely they felt that way"", ""location"": ""Text segment 2, Method: Tasks, Encoding"", ""source"": ""main""}]","The team designs and conducts a four-session paid laboratory experiment with 30 completers, consent and institutional approval. Beyond objective memory tests and cortisol measures, participants repeatedly answer structured questions about their emotional valence and intensity during imagined word-image pairs, plus unpleasantness of the stressor. Those subjective feelings are analyzed in the results and used to classify trials. They meet the current questionnaire definition; laboratory context does not exclude this team's own experience ratings. The source is a PMC author manuscript."
85051957497,10.1037/xge0000471,Journal of Experimental Psychology: General,2018,The persuasive power of knowledge: Testing the confidence heuristic,YES,"[{""quote"": ""we administered the Rathus Assertiveness Schedule"", ""location"": ""Text segment 4, Experiment 1, Materials"", ""source"": ""main""}, {""quote"": ""a 30-item Likert-type scale measuring assertive behavior across a variety of contexts"", ""location"": ""Text segment 4, Experiment 1, Materials"", ""source"": ""main""}]","In Experiment 1 the researchers recruited 56 university students through campus posters and directly administered the experimental booklets and accompanying measures. These included structured self-reports of assertive behavior, enjoyment of thinking, preference for certainty, and relationship intimacy, with scores examined as predictors of persuasion. The same participants also gave repeated 0–100 ratings of their confidence in their answers. Thus the team collected its own questionnaire responses about behavior, preferences, and subjective beliefs for this research, even though the study also involves facial recognition and dyadic discussion tasks."
85041566197,10.1037/xge0000371,Journal of Experimental Psychology: General,2017,Unconscious conditioning: Demonstration of existence and difference from conscious conditioning,YES,"[{""quote"": ""For each of the four 4-character strings, subjects answered a single question."", ""location"": ""PDF page 14, Contingency Awareness Tests"", ""source"": ""main""}, {""quote"": ""before male names (certainly)"", ""location"": ""PDF page 14, Contingency Awareness Tests—response options"", ""source"": ""main""}]","In the available in-press manuscript, the authors conducted the conditioning experiments with their Washington/Ghent university participants. Alongside speeded classification and perceptual tasks, they administered four contingency-awareness questions asking participants which category they believed had usually followed each letter string. Answers explicitly combined the reported association with subjective certainty (certainly/probably/guess), plus an option that the string had not appeared. Thus these structured self-reports include participants' beliefs and confidence about their experienced trials, rather than only a speeded classification response. The resulting certainty-weighted awareness scores are analyzed as predictors of conditioning (for example page 27 and Figure 5). The team collected these eligible questionnaire responses itself. Final-version equivalence of the manuscript has not been checked."
84964766219,10.1037/xge0000168,Journal of Experimental Psychology: General,2016,"Highly Accurate Prediction of Emotions Surrounding the Attacks of September 11, 2001 Over 1-, 2-, and 7-Year Prediction Intervals",YES,"[{""quote"": ""we did not compensate participants for their efforts"", ""location"": ""Text segment 2, Method: Participants and Design"", ""source"": ""main""}, {""quote"": ""Each survey was 17 pages long and took about 45 minutes to complete"", ""location"": ""Text segment 2, Method: Participants and Design"", ""source"": ""main""}]","The analysis links four waves of the team's September 11 longitudinal questionnaires from 2001 through 2011. Its methods describe survey mailing, recruitment, participation arrangements in the first person, and the team's sampling; coauthor Hirst also leads the cited original project reports. This establishes own collection by reasonable implication and actual reuse of its responses. Five-point current, remembered and predicted emotional-intensity ratings are substantive experiences and beliefs. Both criteria are satisfied. The source is a PMC author manuscript."
85207160098,10.1016/j.jesp.2024.104692,Journal of Experimental Social Psychology,2025,Hierarchy as a signal of culture and belonging: Exploring why egalitarian ideology predicts aversion to hierarchical organizations,YES,"[{""quote"": ""We recruited 191 MBA students"", ""location"": ""Text segment 4, Study 1a Method, Participants"", ""source"": ""main""}, {""quote"": ""How likely would you be to accept an employment offer from [company]?"", ""location"": ""Text segment 4, Study 1a Method, Organizational Attraction"", ""source"": ""main""}]","Study 1a explicitly describes the authors recruiting 191 MBA students and administering their experiment. Participants answered eight 7-point social dominance belief/preference items and four 7-point questions about attraction to, seeking information about, interviewing with, and accepting employment from each hypothetical employer. Those ratings were analyzed against managerial hierarchy and ideology. This establishes both own data collection and structured questionnaire responses about attitudes and intentions. The main methods suffice; Study 1b independently also documents author-recruited CloudResearch survey waves."
85183614747,10.1016/j.jesp.2023.104588,Journal of Experimental Social Psychology,2024,Moral thin-slicing: Forming moral impressions from a brief glance,YES,"[{""quote"": ""We collected data from 134 participants from Amazon’s Mechanical Turk (Mturk)"", ""location"": ""Text segment 4, Study 1—Participants"", ""source"": ""main""}, {""quote"": ""Was the person on the LEFT (RIGHT) doing something morally wrong?"", ""location"": ""Text segment 5, Study 1—Procedure"", ""source"": ""main""}]","Study 1 reports the team's own recruitment through Mechanical Turk and its browser-administered stimulus and response procedure. Participants viewed social-interaction images and answered explicit yes/no questions; the moral-wrongness condition elicits their moral evaluations of the depicted actors. Those attitude/judgment responses meet the questionnaire criterion, even though images are brief and other conditions measure visual color or role recognition. Ownership and eligible questionnaire content apply to the same collected Study 1 responses; the reported norming study and remaining experiments are not needed to establish YES."
85149638072,10.1016/j.jesp.2023.104457,Journal of Experimental Social Psychology,2023,When more is less: Self-control strategies are seen as less indicative of self-control than just willpower,YES,"[{""quote"": ""Participants for all experiments were recruited through crowdsourced samples"", ""location"": ""Text segment 3, study overview"", ""source"": ""main""}, {""quote"": ""Do you think G/E is HIGH or LOW in self-control?"", ""location"": ""Text segment 3, Experiment 2: Method"", ""source"": ""main""}]","The authors recruit their experimental samples through CloudResearch/Prolific and specify their screening, exclusions and preregistered collection plans. Experiment 2 asks respondents to rate hypothetical people's self-control on seven-point scales after five scenarios contrasting strategies and willpower. These are structured substantive beliefs about people, collected in the team's own study and analyzed in multilevel models. Experiment 2 alone satisfies both criteria, with additional belief and intention measures described elsewhere."
85132775383,10.1016/j.jesp.2022.104348,Journal of Experimental Social Psychology,2022,Equating silence with violence: When White Americans feel threatened by anti-racist messages,YES,"[{""quote"": ""We used Prolific to recruit a representative and stratified sample of 647 Americans"", ""location"": ""PDF p.4, Study 1, Method, Participants"", ""source"": ""main""}, {""quote"": ""We assessed message resistance with three items"", ""location"": ""PDF p.5, Study 1, Message Resistance"", ""source"": ""main""}]","Study 1 explicitly reports the authors recruiting 647 Americans on Prolific in April 2021, retaining 600 after specified exclusions. Respondents saw anti-racist messages and completed structured 6- or 7-point ratings of agreement, support, perceived harm, anti-racist motivation, identity threat, racial anxiety, and political orientation. These author-collected questionnaire responses about attitudes, beliefs, and intentions are analyzed in the article. This component alone establishes both criteria from the main methods."
85092909928,10.1016/j.jesp.2020.104079,Journal of Experimental Social Psychology,2021,Fluency in the in-out effect: The role of structural mere exposure effects,YES,"[{""quote"": ""Our experiments were implemented in the online survey tool Sosci Survey"", ""location"": ""Text segment 3, Method—Procedure"", ""source"": ""main""}, {""quote"": ""How much do you like this word?"", ""location"": ""Text segment 3, Method—Procedure, Experiment 1 item"", ""source"": ""main""}]","The authors describe their own SoSci Survey questionnaire and explicitly report recruiting 353 participants for Experiment 1 and 148 through Prolific for Experiment 2. Following manipulated training, respondents rate nonsense words on eleven-point scales for liking or perceived ease of pronunciation. These collected preference and subjective-experience ratings are used in the reported analyses, satisfying both team collection and questionnaire criteria. The memory training component and use of another study's materials do not change ownership of the new participant responses."
85088661562,10.1016/j.jesp.2020.104027,Journal of Experimental Social Psychology,2020,Allocating moral responsibility to multiple agents,YES,"[{""quote"": ""156 participants from Amazon's Mechanical Turk who each received $1.00 for participation"", ""location"": ""PDF page 3, Experiment 1: Participants"", ""source"": ""main""}, {""quote"": ""We measured judgments of blameworthiness for each company"", ""location"": ""PDF page 3, Attribution of responsibility"", ""source"": ""main""}]","Experiment 1's methods describe the team's recruitment and payment of MTurk participants, sample-size decisions and randomized scenario assignment. Respondents answer structured ratings about corporate blame, intention and deserved fines, plus a blame-allocation question. These express moral beliefs and preferences, with the questionnaire and data belonging to the team's experiment. That component alone meets both criteria, independent of the separate real court comparison."
85059965015,10.1016/j.jesp.2019.01.003,Journal of Experimental Social Psychology,2019,Changing impressions: Moral character dominates impression updating,YES,"[{""quote"": ""We advertised the study on campus"", ""location"": ""Text segment 3, Experiment 1, Participants"", ""source"": ""main""}, {""quote"": ""What is your global impression of this individual ?"", ""location"": ""Text segment 3, Experiment 1, Material and procedure"", ""source"": ""main""}]","The authors recruited 40 Italian students for Experiment 1 and administered their own computer-based laboratory study in E-Prime. On each trial participants answered a structured question about their global impression of a person on a seven-point negative-to-positive rating scale, then answered again after additional behavioral information. These evaluative attitude/belief responses are the analyzed outcomes, not merely recognition accuracy or reaction times. The described own administration and repeated structured judgment questions satisfy both criteria; online survey branding is unnecessary."
85048490203,10.1016/j.jesp.2018.04.009,Journal of Experimental Social Psychology,2018,About face: Memory for transgender versus cisgender targets' facial appearance,YES,"[{""quote"": ""we enrolled 370 participants via Amazon's Mechanical Turk (MTurk)"", ""location"": ""Text segment 2, Study 1—Participants and design"", ""source"": ""main""}, {""quote"": ""The first two questions assessed expectations of the target's facial gender congruence."", ""location"": ""Text segment 3, Study 1—Procedure"", ""source"": ""main""}]","The researchers enrolled their own MTurk sample for Study 1 and randomized participants to target descriptions varying assigned sex and current gender identity. Participants then answered questions rating how feminine or masculine they expected the as-yet-unseen face to appear on 101-point scales. These are questionnaire reports of expectations elicited after experimental information, and the article analyzes them as its outcome. This directly establishes team collection and eligible survey-experiment responses, regardless of the later face-memory tasks."
85014967903,10.1016/j.jesp.2017.02.006,Journal of Experimental Social Psychology,2017,The Self-Referencing task: Theoretical overview and empirical evidence,YES,"[{""quote"": ""all studies using the SR task that we ran"", ""location"": ""Text segment 4, Method"", ""source"": ""main""}, {""quote"": ""employing the original datasets of the 53 studies, using participant-level data"", ""location"": ""Text segment 5, Meta-analytic computation"", ""source"": ""main""}]","Although described as a single-lab meta-analysis, this paper explicitly reanalyzes original participant-level datasets from 53 experiments the authors themselves ran, rather than only synthesizing published effect sizes. The explicit-attitude outcomes include semantic differentials, feeling thermometers and gut-feeling ratings about groups or brands (segment 5), so the reused data include substantive reported attitudes/preferences. Documented actual reuse of the team's own questionnaire responses meets both current criteria; the meta-analytic statistical framework alone does not negate it."
84949921874,10.1016/j.jesp.2015.10.010,Journal of Experimental Social Psychology,2016,A lesson in bias: The relationship between implicit racial bias and performance in pedagogical contexts,YES,"[{""quote"": ""Instructors completed a measure of explicit bias."", ""location"": ""Text segment 2, Study 1, Procedure"", ""source"": ""main""}, {""quote"": ""twenty-item Attitudes Toward Blacks"", ""location"": ""Text segment 2, Study 1, Explicit racial bias"", ""source"": ""main""}]","Study 1 describes the authors’ experiment with 210 Princeton students, including experimenters assigning teaching/learning roles and administering measures after the lesson. Instructors completed the twenty-item Attitudes Toward Blacks scale as an explicit prejudice questionnaire. Those responses were analyzed as a covariate and predictor of learner performance, with the same instructor responses also used in Study 2. This is own collected structured attitude data. The implicit priming task, observer-coded behavior, and history performance test are separate measures and do not undermine the qualifying explicit-attitude component."
105013569217,10.1111/jofi.13476,Journal of Finance,2025,The Impact of the Financial Education of Executives on the Financial Practices of Medium and Large Enterprises,YES,"[{""quote"": ""Using face-to-face surveys, we asked managers in the treatment group about changes in financial policies implemented since the first intervention."", ""location"": ""PDF page 19, Measuring Outcomes: Follow-Up Survey and Financial Reports"", ""source"": ""main""}]","The team reports directly administering follow-up face-to-face surveys to treatment and control company managers approximately 15 months after its financial-education intervention. Managers reported implemented financial-policy changes; page 18 also explains that survey instruments measure intended and realized policy changes, and page 20 confirms using these responses as outcomes. Thus the researchers collected questionnaire reports of behavior and intentions used in this article. Externally obtained KPMG financial records are another component and do not remove the eligible survey collection. Interviewer-administered surveys qualify under the current criteria."
85185112455,10.1111/jofi.13311,Journal of Finance,2024,Choosing to Disagree: Endogenous Dismissiveness and Overconfidence in Financial Markets,NO,"[{""quote"": ""While an empirical analysis of this type is beyond the scope of the current paper"", ""location"": ""PDF page 34, Predictability of Forecast Errors"", ""source"": ""main""}, {""quote"": ""We develop a model"", ""location"": ""PDF page 35, Concluding Remarks"", ""source"": ""main""}]","The paper develops and solves a formal financial-market model of anticipatory utility, endogenous beliefs and trading. The methods specify hypothetical securities/investors and distributional assumptions; the implications sections derive return moments and forecast-error predictions and explicitly leave empirical testing to future work. The conclusion and appendices contain numerical model extensions, welfare analysis and proofs. Cited empirical findings supply context, with no newly collected or reused team questionnaire responses. Hence it is theoretical/simulation work without an eligible study."
85143276771,10.1111/jofi.13188,Journal of Finance,2023,Optimal Financial Transaction Taxes,NO,"[{""quote"": ""using information from the World Federation of Exchanges database"", ""location"": ""PDF p.30, Section 5.2, Optimal tax calibration (printed p.28)"", ""source"": ""main""}, {""quote"": ""This paper studies the welfare implications of taxing financial transactions in an equilibrium model"", ""location"": ""PDF p.37, Conclusion (printed p.35)"", ""source"": ""main""}]","The inspected source is the September 2020 NBER working-paper version. Its components are a theoretical investor model, equilibrium and optimal-tax derivations, numerical calibration and sensitivity analysis, and mathematical robustness/extensions. The empirical calibration uses published estimates from Colliard and Hoffmann and Koijen and Yogo plus World Federation of Exchanges trading/turnover information. Investor beliefs and preferences are modeled assumptions, not elicited questionnaire responses. The quantitative assessment and all listed extensions describe calculations/simulations rather than respondent research. No component establishes team collection or current reuse of its own questionnaire responses, and no questionnaire response set is used."
85139998174,10.1111/jofi.13184,Journal of Finance,2022,Loan Terms and Collateral: Evidence from the Bilateral Repo Market,NO,"[{""quote"": ""The raw data consist of 297,606 daily observations of 16,807 repurchase agreements with 54 lenders"", ""location"": ""PDF page 8, Data Description"", ""source"": ""main""}]","The research combines existing hedge-fund portfolio and loan-contract records with credit ratings, Bloomberg/FISD/Moody's security information, FRED rates and TASS fund records. Pages 6–11 detail these sources and variables. The additional component on pages 23–25 calibrates and simulates a financial model using transaction prices. The lender-type and dynamic maturity analyses on pages 30–38 likewise use the same financial records; inferred optimism, risk beliefs and rollover intentions are model/behavioral interpretations, not questionnaire answers. No reported component collects or analyzes participant questionnaire responses. Hand-collecting market records does not satisfy the team's questionnaire-collection criterion."
85102339256,10.1111/jofi.13015,Journal of Finance,2021,Report of the Editor of The Journal of Finance for the Year 2020,NO,"[{""quote"": ""Table I details the number and timing of submissions received throughout the year"", ""location"": ""PDF page 1, editorial report"", ""source"": ""main""}, {""quote"": ""Table V summarizes the primary affiliations of the authors"", ""location"": ""PDF page 4, editorial report"", ""source"": ""main""}]","This annual editorial report summarizes manuscript administration, turnaround, editorial decisions, publication counts, citations/impact factors, author affiliations and journal operations. Its tables derive from journal records and citation reports, not a research questionnaire. The closing description of associate-editor prize nominations and balloting concerns journal administration and only lists selected award papers; it does not report a study analyzing questionnaire responses. No eligible original or reused survey study is present."
85090047338,10.1111/jofi.12951,Journal of Finance,2020,False (and Missed) Discoveries in Financial Economics,NO,"[{""quote"": ""We start with Standard and Poor’s Capital IQ (CAPIQ) database"", ""location"": ""PDF p.17, II.A.1 Data Description (printed p.2519)"", ""source"": ""main""}, {""quote"": ""Our mutual fund data are obtained from the Center for Research in Security Prices"", ""location"": ""PDF p.36, II.C.1 Data Description (printed p.2538)"", ""source"": ""main""}]","The methodological framework is evaluated through investment-strategy data, anomaly-return data, simulations, and mutual-fund performance applications. The first application uses 484 historical CAPIQ strategies and 18,113 anomalies supplied from Yan and Zheng; the second uses CRSP mutual fund returns with factors from Ken French. The additional simulation and appendix exercises resample or modify these financial return records. The paper analyzes no respondent questionnaire data; investor beliefs mentioned in the statistical discussion are hypothetical choices of prior parameters. Consequently neither own questionnaire collection nor research use of qualifying questionnaire responses is present in any reported component."
85067843347,10.1111/jofi.12817,Journal of Finance,2019,The Best of Both Worlds: Accessing Emerging Economies via Developed Markets,NO,"[{""quote"": ""UN Comtrade provides trade information at the industry level for country pairs."", ""location"": ""PDF page 5, Accessing Emerging Economies via Developed Markets—Data"", ""source"": ""main""}, {""quote"": ""FactSet Revere uses 10-K and other corporate filings"", ""location"": ""PDF page 33, Firm-Level Analysis"", ""source"": ""main""}]","Both empirical components analyze existing economic and financial records. The industry-level portfolio construction uses UN Comtrade exports and Datastream/MSCI, Morningstar, CRSP, World Bank and published factor data (pages 5–8). The separate firm-level analysis uses FactSet Revere geographic and supply-chain data derived from corporate filings (pages 31–37). Diversification, return, risk, certainty-equivalent and robustness results are calculations from these records and models, not collected answers from investors or executives. Neither component includes participant questionnaires collected or commissioned by the research team."
85050621304,10.1111/jofi.12688,Journal of Finance,2018,Estimating Private Equity Returns from Limited Partner Cash Flows,NO,"[{""quote"": ""We use the cash flow data set of Preqin as of October 2015"", ""location"": ""PDF page 21, II. Data"", ""source"": ""main""}, {""quote"": ""We generate cash flows"", ""location"": ""PDF page 9, C. Simulations"", ""source"": ""main""}]","The paper develops a return-estimation method, validates it with simulated cash flows and listed-market investments, then applies it to Preqin pension-fund cash-flow/NAV records obtained through information requests. Comparisons use published Burgiss statistics, financial indices, factor returns and macroeconomic series. The market-segmentation test likewise uses these external financial measures. Neither these records nor manager valuations embedded in fund reporting are an author-collected questionnaire, and no other participant survey component is reported."
85025097217,10.1111/jofi.12520,Journal of Finance,2017,The Front Men of Wall Street: The Role of CDO Collateral Managers in the CDO Boom and Bust,NO,"[{""quote"": ""The sample of CDOs is the union of two data sources: Barclays Live and Pershing Square Capital’s Open Source Model."", ""location"": ""PDF p.7, II Data (printed p.1899)"", ""source"": ""main""}]","The empirical components analyze CDO deals, managers, collateral, contractual incentives, personnel characteristics, and affiliated mutual-fund flows. The author builds data from Barclays Live, Pershing Square, Moody’s, Bloomberg, deal prospectuses, regulatory filings, reports, and other existing records. Personnel experience and education come from prospectus biographies; manager optimism is inferred from contractual fee/equity choices rather than elicited beliefs. The additional reputational analysis uses observed fund flows and returns, and appendix robustness checks reuse these same financial/document sources. Own assembly/coding of archival data does not constitute own questionnaire collection. No reported component uses a questionnaire response set about attitudes, experiences, or reported behavior."
84966605811,10.1111/jofi.12288,Journal of Finance,2016,Asymmetric Information about Collateral Values,NO,"[{""quote"": ""The first data set contains the universe of ownership-changing deeds in Arizona between 2000 and 2011."", ""location"": ""PDF page 9, Data Description"", ""source"": ""main""}]","The author tests a theoretical lending model with existing Arizona property deeds, tax assessments, HMDA mortgage applications, USDA soil records and household information obtained from Acxiom (pages 8–11). Further property-damage evidence comes from coding existing Trulia listing descriptions (pages 32–33); subsequent lender-rate analyses and welfare discussion use these records and the model (pages 34–39). No reported component elicits participant questionnaire responses. The USDA Soil Survey is geographic soil information, and the Criterium Engineers survey is a cited external finding, not the author's own participant-response collection. Combining these administrative/company/publication sources therefore fails the required collection-and-questionnaire criteria."
105001507531,10.1016/j.jfineco.2025.104057,Journal of Financial Economics,2025,Reaching for yield: Evidence from households,NO,"[{""quote"": ""account-level transaction data from a large national brokerage firm in China"", ""location"": ""Text segment 10, 3.1 Data"", ""source"": ""main""}, {""quote"": ""an annual longitudinal survey conducted by Peking University"", ""location"": ""Text segment 18, Appendix F"", ""source"": ""main""}]","The main analyses use brokerage transaction/cash-balance records for roughly two million investors plus external interest-rate, stock-market and macroeconomic series. Model calibration, heterogeneity and robustness analyses use those same records. Appendix F additionally analyzes mortgage/homeownership responses from CFPS, explicitly attributed to Peking University's independent longitudinal survey, with no team collection or commissioning role described. Thus the auxiliary questionnaire component is external, and the team's other work contains no qualifying survey collection or own-response reuse."
85186092035,10.1016/j.jfineco.2024.103807,Journal of Financial Economics,2024,Siphoned apart: A portfolio perspective on order flow segmentation,NO,"[{""quote"": ""We assume away information asymmetry so as to mute channels already analyzed by previous literature."", ""location"": ""Text segment 3, Section 2.1 Setup"", ""source"": ""main""}, {""quote"": ""we now explore the model's predictions"", ""location"": ""Text segment 8, Section 4 Predictions"", ""source"": ""main""}]","This is a theoretical market-microstructure paper. The core components derive liquidity-supply equilibria, apply the model to payment for order flow, calculate comparative statics and welfare, and extend the model to midpoint dark pools and dynamic trading. Parameter discussions and numerical illustrations draw on published market evidence, official statements, and trading-volume estimates; they do not collect respondent data. Appendix extensions are further mathematical models. There is no author-collected questionnaire response set or current analysis of its own earlier responses. Modelled investor choices, beliefs, and preferences are assumptions, not structured questionnaire answers."
85170541743,10.1016/j.jfineco.2023.103709,Journal of Financial Economics,2023,When large traders create noise,NO,"[{""quote"": ""we combine the three quarterly price informativeness measures as constructed in Sammon (2021) with the annual KLD index data"", ""location"": ""Text segment 13, Appendix B—Motivating evidence"", ""source"": ""main""}]","The article develops and analyzes a theoretical trading model (segments 3–4), with model extensions, interpretations and policy implications described in segments 9–10. Its empirical appendix combines existing Sammon price-informativeness measures, externally constructed MSCI KLD ESG scores and Compustat/CRSP firm records (segments 13–14). The PwC and Natixis investor surveys in section 9.1 are expressly external surveys cited to motivate the theory; the team neither collected nor commissioned those responses. All reported components therefore lack eligible team-collected questionnaire responses: model traders are theoretical, and the empirical component uses existing financial data."
85112454644,10.1016/j.jfineco.2021.10.002,Journal of Financial Economics,2022,Token-based platform finance,NO,"[{""quote"": ""The rest of parameters are to illustrate the qualitative implications of the model"", ""location"": ""Text segment 9, parameterization before section 4.2"", ""source"": ""main""}]","This is a theoretical dynamic platform-finance model, not a participant-data study. The model setup, calibrated/numerical equilibrium illustrations, comparative statics, and commitment and fee extensions specify hypothetical users and token demand mathematically. Parameters are chosen or taken from earlier financial studies; the conclusion summarizes these model implications. Across the reported components there is no collection or analysis of questionnaire responses, so neither qualifying team-collected survey data nor questionnaire measurement is established."
85090478697,10.1016/j.jfineco.2020.08.018,Journal of Financial Economics,2021,Stock market liberalization and innovation,NO,"[{""quote"": ""we use Bureau van Dijk's Orbis patent database"", ""location"": ""Text segment 9, Section 2.1 Data and sample"", ""source"": ""main""}, {""quote"": ""we extract industry-level data from the United Nations Industrial Development Organization (UNIDO) Industrial Statistics database"", ""location"": ""Text segment 9, Section 2.1 Data and sample"", ""source"": ""main""}]","The main panel and robustness analyses combine Orbis/PATSTAT patent records with externally compiled liberalization dates, UNIDO industry statistics, Penn World Table indicators, and financial/institutional databases. All additional components—financing, risk-sharing and governance channels; existing versus IPO and private firms; patent originality and foreign citations; productivity and capital allocation—use these archival measures and further external financial records such as Datastream, Compustat and SDC. The NSF innovation survey appears as a published background statistic, not an author-collected response set. No reported component establishes collection/commissioning of questionnaire responses by this team or use of its own earlier questionnaire responses."
85073515239,10.1016/j.jfineco.2019.08.007,Journal of Financial Economics,2020,Portfolio rebalancing in general equilibrium,NO,"[{""quote"": ""we plot nonparametric estimates of stock share as a function of age from three waves of the Survey of Consumer Finances"", ""location"": ""Text segment 2, Introduction—empirical illustration"", ""source"": ""main""}]","The article's empirical illustration reanalyzes 2004, 2007 and 2010 Survey of Consumer Finances observations (segment 2); it does not describe the authors collecting or commissioning those established survey responses. Its other component is an overlapping-generations model, numerical solution and 10,000 model simulations (segments 6–8 and 11). Risk-tolerance parameters match three published moments from the coauthors' earlier Kimball et al. study, rather than documenting current analysis or reuse of that study's underlying questionnaire responses. Thus the external SCF component fails team collection and the theoretical/simulation component supplies no participant questionnaire data. No eligible collection is established in any reported component."
85055896636,10.1016/j.jfineco.2018.10.003,Journal of Financial Economics,2019,What a difference a (birth) month makes: The relative age effect and fund manager performance,YES,"[{""quote"": ""We run the survey using respondents on Amazon's Mechanical Turk platform."", ""location"": ""Text segment 9, section 4.1"", ""source"": ""main""}, {""quote"": ""pick which of the two people looked more confident"", ""location"": ""Text segment 9, section 4.1"", ""source"": ""main""}]","Alongside the financial-record analyses, the team designed and ran an MTurk survey using 2,000 pairwise photographs of fund managers. They report paying 34 respondents per evaluation and analyzing their structured choices about which manager appeared more confident. These are questionnaire judgments/beliefs about others, collected by the authors themselves. Section 4.2 also reports parallel reliability and attractiveness questions. This survey component satisfies both criteria regardless of the archival main performance analyses."
85050483191,10.1016/j.jfineco.2018.07.010,Journal of Financial Economics,2018,Home away from home? Foreign demand and London house prices,NO,"[{""quote"": ""We use two micro-level databases of housing transactions in the UK"", ""location"": ""Text segment 8, Section 3 Data"", ""source"": ""main""}, {""quote"": ""We use census data from the Office for National Statistics (ONS)"", ""location"": ""Text segment 8, Section 3 Data"", ""source"": ""main""}]","All empirical components use external records: Land Registry property transactions and foreign-company ownership, Nationwide mortgage valuations, Real Capital Analytics commercial transactions, ONS census distributions, National Insurance registrations, visa statistics, and externally produced ICRG/Polity risk measures. The main price/volume analysis, robustness and placebo simulations, and additional capital-flow/migration mechanisms use these sources. Preferences and safe-haven motives are inferred from observed behavior; the authors do not elicit them through a questionnaire. Census information is independently collected government data, and real-estate agency reports are external validation sources. Neither own collection/commissioning nor reuse of this team’s own questionnaire responses is established."
85019602948,10.1016/j.jfineco.2017.04.008,Journal of Financial Economics,2017,What do measures of real-time corporate sales say about earnings surprises and post-announcement returns?,NO,"[{""quote"": ""Each data source contains billions of individual activities, such as web searches and downloads, by users."", ""location"": ""Text segment 8, Real-time corporate sales indexes"", ""source"": ""main""}]","The study obtains device-activity records from MKT Mediastats and derives store-visit/shopping proxies from observed searches, directions requests and coupon downloads. These are passively recorded behaviors, not elicited questionnaire intentions. The other data are CRSP market records, analyst forecasts, Compustat financial statements, managers' publicly issued forecasts, conference-call text and insider trades (segments 7–8 and 11–13). The additional managerial-discretion and insider-trading analyses all use those records. No component collects or commissions participant answers through a survey or survey experiment, even though the derived measures are interpreted as consumer intentions or managers' private information."
84956667426,10.1016/j.jfineco.2015.09.009,Journal of Financial Economics,2016,The cross-sectional variation of volatility risk premia,NO,"[{""quote"": ""We employ daily data from OptionMetrics for the S&P 100 Index options"", ""location"": ""Text segment 5, section 3 Data"", ""source"": ""main""}]","The study estimates asset-pricing models using OptionMetrics prices, stock and portfolio returns, Federal Reserve yields and indices, BEA national accounts, and stockholder-consumption factors derived from another paper's published coefficients. The empirical portfolios, financial-stress analyses, and appendix robustness checks all use these financial or external aggregate series. A manufacturing survey enters an externally produced economic index, not a questionnaire conducted by this team. No reported component collects or reanalyzes the authors' own questionnaire responses."
105013550176,10.1086/730542,Journal of Labor Economics,2025,Geographic Mobility of Youth and Spatial Gaps in Local College and Labor Market Opportunities,NO,"[{""quote"": ""I use the NLSY97 to obtain information about basic personal characteristics and records of education, employment, and migration."", ""location"": ""PDF p.14, Section 3.1 Individual-Level Data"", ""source"": ""main""}]","The March 2024 author manuscript uses existing NLSY97 interviews from 1997–2017, merged with IPEDS college data, census/location data and published Chetty–Hendren estimates. NLSY97 contains qualifying questionnaire reports of education, work, and migration, but it is an independently conducted longitudinal survey that the sole author analyzes, not a survey he collected or commissioned. Appendix A details selecting respondents and constructing variables from the existing questionnaire. The model estimates, fit exercises and counterfactual policy/geographic simulations all use these external data; no additional author-collected response component is reported. Criterion 1 therefore fails even though some external data meet the questionnaire-content criterion. Final-version equivalence remains unverified as noted in the source record."
85202863989,10.1086/725554,Journal of Labor Economics,2024,Is Parental Leave Costly for Firms and Coworkers?,NO,"[{""quote"": ""Our administrative data were collected from several sources and cover the universe of Danish firms and workers from 2001 to 2013."", ""location"": ""PDF page 12, Data"", ""source"": ""main""}]","In the available 2020 NBER working-paper version, the study links Danish person and firm registries, education/employment databases, benefit and pension contributions, wage payments and VAT records (pages 12–15). These sources supply all worker, coworker and firm outcomes for the difference-in-differences design. Additional mother, coworker-fertility, workforce-composition and occupation analyses use the same records (appendix pages 68, 71, 91 and 94). The related-study surveys discussed in the literature review belong to other researchers. The authors do not collect or commission participant questionnaire responses in any reported component; administrative linkage and causal analysis do not qualify. Equivalence to the final 2024 article has not been checked."
85175027786,10.1086/721655,Journal of Labor Economics,2023,Searching with Friends,YES,"[{""quote"": ""We conduct a baseline interview, before the start of the transport intervention"", ""location"": ""PDF page 11, section 3.2 The network survey"", ""source"": ""main""}, {""quote"": ""labor market experience and job search decisions, measures of preferences and aspirations"", ""location"": ""PDF page 12, section 3.2 continuation"", ""source"": ""main""}]","The authors explicitly describe their own network survey: randomly selecting 165 original participants, asking them to name job-search partners, sampling 596 partners, and conducting baseline and six-month endline interviews. These questionnaire interviews collect reported social interaction, work and job-search experience, preferences and aspirations, which are analyzed as intervention outcomes. The detailed first-person collection establishes team responsibility and the substantive questions establish questionnaire data. The accessible source is an accepted manuscript; equivalence to final publication is unverified."
85124813092,10.1086/717730,Journal of Labor Economics,2022,Does Ageist Language in Job Ads Predict Age Discrimination in Hiring?,NO,"[{""quote"": ""Our experimental measure of discrimination comes from NBB’s large and comprehensive resume-correspondence study of age discrimination."", ""location"": ""Text segment 3, Background and Data from the Resume-Correspondence Study"", ""source"": ""main""}, {""quote"": ""we scrape the text"", ""location"": ""Text segment 4, Methods"", ""source"": ""main""}]","The researchers analyze their earlier correspondence experiment’s callbacks to fictitious job applications, link those behavioral outcomes to scraped job-ad text, and train language-similarity measures on Wikipedia. Their stereotype lists come from reviewing earlier published studies. Supplemental and appendix analyses change outcome definitions, text corpora, phrase scoring and model specifications using the same data. None of these is a questionnaire administered to respondents: callbacks and naturally posted ads are observed behavior/text. A separate recruiter vignette survey coauthored by Burn is cited in the literature notes but its responses are not reanalyzed here. Thus own experimental collection is present, but no qualifying questionnaire component is reported. The inspected source is the PMC author manuscript."
85112248634,10.1086/712611,Journal of Labor Economics,2021,Investment over the business cycle: Insights from college major choice,NO,"[{""quote"": ""We accessed the ACS through the IPUMS web server"", ""location"": ""PDF page 13, Data Sources and Descriptives, footnote 13"", ""source"": ""main""}, {""quote"": ""We accessed these statistics using the PowerStats portal"", ""location"": ""PDF page 13, footnote 15, Baccalaureate and Beyond data"", ""source"": ""main""}]","The available 2015 IZA discussion paper combines existing 2009–2013 American Community Survey responses with public-use 1993 Baccalaureate and Beyond statistics and BLS unemployment rates. Page 13 explicitly describes access through IPUMS and the NCES PowerStats portal. The major-characteristic analyses (pages 16–22), earnings-bias calculations (pages 23–25), and appendix robustness analysis (page 44) derive from those same sources and analytical assumptions; no separate response collection is reported. Although the underlying surveys include qualifying reports, the team did not collect or commission them. Standardizing their major codes and analyzing a natural experiment do not satisfy collection responsibility. Final-version equivalence to the 2021 journal article has not been checked."
85075448018,10.1086/704609,Journal of Labor Economics,2020,Student loans and homeownership,NO,"[{""quote"": ""a nationally representative random sample of credit bureau records provided by TransUnion, LLC"", ""location"": ""PDF page 12, section 3 Data"", ""source"": ""main""}]","The empirical study merges TransUnion credit histories with National Student Clearinghouse and federal student-loan administrative records, College Board state-of-residence information, institutional tuition data, and external state economic series. Homeownership is inferred from mortgages, not asked in a team survey. The debt, credit, education, mechanism and robustness components use these records. External ACS and Beginning Postsecondary Students survey statistics are comparison/context sources, not team-collected questionnaires. No qualifying survey component is reported. This assessment is limited to the June 2017 FEDS manuscript; final-version equivalence is unverified."
85055466464,10.1086/698899,Journal of Labor Economics,2019,Allocating effort and talent in professional labor markets,NO,"[{""quote"": ""We obtained electronic versions of the data for the eight surveys conducted between 2007 and 2014."", ""location"": ""PDF p.56, Appendix D, Survey of Law Firm Economics (printed p.55)"", ""source"": ""main""}, {""quote"": ""conducted by the American Bar Association"", ""location"": ""PDF p.57, Appendix D, After the JD (printed p.56)"", ""source"": ""main""}]","The theoretical labor-market model is supplemented by two empirical questionnaire datasets: ALM Legal Intelligence’s annual Survey of Law Firm Economics and the American Bar Association’s After the JD longitudinal survey. Appendix D explicitly says the authors obtained pre-existing electronic ALM data, explains ALM’s independent client/directory sampling, and attributes AJD collection to the ABA team. Both surveys contain qualifying reports of work hours, compensation, employment history and positions, but the authors analyze independently collected surveys rather than their own or commissioned responses. The cross-sectional, panel, robustness and retrospective-history analyses all derive from these two sources; the other components are theoretical derivations. Criterion 1 fails. Assessment is based on the saved 2017 NBER version, with final-version equivalence unverified."
85050586954,10.1086/697524,Journal of Labor Economics,2018,Tower of babel in the classroom: Immigrants and natives in Italian schools,NO,"[{""quote"": ""The data on test scores used in this paper are collected by the Italian National Institute for the Evaluation of the Education System (INVALSI)."", ""location"": ""PDF page 7, The data"", ""source"": ""main""}]","The accepted manuscript analyzes the pre-existing 2009–2010 INVALSI assessment and school records. INVALSI collected the test scores; school administrations collected the accompanying socioeconomic variables (pages 7–9). Extra enrollment files were provided by INVALSI, and another research team supplied a score-manipulation indicator. All grade, language/math, immigrant-definition and manipulation robustness analyses use those same external sources (pages 19–23). The team did not collect or commission any of these participant responses. Even if background reports meet the questionnaire-content criterion, they fail team ownership; the main achievement tests alone also are not questionnaires under the prompt. Final-version equivalence of the accepted manuscript has not been checked."
85021737467,10.1086/691278,Journal of Labor Economics,2017,The impact of expanding access to early childhood education services in rural Indonesia,YES,"[{""quote"": ""We implemented three surveys between 2009 and 2013."", ""location"": ""PDF page 9, section III.A Evaluation Design"", ""source"": ""main""}, {""quote"": ""we collected selfreports from the primary caregiver"", ""location"": ""PDF page 15, footnote 17, parenting-practice measures"", ""source"": ""main""}]","The authors sampled intervention and comparison villages and implemented baseline, midline and endline surveys, explicitly describing procurement of the survey firm. Caregivers answered structured EDI questionnaires of 47 or 103 items about children's development and self-reported parenting practices, and supplied enrollment histories. These responses enter the treatment-outcome and subgroup analyses. This establishes commissioned/team-directed data collection and questionnaire measurement of experiences and reported behavior. The separately merged external village census does not change eligibility of the team's surveys."
84951830414,10.1086/682366,Journal of Labor Economics,2016,Did the job ladder fail after the great recession?,NO,"[{""quote"": ""Recently, the BLS published this information also by size of the establishment"", ""location"": ""PDF p.7, Section 2.1 Worker flows by size (printed p.5)"", ""source"": ""main""}, {""quote"": ""We supplement JOLTS with information on gross worker flows from the monthly CPS."", ""location"": ""PDF p.9, Gross flows (printed p.7)"", ""source"": ""main""}]","The article analyzes independently collected BLS JOLTS employer reports and CPS worker information, with QCEW, SUSB, BED and CES evidence for additional descriptive comparisons. The authors merge published time series, estimate labor flows and calibrate a dynamic job-ladder model; appendix wage-size and employment-share analyses use the same government programs. These surveys include reports of employment and hiring behavior, but the source explicitly attributes sampling/collection and publication to the external government programs, not the present authors. Model calibration and simulated reclassification add no respondent collection. No current component uses the team’s own questionnaire responses, so collection-responsibility criterion 1 fails."
85195149221,10.1177/01492063241252762,Journal of Management,2025,Leveraging the Dominant Pole: How Champions of an Industry-Wide Environmental Alliance Navigate Coopetition Paradoxes,NO,"[{""quote"": ""We conducted 114 semi-structured interviews with oil sands managers and industry experts"", ""location"": ""PDF page 8, Data Collection—Interviews"", ""source"": ""main""}]","The team directly collected a longitudinal qualitative case study, but its complete data-collection account comprises 114 semistructured, evolving in-depth interviews, 117 hours of observed meetings/retreats/conferences, and archival documents/media (pages 6–10, Table 1). Interview questions developed with emergent themes and were transcribed and qualitatively coded; no structured questionnaire component is reported. The validation step on page 13 shares the emerging model in meetings with COSIA members and champions and incorporates their reactions, without questionnaire ratings or answers. Thus collection responsibility is met for qualitative material, while all reported components fail the survey/questionnaire criterion. The available publisher-formatted advance version may have different final issue pagination."
85174960599,10.1177/01492063231204870,Journal of Management,2024,"Who Learns Fastest, Wins: Lean Startup and Discovery Driven Growth",NO,"[{""quote"": ""This essay will explore the similarities and differences between the two approaches"", ""location"": ""PDF page 2, Introduction"", ""source"": ""main""}, {""quote"": ""the empirical research that preceded its publication"", ""location"": ""PDF page 14, The Perilous Practice of Innovation"", ""source"": ""main""}]","This conceptual essay compares Lean Startup and Discovery-Driven Growth using literature and illustrative business histories. Pages 11–14 describe McGrath's earlier survey research on 58 innovation projects, including its questionnaires and prior findings, but explicitly tie that work to the cited 1990s/2001 studies and the empirical research preceding DDG. The current essay does not conduct a survey or reanalyze those earlier participant responses; it uses their published findings to explain theoretical origins. The remaining components are conceptual comparisons, examples, and future research proposals. Thus the own-prior-data allowance does not apply."
85133597291,10.1177/01492063221106430,Journal of Management,2023,Getting Outdoors After the Workday: The Affective and Cognitive Effects of Evening Nature Contact,YES,"[{""quote"": ""we recruited 130 employees"", ""location"": ""PDF p.15, Study 1 Methods, Sample and Procedures"", ""source"": ""main""}, {""quote"": ""participants began receiving three surveys per workday for a period of three weeks"", ""location"": ""PDF p.15, Study 1 Methods, Sample and Procedures"", ""source"": ""main""}]","Study 1 explicitly describes author recruitment of university employees and nominated coworkers, followed by baseline and repeated daily surveys; 199 participants contributed 1,570 complete daily responses. Participants reported prior-evening outdoor time through a numerical slider and rated affect, mental depletion, work effort, nature connectedness and sleep experience through structured scales. These reports are analyzed in the article and establish both own collection and qualifying experiences, attitudes and reported behavior. The larger collection effort is not described as an independent external survey. Main methods suffice. Source is the repository author manuscript, whose final-version equivalence remains unverified."
85104374923,10.1177/0149206321997912,Journal of Management,2022,Lost Control Driving Home: A Dual-Pathway Model of Self-Control Work Demands and Commuter Driving,YES,"[{""quote"": ""were invited to complete an online background survey and then online diaries immediately after work and again after their commute home"", ""location"": ""PDF page 8, Study 1—Method"", ""source"": ""main""}]","Study 1 describes the team's own UK recruitment and July–September 2017 diary collection, with responses matched to telematics for 55 commuters across 499 days. Its daily five-point questionnaire items assess experienced distractions, impulse-control demands, cognitive/emotional demands and fatigue; postcommute items assess passengers and experienced travel conditions (pages 8–10). These are team-collected questionnaire reports used in the analyses. The objective driving-speed data are an additional component. Both online and paper diaries qualify, and this study alone establishes YES."
85096721306,10.1177/0149206320969791,Journal of Management,2021,Platform Competition: A Systematic and Interdisciplinary Review of the Literature,NO,"[{""quote"": ""We collected additional data for the 333 articles"", ""location"": ""PDF page 25, Appendix A Methods, Collection of data from articles"", ""source"": ""main""}]","The study systematically identifies 333 publications through Web of Science and citation searches, codes their methods/themes/settings, and analyzes citation networks and literature trends. Appendix A specifies that these articles, bibliographic records and coded content constitute the data. The four thematic syntheses and future-research discussion summarize existing work rather than collect or reanalyze participant questionnaires. No separate survey component is reported, so article coding and bibliometric analysis do not meet the questionnaire criterion. The source is the complete online-first version; final issue-version equivalence is unverified."
85084589250,10.1177/0149206320914694,Journal of Management,2020,Network Brokerage: An Integrative Review and Future Research Agenda,NO,"[{""quote"": ""two authors on our research team read and coded all of the high-impact articles"", ""location"": ""PDF p.95, Methodological Supplement, Step 5"", ""source"": ""main""}, {""quote"": ""the final population for our review is composed of 170 articles"", ""location"": ""PDF p.95, Methodological Supplement, Step 6"", ""source"": ""main""}]","The main paper and included methodological supplement describe an integrative literature review: database searches, relevance/impact screening, author coding of 170 published articles, conceptual synthesis and a future research agenda. The large supplementary table summarizes those existing studies and their reported samples/findings rather than reanalyzing the authors’ own questionnaire responses. Discussions of survey approaches, experiments, and new data sources are literature descriptions or proposals for future work. No reported study component collects or commissions a questionnaire or currently reuses the team’s own responses. Author coding of articles is not questionnaire administration to respondents."
85053446221,10.1177/0149206316672532,Journal of Management,2019,"Delighting the Customer: Creativity-Oriented High-Performance Work Systems, Frontline Employee Creative Performance, and Customer Satisfaction",YES,"[{""quote"": ""the first author visited each branch to personally distribute questionnaires to 358 FLEs"", ""location"": ""PDF page 9, Sample and Procedure"", ""source"": ""main""}, {""quote"": ""Respondents indicated the frequency with which they engaged in each activity"", ""location"": ""PDF page 11, Creative process engagement"", ""source"": ""main""}]","The main study's paper questionnaires were distributed and collected directly by the first author at the participating Lithuanian branches, with 329 employee responses and 51 manager responses. Employee items assess personal experience of HR practices, need satisfaction, and reported creative activities, while managers provide performance ratings (pages 9–11). This clearly meets both team collection and questionnaire content. The separate scale-validation survey is also described as the authors' collection. Company-provided customer-satisfaction records are external, but do not affect the eligible employee/manager questionnaires. The available online-first version's final issue equivalence is unverified."
85018659629,10.1177/0149206316628643,Journal of Management,2018,"The Business Case for Women Leaders: Meta-Analysis, Research Critique, and Path Forward",NO,"[{""quote"": ""our final sample included k = 78 studies"", ""location"": ""PDF page 11, Literature Search and Inclusion Criteria"", ""source"": ""main""}, {""quote"": ""we were reliant on the availability of variables in sufficient numbers from others’ research"", ""location"": ""PDF page 13, Moderator analysis"", ""source"": ""main""}]","The quantitative component is a meta-analysis of published/unpublished study correlations from 78 studies, with external Project GLOBE country scores for a moderator. The authors correct and aggregate reported effects; they do not collect or reanalyze their own participant questionnaire responses. The later critique, three study exemplars, and research agenda describe other investigators' work or proposed future surveys, rather than additional empirical studies by this team. Across these components no eligible team-conducted questionnaire study is reported."
85009487455,10.1177/0149206314535444,Journal of Management,2017,When More Is Not Enough: Executive Greed and Its Influence on Shareholder Wealth,YES,"[{""quote"": ""we also surveyed a multidisciplinary independent panel of experts"", ""location"": ""PDF p.13, Method, expert panel (printed p.567)"", ""source"": ""main""}, {""quote"": ""Please indicate the extent to which you agree with the following statements using the following scale"", ""location"": ""PDF p.26, Appendix B, expert panel survey (printed p.580)"", ""source"": ""main""}]","In addition to archival analyses of executive compensation and shareholder returns and 12 flexible qualitative interviews, the authors conducted their own survey of eight experts: four academics and four senior executives. Appendix B gives common open-ended definition questions and nine explicitly structured 1–5 agreement items about greed, self-interest, compensation and hubris, with item means reported. These are experts’ beliefs and judgments, collected by the team to develop and distinguish the study’s constructs. The panel being independent means independent experts, not an independently conducted external survey. This ancillary questionnaire meets both criteria despite the archival main analysis; the semistructured interview component need not qualify."
84979901982,10.1177/0149206313506938,Journal of Management,2016,The Variety of Governance Structures Beyond Market and Hierarchy,YES,"[{""quote"": ""The final questionnaire was personally administered to the respondents to ensure their commitment."", ""location"": ""PDF page 16, Method—Sample and Data Collection continuation"", ""source"": ""main""}]","The authors invited German construction corporations, obtained agreement from 17 firms, and collected reports from project managers about 223 transactions within 102 projects (pages 13–14). Page 16 explicitly describes pretesting and personally administering their final questionnaire. Respondents report their experience of actual project relationships, decision rights, pricing and contractual arrangements, controls and uncertainty using the study's items and scales. These are team-collected questionnaire reports of practices and experiences used to estimate governance structures. Interviewer administration qualifies; the expert interviews used in measurement development do not need to establish eligibility separately."
85201058566,10.1177/00222429241260637,Journal of Marketing,2025,Emotional Energy: When Customer Interactions Energize Service Employees,NO,"[{""quote"": ""We developed codes to capture the emotions and meanings of customer interactions"", ""location"": ""PDF page 18, Data Analysis"", ""source"": ""main""}]","The authors conduct ethnographic participant observation at nine Club Med resorts and 45–90-minute qualitative interviews with current/former staff. The interview guide invites extended accounts of relationships, memories and work-life balance; transcripts and fieldnotes are iteratively interpreted through qualitative coding. Two manager meetings validate interpretations, and the appended informant table describes the same interview sample. None of these components adds a survey/questionnaire measurement instrument: the source reports qualitative interviews and observation only. Team collection is clear but the questionnaire criterion is not met. This is an accepted manuscript with final-version equivalence unverified."
85185269088,10.1177/00222429231222269,Journal of Marketing,2024,Collaborating to Innovate: Balancing Strategy Dividend and Transactional Efficiencies,NO,"[{""quote"": ""We build our database from several archival sources."", ""location"": ""PDF p.12, Empirical Analyses, Data and Variables (printed p.11)"", ""source"": ""main""}, {""quote"": ""After merging, we were left with a final sample of 202 observations."", ""location"": ""PDF p.12, Empirical Analyses, Data and Variables (printed p.11)"", ""source"": ""main""}]","The study constructs 202 manufacturer–supplier collaboration observations from SDC Platinum, annual reports, Compustat, Thomson One, Factiva, Mergent, USPTO and ABI/Inform. Capabilities and strategic orientation are calculated from financial inputs, outputs and factor scores; innovation outcomes are patent citations and product announcements. Main regressions, construct validation, alternative measures and endogeneity/robustness analyses all use these archival variables. Survey measures are discussed as an alternative for intended strategy, not administered in this study. No own questionnaire collection or current reuse of team-collected questionnaire responses is reported in any component. The source is the September 2023 working-paper version; final-version equivalence is unverified."
85141395672,10.1177/00222429221081506,Journal of Marketing,2023,Gift or Donation? Increase the Effectiveness of Charitable Solicitation Through Framing Charitable Giving as a Gift,YES,"[{""quote"": ""After viewing the ad, participants indicated their intention to contribute to this charity campaign on three items"", ""location"": ""PDF page 15, Study 1—Method"", ""source"": ""main""}]","Study 1 describes recruiting 456 European residents through Prolific for the authors' experiment and randomly assigning three advertisement-framing conditions. The team collected seven-point questionnaire answers on contribution intentions and expected reciprocity and analyzed these responses (pages 15–16). Ownership is clearly implied by the authors' experiment procedures, and the responses concern intentions and beliefs. This establishes YES independently of later actual-donation field/laboratory components. The available source is the accepted manuscript; published-version equivalence is unverified."
85116363679,10.1177/00222429211023040,Journal of Marketing,2022,Shedding Light on the Dark Side of Firm Lobbying: A Customer Perspective,NO,"[{""quote"": ""obtain customer satisfaction data from the American Customer Satisfaction Index"", ""location"": ""PDF page 7, Sample and Data"", ""source"": ""main""}, {""quote"": ""we use earnings conference call transcripts"", ""location"": ""PDF page 13, Mediation Evidence of Customer Focus Loss"", ""source"": ""main""}]","The customer-satisfaction responses are obtained as existing ACSI scores, not collected or commissioned by this research team. All main models combine those external scores with COMPUSTAT, lobbying disclosures, CEO biographies and other archival sources. The additional customer-focus component codes earnings-call text; brand equity, counterfactual and robustness analyses use the same financial/archival data. Coding those documents does not constitute participant questionnaires, and no separate team-collected survey component is reported. The collection criterion therefore fails for the only survey-derived data."
85105736382,10.1177/0022242921995173,Journal of Marketing,2021,Real-Time Brand Reputation Tracking Using Social Media,YES,"[{""quote"": ""We rely on crowd sourcing using MTurkers"", ""location"": ""PDF p.55, Web Appendix, Stage 1: Generating Dictionaries and Initial Data Collection (printed p.54)"", ""source"": ""main""}, {""quote"": ""list five keywords that they would use to describe this scenario"", ""location"": ""PDF p.55, Web Appendix, Stage 1 (printed p.54)"", ""source"": ""main""}]","The included web appendix documents an author-run MTurk questionnaire component used to create the sentiment dictionaries. For each of 14 sub-drivers, up to 50 participants were asked to imagine a positive brand-interaction experience, list five words they would use to describe it, and provide a short description; the procedure was repeated for a negative scenario. These common prompts elicit participants’ representations of hypothetical experiences and intended descriptions, and their responses determine dictionary inclusion. Own structured questionnaire collection therefore qualifies even though the principal tracking analyses use social-media posts and other external data. This is distinct from merely coding existing tweets. Assessment uses the saved peer-reviewed author manuscript and its web appendix."
85078439851,10.1177/0022242919899383,Journal of Marketing,2020,Improvised Marketing Interventions in Social Media,YES,"[{""quote"": ""Eight hundred participants recruited from Amazon Mechanical Turk took part in this study"", ""location"": ""PDF page 9, Study 2—Design and Sample"", ""source"": ""main""}, {""quote"": ""Next, participants rated their willingness to retweet"", ""location"": ""PDF page 9, Study 2 procedure"", ""source"": ""main""}]","Study 2 describes the team's MTurk experiment with 800 recruited participants, random assignment to eight conditions varying humor, timeliness and unexpectedness, and 771 analyzed responses. Following a clip and fictitious-brand tweet, participants report retweet intentions on a seven-point scale and rate perceptions, familiarity and liking. The experimental procedures clearly establish collection by the authors, and the questionnaire answers concern intentions, beliefs and attitudes. This component qualifies independently of the article's other social-media and financial-record analyses."
85067046561,10.1177/0022242918813119,Journal of Marketing,2019,The temporary marketing organization,NO,"[{""quote"": ""We illustrate our guidelines by drawing on examples from current practice."", ""location"": ""PDF page 7, introduction and article roadmap"", ""source"": ""main""}, {""quote"": ""we propose a conceptual framework"", ""location"": ""PDF page 6, stated contributions"", ""source"": ""main""}]","This paper develops conceptual propositions about temporary marketing organizations by combining agency theory and embeddedness literature. Its reported components are organizational typologies, the conceptual model and propositions, illustrations from existing practice, managerial implications and proposed future research. Empirical examples and the cited McKinsey survey are from external published sources, and there is no own questionnaire collection or actual reanalysis of team-collected responses. The theoretical work and illustrative cases therefore do not satisfy both eligibility criteria."
85045923001,10.1509/jm.14.0250,Journal of Marketing,2018,Lateral exchange markets: How social platforms operate in a networked economy,NO,"[{""quote"": ""The ethnography included participant observation, interviews, and netnography."", ""location"": ""PDF p.4, Method—Data Collection"", ""source"": ""main""}, {""quote"": ""our second stage, we collected additional data from 20 LEM cases"", ""location"": ""PDF p.5, Two Stages of Data Analysis"", ""source"": ""main""}]","The team conducted its own six-year ethnography: screenshots, news and press material from 193 platforms, participant observation on 31 platforms, field interviews and 31 recorded qualitative interviews with student users. The two analytical stages develop a typology and compare 20 platform cases, returning to field sites for detail and disconfirming evidence. These are own qualitative and documentary observations, not questionnaire responses. The discussion confirms the same comparative cases supply the findings; platform ratings are features of those markets, not an investigator-administered questionnaire. No reported study component meets both criteria."
85012920906,10.1509/jm.15.0282,Journal of Marketing,2017,The clash of the titans: On retailer and manufacturer vulnerability in conflict delistings,YES,"[{""quote"": ""We asked a convenience sample consisting of 26 participants to indicate the usual nature of their purchases in each category"", ""location"": ""PDF page 8, Independent Variables"", ""source"": ""main""}]","Although the principal sales and promotion data were supplied by GfK, the authors additionally collected their own 26-person questionnaire to operationalize the necessity/impulse character of each product category. Participants rated their usual purchases from totally planned to completely impulsive on a seven-point scale, and those ratings enter the reported explanatory-variable analysis. This is explicitly team-collected questionnaire data about reported behavior, satisfying both criteria. Its ancillary role in a broader natural-field sales analysis does not exclude it."
84973917894,10.1509/jm.15.0153,Journal of Marketing,2016,What counts versus what can be counted: The complex interplay of market orientation and marketing performance measurement,YES,"[{""quote"": ""We collected the data used in the present study in a survey conducted in Finland in 2010"", ""location"": ""PDF page 6, Methodology, Data and Measures"", ""source"": ""main""}, {""quote"": ""we asked the respondents"", ""location"": ""PDF page 7, Measures"", ""source"": ""main""}]","The authors explicitly collected a 2010 survey of top managers in Finnish firms, using a commercial contact database and reporting response and inclusion procedures for 628 firms. Managers answered Likert statements about their unit's market orientation and questions about metrics used and market position. These are reported organizational practices and managerial beliefs, analyzed alongside externally obtained objective performance data. The first-person survey collection and substantive questionnaire measures establish both criteria."
85210583128,10.1177/00222437241275927,Journal of Marketing Research,2025,Driving Mobile App User Engagement Through Gamification,NO,"[{""quote"": ""The dataset stems from an app developer and provider"", ""location"": ""PDF p.8, Data and Measures—App Description"", ""source"": ""main""}, {""quote"": ""the data provider explained that whether a user receives a survey is exogenously determined"", ""location"": ""PDF p.9, App Description"", ""source"": ""main""}]","The single empirical study analyzes existing event logs supplied by an anonymous market-research app provider: 18,952 users, 702,329 user-days, survey participation and response time alongside game and reward activity. The provider and its clients independently administer fun and client survey questions. The authors do not commission these responses; they model supplied usage records. Survey content could meet criterion 2, but collection responsibility fails criterion 1. The robustness analyses and reward-shock simulations use the same data/model, and the limitations and acknowledgments confirm one app and an external data provider. No additional qualifying component is reported in this publisher online-first version."
85181478411,10.1177/00222437231207323,Journal of Marketing Research,2024,Buying Future Endorsements from Prospective Influencers on User-Generated Content Platforms,NO,"[{""quote"": ""Our longitudinal data set is composed of 35,000 users who registered on the platform in the same week."", ""location"": ""PDF page 9, Data"", ""source"": ""main""}]","The empirical application uses historical platform records of follows, messages, uploaded content, likes, reposts, comments and plays for 35,000 users, including 3,382 creators (pages 8–10). These are observed user activity rather than questionnaire responses. The learning and implementation phases, informed/uninformed managers and cumulative voting procedure are parts of model-based simulations over these records, not participant experiments or surveys. Sensitivity and robustness checks change simulation assumptions or success definitions on the same data (pages 17–18). All reported components therefore lack team-collected questionnaire responses; collecting platform data alone does not meet the prompt."
85150929779,10.1177/00222437221141052,Journal of Marketing Research,2023,Attention Trajectories Capture Utility Accumulation and Predict Brand Choice,YES,"[{""quote"": ""assistance provided by the Analysis Group"", ""location"": ""PDF page 19, Acknowledgments"", ""source"": ""main""}, {""quote"": ""during the design and data collection stages"", ""location"": ""PDF page 19, Acknowledgments"", ""source"": ""main""}, {""quote"": ""questions on brand and product ownership, purchase intention, and demographics"", ""location"": ""PDF page 9, Stimulus Presentation and Data Collection"", ""source"": ""main""}]","Consumers made a structured hypothetical smartphone purchase choice and then answered questions on ownership and purchase intentions; ownership responses and choice enter the reported models. Tobii Insight performed sampling/data collection, and the authors acknowledge Analysis Group assistance specifically during the experiment's design and collection stages. Together with the described sampling/stimulus design this reasonably implies team-directed collection with service-provider assistance, despite the original lawsuit context and undisclosed details. It is not presented as simple access to an independently administered public survey. Both qualifying questionnaire preferences/intentions and team collection are established by this contextual evidence."
85126628630,10.1177/00222437221076160,Journal of Marketing Research,2022,How Does the Adoption of Ad Blockers Affect News Consumption?,NO,"[{""quote"": ""We rely on a proprietary dataset from a reputable European news publisher"", ""location"": ""PDF p.6, Empirical Setting, Dataset, and Variable Construction"", ""source"": ""main""}, {""quote"": ""self-reported user demographics from the publisher’s CRM database"", ""location"": ""PDF p.7, dataset description"", ""source"": ""main""}]","This July 2021 author manuscript analyzes publisher-supplied clickstream logs and CRM demographics for 79,856 registered users. The three treatment definitions, cognitive and learning mechanisms, heterogeneity and appendix robustness checks all reuse observed browsing/ad-blocking records. Added material consists of scraped article headlines, historical website ad-slot counts and Google search trends. Self-reported demographics were collected by the publisher; cited surveys motivate proxies for annoyance and privacy but are not collected or reanalyzed as the team’s own responses. The research team therefore does not collect/commission any qualifying questionnaire response set; causal modeling of browsing is not a survey experiment."
85109420024,10.1177/00222437211012451,Journal of Marketing Research,2021,The Signal Value of Crowdfunded Products,YES,"[{""quote"": ""Participants were 200 consumers"", ""location"": ""PDF page 8, Study 2—Method"", ""source"": ""main""}, {""quote"": ""I would be willing to buy this product"", ""location"": ""PDF page 9, Study 2 purchase-intention measure"", ""source"": ""main""}, {""quote"": ""I think this product is of high quality"", ""location"": ""PDF page 9, Study 2 mediator measure"", ""source"": ""main""}]","Study 2 describes the authors' experiment with 200 Prolific consumers, an imagined camera-purchase scenario, and randomized crowdfunding versus venture-capital descriptions for two products (pages 8–9). The researchers elicit seven-point purchase-intention, perceived-quality and inequality-belief ratings, which they analyze in the reported mediation tests. The manipulation and response-collection procedures clearly imply team ownership, and the structured ratings concern intentions and beliefs. This study alone meets both criteria independently of consequential bids or product choices in other studies."
85083800979,10.1177/0022243719881618,Journal of Marketing Research,2020,A Multiattribute Benefits-Based Choice Model with Multiple Mediators: New Insights for Positioning,YES,"[{""quote"": ""We conducted an online survey of 265 adult grocery shoppers"", ""location"": ""PDF page 19, Empirical Illustration"", ""source"": ""main""}, {""quote"": ""nominated which performed best on healthiness and value for money"", ""location"": ""PDF page 20, Empirical Illustration procedure"", ""source"": ""main""}]","In the empirical application the authors explicitly conducted an online survey of 265 grocery shoppers. Respondents supplied prior purchase reports, chose their preferred bread from eight randomized choice sets, and subsequently answered comparative healthiness/value questions about those products. These stated preferences, beliefs and reported purchases are used to estimate the choice and mediation models. The own-conducted survey satisfies both criteria independently of the paper's simulations and theory. The source is a repository author manuscript; final-version equivalence is unverified."
85079560224,10.1177/0022243718820570,Journal of Marketing Research,2019,Falling Back on Numbers: When Preference for Numerical Product Information Increases after a Personal Control Threat,YES,"[{""quote"": ""We recruited 283 participants"", ""location"": ""PDF p.7 (printed 110), Study 1a—Procedure"", ""source"": ""main""}, {""quote"": ""How precise is the following description?"", ""location"": ""PDF p.7 (printed 110), Study 1a—Procedure"", ""source"": ""main""}]","Study 1a alone satisfies both criteria: the authors recruited 283 MTurk participants, randomly varied smartphone attribute formats, and collected seven-point questionnaire ratings of perceived precision or predictability of product benefits. These are elicited beliefs about hypothetical product descriptions, analyzed as outcomes. The team’s own procedures establish collection responsibility and questionnaire experimentation; the main methods suffice without supporting-source inference."
85049551987,10.1509/jmr.14.0290,Journal of Marketing Research,2018,Is cash king for sales compensation plans? Evidence from a large-scale field intervention,YES,"[{""quote"": ""we conducted an on-line conjoint study of these salespeople"", ""location"": ""PDF page 17, Self-Reported Preferences"", ""source"": ""main""}, {""quote"": ""a participant is asked to choose from hypothetical sets of incentive plans"", ""location"": ""PDF page 17, Self-Reported Preferences"", ""source"": ""main""}]","Beyond the field intervention's sales records, the authors explicitly conducted an online choice-based conjoint study after the experimental period. The 148 responding salespeople chose between hypothetical incentive plans varying cash and merchandise points, and their responses were analyzed as stated preferences (pages 17–18). These are the team's collected questionnaire choices about preferences and therefore meet both criteria. The available source is the final accepted author manuscript; equivalence to the published version has not been checked."
85041279634,10.1509/jmr.14.0625,Journal of Marketing Research,2017,What happens online stays online? Segment-specific online and offline effects of banner advertisements,NO,"[{""quote"": ""single-source data from GfK Panel Services Germany"", ""location"": ""PDF page 4, Data"", ""source"": ""main""}, {""quote"": ""general, retrospective purchase survey"", ""location"": ""PDF page 5, Data continuation"", ""source"": ""main""}]","The paper analyzes an existing GfK panel combining passive advertising/web tracking with weekly retrospective purchase surveys for 508 households in 2009. Those purchase reports satisfy the substantive questionnaire concept, but the authors describe access to data from GfK rather than conducting or commissioning the panel. All within/cross-campaign models, segment analyses and robustness/synergy checks use these same external panel data and advertising expenditures. No additional team-conducted questionnaire component is reported, so the collection criterion fails."
84995899378,10.1509/jmr.14.0170,Journal of Marketing Research,2016,Customer acquisition and retention spending: An analytical model and empirical investigation in wireless telecommunications markets,NO,"[{""quote"": ""We use the Merrill Lynch Global Wireless Matrix data"", ""location"": ""PDF p.24, Empirical Analysis—Data"", ""source"": ""main""}, {""quote"": ""the estimate from past accounting and CRM data"", ""location"": ""PDF p.35, validation using AT&T data"", ""source"": ""main""}]","The article develops a mathematical customer-acquisition/retention model and tests it using Merrill Lynch quarterly firm operating metrics for 41 countries. Measures are revenues, operating costs, subscriber counts, competition and national characteristics, not elicited questionnaire answers. Validation consists of firm-level estimates on the same records and additional 2009–2015 AT&T accounting/CRM data. The limitations explicitly describe aggregate data and propose richer future studies; there is no separate respondent study. Both theory and all empirical components lack team-collected questionnaire responses."
86000372690,10.1111/jomf.13037,Journal of Marriage and Family,2025,Gender inequality in intergenerational contact after parental separation in the digital era,NO,"[{""quote"": ""survey conducted by the Italian National Statistical Office (ISTAT) in 2014"", ""location"": ""PDF page 4, Data and sample"", ""source"": ""main""}]","The sole empirical study analyzes existing FSS 2014 questionnaire responses collected by ISTAT, independently of these university authors. Contact frequency and family-history responses meet the questionnaire criterion, but the collection/commissioning criterion fails. Inspected sample, measures, analytical strategy and concluding robustness descriptions: all parent-child dyad models, gender/contact interactions and sensitivity checks use that same external cross-sectional survey. No additional team-collected response study is reported."
85168011317,10.1111/jomf.12933,Journal of Marriage and Family,2024,Associations between parental precarious work schedules and child behavior problems among low-income families,YES,"[{""quote"": ""two items that asked respondents to report"", ""location"": ""PDF page 10, precarious-work-schedule measures"", ""source"": ""main""}, {""quote"": ""Alejandra Ros Pilarz served as research associate on the project"", ""location"": ""Supporting project report, PDF page 5, Acknowledgments"", ""source"": ""https://bpb-us-w2.wpmucdn.com/voices.uchicago.edu/dist/a/1171/files/2018/06/2015.08.13_ccrp_phase_1_final_report_finalized-y0y4n6.pdf""}]","The current analyses use individual CCRP telephone-questionnaire responses about work schedules, hardship, work–care conflict and child behavior. Main methods specify sampling and questionnaire measures. The original project's report resolves collection ownership: current coauthor Pilarz was a research associate contributing survey design, while the project's Survey Lab managed collection; the present acknowledgments also identify the same grant and collaboration. This is documented reuse of the team's own survey, not merely citation of its earlier results or use of an unrelated external panel. Both criteria are met."
85134008743,10.1111/jomf.12872,Journal of Marriage and Family,2023,“Normal” childhood in the lives of financially struggling white daughters and mothers,NO,"[{""quote"": ""I conducted semi-structured interviews"", ""location"": ""PDF p.5 (printed 120), Methods"", ""source"": ""main""}, {""quote"": ""I transcribed all interviews and analyzed them in NVivo using a constructivist grounded theory approach"", ""location"": ""PDF p.6 (printed 121), Methods"", ""source"": ""main""}]","The author collected 40 retrospective qualitative interviews with mothers and adult daughters from 27 families, in two recruitment rounds intended to reach theoretical saturation. The detailed methods describe flexible, recorded, in-person/telephone conversations lasting 30 minutes to three hours, a parallel interview guide, transcription and inductive thematic coding. Financial-history and education counts in Table 1 are summaries of those interview narratives, not a separate questionnaire. This sole study meets own collection but is qualitative interviewing without qualifying questionnaire responses, so criterion 2 fails."
85123888408,10.1111/jomf.12821,Journal of Marriage and Family,2022,"Friend, foe, or forget ‘em?: The quality of LGBTQ adult sibling relationships",YES,"[{""quote"": ""Respondents filled out an online screening survey prior to the interview"", ""location"": ""PDF page 6, Methods"", ""source"": ""main""}, {""quote"": ""from the survey are listed in Table 1"", ""location"": ""PDF page 6, Methods"", ""source"": ""main""}]","Alongside its qualitative interviews, the research team administered an online screening questionnaire covering identity, socioeconomic circumstances, discrimination experiences, household composition and health. The Methods explicitly says self-reported survey age, race, gender identity, sexuality and income are used in Table 1; page 7 presents those responses for the analytic sample. Thus the team collected questionnaire responses and uses them in the current research. The interview analysis alone would not qualify, but the ancillary questionnaire does under the supplied criteria, which impose no primary-outcome or demographic exclusion."
85087786568,10.1111/jomf.12696,Journal of Marriage and Family,2021,Work Schedule Unpredictability: Daily Occurrence and Effects on Working Parents' Well-Being,YES,"[{""quote"": ""We successfully recruited 96"", ""location"": ""PDF page 5, Method, Sample Recruitment"", ""source"": ""main""}, {""quote"": ""reported on each day’s work experiences and their own well-being via SMS text message"", ""location"": ""PDF page 7, Procedure"", ""source"": ""main""}]","The authors' research staff sampled Emeryville businesses and personally recruited hourly workers with young children. The team administered a background survey and 30 daily SMS questionnaires through a programmed vendor service. Respondents reported work hours, unexpected changes, mood and perceived sleep quality; these questionnaire experiences and reported behaviors drive the analyses. Detailed own recruitment and administration establish collection responsibility. The external ACS comparison is separate and does not affect the qualifying primary survey."
85077327099,10.1111/jomf.12617,Journal of Marriage and Family,2020,Cohabitation and Marriage: Complexity and Diversity in Union-Formation Patterns,NO,"[{""quote"": ""Our discussion then segues into major substantive research themes"", ""location"": ""PDF p.2 (printed 36), review scope"", ""source"": ""main""}, {""quote"": ""This review has emphasized the heterogeneous causes and consequences of different relationship trajectories."", ""location"": ""PDF p.17 (printed 51), Implications"", ""source"": ""main""}]","This is a decade review of cohabitation/marriage trends, measurement, explanatory theories and substantive research themes, followed by a future research agenda and policy implications. Its empirical examples and population statistics are attributed to previously published studies and official data sources. Citations of the authors’ earlier work summarize prior findings rather than newly analyzing their questionnaire responses here. Proposals for new questionnaire items or targeted collection are prospective. No reported current study collects, commissions or reuses the team’s own questionnaire response set; the review-only exclusion applies."
85053064765,10.1111/jomf.12519,Journal of Marriage and Family,2019,"Becoming “Us”: Marital Name, Gender, and Agentic Work in Transition to Marriage",NO,"[{""quote"": ""The interviews were analyzed thematically by looking for accounts of marital name either initiated by the interviewer or spontaneously mentioned by the interviewees."", ""location"": ""PDF page 6, Data, Method, and Analysis"", ""source"": ""main""}]","The author reanalyzes her own previously collected couple interviews, so ownership of these responses is established. However, the only participant study uses 1.5–2.5-hour qualitative thematic interviews with 19 couples, followed by thematic coding and analysis of their dialogue and interaction. The standard surname prompt generates extended qualitative discussion rather than questionnaire responses. Inspected recruitment, full procedures, coding phases, Table 1 and concluding synthesis; the table summarizes interview-derived name decisions/reasoning, and comparative Norwegian survey results and Finnish population statistics are external published evidence. No qualifying questionnaire component is reported."
85049036585,10.1111/jomf.12488,Journal of Marriage and Family,2018,Gender Equality and Restless Sleep Among Partnered Europeans,NO,"[{""quote"": ""all data were obtained from the ESS web site"", ""location"": ""PDF page 12, Data and Measures, Data"", ""source"": ""main""}]","The study uses the existing 2006 European Social Survey, downloaded from its website, and externally published United Nations gender-equality/macroeconomic indicators. Respondents' sleep, work/family experiences and gender attitudes are questionnaire data, but there is no evidence the authors collected or commissioned that independent ESS wave. Subgroup, alternative-estimator and alternative gender-index robustness analyses all reuse the same external responses. No other survey component is reported, so the collection criterion is not met."
85021835234,10.1111/jomf.12429,Journal of Marriage and Family,2017,Parental Incarceration and the Transition to Adulthood,NO,"[{""quote"": ""we use data from the National Longitudinal Study of Adolescent to Adult Health (Add Health)"", ""location"": ""PDF p.4 (printed 1317), Method—Data"", ""source"": ""main""}, {""quote"": ""a program project directed by Kathleen Mullan Harris"", ""location"": ""PDF p.15 (printed 1328), Note"", ""source"": ""main""}]","Turney and Lanuza analyze 10,937 respondents from externally conducted Add Health. Questionnaire measures include feeling older/adult, reported schooling, work, marriage, fertility, delinquency and parental incarceration; these satisfy the content criterion. However, methods and the named collection-team acknowledgment establish that Harris/Udry/Bearman’s program collected the data, not this article’s team. All analyses of paternal/maternal incarceration, timing/chronicity and individual/composite outcomes use the same existing responses; the only supplement is their correlation matrix. Criterion 1 fails for every component."
84985986758,10.1111/jomf.12364,Journal of Marriage and Family,2016,How Early Life Religious Exposure Relates to the Timing of First Birth,NO,"[{""quote"": ""we analyze data from the first 22 waves of the National Longitudinal Survey of Youth 1979 (NLSY79)."", ""location"": ""PDF page 6"", ""source"": ""main""}]","The article exclusively analyzes existing NLSY79 data from 1979–2006, including separate models of nonmaritally and maritally conceived first births. Although these data contain questionnaire responses, the research team did not collect or commission them. No additional original survey is reported; vignette interviews are suggested only for future research."
85215296410,10.1002/job.2856,Journal of Organizational Behavior,2025,Navigating AI Convergence in Human–Artificial Intelligence Teams: A Signaling Theory Approach,YES,"[{""quote"": ""We recruited an initial sample of 304 employees"", ""location"": ""PDF page 6, section 4.1.1 Participants"", ""source"": ""main""}, {""quote"": ""I have confidence in the advice given by facial recognition systems"", ""location"": ""PDF page 9, section 4.1.3.6 Trust in AI"", ""source"": ""main""}]","Study 1 explicitly recruits and pays Prolific employees, assigns experimental conditions and administers the authors' procedures. Alongside face-matching tasks, participants answer confidence, trust-in-AI and explicit gender/racial-bias scales, with their scores reported and analyzed. These structured attitude/belief responses qualify even within the broader task experiment, and the team's own recruitment and administration establish collection responsibility. This study alone establishes YES; no inference from the tasks alone or later studies is required."
85195589543,10.1002/job.2814,Journal of Organizational Behavior,2024,Adopting Underdogs' Ideas Triggers Fairness? When and How Underachievers' Voice Endorsement Promotes Team Voice,YES,"[{""quote"": ""Participants submitted their questionnaires directly to the survey team"", ""location"": ""PDF p.5 (printed 1291), Study 1—Sample and Procedure"", ""source"": ""main""}, {""quote"": ""My supervisor agreed with my comments."", ""location"": ""PDF p.6 (printed 1292), Underachievers’ voice endorsement"", ""source"": ""main""}]","The research team administered three waves of paper questionnaires to employees and supervisors at a Chinese high-technology company, assigning research codes, collecting completed questionnaires directly and paying participants. The final sample includes 142 underachievers and 845 other employees from 136 teams. Seven-point agreement items measure experienced endorsement, perceived suggestion quality and supervisor fairness; supervisors report team voice behavior. Both direct collection and qualifying questionnaire content are explicit. Paper administration qualifies under the frozen instructions; Study 1 alone establishes YES."
85139641109,10.1002/job.2662,Journal of Organizational Behavior,2023,The power of reflection for would-be leaders: Investigating individual work reflection and its impact on leadership in teams,YES,"[{""quote"": ""We recruited an independent sample of participants via Prolific"", ""location"": ""PDF page 9"", ""source"": ""main""}, {""quote"": ""They responded to our final 16-item"", ""location"": ""PDF page 9"", ""source"": ""main""}]","The team collected original questionnaire responses. In Measure Development Study 3, they recruited 150 working professionals through Prolific and administered ratings of individual work reflection and related constructs. The two main studies also collected longitudinal self-report and peer-rating surveys from student teams. These procedures establish both team responsibility for collection and qualifying questionnaire use."
85124454638,10.1002/job.2605,Journal of Organizational Behavior,2022,Where does the heart lie? A multistage process model of entrepreneurial passion and role identity management,NO,"[{""quote"": ""no datasets were generated or analyzed during the current study"", ""location"": ""PDF page 14, Data Availability Statement"", ""source"": ""main""}]","The article integrates existing passion, identity and self-regulation theories into a multistage process model with propositions. Its examples draw from published accounts; the discussion explicitly proposes future empirical measurement and testing. The conclusion and data statement confirm that no dataset is generated or analyzed here. Across the model, illustrations and research proposals there is no team-collected questionnaire study or actual reuse of the team's prior questionnaire responses."
85104156477,10.1002/job.2518,Journal of Organizational Behavior,2021,Host country nationals' interaction adjustment as a social exchange: A theoretical model,NO,"[{""quote"": ""we propose a model of HCN adjustment"", ""location"": ""PDF p.3 (printed 686), Overview of the model"", ""source"": ""main""}, {""quote"": ""developing instruments to measure adjustment"", ""location"": ""PDF p.10 (printed 693), theoretical implications and future research"", ""source"": ""main""}]","The article conceptually applies social exchange theory to host-country nationals’ adjustment, develops propositions concerning learning/stress, predictors, relationship structures and extra-dyadic support, and discusses research and practice implications. It reports no empirical test or participant dataset. References to interviews, panel studies, journals and measurement tools are proposed future methods; cited prior studies, including the authors’ work, supply theoretical background rather than current reuse of questionnaire responses. Both own collection and current qualifying questionnaire use are absent; the theory-only exclusion applies."
85081925598,10.1002/job.2437,Journal of Organizational Behavior,2020,Empirical analysis of shared leadership promotion and team creativity: An adaptive leadership perspective,YES,"[{""quote"": ""We administered two time-lagged surveys in a 6-month period"", ""location"": ""PDF page 7"", ""source"": ""main""}]","The researchers explicitly administered two time-lagged surveys to team members and leaders in Chinese information technology organizations. Participants provided questionnaire ratings of leadership, team voice behavior, creative efficacy, and team creativity. The final sample included 382 team members and 73 leaders, and these responses were used to test the article’s hypotheses. Both collection responsibility and survey use are explicit."
85063693006,10.1002/job.2366,Journal of Organizational Behavior,2019,"Predicting retail shrink from performance pressure, ethical leader behavior, and store-level incivility",YES,"[{""quote"": ""one of the study authors"", ""location"": ""PDF page 4, section 3.1 Participants and procedure"", ""source"": ""main""}, {""quote"": ""we collected 546 usable responses"", ""location"": ""PDF page 5, section 3.1 continuation"", ""source"": ""main""}]","A study author directly administered the web survey to employees invited through the retail partner. The 546 usable respondents rated performance pressure, their manager's ethical behavior and observed workplace incivility on structured agreement/frequency scales. These attitudes, perceptions and reported experiences are analyzed and aggregated to stores alongside inventory-loss records. Direct administration establishes team collection, and the explicit scale measures establish questionnaire content; the archival outcome does not negate eligibility."
85054174816,10.1002/job.2274,Journal of Organizational Behavior,2018,The effect of economic consequences on social judgment and choice: Reward interdependence and the preference for sociability versus competence,YES,"[{""quote"": ""We recruited participants using Amazon Mechanical Turk"", ""location"": ""PDF p.4 (printed 993), Study 1—Participants and procedure"", ""source"": ""main""}, {""quote"": ""If it were up to you, which candidate would you hire to join your workgroup?"", ""location"": ""PDF p.5 (printed 994), Coworker preference"", ""source"": ""main""}]","Study 1 is the team’s own two-stage MTurk questionnaire: 3,016 screened, 500 follow-up respondents and 374 retained employed adults. They answer agreement items about workplace reward interdependence, rank hypothetical colleagues by hiring preference, and report instrumental thinking and personality. These are qualifying reported experiences, preferences and beliefs. Recruitment, invitations, payments and administered measures clearly establish own collection; this component alone warrants YES."
84994645666,10.1002/job.2128,Journal of Organizational Behavior,2017,The sound of cooperation: Musical influences on cooperative behavior,YES,"[{""quote"": ""We used the four‐item mood short form"", ""location"": ""text segment 6"", ""source"": ""main""}, {""quote"": ""participants were presented with the statements: “Currently, I am in a good mood,”"", ""location"": ""text segment 6"", ""source"": ""main""}]","Study 2 qualifies: the team recruited 188 participants and administered a four-item mood questionnaire at four points during its experiment. Participants rated agreement with statements about their current feelings on a five-point scale, and these responses were analyzed in the reported research. These self-reports qualify independently of the public-goods laboratory task. The team also collected song-evaluation ratings from 44 undergraduates when testing its musical stimuli."
84955630232,10.1002/job.2046,Journal of Organizational Behavior,2016,Development of a new scale to measure subjective career success: A mixed-methods study,YES,"[{""quote"": ""Participants for Phase 4 were recruited using Amazon.com’s Mechanical Turk"", ""location"": ""PDF page 13, Phases 3 and 4, Participants"", ""source"": ""main""}, {""quote"": ""I am thinking about leaving my profession."", ""location"": ""PDF page 13, Measures"", ""source"": ""main""}]","Beyond the qualitative development phase, the authors recruited their own employee survey samples through Facebook/alumni contacts and paid MTurk participation. Phases 3–4 administer subjective career-success items and structured scales of satisfaction, withdrawal intentions, self-efficacy and depression, using responses in validation analyses. The detailed recruitment, payment, questionnaire modifications and data-quality procedures establish team collection, while the career perceptions/intentions and feelings satisfy the questionnaire criterion."
105004382280,10.1037/pspp0000556,Journal of Personality and Social Psychology,2025,Personality Traits and Traditional Philanthropy: A Systematic Review and Meta-Analysis,UNCLEAR,"[{""quote"": ""calculated the missing effect sizes from the data and supplementary materials available"", ""location"": ""PDF p.22 (printed 21), Coding of Studies"", ""source"": ""main""}, {""quote"": ""Stahlmann et al. (2024)"", ""location"": ""PDF pp.60–61, Tables 1–2, included study with 1,593 participants"", ""source"": ""main""}]","This accepted preprint is principally a bibliographic meta-analysis of 29 prior studies; aggregate extraction alone would be NO. However, methods say missing effects were newly computed from available data for eight unspecified studies, and Tables 1–2 include the team’s own Stahlmann/Hopwood/Bleidorn 2024 study of personality and reported volunteering/giving. It is unresolved whether the team currently reanalyzed its own questionnaire responses or merely imported that study’s published effects. Own-response reanalysis could meet both criteria, whereas aggregate-only meta-analysis does not. The linked OSF analysis script/project could not be inspected (browser failure and direct-download HTTP 429; access receipts saved), so collection/reuse responsibility for any qualifying response-level calculation remains unresolved. No eligibility is inferred from the unread links."
85211828104,10.1037/pspp0000515,Journal of Personality and Social Psychology,2024,Differences in Natural Standing Posture Are Associated With Antisocial and Manipulative Personality Traits,YES,"[{""quote"": ""Participants were recruited from the general public using social media advertisements"", ""location"": ""PDF page 3"", ""source"": ""main""}, {""quote"": ""administration of a battery of personality questionnaires"", ""location"": ""PDF page 4"", ""source"": ""main""}]","In Study 1, the team recruited participants and administered an online battery of self-report personality questionnaires using JATOS and jsPsych. The responses measured traits and attitudes, including empathy, psychopathy, and social dominance orientation, and were analyzed in relation to participants’ posture. Thus, the same responses meet both the team-collection and survey criteria. Studies 4 and 5 also explicitly describe collecting personality questionnaire responses."
85158872907,10.1037/pspp0000464,Journal of Personality and Social Psychology,2023,"I Like It Because It Hurts You: On the Association of Everyday Sadism, Sadistic Pleasure, and Victim Blaming",YES,"[{""quote"": ""we collected data comprising seven diverse samples"", ""location"": ""PDF page 6, Studies 1a–1d, Method, Procedure"", ""source"": ""main""}, {""quote"": ""we measured participants’ experienced pleasure"", ""location"": ""PDF page 7, Sadistic Pleasure"", ""source"": ""main""}]","The authors explicitly collected online study samples through paid Clickworker participation and describe their own attention-check, nonrepeat-participation and sample procedures. In Studies 1a–1d participants respond on seven-point scales to victim-blaming vignettes and report sadistic pleasure, empathic concern and personality tendencies. These structured attitude/belief/feeling responses are analyzed in the article, establishing both team collection and qualifying questionnaire data. One such study is sufficient independently of the later experiments and ambulatory assessment."
85119286497,10.1037/pspi0000373,Journal of Personality and Social Psychology,2022,Nonlinear Effect of Social Interaction Quantity on Psychological Well-Being: Diminishing Returns or Inverted U?,YES,"[{""quote"": ""Participants were brought into a laboratory"", ""location"": ""PDF p.11 (printed 10), Study 1—Procedure and materials"", ""source"": ""main""}, {""quote"": ""The job would be ideal for me."", ""location"": ""PDF p.12 (printed 11), Job satisfaction items"", ""source"": ""main""}]","Study 1 alone qualifies: the team collected computer questionnaires from US college students (159 recruited; 157 retained), randomized them to low/moderate/high social-interaction career forecasts, and elicited anticipated job satisfaction, belonging/esteem/control, affect and life satisfaction on five- or seven-point scales. These are beliefs and preferences about hypothetical experiences, with responses analyzed as outcomes. Own procedures establish collection, and the laboratory location does not exclude the questionnaire experiment. Other external datasets need not establish eligibility once this own study does."
85089967721,10.1037/pspi0000339,Journal of Personality and Social Psychology,2021,Reducing Implicit Racial Preferences: III. A Process-Level Examination of Changes in Implicit Preferences,UNCLEAR,"[{""quote"": ""JC and CKL collected the data."", ""location"": ""PDF page 2, Author Contributions"", ""source"": ""main""}, {""quote"": ""participants filled out a questionnaire that asked them how important it was to be egalitarian"", ""location"": ""PDF page 27 (printed p.26), Priming an Egalitarian Mindset"", ""source"": ""main""}]","Ownership is explicit: two current authors collected the original data. The present paper pools and models IAT categorization responses from six earlier experiments; PDF page 16 footnote 2 explicitly excludes the separate self-reported attitude, affirmative-action, prejudice and effort measures from the present analyses. These excluded outcome measures alone do not establish current questionnaire reuse. However, some interventions themselves elicit participant responses: PDF page 22 describes recognition choices, page 26 asks how participants would act and how society thinks they should act, and page 27 describes an egalitarianism scale, importance questionnaire and reported failure experience. The article models outcomes of these intervention packages and their procedural features, but does not clearly analyze the questionnaire answers themselves. The source is clear about both components; the unresolved question is whether questionnaire responses used as treatment activities in the reported/reanalyzed experiments satisfy the frozen phrase about responses used in the research. The prompt excludes meta-analysis without eligible questionnaire analysis but does not define the treatment-only boundary. I therefore would not retain confident NO by silently imposing an outcome-only requirement, nor assert YES solely because the earlier protocols contain questionnaires. UNCLEAR records this operational ambiguity. The repository manuscript bundles supplements; equivalence to the final version is unverified."
85079499421,10.1037/pspa0000182,Journal of Personality and Social Psychology,2020,Getting to Know Me Better: An fMRI Study of Intimate and Superficial Self-Disclosure to Friends During Adolescence,YES,"[{""quote"": ""the parent/guardian and participant completed questionnaires"", ""location"": ""Text segment 3, Study Procedure"", ""source"": ""main""}, {""quote"": ""The questionnaire consists of 32 items that are rated on a seven-point Likert scale"", ""location"": ""Text segment 3, Friendship quality measures"", ""source"": ""main""}]","The team's adolescent project recruited girls through local schools and community advertisements, obtained consent, scheduled two research visits and paid participants under its described protocol. Besides fMRI/self-disclosure tasks, girls completed friendship-intimacy, self-disclosure, perceived-support and self-perception questionnaires. These beliefs and reported relationship experiences are explicitly analyzed against behavioral/neural indices in the current article. Detailed recruitment and administration establish own collection; the clinical/neuroimaging setting does not exclude its qualifying questionnaire components. The source is a PMC author manuscript with redacted institution names and unverified final-version equivalence."
85054801786,10.1037/pspi0000158,Journal of Personality and Social Psychology,2019,Communication that is maladaptive for middle-class couples is adaptive for socioeconomically disadvantaged couples,YES,"[{""quote"": ""orally administered self-report measures"", ""location"": ""PDF p.14, Study 2—Assessments"", ""source"": ""main""}, {""quote"": ""Relationship satisfaction was assessed by summing responses on an eight-item questionnaire."", ""location"": ""PDF p.15, Study 2—Measures"", ""source"": ""main""}]","Study 2 describes the team’s recruitment of 431 newlywed couples in Los Angeles, home visits by trained interviewers, private oral administration of self-report measures and three paid follow-ups during 2009–2013. The eight-item relationship-satisfaction questionnaire asks satisfaction, trust and other relationship beliefs on four/five-point scales; these responses are analyzed alongside coded couple interactions. Both own collection/reuse and questionnaire content are established, irrespective of the separate SHM component or observational tasks. Interviewer-administered questionnaires qualify. Assessment uses the supplied author manuscript."
85050494156,10.1037/pspa0000128,Journal of Personality and Social Psychology,2018,Does deciding among morally relevant options feel like making a choice? How morality constrains people's sense of choice,YES,"[{""quote"": ""were recruited through Amazon Mechanical Turk"", ""location"": ""PDF page 12"", ""source"": ""main""}, {""quote"": ""asked them to make decisions and report their felt sense of choice."", ""location"": ""PDF page 11"", ""source"": ""main""}]","In Study 1a, the team recruited 200 U.S. participants through Amazon Mechanical Turk and presented four hypothetical scenarios. Participants answered questions about the morality of each issue, indicated hypothetical decisions, and rated their perceived sense of choice. These are questionnaire responses collected by the research team and analyzed in the article, satisfying both criteria."
85036536195,10.1037/pspi0000104,Journal of Personality and Social Psychology,2017,Functional intimacy: Needing-but not wanting-the touch of a stranger,YES,"[{""quote"": ""We recruited the same sample size as in Experiment 1"", ""location"": ""PDF page 5, Experiment 2, Participants"", ""source"": ""main""}, {""quote"": ""we asked participants how much they would prefer"", ""location"": ""PDF page 5, Experiment 2, Procedure"", ""source"": ""main""}]","Experiment 2 describes the authors recruiting 410 paid MTurk adults and assigning airport-security or dermatology vignettes. Participants answer seven-point preference and perceived-intimacy questions about the provider's social behaviors. The resulting indices are analyzed as outcomes. Thus the experiment contains team-collected questionnaire preferences/beliefs and meets both criteria independently of the other laboratory, field and survey experiments."
84955243799,10.1037/pspi0000045,Journal of Personality and Social Psychology,2016,Failure at the top: How power undermines collaborative performance,YES,"[{""quote"": ""participants completed an online survey that included a measure of their power in the organization."", ""location"": ""PDF p.30 (printed 28), Study 2—Online survey"", ""source"": ""main""}, {""quote"": ""the total number of subordinates the participants managed"", ""location"": ""PDF p.30 (printed 28), survey measure"", ""source"": ""main""}]","Study 2 in this 2014 working-paper version includes the team’s own pre-session online survey of 158 physician executives. Eight items ask reported subordinate/direct-report counts and authority to promote/demote others. The authors construct individual/group power measures from those responses, use them in group formation and analyze their relation to negotiation performance. Reported workplace experiences/responsibilities through an explicit questionnaire satisfy criterion 2, and the described integrated study procedures clearly imply team collection. Negotiation behavior and observer coding alone are not the basis; the ancillary questionnaire is sufficient."
105011141122,10.1086/732886,Journal of Political Economy,2025,Enhancing Human Capital in Children: A Case Study on Scaling,YES,"[{""quote"": ""our survey enumerators were able to collect information for 107 schools."", ""location"": ""PDF page 31"", ""source"": ""main""}, {""quote"": ""The mentors’ questionnaire included a battery of questions on the specific competencies they promote"", ""location"": ""PDF page 45"", ""source"": ""main""}]","The second experiment includes questionnaire responses collected by the research team’s survey enumerators. Mentors reported which parenting competencies they promoted during interactions with parents; these responses were analyzed in Table 6. Thus, the same responses satisfy both team collection and survey-use criteria. The supplied Appendix A.2 confirms the questionnaire content."
85204208583,10.1086/729581,Journal of Political Economy,2024,Unbundling Quantitative Easing: Taking a Cue from Treasury Auctions,NO,"[{""quote"": ""Information regarding the details of each Treasury auction is available from the Treasury website TreasuryDirect."", ""location"": ""PDF page 109, Appendix F Data Sources"", ""source"": ""main""}, {""quote"": ""moment-matching exercise"", ""location"": ""PDF page 30, model estimation"", ""source"": ""main""}]","The empirical auction-demand analysis uses Treasury auction announcements/results, GovPX and NYSE intraday market records and other existing financial/economic series; Appendix F inventories all sources. The other component is a theoretical preferred-habitat/New Keynesian model calibrated to these series, with QE/QT counterfactuals and numerical sensitivity exercises. The model estimation and concluding extensions report no participant questionnaire or team-collected survey. Thus neither the archival financial analysis nor the model meets the questionnaire-response requirement. Reviewed accepted version; published-version equivalence is unverified."
85151761347,10.1086/722088,Journal of Political Economy,2023,Risk-Sharing Externalities,NO,"[{""quote"": ""Table 1 reports the model parameters used in our simulations."", ""location"": ""PDF p.17 (printed 611), Calibration"", ""source"": ""main""}, {""quote"": ""we have used a canonical financial accelerator model"", ""location"": ""PDF p.32 (printed 626), Conclusion"", ""source"": ""main""}]","All components are theoretical or numerical: a financial accelerator equilibrium model, an analytically tractable special case, calibrated simulations and welfare/regulatory-policy exercises, with proofs and model robustness/extensions. Calibration adopts conventional parameter values and published financial estimates; risk aversion is varied as an assumed parameter, not measured from respondents. No questionnaire or human response dataset is collected, commissioned or analyzed. Thus neither own response collection nor qualifying survey use is present."
85123834851,10.1086/717892,Journal of Political Economy,2022,Ordinary Least Squares Estimation of the Intrahousehold Distribution of Expenditure,NO,"[{""quote"": ""Starting from the publicly available LSMS data (and the Bangladeshi data) for the most recent survey year"", ""location"": ""PDF page 22"", ""source"": ""main""}]","The article develops an estimation method and applies it to existing survey data: 11 World Bank LSMS country datasets and the Bangladesh Integrated Household Survey. The authors explicitly describe starting from publicly available data, not collecting or commissioning responses. The Bangladesh food-data analysis and appendix robustness analyses reuse these datasets; the illustrative “dream data” are hypothetical. Recommendations to add questions to future surveys do not constitute data collection for this research."
85107955429,10.1086/714445,Journal of Political Economy,2021,An equilibrium model of the market for bitcoin mining,NO,"[{""quote"": ""The transaction fees are recorded in the blockchain and can easily be retrieved from btc.com."", ""location"": ""PDF page 13, section 4 Calibration, Data"", ""source"": ""main""}, {""quote"": ""Simulated vs. Observed Payoffs"", ""location"": ""PDF page 20, Figure 6"", ""source"": ""main""}]","This is an equilibrium-theory and empirical calibration paper. Its data are Bitcoin exchange rates from CoinDesk, blockchain transaction fees, mined-block counts and estimated network hashrates. The two technological-period analyses, parameter estimation, simulated-versus-observed fit and entry-rule checks all use these financial/protocol time series. The conclusion and methodological components describe no recruitment, administered questionnaire, or human response data; no reported component meets the questionnaire criterion. Available source is the November 2017 working paper, so equivalence to the selected published article is unverified."
85089134085,10.1086/708856,Journal of Political Economy,2020,Experience of communal conflicts and intergroup lending,NO,"[{""quote"": ""individual loan portfolio and personnel records of a large public sector bank"", ""location"": ""PDF p.8 (printed 7), Data"", ""source"": ""main""}, {""quote"": ""survey responses from the National Family Health Survey (1998-99)"", ""location"": ""PDF p.13 (printed 12), Additional City- and State-Level Data"", ""source"": ""main""}]","The main study and all extensions link existing bank loan/personnel records to Varshney–Wilkinson newspaper-coded riot events, using manager rotation, exposure timing, Gujarat riots, credit quality and robustness analyses. Additional population and newspaper-circulation variables come from Indian government records; television viewing is from independently conducted 1998–99 NFHS responses. The latter is qualifying reported behavior but not team-collected or commissioned. In-group preferences are inferred from actual lending, not elicited questionnaire choices. No component supplies responses meeting both criteria."
85069930527,10.1086/701810,Journal of Political Economy,2019,The aggregate productivity effects of internal migration: Evidence from Indonesia,NO,"[{""quote"": ""Our Indonesian data come from the 1995 SUPAS (Intercensal Population Survey)"", ""location"": ""PDF page 7"", ""source"": ""main""}, {""quote"": ""We use the 1990 5% Census sample"", ""location"": ""PDF page 7"", ""source"": ""main""}]","The article and supplied online appendix report secondary-data analysis, structural modeling, counterfactual simulations, and robustness checks. The Indonesian analyses use existing SUPAS, SUSENAS, IFLS, and PODES datasets; the U.S. comparison uses Census and American Community Survey data. Although these sources include questionnaire responses, the research team did not collect or commission them. References to migration experiments concern prior research or ongoing work, not a qualifying survey study reported here."
85056573749,10.1086/699980,Journal of Political Economy,2018,The demand for effective charter schools,NO,"[{""quote"": ""The data used here come from three sources."", ""location"": ""PDF page 6, section 2.2 Data Sources and Sample Construction"", ""source"": ""main""}, {""quote"": ""an administrative database provided by the Massachusetts Department of Elementary and Secondary Education"", ""location"": ""PDF page 6, section 2.2"", ""source"": ""main""}]","The complete source description identifies Massachusetts administrative achievement/demographic records, Boston district student-address records, and charter-school admission/lottery records. School preferences are inferred structurally from actual applications and attendance rather than elicited through questions. The remaining components estimate the school-choice/achievement model and simulate expansion and outreach counterfactuals using those same records. There is no team-collected questionnaire in the reported empirical or modeling components, so the response criterion is not met. Reviewed NBER working paper revised February 2017; final 2018 article equivalence is unverified."
85019912592,10.1086/691465,Journal of Political Economy,2017,Every breath you take—every dollar you’ll make: The long-term consequences of the clean air act of 1970,NO,"[{""quote"": ""Our primary analysis file combines administrative data"", ""location"": ""PDF p.9 (printed 8), Data"", ""source"": ""main""}, {""quote"": ""we turn to survey data from the 2000 Census"", ""location"": ""PDF p.28 (printed 27), Interpretation and Discussion"", ""source"": ""main""}]","This 2014 NBER version links external LEHD earnings/employment records to EPA pollution monitors, with BEA county data, NCHS births/deaths and weather controls. Main, robustness, mobility, mortality-selection and benefit calculations use those records. The mechanism analyses additionally use existing 2000 Census, 2005–2012 ACS and 1987–1997 CPS responses about education, income, welfare and disability. Those reports are questionnaire content, but independently collected by government surveys; the authors’ matching and secondary analysis do not establish their own collection/commission. No component meets both criteria."
84969835266,10.1086/686034,Journal of Political Economy,2016,"Capabilities, wealth, and trade",NO,"[{""quote"": ""Trade data are from COMTRADE for 2005."", ""location"": ""PDF page 24"", ""source"": ""main""}, {""quote"": ""GDP per capita and population data are from the United Nations."", ""location"": ""PDF page 24"", ""source"": ""main""}]","The article develops a theoretical trade model and tests its predictions using existing COMTRADE and US import records, United Nations economic and population data, and published industry statistics. The empirical components—including product ranges, export shares, industry concentration, and price comparisons—analyze these existing data. Neither the main text nor the supplied appendices describe participant questionnaires or survey experiments collected or commissioned by the research team."
105010872858,10.1093/jopart/muaf012,Journal of Public Administration Research and Theory,2025,Patterns of bureaucracy: Conceptualizing administrative traditions,NO,"[{""quote"": ""review the proposed journal list (source 3) and to suggest any further books"", ""location"": ""PDF page 3, Experts review of journal list and books"", ""source"": ""main""}, {""quote"": ""QoG Expert survey wave III"", ""location"": ""PDF page 7, Table 1 Variables and data sources"", ""source"": ""main""}]","The article combines a systematic literature review, factor analysis of existing country indicators, and validation against other existing datasets. Table 1 and methods pages 7–8 identify external QoG surveys, V-Dem, World Bank, RAI, Juriglobe and WhoGov; page 11 adds UN, Transparency International and Oxford tracker data. No ownership of those original responses is described. The author also consulted eight experts by email to obtain journal/book suggestions for searching the literature; this is bibliographic consultation and protocol feedback, not an analyzed participant questionnaire about attitudes, beliefs, experiences or behavior. All reported analytical components therefore fail either questionnaire collection or team ownership."
85177437929,10.1093/jopart/muad020,Journal of Public Administration Research and Theory,2024,Assessing the Effects of User Accountability in Contracting Out,NO,"[{""quote"": ""an official survey run by the Spanish Ministry"", ""location"": ""PDF p.4, Data and Methods—Dependent Variable"", ""source"": ""main""}, {""quote"": ""Based on data supplied by the Virtual Office of Local Government Financial Coordination"", ""location"": ""PDF p.7, Table 1 source note"", ""source"": ""main""}]","The article’s sole empirical study compares water-service efficiency across 2,111 Spanish municipalities in 2014–2016. All conditional/unconditional efficiency, population subgroup and nonparametric regressions use existing ministry cost records and the independently administered EIEL infrastructure survey, combined with national statistics, municipal financial records and the La Caixa yearbook. EIEL provides objective service-quality/consumption/network indicators rather than a team-administered user questionnaire, and the ministry is explicitly identified as survey operator. The authors do not collect or commission eligible respondent answers; producing estimates or resampling those data does not satisfy criterion 1. The discussion confirms the same single-country/service dataset and only proposes further research."
85193223068,10.1093/jopart/muac007,Journal of Public Administration Research and Theory,2023,Human-AI Interactions in Public Sector Decision Making: “Automation Bias” and “Selective Adherence” to Algorithmic Advice,YES,"[{""quote"": ""we designed and conducted a series of three unique survey experiments among Dutch citizens and civil servants."", ""location"": ""PDF page 5"", ""source"": ""main""}, {""quote"": ""The survey experiments were hosted on Qualtrics"", ""location"": ""PDF page 5"", ""source"": ""main""}]","The team conducted three original survey experiments. Studies 1 and 2 recruited Dutch citizens through Dynata; study 1 explicitly used Qualtrics. Participants received randomized hypothetical teacher evaluations and reported which teacher’s contract they would not renew, alongside questionnaire items about algorithms. For study 3, the team contracted ICTU to administer the experiment to civil servants. These responses meet both the collection-responsibility and survey-experiment criteria."
85131426088,10.1093/jopart/muab053,Journal of Public Administration Research and Theory,2022,The Dynamics of Sources of Knowledge on the Nature of Innovation in the Public Sector: Understanding Incremental and Transformative Innovations in Local Governments,NO,"[{""quote"": ""was hand collected from publicly available websites"", ""location"": ""PDF page 7, Methods, Data Sources"", ""source"": ""main""}, {""quote"": ""qualitative analysis based on semistructured interviews"", ""location"": ""PDF page 7, Data Analysis"", ""source"": ""main""}]","Both study components were inspected. For the quantitative SEM, the so-called survey questionnaire is a protocol used by researchers to code publicly available GBI project information from 82 local governments, not an instrument administered to human respondents. The complementary eight case studies rely on secondary sources and 27 semistructured Zoom interviews lasting 25–120 minutes, with narrative quotations used qualitatively; methods and discussion identify no separate structured participant questionnaire. The authors clearly collected their materials, but those materials are web records and qualitative interviews rather than qualifying survey responses."
85115853028,10.1093/jopart/muab003,Journal of Public Administration Research and Theory,2021,Formal Hierarchies and Informal Networks: How Organizational Structure Shapes Information Search in Local Government,YES,"[{""quote"": ""we emailed a Qualtrics survey link to all 155 employees"", ""location"": ""PDF page 16"", ""source"": ""main""}, {""quote"": ""I seek information from this person to do my job"", ""location"": ""PDF page 45"", ""source"": ""main""}]","The team directly administered a Qualtrics survey to all 155 employees of a local government in October 2019, obtaining 143 responses. Employees reported whom they sought for job-related information and permission and answered attitude items about trust, commitment, and self-efficacy. These questionnaire responses were analyzed in the reported network models. The supplied survey appendix confirms the questionnaire content, so both collection responsibility and survey use are established."
85074760282,10.1093/jopart/muz013,Journal of Public Administration Research and Theory,2020,Can government public communications elicit undue trust? Exploring the interaction between symbols and substantive information in communications,YES,"[{""quote"": ""I conducted a large randomized survey experiment"", ""location"": ""PDF page 2"", ""source"": ""main""}, {""quote"": ""The survey experiment was conducted online using Qualtrics Survey Software."", ""location"": ""PDF page 8"", ""source"": ""main""}]","The author conducted an original randomized survey experiment, recruiting Israeli adults through iPanel and administering the questionnaire using Qualtrics. Participants received experimentally varied policy communications and answered six Likert-scale questions measuring trust in each policy. The analysis used responses from 859 participants. Thus, the same responses meet both the team-collection and survey-experiment criteria."
85062262291,10.1093/jopart/muy035,Journal of Public Administration Research and Theory,2019,Acceptance or disapproval: Performance information in the eyes of public frontline employees,YES,"[{""quote"": ""we conducted a survey experiment on Danish public high school teachers"", ""location"": ""PDF page 22, Research Design"", ""source"": ""main""}, {""quote"": ""we embedded three questions in the questionnaire"", ""location"": ""PDF page 26, Measures"", ""source"": ""main""}]","The research team explicitly conducted and emailed its experiment to 6,975 teachers across 121 Danish high schools, obtaining 1,988 responses in March–April 2017. It randomized provision of real school-performance information and administered questionnaire items about indicator validity, legitimacy, usefulness and causal responsibility, measured on five-point response scales. The reported treatment analyses use those collected beliefs and judgments, satisfying both team collection and questionnaire-response criteria. The team's pilot surveys also used related randomized scenarios and questions. Main methods are sufficient to establish eligibility."
85044157457,10.1093/jopart/mux030,Journal of Public Administration Research and Theory,2018,Collaborative platforms as a governance strategy,NO,"[{""quote"": ""we work back and forth between the theoretical literature on platforms and concrete examples that meet our definition of a collaborative platform."", ""location"": ""PDF page 7"", ""source"": ""main""}]","The article develops a conceptual framework using existing theoretical literature and illustrative cases drawn from published studies and organizational materials. Across the platform examples and comparative analysis, it reports no participant questionnaire responses collected or commissioned by the authors. Descriptions of others’ research and platforms’ activities do not constitute survey collection by this research team."
85014597629,10.1093/jopart/muw041,Journal of Public Administration Research and Theory,2017,Linking network structure to collaborative governance,YES,"[{""quote"": ""We developed measures to operationalize these three dynamics, drawing on a survey of relicensing participants"", ""location"": ""PDF page 2"", ""source"": ""main""}, {""quote"": ""to measure perceived levels of trust, efficiency, and co-creation"", ""location"": ""PDF page 2"", ""source"": ""main""}]","The article uses collaboration measures derived from a participant survey in coauthor Ulibarri’s earlier study. The authors describe developing these measures themselves, clearly implying responsibility for the survey, which asked participants about perceived trust, efficiency, and co-creation. These survey-derived collaboration levels are used in the current comparison of three networks. Although the new network data come from meeting records, reuse of the team’s own earlier survey responses qualifies."
84954320357,10.1093/jopart/muu032,Journal of Public Administration Research and Theory,2016,The Administrative Organization of Sustainability Within Local Government,YES,"[{""quote"": ""In 2010, Feiock and colleagues administered a survey to the chief administrative officer"", ""location"": ""PDF page 7, Sample and Data"", ""source"": ""main""}, {""quote"": ""Has your city government established an energy or sustainability office?"", ""location"": ""PDF page 7, Sample and Data"", ""source"": ""main""}]","The current analysis uses responses from two prior surveys to construct its organizational-location outcome. Methods explicitly identify coauthor Richard C. Feiock (confirmed on page 1) and colleagues as administrators of one 2010 survey to chief administrative officers of cities above 50,000 population. It asked officials whether their city had established an energy/sustainability office and which department was responsible, eliciting reported organizational behavior through questions. Actual reuse of this team-collected response set satisfies both criteria; combining it with an independently conducted National League of Cities survey, archives and websites does not remove eligibility."
105004196113,10.1007/s11747-025-01103-7,Journal of the Academy of Marketing Science,2025,Exploring the interaction between television and branded search advertising: Implications for real-time syncing strategies,NO,"[{""quote"": ""We obtained website visit and conversion rate data from the company’s Google Analytics account."", ""location"": ""PDF page 8"", ""source"": ""main""}]","The team conducted a field experiment that enabled or paused search advertisements across regions and periods, but measured actual website visits and purchases rather than questionnaire responses. The additional analyses, robustness checks, and revenue simulations use advertising and website analytics data. Management conversations provide contextual information, not qualifying survey responses. No reported study collects responses through a survey or survey experiment."
85197713572,10.1007/s11747-024-01029-6,Journal of the Academy of Marketing Science,2024,Food and technology: Using digital devices for restaurant orders leads to indulgent outcomes,YES,"[{""quote"": ""The research assistant approached restaurant patrons and asked them to complete a paper survey in exchange for a complimentary beverage."", ""location"": ""PDF page 5"", ""source"": ""main""}]","In Study 1a, the team’s research assistant recruited 144 restaurant patrons to complete a paper questionnaire. Participants reported their ordering method and rated the healthfulness of their orders. These responses were collected directly for the reported research and qualify as survey responses."
85126855640,10.1007/s11747-022-00841-2,Journal of the Academy of Marketing Science,2023,The effect of implementing chatbot customer service on stock returns: an event study analysis,YES,"[{""quote"": ""we recruited TurkPrime participants"", ""location"": ""PDF page 15, Supplemental Study 2"", ""source"": ""main""}, {""quote"": ""they answered three questions about chatbot benefits"", ""location"": ""PDF page 14, Supplemental Study 1"", ""source"": ""main""}]","Beyond the archival stock-return event study, the team reports two eligible supplemental studies. Study 1 presents its 150 TurkPrime participants with B2B/B2C scenarios and collects seven-point benefit and anthropomorphism judgments. Study 2 explicitly recruits 152 TurkPrime participants meeting finance/accounting-course criteria and asks the same customer-benefit questions plus expected effects on firm performance. These are team-administered questionnaire ratings about beliefs and preferences, and their analyses are reported in the main text. One such component is sufficient; the archived main event-study records do not negate eligibility."
85124740559,10.1007/s11747-022-00842-1,Journal of the Academy of Marketing Science,2022,The boomerang effect of zero pricing: when and why a zero price is less effective than a low price for enhancing consumer demand,YES,"[{""quote"": ""Participants completed an online survey on consumer behavior"", ""location"": ""PDF page 9"", ""source"": ""main""}, {""quote"": ""Participants indicated their interest in attending the trial lesson on a 7-point scale"", ""location"": ""PDF page 9"", ""source"": ""main""}]","Study 2 clearly qualifies: the team randomly assigned 205 students to price and class-format conditions in its online survey, then collected attendance-interest ratings and affective responses. Studies 3–5 also describe team-administered experiments collecting questionnaire ratings or choices. Study 1 uses company records, but that does not negate the qualifying survey experiments."
85089381265,10.1007/s11747-020-00742-2,Journal of the Academy of Marketing Science,2021,We can fix this! Donor activism for nonprofit supply generation,NO,"[{""quote"": ""In-depth interviews, lasting an average of 75 min, were conducted with both co-organizers and participants."", ""location"": ""PDF page 5"", ""source"": ""main""}, {""quote"": ""She developed a survey and circulated it"", ""location"": ""PDF page 9"", ""source"": ""main""}]","The article reports one ethnographic study using qualitative interviews, emailed interview clarifications, participant observation, online posts and blogs, and media coverage. None constitutes qualifying questionnaire collection. A survey mentioned in the findings was independently developed by Tiffany, a donor interviewed in the study, as part of her activism—not collected or commissioned by the researcher. The article discusses that activity rather than reporting an analysis of its survey responses."
85086363634,10.1007/s11747-020-00725-3,Journal of the Academy of Marketing Science,2020,Consumer arrogance and word-of-mouth,YES,"[{""quote"": ""completed the survey in exchange for extra course credit"", ""location"": ""PDF page 6, Study 1a Method and procedure"", ""source"": ""main""}, {""quote"": ""students indicated their WOM intentions using the two questions"", ""location"": ""PDF page 6, Study 1a procedure"", ""source"": ""main""}]","Study 1a describes the team's own administration to 158 university students, random assignment to arrogance/control scenarios, presentation of a product video, and collection of product-evaluation ratings and two word-of-mouth intention questions. The methods clearly imply team collection of these questionnaire beliefs and intentions, with results analyzed in the article. The field pilot likewise has the team asking 1,682 compensated panel members arrogance and word-of-mouth questions, but Study 1a alone establishes both eligibility criteria without relying on the status of any external panel data."
85064193755,10.1007/s11747-019-00643-z,Journal of the Academy of Marketing Science,2019,Capabilities for market-shaping: triggering and facilitating increased value creation,NO,"[{""quote"": ""We employed an intensive interview format with broad, open-ended questions"", ""location"": ""PDF page 5"", ""source"": ""main""}, {""quote"": ""questions evolved constantly to reflect the emerging theoretical framework."", ""location"": ""PDF page 5"", ""source"": ""main""}]","The team collected qualitative interviews with 82 managers from 21 firms, using open-ended narratives and evolving follow-up questions. Additional components comprised expert discussions, desk research, and member-checking feedback on transcripts and interpretations. These are qualitative research procedures, not questionnaire-based surveys or survey experiments. No other qualifying study is reported."
85018794870,10.1007/s11747-017-0540-y,Journal of the Academy of Marketing Science,2018,Effect of analysts’ earnings pressure on marketing spending and stock market performance,NO,"[{""quote"": ""Our sample was compiled from Institutional Brokers Earning System (I/B/E/S), COMPUSTAT, and CRSP databases."", ""location"": ""PDF page 12"", ""source"": ""main""}]","The reported research analyzes existing firm-level financial, analyst-forecast, and stock-market data from I/B/E/S, COMPUSTAT, and CRSP. The moderation analyses, R&D replication, quarterly analyses, and other robustness checks also use archival data, not participant questionnaires. Survey evidence is discussed only as prior literature or proposed future research; no survey collection or commissioning by this team is reported."
85064119805,10.1007/s11747-017-0551-8,Journal of the Academy of Marketing Science,2017,Effects of offline ad content on online brand search: Insights from super bowl advertising,YES,"[{""quote"": ""We recruited 622 undergraduate students"", ""location"": ""PDF page 7, Independent variables and moderators"", ""source"": ""main""}, {""quote"": ""All measures were Likert-type scales"", ""location"": ""PDF page 7, Independent variables and moderators"", ""source"": ""main""}]","The authors explicitly recruited 622 students for extra credit and assigned advertisements for seven-point item ratings, obtaining 3,103 usable responses. Besides content classifications, the administered measures include subjective ad liking, source credibility/trustworthiness, similarity to oneself and perceived surprise (page 9), so these are qualifying attitude and belief questionnaire responses rather than merely objective record coding. Their ratings are used in the brand-search models; additional MTurk ratings assess reliability. The Google/news/advertising archives are complementary to this clearly team-collected respondent dataset."
84949499184,10.1007/s11747-015-0468-z,Journal of the Academy of Marketing Science,2016,An offer you can’t refuse: consumer perceptions of sales pressure,YES,"[{""quote"": ""We recruited a quota sample of 347 consumers to complete our online survey instrument."", ""location"": ""PDF page 11"", ""source"": ""main""}]","The authors explicitly recruited consumers to complete their own online survey for the structural-model study. Respondents reported perceptions of sales pressure, salesperson knowledge, time pressure, satisfaction, and trust through questionnaire measures. The authors also collected questionnaire responses during scale development and validation. Thus, both collection responsibility and survey use are established."
105021029145,10.1037/lhb0000620,Law and Human Behavior,2025,Large Language Models (LLMs) as Jurors: Assessing the Potential of LLMs in Legal Contexts,NO,"[{""quote"": ""The participants in the present study were three Large Language Models (LLMs)"", ""location"": ""PDF page 17"", ""source"": ""main""}, {""quote"": ""those previously documented in human participants"", ""location"": ""PDF page 13"", ""source"": ""main""}]","The pilot study, main factorial experiment, and paired-scenario explicit-bias assessment collected only LLM-generated responses, not responses from people. Although the models answered questionnaire-like items, these computational simulations do not qualify as participant surveys. Human jury results used for comparison came from Fraser et al. (2023), a separate research team."
85190488028,10.1037/lhb0000559,Law and Human Behavior,2024,The Power of Meaningful Numbers: Attorney Guidance and Jury Deliberation Improve the Reliability and Gist Validity of Damage Awards,YES,"[{""quote"": ""Participants were recruited in the upstate New York area"", ""location"": ""PDF page 6, Method, Participants"", ""source"": ""main""}, {""quote"": ""jurors completed a lengthy postdeliberation questionnaire individually"", ""location"": ""PDF page 7, Individual Postdeliberation Questionnaire"", ""source"": ""main""}]","The team recruited and paid local community participants for its mock-trial experiment, describing its in-person and subsequent virtual data collection. After randomized attorney guidance and jury deliberation, participants answered a questionnaire including eight seven-point perceived-injury-severity items and ratings of helpfulness, difficulty and confidence. These subjective beliefs and experiences are used in the article's injury-assessment and metacognitive analyses. Thus the same team-collected response set satisfies both criteria even though the broader procedure also includes simulated verdicts and group discussion."
85152410500,10.1037/lhb0000528,Law and Human Behavior,2023,What’s Risk Got to Do With It: Judges’ and Probation Officers’ Understanding and Use of Juvenile Risk Assessments in Making Residential Placement Decisions,YES,"[{""quote"": ""We randomly assigned participants to vignette groups via the Qualtrics online survey platform"", ""location"": ""text segment 3"", ""source"": ""main""}, {""quote"": ""a series of surveys, created specifically for this study"", ""location"": ""text segment 3"", ""source"": ""main""}]","The team recruited participants and administered its own randomized vignette-based survey experiment through Qualtrics. The reported sample included 309 judicial and probation personnel. Participants read scenarios varying a youth’s race and risk level, then answered study-specific questions about recidivism probabilities and their likelihood of ordering or recommending confinement. These responses were collected by the team and analyzed in the article, satisfying both criteria."
85130590942,10.1037/lhb0000483,Law and Human Behavior,2022,"Predictive Validity of the SAVRY, YLS/CMI, and PCL:YV Is Poor for Intimate Partner Violence Perpetration Among Adolescent Offenders",YES,"[{""quote"": ""Research assistants recruited youth from 11 probation offices"", ""location"": ""PDF page 8"", ""source"": ""main""}, {""quote"": ""We evaluated lifetime history of intimate partner violence at the baseline assessment with two self-report items"", ""location"": ""PDF page 8"", ""source"": ""main""}]","The team recruited adolescents and administered baseline self-report questionnaires. Two fixed-response items measured participants’ lifetime intimate partner violence perpetration and victimization, and these responses were used in the reported regression analyses. Thus, the study includes team-collected questionnaire responses, even though risk ratings and official criminal records supplied other measures."
85119175043,10.1037/lhb0000459,Law and Human Behavior,2021,Contextual Factors Predict Self-Reported Confession Decision-Making: A Field Study of Suspects’ Actual Police Interrogation Experiences,YES,"[{""quote"": ""We visited two jail facilities"", ""location"": ""PDF page 16, Procedure"", ""source"": ""main""}, {""quote"": ""Participants completed the questionnaire individually either in the common areas or in their cells"", ""location"": ""PDF page 16, Procedure"", ""source"": ""main""}]","The first author visited jail housing units, introduced the study, distributed consent forms and questionnaires, and collected anonymous completed surveys in a box. The questionnaire elicited interrogation experiences, perceptions of evidence and freedom to leave, prior confession intentions and actual confession/denial behavior; the current analysis uses 249 respondents reporting relevant interrogation. This is direct team collection of structured self-reported experiences and behavior. Missing separate tables in the author manuscript do not obscure eligibility, which is established by the continuous methods and results narrative; published-version equivalence remains unverified."
85100080978,10.1037/lhb0000427,Law and Human Behavior,2020,Impact of disguise on identification decisions and confidence with simultaneous and sequential lineups.,YES,"[{""quote"": ""After completing each lineup, participants rated their confidence in their identification decision from 0% (not at all confident) to 100% (extremely confident)."", ""location"": ""PDF page 17"", ""source"": ""main""}]","The team directly collected responses in two experiments. Beyond lineup-identification tasks, participants completed computer-administered self-report items rating their confidence and reporting prior familiarity with lineup members. The confidence ratings were analyzed as research outcomes. Experiment 2 used the same procedures and measures as Experiment 1. These questionnaire-style responses qualify even though they were collected within laboratory experiments."
85053506571,10.1037/lhb0000303,Law and Human Behavior,2019,Is interviewer support associated with the reduced reluctance and enhanced informativeness of alleged child abuse victims?,NO,"[{""quote"": ""The present study focused on Revised Protocol forensic interviews"", ""location"": ""PDF page 18"", ""source"": ""main""}, {""quote"": ""we had to rely on transcripts of audio records"", ""location"": ""PDF page 22"", ""source"": ""main""}]","The article reports a comparison of Standard and Revised NICHD forensic interviews with children alleging parental abuse. Researchers coded interview transcripts for interviewer support, questioning, children’s reluctance, and informativeness in the transitional and substantive phases. These were investigative interviews, not questionnaire responses or a survey experiment. No additional qualifying survey component is reported."
85054259821,10.1037/lhb0000305,Law and Human Behavior,2018,Treatment responsiveness of replicated psychopathy profiles,NO,"[{""quote"": ""PCL-R records of all patients were independently scored by two raters"", ""location"": ""PDF page 6, Procedures"", ""source"": ""main""}, {""quote"": ""Recidivism was determined by inspection of the current criminal records"", ""location"": ""PDF page 6, Procedures"", ""source"": ""main""}]","The single retrospective hospital cohort is analyzed for psychopathy profiles, clinical diagnoses, treatment phases/discharge and recidivism. The PCL-R uses trained clinicians' consensus scores based on files plus an extensive clinical interview; SIDP-IV yields clinician-rated diagnostic symptom counts, while psychosis/autism diagnoses use clinical observation and interviews. Treatment timing and recidivism come from patient/ministry/criminal records. These are clinical assessment ratings and administrative outcomes, not participant questionnaire responses, and no separate survey measure is reported in the complete procedure/instruments or outcome analyses. The broader clinical setting itself is not the reason for exclusion; the lack of a qualifying questionnaire component is."
85007228158,10.1037/lhb0000203,Law and Human Behavior,2017,Evaluating lineup fairness: Variations across methods and measures,YES,"[{""quote"": ""Participants’ self-reported ethnicity"", ""location"": ""PDF page 10, Participants"", ""source"": ""main""}, {""quote"": ""participants provided demographic information"", ""location"": ""PDF page 13, Procedure"", ""source"": ""main""}]","The authors recruited 1,010 participants through their subject pools, contacts and Mechanical Turk and collected their responses on the experiment webpage. The description-generation and lineup-matching tasks are perceptual tasks, but the procedure explicitly collects demographic information after those trials. The Participants section identifies ethnicity as self-reported and reports its distribution, together with age and gender. This establishes direct collection of respondent-provided personal information via the web procedure and its descriptive use in the article. A separate substantive attitude outcome, a survey platform name, or a primary survey study is not required by the supplied prompt; demographic-only responses are not explicitly excluded. YES is therefore better supported than NO or UNCLEAR for this documented ancillary questionnaire. Published-version equivalence of this author manuscript remains unverified."
84956577499,10.1037/lhb0000159,Law and Human Behavior,2016,Memory and the operational witness: Police officer recall of firearms encounters as a function of active response role,YES,"[{""quote"": ""participants were then asked to clarify any “Do Not Know”/ “Unknown” responses by selecting one of four options"", ""location"": ""PDF page 5"", ""source"": ""main""}]","The team collected responses directly from officers in its simulated-incident study. Beyond physiological measurements and memory-performance tasks, officers completed structured self-report questions explaining their unanswered items, choosing among reasons involving perceived information availability, inability to remember, and insufficient confidence. These questionnaire responses were analyzed by experimental role (Table 3), so this component qualifies even though the main study concerned memory performance."
105009908654,10.1016/j.leaqua.2025.101883,Leadership Quarterly,2025,Leading with pride: An interdisciplinary integrative review on LGBTIQ + leadership and an agenda for future research,NO,"[{""quote"": ""a total of 101 articles meeting our inclusion criteria"", ""location"": ""Text segment 6, Method, Article search, inclusion, and coding"", ""source"": ""main""}, {""quote"": ""We coded the articles based on categories and attributes relevant to our analyses."", ""location"": ""Text segment 6, Method"", ""source"": ""main""}]","The reported research is an integrative literature review: the authors search databases and journals, select 101 published articles, and code their theories, methods, samples, findings and methodological limitations. The later sections synthesize themes, critique published experimental/nonexperimental/qualitative designs and propose future studies. References to participant questionnaires, vignettes and recruitment describe reviewed or recommended research, not a newly conducted study or current reanalysis of the team's own questionnaire responses. No component meets both collection and questionnaire criteria."
85194903332,10.1016/j.leaqua.2024.101797,Leadership Quarterly,2024,Advancing Organizational Science With Computational Process Theories,NO,"[{""quote"": ""No data was used for the research described in the article."", ""location"": ""text segment 2"", ""source"": ""main""}, {""quote"": ""we provide simulation results from the example model"", ""location"": ""text segment 10"", ""source"": ""main""}]","The article develops theory and demonstrates a computational model using simulated leaders and team members, not human participant responses. Its reported analyses use simulation-generated data. Appendix A reviews prior research, while Appendix B specifies the simulation procedures; neither reports qualifying questionnaire collection or analysis. Discussions of surveys and future empirical studies are methodological recommendations, not studies conducted for this article."
85120667384,10.1016/j.leaqua.2021.101581,Leadership Quarterly,2023,Where is “behavior” in organizational behavior? A call for a revolution in leadership research and beyond,NO,"[{""quote"": ""we systematically reviewed the literature for trends regarding the presence or absence of behavioral evidence"", ""location"": ""Text segment 6, Evidence of the absence of behavioral evidence"", ""source"": ""main""}]","The empirical component samples published articles and codes their designs and measures; its 214 primary studies are literature units, not newly collected participant questionnaires. Remaining sections develop theory and methodological recommendations. Survey examples refer to previous or proposed studies, and there is no analysis of the team's own participant responses in this article."
85101686392,10.1016/j.leaqua.2020.101476,Leadership Quarterly,2022,Effect of charismatic signaling in social media settings: Evidence from TED and Twitter,YES,"[{""quote"": ""We recruited 244 participants from a university subject pool"", ""location"": ""Text segment 7, Study 1, Attractiveness"", ""source"": ""main""}, {""quote"": ""rate pictures for attractiveness using a 9 point-Likert scale"", ""location"": ""Text segment 7, Attractiveness"", ""source"": ""main""}]","Although its main outcomes are existing TED views/ratings and Twitter activity, Study 1 contains a clearly eligible auxiliary response collection. The team recruited 244 university participants, showed each ten speaker photographs and requested nine-point attractiveness judgments. These are structured subjective evaluation ratings collected by the research team and used as an attractiveness control in the reported models. The current criteria do not require survey data to be the primary outcome or main dataset, so this component satisfies both criteria."
85101709952,10.1016/j.leaqua.2021.101509,Leadership Quarterly,2021,A chronotype circadian model of charismatic leadership expressions and perceptions,YES,"[{""quote"": ""We conducted two laboratory studies with undergraduates"", ""location"": ""text segment 4"", ""source"": ""main""}, {""quote"": ""Participants initially completed an online survey measuring their chronotypes"", ""location"": ""text segment 4"", ""source"": ""main""}]","The team collected qualifying questionnaire responses in both studies. Participants completed online chronotype surveys and reported their previous night's sleep quantity; these responses were used as predictors, manipulation checks, and controls. Study 2 also collected participants’ charismatic-leadership ratings after they watched speech videos. The procedures clearly establish the team's collection responsibility, and the laboratory setting does not negate the qualifying survey components."
85068131646,10.1016/j.leaqua.2019.04.003,Leadership Quarterly,2020,What do the followers want? The core functions of leadership,YES,"[{""quote"": ""Results of the preliminary survey allowed us to create payoff structures for the strategic games."", ""location"": ""Text segment 6, Methods, footnote 6"", ""source"": ""main""}]","Alongside its own strategic-game experiments, the team conducted a preliminary survey of 49 separate participants about medal values and preferences and reports using those responses to construct the payoff structures. Post-game surveys also assessed motivation and perceived values. These are own questionnaire responses used in the reported research, independently of whether actual game choices or comprehension checks would qualify."
85058613559,10.1016/j.leaqua.2018.12.002,Leadership Quarterly,2019,Cognitive shifts within leader and follower teams: Where consensus develops in mental models during an organizational crisis,YES,"[{""quote"": ""Respondents also completed a short questionnaire"", ""location"": ""Text segment 5, Sample"", ""source"": ""main""}, {""quote"": ""Participants were also asked to rate the strength of the relationships between factors"", ""location"": ""Text segment 6, Eliciting cognitive maps"", ""source"": ""main""}]","The lead author directly conducted the two-wave data collection with organizational staff. In addition to a short questionnaire on work role/location and tenure, a standardized written elicitation procedure asked each respondent to select important success factors and rate believed causal relationships on a fixed −3 to +3 scale. Those structured belief choices and ratings form the cognitive maps quantitatively compared in the current study. They qualify as questionnaire responses under the definition allowing ratings and choices even without the survey label; the subsequent in-depth qualitative interviews do not remove this eligible component."
85044502616,10.1016/j.leaqua.2018.03.001,Leadership Quarterly,2018,"Leadership, creativity, and innovation: A critical review and practical recommendations",NO,"[{""quote"": ""Instead, we utilize a combination of systematic and narrative techniques to review the literature."", ""location"": ""text segment 2"", ""source"": ""main""}, {""quote"": ""Each of the SMEs independently coded the items"", ""location"": ""text segment 12"", ""source"": ""main""}]","The article reviews published research and analyzes its definitions, findings, study designs, and measures. Its additional empirical component involves five subject-matter experts coding existing scale items for construct coverage; this is content analysis, not participant responses to a survey. The questionnaires and experiments discussed belong to the reviewed literature. No qualifying survey or survey experiment collected or commissioned by this team is reported."
85005992374,10.1016/j.leaqua.2016.10.008,Leadership Quarterly,2017,"Complementary person-supervisor fit: An investigation of supplies-values (S-V) fit, leader-member exchange (LMX) and work outcomes",YES,"[{""quote"": ""Using online surveys, data were collected at two points in time six months apart."", ""location"": ""Text segment 6, Method, Sample and procedure"", ""source"": ""main""}, {""quote"": ""employees rated LMX and job satisfaction"", ""location"": ""Text segment 7, Measures"", ""source"": ""main""}]","The team invited employees at a Danish manufacturer to two online questionnaires, obtained permission to contact their managers, and invited managers to a parallel questionnaire. Employee work values, perceptions of leader supplies and job satisfaction are own participant responses used in the models. Both collection responsibility and questionnaire content are explicit in methods."
84989926977,10.1016/j.leaqua.2016.05.003,Leadership Quarterly,2016,A qualitative study investigating the ethical decision making process: A proposed model,NO,"[{""quote"": ""The interviews were audio recorded and transcribed."", ""location"": ""Text segment 3, Research strategy"", ""source"": ""main""}, {""quote"": ""broad open-ended questions used to elicit answers"", ""location"": ""Text segment 3, Research strategy"", ""source"": ""main""}]","The sole empirical component consists of 25 hour-long qualitative critical-incident interviews with senior military/civilian leaders, followed by grounded-theory coding of 748 transcript pages into themes and a proposed process model. Although Appendix A is titled an interview questionnaire and core prompts were shared, it is an open-ended narrative interview schedule with adaptive probes and evolving follow-up focus, not a separate survey response instrument. The appendix and full collection/analysis description contain no rating scales or other qualifying questionnaire component; subsequent components are theoretical interpretation and proposals for future study. Team collection is clear, but the qualitative-interview-only exclusion applies."
85215859463,10.1016/j.learninstruc.2025.102083,Learning and Instruction,2025,Enhancing students’ content and language development: Implications for researching multilingualism in CLIL classroom context,NO,"[{""quote"": ""No data was used for the research described in the article."", ""location"": ""text segment 1"", ""source"": ""main""}, {""quote"": ""This introduction will start by discussing the articles in this special issue"", ""location"": ""text segment 1"", ""source"": ""main""}]","This article is a special-issue introduction that reviews published studies, discusses theoretical and methodological approaches, and proposes future research. Its discussions of classroom observations, interviews, assessments, and experiments summarize separate publications rather than report original participant-response research in this article. The authors explicitly state that no data were used. No survey or survey experiment collected or commissioned by this team is analyzed here."
85170274931,10.1016/j.learninstruc.2023.101829,Learning and Instruction,2024,Does changing learning environments affect student motivation?,YES,"[{""quote"": ""providing test managers to assist students during the survey"", ""location"": ""Text segment 6, section 3.5 Procedure"", ""source"": ""main""}, {""quote"": ""Both questionnaires employed a 4-point Likert scale."", ""location"": ""Text segment 6, section 3.2 Measurement instruments"", ""source"": ""main""}]","The researchers obtained study-specific student and parental consent and administered repeated questionnaires around the schools' learning-environment changes, with test managers assisting and teachers absent. The Academic Self-Regulation and Basic Needs questionnaires elicit motivation and need-satisfaction reports. These own responses qualify even though grades are also drawn from administrative records."
85147804759,10.1016/j.learninstruc.2023.101734,Learning and Instruction,2023,Differential prospective relationships of social-oriented and individual-oriented achievement motivations with achievement goals and affective wellbeing: A 1-year follow-up study,YES,"[{""quote"": ""Participants were recruited from a public university in Macao, China."", ""location"": ""Text segment 4, section 2.1 Participants and procedures"", ""source"": ""main""}, {""quote"": ""completed the paper-and-pencil questionnaire in the classroom"", ""location"": ""Text segment 4, section 2.1"", ""source"": ""main""}]","The researchers describe their own ethics approval, university recruitment, written consent, classroom questionnaire administration, respondent matching and supermarket-coupon compensation across two annual waves (332 baseline, 244 follow-up). The same questionnaire measures motivation, achievement-goal endorsement and frequencies of positive/negative feelings with Likert scales. The article analyzes these team-collected attitudes and affective experiences longitudinally, meeting both criteria. Paper administration is eligible under the current instructions."
85133709576,10.1016/j.learninstruc.2022.101649,Learning and Instruction,2022,Exploring the within-person contemporaneous network of motivational engagement,YES,"[{""quote"": ""we recruited participants from among our acquaintances"", ""location"": ""text segment 4"", ""source"": ""main""}, {""quote"": ""Participants were encouraged to respond to the daily questionnaire as frequently as possible."", ""location"": ""text segment 5"", ""source"": ""main""}]","The team recruited four participants and collected daily questionnaire responses from April 2017 through March 2018 using iDialog on iPod touch devices. Participants rated their motivation, goals, beliefs, emotions, and related experiences. These responses were analyzed in the reported network study, satisfying both team collection and questionnaire-use criteria."
85089951425,10.1016/j.learninstruc.2020.101371,Learning and Instruction,2021,Early science learning: The effects of teacher talk,YES,"[{""quote"": ""the children's language skills were assessed via their teachers' rating of the following seven items on a five-point Likert scale"", ""location"": ""Text segment 7, section 2.4 Measures"", ""source"": ""main""}]","The team recruited kindergarten classes and collected teacher ratings on seven agreement items about children's language behavior, alongside videotaped teaching and child knowledge tests. These questionnaire reports are included as child-level measures in the study. The knowledge test answers and coded classroom observations alone would not establish eligibility, but the separate teacher-response scale does."
85080141781,10.1016/j.learninstruc.2020.101311,Learning and Instruction,2020,Fourth graders’ adaptive strategy use in solving multidigit subtraction problems,UNCLEAR,"[{""quote"": ""immediate retrospective strategy reports"", ""location"": ""Text segment 6, section 4.2 Methodological considerations"", ""source"": ""main""}, {""quote"": ""based on the solution steps written down and/or verbally reported"", ""location"": ""Text segment 3, section 2.4 Procedure"", ""source"": ""main""}]","The team clearly collected its own data from 124 fourth graders, so ownership is not the problem. The sole study has three arithmetic task sessions, with strategy-choice and mandated-strategy conditions. Children produce answers and written calculation steps; when those steps do not reveal the strategy, the experimenter asks the child to explain how the calculation was performed. The researchers code written workings and recorded verbal explanations into the same subtraction/addition strategy categories and analyze those task codes, accuracy and response time. Section 4.2 explicitly describes immediate retrospective strategy reports and discusses verbal-protocol accuracy/reactivity. This supports interpreting the answers as a cognitive task protocol, and the initial confident YES overstates the case by treating a repeated question as necessarily a questionnaire. However, the frozen prompt expressly includes answers about reported behavior and does not specify when these structured retrospective explanations cease to be questionnaire responses. The complete methods and all result components therefore expose an operational classification boundary, not a missing-source problem. Neither a confident YES nor a confident NO is established without an interpretation of that boundary; UNCLEAR is the proposed conservative adjudication. No separate qualifying questionnaire was found in the complete methods, discussion or arithmetic-problem appendix."
85060154487,10.1016/j.learninstruc.2018.11.005,Learning and Instruction,2019,"Expectancy of success, attainment value, engagement, and Achievement: A moderated mediation analysis",YES,"[{""quote"": ""Participants responded to self-report items on a five-point scale"", ""location"": ""text segment 3"", ""source"": ""main""}, {""quote"": ""Self-report data were collected using digital personal assistants and administered by the regular classroom teacher"", ""location"": ""text segment 4"", ""source"": ""main""}]","The team collected longitudinal questionnaire responses from primary-school students about mathematics expectancy, values, and behavioural engagement. Students rated self-report items on a five-point agreement scale. The study procedures describe teacher-administered digital data collection under a standardised script, with school permission and participant assent, clearly establishing collection for the team's research. These responses qualify independently of the accompanying achievement records."
85030457527,10.1016/j.learninstruc.2017.09.008,Learning and Instruction,2018,Learning by enacting: The role of embodiment in chemistry education,YES,"[{""quote"": ""10 Likert-scale questions asked students to rate their experience with the lesson"", ""location"": ""Text segment 4, Study 1 materials"", ""source"": ""main""}]","In its own recruited chemistry-learning experiment, the team administered a post-lesson questionnaire on enjoyment, willingness to learn this way, confidence, interest and mental effort, and combined responses into a subjective-experience measure. The paper questionnaire meets the supplied criteria; digital administration is not required. This qualifies separately from chemistry accuracy and spatial-ability tasks."
85006814764,10.1016/j.learninstruc.2016.12.004,Learning and Instruction,2017,Instructional influences on English language learners' storytelling,YES,"[{""quote"": ""Information about family background and language use was obtained from a parent questionnaire"", ""location"": ""Text segment 5, Participants"", ""source"": ""main""}, {""quote"": ""Prior to the intervention, students completed questionnaires"", ""location"": ""Text segment 6, section 2.3 Pre-intervention assessments"", ""source"": ""main""}]","The team's school intervention includes its own parent questionnaire in English/Spanish, used to describe and compare home language use and literacy resources/practices in the current sample. It also administers student questionnaires with peer nominations of quietness/talkativeness, used to measure social perceptions. The direct project procedures—research staff in each classroom, pre-intervention administration and reported questionnaire-derived sample characteristics—clearly imply team collection. These reported experiences and judgments meet the survey definition even though storytelling, essays and educational performance are the main outcomes."
84977654605,10.1016/j.learninstruc.2016.06.007,Learning and Instruction,2016,Relations between the worked example and generation effects on immediate and delayed tests,NO,"[{""quote"": ""The free recall test stage was 8 min in length."", ""location"": ""text segment 5"", ""source"": ""main""}, {""quote"": ""The test required students to solve five problems"", ""location"": ""text segment 5"", ""source"": ""main""}]","The team conducted an instructional experiment with Year 10 and Year 11 students, but collected performance data rather than survey responses. Both experimental phases measured trigonometry formula recall or problem-solving accuracy, immediately and again one week later. No questionnaire items about participants’ attitudes, experiences, beliefs, or other self-reports are described. The review of previous studies does not establish additional eligible data collection."
86000140118,10.1287/mnsc.2022.00807,Management Science,2025,Revealed Privacy Preferences: Are Privacy Choices Rational?,YES,"[{""quote"": ""we also elicited a single question measuring their general privacy attitude"", ""location"": ""PDF p.20, section 3.6 Questionnaire"", ""source"": ""main""}, {""quote"": ""We recruited 225 subjects via the online registration tool h-root"", ""location"": ""PDF p.20, section 3.7 Sample"", ""source"": ""main""}]","The authors recruited participants and administered structured questions about reported everyday privacy behavior, subjective satisfaction and general privacy attitudes in stages 3 and 4, alongside incentivized information-sharing decisions. These own questionnaire responses satisfy both criteria. The inspected accepted manuscript includes supporting materials; equivalence to the final journal version has not been established."
85178880932,10.1287/mnsc.2023.4850,Management Science,2024,"The Impact of Input and Output Farm Subsidies on Farmer Welfare, Income Disparity, and Consumer Surplus",NO,"[{""quote"": ""we present a unified modeling framework"", ""location"": ""PDF page 4, contribution and Model Preliminaries"", ""source"": ""main""}, {""quote"": ""By examining more than 2,000 different combinations of these parameter values"", ""location"": ""PDF page 12, section 5.2 A Numerical Analysis"", ""source"": ""main""}]","The paper's components are equilibrium theory for farm subsidies, analytical comparisons, numerical sensitivity analysis, and model extensions for combined subsidies and welfare weights. Numerical inputs use published corn-market regression results and assumed/varied yield-cost-budget parameters, not elicited farmer responses. The body methods, numerical analysis and extensions establish that preferences and beliefs are theoretical quantities; no human survey or questionnaire collection is reported. Existing empirical studies cited in the motivation and literature review are not an eligible current component."
85176322671,10.1287/mnsc.2022.4569,Management Science,2023,Trust in Financial Markets: Evidence from Reactions to Earnings News,NO,"[{""quote"": ""The World Values Survey conducted three waves of surveys in the U.S. in 1995, 1999, and 2006."", ""location"": ""PDF page 34"", ""source"": ""main""}, {""quote"": ""All data are publicly available"", ""location"": ""PDF page 14"", ""source"": ""main""}]","The authors analyze existing World Values Survey responses rather than collecting or commissioning them. They combine these responses with archival financial and regional data. The alternative trust measures, subgroup analyses, matching tests, and post-announcement return analyses likewise use existing survey or archival data. The supplied full text, tables, and variable-definition appendix describe no team-administered questionnaire or survey experiment."
85144492312,10.1287/mnsc.2022.4301,Management Science,2022,Social Referral Programs for Freemium Platforms,NO,"[{""quote"": ""The platform uses an A/B testing framework developed internally"", ""location"": ""PDF p.23, Appendix A, Randomization Process"", ""source"": ""main""}, {""quote"": ""Our data include all 52,782 new users who were approved"", ""location"": ""PDF p.8, section 3.3 Data and Variables"", ""source"": ""main""}]","All empirical components use the dating platform's randomized referral-policy rollout, user activity and payment logs, and account-profile demographics. The platform conducted its operational A/B tests; profile entries are business records rather than an author-administered research questionnaire. Main methods, reported outcomes and randomization appendix identify no separate eligible survey. Field randomization alone does not qualify."
85105168543,10.1287/mnsc.2020.3744,Management Science,2021,Effectiveness of planning prompts on organizations' likelihood to file their overdue taxes: A multi-wave field experiment,YES,"[{""quote"": ""we ran a short follow-up survey experiment"", ""location"": ""PDF page 12, Discussion, follow-up experiment"", ""source"": ""main""}, {""quote"": ""to rate their perceptions of the late notices"", ""location"": ""PDF page 12, follow-up experiment"", ""source"": ""main""}]","The main two-wave field experiment measures tax-filing behavior from government administrative data, but the Discussion reports a separate eligible follow-up experiment. The team explicitly ran it with 167 students, eliciting ratings of notice clarity, urgency, seriousness of punishment and effectiveness, plus choices of the letter regions thought most effective. Results comparing those perceived characteristics are reported in the body. That clearly team-conducted questionnaire of beliefs/judgments meets both criteria; the main archival outcome does not determine the whole article's eligibility."
85084925765,10.1287/mnsc.2018.3282,Management Science,2020,Bring a friend! Privately or publicly?,NO,"[{""quote"": ""we perform an equilibrium analysis"", ""location"": ""PDF page 6"", ""source"": ""main""}, {""quote"": ""All our numerical explorations henceforth are based on stylized versions of empirically observed social networks"", ""location"": ""PDF page 24"", ""source"": ""main""}]","The article develops a theoretical model of referral incentives and analyzes equilibria, comparative statics, and numerical simulations of stylized networks. Appendix A supplies mathematical proofs, and Appendix B describes network construction for the numerical analyses. No reported component collects or analyzes participant questionnaire responses."
85070472683,10.1287/mnsc.2018.3137,Management Science,2019,Corporate provision of public goods,NO,"[{""quote"": ""To isolate the economic intuitions of interest, we begin with a simple model"", ""location"": ""PDF p.5, section 2.1 Shareholders Delegate Contribution"", ""source"": ""main""}]","The paper develops a formal model of shareholder preferences, managerial contracts, public-good contributions and extensions with production and ownership markets. Real-company illustrations and cited empirical studies motivate or contextualize the propositions; they are not an author-collected survey component. There are no eligible participant responses. The source is the complete publisher Articles in Advance version with repository covers."
85031826118,10.1287/mnsc.2016.2592,Management Science,2018,Contagion in financial networks: A threat index,NO,"[{""quote"": ""The data is available from the Bank of International Settlements."", ""location"": ""PDF page 23, section 5 European cross-liabilities"", ""source"": ""main""}, {""quote"": ""Simulations with 1000 draws are run for three years"", ""location"": ""PDF page 23, section 5"", ""source"": ""main""}]","The study develops a formal financial-clearing/threat-index model and analyzes intervention policies and capital requirements. Its sole numerical empirical illustration combines existing BIS cross-country banking claims with GDP-based assumed liquidation resources and simulated shocks. The model roadmap, source description, simulation analysis and conclusion identify no participant-response collection or questionnaire component. Theory, financial records and simulations fail the questionnaire criterion. Available working-paper file includes a July 2016 forthcoming manuscript; equivalence to the 2018 journal version is unverified."
85032566551,10.1287/mnsc.2016.2525,Management Science,2017,Confidence calibration in a multiyear geopolitical forecasting competition,YES,"[{""quote"": ""We recruited forecasters"", ""location"": ""PDF page 6"", ""source"": ""main""}, {""quote"": ""Forecasters rated their expertise (using a 1 to 5 scale) on each question they answered."", ""location"": ""PDF page 7"", ""source"": ""main""}]","The team recruited participants and collected their geopolitical probability judgments and self-rated expertise through its online forecasting platform. The expertise items used a five-point response scale and were analyzed in the article, clearly qualifying as questionnaire responses about participants’ beliefs. Although IARPA supplied forecasting questions, the research team collected the participant responses itself."
84991704813,10.1287/mnsc.2015.2252,Management Science,2016,Discipline or disruption? Stakeholder relationships and the effect of takeover threat,NO,"[{""quote"": ""Our main data source is Standard and Poor’s Compustat."", ""location"": ""PDF p.10, section 3 Data"", ""source"": ""main""}, {""quote"": ""These data are obtained from Compustat’s segment customer files."", ""location"": ""PDF p.11, section 3 Data"", ""source"": ""main""}]","The empirical analyses use existing company financial and customer-supplier records, matched firm identifiers and antitakeover-law changes. Additional examples concern documented corporate acquisitions, and appendices extend the same archival analyses and numerical model. Assembling and linking company records does not collect participant questionnaire responses; the causal design does not alter that exclusion."
105020038390,10.1287/orsc.2022.16738,Organization Science,2025,Algorithmic Recommendation Tools and Experiential Learning in Clinical Care,NO,"[{""quote"": ""the HIMSS Dorenfest Institute annual IT"", ""location"": ""PDF page 7, CDSS Adoption"", ""source"": ""main""}, {""quote"": ""the limitations of archival data"", ""location"": ""PDF page 13, Limitations and Research Opportunities"", ""source"": ""main""}]","The hypothesis tests analyze existing California OSHPD hospital/patient data, RAND HCRIS records and the HIMSS Dorenfest annual IT database. The one actual survey component was independently administered by HIMSS, not collected or commissioned by this team. Supplementary analyses use CMS guideline-compliance records and the same hospital panel for mechanisms and robustness. The team's physician interview quotation on page 5 is qualitative contextual evidence, with no accompanying questionnaire data or survey study. All reported components therefore lack either team-owned survey collection or a questionnaire component."
85190994134,10.1287/orsc.2020.14743,Organization Science,2024,Finding Creativity in Predictability: Seizing Kairos in Chronos Through Temporal Work in Complex Innovation Processes,NO,"[{""quote"": ""we conducted 90 semistructured interviews"", ""location"": ""PDF page 8"", ""source"": ""main""}, {""quote"": ""about 250 hours of in situ observations of scientists and managers"", ""location"": ""PDF page 7"", ""source"": ""main""}]","The article reports qualitative research using 90 semistructured interviews, approximately 250 hours of observation, and secondary documents. Innovation biographies were reconstructed through recurring interviews, not questionnaires. The methods and Appendices A–D describe interview and ethnographic evidence only; no survey or survey experiment was administered. The pharmaceutical experiments and clinical trials discussed are activities of the organizations studied, not survey studies conducted by the article’s research team."
85181021553,10.1287/orsc.2021.1502,Organization Science,2023,Context and Aggregation: An Experimental Study of Bias and Discrimination in Organizational Decisions,NO,"[{""quote"": ""a questionnaire to check the subjects’ understanding of the instructions"", ""location"": ""PDF p.8, Treatments"", ""source"": ""main""}, {""quote"": ""We designed a binary (good/bad) categorization task."", ""location"": ""PDF p.7, Evaluation Task"", ""source"": ""main""}]","All six conditions record learned visual categorization and consequential accept/reject actions, not answers about attitudes, beliefs or experiences. The questionnaire explicitly checks task-instruction comprehension, so its name does not establish eligible survey content. Main procedures and the readable supplementary task, payment, sample and power-analysis sections identify no separate substantive questionnaire component. Embedded supplementary instruction images were not readable in this interface and direct download returned HTTP403; the main text provides the actual procedures. Source is the Articles in Advance version."
85110741591,10.1287/orsc.2021.1462,Organization Science,2022,Using Stretch Goals for Idea Generation Among Employees: One Size Does Not Fit All!,YES,"[{""quote"": ""we distributed a survey to a random sample of 500 employees"", ""location"": ""PDF page 8, Empirical Setting and Data Collection"", ""source"": ""main""}, {""quote"": ""we received 380 completed responses from employees"", ""location"": ""PDF page 8, Data Collection"", ""source"": ""main""}]","The authors directly distributed a management-approved survey to a randomly selected employee sample across 102 service units and received 380 completed responses. Four items asked whether respondents believed their unit goals were excessively high or impossible under available resources/expertise. These questionnaire beliefs are aggregated and used as the stretch-goal predictor in the current analysis. Other outcomes/moderators come from firm records, but the clearly team-collected perception survey meets both criteria."
85101399235,10.1287/orsc.2020.1377,Organization Science,2021,Make way for the algorithms: Symbolic actions and change in a regime of knowing,NO,"[{""quote"": ""The sources of evidence we used included ethnographic observations, interviews, and documentation."", ""location"": ""PDF page 13"", ""source"": ""main""}, {""quote"": ""Semi-structured interviews with data scientists, account managers, sales team managers"", ""location"": ""PDF page 15"", ""source"": ""main""}]","The article reports one longitudinal qualitative field study. The team collected ethnographic observations, semi-structured interviews, informal discussions, and documents, including follow-up interviews. The methods and data inventory describe no questionnaire or survey experiment. Sales-lead registrations were organizational CRM records, not survey responses collected by the researchers."
85092240586,10.1287/orsc.2020.1366,Organization Science,2020,After the storm has passed: Translating crisis experience into useful knowledge,NO,"[{""quote"": ""We take stock of the research on organizational responses to crisis"", ""location"": ""PDF page 2, Introduction"", ""source"": ""main""}]","This virtual special issue introduction synthesizes nineteen previously published articles and develops a typology and future research agenda. Its introduction maps the entire article to that synthesis, and the closing discussion offers illustrative cases and research recommendations. It does not analyze questionnaire responses collected or commissioned by this team; references to empirical studies concern the reviewed literature."
85084860862,10.1287/orsc.2019.1303,Organization Science,2019,Explaining heterogeneity in the organization of scientific work,YES,"[{""quote"": ""we sent a survey to all faculty we could identify at MIT"", ""location"": ""PDF page 22, Causal Results"", ""source"": ""main""}, {""quote"": ""How long did this absence last?"", ""location"": ""PDF page 57, survey appendix, Block 2"", ""source"": ""main""}]","The article has an eligible original-survey component alongside its theory and external faculty data. To test Prediction 3, the team explicitly assembled faculty contacts at MIT/Virginia Tech and surveyed them December 2016–April 2017 about unexpected staff absences, their timing/duration/reasons, funding and team size. The appendix supplies the structured response options. The reported causal sample links 71 responding scientists' 100 reported incidents to Scopus publications, so these team-collected experiences are actually analyzed. Both criteria are met; author-manuscript equivalence to the final publication is unverified."
85048108756,10.1287/orsc.2017.1189,Organization Science,2018,Dynamic balancing of exploration and exploitation: The contingent benefits of ambidexterity,NO,"[{""quote"": ""We downloaded the firms’ press release archives"", ""location"": ""PDF page 9"", ""source"": ""main""}, {""quote"": ""The control variable data were drawn from the COMPUSTAT and A.M. BEST databases."", ""location"": ""PDF page 14"", ""source"": ""main""}]","The reported study analyzes insurance firms’ archival press releases and financial database records. Validation involved expert coding of press releases, not participant questionnaire responses. Alternative measures, robustness checks, and post hoc analyses use the same archival data; no survey or survey experiment is reported."
85020549357,10.1287/orsc.2017.1122,Organization Science,2017,Sustaining superior performance in business ecosystems: Evidence from application software developers in the iOS and android smartphone ecosystems,NO,"[{""quote"": ""comScore conducts a monthly survey of about twelve thousand U.S. smartphone users"", ""location"": ""PDF page 26, robustness analyses"", ""source"": ""main""}]","The analyses use existing app-ranking records from App Annie and appFigures plus purchased comScore monthly survey data. The authors obtained part of an independently conducted commercial survey, not a questionnaire they collected or commissioned. Their original executive and engineer interviews provide qualitative illustrations; no author-administered questionnaire component is reported. This judgment concerns the available author manuscript, whose equivalence to the final publication is unverified."
84982833822,10.1287/orsc.2015.1026,Organization Science,2016,Learning by hiring: The effects of scientists' inbound mobility on research performance in academia,NO,"[{""quote"": ""we used SciVerse Scopus to collect bibliographic information"", ""location"": ""PDF page 7, Data and Sample"", ""source"": ""main""}, {""quote"": ""provided by the National Science Foundation"", ""location"": ""PDF page 7, Data and Sample, existing R&D survey"", ""source"": ""main""}]","The entire empirical study assembles a department panel from published faculty directories, Scopus publications/citations, Journal Citation Reports, Science Citation Index categories and the NSF's existing university R&D expenditure survey. Its mobility, collaboration and performance measures are derived from those records, not newly elicited respondent reports. Robustness tests add USPTO patents and alternative record-based definitions; the remaining discussion proposes future research. The external NSF survey fails collection responsibility, and all other current sources are archival records. No team-collected questionnaire component is reported."
105005938870,10.1016/j.obhdp.2025.104417,Organizational Behavior and Human Decision Processes,2025,The double-edged sword of endorsing external ideas: Juggling competitive advantage and organizational compatibility concerns,YES,"[{""quote"": ""we recruited 251 U.S. participants from Prolific, offering $1.20 each for a 5-minute survey."", ""location"": ""text segment 7"", ""source"": ""main""}, {""quote"": ""Participants used a 7-point Likert-type scale"", ""location"": ""text segment 8"", ""source"": ""main""}]","The team collected its own questionnaire responses. In Study 1, the authors recruited managers through Prolific, randomly assigned them to hypothetical scenarios varying an idea’s source, and collected Likert-scale ratings of perceived risks and willingness to implement the idea. This qualifies as a survey experiment. The pilot study, bank-manager field study, and Study 3 also describe team-administered questionnaire responses. The supplied main text establishes eligibility without needing the linked supplementary materials."
85186540799,10.1016/j.obhdp.2024.104319,Organizational Behavior and Human Decision Processes,2024,But what if I lose the offer? Negotiators’ inflated perception of their likelihood of jeopardizing a deal,YES,"[{""quote"": ""Participants answered several questions about their career experiences related to withdrawing job offers due to negotiation"", ""location"": ""Text segment 4, Study 1B Procedure"", ""source"": ""main""}]","In Study 1B the authors recruited 1,496 experienced managers on Prolific and administered questions about their own hiring and offer-withdrawal experiences, analyzing their reported counts. Both team collection and questionnaire responses are explicit for this sample; the paper also describes additional surveys and survey experiments. One qualifying component suffices."
85144467750,10.1016/j.obhdp.2022.104211,Organizational Behavior and Human Decision Processes,2023,Cheating constraint decisions and discrimination against workers with lower financial standing,YES,"[{""quote"": ""we recruited 414 employed supervisors in the United Kingdom"", ""location"": ""Text segment 7, Study 2 Participants and design"", ""source"": ""main""}, {""quote"": ""We measured perceived cheating by asking participants to indicate their level of agreement"", ""location"": ""Text segment 8, Study 2 measures"", ""source"": ""main""}]","Study 2 explicitly recruits paid UK supervisors with the assistance of market-research firm Respondi for the authors' experiment. The team randomizes a worker's financial-standing vignette and asks five-point questionnaire items about suspected cheating, surveillance intentions and preference for complex explanations. Those same collected beliefs and intentions are used in hypothesis and mediation tests. This is commissioned participant collection, not secondary use of an independently conducted survey, and meets both criteria. Study 1 also collects subjective manipulation-check ratings, but Study 2 alone suffices."
85137412610,10.1016/j.obhdp.2022.104186,Organizational Behavior and Human Decision Processes,2022,Who do they think they are?: A social-cognitive account of gender differences in social sexual identity and behavior at work,YES,"[{""quote"": ""We recruited 400 Prolific Academic workers"", ""location"": ""text segment 8"", ""source"": ""main""}, {""quote"": ""Participants were paid $1.50 to complete the survey."", ""location"": ""text segment 8"", ""source"": ""main""}]","Study 2 clearly meets both criteria: the research team recruited participants through Prolific Academic and paid them to complete its survey. Participants answered questionnaire items measuring social sexual identity, reported workplace behavior, sexism, and other attitudes and traits; these responses were analyzed in the article. Studies 1a and 1b also explicitly describe team-recruited survey participants, and Study 5 collects ratings after experimentally varied workplace scenarios. The supplied main text establishes eligibility without needing the linked supplementary materials."
85061576567,10.1016/j.obhdp.2019.02.001,Organizational Behavior and Human Decision Processes,2021,"Active choice, implicit defaults, and the incentive to choose",NO,"[{""quote"": ""From the PBM, we have claim-level data for each employee enrolled in the prescription drug plan."", ""location"": ""Text segment 3, Materials and methods: Data"", ""source"": ""main""}]","The current evaluation combines existing employer personnel data, pharmacy claims, and operational program records. The pharmacy-benefit manager and employer implemented the delivery-choice policy; employees communicated actual service-enrollment decisions, not responses to a research questionnaire. The methods explicitly enumerate the data sources and report no survey or questionnaire collected or commissioned by the authors."
85084062543,10.1016/j.obhdp.2020.03.011,Organizational Behavior and Human Decision Processes,2020,Conversational receptiveness: Improving engagement with opposing views,YES,"[{""quote"": ""We conducted this two-part study on the first two days of the program"", ""location"": ""Text segment 6, Study 2 Protocol"", ""source"": ""main""}, {""quote"": ""After the interaction was over, participants completed a survey"", ""location"": ""Text segment 6, Study 2 Protocol"", ""source"": ""main""}]","Study 2 explicitly describes the team's consent, baseline political-opinion questionnaire, assignment to disagreeing conversation dyads and post-interaction survey. Its 238 participants rate their own/partner receptiveness, trust, preferred teammates and value of political disagreement on structured scales; these responses are analyzed against conversational language and outcomes. The detailed direct procedures and actual survey analyses establish both team collection and questionnaire beliefs/attitudes. Main-text evidence is sufficient despite other components involving textual or online-community data."
85072278361,10.1016/j.obhdp.2019.09.003,Organizational Behavior and Human Decision Processes,2019,"Supervisory consequences of abusive supervision: An investigation of sense of power, managerial self-efficacy, and task-oriented leadership behavior",YES,"[{""quote"": ""In each phase, we sent participants links to online surveys via WeChat"", ""location"": ""text segment 5"", ""source"": ""main""}, {""quote"": ""participants reported their state sense of power (T2) and managerial self-efficacy."", ""location"": ""text segment 5"", ""source"": ""main""}]","Study 1 clearly meets both criteria: the authors recruited supervisors and administered an initial online questionnaire plus twice-daily surveys over 10 workdays. Participants reported supervisory behavior, sense of power, and managerial self-efficacy, yielding 560 daily observations from 72 supervisors. Studies 2a, 2b, and 3 also collected questionnaire ratings following experimentally varied recall or writing tasks. The supplied main text establishes eligibility without needing the linked supplementary material."
85045473553,10.1016/j.obhdp.2018.04.001,Organizational Behavior and Human Decision Processes,2018,Effects of group-discussion integrative complexity on intergroup relations in a social dilemma,YES,"[{""quote"": ""Group members reported their agreement with the statement on a 7-point Likert scale"", ""location"": ""Text segment 6, Measures 3.3 Intergroup attitude—greed and fear"", ""source"": ""main""}]","In the authors' own group experiment, participants repeatedly rated their attitudes toward the opposing group using Likert agreement items about competitiveness and trust. The experimenter administered these measures after group discussion and before outcome feedback. These questionnaire responses qualify independently of the incentivized prisoner-dilemma decisions or the researchers' coding of group discussions."
85033438973,10.1016/j.obhdp.2017.05.002,Organizational Behavior and Human Decision Processes,2017,“I can't pay more” versus “It's not worth more”: Divergent effects of constraint and disparagement rationales in negotiations,YES,"[{""quote"": ""185 U.S. participants responded to an online survey for payment"", ""location"": ""Text segment 5, Study 2 Participants and design"", ""source"": ""main""}, {""quote"": ""What do you think is the highest price your counterpart can pay?"", ""location"": ""Text segment 5, Study 2 Materials and procedure"", ""source"": ""main""}]","Study 2 reports the team's own paid Mechanical Turk survey experiment, including stopping rule, consent, random assignment and detailed instructions. Participants imagine selling an antique desk, receive varied buyer rationales, and answer questions about intended counteroffers, beliefs about the buyer's limit and expected settlement, plus seven-point interpersonal judgments. These collected beliefs, intentions and attitudes are analyzed across randomized conditions. Both eligibility criteria are clearly satisfied in this one reported study."
84989885945,10.1016/j.obhdp.2015.11.004,Organizational Behavior and Human Decision Processes,2016,Bounded awareness: Implications for ethical decision making,NO,"[{""quote"": ""In this paper, we review research on both bounded ethicality and bounded awareness"", ""location"": ""text segment 1"", ""source"": ""main""}, {""quote"": ""We close with directions for future research"", ""location"": ""text segment 1"", ""source"": ""main""}]","This article reviews and integrates existing research rather than reporting its own empirical study or reanalysis of participant responses. It summarizes surveys, scenario experiments, laboratory tasks, and work in preparation, including studies coauthored by the article’s authors, but these remain cited research reviewed for conceptual synthesis. No qualifying collection or analysis of questionnaire responses is reported as part of this article’s research."
85217570385,10.1017/s003329172400223x,Psychological Medicine,2025,New diagnosis in psychiatry: Beyond heuristics,NO,"[{""quote"": ""We outline candidate strategies that could pave the way for such a paradigm shift."", ""location"": ""PDF page 1, Methods summary"", ""source"": ""main""}]","This conceptual review compares psychiatric diagnostic frameworks and proposes future research. The main text's closing sections and author-contribution statement confirm a six-section scholarly synthesis, not analysis of a participant sample. Its patient vignette contrasts illustrative clinical scenarios rather than reporting a survey experiment or collected questionnaire responses."
85171594145,10.1017/s0033291723002520,Psychological Medicine,2024,"Depression is associated with reduced outcome sensitivity in a dual valence, magnitude learning task",YES,"[{""quote"": ""Participants were recruited from the local community via posters and social media advertisements."", ""location"": ""PDF page 2, Methods"", ""source"": ""main""}, {""quote"": ""participants were asked to complete a number of questionnaires"", ""location"": ""PDF page 3, Methods"", ""source"": ""main""}]","The authors describe their own community recruitment, Oxford ethics approval, consent, research-center screening/testing and purposive group matching. During that session they administer self-report depressive-symptom, state/trait anxiety and pleasure questionnaires (QIDS, STAI, SHAPS). The article reports and statistically compares these symptom/experience responses across current/remitted depression and control groups. That clearly team-collected questionnaire component qualifies even though reinforcement-learning behavior and computational parameters are the principal research focus."
85163801630,10.1017/s0033291722001490,Psychological Medicine,2023,Reduced fractional anisotropy in bipolar disorder v. major depressive disorder independent of current symptoms,UNCLEAR,"[{""quote"": ""Structured Clinical Interview for DSM-IV"", ""location"": ""PDF page2, Participants"", ""source"": ""main""}, {""quote"": ""Number of lifetime depressive episodes"", ""location"": ""PDF page3, Table1"", ""source"": ""main""}]","The FOR2107 team collected the clinical/MRI cohort; its investigators are explicitly named on page8. The principal measures are scans and clinician-rated HDRS, YMRS and functioning, which do not themselves establish eligible questionnaire responses. The article also analyzes clinical histories and participant characteristics, but does not establish whether these were elicited through qualifying self-report questions rather than clinical assessment or records. Supplemental methods could not be retrieved (HTTP403/browser timeout). Collection is documented, but the questionnaire component remains unresolved; do not classify all clinical ratings as respondent questionnaires."
85098106457,10.1017/s0033291720004948,Psychological Medicine,2022,Device-measured sedentary behaviour and anxiety symptoms during adolescence: a 6-year prospective cohort study,UNCLEAR,"[{""quote"": ""using data from the Avon Longitudinal Study"", ""location"": ""PDF page 2, Participants and study design"", ""source"": ""main""}, {""quote"": ""08426812/Z/07/Z Glyn Lewis"", ""location"": ""PDF page 8, Teen Focus 4 funding table, PI and grant columns; row includes CIS-R (printed C-ISR)"", ""source"": ""https://www.bristol.ac.uk/alspac/external/documents/grant-acknowledgements.pdf""}, {""quote"": ""Gemma Lewis"", ""location"": ""PDF page 36, named researcher profile explicitly linking UPI GLEWI99"", ""source"": ""https://www.uclbbk-mrcdtp.ac.uk/sites/default/files/2022-11/Neuroscience%20and%20Mental%20Health%20projects%202022-23.pdf""}, {""quote"": ""Device-measured sedentary behaviour and anxiety symptoms during adolescence"", ""location"": ""Article entry in UCL Discovery person record GLEWI99, browser line 97"", ""source"": ""https://discovery.ucl.ac.uk/view/people/GLEWI99.html""}]","Questionnaire use is clear: the current analyses use computerized CIS-R reports of recent anxiety symptoms, with earlier DAWBA and other questionnaire covariates, alongside accelerometry. The main article names only G. Lewis and credits pre-existing ALSPAC data. The initial YES relies on equating that coauthor with Glyn Lewis, PI of the original Depression at 17 project. The grant link itself is now stronger: the official ALSPAC funding table specifically lists Glyn Lewis, the same grant cited in the article, and CIS-R among the funded Teen Focus 4 assessments; the 2007 prospective proposal describes new assessment at age 17. However, the identity link is unsafe. UCL Discovery lists the exact focal article under person identifier GLEWI99, and the official UCL doctoral-project booklet explicitly identifies GLEWI99 as Gemma Lewis, a different person. Thus the existing Glyn PI receipt cannot establish collecting-team membership for the focal article without resolving the coauthor identity. No other inspected evidence establishes that one of this article’s authors collected or commissioned these specific questionnaires. Ownership remains materially unresolved; missing evidence is not NO."
85080967683,10.1017/s0033291720000203,Psychological Medicine,2021,Experimentally induced and real-world anxiety have no demonstrable effect on goal-directed behaviour,YES,"[{""quote"": ""we recorded physiological measurements"", ""location"": ""PDF page 2, Experiment 1, Anxiety manipulation"", ""source"": ""main""}, {""quote"": ""three Visual Analogue Scales assessing anxiety, fear and happiness"", ""location"": ""PDF page 2, Experiment 1, Anxiety manipulation"", ""source"": ""main""}]","Experiment 1 recruited 88 participants through Cambridge mailing lists, panels and community flyers, randomly assigned the laboratory anxiety manipulation, and directly collected subjective questionnaire measures before and after it. These include the Acute Panic Inventory, positive/negative affect scale and visual analogue ratings of anxiety, fear and happiness. The authors explicitly describe recording these measures to assess the manipulation. Thus this reported experiment includes team-collected structured reports of feelings and experiences, regardless of its additional physiological and learning-task outcomes. Experiment 2 repeats these psychological measures; eligibility is already established by Experiment 1."
85073670148,10.1017/s0033291719002915,Psychological Medicine,2020,Improving emotion regulation of social exclusion in depression-prone individuals: a tDCS study targeting right VLPFC,YES,"[{""quote"": ""Before the experiment, participants completed the Self-rating Depression Scale"", ""location"": ""PDF page3, Participants"", ""source"": ""main""}, {""quote"": ""Emotion Regulation Questionnaire"", ""location"": ""PDF page3, Participants and Table1"", ""source"": ""main""}]","The authors recruited the participants and administered self-report depression, anxiety, rejection-sensitivity and emotion-regulation questionnaires before their randomized stimulation experiment. Table1 analyzes those responses across the study groups. These are qualifying own-team reports of experiences and emotional tendencies, independent of the brain-stimulation and gaze measures."
85045060009,10.1017/s003329171800079x,Psychological Medicine,2019,Amygdala-prefrontal connectivity during appraisal of symptom-related stimuli in obsessive-compulsive disorder,YES,"[{""quote"": ""all participants were administered well-validated and reliable questionnaires to assess self-reported depressive and obsessive–compulsive symptoms"", ""location"": ""PDF page 2, Measures"", ""source"": ""main""}]",The team reanalyzes its earlier Simon and Beucke samples; both original lead researchers are coauthors and the same clinic recruitment is documented. Self-reported symptom and anxiety questionnaires are explicitly administered and their response summaries are analyzed in current Table1. This documented reuse qualifies even though the main research question concerns brain connectivity; clinician ratings and MRI alone would not qualify.
85045731955,10.1017/s003329171800034x,Psychological Medicine,2018,Empirical evidence for discrete neurocognitive subgroups in patients with non-psychotic major depressive disorder: Clinical implications,YES,"[{""quote"": ""Written informed consent was obtained from each participant after the study procedures were explained."", ""location"": ""PDF page 3, Methods, Participants"", ""source"": ""main""}, {""quote"": ""Social Adaptation Self-evaluation Scale (SASS)"", ""location"": ""PDF page 4, Measurements of clinical features and functional disability"", ""source"": ""main""}]","The methods describe recruitment of 170 depression outpatients and a comparison schizophrenia sample at the authors' hospital, informed consent, study procedures, clinical raters, and direct administration of the study assessments. Alongside cognitive tests and clinician interviews, patients completed the 21-item Social Adaptation Self-evaluation Scale assessing their social motivation, behavior, interpersonal relations and self-perception. These structured subjective responses enter the reported clinical/functional comparisons. The collection procedures clearly imply team collection, and the self-evaluation questionnaire satisfies the survey-response criterion within this clinical study."
85032486275,10.1017/s0033291717001015,Psychological Medicine,2017,State-dependent microstructural white matter changes in drug-naïve patients with first-episode psychosis,YES,"[{""quote"": ""Alcohol Use Disorders Identiﬁcation Test"", ""location"": ""PDF page2, Participants and clinical assessment"", ""source"": ""main""}, {""quote"": ""South Westminster Questionnaire"", ""location"": ""PDF page2, Participants and clinical assessment"", ""source"": ""main""}]","The authors recruited their first-episode patients and local healthy controls and administered alcohol/substance-use questionnaires at study entrance. The reported behavioral histories determine the study inclusion/exclusion criteria (pages2–3), with the same clinical instruments used for controls. These documented own questionnaire responses qualify under the supplied wording, which has no exclusion for questionnaires used to screen the research sample. MRI and clinician-rated PANSS outcomes alone would not establish survey collection."
84977110627,10.1017/s0033291716000945,Psychological Medicine,2016,Selective prevention of combat-related post-traumatic stress disorder using attention bias modification training: A randomized controlled trial,YES,"[{""quote"": ""We obtained self-reported information on symptoms of PTSD, depression and combat experiences"", ""location"": ""PDF page 2, Method: Study overview"", ""source"": ""main""}]","The authors' randomized prevention trial administers repeated participant self-reports through the PTSD Checklist, PHQ-9 and Combat Experiences Scale. Independent evaluators administer these instruments within the research team's trial; they are not independently collected external records. The questionnaire outcomes qualify even though attention tasks provide the intervention and a clinician interview supplies the primary diagnostic outcome."
105021858837,10.1177/09567976251384975,Psychological Science,2025,Mapping the Ecology of Risk: 100 Risky Choices of Modern Life,YES,"[{""quote"": ""We collected a total of five samples across three studies"", ""location"": ""PDF page 4, Method, Overview of samples and participant characteristics"", ""source"": ""main""}, {""quote"": ""each participant reported one real-life risky choice"", ""location"": ""PDF page 5, Main task: reporting of risky choices"", ""source"": ""main""}]","The authors explicitly collected five Swiss samples across three studies, using an external survey company for recruitment into their own studies. Procedures describe consent, online administration and compensation. Studies 1 and 2 ask respondents through a common structured fill-in format to report a personally experienced risky decision or a decision they believe others face, then select its life domain from a drop-down list. These are structured reports of experience, behavior and beliefs collected by the team through its vendor, not reuse of an independently conducted external survey."
85178201199,10.1177/09567976231214185,Psychological Science,2024,Generating New Musical Preferences From Multilevel Mapping of Predictions to Reward,YES,"[{""quote"": ""We recruited 234 participants for Study 1"", ""location"": ""PDF page4, Study1 Participants"", ""source"": ""main""}, {""quote"": ""Participants provided liking and familiarity ratings"", ""location"": ""PDF page5, Phase3"", ""source"": ""main""}]","The authors recruit Prolific participants, vary melody exposure and collect their liking/familiarity ratings, followed by an online questionnaire measuring music-related experiences, behavior and personality. These own-team preference responses are analyzed in the reported experiments. The perceptual cover task is separate from the qualifying ratings and questionnaires."
85162664173,10.1177/09567976231170560,Psychological Science,2023,Thinking Beyond COVID-19: How Has the Pandemic Impacted Future Time Horizons?,YES,"[{""quote"": ""These measures were collected as part of a 30-min survey conducted using the Qualtrics platform"", ""location"": ""PDF page 6, Materials"", ""source"": ""main""}]","The authors' Thinking Beyond COVID-19 project recruited online-advertising and Prolific participants and administered a Qualtrics survey. Its future-time perspective and depression items directly ask about beliefs and experiences, and the current paper analyzes these responses. Linked external pandemic statistics do not negate this eligible collection. The available author manuscript has the publication DOI but final-version equivalence is unverified."
85124714025,10.1177/09567976211040491,Psychological Science,2022,Behavioral Consistency in the Digital Age,NO,"[{""quote"": ""We combined five preexisting data sets"", ""location"": ""PDF page 2, Method, User data"", ""source"": ""main""}, {""quote"": ""H. Shaw obtained the data from external sources."", ""location"": ""PDF page 5, Transparency, Author Contributions"", ""source"": ""main""}]","The entire reported study combines existing smartphone logging datasets obtained from external sources. Its consistency analyses, factor analysis and identification models all use automatically recorded app pickup/duration profiles, not questionnaire responses. The methods also summarize age and gender self-reports present in those received datasets, but do not describe the team collecting or commissioning those responses; author contributions explicitly assign obtaining external data and acknowledgments thank the authors who supplied their data. All reported analyses and the discussion were inspected. The linked supplementary dataset table could not be accessed, but the main text establishes external acquisition and the exclusively logged behavioral basis of the reported models, with no additional team-run survey study."
85101100997,10.1177/0956797620963610,Psychological Science,2021,Narratives Shape Cognitive Representations of Immigrants and Immigration-Policy Preferences,YES,"[{""quote"": ""A convenience sample of 300 adult U.S. residents was recruited via Amazon Mechanical Turk"", ""location"": ""PDF page3, Experiment1 Participants"", ""source"": ""main""}, {""quote"": ""using Likert scales ranging from 1"", ""location"": ""PDF page5, Trait dimensions"", ""source"": ""main""}]","The team recruits its own respondents, randomly varies narratives about immigrants, and collects their trait ratings and policy-related attitudes. The methods establish an author-run questionnaire experiment using the same respondents for manipulation and ratings; the use of scraped tweets to construct stimuli does not make the participant-response dataset external."
85077630869,10.1177/0956797619890619,Psychological Science,2020,Implicit Gender Bias in Linguistic Descriptions for Expected Events: The Cases of the 2016 United States and 2017 United Kingdom Elections,YES,"[{""quote"": ""The belief-estimation task was implemented using Qualtrics, an online survey platform"", ""location"": ""Text segment 2, Experiment 1 Apparatus"", ""source"": ""main""}]","The authors recruited Mechanical Turk participants and repeatedly fielded independent samples for their election study. In the belief-estimation component, respondents stated the perceived likelihood of candidates winning via Qualtrics. Those are the team's own questionnaire responses about beliefs, qualifying independently of the separate text-completion and reading-time tasks."
85066874835,10.1177/0956797619841265,Psychological Science,2019,Mutualistic Coupling Between Vocabulary and Reasoning in Young Children: A Replication and Extension of the Study by Kievit et al. (2017),NO,"[{""quote"": ""vocabulary and matrix reasoning were measured using the Wechsler Abbreviated Scale of Intelligence"", ""location"": ""PDF page 3, Method"", ""source"": ""main""}, {""quote"": ""K. Nation conceived the study design and collected the data."", ""location"": ""PDF page 8, Author Contributions"", ""source"": ""main""}]","The reported empirical component reanalyzes the team's own longitudinal child cohort, but its measurements are vocabulary and matrix reasoning performance on Wechsler intelligence tests. The methods specify only these cognitive performance scores, age/wave and gender comparisons; they do not report subjective questionnaire responses. The remaining components compare alternative latent change/cross-lagged models and simulate data for model selection and statistical power. Author contributions establish own collection, but cognitive task performance and simulations do not satisfy questionnaire collection. The methods, model roadmap, simulation section and concluding limitations cover all reported components."
85043700102,10.1177/0956797617741719,Psychological Science,2018,"The Gender-Equality Paradox in Science, Technology, Engineering, and Mathematics Education",NO,"[{""quote"": ""The PISA organizers selected a representative sample"", ""location"": ""PDF page5, PISA"", ""source"": ""main""}, {""quote"": ""We took the overall life satisfaction (OLS) score from the United Nations Development Programme"", ""location"": ""PDF page7, Overall life satisfaction"", ""source"": ""main""}]","All components use existing external sources: OECD PISA student achievement/attitude responses, UNESCO degree statistics, World Economic Forum gender indices and UNDP life-satisfaction scores. The authors combine and reanalyze these sources; no own questionnaire or commissioned response collection is reported. The source is explicitly an earlier preprint, so equivalence to the final journal article remains unverified."
85009458347,10.1177/0956797616673193,Psychological Science,2017,Beyond Purity: Moral Disgust Toward Bad Character,YES,"[{""quote"": ""Participants were asked to read and evaluate two scenarios"", ""location"": ""PDF page 8, Study1 Procedure"", ""source"": ""main""}]","The team recruited its own Mechanical Turk sample, presented moral vignettes, and collected 1–7 ratings of character, wrongness and emotional reactions. Reusing published scenario wording does not mean reusing others' responses. These original questionnaire judgments meet both criteria. Assessment uses the accepted manuscript; equivalence to the final published version remains unverified."
84966703846,10.1177/0956797616632231,Psychological Science,2016,Motor System Activation Predicts Goal Imitation in 7-Month-Old Infants,NO,"[{""quote"": ""Each testing session was recorded on video."", ""location"": ""Text segment 2, Method, Procedure"", ""source"": ""main""}, {""quote"": ""EEG was recorded using a 128-channel HydroCel Geodesic Sensor Net"", ""location"": ""Text segment 3, EEG collection and processing"", ""source"": ""main""}]","This single infant experiment directly collects EEG and video-coded reaching/looking behavior during toy observation and selection. The full procedure, coding and recording methods describe no questionnaire administered to the infants or accompanying parents. Toy selections are spontaneous motor behavior after an adult's demonstration, not answers to preference or other questionnaire questions. Both within-participant and between-participant analyses use these same neural and observed behavioral measures; the discussion and supplement descriptions introduce no separate survey component. Own laboratory collection is clear, but questionnaire collection is absent from the reported study."
85175738454,10.1111/puar.13751,Public Administration Review,2025,It's not merely about the content: How rules are communicated matters to administrative burden,YES,"[{""quote"": ""In total, we collect 2243 responses"", ""location"": ""PDF page7, Participants"", ""source"": ""main""}, {""quote"": ""All items were measured on a five-point Likert-scale"", ""location"": ""PDF page7, Learning costs"", ""source"": ""main""}]","The team conducts its own randomized online questionnaire with YouGov Denmark participants, varying communication of administrative rules and measuring perceived learning/compliance costs, stress, stigma and autonomy. The power analysis, own collection statement and item descriptions establish commissioned participant responses, rather than secondary analysis of a pre-existing independent survey."
85190439390,10.1111/puar.13821,Public Administration Review,2024,Governance by artifacts: Theory and evidence on materiality of administrative burdens,NO,"[{""quote"": ""The quotes used in this article are primarily from our informal interactions (1–5 min) with citizens"", ""location"": ""PDF page 6, Methods"", ""source"": ""main""}]","The authors collected their own ethnographic observations, field notes and brief informal conversations, including unstructured directed questions. The complete methods describe these qualitative sources and thematic interpretation, with no questionnaire or survey component. Original collection by itself is insufficient: the response-method criterion fails."
85158033342,10.1111/puar.13629,Public Administration Review,2023,Policy entrepreneurs and individuals: Influence and behavior in pandemic response,YES,"[{""quote"": ""We conducted a three-wave internet survey"", ""location"": ""PDF page 6, Data collection"", ""source"": ""main""}, {""quote"": ""In past 3 months how often did you wear mask?"", ""location"": ""PDF page 7, Table 2, Mask wearing"", ""source"": ""main""}]","The team explicitly conducted a three-wave internet panel survey in six US states during 2020, with Qualtrics XM recruiting its proprietary sample for these study waves. Its questionnaires collect approval of Fauci and other leaders, risk perceptions, COVID experiences, political beliefs and reported mask wearing/staying home, with specified rating and response scales. These responses are analyzed in the article. Although this analysis selects questions from a larger survey, the methods explicitly identify that larger panel survey as the team's own collection, not an original module placed in an independently conducted external survey."
85117116459,10.1111/puar.13433,Public Administration Review,2022,Public Management for Populists: Trump's Schedule F Executive Order and the Future of the Civil Service,NO,"[{""quote"": ""Viewpoint Article"", ""location"": ""PDF page1, article heading"", ""source"": ""main""}, {""quote"": ""Based on federal evaluation data"", ""location"": ""PDF page4, employee-engagement discussion"", ""source"": ""main""}]","This viewpoint analyzes policy documents, historical events, legal theory and previously published research. Its employee-engagement figures are existing federal evaluation data. Citations to the author’s earlier studies do not involve reanalysis of those participant responses here. All substantive sections were inspected; no own questionnaire collection or response reanalysis is reported."
85089974993,10.1111/puar.13263,Public Administration Review,2021,Branding as a Public Governance Strategy: A Q Methodological Analysis of How Companies React to Place Branding Strategies,YES,"[{""quote"": ""We approached 51 companies, by sending them an email invitation to join the research project."", ""location"": ""PDF page 4, The P Set"", ""source"": ""main""}, {""quote"": ""their degree of agreement"", ""location"": ""PDF page 4, Sorting of statements"", ""source"": ""main""}]","The authors recruited 33 company owners and administered a fixed set of24 statements about branding goals and preferences. Respondents ranked their own agreement on a constrained −3 to+3 response scale, and the authors analyzed those responses. This Q-sort instrument elicits structured attitude/preference answers, qualifying under the prompt's substantive questionnaire definition despite face-to-face administration and accompanying qualitative interviews."
85087021293,10.1111/puar.13248,Public Administration Review,2020,"Unprecedented Challenges, Familiar Paradoxes: COVID-19 and Governance in a New Normal State of Risks",NO,"[{""quote"": ""This essay is not written as a researchbased article"", ""location"": ""PDF page 1, introductory scope statement, reading-order extraction"", ""source"": ""main""}, {""quote"": ""I discussed China’s coronavirus response across six dimensions."", ""location"": ""PDF page 6, Conclusion"", ""source"": ""main""}]","This viewpoint develops a conceptual discussion of six governance paradoxes using published pandemic events, news reports, government statistics and prior scholarship as illustrations. The introduction explicitly distinguishes it from a research study. Inspection of all six substantive sections and the conclusion finds no participant recruitment, administered questionnaire, or analysis of the author's own questionnaire responses. References to attitudes, public reactions and officials' statements are discussion of public events and secondary reporting, not a reported survey component. It falls under conceptual/review work without eligible questionnaire analysis."
85059285779,10.1111/puar.12898,Public Administration Review,2019,Playground or Church? Implications for Public Administration from Trinity Lutheran v. Comer,NO,"[{""quote"": ""The arguments of the two parties are described"", ""location"": ""PDF page1, article structure"", ""source"": ""main""}, {""quote"": ""followed by a discussion of the several opinions delivered by the justices"", ""location"": ""PDF page1, article structure"", ""source"": ""main""}]","This legal/policy analysis examines the case facts, litigants’ arguments, judicial opinions and administrative implications. The substantive discussion and conclusion synthesize documents and existing scholarship, without a participant study or questionnaire response dataset. Therefore neither original collection nor eligible own-response reuse is present."
85017446181,10.1111/puar.12769,Public Administration Review,2018,Why Do Nonprofit Performing Arts Organizations Offer Free Public Access?,NO,"[{""quote"": ""This study draws on a data set obtained from DataArts (formerly the Cultural Data Project)"", ""location"": ""PDF page 5, Methods"", ""source"": ""main""}]","All analyzed organizational finance, attendance and operating variables come from an existing DataArts database submitted by nonprofits for grant applications and management reporting. The authors select and analyze those records rather than collecting or commissioning participant responses; the complete methods contain no separate qualifying survey."
85000361002,10.1111/puar.12683,Public Administration Review,2017,Developing Practice-Oriented Theory on Collaboration: A Paradox Lens,NO,"[{""quote"": ""The RO-AR project on cultural diversity illustrated here is qualitative in its entirety."", ""location"": ""PDF page 8, A Comment on Methods for Developing Practice-Oriented Theory"", ""source"": ""main""}, {""quote"": ""naturally occurring data"", ""location"": ""PDF page 2, Conceptual Foundation"", ""source"": ""main""}]","The article develops five theoretical propositions through literature synthesis and illustrations from the author's research-oriented action research. The empirical example is an organizational cultural-diversity intervention, described as observing/working with practitioners and thematically analyzing naturally occurring material into themes and management tensions. Its own methods commentary explicitly states that this illustrated project is entirely qualitative. The reported examples and conceptual elaborations use no administered questionnaire responses. Inspection of the conceptual foundation, theorizing sections, all three empirical illustrations and methods/conclusion establishes conceptual development supported by qualitative observational/action-research material, rather than a qualifying survey study."
84931077293,10.1111/puar.12406,Public Administration Review,2016,Interpreting Performance Information: Motivated Reasoning or Unbiased Comprehension,YES,"[{""quote"": ""The survey experiment was conducted as an online survey in May 2014"", ""location"": ""PDF page11, Design Experiment1"", ""source"": ""main""}, {""quote"": ""Do you disagree or agree with the following statements?"", ""location"": ""PDF page14, public-service attitudes"", ""source"": ""main""}]","The authors administer their own randomized online scenarios to an internet-panel sample and collect public-service attitude items and party affiliation from the same respondents. The agreement responses are analyzed as an ideological index predicting interpretation of the scenarios. This is eligible team-conducted survey experimentation, even though part of the outcome measures correct interpretation of numerical information. Source is an accepted manuscript with repository cover."
105003939423,10.1093/qje/qjaf009,Quarterly Journal of Economics,2025,CAN POLLUTION MARKETS WORK IN DEVELOPING COUNTRIES? EXPERIMENTAL EVIDENCE FROM INDIA,YES,"[{""quote"": ""The general part was administered to the plant owner or manager and covered economic variables like inputs, outputs, sales, and energy use."", ""location"": ""PDF page15, II.E.3 Plant Surveys"", ""source"": ""main""}]","Alongside emissions sensors and transaction records, the research team conducted baseline in-person and endline telephone plant surveys. Owners/managers supplied questionnaire reports of their firms' economic activity, and those responses are used to study regulation and abatement costs. Team collection is clear from the survey procedure and its paired technical fieldwork; the qualifying component is reported behavior, not direct pollution measurement."
85182379752,10.1093/qje/qjad040,Quarterly Journal of Economics,2024,DOES TAXING BUSINESS OWNERS AFFECT EMPLOYEES? EVIDENCE FROM A CHANGE IN THE TOP MARGINAL TAX RATE,NO,"[{""quote"": ""I create a new linked owner-firm-worker data set using deidentified administrative tax records from the IRS."", ""location"": ""PDF page 11, II.C. Administrative Data"", ""source"": ""main""}]","The empirical study links IRS business returns, individual returns, W-2 employee records and Schedule K-1 owner reports. All measured earnings, employment, income and tax variables are administrative records or calculations from them. The natural experiment, decompositions and heterogeneity analyses use this linked panel, while the mechanisms and welfare sections apply economic models to the resulting estimates. The data methods and conclusion cover these reported components and provide no questionnaire collection or analysis. Constructing the linked dataset and exploiting a tax reform do not constitute collecting participant survey responses."
85164304864,10.1093/qje/qjad012,Quarterly Journal of Economics,2023,Ai-Tocracy,NO,"[{""quote"": ""We collect data on political unrest from the Global Database of Events, Language, and Tone"", ""location"": ""PDF page11, section2.1"", ""source"": ""main""}, {""quote"": ""procurement contracts issued"", ""location"": ""PDF page13, section2.2"", ""source"": ""main""}]","The main analyses assemble news-derived unrest, weather, procurement contracts, firm records, software registrations and export reports. AppendixB adds procurement and online police-job listings. Human training labels categorize existing software/job documents rather than eliciting participants’ attitudes or reported experiences. No qualifying questionnaire collection appears in these data components. Source is the February2023 accepted manuscript with appendix; final-version equivalence is unverified."
85160229134,10.1093/qje/qjac020,Quarterly Journal of Economics,2022,VALUING THE GLOBAL MORTALITY CONSEQUENCES OF CLIMATE CHANGE ACCOUNTING FOR ADAPTATION COSTS AND BENEFITS,NO,"[{""quote"": ""we assemble a novel dataset composed of historical mortality records, historical climate data, and future projections of climate, population, and income"", ""location"": ""PDF page10, Section3 Data"", ""source"": ""main""}]","The complete data section combines administrative mortality records, gridded weather, external socioeconomic indicators and modeled projections. It contains no participant questionnaire collection or reuse by this team. The new assembled dataset and revealed-preference modeling do not establish survey responses. The retrieved source is an NBER working paper; final-publication equivalence is unverified."
85100299389,10.1093/qje/qjaa023,Quarterly Journal of Economics,2021,Randomizing Religion: The Impact of Protestant Evangelism on Economic Outcomes,YES,"[{""quote"": ""we sent surveyors"", ""location"": ""PDF page 12, IV.A. Data Collection"", ""source"": ""main""}, {""quote"": ""respondents were asked to state on a Likert scale a level of agreement with a statement"", ""location"": ""PDF page 16, IV.B. Outcome Variables"", ""source"": ""main""}]","The team directly describes sending Innovations for Poverty Action surveyors to sampled Philippine households six months after its randomized program intervention, specifying consent, compensation, respondent selection and realized response counts. The questionnaire measures religious beliefs and practices, economic experiences and other outcomes, including a 14-item religious-orientation agreement block and randomized list questions. The article analyzes these collected responses. IPA is the research team's survey implementation partner, expressly used to separate survey delivery from the intervention organization, not an independently conducted existing survey."
85090461304,10.1093/qje/qjaa013,Quarterly Journal of Economics,2020,Workplace Knowledge Flows,YES,"[{""quote"": ""All surveys were administers through Qualtrics"", ""location"": ""PDF page59, AppendixA.2 Survey Responses"", ""source"": ""main""}, {""quote"": ""answering questions about their social and work-related conversations with coworkers"", ""location"": ""PDF page59, AppendixA.2"", ""source"": ""main""}]","Alongside company sales records and its field intervention, the team collected pre/post questionnaires through Qualtrics. Employees reported workplace conversations, connectedness, beliefs and perceived intervention effects; the responses are reported in TableA.1 and used in additional analyses. This documented own survey component qualifies independently of operational performance outcomes. Source is an NBER working paper with appendix."
85072233273,10.1093/qje/qjz003,Quarterly Journal of Economics,2019,"The more we die, the more we sell? A simple test of the home-market effect",NO,"[{""quote"": ""we draw on the MIDAS dataset produced by the firm IMS Health."", ""location"": ""PDF page17, Section4.1 Pharmaceutical Sales"", ""source"": ""main""}]","The authors link existing commercial drug-sales records, WHO disease-burden statistics and Census international population data to test an economic model. Their hand coding and construction of predicted disease burden do not constitute collecting questionnaire responses. The available 2016 working paper contains no separate qualifying participant survey; final-publication equivalence is unverified."
85050610435,10.1093/qje/qjx042,Quarterly Journal of Economics,2018,Discretion in hiring,YES,"[{""quote"": ""we asked our data provider to collect information about this on our behalf by surveying managers and executives"", ""location"": ""PDF page 48, Online Appendix A.3, Sample Coverage within Locations over Time"", ""source"": ""main""}]","The main applicant test and employment data were independently collected company records, but the appended data methods report a separate qualifying commissioned survey. The authors asked their provider to survey managers/executives on their behalf about whether client firms previously used hiring tests. Page 49 reports the resulting yes/no/uncertain classifications and uses them to select a robustness-analysis subsample. These are structured reports/beliefs about organizational practices elicited for this research through its partner. Page 56 also describes a survey of account managers about hiring practices reported in the main text. Thus at least the expressly commissioned prior-testing survey meets both criteria. The inspected source is a September 2017 working-paper version with its appendix, so final published-version equivalence is not independently established here."
85017357573,10.1093/qje/qjw036,Quarterly Journal of Economics,2017,The taxation of superstars,NO,"[{""quote"": ""This paper extends the Mirrlees optimal taxation model by enriching the labor market to incorporate an assignment problem between workers and firms."", ""location"": ""PDF page 50"", ""source"": ""main""}]","The article reports theoretical economic modeling, not participant research. Its baseline model, illustrative economies, elasticity calculations, comparative statics, extensions, and appendix proofs contain no survey or survey experiment. Numerical illustrations use parameters from prior research rather than responses collected or commissioned by this team."
84997585966,10.1093/qje/qjw021,Quarterly Journal of Economics,2016,Movers and shakers,NO,"[{""quote"": ""This paper develops an equilibrium theory regarding who these movers and shakers will be"", ""location"": ""PDF page3, Introduction"", ""source"": ""main""}]","The available main body develops and extends a formal economic model, with historical examples drawn from cited publications and a concluding discussion of implications. Managers' and investors' choices are model elements, not participant responses. No empirical questionnaire study is reported. The accepted manuscript lacks its cited appendix and has unverified final-version equivalence; the main body's explicit theoretical scope supports NO without assuming that the missing pages were inspected."
105013657841,10.1093/rfs/hhaf033,Review of Financial Studies,2025,Learning to Disclose: Disclosure Dynamics in the 1890s Streetcar Industry,NO,"[{""quote"": ""We collect our data from the first nine supplements that covered the financial results of the streetcar industry."", ""location"": ""PDF page 12, 1.2 Historical data"", ""source"": ""main""}]","The study manually extracts nineteenth-century streetcar-company disclosures, capital and earnings from historical financial newspaper supplements. It models disclosure decisions and estimates learning and capital-raising relationships from these archival company records; additional pricing and robustness comparisons remain historical financial data. The historical-data section, analysis roadmap and conclusion describe all components without any participant questionnaire collection. Theoretical beliefs and levels of thinking are inferred model quantities, not surveyed answers. The inspected typeset advance copy has the selected DOI/title/authors but final paginated-version equivalence remains unverified as noted in the source provenance."
85204621262,10.1093/rfs/hhae032,Review of Financial Studies,2024,Firm Networks and Asset Returns,NO,"[{""quote"": ""Reported customers’ information is available on the COMPUSTAT Segment files."", ""location"": ""PDF page 18"", ""source"": ""main""}, {""quote"": ""This section describes the algorithm used to simulate the model."", ""location"": ""PDF page 71"", ""source"": ""main""}]","The article and supplied online appendix report theoretical models, simulations, and empirical analyses of existing company and financial records. Supplier–customer relationships come from COMPUSTAT disclosures; other inputs include CRSP financial data, existing specificity measures, productivity data, and BEA input–output tables. The appendix adds mathematical results, simulations, network figures, and portfolio analyses—not participant questionnaires. No reported component collects or commissions survey responses."
85163399499,10.1093/rfs/hhac075,Review of Financial Studies,2023,The Dynamics of Disagreement,NO,"[{""quote"": ""Analyst forecasts of fiscal-year-end earnings are from IBES."", ""location"": ""PDF page12, Section2 Data"", ""source"": ""main""}]","The paper combines existing market, SEC, stock-lending and analyst-forecast databases with a theoretical model. The full data section identifies no author-collected questionnaire. Its questionnaire discussion in footnote41 describes Oskamp's1965 experiment as background motivation; it is not a survey conducted or reanalyzed by the current team."
85144082387,10.1093/rfs/hhab067,Review of Financial Studies,2022,Option Return Predictability,NO,"[{""quote"": ""We obtain data on U.S. individual stock options from OptionMetrics"", ""location"": ""PDF page 6, 1.1 Data and sample coverage"", ""source"": ""main""}, {""quote"": ""The analyst coverage and forecast data are from I/B/E/S."", ""location"": ""PDF page 7, 1.1 Data and sample coverage"", ""source"": ""main""}]","The paper analyzes existing market/accounting data: OptionMetrics options, CRSP stock returns, Compustat accounts, Thomson Reuters holdings, I/B/E/S forecasts, TAQ/OPRA trades and published factor series. Its portfolio strategies, economic-channel tests, robustness checks and factor models use these records and calculated market measures. Investor preferences and beliefs are proposed explanations, not participant questionnaire measurements. The data section, full component roadmap and conclusion establish no team-collected or commissioned questionnaire component. The repository identifies an accepted/post-print version; equivalence to the final published version is unverified."
85114996682,10.1093/rfs/hhaa066,Review of Financial Studies,2021,Evaluating Firm-Level Expected-Return Proxies: Implications for Estimating Treatment Effects,NO,"[{""quote"": ""from the Center for Research in Security Prices (CRSP) and annual accounting data from Compustat"", ""location"": ""PDF page 20"", ""source"": ""main""}, {""quote"": ""analysts’ median earnings forecasts from IBES"", ""location"": ""PDF page 60"", ""source"": ""main""}]","The article and supplied appendices report theoretical derivations, analyses of archival financial data, replications of four prior studies, a literature classification, and robustness checks. The empirical analyses use CRSP stock data, Compustat accounting records, IBES analyst forecasts, and data shared by prior researchers. None involves participant responses collected or commissioned by the team through a survey or survey experiment."
85097828501,10.1093/rfs/hhz095,Review of Financial Studies,2020,Impediments to financial trade: Theory and applications,NO,"[{""quote"": ""Section 2 contains the model and the tax equivalence result."", ""location"": ""PDF page9, article organization"", ""source"": ""main""}]","This is a formal theory paper: its applications analyze model implications for portfolio-performance evaluation, followed by mathematical proofs and extensions. The introduction and conclusion establish that no participant study or questionnaire responses are analyzed. Judgment is based on the available 2016 working paper, whose equivalence to the2020 publication is unverified."
85076716034,10.1093/rfs/hhz046,Review of Financial Studies,2019,"Bank-Branch Supply, Financial Inclusion, and Wealth Accumulation",NO,"[{""quote"": ""using data from the SIPP covering the 1993-2005 period"", ""location"": ""PDF page 15, 2.3.1 Measuring Financial Inclusion: SIPP data"", ""source"": ""main""}, {""quote"": ""survey conducted by the Bureau of Labor and Statistics"", ""location"": ""PDF page 40, 4.2 Data, Consumer Expenditure Survey"", ""source"": ""main""}]","The household analyses reuse the external Survey of Income and Program Participation, including its Assets/Liabilities and Adult Well-being modules, and the Bureau of Labor Statistics Consumer Expenditure Survey. Bank-branch outcomes use FDIC records with government geographic/economic data. The main effects, wealth/debt mechanisms and consumption-smoothing components are all accounted for by these existing sources. No methods describe the team collecting or commissioning questionnaire responses; causal identification from branching deregulation does not change collection responsibility. The source is a repository accepted/post-print version and final-version equivalence remains unverified."
85048925186,10.1093/rfs/hhy042,Review of Financial Studies,2018,"Long forward probabilities, recovery, and the term structure of bond risk premiums",NO,"[{""quote"": ""daily constant maturity (CMT) US Treasury bond yields from 1993-10-01 to 2015-08-19 available from the Federal Reserve Economic Data (FRED) web site"", ""location"": ""text segment 2"", ""source"": ""main""}]","The article estimates a dynamic term structure model using existing US Treasury yield data from FRED. Its remaining analyses involve mathematical factorization, bond-return calculations, model-based forecasts, and simulations of monetary-policy lift-off timing. None involves participant questionnaire responses or a survey experiment collected or commissioned by the research team."
85020639381,10.1093/rfs/hhx037,Review of Financial Studies,2017,Tax rates and corporate decision-making,YES,"[{""quote"": ""We developed an initial survey instrument to investigate how taxes affect key corporate decisions."", ""location"": ""PDF page8, Survey methodology and sample"", ""source"": ""main""}]","The authors designed and fielded their own64-question tax-executive survey, with Survey Sciences Group programming the online instrument and sending reminders. They analyze executives' reported decision practices; survey ownership and administration are explicit. Responses from this same collection also supported the team's earlier papers, which is eligible documented reuse."
84966473178,10.1093/rfs/hhv130,Review of Financial Studies,2016,Who facilitated misreporting in securitized loans?,NO,"[{""quote"": ""Lewtan’s ABSNet Loan and HomeVal data sets, along with DataQuick’s Assessor and History files"", ""location"": ""PDF page 6, 1.2 Data"", ""source"": ""main""}]","All empirical components use existing mortgage-servicer/trustee tapes, modeled home valuations, county assessor records and transaction histories obtained through Lewtan and DataQuick. The paper links these records to identify second-lien, occupancy and appraisal misreporting, then examines delinquency, interest rates, thresholds and originator/underwriter differences. Borrower-reported information is contained in preexisting loan documentation, not in questionnaires collected or commissioned by this research team. The complete data description and conclusion account for all reported components and establish no eligible survey collection."
105010586727,10.1093/sf/soae173,Social Forces,2025,"""you just feel re-violated"": Coercive sexual control in juvenile detention",NO,"[{""quote"": ""I conducted twenty-three life history interviews via Zoom"", ""location"": ""PDF page 6"", ""source"": ""main""}, {""quote"": ""Life histories included minimal probing"", ""location"": ""PDF page 6"", ""source"": ""main""}, {""quote"": ""interviews with fifty-three PREA staff and advocates"", ""location"": ""PDF page 5"", ""source"": ""main""}]","The author collected original data through 23 qualitative life-history interviews, using open narratives and minimal probing rather than questionnaire responses. The broader project also involved interviews with PREA staff and advocates, investigative reports, and lawsuits; none constitutes qualifying survey collection. Survey statistics cited from other studies are background evidence, not responses collected or commissioned by this research team."
85207136011,10.1093/sf/soae081,Social Forces,2024,Fatherhood and men's working hours in a part-time economy,NO,"[{""quote"": ""We use longitudinal register data hosted by Statistics Netherlands (CBS)."", ""location"": ""PDF page7, Data and methods"", ""source"": ""main""}]","The reported study uses population, household, employment and wage registers from CBS. All described measures and samples derive from those administrative records, without a team questionnaire. Survey experiments cited as prior literature and a coauthor's biography mentioning other survey projects do not establish eligible responses used in this article."
85160261071,10.1093/sf/soad034,Social Forces,2023,Four Eras of Studies of Politics and Social Movements in Social Forces,NO,"[{""quote"": ""In this essay, I describe the different eras and identify some notable areas of continuity across the century."", ""location"": ""PDF page 1, introductory statement of scope"", ""source"": ""main""}]","This centennial essay reviews four eras of already published Social Forces research and discusses likely future directions. Reading all substantive sections confirms that survey studies, ethnographies and the author's earlier publications are cited as examples in this historical literature discussion; no underlying participant responses are newly analyzed, and no questionnaire is administered or commissioned. The article therefore reviews prior research without an eligible questionnaire study of its own."
85130400952,10.1093/sf/soab088,Social Forces,2022,The Dilution of Parents' Nonmaterial Resources in Stepfamilies: The Role of Complex Sibling Configurations in Parental Involvement,YES,"[{""quote"": ""He was co-director of several large-scale surveys in the Netherlands, including"", ""location"": ""PDF page 24"", ""source"": ""main""}, {""quote"": ""the survey Parents and Children in the Netherlands (OKiN)"", ""location"": ""PDF page 25"", ""source"": ""main""}, {""quote"": ""Respondents answered five questions"", ""location"": ""PDF page 10"", ""source"": ""main""}]","The study analyzes OKiN questionnaire responses collected in 2017, including retrospective ratings of parents’ involvement during childhood. The author biography identifies coauthor Matthijs Kalmijn as a co-director of OKiN, establishing the research team’s role in collecting the survey data. Analysis of previously collected responses from the same team qualifies, even though the study also uses administrative records."
85113743631,10.1093/sf/soaa098,Social Forces,2021,Life Course Events and Migration in the Transition to Adulthood,NO,"[{""quote"": ""The present study uses the National Longitudinal Study of Youth-1997 (NLSY97)"", ""location"": ""Text segment2, Data and Methods"", ""source"": ""main""}]","All analyzed event histories are drawn from the Bureau of Labor Statistics' existing NLSY97 panel. The authors transform its event calendars into person-month records and estimate models; the original interviewing is attributed to the longitudinal survey, not to this team. The complete methods contain no independently collected or commissioned questionnaire sample. The source is an author manuscript with unverified final-version equivalence."
85142678055,10.1093/sf/soz126,Social Forces,2020,Fighting for Their Neighborhood: Urban Policy and Anti-State Riots in France,NO,"[{""quote"": ""In total, 20 local actors were interviewed"", ""location"": ""PDF page 10, The Social-Housing Argument Described by Local Actors"", ""source"": ""main""}, {""quote"": ""an openended question on perceived identity of the rioters"", ""location"": ""PDF page 16, Neighborhood Networks and Cité Identity, reading-order extraction"", ""source"": ""main""}]","The author's own collection consists of qualitative interviews with 20 local officials, police, association leaders and other actors, used as narrative testimony with exploratory prompting about urban policy and rioter identity. The explicit interview prompt and its follow-up discussion do not establish an administered survey questionnaire or structured ratings/choices. The quantitative comparison uses census, police/fire and newspaper records. Opinion and victimization surveys discussed in the article are preexisting municipal/national-agency sources, with the 1997 student survey cited to a municipal publication. Inspection of the interview procedure, questionnaire-like prompt, secondary-survey passages, notes and conclusion accounts for these separate components; none combines team questionnaire collection with the current analysis."
85070589274,10.1093/sf/soz012,Social Forces,2019,Education-Based Status in Comparative Perspective: The Legitimization of Education as a Basis for Social Stratification,NO,"[{""quote"": ""To answer our research questions, we relied on data from the International Social Survey Programme (ISSP)."", ""location"": ""PDF page 8"", ""source"": ""main""}]","The article reports secondary analyses of existing ISSP surveys: pooled 2006–2014 waves and a separate analysis of the 2009 Social Inequality module. Contextual indicators come from OECD, IMF, and World Bank data. Although the ISSP contains questionnaire responses, the research team is not described as collecting or commissioning them. The additional analyses and appendix use these same existing data; no original survey collection is reported."
85048068104,10.1093/sf/soy022,Social Forces,2018,"College for all, degrees for few: For-profit colleges and socioeconomic differences in degree attainment",NO,"[{""quote"": ""The empirical investigation in this paper is based on the Educational Longitudinal Study (ELS)"", ""location"": ""PDF page9, Data and sample"", ""source"": ""main""}]","The sole empirical sample comes from the existing NCES Educational Longitudinal Study. The researcher constructs analytic weights, variables and adjusted models from its student, parent, teacher and school data, supplemented with institutional classifications. The methods attribute original assessment to the data collectors and describe no questionnaire collection or commissioning by the article's team."
85014218825,10.1093/sf/sow088,Social Forces,2017,School opportunity hoarding? racial segregation and access to high growth schools,NO,"[{""quote"": ""cohort-level achievement data from the California Department of Education"", ""location"": ""Text segment 4, Methodology, Data"", ""source"": ""main""}, {""quote"": ""National Center for Education Statistics’ Common Core of Data"", ""location"": ""Text segment 4, Methodology, Data"", ""source"": ""main""}]","The study combines existing California school-level standardized achievement scores with NCES Common Core school demographics and Census geographic data. It estimates learning trajectories and decomposes between-school, district, area and racial-group inequality using those external aggregate records; the supplementary robustness issues and language-arts comparison use the same kinds of achievement data. These are neither team-collected participant responses nor questionnaires about beliefs, experiences or preferences. The full methodology and concluding discussion/notes establish no additional survey component."
84959901135,10.1093/sf/sov106,Social Forces,2016,Lost letters in dutch neighborhoods: A field experiment on collective efficacy,YES,"[{""quote"": ""we also interviewed people about their social networks and neighborhood"", ""location"": ""PDF page 8"", ""source"": ""main""}, {""quote"": ""with respondents rating their level of agreement on a 5-point scale."", ""location"": ""PDF page 10"", ""source"": ""main""}]","The team collected the SSND2 resident survey used alongside its lost-letter field experiment. The authors describe interviewing residents and locating respondents for the second survey wave. Residents answered structured questions about neighborhood control expectations, trust, and cohesion, including agreement ratings. These questionnaire responses were analyzed as neighborhood-level predictors. The lost-letter experiment itself is behavioral rather than a survey, but the accompanying resident survey meets both criteria."
85217389345,10.1016/j.socscimed.2025.117807,Social Science and Medicine,2025,“It's a low-key thing of eugenics”: Disability reproductive injustice in barriers to cervical cancer screening during the COVID-19 pandemic,UNCLEAR,"[{""quote"": ""Qualitative data is drawn from a national mixed-methods community-engaged study"", ""location"": ""Text segment2, Study design"", ""source"": ""main""}, {""quote"": ""screening and consent forms"", ""location"": ""Text segment2, Data collection and management"", ""source"": ""main""}]","The paper analyzes its team's qualitative interviews, which do not qualify alone. It also reports self-identified disability and participant characteristics and mentions screening forms, without establishing whether these were questionnaire responses used in the paper or information obtained through the interviews. The author's project page confirms a separate national survey, but does not establish use of those survey responses in this article. Questionnaire eligibility therefore remains unresolved despite clear team collection of interview data."
85189489684,10.1016/j.socscimed.2024.116735,Social Science and Medicine,2024,"Does volunteering impact refugee women's life satisfaction, empowerment, and wellbeing? Experimental evidence, local knowledge, and causal reasoning",YES,"[{""quote"": ""An all-female team, hired for the purpose of executing the survey"", ""location"": ""Text segment 4, 2.1 Research design"", ""source"": ""main""}, {""quote"": ""inputted responses in Arabic into Qualtrics"", ""location"": ""Text segment 4, 2.1 Research design"", ""source"": ""main""}]","The team reports its cluster randomized trial and hires an all-female survey team to conduct in-person questionnaire interviews at baseline, five months and twelve months. Staff read questions aloud and enter the Arabic responses into Qualtrics under the project manager's supervision. Measures include life satisfaction, empowerment, psychological wellbeing, volunteering behavior and social networks, with specified rating scales, and are analyzed in the article. Both direct/commissioned collection and participant questionnaire responses are explicit, independently of the additional qualitative net-mapping work."
85142678934,10.1016/j.socscimed.2022.115166,Social Science and Medicine,2023,Attribution for everyday discrimination typologies and mortality risk among older black adults: Evidence from the health and retirement study?,NO,"[{""quote"": ""We utilized the data from the Health and Retirement Study (hereafter HRS)"", ""location"": ""text segment 2"", ""source"": ""main""}, {""quote"": ""We combined the two enhanced interview assessments into one baseline (2006 and 2008)."", ""location"": ""text segment 2"", ""source"": ""main""}]","The article reports secondary analysis of existing Health and Retirement Study data for 1,232 older Black adults. Both the latent class analysis and mortality models use these existing data, supplemented by death records and HRS proxy reports. Although HRS collected questionnaire responses about discrimination, the article's research team did not collect or commission those responses. No separate eligible survey collection is reported."
85136555473,10.1016/j.socscimed.2022.115269,Social Science and Medicine,2022,Extreme racism-related events and poor sleep in African-American women,YES,"[{""quote"": ""we modified the original RES to assess whether these witnessed events were witnessed in person"", ""location"": ""Text segment3, Measures: direct and vicarious racism"", ""source"": ""main""}]","The team describes its MUSE recruitment, interviewer administration and own modification of racism-experience questions. It analyzes baseline responses to those items and a19-item sleep questionnaire. These are author-team participant reports of experiences collected for this cohort, rather than merely outside survey data. Interviewer administration of a standardized questionnaire qualifies under the frozen prompt."
85114141701,10.1016/j.socscimed.2021.114270,Social Science and Medicine,2021,Macro-level efficiency of health expenditure: Estimates for 15 major economies,NO,"[{""quote"": ""we rely on World Development Indicators (2021) data"", ""location"": ""Text segment 2, 2.1 Data sources"", ""source"": ""main""}, {""quote"": ""derived from the literature"", ""location"": ""Text segment 3, 2.4 Validity check based on the value of a statistical life"", ""source"": ""main""}]","The paper derives a macroeconomic efficiency model and applies it to World Bank aggregate longevity, consumption, expenditure and GDP indicators, using parameter values from prior studies. Its validity check compares modeled statistical-life values with published estimates, and sensitivity analyses substitute published meta-analytic elasticities. These methods cover all reported empirical and simulation components. Individual preferences appear as assumed model parameters or prior-literature estimates, not questionnaire responses collected or commissioned by this team. There is no eligible survey study."
85076526519,10.1016/j.socscimed.2019.112735,Social Science and Medicine,2020,Imperfect biomarkers for adjuvant chemotherapy in early stage breast cancer with good prognosis,NO,"[{""quote"": ""They were semi-structured and explored the interviewees' career path, clinical practice"", ""location"": ""text segment 3"", ""source"": ""main""}, {""quote"": ""Interviews were audio-recorded and transcribed. The resulting 560-page corpus was analyzed thematically"", ""location"": ""text segment 3"", ""source"": ""main""}]","The team collected qualitative, semi-structured interviews with 32 clinicians and biotechnology company managers, then thematically analyzed the transcripts. These were not questionnaire responses. The other components were reviews of literature, guidelines, and reports, plus use of an existing hospital-discharge database for sampling and contextual comparisons. No survey or survey experiment is reported."
85058023768,10.1016/j.socscimed.2018.12.003,Social Science and Medicine,2019,Social capital and having a regular family doctor: Evidence from longitudinal data,NO,"[{""quote"": ""confidential master files, accessed in a secure data centre by permission from Statistics Canada"", ""location"": ""Text segment5, Methodology and NPHS dataset"", ""source"": ""main""}]","The study exclusively reanalyzes Statistics Canada's existing NPHS questionnaires. The authors' secure, permission-based access to confidential files does not establish original collection or commissioning. All measures are drawn from the survey's existing1998–2011 waves, with no additional team-collected sample."
85052132965,10.1016/j.socscimed.2018.07.051,Social Science and Medicine,2018,The effect of unstable housing on HIV treatment biomarkers: An instrumental variables approach,YES,"[{""quote"": ""Data were collected by the Women's Interagency HIV Study (WIHS)."", ""location"": ""Text segment 6, Acknowledgements"", ""source"": ""main""}, {""quote"": ""Chicago WIHS (Mardge Cohen and Audrey French)"", ""location"": ""Text segment 7, Acknowledgements, WIHS Principal Investigators"", ""source"": ""main""}, {""quote"": ""variables collected via WIHS questionnaires"", ""location"": ""Text segment 4, 3.2.4 Potential pathways"", ""source"": ""main""}]","The article currently analyzes repeated WIHS questionnaire responses about living arrangements and healthcare use alongside biological measurements. Its acknowledgments explicitly identify WIHS as the data collector and name the study's principal investigators, including coauthors Mardge Cohen (Chicago), Seble Kassaye (Washington) and Joel Milam (Southern California); these sites are included in the current 1995–2015 analysis. Thus the named collecting-study leadership overlaps the research team, establishing documented reuse of its own collection rather than unrelated external-data analysis. The methods and Appendix C specify housing response categories and care-use questions, satisfying the questionnaire criterion for the same responses."
85032681209,10.1016/j.socscimed.2017.09.043,Social Science and Medicine,2017,"Low birthweight among immigrants in Australia, the United Kingdom, and the United States",NO,"[{""quote"": ""We analyze three nationally representative birth cohort surveys conducted at the turn of the millennium"", ""location"": ""text segment 2"", ""source"": ""main""}]","The article reports secondary analyses of three existing cohort surveys: Australia's LSAC, the UK's Millennium Cohort Study, and the US ECLS-B. The researchers link these datasets to existing WHO and UN statistics. The appendix and sensitivity analyses described use the same existing data. Although participant questionnaire responses are analyzed, the team did not collect or commission them for this research."
84987950649,10.1016/j.socscimed.2016.09.007,Social Science and Medicine,2016,First-generation Korean immigrants’ barriers to healthcare and their coping strategies in the US,YES,"[{""quote"": ""The survey was self-administered and paper-based."", ""location"": ""Text segment3, Data and methods"", ""source"": ""main""}]","The author recruited Korean immigrants for an original survey and follow-up interviews, obtained consent under the team's institutional approval, and analyzed survey reports of healthcare barriers, preferences and medical travel. The self-administered paper questionnaire qualifies; the concurrent ACS data, business directory and qualitative interviews do not negate it. The frozen prompt has no digital-only restriction."
105017440329,10.1016/j.worlddev.2025.107193,World Development,2025,Taxing the wealthy in Haiti: Evidence from a conjoint experiment on property tax preferences,YES,"[{""quote"": ""responses were collected online by the survey firm RIWI on our behalf"", ""location"": ""PDF page 6, 4. The Survey"", ""source"": ""main""}, {""quote"": ""would you prefer: A or B?"", ""location"": ""PDF page 7, 5. The conjoint experiment"", ""source"": ""main""}]","The authors explicitly commissioned RIWI to collect their online survey in Haiti between December 2023 and April 2024, describing web-intercept recruitment, consent, sample size and quality procedures. Each participant selected preferred property-tax proposals in three randomized conjoint comparisons, with attributes such as tax administration, beneficiaries and public recognition. These are hypothetical policy preference choices elicited through the team's own survey experiment and analyzed in the paper. Both criteria are directly established in the body methods."
85201417200,10.1016/j.worlddev.2024.106758,World Development,2024,The power of mineral: Shock of the global supply chain from resource nationalism,NO,"[{""quote"": ""We combine time series counterfactual analysis and input–output modeling"", ""location"": ""text segment 1"", ""source"": ""main""}, {""quote"": ""All our data are publicly available."", ""location"": ""text segment 9"", ""source"": ""main""}]","The reported analyses use existing metal-price series, economic indicators, documented policy events, and the EMERGING input–output database developed by another research team. The authors apply counterfactual time-series models and input–output models to estimate price shocks and country-sector welfare losses. None of these components collects participant questionnaire responses or conducts a survey experiment. Supplementary files are linked but were not inspected; the main text clearly describes the data and methods."
85144387774,10.1016/j.worlddev.2022.106122,World Development,2023,The burdens of participation: A mixed-methods study of the effects of a nutrition-sensitive agriculture program on women's time use in Malawi,YES,"[{""quote"": ""A baseline survey was conducted in the local language, Chichewa, by trained Malawian enumerators"", ""location"": ""Text segment4, Quantitative data collection"", ""source"": ""main""}]","The authors' nested trial research dispatched quantitative and qualitative collection teams. Female caregivers reported their previous24 hours of activities to trained survey enumerators, and the paper analyzes those responses; it also uses baseline food-insecurity questionnaire scores. This is team-collected survey reporting of behavior, not observed time-use traces. The current frozen prompt does not exclude retrospective time-use questionnaires or interviewer administration."
85131398770,10.1016/j.worlddev.2022.105950,World Development,2022,Taxing dissent: The impact of a social media tax in Uganda,NO,"[{""quote"": ""collected from the one percent Twitter Streaming API"", ""location"": ""Text segment 4, 3.1 Data"", ""source"": ""main""}, {""quote"": ""we merge data on riots and protests as recorded by ACLED and ICEWS"", ""location"": ""Text segment 4, 3.1 Data"", ""source"": ""main""}]","The study collects existing tweets and public account information through Twitter, combines external ACLED/ICEWS protest records and World Bank covariates, and adds Google search trends and Facebook/Twitter engagement records. The separate user panel in robustness tests is downloaded tweet history, not a survey panel. Survey percentages in the background and interpretation are attributed to external Whitehead Communications, CIPESA, Pollicy and earlier studies. The data methods, additional-platform analyses, user-panel robustness and conclusion establish that every reported component uses social-media/administrative/event records or secondary findings, with no team-collected questionnaire responses."
85099591241,10.1016/j.worlddev.2020.105364,World Development,2021,The impact of an extension of workers’ health insurance on formal employment: Evidence from Ecuador,NO,"[{""quote"": ""ENEMDU is a periodic cross-sectional household survey carried out nationwide by the Ecuadorian National Institute of Statistics and Census"", ""location"": ""text segment 4"", ""source"": ""main""}]","The article analyzes existing 2006–2016 ENEMDU household survey data collected by Ecuador’s national statistics agency, not by the research team. The main estimates, placebo tests, subgroup analyses, and separate reform analyses all use these data. The costs-and-benefits discussion likewise reports no original questionnaire collection. Although the data contain survey responses, the team did not collect or commission them."
85083525997,10.1016/j.worlddev.2020.104975,World Development,2020,Improved sanitation increases long-term cognitive test scores,YES,"[{""quote"": ""Households completed a similar survey to the baseline survey to measure changes in socioeconomic status, WASH behaviors, and health histories."", ""location"": ""Text segment7, 2016 wave"", ""source"": ""main""}]","The research team tracked its original sanitation-trial households and administered a2016 follow-up questionnaire about behavior, socioeconomic circumstances and health history, alongside child cognitive tests. It also analyzes earlier baseline questionnaire measures. These participant reports qualify; cognitive-test answers and anthropometric measurements alone would not."
85060200300,10.1016/j.worlddev.2018.12.015,World Development,2019,A comparative analysis of governance and leadership in agricultural development policy networks,YES,"[{""quote"": ""organizations to name other organizations with whom they collaborated"", ""location"": ""Text segment 5, section 3.1 Data collection"", ""source"": ""main""}, {""quote"": ""All authors backstopped the implementation of the baselines."", ""location"": ""Back to baselines (2014), Authors contributions, following LC-specific instrument development and field-team training roles"", ""source"": ""https://link.springer.com/article/10.1186/2048-7010-3-13""}]","The present network analysis uses individual Organizational Baseline Survey responses from representatives of 145 organizations in 14 sites. In-person interviewers asked representatives to name collaborators and answer questions about work activities, organizational characteristics and years of involvement; these are questionnaire reports of behavior, and the responses generate the current adjacency matrices and covariates (main sections 3.1-3.2, text segments 5-6). The main text describes the earlier CCAFS collection as an independent effort and credits CCAFS, so institutional affiliation alone would not establish team ownership. Supporting primary documentation resolves this: current coauthor Laura Cramer (identified in main segment 2) is LC in the 2014 baseline methods paper. Its author-contribution statement explicitly credits LC with developing organizational baseline tools and implementation guidelines, field-testing instruments, training collection teams across regions and, with all authors, backstopping implementation. Cramer therefore participated in organizing the original questionnaire collection, and this article actually reanalyzes those responses rather than merely citing earlier findings. This is documented reuse of team-collected questionnaire data. The official Cramer-authored CCAFS account also describes their organizational survey collection. The Dataverse landing page was inaccessible, but the main methods and inspected original methods publication establish both criteria."
85044928412,10.1016/j.worlddev.2018.03.014,World Development,2018,"Land-grabbing, land-use transformation and social differentiation: Deconstructing “small-scale” in Ghana's recent gold rush",YES,"[{""quote"": ""In July 2013, we conducted 138 spatially stratified household-level surveys in the communities of Pokukrom and Powerline."", ""location"": ""text segment 4"", ""source"": ""main""}]","The team explicitly reports conducting 138 household surveys in Pokukrom and Powerline in July 2013. The questionnaire contained closed and open questions about food security, health, livelihoods, landscape change, and land acquisition. The authors analyzed these responses descriptively and through cross-tabulations, and report survey findings in the article. Thus, the same responses meet both collection and questionnaire criteria."
85014740375,10.1016/j.worlddev.2017.02.009,World Development,2017,Qualitative and Quantitative Evidence on the True Local Welfare Costs of Forest Conservation in Madagascar: Are Discrete Choice Experiments a Valid ex ante Tool?,YES,"[{""quote"": ""The questionnaire comprised three sections"", ""location"": ""Text segment4, survey fieldwork"", ""source"": ""main""}]","The authors trained and supervised enumerators for their household questionnaire, including experimentally varied conservation-policy choices, socioeconomic reports and follow-up Likert items about trust and perceived consequences. They analyze those original responses. The discrete-choice format is an eligible survey experiment; accompanying qualitative debriefing does not alter eligibility."
84973560538,10.1016/j.worlddev.2016.05.002,World Development,2016,"Wage Growth, Landholding, and Mechanization in Chinese Agriculture",YES,"[{""quote"": ""Source: Authors’ own survey."", ""location"": ""text segment 1"", ""source"": ""main""}, {""quote"": ""In the 2009 survey, we went back to the same villages that were surveyed in 2000."", ""location"": ""text segment 5"", ""source"": ""main""}]","The article analyzes household survey responses collected by the research team. Section 3(a) describes surveys conducted by the Center for Chinese Agricultural Policy in December 2000 and early 2009, explicitly describing the authors’ return to surveyed villages. The resulting 905-household panel contains reported farming activities, landholding, machinery expenditures, employment, and income. Table 1 also identifies the data as the authors’ own survey. Thus, both team responsibility and qualifying survey collection are established."
cr_34f1fcfe0baa,10.1353/wp.2025.a954434,World Politics,2025,Democracy and Economic Growth: Theoretical Debates and Empirical Contributions,NO,"[{""quote"": ""This brief essay reviews the theoretical and empirical contributions to this age-old question"", ""location"": ""PDF page 2"", ""source"": ""main""}]","The full article is a review essay discussing theories, published empirical findings, and directions for future research on democracy and economic growth. It reports no original participant-response study and no analysis of questionnaire responses collected or commissioned by the author. References to the author's earlier work are part of the literature review, not a survey study conducted or analyzed in this article."
cr_e3d33b93350b,10.1353/wp.2024.a933069,World Politics,2024,Industrialization and Democracy,NO,"[{""quote"": ""scraping data on manufacturing employment from the hardcopy accounts of Mitchell"", ""location"": ""PDF page15, Measurement and Data"", ""source"": ""main""}]","The author assembles historical manufacturing records and combines existing UNIDO/GGDC, population and democracy datasets. The mechanism analysis also uses another team's coded protest data. These archival construction and secondary analyses contain no author-collected or commissioned questionnaire responses; novel data assembly is not eligible collection."
105032858895,10.1353/wp.2023.a900711,World Politics,2023,“THIS RALLY IS NOT AUTHORIZED” Preventive Repression and Public Opinion in Electoral Autocracies,YES,"[{""quote"": ""respondents that I randomly assigned"", ""location"": ""PDF page 21"", ""source"": ""main""}, {""quote"": ""Subsequently, the survey asked respondents to evaluate each party discussed in the scenario."", ""location"": ""PDF page 22"", ""source"": ""main""}]","The author conducted an original survey experiment implemented by Levada Market Research in September 2020 with 1,605 voting-age respondents. Participants were randomly assigned protest scenarios varying authorization, protester tactics, and police arrests, then answered questions measuring approval and protest support. These procedures clearly imply collection or commissioning of questionnaire responses for the author's research, independently of the separate analysis of existing 2017 survey data."
85141294097,10.1017/s0043887122000107,World Politics,2022,The Political Economy of NGO Service Provision,YES,"[{""quote"": ""I conduct original surveys"", ""location"": ""PDF page 3"", ""source"": ""main""}, {""quote"": ""To measure legitimacy, I ask respondents about their trust in government actors and NGOs"", ""location"": ""PDF page 29"", ""source"": ""main""}]","The author collected original household survey responses in Ugandan treatment and control villages for an ancillary evaluation of an NGO health intervention. Respondents answered questions about service-provider preferences, political participation, trust, and government performance. Although the original intervention and some comparison data came from other researchers, the author's own survey collection independently meets both criteria."
85102508505,10.1017/s0043887120000258,World Politics,2021,Mobilization Campaigns and Rural Development: The East Asian Model Reconsidered,NO,"[{""quote"": ""draws from archival and documentary materials collected during fieldwork as well as from secondary sources"", ""location"": ""PDF page5, study scope and sources"", ""source"": ""main""}]","This comparative historical analysis draws on archival documents and secondary literature, with an author's qualitative interview used to contextualize Chinese policy borrowing. It reports no questionnaire or survey experiment. Collecting documents or conducting an elite qualitative interview does not satisfy the response-method criterion."
85086785215,10.1017/s0043887120000039,World Politics,2020,The Durability of Client Regimes,NO,"[{""quote"": ""I consulted more than five hundred primary and secondary sources in English and Russian"", ""location"": ""PDF page 19"", ""source"": ""main""}]","The article combines historical case evidence with statistical analyses of regime survival, military coups, and coup-prevention institutions. Its original client-regime dataset was coded from archival records and published primary and secondary sources, not participant questionnaires. Additional measures come from existing datasets compiled by other researchers. No reported component involves collecting or commissioning survey or survey-experiment responses."
85071924822,10.1017/s0043887119000078,World Politics,2019,"Vote Brokers, Clientelist Appeals, and Voter Turnout: Evidence from Russia and Venezuela",YES,"[{""quote"": ""To test our argument, we conduct two surveys"", ""location"": ""PDF page 2"", ""source"": ""main""}, {""quote"": ""Respondents were asked to rate their likelihood of voting"", ""location"": ""PDF page 15"", ""source"": ""main""}]","The authors explicitly report conducting surveys of 4,200 people in Russia and 1,400 in Venezuela. They implemented randomized framing experiments that varied the vote broker and mobilization technique, then collected respondents’ ratings of their likelihood of voting. These are team-collected questionnaire responses used in the reported research, satisfying both criteria. The main text resolves eligibility without needing the linked supplementary materials."
85052962047,10.1017/s0043887118000114,World Politics,2018,Linkage Politics and Complex Governance in Transatlantic Surveillance,NO,"[{""quote"": ""Our detailed case study, drawing on primary sources, interviews with participants, and secondary sources"", ""location"": ""PDF page11, case-study design"", ""source"": ""main""}]","The article tests its argument through qualitative process tracing of transatlantic policy negotiations, drawing on documents and elite interviews. Participants are policy actors interviewed about events, not respondents to an administered questionnaire. The empirical design and reported interview citations show no separate eligible survey component."
85029956092,10.1017/s004388711700017x,World Politics,2017,Religion and the Regime: Cooperation and Conflict in Contemporary Russia and China,NO,"[{""quote"": ""Interviews were conducted in Russian or Mandarin by the author, handwritten notes were taken"", ""location"": ""PDF page 5"", ""source"": ""main""}, {""quote"": ""and is supplemented with archival research"", ""location"": ""PDF page 5"", ""source"": ""main""}]","The article develops its comparative case studies through fieldwork in Russia and China, using qualitative interviews, focused discussion groups, archival research, and published sources. The author collected interview material directly, but these are qualitative accounts rather than questionnaire responses. Across the reported study components, no survey or survey experiment administered or commissioned by the research team is described."
84969866281,10.1017/s0043887115000453,World Politics,2016,Electoral handouts as information: Explaining unmonitored vote buying,YES,"[{""quote"": ""I conducted the experiment in Kenya."", ""location"": ""PDF page 17"", ""source"": ""main""}, {""quote"": ""participants answered a series of questions designed to assess their opinions and expectations of the hypothetical candidate"", ""location"": ""PDF page 21"", ""source"": ""main""}]","The author conducted original survey experiments in Kenya. In the first experiment, 353 participants were randomly assigned to hear recordings about a hypothetical candidate, with or without information about electoral handouts. They then rated voting intentions, candidate evaluations, and expectations on questionnaire scales. The article also reports a follow-up experiment. These procedures establish both researcher-collected responses and survey experimentation; the main text resolves eligibility without needing supplementary materials."
