article_id,doi,journal,year,title,collection,experiment,survey,other_methods,review_status,confidence,reviewer,review_date,human_verified,split,source_url,pdf_pages_reviewed,evidence_section,rationale,recruitment_providers,software,team_data_reuse,supporting_resource_url,supporting_resource_status
85097024202,10.5465/amj.2018.0038,Academy of Management Journal,2020,Interorganizational relationships as political battlefields: How fragmentation within organizations shapes relational dynamics between organizations,NO,NO,NO,no eligible quantitative method,primary_ai_fulltext_review,high,Codex independent fulltext reviewer,2026-10-07,false,development,https://lup.lub.lu.se/search/files/79686752/Brattstr_m_Faems_inter_org_as_political_battlefields_AMJ.pdf,12–17,Method; Data Collection; Data Analysis,"The sole study triangulates open interviews, archived emails and documents to construct a qualitative process account. Event and interview counts describe the qualitative corpus; no quantitative participant measurement procedure is reported.",not stated,not stated,not established,,main methods sufficient for eligibility; no external supplement needed
85189464408,10.1257/app.20210579,American Economic Journal: Applied Economics,2024,The Employment Effects of Ethnic Politics,NO,NO,NO,none,primary_ai_fulltext_review,high,Codex independent fulltext reviewer social,2026-10-07,false,development,https://www.econstor.eu/bitstream/10419/215214/1/dp12818.pdf,8;9;10,"Study design, participants and procedures","The authors assemble electoral archives, Afrobarometer and Demographic Health Survey records with geographic coding. The close-election design is observational; no participant collection. Source is 2019 workingpaper.",not stated,not stated,NO,,No supporting resource retrieved in this review; main methods examined.
84978835128,10.1257/aer.20150208,American Economic Review,2016,Measuring discounting without measuring utility,YES,UNCLEAR,NO,incentivized intertemporal choice and utility elicitation,primary_ai_fulltext_review,moderate,Codex independent fulltext reviewer social,2026-10-07,false,development,https://repub.eur.nl/pub/96233/REPUB_96233.pdf,4;5;6;7;15,"Study design, participants and procedures",The authors recruited Erasmus students for computerized incentivized preference elicitation comparing DM and UM. The fixed sequence measures discounting through task choices; the text does not clearly establish an intervention contrast beyond elicitation procedures. No primary survey study.,not stated,not stated,NO,,No supporting resource retrieved in this review; main methods examined.
85017448839,10.1257/aer.20131118,American Economic Review,2017,The macrodynamics of sorting between workers and firms,NO,NO,NO,none,primary_ai_fulltext_review,high,Codex independent fulltext reviewer social,2026-10-07,false,development,https://sciencespo.hal.science/hal-03391971/document,10;11,"Study design, participants and procedures",The paper develops a structural worker-firm matching model and fits aggregate time series and published firm-productivity moments. No research participant collection.,not stated,not stated,NO,,No supporting resource retrieved in this review; main methods examined.
85045192537,10.1257/aer.20151260,American Economic Review,2018,Resurrecting the role of the product market wedge in recessions,NO,NO,NO,none,primary_ai_fulltext_review,high,Codex independent fulltext reviewer social,2026-10-07,false,development,http://www.nber.org/papers/w20555.pdf,1;4;6;12;27,"Study design, participants and procedures","Macroeconomic model and analyses of external CPS, Consumer Expenditure Survey and BLS productivity databases; no author-team participant collection. Source is a revised working paper matching title and authors.",not stated,not stated,NO,http://www.nber.org/data-appendix/w20555,No supporting resource retrieved in this review; main methods examined.
85085337190,10.1257/aer.20171201,American Economic Review,2020,Dominant currency paradigm†,NO,NO,NO,none,primary_ai_fulltext_review,high,Codex independent fulltext reviewer social,2026-10-07,false,development,http://www.nber.org/papers/w22943.pdf,1;2;29;60;78,"Study design, participants and procedures","Theory and analysis of existing customs/trade data from UN Comtrade, DIAN/DANE and macroeconomic databases. Constructing bilateral price indices does not collect participant data. Source is a revised working paper.",not stated,not stated,NO,,No supporting resource retrieved in this review; main methods examined.
85113137179,10.1257/aer.20170297,American Economic Review,2021,Behavioral constraints on the design of subgame-perfect implementation mechanisms,YES,YES,NO,laboratory bargaining games; ancillary reciprocity questionnaire,primary_ai_fulltext_review,high,Codex independent fulltext reviewer social,2026-10-07,false,development,https://www.zora.uzh.ch/server/api/core/bitstreams/52aa9310-157d-40c8-b960-93e1485a9637/content,10;14,"Study design, participants and procedures","The authors conducted laboratory buyer-seller games varying implementation mechanisms and control treatments. A paid reciprocity questionnaire two weeks before the lab provides ancillary covariates, not a primary survey study. Source is a revised working paper.",not stated,z-Tree; ORSEE,NO,,No supporting resource retrieved in this review; main methods examined.
85134375559,10.1257/aer.20201713,American Economic Review,2022,Belief Distortions and Macroeconomic Fluctuations,NO,NO,NO,none eligible,primary_ai_fulltext_review,high,Codex independent fulltext reviewer social,2026-10-07,false,holdout,http://www.nber.org/papers/w27406.pdf,1;22;23;50;51;52;53,"Study design, participants and procedures","The NBER working-paper version combines existing Philadelphia Fed professional forecasts, Michigan consumer surveys, Blue Chip forecasts and macrofinancial series. Appendix sources establish external survey origins; a quoted provider description using we does not establish author collection.",not stated,not stated,not applicable,,No supporting resource retrieved in this review; main methods examined.
85020188394,10.1111/ajps.12314,American Journal of Political Science,2017,A Bottom-Up Theory of Public Opinion about Foreign Policy,YES,YES,YES,not stated,primary_ai_fulltext_review,high,Codex independent fulltext reviewer social,2026-10-07,false,development,https://doi.org/10.1111/ajps.12314,5;8;10,"Study design, participants and procedures",Five team-designed survey experiments recruit SSI and MTurk samples and vary elite and peer cues; collection years alone do not establish reuse.,Survey Sampling International; Amazon Mechanical Turk,not stated,not stated,,No supporting resource retrieved in this review; main methods examined.
85064539825,10.1111/ajps.12430,American Journal of Political Science,2019,On the Meaning of Survey Reports of Roll-Call “Votes”,YES,YES,YES,not stated,primary_ai_fulltext_review,high,Codex independent fulltext reviewer social,2026-10-07,false,development,https://doi.org/10.1111/ajps.12430,5;6,"Study design, participants and procedures",The authors fielded randomized information interventions in their CCES module and subsequent SSI and Lucid surveys; an original module in an existing survey qualifies.,YouGov; Survey Sampling International; Lucid,not stated,not stated,https://doi.org/10.7910/DVN/SSEN5A,supporting_pdf_unreviewed; supporting_repository_metadata_unreviewed
85090445420,10.1111/ajps.12558,American Journal of Political Science,2022,Executive Accountability Beyond Outcomes: Experimental Evidence on Public Evaluations of Powerful Prime Ministers,YES,YES,YES,none,primary_ai_fulltext_review,high,Codex independent fulltext reviewer social,2026-10-07,false,development,https://publications.ut-capitole.fr/id/eprint/32347/1/iast_wp98.pdf,11;13;27;61,"Study design, participants and procedures",The authors inserted randomized prime-minister vignettes into FNES and commissioned a new independent 2019 sample. Original modules in an existing panel qualify. Source is a 2019 revision manuscript with allfourstudies.,IPSOS,not stated,NO,,No supporting resource retrieved in this review; main methods examined.
85204441582,10.1111/ajps.12916,American Journal of Political Science,2025,Authoritarian cue effect of state repression,YES,YES,YES,not stated,primary_ai_fulltext_review,high,Codex independent fulltext reviewer social,2026-10-07,false,development,https://doi.org/10.1111/ajps.12916,5;6;11,"Study design, participants and procedures",The team commissioned a Chinese online survey and randomized disclosure of repression outcomes; a local survey firm was unnamed.,not stated,not stated,not stated,http://ddoi.org/10.7910/DVN/1L325J,supporting_pdf_unreviewed; supporting_repository_metadata_unreviewed; unavailable
84967194473,10.1086/685441,American Journal of Sociology,2016,"The diffusion of strikes: A dyadic analysis of economic sectors in the Netherlands, 1995-2007",NO,NO,NO,none,primary_ai_fulltext_review,high,Codex independent fulltext reviewer social,2026-10-07,false,development,https://ris.utwente.nl/ws/files/6999146/685441.pdf,4;9;10,"Study design, participants and procedures","The study analyzes existing Strikes in the Netherlands event records and economic-sector data; external press/event documentation, not research participant collection.",not stated,not stated,NO,,No supporting resource retrieved in this review; main methods examined.
85007440070,10.1017/s0003055416000356,American Political Science Review,2016,Aid as a tool against insurgency: Evidence from contested and controlled territory in Afghanistan,NO,NO,NO,qualitative background interviews only,primary_ai_fulltext_review,high,Codex independent fulltext reviewer social,2026-10-07,false,development,https://www.cambridge.org/core/services/aop-cambridge-core/content/view/S0003055416000356,4;5;6;17,"Study design, participants and procedures",Analysis links externally documented aid spending and security incidents; the author’s field interviews are qualitative and do not constitute quantitative participant collection. Quasi-random bureaucracy does not establish researcher assignment.,not stated,not stated,NO,,No supporting resource retrieved in this review; main methods examined.
85018508446,10.1017/s0003055417000041,American Political Science Review,2017,Is the U.S. Government a corporation? the corporate origins of modern constitutionalism,NO,NO,NO,none,primary_ai_fulltext_review,high,Codex independent fulltext reviewer social,2026-10-07,false,development,https://www.cambridge.org/core/services/aop-cambridge-core/content/view/S0003055417000041,1;2;16,"Study design, participants and procedures",Historical and conceptual constitutional argument based on documents and political theory; no participant data collection.,not stated,not stated,NO,,No supporting resource retrieved in this review; main methods examined.
85048739253,10.1017/s0003055418000254,American Political Science Review,2018,Are Human Rights Practices Improving?,NO,NO,NO,none eligible,primary_ai_fulltext_review,high,Codex independent fulltext reviewer social,2026-10-07,false,holdout,https://www.cambridge.org/core/services/aop-cambridge-core/content/view/S0003055418000254,1;3;4;5,"Study design, participants and procedures","The article reanalyzes human-rights country indicators and changes a latent measurement model. Indicators originate from coded State Department/Amnesty reports, and simulated replacements are not participant data.",not stated,not stated,not applicable,,No supporting resource retrieved in this review; main methods examined.
85064805724,10.1017/s0003055418000837,American Political Science Review,2019,Demand effects in survey experiments: An empirical assessment,YES,YES,YES,not stated,primary_ai_fulltext_review,high,Codex independent fulltext reviewer social,2026-10-07,false,development,https://doi.org/10.1017/s0003055418000837,4;5;7;9,"Study design, participants and procedures","Five newly fielded surveys replicate prior experimental designs with randomized demand information; purchasing Qualtrics samples establishes its recruitment-provider role, not software use.",Amazon Mechanical Turk; Qualtrics,not stated,not stated,https://doi.org/10.7910/DVN/HUKSID,supporting_page_unreviewed; supporting_repository_metadata_unreviewed
85077327637,10.1017/s0003055419000649,American Political Science Review,2020,Noisy Retrospection: The Effect of Party Control on Policy Outcomes,NO,NO,NO,none eligible,primary_ai_fulltext_review,high,Codex independent fulltext reviewer social,2026-10-07,false,holdout,https://www.cambridge.org/core/services/aop-cambridge-core/content/view/S0003055419000649,1;6;7;8;9,"Study design, participants and procedures","Existing state political, economic, crime, health and education data underpin difference-in-differences and close-election discontinuity analyses. Natural assignment of party control is not author-imposed treatment and no participant procedure is reported.",not stated,not stated,not applicable,,No supporting resource retrieved in this review; main methods examined.
85098180961,10.1017/s0003055420001057,American Political Science Review,2021,Family Matters: How Immigrant Histories Can Promote Inclusion,YES,YES,YES,not stated,primary_ai_fulltext_review,high,Codex independent fulltext reviewer social,2026-10-07,false,development,https://doi.org/10.1017/s0003055420001057,3,"Study design, participants and procedures",The authors implemented three online surveys and randomized whether the family-history question preceded or followed immigration outcomes.,not stated,not stated,not stated,https://doi.org/10.7910/DVN/5UEEU2; https://osf.io/cx2zp,supporting_page_unreviewed; supporting_repository_metadata_unreviewed
85118939204,10.1017/S0003055421001234,American Political Science Review,2022,The Influence of Unknown Media on Public Opinion: Evidence from Local and Foreign News Sources,YES,YES,YES,not needed for eligibility,primary_ai_fulltext_review,high,Codex independent fulltext reviewer,2026-10-07,false,development,https://doi.org/10.1017/S0003055421001234,5–6,Experimental design,Two surveys commissioned in 2021 measured individual news preferences and opinions; the team randomly varied source attribution or exposure across five experiments.,Lucid,not stated,no reuse established,https://doi.org/10.7910/DVN/DIU0M1,identified in article; main methods sufficient for eligibility; not independently retrieved
85151565458,10.1017/s0003055422000727,American Political Science Review,2023,"Whitman's Undemocratic Vistas: Mortal Anxiety, National Glory, White Supremacy",NO,NO,NO,none,primary_ai_fulltext_review,high,Codex independent fulltext reviewer social,2026-10-07,false,development,https://www.cambridge.org/core/services/aop-cambridge-core/content/view/492573DF7661CA6B0734EB650E2152F9/S0003055422000727a.pdf/div-class-title-whitman-s-undemocratic-vistas-mortal-anxiety-national-glory-white-supremacy-div.pdf,1;2;3;4,"Study design, participants and procedures","Interpretive historical analysis of Whitman and Democratic Vistas, not empirical human participant data collection.",not stated,not stated,NO,,No supporting resource retrieved in this review; main methods examined.
85162977216,10.1017/s0003055423000072,American Political Science Review,2024,Modeling Spatial Heterogeneity and Historical Persistence: Nazi Concentration Camps and Contemporary Intolerance,NO,NO,NO,none,primary_ai_fulltext_review,high,Codex independent fulltext reviewer social,2026-10-07,false,development,https://www.cambridge.org/core/services/aop-cambridge-core/content/view/A9AD98520C6C86972927B4EAA1FE379A/S0003055423000072a.pdf/div-class-title-modeling-spatial-heterogeneity-and-historical-persistence-nazi-concentration-camps-and-contemporary-intolerance-div.pdf,2;6;7,"Study design, participants and procedures","Methodological replication of another team’s concentration-camp persistence analysis using existing European Values Study and historical data, without new participants.",not stated,not stated,NO,https://doi.org/10.31219/osf.io/b945a; https://osf.io/preprints/socarxiv/2rctz/,No supporting resource retrieved in this review; main methods examined.
85200591871,10.1017/s0003055424000728,American Political Science Review,2025,The American Viewer: Political Consequences of Entertainment Media,NO,NO,NO,none,primary_ai_fulltext_review,high,Codex independent fulltext reviewer social,2026-10-07,false,development,https://www.cambridge.org/core/services/aop-cambridge-core/content/view/A0BADA28D5C551DE4EEBDAAAE33B76E8/S0003055424000728a.pdf/div-class-title-the-american-viewer-political-consequences-of-entertainment-media-div.pdf,6;7;8,"Study design, participants and procedures","The survey is explicitly obtained from external researcher Xiong. Other evidence is existing ratings, election records, broadcast content and scraped Twitter traces; no author participant collection.",not stated,Nexis Uni,NO,"https://scholar.google.com/scholar?q=Kim,+Eunji,+and+Patterson,+Shawn+Jr.+2024.+“Replication+Data+for:+The+American+Viewer:+Political+Consequences+of+Entertainment+Media.”+Harvard+Dataverse.+Dataset.+https://doi.org/10.7910/DVN/EWXQQH; https://www.cambridge.org/core/journals/american-political-science-review/article/american-viewer-political-consequences-of-entertainment-media/A0BADA28D5C551DE4EEBDAAAE33B76E8#supplementary-materials-tab; https://www.cambridge.org/core/services/authors/publishing-supplementary-material",No supporting resource retrieved in this review; main methods examined.
84988651873,10.1017/s0007123414000404,British Journal of Political Science,2016,The Ideological Asymmetry of the American Party System,YES,YES,YES,none,primary_ai_fulltext_review,high,Codex independent fulltext reviewer social,2026-10-07,false,holdout,https://www.cambridge.org/core/services/aop-cambridge-core/content/view/52D59CAD35259CA306598353E93272AC/S0007123414000404a.pdf/div-class-title-the-ideological-asymmetry-of-the-american-party-system-div.pdf,10;11;12;13,"Study design, participants and procedures","Besides external ANES analyses, the authors report custom representative-sample framing experiments administered by UC Survey Research Center and TESS/Knowledge Networks. Earlier survey experiments qualify; the paper states their custom design and procedures.",Knowledge Networks; TESS; Survey Research Center of the University of California,not stated,yes,,No supporting resource retrieved in this review; main methods examined.
84943800465,10.1017/s0007123415000423,British Journal of Political Science,2017,Political Competition and Ethnic Riots in Democratic Transition: A Lesson from Indonesia,NO,NO,NO,none,primary_ai_fulltext_review,high,Codex independent fulltext reviewer social,2026-10-07,false,development,https://www.cambridge.org/core/services/aop-cambridge-core/content/view/S0007123415000423,7;8,"Study design, participants and procedures",District-year analysis combines external riot/electoral data and original coding of newspaper accounts. Coding documents does not collect quantitative participant data.,not stated,not stated,NO,http://dataverse.harvard.edu/dataverse/BJPolS,No supporting resource retrieved in this review; main methods examined.
85001958602,10.1017/s0007123416000302,British Journal of Political Science,2018,Labor Union Strength and the Equality of Political Representation,NO,NO,NO,none,primary_ai_fulltext_review,high,Codex independent fulltext reviewer social,2026-10-07,false,development,https://www.cambridge.org/core/services/aop-cambridge-core/content/view/S0007123416000302,2;4,"Study design, participants and procedures",Public opinion comes from existing National Annenberg Election Surveys and is linked to state policy/union data; no team collection role.,not stated,not stated,NO,https://dataverse.harvard.edu/dataverse/BJPolS,No supporting resource retrieved in this review; main methods examined.
85017439852,10.1017/s0007123416000739,British Journal of Political Science,2019,"Information from Abroad: Foreign Media, Selective Exposure and Political Support in China",YES,YES,YES,none,primary_ai_fulltext_review,high,Codex independent fulltext reviewer social,2026-10-07,false,holdout,https://www.cambridge.org/core/services/aop-cambridge-core/content/view/S0007123416000739,11;12;13;14,"Study design, participants and procedures","The team recruited 1,200 Chinese Internet users, measured media preferences and randomly assigned reading exposure in a questionnaire experiment. The Chinese platform is described by analogy to MTurk but not named, so MTurk is not recorded as provider.",not stated,not stated,no,https://dataverse.harvard.edu/,No supporting resource retrieved in this review; main methods examined.
85042721612,10.1017/S0007123417000503,British Journal of Political Science,2020,How Do People Evaluate Foreign Aid To 'Nasty' Regimes?,YES,YES,YES,not needed for eligibility,primary_ai_fulltext_review,high,Codex independent fulltext reviewer,2026-10-07,false,development,https://doi.org/10.1017/S0007123417000503,7;9,Experimental design; Administration of Survey,The authors recruited 2217 adults to their survey in 2014 and randomized foreign-aid attributes across repeated vignette ratings; collection predates publication but is their own.,Amazon Mechanical Turk,not stated,no reuse established; collection in 2014,https://doi.org/10.7910/DVN/TKTN5J,identified in article; main methods sufficient for eligibility; not independently retrieved
85079670115,10.1017/S0007123419000620,British Journal of Political Science,2021,Elite Communication and the Popular Legitimacy of International Organizations,YES,YES,YES,not needed for eligibility,primary_ai_fulltext_review,high,Codex independent fulltext reviewer,2026-10-07,false,development,https://doi.org/10.1017/S0007123419000620,7–10,Research design; Survey Design; Experimental Conditions,"The authors commissioned questionnaires in Germany, the UK and the US and randomly varied elite messages; using an existing panel is commissioned collection.",YouGov,not stated,no reuse established; collection in 2015,https://doi.org/10.7910/DVN/UM6KP5,identified in article; main methods sufficient for eligibility; not independently retrieved
85101177545,10.1017/S000712342000071X,British Journal of Political Science,2022,Can Elites Escape Blame by Explaining Themselves? Suspicion and the Limits of Elite Explanations,YES,YES,YES,not needed for eligibility,primary_ai_fulltext_review,high,Codex independent fulltext reviewer,2026-10-07,false,development,https://doi.org/10.1017/S000712342000071X,5–7,Study Design; Choice of Sample; Experimental Procedure,"The author recruited new samples through Mechanical Turk and Lucid for three preregistered surveys, manipulated explanations and measured political evaluations.",Amazon Mechanical Turk; Lucid Fulcrum Exchange,not stated,no reuse established,https://doi.org/10.7910/DVN/W14GCV,identified in article; main methods sufficient for eligibility; not independently retrieved
85175473443,10.1017/S0007123422000746,British Journal of Political Science,2023,How do Voters Form Perceptions of Party Positions?,YES,YES,YES,not needed for eligibility,primary_ai_fulltext_review,high,Codex independent fulltext reviewer,2026-10-07,false,development,https://doi.org/10.1017/S0007123422000746,3–5,"Research Design, Data and Methods",Study 1 administered new German survey vignettes; Study 2 added the authors’ experimental module to the Austrian National Election Study rather than merely reusing its existing data.,not stated,Stata (plotplain graphic scheme),no reuse established,https://doi.org/10.7910/DVN/XNA5LF,identified in article; main methods sufficient for eligibility; not independently retrieved
85180096254,10.1017/s0007123423000327,British Journal of Political Science,2024,Community Size and Electoral Preferences: Evidence from Post-Second World War Baden-WÜrttemberg,NO,NO,NO,none,primary_ai_fulltext_review,high,Codex independent fulltext reviewer social,2026-10-07,false,development,https://www.cambridge.org/core/services/aop-cambridge-core/content/view/EEB93574C15A566BB0A3B4840ED69F70/S0007123423000327a.pdf/div-class-title-community-size-and-electoral-preferences-evidence-from-post-second-world-war-baden-wurttemberg-div.pdf,6;9;10,"Study design, participants and procedures","The study analyzes historical municipality population, housing and electoral records around postwar borders. Natural variation does not establish author-designed intervention or collection.",not stated,not stated,NO,,No supporting resource retrieved in this review; main methods examined.
105005626231,10.1017/S0007123424001017,British Journal of Political Science,2025,Gendered Expectations: Do Voters Reward Women for Supporting Women's Interests?,YES,YES,YES,not needed for eligibility,primary_ai_fulltext_review,high,Codex independent fulltext reviewer,2026-10-07,false,development,https://doi.org/10.1017/S0007123424001017,9–11,Survey experiments; sample and outcome measures,"The authors designed abortion and equal-pay vignettes, administered them using Lucid and a CES module, and measured favourability and vote support; the article also analyzes news coverage.",Lucid; YouGov; Amazon Mechanical Turk (pretest),not stated,no reuse established; collection in 2020–2021,https://doi.org/10.7910/DVN/XDEKBT,identified in article; main methods sufficient for eligibility; not independently retrieved
85105947095,10.1111/cdev.13573,Child Development,2021,Maternal Judgments of Child Numeracy and Reading Ability Predict Gains in Academic Achievement and Interest,NO,NO,NO,no eligible quantitative method,primary_ai_fulltext_review,high,Codex independent fulltext reviewer,2026-10-07,false,development,https://unsworks.unsw.edu.au/bitstreams/6607e104-1132-405d-8d39-2d7f87d977c3/download,9–12,Method: Participants; Measures; Analysis,The authors analyze the external government-run LSAC cohort and linked NAPLAN administrative scores. The methods distinguish survey organizers from the analysts and report no team-added collection.,not stated,R (Survey package); Mplus,not established,,main methods sufficient for eligibility; no external supplement needed
85211810519,10.1111/cdev.14206,Child Development,2025,Positive well-being and dampened emotional reactivity to daily family conflict and family cohesion,YES,NO,YES,daily diary surveys,primary_ai_fulltext_review,high,metadata_agent_after_prediction_freeze,2026-10-07,false,development,https://www.ebi.ac.uk/europepmc/webservices/rest/PMC11868686/fullTextXML,"XML Present Study; Method: Participants, Procedure and Measures; Acknowledgments; supplementary measures PDF pp1–4 and supplemental-analysis summary p1; supplied analysis syntax","XML Present Study; Method: Participants, Procedure and Measures; Acknowledgments; supplementary measures PDF pp1–4 and supplemental-analysis summary p1; supplied analysis syntax","The article reanalyzes the team’s FLOW cohort: adolescents and parents completed baseline questionnaires and 21 daily surveys. The methods identify their responses as private to our team and acknowledge coauthor Fosco’s project funding, establishing the team role beyond author overlap. The 2015–2016 collection and previous analysis of the same sample are explicit; no intervention is imposed. Supporting measures and analyses confirm primary diary surveys rather than clinical/task scales.",not stated,Qualtrics; G*Power,"YES: explicitly the same FLOW sample as Fosco and Lydon-Staley (2020), with author-team privacy and project-funding responsibility stated",https://www.ebi.ac.uk/europepmc/webservices/rest/PMC11868686/supplementaryFiles,Retrieved and inspected two supplementary PDFs (questionnaire measures and additional models) and analysis syntax DOCX; saved under Literature/SCORE/supporting/85211810519 with SHA-256 receipt.
84964068259,10.1177/2167702615585302,Clinical Psychological Science,2016,Is homesickness a mini-grief? Development of a dual process model,NO,NO,NO,no eligible quantitative method,primary_ai_fulltext_review,high,Codex independent fulltext reviewer,2026-10-07,false,development,https://dspace.library.uu.nl/bitstreams/e65ec062-af68-4f93-bf13-1406ed8d99ad/download,2;11–13,Theoretical article; New lines of research; Summary,"The article develops a theory from prior literature and proposes future questionnaires, diary research and randomized trials. It reports no completed study or new participant collection.",not stated,not stated,not established,,main methods sufficient for eligibility; no external supplement needed
85091023045,10.1177/2167702620949156,Clinical Psychological Science,2020,Trajectories of Distress Following the Great East Japan Earthquake: A Multiwave Prospective Study,NO,NO,NO,see rationale,primary_ai_fulltext_review,high,Codex independent fulltext reviewer,2026-10-07,false,development,https://wrap.warwick.ac.uk/id/eprint/135699/13/WRAP-Trajectories-distress-Japan-earthquake-Goodwin-2020.pdf,"PDF p2, Method; p6, Author Contributions and Funding","PDF p2, Method; p6, Author Contributions and Funding",Prefectural government annual disaster-monitoring questionnaires were linked/anonymized and supplied to the research team for analysis. Author contributions describe analysis and revising data waves rather than collecting/commissioning participant responses; no eligible team procedure is established.,not stated,Mplus,not applicable,,main methods sufficient; no supplemental evidence required
85102682673,10.1177/2167702621995761,Clinical Psychological Science,2021,Adolescents’ Stress Reactions in Response to COVID-19 Pandemic at the Peak of the Outbreak in Italy,YES,NO,YES,see rationale,primary_ai_fulltext_review,high,Codex independent fulltext reviewer,2026-10-07,false,development,https://flore.unifi.it/bitstream/2158/1237362/2/nocentini-et-al-2021-adolescents-stress-reactions-in-response-to-covid-19-pandemic-at-the-peak-of-the-outbreak-in-italy.pdf,"PDF pp2–3, Method: Population and data; Key measures","PDF pp2–3, Method: Population and data; Key measures","The researchers recruit Italian adolescents through Skuola.net popups for an original anonymous questionnaire, collecting5295 responses during five days. Pandemic exposure is naturally occurring, not assigned. This is a primary quantitative survey study.",Skuola.net,not stated,not established,,main methods sufficient; no supplemental evidence required
84960496408,10.1016/j.cognition.2016.03.008,Cognition,2016,"Some people are ""More Lexical"" than others",YES,YES,NO,auditory discrimination tasks,primary_ai_fulltext_review,high,Codex independent fulltext reviewer,2026-10-07,false,development,https://api.elsevier.com/content/article/doi/10.1016/j.cognition.2016.03.008?view=FULL,XML: 2.1;3.1,Experiments 1 and 2: Methods,The authors collected auditory discrimination and similarity judgments from two undergraduate samples while manipulating phonetic materials and time reversal. These repeated laboratory tasks are not questionnaires.,not stated,GoldWave; MATLAB,not established,,main methods sufficient for eligibility; no external supplement needed
84995403786,10.1016/j.cognition.2016.10.012,Cognition,2017,"Physical attraction to reliable, low variability nervous systems: Reaction time variability predicts attractiveness",YES,YES,NO,face discrimination and attractiveness ratings,provisional_ai_review,high,root_fulltext,2026-10-07,false,development,https://api.elsevier.com/content/article/doi/10.1016/j.cognition.2016.10.012?view=FULL,"XML sections 2.1, 3.2, 4.2 and Author contributions; not PDF pages","XML sections 2.1, 3.2, 4.2 and Author contributions; not PDF pages","Three newly recruited samples judged systematically constructed face composites; forced-choice and repeated perceptual rating tasks, not a primary survey. Earlier own-team reaction-time data produced stimuli.",not stated,JPyschomorph; R; lme4; ESCI,YES,,"Main-text methods sufficient for stated decision; linked resources recorded in acquisition log, not counted as inspected."
85052851643,10.1016/j.cognition.2018.08.015,Cognition,2018,Implicit updating of object representation via temporal associations,YES,YES,NO,visual recall and perceptual judgments,provisional_ai_review,high,root_fulltext,2026-10-07,false,development,https://api.elsevier.com/content/article/doi/10.1016/j.cognition.2018.08.015?view=FULL,"XML participant and procedure sections for Experiments 1–5, embedded pilot descriptions","XML participant and procedure sections for Experiments 1–5, embedded pilot descriptions",Five recruited student experiments manipulate paired stimuli and temporal associations; task performance and facial-emotion judgments constitute perceptual paradigms. Pilot face ratings also serve perceptual stimulus calibration.,not stated,G*Power,NO,,"Main-text methods sufficient for stated decision; linked resources recorded in acquisition log, not counted as inspected."
85062810880,10.1016/j.cognition.2019.03.008,Cognition,2019,Individual differences in the effects of priors on perception: A multi-paradigm approach,YES,YES,NO,visual perception tasks,provisional_ai_review,high,root_fulltext,2026-10-07,false,holdout,https://api.elsevier.com/content/article/doi/10.1016/j.cognition.2019.03.008?view=FULL,"XML 2.1–2.4 participants, all task procedures, questionnaires and analysis","XML 2.1–2.4 participants, all task procedures, questionnaires and analysis","New participants complete four controlled perceptual paradigms with varied stimulus contrasts, orientation, priors and positions. Autism and schizotypy questionnaires follow the tasks as individual-difference covariates, not a distinct primary survey.",not stated,Python; Adobe Photoshop; R; quickpsy; lme4,NO,,"Main-text methods sufficient for stated decision; linked resources recorded in acquisition log, not counted as inspected."
85086009494,10.1016/j.cognition.2020.104336,Cognition,2020,The spatial logic of fear,YES,YES,NO,tactile response times; face-emotion validation,provisional_ai_review,high,root_fulltext,2026-10-07,false,holdout,https://api.elsevier.com/content/article/doi/10.1016/j.cognition.2020.104336?view=FULL,XML Experiments 1–2 methods and 1.1.3 stimulus-validation study,XML Experiments 1–2 methods and 1.1.3 stimulus-validation study,"Two new VR studies manipulate face emotion, space and stimulus position, collecting tactile reaction times. A separate 60-person face-emotion validation uses intensity/arousal ratings; its description leaves the primary-survey versus perceptual-rating-task boundary uncertain. Adjudication: The separate 60-person face validation identifies emotions and rates intensity/arousal to calibrate perceptual stimuli; it is a perceptual norming task, consistent with the other face-task decisions, rather than a primary questionnaire survey.",not stated,ExpyVR; Poser 10; G*Power,NO,,"Main-text methods sufficient for stated decision; linked resources recorded in acquisition log, not counted as inspected."
85108162398,10.1016/j.cognition.2021.104811,Cognition,2021,The social meaning of common knowledge across development,YES,YES,YES,structured child responses,provisional_ai_review,high,root_fulltext,2026-10-07,false,development,https://api.elsevier.com/content/article/doi/10.1016/j.cognition.2021.104811?view=FULL,"XML Studies 1a, 1b, 2a, 2b methods","XML Studies 1a, 1b, 2a, 2b methods","Adults completed primary vignette questionnaires with systematically varied knowledge content; children answered equivalent structured questions in person or via Zoom, with randomly assigned question conditions in Study 2.",not stated,PowerPoint; Zoom,NO,,"Main-text methods sufficient for stated decision; linked resources recorded in acquisition log, not counted as inspected."
85123046307,10.1016/j.cognition.2022.105025,Cognition,2022,Categorical perception meets El Greco: Categories unequally influence color perception of simultaneously present objects,YES,YES,NO,color matching; eye tracking,provisional_ai_review,high,root_fulltext,2026-10-07,false,development,https://api.elsevier.com/content/article/doi/10.1016/j.cognition.2022.105025?view=FULL,XML Experiments 1–3 participants/procedure and acknowledgment,XML Experiments 1–3 participants/procedure and acknowledgment,"Three experiments manipulate stimulus categories during color matching, with eye tracking in the third; these are perceptual tasks rather than surveys.",SONA,jsPsych; Chrome; Webgazer.js,NO,,"Main-text methods sufficient for stated decision; linked resources recorded in acquisition log, not counted as inspected."
85146150720,10.1016/j.cognition.2022.105363,Cognition,2023,Constructing complex social categories under uncertainty,YES,YES,YES,not stated,provisional_ai_review,high,root_fulltext,2026-10-07,false,development,https://api.elsevier.com/content/article/doi/10.1016/j.cognition.2022.105363?view=FULL,XML 2.1–2.4 and author contributions,XML 2.1–2.4 and author contributions,New online respondents rate systematically constructed simple and combined social or animal categories in a primary questionnaire design; controlled stimulus combinations qualify as imposed variation.,Amazon Mechanical Turk,not stated,NO,,"Main-text methods sufficient for stated decision; linked resources recorded in acquisition log, not counted as inspected."
85200809480,10.1016/j.cognition.2024.105903,Cognition,2024,Viewpoint adaptation revealed potential representational differences between 2D images and 3D objects,YES,YES,NO,visual psychophysics,provisional_ai_review,high,root_fulltext,2026-10-07,false,development,https://api.elsevier.com/content/article/doi/10.1016/j.cognition.2024.105903?view=FULL,XML 2.1 and 3.1 participants/design/procedure,XML 2.1 and 3.1 participants/design/procedure,Two new participant samples completed controlled 2D/3D viewpoint-adaptation conditions and forced-choice perceptual judgments; no primary survey study.,not stated,MATLAB; JASP,NO,,"Main-text methods sufficient for stated decision; linked resources recorded in acquisition log, not counted as inspected."
105004643068,10.1016/j.cognition.2025.106135,Cognition,2025,Medial temporal cortex supports object perception by integrating over visuospatial sequences,YES,YES,NO,visual task performance; eye tracking,provisional_ai_review,high,root_fulltext,2026-10-07,false,development,https://api.elsevier.com/content/article/doi/10.1016/j.cognition.2025.106135?view=FULL,XML experimental design sections and Methods 6.5–6.7,XML experimental design sections and Methods 6.5–6.7,New online and eye-tracking experiments manipulate viewing duration and visual discrimination conditions alongside previously published lesion data. No primary survey.,Amazon Mechanical Turk; Prolific,JsPsych; REMoDNaV; Digital Ocean,NO,,"Main-text methods sufficient for stated decision; linked resources recorded in acquisition log, not counted as inspected."
85041902677,10.1177/0010414017710264,Comparative Political Studies,2018,The Electoral Consequences of Offshoring: How the Globalization of Production Shapes Party Preferences,NO,NO,NO,none eligible,primary_ai_fulltext_review,high,Codex independent fulltext reviewer social,2026-10-07,false,holdout,https://www.zora.uzh.ch/server/api/core/bitstreams/f8017f5f-3ab9-49a8-9d1f-40fd0194ebbf/content,14;15;16;17;18,"Study design, participants and procedures",The accepted manuscript combines existing European Social Survey responses with manifesto/party classifications and published occupation-offshorability measures. Author coding/linkage of those data is not participant collection.,not stated,not stated,not applicable,,No supporting resource retrieved in this review; main methods examined.
85114990154,10.1177/00104140211024293,Comparative Political Studies,2022,Are Immigrant-Origin Candidates Penalized Due to Ingroup Favoritism or Outgroup Hostility?,YES,NO,YES,existing ballot coding alongside eligible validation survey,primary_ai_fulltext_review,high,Codex independent fulltext reviewer social,2026-10-07,false,development,https://access.archive-ouverte.unige.ch/access/metadata/5ddb90cc-2c7b-4709-94dd-9928629c635f/download,10;11;21,"Study design, participants and procedures","The main analysis codes existing ballots, but the team additionally surveyed election candidates in 2018 to validate immigrant-background coding. The distinct new questionnaire study qualifies; no intervention.",not stated,not stated,NO,,No supporting resource retrieved in this review; main methods examined.
85182193971,10.1177/00104140231223745,Comparative Political Studies,2024,Backlash or Progressive Mobilization? Voter Reactions to Perceived Trajectories of Women’s Representation,YES,YES,YES,none,primary_ai_fulltext_review,high,Codex independent fulltext reviewer social,2026-10-07,false,development,https://www.zora.uzh.ch/server/api/core/bitstreams/384cd841-b9d9-435d-b4b4-eb7523e85c42/content,11;12;13,"Study design, participants and procedures",The author commissioned a German online survey and block-randomized representation-trajectory charts and control before attitude questions.,Respondi,not stated,NO,https://osf.io/hytuj/,No supporting resource retrieved in this review; main methods examined.
84965173282,10.1016/j.compedu.2016.04.013,Computers and Education,2016,"The effects of high/low interactive electronic storybooks on elementary school students' reading motivation, story comprehension and chromatics concepts",YES,YES,NO,not needed for eligibility,primary_ai_fulltext_review,high,Codex independent fulltext reviewer,2026-10-07,false,development,https://api.elsevier.com/content/article/doi/10.1016/j.compedu.2016.04.013?view=FULL,XML: 3.1–3.6,Research design; Participants; Procedure; Motivation questionnaire,"Researchers assigned two classes to their high/low interaction storybooks and collected pre/post tests plus a 35-item motivation questionnaire. Nonrandom assignment does not negate the researcher-imposed intervention. Questionnaire measures are adjunct to the primary laboratory/classroom intervention, so survey is NO under the user-defined primary-survey rule.",not stated,Flash CS5.5; Illustrator CS5,not established,,main methods sufficient for eligibility; no external supplement needed
85018430225,10.1016/j.compedu.2017.04.012,Computers and Education,2017,"On the quest for validity: Testing the factor structure and measurement invariance of the technology-dimensions in the Technological, Pedagogical, and Content Knowledge (TPACK) model",YES,NO,YES,see rationale,primary_ai_fulltext_review,high,Codex independent fulltext reviewer,2026-10-07,false,development,https://api.elsevier.com/content/article/doi/10.1016/j.compedu.2017.04.012?view=FULL,XML Method: Sample and procedure; Measures; Data analysis,XML Method: Sample and procedure; Measures; Data analysis,The team explicitly administered an online questionnaire to preservice teachers; the article reuses those team-collected2014 responses from its earlier publication for instrument validation. Gender/educational-track comparisons are observational.,not stated,Mplus 7.3,yes: explicit reuse of team-collected responses previously published in Tondeur et al.2016,,main methods sufficient; no supplemental evidence required
85042666163,10.1016/j.compedu.2017.10.002,Computers and Education,2018,The influence of Gesture-Based Learning System (GBLS) on Learning Outcomes,YES,YES,NO,see rationale,primary_ai_fulltext_review,high,Codex independent fulltext reviewer,2026-10-07,false,development,https://api.elsevier.com/content/article/doi/10.1016/j.compedu.2017.10.002?view=FULL,XML Research methodology: Participants; Experimental procedures; Data analysis,XML Research methodology: Participants; Experimental procedures; Data analysis,"The researcher recruits university students and implements a gesture-learning intervention between pre/post measurements. This is original quantitative intervention collection despite lacking randomization or a separate control group. Questionnaire measures are adjunct to the instructional intervention, not a distinct primary survey study.",not stated,K-Solar System; OpenNI; Smart-PLS V2/V3,not established,,main methods sufficient; no supplemental evidence required
85067959303,10.1016/j.compedu.2019.05.012,Computers and Education,2019,"More confusion and frustration, better learning: The impact of erroneous examples",YES,YES,NO,see rationale,primary_ai_fulltext_review,high,Codex independent fulltext reviewer,2026-10-07,false,holdout,https://api.elsevier.com/content/article/doi/10.1016/j.compedu.2019.05.012?view=FULL,"Section 7 Methods, especially Participants and design and Procedure","Section 7 Methods, especially Participants and design and Procedure","The research team collected decimal-tutor responses during an individually randomized instructional experiment with schoolchildren, then coded and modeled confusion/frustration from its own logs. These are original intervention/task data; no primary survey study is reported.",not stated,CTAT; XGBoost; SPSS; PROCESS,"yes, own intervention logs already available for current affect coding",,main methods sufficient; no supplemental evidence required
85072174691,10.1016/j.compedu.2019.103691,Computers and Education,2020,"Scripts and mastery goal orientation in face-to-face versus computer-mediated collaborative learning: Influence on performance, affective and motivational outcomes, and social ability",YES,YES,NO,see rationale,primary_ai_fulltext_review,high,Codex independent fulltext reviewer,2026-10-07,false,holdout,https://api.elsevier.com/content/article/doi/10.1016/j.compedu.2019.103691?view=FULL,Sections 3.1–3.4 Methods,Sections 3.1–3.4 Methods,"The team randomized course group assignments to scripted/unscripted and computer-mediated/face-to-face collaboration and collected reports, performance and questionnaire outcomes. Questionnaires measure covariates and outcomes of the instructional experiment, not a distinct primary survey study.",not stated,Blackboard Group Space,no,,main methods sufficient; no supplemental evidence required
85100761730,10.1016/j.compedu.2021.104155,Computers and Education,2021,Exploring empathy in cyberbullying with serious games,YES,YES,NO,see rationale,primary_ai_fulltext_review,high,Codex independent fulltext reviewer,2026-10-07,false,development,https://api.elsevier.com/content/article/doi/10.1016/j.compedu.2021.104155?view=FULL,XML Material and methods: Design; Participants; Procedures; Data analyses,XML Material and methods: Design; Participants; Procedures; Data analyses,"The team assigns221 pupils to game, paper-story or usual-class conditions and records repeated quantitative game responses and pre/post empathy measures. The primary study is an instructional/game intervention; adjunct questionnaires do not make it an eligible primary survey.",not stated,Com@Viver; IBM SPSS 25; AMOS 25,earlier participant accounts informed stimuli; reuse of current quantitative responses not established,,main methods sufficient; no supplemental evidence required
85121967089,10.1016/j.compedu.2021.104410,Computers and Education,2022,Classroom management competency enhancement for student teachers using a fully immersive virtual classroom,YES,YES,NO,see rationale,primary_ai_fulltext_review,high,Codex independent fulltext reviewer,2026-10-07,false,development,https://api.elsevier.com/content/article/doi/10.1016/j.compedu.2021.104410?view=FULL,XML Experiment design: Study and seminar groups; Participants; Procedure; Instruments,XML Experiment design: Study and seminar groups; Participants; Procedure; Instruments,"The authors recruit preservice teachers for VR versus video-assisted training and administer pre/post simulation performance and ancillary questionnaires. Actual humans perform in simulated classrooms; this is eligible experimental collection, but no distinct primary survey study. The article explicitly extends an earlier report of the same experiment.",not stated,Breaking Bad Behaviors (BBB); R,yes: extends results of team experiment previously reported in Lugrin et al.2018,,main methods sufficient; no supplemental evidence required
85147251054,10.1016/j.compedu.2023.104740,Computers and Education,2023,Technological pedagogical content ethical knowledge (TPCEK): The development of an assessment instrument for pre-service teachers,YES,NO,YES,see rationale,primary_ai_fulltext_review,high,Codex independent fulltext reviewer,2026-10-07,false,development,https://api.elsevier.com/content/article/doi/10.1016/j.compedu.2023.104740?view=FULL,XML Method: Research context and participants; Measures,XML Method: Research context and participants; Measures,The team administers an original scale-validation questionnaire after a common educational-technology course and recruits experts for content-validity ratings. No controlled variation in course or condition is reported; the empirical study is primarily a survey.,not stated,not stated,not established,,main methods sufficient; no supplemental evidence required
85185333596,10.1016/j.compedu.2024.105003,Computers and Education,2024,Educational digital inequality: A meta-analysis of the relationship between digital device use and academic performance in adolescents,NO,NO,NO,see rationale,primary_ai_fulltext_review,high,Codex independent fulltext reviewer,2026-10-07,false,development,https://api.elsevier.com/content/article/doi/10.1016/j.compedu.2024.105003?view=FULL,XML Research methods: Data collection; Data analysis; Coding scheme,XML Research methods: Data collection; Data analysis; Coding scheme,"The authors search databases, screen48 publications and extract effect sizes for a meta-analysis. Their adolescent samples and device use refer to earlier studies; no own participant collection occurs.",not stated,Practical Meta-Analysis Effect Size Calculator; Comprehensive Meta-Analysis 3.0,not applicable,,main methods sufficient; no supplemental evidence required
85208300309,10.1016/j.compedu.2024.105185,Computers and Education,2025,Advancing a Practical Inquiry Model with multi-perspective role-playing to foster critical thinking behavior in e-book reading,YES,YES,NO,see rationale,primary_ai_fulltext_review,high,Codex independent fulltext reviewer,2026-10-07,false,development,https://api.elsevier.com/content/article/doi/10.1016/j.compedu.2024.105185?view=FULL,XML Methodology: Participants; Study design; Study procedure,XML Methodology: Participants; Study design; Study procedure,"The team recruits63 students, assigns contrasting perspective conditions and records a researcher-defined discussion task for quantitative critical-thinking behavior analysis. This is imposed-condition behavioral collection; its open-ended task prompts are not a primary questionnaire survey.",not stated,not stated,not established,,main methods sufficient; no supplemental evidence required
84951757726,10.1016/j.cedpsych.2015.11.003,Contemporary Educational Psychology,2016,What makes rubrics effective in teacher-feedback? Transparency of learning goals is not enough,YES,YES,NO,not needed for eligibility,primary_ai_fulltext_review,high,Codex independent fulltext reviewer,2026-10-07,false,development,https://api.elsevier.com/content/article/doi/10.1016/j.cedpsych.2015.11.003?view=FULL,XML: 2.1–2.5,Method: Participants; Feedback conditions; Measures; Procedure,"The team randomly assigned 120 pupils to feedback conditions in researcher-run sessions, scored scientific reasoning tasks and administered pre/post motivation scales. Questionnaire measures are adjunct to the primary laboratory/classroom intervention, so survey is NO under the user-defined primary-survey rule.",not stated,SPSS,not established,,main methods sufficient for eligibility; no external supplement needed
84954288244,10.1016/j.cedpsych.2015.11.002,Contemporary Educational Psychology,2017,Identifying learning difficulties with fractions: A longitudinal study of student growth from third through sixth grade,YES,NO,NO,see rationale,primary_ai_fulltext_review,high,Codex independent fulltext reviewer,2026-10-07,false,development,https://api.elsevier.com/content/article/doi/10.1016/j.cedpsych.2015.11.002?view=FULL,XML Method: Participants; Dependent measures; Predictor measures; Procedure,XML Method: Participants; Dependent measures; Predictor measures; Procedure,The team recruits children and repeatedly administers original fraction/ability assessments over grades3–6. All attend normal curricula without researcher treatment assignment. Teacher attention ratings support a primary longitudinal assessment study rather than a distinct survey design.,not stated,Mplus,not established,,main methods sufficient; no supplemental evidence required
85041400976,10.1016/j.cedpsych.2018.01.004,Contemporary Educational Psychology,2018,Faculty members’ motivation for teaching and best practices: Testing a model based on self-determination theory across institution types,YES,NO,YES,see rationale,primary_ai_fulltext_review,high,Codex independent fulltext reviewer,2026-10-07,false,holdout,https://api.elsevier.com/content/article/doi/10.1016/j.cedpsych.2018.01.004?view=FULL,Method 2.1 Procedure and 2.2 Participants,Method 2.1 Procedure and 2.2 Participants,"The article analyzes a specially appended faculty-motivation item set in FSSE, administered to 1671 faculty at 19 institutions. An original research module added to a survey qualifies; random selection of institutions for an item set does not create an experimental treatment contrast in the reported study.",Faculty Survey of Student Engagement,AMOS 24; SPSS,no,,main methods sufficient; no supplemental evidence required
85072948161,10.1016/j.cedpsych.2019.101800,Contemporary Educational Psychology,2019,Trajectories of implicit theories and their relations to scholastic aptitude: A mediational role of achievement goals,NO,NO,NO,see rationale,primary_ai_fulltext_review,high,Codex independent fulltext reviewer,2026-10-07,false,development,https://api.elsevier.com/content/article/doi/10.1016/j.cedpsych.2019.101800?view=FULL,XML Method: Dataset; Measures; Data analysis,XML Method: Dataset; Measures; Data analysis,The authors analyze existing KELS waves recruited and collected by the Korean Educational Development Institute plus institutional test records. No author-team collection or commissioned survey module is stated.,not stated,SPSS 24; Mplus 8,not applicable,,main methods sufficient; no supplemental evidence required
85091519159,10.1016/j.cedpsych.2020.101893,Contemporary Educational Psychology,2020,Teacher Perceptions of Learning Motivation and Classroom Behavior: The Role of Student Characteristics,YES,NO,YES,see rationale,primary_ai_fulltext_review,medium,Codex independent fulltext reviewer,2026-10-07,false,development,https://api.elsevier.com/content/article/doi/10.1016/j.cedpsych.2020.101893?view=FULL,XML Method: Sample; Measures; author list; Becker et al.2010 implementation report pp107–109; BMBF2010 report printed p25/PDF27 acknowledgements; title/author list; Chapter5 implementation pp107–122,XML Method: Sample; Measures; author list; Becker et al.2010 implementation report pp107–109; BMBF2010 report printed p25/PDF27 acknowledgements; title/author list; Chapter5 implementation pp107–122,"The original BMBF TIMSS-Transition report identifies its authors, including current coauthor Michael Becker, as members of the study organization team and states that IEA DPC was commissioned to conduct school fieldwork (printed p25/PDF27). This establishes team-commissioned earlier data rather than author affiliation alone. The present paper analyzes a primary teacher/parent questionnaire study with educational tests; no imposed intervention is described.","IEA Data Processing Center, Hamburg (commissioned fieldwork)",Mplus 7.11,yes; earlier TIMSS-Transition data commissioned by study organization team including coauthor Becker,https://forschungsnetzwerk.ams.at/dam/jcr%3A988aefc4-0720-4065-a1fe-edc50df87d86/2010_bmbf_bildungsforschung_band_34.pdf,official primary project/report evidence inspected and archived; see ownership_adjudication.csv for source hashes
85100633343,10.1016/j.cedpsych.2021.101951,Contemporary Educational Psychology,2021,The role of state and trait motivational regulation for procrastinatory behavior in academic contexts: Insights from two diary studies,YES,NO,YES,see rationale,primary_ai_fulltext_review,high,Codex independent fulltext reviewer,2026-10-07,false,holdout,https://api.elsevier.com/content/article/doi/10.1016/j.cedpsych.2021.101951?view=FULL,Study 1 and Study 2 Procedure and participants and Measures,Study 1 and Study 2 Procedure and participants and Measures,The team recruited university students into 28-day and seven-week repeated diary surveys with baseline strategy measures. Procrastination and strategy use/fit are repeatedly measured observationally; no strategy training or assigned treatment occurs.,not stated,Mplus 7,no,,main methods sufficient; no supplemental evidence required
85132656233,10.1016/j.cedpsych.2022.102072,Contemporary Educational Psychology,2022,Motivating by measuring motivation? Examining reactivity in a diary study on student motivation,YES,YES,YES,see rationale,primary_ai_fulltext_review,high,Codex independent fulltext reviewer,2026-10-07,false,development,https://api.elsevier.com/content/article/doi/10.1016/j.cedpsych.2022.102072?view=FULL,XML Method: Sample and procedure; Measures; Data analytic strategy,XML Method: Sample and procedure; Measures; Data analytic strategy,"The team and course coordinator collect original baseline/followup and weekly diary questionnaires. The coordinator deliberately invites only selected sections to repeated diary collection, enabling a nonrandom imposed measurement-exposure comparison; this is a primary survey-design experiment, not randomized allocation.",not stated,Remind; R; lavaan,not established,,main methods sufficient; no supplemental evidence required
85147870807,10.1016/j.cedpsych.2023.102162,Contemporary Educational Psychology,2023,How do students’ achievement goals relate to learning from well-designed instructional videos and subsequent exam performance?,YES,NO,NO,see rationale,primary_ai_fulltext_review,high,Codex independent fulltext reviewer,2026-10-07,false,development,https://api.elsevier.com/content/article/doi/10.1016/j.cedpsych.2023.102162?view=FULL,XML Method: Learning task; Measures; Procedures,XML Method: Learning task; Measures; Procedures,"Consenting students complete the team-designed multimedia learning procedure, original goals questions and content tests while viewing behavior is measured. All receive the same learning environment; no experimental contrast is imposed. The study primarily assesses learning behavior, with questionnaires adjunct to that task.",not stated,Qualtrics,not established,,main methods sufficient; no supplemental evidence required
85204501156,10.1016/j.cedpsych.2024.102314,Contemporary Educational Psychology,2024,Teacher-Parent academic support profiles: Links to Children's task persistence in Grades 2 and 3,YES,NO,YES,see rationale,primary_ai_fulltext_review,high,Codex independent fulltext reviewer,2026-10-07,false,development,https://api.elsevier.com/content/article/doi/10.1016/j.cedpsych.2024.102314?view=FULL,XML Method: Participants and procedure; Measures,XML Method: Participants and procedure; Measures,"The longitudinal study recruits schools, parents and teachers and trains psychologists for original child testing. Repeated teacher and parent questionnaires are primary measures of academic support/persistence, alongside ability-test controls; no intervention is imposed.",not stated,Mplus 8.8; SPSS 28,data from ongoing team project Get involved! Learning in primary school,,main methods sufficient; no supplemental evidence required
85215438300,10.1016/j.cedpsych.2025.102336,Contemporary Educational Psychology,2025,"What we learn in school, we learn for life: Learning opportunities as moderators of the relationship between prior knowledge and learning in post-school contexts",YES,NO,NO,see rationale,primary_ai_fulltext_review,high,Codex independent fulltext reviewer,2026-10-07,false,development,https://api.elsevier.com/content/article/doi/10.1016/j.cedpsych.2025.102336?view=FULL,XML Methods: Participants and procedure; Instruments; Transparency and openness; IEA ManKobE: Our partners; The IEA’s contribution; IPN project team,XML Methods: Participants and procedure; Instruments; Transparency and openness; IEA ManKobE: Our partners; The IEA’s contribution; IPN project team,"The ManKobE study is author-team collection commissioned through IEA: the official IEA project record assigns overall responsibility to coauthors Olaf Köller and Jan Retelsdorf and identifies IEA fieldwork, sampling, and data management. IPN corroborates the author-team leadership. The paper reuses the team's longitudinal vocational cognitive assessments; no researcher-imposed intervention or distinct primary survey study is analyzed.",IEA Hamburg (commissioned fieldwork),Mplus 8.10,yes; earlier ManKobE data commissioned by coauthor principal investigators,https://www.iea.nl/node/1417 ; https://www.leibniz-ipn.de/en/research/projects/mankobe ; https://osf.io/ehquy/,official primary project/report evidence inspected and archived; see ownership_adjudication.csv for source hashes
85030544249,10.1111/1745-9125.12153,Criminology,2018,TOWARD A BIFURCATED THEORY OF EMOTIONAL DETERRENCE,YES,YES,YES,not needed for eligibility,primary_ai_fulltext_review,high,Codex independent fulltext reviewer,2026-10-07,false,development,https://doi.org/10.1111/1745-9125.12153,9–11,Method; Generalized risk and fear,"The authors recruited and paid MTurk adults for a 2016 questionnaire containing manipulated crime vignettes and quantitative fear, risk and intention ratings.",Amazon Mechanical Turk,not stated,no reuse established,,main methods sufficient for eligibility
85065308703,10.1111/1745-9125.12210,Criminology,2019,Learning on the job: Studying expertise in residential burglars using virtual environments*,YES,NO,NO,virtual-reality behavioral task; qualitative interview; ancillary questionnaires,primary_ai_fulltext_review,high,Codex independent fulltext reviewer social,2026-10-07,false,development,https://ris.utwente.nl/ws/files/123171763/Nee_et_al_2019_Criminology.pdf,7;8;11;12;13,"Study design, participants and procedures","The team recruited burglars, other offenders and comparison participants to a common virtual burglary task. Groups reflect pre-existing expertise; realistic variations inside the shared environment are not assigned intervention contrasts. Incidental demographics/presence questionnaires do not make a primary survey.",not stated,Unity Pro 4.25,NO,,No supporting resource retrieved in this review; main methods examined.
85203199507,10.1111/1745-9125.12381,Criminology,2024,Understanding the role of street network configurations in the placement of illegitimately operating facilities,NO,NO,NO,none,primary_ai_fulltext_review,high,Codex independent fulltext reviewer social,2026-10-07,false,development,https://scholarlypublications.universiteitleiden.nl/access/item%3A4105377/view,12;13;15,"Study design, participants and procedures","Existing commercial-sex website and Yelp reviews, OpenStreetMap and census data are assembled and geocoded; no participant study procedure.",not stated,Google Place API; Yelp Fusion API; OSMnx,NO,https://osf.io/kqu39/,No supporting resource retrieved in this review; main methods examined.
105007228428,10.1111/1745-9125.12403,Criminology,2025,Seeing the state in action: Public preferences about and judgments of common police–civilian interactions,YES,YES,YES,not stated,primary_ai_fulltext_review,high,Codex independent fulltext reviewer social,2026-10-07,false,development,https://doi.org/10.1111/1745-9125.12403,8;10;13,"Study design, participants and procedures",The authors fielded randomized police-interaction vignettes in Lucid and Bovitz samples and recorded sanction and fairness judgments.,Lucid; Bovitz,not stated,not stated,https://doi.org/10.7910/DVN/AKGL3N,supporting_page_unreviewed; supporting_repository_metadata_unreviewed
84991669685,10.1007/s13524-016-0513-7,Demography,2016,"Ready, Willing, and Able? Impediments to the Onset of Marital Fertility Decline in the United States",NO,NO,NO,none,primary_ai_fulltext_review,high,Codex independent fulltext reviewer social,2026-10-07,false,development,http://link.springer.com/content/pdf/10.1007/s13524-016-0513-7.pdf,6;7;8,"Study design, participants and procedures",Historical fertility estimates use existing 1850–1880 census samples and demographic life tables; no author-designed participant data.,not stated,not stated,NO,,No supporting resource retrieved in this review; main methods examined.
85008185835,10.1007/s13524-016-0535-1,Demography,2017,Age at Arrival and Life Chances Among Childhood Immigrants,NO,NO,NO,none,primary_ai_fulltext_review,high,Codex independent fulltext reviewer social,2026-10-07,false,development,http://link.springer.com/content/pdf/10.1007/s13524-016-0535-1.pdf,6;7,"Study design, participants and procedures",The researcher links Norwegian administrative registries of immigrants and siblings; no author-team participant collection.,not stated,not stated,NO,,No supporting resource retrieved in this review; main methods examined.
85038372128,10.1007/s13524-017-0635-6,Demography,2018,Comparing Observed and Unobserved Components of Childhood: Evidence From Finnish Register Data on Midlife Mortality From Siblings and Their Parents,NO,NO,NO,none,primary_ai_fulltext_review,high,Codex independent fulltext reviewer social,2026-10-07,false,development,https://link.springer.com/content/pdf/10.1007/s13524-017-0635-6.pdf,8;9,"Study design, participants and procedures",The study uses external 1950 census and mortality-register linkage supplied by Statistics Finland; no author participant collection.,not stated,not stated,NO,,No supporting resource retrieved in this review; main methods examined.
85056337280,10.1007/s13524-018-0734-z,Demography,2019,Skin Color and Social Mobility: Evidence From Mexico,YES,NO,YES,cognitive tests; interviewer skin-color assessment,primary_ai_fulltext_review,high,Codex independent fulltext reviewer social,2026-10-07,false,development,https://link.springer.com/content/pdf/10.1007/s13524-018-0734-z.pdf,5;8,"Study design, participants and procedures","The 2015 Mexican social-mobility survey was explicitly directed by the first author, establishing earlier team collection. Structured household questionnaires are the primary survey design; ancillary cognitive tests do not establish an experiment.",not stated,not stated,YES,,No supporting resource retrieved in this review; main methods examined.
85081897824,10.1007/s13524-019-00849-4,Demography,2020,Parental Migration and Early Childhood Development in Rural China,YES,NO,YES,cognitive and psychomotor tests; anthropometry,primary_ai_fulltext_review,high,Codex independent fulltext reviewer social,2026-10-07,false,development,http://link.springer.com/content/pdf/10.1007/s13524-019-00849-4.pdf,5;6;10;18,"Study design, participants and procedures","The authors conducted a four-wave observational household survey following rural Chinese children, including caregiver questionnaires and developmental/anthropometric assessments. Migration is observed, not assigned.",not stated,not stated,NO,,No supporting resource retrieved in this review; main methods examined.
85180009061,10.1215/00703370-11067917,Demography,2023,The Dangers of Drawing Cohort Profiles From Period Data: A Research Note,NO,NO,NO,none eligible,primary_ai_fulltext_review,high,Codex independent fulltext reviewer social,2026-10-07,false,holdout,https://hal.science/hal-04318716/document,2;3;4;5,"Study design, participants and procedures","The methodological note compares period-derived versus actual cohort measures using existing Human Fertility and Human Mortality Database series, not participant procedures.",not stated,not stated,not applicable,https://osf.io/xn5w7/,No supporting resource retrieved in this review; main methods examined.
85056087970,10.3982/ecta12043,Econometrica,2018,Trading and Information Diffusion in Over-the-Counter Markets,NO,NO,NO,none,primary_ai_fulltext_review,high,Codex independent fulltext reviewer social,2026-10-07,false,development,https://researchonline.lse.ac.uk/id/eprint/88050/7/Kondor_Trading%20and%20Information_Accepted.pdf,2;3;6;36,"Study design, participants and procedures",The article develops a theoretical OTC-network model and calibrates an illustrative example to existing securitization-market findings. No human participant collection. Source is the accepted manuscript.,not stated,not stated,NO,https://www.econometricsociety.org/publications/econometrica/2018/09/01/trading-and-information-diffusion-over-counter-markets/supp/ecta12043-sup-0001-Supplement.pdf; https://www.econometricsociety.org/publications/quantitative-economics/online/supplemental-material,No supporting resource retrieved in this review; main methods examined.
85130825412,10.3982/ecta16598,Econometrica,2022,"Misallocation, Selection, and Productivity: A Quantitative Analysis With Panel Data From China",NO,NO,NO,none,primary_ai_fulltext_review,high,Codex independent fulltext reviewer social,2026-10-07,false,development,https://www.econometricsociety.org/publications/econometrica/2022/05/01/misallocation-selection-and-productivity-quantitative-analysis/file/ecta200400.pdf,1;5;6;18,"Study design, participants and procedures",Analysis and model calibration use an existing Chinese Ministry of Agriculture panel and FAO land-quality data. The source assigns collection to the external Research Center and gives no author collection role.,not stated,not stated,NO,https://www.econometricsociety.org/publications/econometrica/2022/05/01/misallocation-selection-and-productivity-quantitative-analysis/supp/ecta200400-sup-0001-onlineappendix.pdf; https://www.econometricsociety.org/publications/quantitative-economics/online/supplemental-material,No supporting resource retrieved in this review; main methods examined.
105016395109,10.3982/ecta19153,Econometrica,2025,Gaussian Transforms Modeling and the Estimation of Distributional Regression Functions,NO,NO,NO,none,primary_ai_fulltext_review,high,Codex independent fulltext reviewer social,2026-10-07,false,development,https://www.econometricsociety.org/publications/econometrica/2025/09/01/Gaussian-Transforms-Modeling-and-the-Estimation-of-Distributional-Regression-Functions/file/ecta200809.pdf,1;16,"Study design, participants and procedures",A statistical estimation method illustrated using existing American Community Survey data; no author-team participant collection.,not stated,not stated,NO,https://doi.org/10.5281/zenodo.15171317; https://www.econometricsociety.org/publications/quantitative-economics/online/supplemental-material,No supporting resource retrieved in this review; main methods examined.
85074290294,10.3102/0013189x19867941,Educational Researcher,2019,Racial and Ethnic Discrimination in the Labor Market for Child Care Teachers,YES,YES,YES,not needed for eligibility,primary_ai_fulltext_review,high,Codex independent fulltext reviewer,2026-10-07,false,development,https://docs.iza.org/dp11140.pdf,10–14;27–28,II. Data Sources: Resume Audit Study; Child Care Provider Survey,"The authors submitted fictitious randomized resumes and recorded real employers’ callbacks, then commissioned a questionnaire to child-care providers. Scraped resumes informed stimuli but were not the sole source of data.",Survey Research Lab at Kent State University,not stated,not established,,main methods sufficient for eligibility; no external supplement needed
85115710111,10.3102/0013189x211048840,Educational Researcher,2021,All States Close but Red Districts Reopen: The Politics of In-Person Schooling During the COVID-19 Pandemic,UNCLEAR,NO,UNCLEAR,see rationale,primary_ai_fulltext_review,low,Codex independent fulltext reviewer,2026-10-07,false,development,https://edworkingpapers.com/sites/default/files/ai21-355.pdf,"PDF pp5–8, Data and Methods; Michigan Public Opinion Data; MSU IPPSR institutional survey report","PDF pp5–8, Data and Methods; Michigan Public Opinion Data; MSU IPPSR institutional survey report","The quantitative schooling-policy analysis codes existing documents. The additional 1000-person October2020 SOSS questionnaire was commissioned by MSU IPPSR through YouGov. An institutional report confirms that collection but identifies no study-specific collection, commissioning, or original-module role for the article authors. Grossmann's institute directorship and general survey experience do not settle his role in this wave. Collection ownership remains UNCLEAR after official project-report and wave-catalog checks.",YouGov,not stated,possible team-commissioned survey; author-team role unresolved,https://ippsr.msu.edu/public-policy/michigan-wonk-blog/pandemic-presidential-election ; https://ippsr.msu.edu/survey-research/state-state-survey-soss/soss-data/soss-80-fall-2020 ; https://ippsr.msu.edu/sites/default/files/MPIP/MPIP8_Report.pdf,institutional report archived in Literature/SCORE/supporting_sources/soss80_report.html; wave80 catalog and October2020 MPIP report inspected; specific author-team collection role unresolved; see ownership_adjudication.csv
85125218586,10.3102/0013189x221081853,Educational Researcher,2022,The Segregation of Students by Income in Public Schools,NO,NO,NO,see rationale,primary_ai_fulltext_review,high,Codex independent fulltext reviewer,2026-10-07,false,development,https://edworkingpapers.com/sites/default/files/ai20-338.pdf,"PDF pp9–10, Analytic Plan and Methods","PDF pp9–10, Analytic Plan and Methods","The authors derive segregation measures from existing statewide pupil/classroom administrative records. The article reports no participant recruitment, commissioned module or research-specific measurement.",not stated,not stated,not applicable,,main methods sufficient; no supplemental evidence required
85011928637,10.1002/per.2092,European Journal of Personality,2017,Using Indirect Measurement Tasks to Assess the Self-concept of Personality: A Systematic Review and Meta-analyses,NO,NO,NO,no eligible quantitative method,primary_ai_fulltext_review,high,Codex independent fulltext reviewer,2026-10-07,false,development,https://biblio.ugent.be/publication/8502041/file/8502042.pdf,12–19,Method: Eligibility criteria; meta-analyses; narrative reviews,All empirical analyses aggregate statistics extracted from prior publications; task administration and experimental manipulations describe reviewed studies. No original participant measurement procedure is reported.,not stated,not stated,not established,,main methods sufficient for eligibility; no external supplement needed
85061937212,10.1002/per.2190,European Journal of Personality,2019,Individual Differences in Habitual Social Goals and Daily Well-Being: The Role of Age and Relationship Closeness,YES,NO,YES,daily diaries,provisional_ai_review,high,root_fulltext,2026-10-07,false,development,https://www.zora.uzh.ch/server/api/core/bitstreams/0b9ab309-95a5-4fec-80ae-a49f231764f4/content,"PDF pages 15–19, 21–22; sample, procedure, measures, analysis","PDF pages 15–19, 21–22; sample, procedure, measures, analysis","Author-team questionnaire and seven daily diaries measure social goals and wellbeing without imposed treatment. The same cohort is linked to the authors' earlier report, so earlier team collection is retained.",not stated,SPSS Statistics 23; RStudio,YES,,"Main-text methods sufficient for stated decision; linked resources recorded in acquisition log, not counted as inspected."
85084425815,10.1002/per.2252,European Journal of Personality,2020,Moments That Matter? On the Complexity of Using Triggers Based on Skin Conductance to Sample Arousing Events Within an Experience Sampling Framework,YES,NO,YES,skin conductance; experience sampling,provisional_ai_review,high,root_fulltext,2026-10-07,false,development,https://dspace.library.uu.nl/bitstreams/da8dd0e2-417b-49d7-b4b0-0b5be90db62c/download,"PDF pages 3–6, pilot/sample/procedure, trigger algorithm and measures","PDF pages 3–6, pilot/sample/procedure, trigger algorithm and measures","The team recruited students for a baseline questionnaire and five days of repeated experience-sampling surveys with continuous skin conductance. Random versus physiological triggering is a measurement-sampling comparison, not an imposed behavioral treatment; this is primarily intensive survey measurement.",not stated,movisens ESM; Mplus; R; lme4,NO,,"Main-text methods sufficient for stated decision; linked resources recorded in acquisition log, not counted as inspected."
85117231538,10.1177/08902070211014029,European Journal of Personality,2021,Distinguishing simple and residual consistencies in functionally equivalent and non-equivalent situations: Evidence from experimental and observational longitudinal data,YES,YES,YES,experience sampling,provisional_ai_review,high,root_fulltext,2026-10-07,false,holdout,https://edoc.hu-berlin.de/bitstreams/6369746f-a5ff-4a9e-850a-804b1da03a55/download,"PDF pages 4–6, 11, 14, 19, 24–25; Studies 1–4 methods and reuse statements","PDF pages 4–6, 11, 14, 19, 24–25; Studies 1–4 methods and reuse statements",Two newly recruited longitudinal vignette surveys systematically vary situations; two additional experience-sampling studies explicitly reuse data previously published by these authors. Both collection types qualify.,not stated,formr; R,YES,,"Main-text methods sufficient for stated decision; linked resources recorded in acquisition log, not counted as inspected."
85056907668,10.1093/esr/jcy039,European Sociological Review,2018,Why are employers put off by long spells of unemployment?,YES,YES,YES,not needed for eligibility,primary_ai_fulltext_review,high,Codex independent fulltext reviewer,2026-10-07,false,development,https://doi.org/10.1093/esr/jcy039,9–12,Experiment; Vignette Design; Data Collection,The authors embedded new vignette tasks in a 2017 Flanders web survey; real hiring professionals evaluated randomized fictitious applicant attributes.,not stated,not stated,no reuse established,,main methods sufficient for eligibility
85136927900,10.1093/esr/jcac002,European Sociological Review,2022,Swiss Job Market Monitor: A Rich Source of Demand-Side Micro Data of the Labour Market,YES,NO,YES,job advertisement scraping and coding alongside survey,primary_ai_fulltext_review,high,Codex independent fulltext reviewer social,2026-10-07,false,development,https://www.zora.uzh.ch/server/api/core/bitstreams/645f31b7-064a-4e2a-819c-0d31702a5be0/content,3;7,"Study design, participants and procedures","The team mainly scrapes and codes job ads, but explicitly launched a separate annual representative company survey on where firms advertise vacancies. That questionnaire collection supports the sampling frame and qualifies as earlier team collection.",not stated,not stated,YES,,No supporting resource retrieved in this review; main methods examined.
105025888183,10.1093/esr/jcaf008,European Sociological Review,2025,"Gendered beauty inequalities? A multiverse analysis of physical attractiveness, occupational gender-typicality and earnings in the German labour market",NO,NO,NO,none,primary_ai_fulltext_review,high,Codex independent fulltext reviewer social,2026-10-07,false,development,https://madoc.bib.uni-mannheim.de/69950/1/jcaf008.pdf,4;5;6;14,"Study design, participants and procedures","The authors analyze existing pairfam respondents and interviewer attractiveness ratings, linked to external occupational statistics; no author collection role.",not stated,Stata 17.0,NO,http://academic.oup.com/esr/article-lookup/doi/10.1093/esr/jcaf008#supplementary-data; https://osf.io/ug4xj/,No supporting resource retrieved in this review; main methods examined.
84973560772,10.1016/j.evolhumbehav.2016.05.002,Evolution and Human Behavior,2016,Young children discriminate genuine from fake smiles and expect people displaying genuine smiles to be more prosocial,YES,YES,NO,behavioural tasks and eye tracking,primary_ai_fulltext_review,high,Codex independent fulltext reviewer,2026-10-07,false,development,https://api.elsevier.com/content/article/doi/10.1016/j.evolhumbehav.2016.05.002?view=FULL,XML: 2.1;3.1;4.1;5.1;6.1,Studies 1–5: Method; Design and Materials; Procedure,"The team recruited children and presented genuine/fake smile stimuli in controlled recognition, preference and eye-tracking procedures. Responses are task outcomes, not a survey questionnaire; reused photographs are stimuli rather than reused participant data.",not stated,Tobii software,not established,,main methods sufficient for eligibility; no external supplement needed
85006973897,10.1016/j.evolhumbehav.2016.09.002,Evolution and Human Behavior,2017,The impact of friend-or-foe cues and survival pressure on trust in the investment game,YES,YES,YES,incentivized trust game,provisional_ai_review,high,root_fulltext,2026-10-07,false,holdout,https://api.elsevier.com/content/article/doi/10.1016/j.evolhumbehav.2016.09.002?view=FULL,"XML Studies 1–3 participants, designs and Study 2 full procedure","XML Studies 1–3 participants, designs and Study 2 full procedure","Three new student studies assign friend/opponent cues and survival-pressure conditions. Study 2 explicitly embeds hypothetical investment choices in a primary survey, alongside incentivized behavioral games elsewhere.",not stated,not stated,NO,,"Main-text methods sufficient for stated decision; linked resources recorded in acquisition log, not counted as inspected."
85040022360,10.1016/j.evolhumbehav.2017.12.001,Evolution and Human Behavior,2018,"Common knowledge, coordination, and the logic of self-conscious emotions",YES,YES,YES,karaoke behavioral experiment,provisional_ai_review,high,root_fulltext,2026-10-07,false,development,https://api.elsevier.com/content/article/doi/10.1016/j.evolhumbehav.2017.12.001?view=FULL,XML Studies 1 and 2 methods and procedures,XML Studies 1 and 2 methods and procedures,"Study 1 is a primary randomized vignette questionnaire varying knowledge; Study 2 adds a recruited laboratory karaoke intervention, whose outcome questionnaire alone would not qualify as survey.",not stated,not stated,NO,,"Main-text methods sufficient for stated decision; linked resources recorded in acquisition log, not counted as inspected."
85063215216,10.1016/j.evolhumbehav.2019.01.006,Evolution and Human Behavior,2019,Do ‘watching eyes’ influence antisocial behavior? A systematic review & meta-analysis,NO,NO,NO,not stated,provisional_ai_review,high,root_fulltext,2026-10-07,false,development,https://api.elsevier.com/content/article/doi/10.1016/j.evolhumbehav.2019.01.006?view=FULL,"XML contents, methods/search/selection/analysis, supplement descriptions","XML contents, methods/search/selection/analysis, supplement descriptions","Systematic review and meta-analysis reanalyze published watching-eyes studies. Contents, search, selection and analysis sections describe no original participant study.",not stated,R,NO,,"Main-text methods sufficient for stated decision; linked resources recorded in acquisition log, not counted as inspected."
85075386029,10.1016/j.evolhumbehav.2019.10.007,Evolution and Human Behavior,2020,Paternity confidence and social obligations explain men's allocations to romantic partners in an experimental giving game,YES,YES,NO,resource allocation tasks,provisional_ai_review,high,root_fulltext,2026-10-07,false,development,https://api.elsevier.com/content/article/doi/10.1016/j.evolhumbehav.2019.10.007?view=FULL,XML Methods 2.2 and acknowledgment/data availability,XML Methods 2.2 and acknowledgment/data availability,"Forty-three recruited men allocate tokens, coins and model goats across systematically varied relationship and paternity vignettes; this is primarily a resource-allocation task, not a survey.",not stated,not stated,NO,,"Main-text methods sufficient for stated decision; linked resources recorded in acquisition log, not counted as inspected."
85103094982,10.1016/j.evolhumbehav.2021.03.004,Evolution and Human Behavior,2021,"High income men have high value as long-term mates in the U.S.: personal income and the probability of marriage, divorce, and childbearing in the U.S.",NO,NO,NO,not stated,provisional_ai_review,high,root_fulltext,2026-10-07,false,development,https://api.elsevier.com/content/article/doi/10.1016/j.evolhumbehav.2021.03.004?view=FULL,"XML article contents, introduction, methods and discussion","XML article contents, introduction, methods and discussion","Secondary analysis of the Census 2014 SIPP, with supplied survey weights; no author-designed collection or additional participant study appears in the article's research design.",not stated,SAS 9.4,NO,,"Main-text methods sufficient for stated decision; linked resources recorded in acquisition log, not counted as inspected."
85133624279,10.1016/j.evolhumbehav.2022.05.002,Evolution and Human Behavior,2022,Pathogen threat and intergroup prejudice using the minimal group paradigm: Evidence from a registered report,YES,YES,YES,not stated,provisional_ai_review,high,root_fulltext,2026-10-07,false,development,https://api.elsevier.com/content/article/doi/10.1016/j.evolhumbehav.2022.05.002?view=FULL,"XML Studies 1–2 participants/materials/procedure, embedded pilot descriptions","XML Studies 1–2 participants/materials/procedure, embedded pilot descriptions",Recruited laboratory and online samples were assigned pathogen or control stimuli and minimal-group labels. The online study primarily elicits questionnaire evaluations with embedded manipulations; the laboratory outcome batteries alone would not establish survey eligibility.,CloudResearch; Turk Prime,Qualtrics; Inquisit Web; R; WebPower,NO,,"Main-text methods sufficient for stated decision; linked resources recorded in acquisition log, not counted as inspected."
85146262120,10.1016/j.evolhumbehav.2023.01.002,Evolution and Human Behavior,2023,"Evolution is the source, and the undoing, of natural law",NO,NO,NO,not stated,provisional_ai_review,high,root_fulltext,2026-10-07,false,development,https://api.elsevier.com/content/article/doi/10.1016/j.evolhumbehav.2023.01.002?view=FULL,"XML contents, introduction and conclusion; conceptual argument","XML contents, introduction and conclusion; conceptual argument","Conceptual philosophical argument about evolutionary explanations and natural law. Section structure and introduction/conclusion identify synthesis of others' research, with no participant methods or new empirical study.",not stated,not stated,NO,,"Main-text methods sufficient for stated decision; linked resources recorded in acquisition log, not counted as inspected."
85191794805,10.1016/j.evolhumbehav.2024.04.009,Evolution and Human Behavior,2024,"Cash, crowds, and cooperation: The effects of population density and resource scarcity on cooperation in the dictator game",YES,YES,YES,dictator allocation task,provisional_ai_review,high,root_fulltext,2026-10-07,false,holdout,https://api.elsevier.com/content/article/doi/10.1016/j.evolhumbehav.2024.04.009?view=FULL,XML Studies 1–2 participants/procedure and author contributions,XML Studies 1–2 participants/procedure and author contributions,"Original student questionnaire in Study 1 measures density, resources and hypothetical allocations; Study 2 randomly manipulates crowding cues before the dictator game. The first primary survey is separately eligible.",not stated,G*Power,NO,,"Main-text methods sufficient for stated decision; linked resources recorded in acquisition log, not counted as inspected."
105017702972,10.1016/j.evolhumbehav.2025.106781,Evolution and Human Behavior,2025,Updating evidence on facial metrics: A Bayesian perspective on sexual dimorphism in facial width-to-height ratio and bizygomatic width,YES,NO,NO,laboratory photographs; anthropometry; body scans,provisional_ai_review,high,root_fulltext,2026-10-07,false,development,https://api.elsevier.com/content/article/doi/10.1016/j.evolhumbehav.2025.106781?view=FULL,"XML 2.1.1, 6.1.1, 6.2.1 and contributions","XML 2.1.1, 6.1.1, 6.2.1 and contributions",The article explicitly reuses the authors' earlier laboratory photographs and body measurements alongside external image databases. Same-team prior collection qualifies; image landmarking alone would not. No manipulation or primary survey in these studies.,not stated,AnthroScan,YES,,"Main-text methods sufficient for stated decision; linked resources recorded in acquisition log, not counted as inspected."
84930531485,10.1007/s10683-015-9447-y,Experimental Economics,2016,Cancelling out early age gender differences in competition: an analysis of policy interventions,YES,YES,NO,arithmetic task and tournament entry,primary_ai_fulltext_review,high,Codex independent fulltext reviewer social,2026-10-07,false,development,http://link.springer.com/content/pdf/10.1007/s10683-015-9447-y.pdf,5;6;7,"Study design, participants and procedures","The authors measured arithmetic-task behavior in 588 pupils and imposed competition-policy treatments including quotas and preferential treatment. This is a school behavioral experiment, not a primary survey.",not stated,z-Tree,NO,,No supporting resource retrieved in this review; main methods examined.
84994692038,10.1007/s10683-016-9500-5,Experimental Economics,2017,"Asymmetric firms, technology sharing and R&D investment",YES,YES,NO,laboratory economic choices,primary_ai_fulltext_review,high,Codex independent fulltext reviewer social,2026-10-07,false,holdout,https://link.springer.com/content/pdf/10.1007/s10683-016-9500-5.pdf,10;11,"Study design, participants and procedures","The authors conducted twelve laboratory sessions with assigned symmetric, asymmetric and side-payment treatments. Choices and earnings are behavioral outcomes; no primary survey study is reported.",not stated,zTree,no,,No supporting resource retrieved in this review; main methods examined.
85034101287,10.1007/s10683-017-9556-x,Experimental Economics,2018,Status and the demand for visible goods: experimental evidence on conspicuous consumption,YES,YES,NO,consumption choices; cognitive and preference tasks; ancillary demographics,primary_ai_fulltext_review,high,Codex independent fulltext reviewer social,2026-10-07,false,development,https://link.springer.com/content/pdf/10.1007/s10683-017-9556-x.pdf,5;6;7,"Study design, participants and procedures",The team recruited 144 students and manipulated income allocation and public visibility of chocolate purchases. Additional demographics are ancillary to the incentivized lab experiment.,not stated,not stated,NO,https://doi.org/10.31235/osf.io/vjz2q; https://doi.org/10.31235/osf.io/vjz2q_v1,No supporting resource retrieved in this review; main methods examined.
85071366105,10.1007/s10683-017-9559-7,Experimental Economics,2019,Reference point effects in legislative bargaining: experimental evidence,YES,YES,NO,laboratory legislative bargaining,primary_ai_fulltext_review,high,Codex independent fulltext reviewer social,2026-10-07,false,development,http://link.springer.com/content/pdf/10.1007/s10683-017-9559-7.pdf,7;8,"Study design, participants and procedures",The authors recruited Ohio State students and assigned bargaining roles and gains-versus-costs conditions. New sessions are pooled with explicitly identified earlier CGK baseline sessions by the team.,not stated,ORSEE; zTree,YES,,No supporting resource retrieved in this review; main methods examined.
85066789711,10.1007/s10683-019-09616-z,Experimental Economics,2020,‘Everybody’s doing it’: on the persistence of bad social norms,YES,YES,NO,repeated coordination choices; ancillary questionnaire,primary_ai_fulltext_review,high,Codex independent fulltext reviewer social,2026-10-07,false,development,http://link.springer.com/content/pdf/10.1007/s10683-019-09616-z.pdf,10;11;13,"Study design, participants and procedures",The team ran 346 participants in six laboratory treatments varying information and coordination incentives. The closing short questionnaire is incidental to the lab study.,not stated,not stated,NO,,No supporting resource retrieved in this review; main methods examined.
85097507101,10.1007/s10683-020-09690-8,Experimental Economics,2021,Sharing or gambling? On risk attitudes in social contexts,YES,YES,NO,risky choices; dictator game; ancillary social orientation and demographic questionnaires,primary_ai_fulltext_review,high,Codex independent fulltext reviewer social,2026-10-07,false,development,https://link.springer.com/content/pdf/10.1007/s10683-020-09690-8.pdf,4;5;11;12,"Study design, participants and procedures",The authors recruited students and compared matched incentivized choices in social versus individual contexts. Social-value and end-of-task questionnaires support the behavioral experiment rather than constitute a primary survey.,not stated,z-tree; ORSEE,NO,,No supporting resource retrieved in this review; main methods examined.
85109161234,10.1007/s10683-021-09724-9,Experimental Economics,2022,Flip a coin or vote? An experiment on the implementation and efficiency of social choice mechanisms,YES,YES,NO,laboratory voting and mechanism choices,primary_ai_fulltext_review,high,Codex independent fulltext reviewer social,2026-10-07,false,holdout,https://link.springer.com/content/pdf/10.1007/s10683-021-09724-9.pdf,7;10;11,"Study design, participants and procedures","The team recruited 150 students for laboratory social-choice mechanisms, manipulating the distribution of private values and information timing. The behavioral experiment is not a survey.",ORSEE,zTree,no,,No supporting resource retrieved in this review; main methods examined.
85147347965,10.1007/s10683-023-09791-0,Experimental Economics,2023,Principal’s distributive preferences and the incentivization of agents,YES,YES,NO,incentivized principal-agent laboratory decisions,primary_ai_fulltext_review,high,Codex independent fulltext reviewer social,2026-10-07,false,development,https://link.springer.com/content/pdf/10.1007/s10683-023-09791-0.pdf,5;6;14,"Study design, participants and procedures",The authors ran 339 subjects in principal-worker lab games and manipulated incentive and inequality trade-offs across stakeholder versus spectator conditions. No primary survey study.,not stated,ORSEE; zTree,NO,https://doi.org/10.17605/OSF.IO/JBX92,No supporting resource retrieved in this review; main methods examined.
85153358087,10.1007/s10683-023-09802-0,Experimental Economics,2024,Credibility in second-price auctions: an experimental test,YES,YES,NO,laboratory auction bids,primary_ai_fulltext_review,high,Codex independent fulltext reviewer social,2026-10-07,false,development,https://link.springer.com/content/pdf/10.1007/s10683-023-09802-0.pdf,6;7;16;17,"Study design, participants and procedures","The team recruited lab participants and varied auction institutions and rule framing, then ran 72 new subjects in a no-rules condition. No primary survey.",not stated,z-Tree,NO,,No supporting resource retrieved in this review; main methods examined.
105023854373,10.1017/eec.2024.7,Experimental Economics,2025,Gender differences in the self-promotion of prosocial behaviour: exploring the female modesty constraint,YES,YES,YES,incentivized donation and self-promotion decisions,primary_ai_fulltext_review,high,Codex independent fulltext reviewer social,2026-10-07,false,development,https://www.cambridge.org/core/services/aop-cambridge-core/content/view/95F1B43E6B652E0B29F45D55DF46B157/S1386415724000073a.pdf/div-class-title-gender-differences-in-the-self-promotion-of-prosocial-behaviour-exploring-the-female-modesty-constraint-div.pdf,5;6;12;18,"Study design, participants and procedures",The team randomized public self-promotion messages in incentivized donation experiments and separately surveyed 101 new respondents about hypothetical posts and social acceptability. That distinct questionnaire study meets the primary-survey rule.,not stated,ORSEE; SONA; Qualtrics,NO,https://osf.io/27b9v/,No supporting resource retrieved in this review; main methods examined.
84959098082,10.1016/j.jbusres.2015.10.049,Journal of Business Research,2016,A bottom-up path for IT management success: From infrastructure quality to competitive excellence,YES,NO,YES,not needed for eligibility,primary_ai_fulltext_review,high,Codex independent fulltext reviewer,2026-10-07,false,development,https://api.elsevier.com/content/article/doi/10.1016/j.jbusres.2015.10.049?view=FULL,XML: section 3.1; section 3.2,"Questionnaire development, sample, and data collection","The authors developed and piloted a questionnaire, administered it to Italian managers in 2012, and analyzed 212 complete Likert-scale responses. No condition or intervention was imposed.",not stated,IBM AMOS,not established,,main methods sufficient for eligibility; no external supplement needed
85020733316,10.1016/j.jbusres.2017.04.021,Journal of Business Research,2017,When are acquired technological capabilities complements rather than substitutes? A study on value creation.,NO,NO,NO,see rationale,primary_ai_fulltext_review,high,Codex independent fulltext reviewer,2026-10-07,false,development,https://api.elsevier.com/content/article/doi/10.1016/j.jbusres.2017.04.021?view=FULL,XML 3.1 Data and sample;3.2 Measures,XML 3.1 Data and sample;3.2 Measures,"The paper links acquisition records from SDC, stock returns from CRSP and patent citations. These existing corporate records, including manually selected press releases, are not participant data collection.",not stated,not stated,not established,,main methods sufficient; no supplemental evidence required
85029153757,10.1016/j.jbusres.2017.09.008,Journal of Business Research,2018,Investigating links between cultural orientation and culture outcomes: Immigrants from the former Soviet Union to Israel and Germany,YES,NO,YES,see rationale,primary_ai_fulltext_review,high,Codex independent fulltext reviewer,2026-10-07,false,holdout,https://api.elsevier.com/content/article/doi/10.1016/j.jbusres.2017.09.008?view=FULL,Section 4 Method: sample and questionnaire; Results,Section 4 Method: sample and questionnaire; Results,The study administered printed questionnaires to immigrant samples in Israel and Germany using selected/adapted scales of cultural orientation and consumption. This is primary quantitative survey collection; national/cultural differences are observed rather than assigned.,not stated,AMOS 19,not stated,,main methods sufficient; no supplemental evidence required
85038910249,10.1016/j.jbusres.2017.12.023,Journal of Business Research,2019,Client dependence: A boon or bane for vendor innovation? A competitive mediation framework in IT outsourcing,YES,NO,YES,see rationale,primary_ai_fulltext_review,high,Codex independent fulltext reviewer,2026-10-07,false,development,https://api.elsevier.com/content/article/doi/10.1016/j.jbusres.2017.12.023?view=FULL,XML 3.1 Sample and sampling procedures;3.3 Measures,XML 3.1 Sample and sampling procedures;3.3 Measures,"The team designed and pretested a questionnaire and emailed Indian IT vendors, analyzing 120 complete organizational informant responses. Randomized item order controlled measurement bias; it was not an experimental treatment whose effects were studied.",not stated,not stated,not established,,main methods sufficient; no supplemental evidence required
85087011087,10.1016/j.jbusres.2020.06.039,Journal of Business Research,2020,Do HRM systems impose restrictions on employee quality of life? Evidence from a sustainable HRM perspective,YES,NO,YES,see rationale,primary_ai_fulltext_review,high,Codex independent fulltext reviewer,2026-10-07,false,development,https://api.elsevier.com/content/article/doi/10.1016/j.jbusres.2020.06.039?view=FULL,XML 3.2 Sample and data collection;3.3 Measures,XML 3.2 Sample and data collection;3.3 Measures,The researcher recruited employees through three Indian organizations to complete an original two-stage quantitative questionnaire. The one-hour break separated measures for everyone; it was not a varied intervention.,not stated,not stated,not established,,main methods sufficient; no supplemental evidence required
85100680081,10.1016/j.jbusres.2021.01.025,Journal of Business Research,2021,Brand placement across media: The interaction of placement modality and frequency in film versus text,YES,YES,YES,see rationale,primary_ai_fulltext_review,high,Codex independent fulltext reviewer,2026-10-07,false,development,https://api.elsevier.com/content/article/doi/10.1016/j.jbusres.2021.01.025?view=FULL,XML 3 Method (3.1–3.3),XML 3 Method (3.1–3.3),The authors randomly assigned respondents to eight commissioned narrative conditions and collected brand-attitude questionnaires through Qualtrics. A footnote explicitly reports overlap of two conditions with another publication.,unnamed professional online panel agency,Qualtrics,some conditions also reported in another study,,main methods sufficient; no supplemental evidence required
85119440388,10.1016/j.jbusres.2021.11.038,Journal of Business Research,2022,Impact of advertising on users’ perceptions regarding the Internet of things,YES,NO,YES,see rationale,primary_ai_fulltext_review,high,Codex independent fulltext reviewer,2026-10-07,false,holdout,https://api.elsevier.com/content/article/doi/10.1016/j.jbusres.2021.11.038?view=FULL,"Section 4 Methodology, especially 4.2 Data collection","Section 4 Methodology, especially 4.2 Data collection",The team commissioned Survey Sampling International to contact smartwatch owners and obtained 1197 multilingual questionnaire responses. Advertising perceptions and national differences are measured in a primary survey; no advertisement treatment was imposed.,Survey Sampling International,not stated,no,,main methods sufficient; no supplemental evidence required
85154065516,10.1016/j.jbusres.2023.113980,Journal of Business Research,2023,An Artificial-Intelligence-Based omnichannel blood supply chain: A pathway for sustainable development,NO,NO,NO,see rationale,primary_ai_fulltext_review,high,Codex independent fulltext reviewer,2026-10-07,false,development,https://api.elsevier.com/content/article/doi/10.1016/j.jbusres.2023.113980?view=FULL,XML 3 Methodology;5.1 Dataset;5.2 Potential donors,XML 3 Methodology;5.1 Dataset;5.2 Potential donors,The completed human collection is qualitative manager interviews. The quantitative component models hospital inventories and donor contact records; the proposed SMS service reports no measured donor responses or other original quantitative participant procedure.,not stated,not stated,not established,,main methods sufficient; no supplemental evidence required
85175143197,10.1016/j.jbusres.2023.114312,Journal of Business Research,2024,Determinants of effective HR analytics Implementation: An In-Depth review and a dynamic framework for future research,NO,NO,NO,see rationale,primary_ai_fulltext_review,high,Codex independent fulltext reviewer,2026-10-07,false,development,https://api.elsevier.com/content/article/doi/10.1016/j.jbusres.2023.114312?view=FULL,XML 2 Systematic literature review and 2.1 Literature reviewed,XML 2 Systematic literature review and 2.1 Literature reviewed,The study searches databases and codes published studies to construct an implementation framework. Its quantitative coding of documents and coder agreement do not constitute original participant collection.,not stated,not stated,not established,,main methods sufficient; no supplemental evidence required
105002055210,10.1016/j.jbusres.2025.115352,Journal of Business Research,2025,Calibration experiments: An alternative to multi-method approaches for measurement validation in consumer research,NO,NO,NO,see rationale,primary_ai_fulltext_review,high,Codex independent fulltext reviewer,2026-10-07,false,development,https://api.elsevier.com/content/article/doi/10.1016/j.jbusres.2025.115352?view=FULL,XML 5 Using calibration experiments;6 Simulated comparison;8 Discussion,XML 5 Using calibration experiments;6 Simulated comparison;8 Discussion,"The article proposes a measurement approach, explains earlier published calibration studies, and runs simulations. Its participant-task language within the simulation describes a modeled example, not a newly administered human study.",not stated,not stated,not established,,main methods sufficient; no supplemental evidence required
85029518256,10.1177/0022002717721385,Journal of Conflict Resolution,2017,Dynamics and Logics of Civil War,NO,NO,NO,none,primary_ai_fulltext_review,high,Codex independent fulltext reviewer social,2026-10-07,false,development,https://discovery.ucl.ac.uk/10040601/1/Vogt_JCR_LEC_MV.pdf,1;2;3,"Study design, participants and procedures","Literature review and conceptual synthesis, with publication counts, not participant collection.",not stated,not stated,NO,,No supporting resource retrieved in this review; main methods examined.
85045528842,10.1177/0022002716669572,Journal of Conflict Resolution,2018,"Covert Operations, Wars, Detainee Destinations, and the Psychology of Democratic Peace",YES,YES,YES,none,primary_ai_fulltext_review,high,Codex independent fulltext reviewer social,2026-10-07,false,development,https://research-repository.st-andrews.ac.uk/bitstream/10023/8554/1/Democratic_Peace_Covert_War_Final_Edit_for_JCR.pdf,13;15;16,"Study design, participants and procedures",The team collected undergraduate questionnaires about nations and manipulated democracy/ally information in subsequent vignette studies. Includes original quantitative survey and survey experiment.,not stated,not stated,NO,,No supporting resource retrieved in this review; main methods examined.
85102454509,10.1177/0022002721991627,Journal of Conflict Resolution,2021,The Effect of Civilian Casualties on Wartime Informing: Evidence from the Iraq War,NO,NO,NO,none,primary_ai_fulltext_review,high,Codex independent fulltext reviewer social,2026-10-07,false,development,http://www.hicn.org/wp-content/uploads/2012/06/HiCN-WP-210-updated.pdf,3;11;14;17,"Study design, participants and procedures","The analysis digitizes military briefing plots and combines external conflict and population records. A footnote mentions survey data used in separate research, but does not establish collection for this article. Source is 2016 workingpaper; later published version may differ.",not stated,Plot Digitizer,NO,,No supporting resource retrieved in this review; main methods examined.
85131596715,10.1177/00220027221106960,Journal of Conflict Resolution,2022,Wargame of Drones: Remotely Piloted Aircraft and Crisis Escalation,YES,YES,YES,qualitative comparative wargames (not needed for eligibility),primary_ai_fulltext_review,high,Codex independent fulltext reviewer,2026-10-07,false,development,https://doi.org/10.1177/00220027221106960,14–31,Research Design; Findings; Validating Findings: Survey Experiment Insights,The author collected qualitative wargame deliberations and a separate quantitative survey experiment varying aircraft/pilot outcomes; the latter alone establishes eligibility.,not stated,not stated,no reuse established,https://ssrn.com/abstract=3288988,identified in article; main methods sufficient for eligibility; not independently retrieved
85150295619,10.1177/00220027231159830,Journal of Conflict Resolution,2024,What is in a Mandate? Introducing the UN Peace Mission Mandates Dataset,NO,NO,NO,none,primary_ai_fulltext_review,high,Codex independent fulltext reviewer social,2026-10-07,false,development,https://uu.diva-portal.org/smash/get/diva2:1804335/FULLTEXT01,5;6;9,"Study design, participants and procedures",The team codes existing UN mandates and documents and links external conflict data; coder reliability checks do not collect human participant responses.,not stated,not stated,NO,,No supporting resource retrieved in this review; main methods examined.
84954533522,10.1016/j.jenvp.2016.01.004,Journal of Environmental Psychology,2016,Peripersonal and interpersonal space in virtual and real environments: Effects of gender and age,YES,YES,NO,proxemics; physical distance measurement,provisional_ai_review,high,root_fulltext,2026-10-07,false,development,https://api.elsevier.com/content/article/doi/10.1016/j.jenvp.2016.01.004?view=FULL,"XML Experiments 1–3 participants, settings and procedures","XML Experiments 1–3 participants, settings and procedures","Three newly recruited university samples complete controlled interpersonal-distance tasks in virtual, real and pictured settings. Paper-based visual analogue distance task in Experiment 3 remains a proxemics assessment rather than a primary survey.",not stated,Vizard,NO,,"Main-text methods sufficient for stated decision; linked resources recorded in acquisition log, not counted as inspected."
85017467161,10.1016/j.jenvp.2017.04.004,Journal of Environmental Psychology,2017,“Green to be seen” and “brown to keep down”: Visibility moderates the effect of identity on pro-environmental behavior,YES,NO,YES,not stated,provisional_ai_review,high,root_fulltext,2026-10-07,false,development,https://api.elsevier.com/content/article/doi/10.1016/j.jenvp.2017.04.004?view=FULL,XML Studies 1–3 participants/procedure and visibility measures/analyses,XML Studies 1–3 participants/procedure and visibility measures/analyses,"Three original surveys recruited via MTurk and Nielsen; visibility is measured from participants' perceptions and consensus, not experimentally imposed. Between-subjects visibility analysis is an observational comparison.",Amazon MTurk; Nielsen,not stated,NO,,"Main-text methods sufficient for stated decision; linked resources recorded in acquisition log, not counted as inspected."
85053133495,10.1016/j.jenvp.2018.08.007,Journal of Environmental Psychology,2018,"Green, greener, greenest: Can competition increase sustainable behavior?",YES,YES,YES,shopping choices; donations; recycling; anagram performance; email openings,provisional_ai_review,high,root_fulltext,2026-10-07,false,holdout,https://api.elsevier.com/content/article/doi/10.1016/j.jenvp.2018.08.007?view=FULL,XML Studies 1–4 participants/designs/procedures,XML Studies 1–4 participants/designs/procedures,"Four new experiments assign competition framing in laboratory, online and email settings. Study 2 is a primary vignette-and-rating questionnaire; other studies add shopping, donation, anagram and observed recycling/email behavior.",Amazon MTurk,G*Power,NO,,"Main-text methods sufficient for stated decision; linked resources recorded in acquisition log, not counted as inspected."
85072613550,10.1016/j.jenvp.2019.101351,Journal of Environmental Psychology,2019,How often does random assignment fail? Estimates and recommendations,YES,YES,YES,not stated,provisional_ai_review,high,root_fulltext,2026-10-07,false,development,https://api.elsevier.com/content/article/doi/10.1016/j.jenvp.2019.101351?view=FULL,"XML Studies 1–3 data and methods, original experiment descriptions and author byline","XML Studies 1–3 data and methods, original experiment descriptions and author byline","Includes three earlier team survey experiments with explicit recruitment and randomly assigned messages in Qualtrics, alongside simulations and external ANES. Author Goldberg matches the cited original experiment; simulated random assignment alone does not qualify.",Prime Panels; TurkPrime,R; Qualtrics,YES,,"Main-text methods sufficient for stated decision; linked resources recorded in acquisition log, not counted as inspected."
85087002041,10.1016/j.jenvp.2020.101445,Journal of Environmental Psychology,2020,Viewing a flower image provides automatic recovery effects after psychological stress,YES,YES,NO,blood pressure; salivary cortisol; fMRI,provisional_ai_review,high,root_fulltext,2026-10-07,false,development,https://api.elsevier.com/content/article/doi/10.1016/j.jenvp.2020.101445?view=FULL,"XML Study 1–3 procedures, recruitment and physiological methods","XML Study 1–3 procedures, recruitment and physiological methods","Original controlled flower/mosaic viewing studies collect blood pressure, salivary cortisol and fMRI. Valence ratings and post-task questionnaires are ancillary to physiological experiments.",not stated,SuperLab 4.5; SPM5; MarsBar,NO,,"Main-text methods sufficient for stated decision; linked resources recorded in acquisition log, not counted as inspected."
85103129068,10.1016/j.jenvp.2021.101587,Journal of Environmental Psychology,2021,Cleaning up our acts: Psychological interventions to reduce engine idling and improve air quality,YES,YES,NO,structured observation of engine idling,provisional_ai_review,high,root_fulltext,2026-10-07,false,holdout,https://api.elsevier.com/content/article/doi/10.1016/j.jenvp.2021.101587?view=FULL,"XML 2.1 data collection, behavioral analysis and data availability","XML 2.1 data collection, behavioral analysis and data availability",Researchers rotate intervention signs at railway crossings and directly observe drivers' engine use; imposed field variation and structured behavioral observation qualify. Air-quality monitoring alone would not qualify; no survey study.,not stated,RStudio; lme4; lmerTest; simr,NO,,"Main-text methods sufficient for stated decision; linked resources recorded in acquisition log, not counted as inspected."
85124947563,10.1016/j.jenvp.2022.101777,Journal of Environmental Psychology,2022,From theory to action: Explaining the process of knowledge attitudes and practices regarding the use and disposal of plastic among school children,YES,NO,YES,not stated,provisional_ai_review,high,root_fulltext,2026-10-07,false,development,https://api.elsevier.com/content/article/doi/10.1016/j.jenvp.2022.101777?view=FULL,XML 3.1 Data and fieldwork design,XML 3.1 Data and fieldwork design,"The team designed, piloted and administered matched child-parent questionnaires in 30 Chilean schools. School program participation is a sampling context; no randomized intervention was imposed.",not stated,not stated,NO,,"Main-text methods sufficient for stated decision; linked resources recorded in acquisition log, not counted as inspected."
85145299149,10.1016/j.jenvp.2022.101921,Journal of Environmental Psychology,2023,BIO-WELL: The development and validation of a human wellbeing scale that measures responses to biodiversity,YES,NO,YES,see rationale,primary_ai_fulltext_review,high,Codex independent fulltext reviewer,2026-10-07,false,development,https://api.elsevier.com/content/article/doi/10.1016/j.jenvp.2022.101921?view=FULL,General methods; Studies 1–5 Methods,General methods; Studies 1–5 Methods,"The team developed BIO-WELL using qualitative workshops and interviews, followed by three quantitative questionnaire samples of 600, 600, and 1500 recruited through Qa Research. These are primary survey studies; variation in reported nature exposure is observational, with no imposed treatment comparison.",Qa Research,Qualtrics; NVivo 12; R,no,,main methods sufficient; no supplemental evidence required
85181260189,10.1016/j.jenvp.2023.102224,Journal of Environmental Psychology,2024,Working memory and fluid intelligence are differentially related to categories of urban fabric in older adults: Results from the Berlin aging study,YES,NO,YES,see rationale,primary_ai_fulltext_review,high,Codex independent fulltext reviewer,2026-10-07,false,development,https://api.elsevier.com/content/article/doi/10.1016/j.jenvp.2023.102224?view=FULL,"Sections 2.1, 2.2.1–2.2.3; Author contributions","Sections 2.1, 2.2.1–2.2.3; Author contributions","BASE-II cognitive tasks and a distinct socioeconomic assessment provided the analyzed data. Author contributions explicitly assign data acquisition to several authors, establishing eligible earlier team collection. The socioeconomic questionnaire was administered separately from cognitive testing; observational urban land use is not experimentally assigned.",not stated,SPSS 26; R 3.1.1; Mplus 8.0,"yes, earlier BASE-II collection by explicitly credited author team",,main methods sufficient; no supplemental evidence required
105007059585,10.1016/j.jenvp.2025.102639,Journal of Environmental Psychology,2025,Restorative psychophysiological effects of biophilic virtual environment,YES,YES,NO,see rationale,primary_ai_fulltext_review,high,Codex independent fulltext reviewer,2026-10-07,false,development,https://api.elsevier.com/content/article/doi/10.1016/j.jenvp.2025.102639?view=FULL,"Sections 2.1–2.6, especially 2.3–2.4","Sections 2.1–2.6, especially 2.3–2.4","The team recruited 150 students/acquaintances and assigned VR environments following a stress task, measuring physiology, cognitive performance and affect. This is a laboratory intervention experiment; the demographic screening and repeated questionnaire outcomes are ancillary to the VR experiment, not a distinct primary survey study.",not stated,Qualtrics; Matlab; Ledalab; R,no,,main methods sufficient; no supplemental evidence required
85032627193,10.1017/xps.2015.7,Journal of Experimental Political Science,2016,The Electoral Sweet Spot in the Lab,YES,YES,NO,laboratory voting behavior,primary_ai_fulltext_review,high,Codex independent fulltext reviewer social,2026-10-07,false,holdout,https://www.cambridge.org/core/services/aop-cambridge-core/content/view/S205226301500007X,2;3;4,"Study design, participants and procedures",The team recruited 252 people for repeated laboratory elections and imposed different district magnitudes across sessions. This is a voting task rather than a primary questionnaire survey.,not stated,z-Tree,no,,No supporting resource retrieved in this review; main methods examined.
85046645518,10.1017/XPS.2017.7,Journal of Experimental Political Science,2017,Politicians Appear More Competent When Using Numerical Rhetoric,YES,YES,YES,not needed for eligibility,primary_ai_fulltext_review,high,Codex independent fulltext reviewer,2026-10-07,false,development,https://doi.org/10.1017/XPS.2017.7,4–5,Methods,Commissioned panel respondents received randomized versions of political arguments and completed multi-item candidate ratings and vote questions; randomization by the company still qualifies.,Epinion,not stated,no reuse established; collection in 2015,,main methods sufficient for eligibility
85055134355,10.1017/xps.2018.1,Journal of Experimental Political Science,2018,How to Survey about Electoral Turnout? Additional Evidence,YES,YES,YES,none,primary_ai_fulltext_review,high,Codex independent fulltext reviewer social,2026-10-07,false,holdout,https://www.cambridge.org/core/services/aop-cambridge-core/content/view/9015522B444E21C87A0CDEF27315944A/S2052263018000015a.pdf/div-class-title-how-to-survey-about-electoral-turnout-additional-evidence-div.pdf,1;2;3;4,"Study design, participants and procedures","The paper combines externally downloaded CES data with MEDW questionnaire wording experiments, including earlier same-team studies. Dataverse source code distinguishes those sources; the cited Morin-Chassé et al. 2017 methods explicitly say the authors conducted 19 two-wave online surveys, resolving team collection. Earlier same-team experiments qualify. SSI is named for the external CES component, not established as provider of the eligible MEDW component.",not stated,Stata,yes,https://doi.org/10.7910/DVN/RHPOYR; https://dataverse.harvard.edu/api/access/datafile/3087479; https://www.damienbol.eu/ewExternalFiles/psrm1.pdf,"Dataverse metadata, Read me.txt and both .do-file introductions reviewed; earlier-team study methods p.3 reviewed; hashed supporting sources in acquisition receipt."
85066605513,10.1017/XPS.2018.27,Journal of Experimental Political Science,2019,Language Heightens the Political Salience of Ethnic Divisions,YES,YES,YES,not needed for eligibility,primary_ai_fulltext_review,high,Codex independent fulltext reviewer,2026-10-07,false,development,https://doi.org/10.1017/XPS.2018.27,3–5,Research Design; Measurement,The authors fielded two telephone surveys and randomized bilingual adults to interview language before quantitative issue-salience and political-knowledge measurements.,not stated,not stated,no reuse established,https://doi.org/10.7910/DVN/0XSLQX,identified in article; main methods sufficient for eligibility; not independently retrieved
85086600850,10.1017/xps.2019.2,Journal of Experimental Political Science,2020,Campaign mailers and intent to turnout: Do similar field and survey experiments yield the same conclusions?,YES,YES,YES,not stated,primary_ai_fulltext_review,high,Codex independent fulltext reviewer social,2026-10-07,false,development,https://www.cambridge.org/core/services/aop-cambridge-core/content/view/S2052263019000022,1;2;4;5,"Study design, participants and procedures",A team-run MTurk survey randomized campaign mailers and measured turnout intentions; the same authors also reused their previously reported field experiments.,Amazon Mechanical Turk,not stated,explicit reuse of the authors’ 2014 field experiments alongside a survey experiment,http://10.7910/DVN/6FP9Z6; https://doi.org/10.7910/DVN/6FP9Z6,supporting_page_unreviewed; supporting_repository_metadata_unreviewed; unavailable
85122139505,10.1017/XPS.2020.7,Journal of Experimental Political Science,2021,Inferring Intentions from Consequences: How Moral Judgments Shape Citizen Perceptions of Wartime Conduct,YES,YES,YES,not needed for eligibility,primary_ai_fulltext_review,high,Codex independent fulltext reviewer,2026-10-07,false,development,https://doi.org/10.1017/XPS.2020.7,1–3,Project collection statement; Theory and Empirics,Collection for this project is attributed to the authors’ research centers; their student and MTurk surveys randomized wartime consequences and measured intentionality ratings.,Amazon Mechanical Turk; Social Science Research Methods Center at William & Mary,not stated,no reuse established,https://doi.org/10.7910/DVN/YQP2UG,identified in article; main methods sufficient for eligibility; not independently retrieved
85126092639,10.1017/xps.2020.30,Journal of Experimental Political Science,2022,Citizens' Attitudes to Contact Tracing Apps,YES,YES,YES,none,primary_ai_fulltext_review,high,Codex independent fulltext reviewer social,2026-10-07,false,development,https://www.cambridge.org/core/services/aop-cambridge-core/content/view/F9B8B8CFE051E6D89C3C9ADD6DF76019/S2052263020000305a.pdf/div-class-title-citizens-attitudes-to-contact-tracing-apps-div.pdf,3;4;5,"Study design, participants and procedures",The team purchased UKonlinepanels and randomized data-breach messaging and contact-tracing app attributes within questionnaire choice/rating studies.,Dynata; Prolific Academic,not stated,NO,http://Aspredicted.org; https://github.com/astrezhnev/conjointsdt,No supporting resource retrieved in this review; main methods examined.
85174000856,10.1017/XPS.2022.19,Journal of Experimental Political Science,2023,The Civic Option? Using Experiments to Estimate the Effects of Consuming Information in Local Elections,YES,YES,YES,not needed for eligibility,primary_ai_fulltext_review,high,Codex independent fulltext reviewer,2026-10-07,false,development,https://doi.org/10.1017/XPS.2022.19,4–7,Study design; Methods,"The authors emailed a voter-register sample, administered quantitative candidate-choice questions and randomized voter information; published candidate questionnaires were combined with original participant data.",not stated,Qualtrics,no reuse established,https://doi.org/10.7910/DVN/KVBIRQ,identified in article; main methods sufficient for eligibility; not independently retrieved
85169622619,10.1017/xps.2023.27,Journal of Experimental Political Science,2024,Paying for growth or goods: Tax morale among property owners in Lagos,YES,YES,YES,none,primary_ai_fulltext_review,high,Codex independent fulltext reviewer social,2026-10-07,false,development,https://www.cambridge.org/core/services/aop-cambridge-core/content/view/6F001471B9DBF649DEF9BDC4C48179B0/S2052263023000271a.pdf/div-class-title-paying-for-growth-or-goods-tax-morale-among-property-owners-in-lagos-div.pdf,2;3,"Study design, participants and procedures",The authors recruited Lagos property owners and randomized road-project benefit frames within an online questionnaire measuring tax morale.,Facebook,Qualtrics,NO,,No supporting resource retrieved in this review; main methods examined.
85208237881,10.1017/XPS.2024.10,Journal of Experimental Political Science,2025,Is a Picture Worth 280 Characters?: Contextually Realistic Graphics vs. Plain Text in Survey Experiments,YES,YES,YES,not needed for eligibility,primary_ai_fulltext_review,high,Codex independent fulltext reviewer,2026-10-07,false,development,https://doi.org/10.1017/XPS.2024.10,4–7,Method,"The authors administered three original surveys to Lucid and Prolific samples, randomizing graphical presentation; the third is a replication with new respondents, not solely data reanalysis.",Lucid Theorem; Prolific,not stated,new-data replication,https://doi.org/10.7910/DVN/KTAJ9N,identified in article; main methods sufficient for eligibility; not independently retrieved
85090584398,10.1037/xge0000878,Journal of Experimental Psychology: General,2021,Linking metacognition and mindreading: Evidence from autism and dual-task investigations.,YES,YES,NO,see rationale,primary_ai_fulltext_review,high,Codex independent fulltext reviewer,2026-10-07,false,development,https://kar.kent.ac.uk/84868/1/Nicholson%2C%20Williams%2C%20Lind%2C%20Grainger%2C%20and%20Carruthers%20%282021%29.pdf,PDF pp. 4–12; Experiments 1–3 Methods,PDF pp. 4–12; Experiments 1–3 Methods,"The team assessed autistic/neurotypical participants, then recruited adults for single-versus-dual-task manipulations and two further dual-task conditions. These are participant cognitive experiments. Parent diagnostic scales and trial confidence judgments are ancillary measurements, with no distinct primary survey study.",not stated,JASP 0.8.1; G*Power3,no,,main methods sufficient; no supplemental evidence required
85134782679,10.1037/xge0001250,Journal of Experimental Psychology: General,2022,Algorithmic Discrimination Causes Less Moral Outrage Than Human Discrimination,YES,YES,YES,not stated,provisional_ai_review,high,root_fulltext,2026-10-07,false,holdout,https://doi.org/10.1037/xge0001250,"PDF Studies 1–8 participant/procedure sections, pp. 4–20; raw-text cross-check","PDF Studies 1–8 participant/procedure sections, pp. 4–20; raw-text cross-check","Eight recruited vignette questionnaire studies assign algorithm/human or other discriminatory-agent descriptions and collect moral judgments. Prolific, MTurk and a Norwegian technology-worker sample provide own-team data. Fictional software in vignettes is not study software.",Prolific; Amazon Mechanical Turk,G*Power,NO,,"Main-text methods sufficient for stated decision; linked resources recorded in acquisition log, not counted as inspected."
85170231515,10.1037/xge0001436,Journal of Experimental Psychology: General,2023,The Role of Political Devotion in Sharing Partisan Misinformation and Resistance to Fact-Checking,YES,YES,YES,see rationale,primary_ai_fulltext_review,high,Codex independent fulltext reviewer,2026-10-07,false,development,https://doi.org/10.1037/xge0001436,"PDF pp. 4–5, 8, 12; Experiments 1–3 Methods","PDF pp. 4–5, 8, 12; Experiments 1–3 Methods","The team commissioned Spanish and US online survey experiments manipulating misinformation fact-checks, with response likelihood, values and political attitudes measured in questionnaires. Separate stimulus pilots and a newly recruited fMRI experiment also collect participant data.",YouGov Spain; Prolific,R; MATLAB 2020a; Psychtoolbox; SPM12,no,,main methods sufficient; no supplemental evidence required
85206618776,10.1037/xge0001662,Journal of Experimental Psychology: General,2024,Psychological Underpinnings of Partisan Bias in Tie Formation on Social Media,YES,YES,YES,see rationale,primary_ai_fulltext_review,high,Codex independent fulltext reviewer,2026-10-07,false,development,https://doi.org/10.1037/xge0001662,PDF pp. 2–4 and 6; Studies 1–2 Methods,PDF pp. 2–4 and 6; Studies 1–2 Methods,"The team randomized Twitter users to follow attempts by manipulated research accounts, recording their responses, and separately recruited 990 Lucid respondents for a questionnaire experiment with randomized account profiles. Both original field and primary survey experiments qualify.",Lucid,Twitter API,no,,main methods sufficient; no supplemental evidence required
84949921874,10.1016/j.jesp.2015.10.010,Journal of Experimental Social Psychology,2016,A lesson in bias: The relationship between implicit racial bias and performance in pedagogical contexts,YES,YES,NO,see rationale,primary_ai_fulltext_review,high,Codex independent fulltext reviewer,2026-10-07,false,development,https://api.elsevier.com/content/article/doi/10.1016/j.jesp.2015.10.010?view=FULL,Studies 1–2 Method and Measures,Studies 1–2 Method and Measures,The team recruited instructor/learner dyads for a videotaped lesson procedure and a second student sample randomly assigned to lesson videos. Performance tests and implicit/explicit bias scales accompany instructional experiments; no separate primary questionnaire survey is reported.,not stated,PROCESS,no,,main methods sufficient; no supplemental evidence required
85014967903,10.1016/j.jesp.2017.02.006,Journal of Experimental Social Psychology,2017,The Self-Referencing task: Theoretical overview and empirical evidence,YES,YES,NO,see rationale,primary_ai_fulltext_review,high,Codex independent fulltext reviewer,2026-10-07,false,development,https://api.elsevier.com/content/article/doi/10.1016/j.jesp.2017.02.006?view=FULL,Sections 1.5 and 2 Method; 2.3 Meta-analytic computation,Sections 1.5 and 2 Method; 2.3 Meta-analytic computation,"This single-lab meta-analysis explicitly reuses original participant-level datasets from 53 studies the authors ran, including unpublished studies. Earlier own-team collection qualifies. The studies manipulate self-referencing tasks; attitude ratings are outcomes of these tasks, not separate primary surveys.",not stated,not stated,"yes, own laboratory studies conducted 2006–2015",,main methods sufficient; no supplemental evidence required
85048490203,10.1016/j.jesp.2018.04.009,Journal of Experimental Social Psychology,2018,About face: Memory for transgender versus cisgender targets' facial appearance,YES,YES,YES,face-memory tasks,provisional_ai_review,high,root_fulltext,2026-10-07,false,holdout,https://api.elsevier.com/content/article/doi/10.1016/j.jesp.2018.04.009?view=FULL,XML Studies 1–5 participants/design/procedure including stimulus pretesting,XML Studies 1–5 participants/design/procedure including stimulus pretesting,Five original MTurk experiments vary described gender history and identity. Study 1 is a primary vignette questionnaire without a displayed face; later studies add face-memory tasks and validation pretests.,Amazon Mechanical Turk,FantaMorph,NO,,"Main-text methods sufficient for stated decision; linked resources recorded in acquisition log, not counted as inspected."
85059965015,10.1016/j.jesp.2019.01.003,Journal of Experimental Social Psychology,2019,Changing impressions: Moral character dominates impression updating,YES,YES,YES,see rationale,primary_ai_fulltext_review,high,Codex independent fulltext reviewer,2026-10-07,false,development,https://api.elsevier.com/content/article/doi/10.1016/j.jesp.2019.01.003?view=FULL,"Experiments 1–3 Method and pilot-study footnotes 1, 4","Experiments 1–3 Method and pilot-study footnotes 1, 4","The team recruited students for two laboratory impression-updating experiments and 267 adults for a between-person online vignette experiment using multiple questionnaire measures of dispositions, intentions and perceived frequency. The third experiment is a primary questionnaire experiment; standalone stimulus-rating pilots also supply custom data.",not stated,E-Prime 2.1; G*Power,no,,main methods sufficient; no supplemental evidence required
85088661562,10.1016/j.jesp.2020.104027,Journal of Experimental Social Psychology,2020,Allocating moral responsibility to multiple agents,YES,YES,YES,see rationale,primary_ai_fulltext_review,high,Codex independent fulltext reviewer,2026-10-07,false,development,https://doi.org/10.1016/j.jesp.2020.104027,"PDF pp. 3, 5–6; Experiments 1, 2a, 2b Methods","PDF pp. 3, 5–6; Experiments 1, 2a, 2b Methods","The team recruited Mechanical Turk respondents for primary vignette questionnaire experiments varying agent roles and harmful/helpful outcomes; outcomes are blame, intent, punishment and reward judgments. These are original survey experiments.",Amazon Mechanical Turk,G*Power 3.1,no,,main methods sufficient; no supplemental evidence required
85092909928,10.1016/j.jesp.2020.104079,Journal of Experimental Social Psychology,2021,Fluency in the in-out effect: The role of structural mere exposure effects,YES,YES,NO,see rationale,primary_ai_fulltext_review,high,Codex independent fulltext reviewer,2026-10-07,false,development,https://api.elsevier.com/content/article/doi/10.1016/j.jesp.2020.104079?view=FULL,"Section 2 Method, including 2.6 Pilot study","Section 2 Method, including 2.6 Pilot study","The team newly recruited participants for randomized inward/outward word-memory training and later word liking/fluency judgments. A separate pilot rated words without training. These are psycholinguistic stimulus-rating tasks, not primary surveys, even though implemented in survey software.",Prolific Academic,SoSci Survey; G*Power 3,no,,main methods sufficient; no supplemental evidence required
85132775383,10.1016/j.jesp.2022.104348,Journal of Experimental Social Psychology,2022,Equating silence with violence: When White Americans feel threatened by anti-racist messages,YES,YES,YES,not stated,provisional_ai_review,high,root_fulltext,2026-10-07,false,holdout,https://doi.org/10.1016/j.jesp.2022.104348,"PDF methods for Studies 1–4b, pp. 4–5, 8–9, 11–12, 15, 17; raw-text cross-check","PDF methods for Studies 1–4b, pp. 4–5, 8–9, 11–12, 15, 17; raw-text cross-check","Original online surveys and randomized message experiments recruit through Prolific and MTurk/CloudResearch; message exposure and framing are manipulated within primary questionnaires, including distinct pilot and validation studies.",Prolific; Amazon Mechanical Turk; CloudResearch,not stated,NO,,"Main-text methods sufficient for stated decision; linked resources recorded in acquisition log, not counted as inspected."
85149638072,10.1016/j.jesp.2023.104457,Journal of Experimental Social Psychology,2023,When more is less: Self-control strategies are seen as less indicative of self-control than just willpower,YES,YES,YES,see rationale,primary_ai_fulltext_review,high,Codex independent fulltext reviewer,2026-10-07,false,development,https://api.elsevier.com/content/article/doi/10.1016/j.jesp.2023.104457?view=FULL,Overview; Experiments 1–5 Method; Experiment 5 Pilot,Overview; Experiments 1–5 Method; Experiment 5 Pilot,"The team recruited online respondents to questionnaire experiments manipulating descriptions of self-control strategy use and measuring judgments, beliefs and intended strategy use. The independently recruited randomized article pilot also qualifies.",CloudResearch; Prolific Academic,not stated,no,,main methods sufficient; no supplemental evidence required
85183614747,10.1016/j.jesp.2023.104588,Journal of Experimental Social Psychology,2024,Moral thin-slicing: Forming moral impressions from a brief glance,YES,YES,NO,see rationale,primary_ai_fulltext_review,high,Codex independent fulltext reviewer,2026-10-07,false,development,https://api.elsevier.com/content/article/doi/10.1016/j.jesp.2023.104588?view=FULL,Studies 1–4 Method; Study 1 Stimuli describes S1 norming,Studies 1–4 Method; Study 1 Stimuli describes S1 norming,"Four newly recruited perceptual experiments vary image exposure duration, role visibility or luminance and elicit speeded yes/no judgments. The norming component also elicits picture judgments. These are perceptual tasks; neither brief task judgments nor norming responses establish a primary questionnaire survey.",Amazon Mechanical Turk; Prolific,custom HTML/CSS/jQuery browser software,no,,main methods sufficient; no supplemental evidence required
85207160098,10.1016/j.jesp.2024.104692,Journal of Experimental Social Psychology,2025,Hierarchy as a signal of culture and belonging: Exploring why egalitarian ideology predicts aversion to hierarchical organizations,YES,YES,YES,see rationale,primary_ai_fulltext_review,high,Codex independent fulltext reviewer,2026-10-07,false,development,https://api.elsevier.com/content/article/doi/10.1016/j.jesp.2024.104692?view=FULL,Studies 1a–3b Method; Practical implications,Studies 1a–3b Method; Practical implications,The team recruited MBA students and online workers into primary questionnaire experiments manipulating hypothetical organizational hierarchy and measuring organizational attraction/belonging. The paper also describes an original 102-student career-fair survey. All are original participant data; survey and experiment both apply.,CloudResearch; Amazon Mechanical Turk; Prolific,G*Power; PROCESS,no,,main methods sufficient; no supplemental evidence required
85143276771,10.1111/jofi.13188,Journal of Finance,2023,Optimal Financial Transaction Taxes,NO,NO,NO,none,primary_ai_fulltext_review,high,Codex independent fulltext reviewer social,2026-10-07,false,development,http://www.nber.org/papers/w27826.pdf,2;5;6;7,"Study design, participants and procedures",The paper derives optimal transaction taxes theoretically and calibrates them to published estimates; no participant collection. Source is a working paper matching title and author.,not stated,not stated,NO,http://www.nber.org/data-appendix/w27838,No supporting resource retrieved in this review; main methods examined.
84956667426,10.1016/j.jfineco.2015.09.009,Journal of Financial Economics,2016,The cross-sectional variation of volatility risk premia,NO,NO,NO,none,primary_ai_fulltext_review,high,Codex independent fulltext reviewer social,2026-10-07,false,development,https://api.elsevier.com/content/article/doi/10.1016/j.jfineco.2015.09.009?view=FULL,1,"Study design, participants and procedures","Stock and option records are from OptionMetrics, with external French factors and Federal Reserve series. No author-designed human research procedure.",not stated,not stated,NO,,No supporting resource retrieved in this review; main methods examined.
85019602948,10.1016/j.jfineco.2017.04.008,Journal of Financial Economics,2017,What do measures of real-time corporate sales say about earnings surprises and post-announcement returns?,NO,NO,NO,none,primary_ai_fulltext_review,high,Codex independent fulltext reviewer social,2026-10-07,false,development,https://api.elsevier.com/content/article/doi/10.1016/j.jfineco.2017.04.008?view=FULL,1,"Study design, participants and procedures","The team constructs retail-sales proxies from proprietary passive consumer-device events, queries and coupon downloads, then links financial data. Despite calling this collection, no participant research procedure is designed or commissioned.",not stated,not stated,NO,,No supporting resource retrieved in this review; main methods examined.
85050483191,10.1016/j.jfineco.2018.07.010,Journal of Financial Economics,2018,Home away from home? Foreign demand and London house prices,NO,NO,NO,none,primary_ai_fulltext_review,high,Codex independent fulltext reviewer social,2026-10-07,false,development,https://api.elsevier.com/content/article/doi/10.1016/j.jfineco.2018.07.010?view=FULL,1,"Study design, participants and procedures","Analysis links Land Registry, Nationwide mortgages, ownership, census and risk-index data; no author-team participant collection.",not stated,not stated,NO,,No supporting resource retrieved in this review; main methods examined.
85055896636,10.1016/j.jfineco.2018.10.003,Journal of Financial Economics,2019,What a difference a (birth) month makes: The relative age effect and fund manager performance,YES,NO,YES,none,primary_ai_fulltext_review,high,Codex independent fulltext reviewer social,2026-10-07,false,development,https://api.elsevier.com/content/article/doi/10.1016/j.jfineco.2018.10.003?view=FULL,1,"Study design, participants and procedures","Alongside external fund-manager records, the authors newly commission 34 MTurk respondents to compare 2000 photo pairs and repeat for reliability and attractiveness. The main survey measures naturally differing photographed managers; randomized display side alone is not an intervention contrast.",Amazon Mechanical Turk,not stated,NO,,No supporting resource retrieved in this review; main methods examined.
85073515239,10.1016/j.jfineco.2019.08.007,Journal of Financial Economics,2020,Portfolio rebalancing in general equilibrium,NO,NO,NO,none,primary_ai_fulltext_review,high,Codex independent fulltext reviewer social,2026-10-07,false,development,https://api.elsevier.com/content/article/doi/10.1016/j.jfineco.2019.08.007?view=FULL,1,"Study design, participants and procedures",General-equilibrium portfolio theory illustrated with existing Federal Reserve Survey of Consumer Finances waves; no author collection role.,not stated,not stated,NO,,No supporting resource retrieved in this review; main methods examined.
85090478697,10.1016/j.jfineco.2020.08.018,Journal of Financial Economics,2021,Stock market liberalization and innovation,NO,NO,NO,none,primary_ai_fulltext_review,high,Codex independent fulltext reviewer social,2026-10-07,false,development,https://api.elsevier.com/content/article/doi/10.1016/j.jfineco.2020.08.018?view=FULL,1,"Study design, participants and procedures","Patent, stock-market liberalization and financial records are assembled from external databases. Policy changes provide causal variation without author-team participant collection.",not stated,not stated,NO,,No supporting resource retrieved in this review; main methods examined.
85112454644,10.1016/j.jfineco.2021.10.002,Journal of Financial Economics,2022,Token-based platform finance,NO,NO,NO,none eligible,primary_ai_fulltext_review,high,Codex independent fulltext reviewer social,2026-10-07,false,holdout,https://api.elsevier.com/content/article/doi/10.1016/j.jfineco.2021.10.002?view=FULL,1,"Study design, participants and procedures",The paper develops and solves a theoretical token-finance model; its institutional examples and numerical illustrations do not collect quantitative participant responses.,not stated,not stated,not applicable,,No supporting resource retrieved in this review; main methods examined.
85170541743,10.1016/j.jfineco.2023.103709,Journal of Financial Economics,2023,When large traders create noise,NO,NO,NO,none,primary_ai_fulltext_review,high,Codex independent fulltext reviewer social,2026-10-07,false,development,https://api.elsevier.com/content/article/doi/10.1016/j.jfineco.2023.103709?view=FULL,1,"Study design, participants and procedures","The article develops a trading model and analyzes shared/existing market and institutional investment records; cited PwC and Natixis surveys were external, with no team collection role.",not stated,not stated,NO,,No supporting resource retrieved in this review; main methods examined.
85186092035,10.1016/j.jfineco.2024.103807,Journal of Financial Economics,2024,Siphoned apart: A portfolio perspective on order flow segmentation,NO,NO,NO,none eligible,primary_ai_fulltext_review,high,Codex independent fulltext reviewer social,2026-10-07,false,holdout,https://api.elsevier.com/content/article/doi/10.1016/j.jfineco.2024.103807?view=FULL,1,"Study design, participants and procedures",The article develops an inventory-based theoretical model of order-flow segmentation with comparative statics and numerical illustrations. The linked code/data repository is not evidence of participant recruitment.,not stated,not stated,not applicable,,No supporting resource retrieved in this review; main methods examined.
105001507531,10.1016/j.jfineco.2025.104057,Journal of Financial Economics,2025,Reaching for yield: Evidence from households,NO,NO,NO,none,primary_ai_fulltext_review,high,Codex independent fulltext reviewer social,2026-10-07,false,development,https://api.elsevier.com/content/article/doi/10.1016/j.jfineco.2025.104057?view=FULL,1,"Study design, participants and procedures",The study analyzes 2006–2016 brokerage transaction records and external rates; it does not measure participants through an author-designed research procedure.,not stated,not stated,NO,,No supporting resource retrieved in this review; main methods examined.
84951830414,10.1086/682366,Journal of Labor Economics,2016,Did the job ladder fail after the great recession?,NO,NO,NO,none,primary_ai_fulltext_review,high,Codex independent fulltext reviewer social,2026-10-07,false,development,https://sciencespo.hal.science/hal-03568462/document,3;6,"Study design, participants and procedures","The study calibrates job-ladder models to existing BLSJOLTS and administrative business employment statistics. A national employer survey supplied by BLS is external data, not author collection.",not stated,not stated,NO,,No supporting resource retrieved in this review; main methods examined.
84979901982,10.1177/0149206313506938,Journal of Management,2016,The Variety of Governance Structures Beyond Market and Hierarchy,YES,NO,YES,not needed for eligibility,primary_ai_fulltext_review,high,Codex independent fulltext reviewer,2026-10-07,false,development,https://repository.tilburguniversity.edu/bitstreams/8298c61e-10fa-4338-8213-61ff19598598/download,13–17,Method: Sample and Data Collection; Measures,"The researchers recruited construction firms and project managers and administered original quantitative questionnaires about transactions. Latent-class and regression analysis are observational, with no assigned intervention.",not stated,not stated,not established,,main methods sufficient for eligibility; no external supplement needed
85018659629,10.1177/0149206316628643,Journal of Management,2018,"The Business Case for Women Leaders: Meta-Analysis, Research Critique, and Path Forward",NO,NO,NO,see rationale,primary_ai_fulltext_review,high,Codex independent fulltext reviewer,2026-10-07,false,development,https://repository.up.ac.za/bitstream/2263/69115/1/Hoobler_Business_2018.pdf,"PDF pp10–13, Literature Search and Inclusion Criteria; Meta-Analytic Method","PDF pp10–13, Literature Search and Inclusion Criteria; Meta-Analytic Method",The authors pool effect sizes from 78 earlier studies and use externally reported country indicators. Literature retrieval and coding are the only original data construction; no participant collection is reported.,not stated,not stated,not applicable,,main methods sufficient; no supplemental evidence required
85084589250,10.1177/0149206320914694,Journal of Management,2020,Network Brokerage: An Integrative Review and Future Research Agenda,NO,NO,NO,see rationale,primary_ai_fulltext_review,high,Codex independent fulltext reviewer,2026-10-07,false,development,https://eprints.lancs.ac.uk/id/eprint/142636/1/Kwon_et_al._2020_JOM_Network_Brokerage.pdf,"PDF pp4–5, Scope and Method; pp92–95, Methodological Supplement","PDF pp4–5, Scope and Method; pp92–95, Methodological Supplement","The article and appended methodological supplement describe database searching, reading, and coding published network-brokerage research. No own-team quantitative participant study is conducted.",not stated,not stated,not applicable,,main methods sufficient; no supplemental evidence required
85104374923,10.1177/0149206321997912,Journal of Management,2022,Lost Control Driving Home: A Dual-Pathway Model of Self-Control Work Demands and Commuter Driving,YES,NO,YES,see rationale,primary_ai_fulltext_review,high,Codex independent fulltext reviewer,2026-10-07,false,development,https://repub.eur.nl/pub/135426/Clinton-Hewett-Conway-Poulter-2021-JOM-driving-self-control-loss.pdf,"PDF pp8–10, Study1 Method; pp15–17, Study2 Method","PDF pp8–10, Study1 Method; pp15–17, Study2 Method","Study1 recruits commuting workers for researcher-defined diaries and installed telematics measurement; Study2 recruits working adults for original time-lagged questionnaires. Both measure naturally occurring demands/driving, with no imposed exposure or intervention.",Prolific Academic Limited,Mplus 7.4,not established,,main methods sufficient; no supplemental evidence required
85067046561,10.1177/0022242918813119,Journal of Marketing,2019,The temporary marketing organization,NO,NO,NO,see rationale,primary_ai_fulltext_review,high,Codex independent fulltext reviewer,2026-10-07,false,holdout,https://www.repository.cam.ac.uk/bitstreams/88e6e5a2-b8bc-473a-9186-e277ab3908eb/download,PDF pp. 3–7 and 30–36; conceptual framework and future research,PDF pp. 3–7 and 30–36; conceptual framework and future research,"The paper develops an agency-theory and embedded-ties conceptual framework with propositions and published organizational examples, followed by future-research proposals. It reports no original or reused own-team participant dataset.",not stated,not stated,not applicable,,main methods sufficient; no supplemental evidence required
85078439851,10.1177/0022242919899383,Journal of Marketing,2020,Improvised Marketing Interventions in Social Media,YES,YES,YES,not needed for eligibility,primary_ai_fulltext_review,high,Codex independent fulltext reviewer,2026-10-07,false,development,https://spiral.imperial.ac.uk/bitstreams/67a6fa9f-077e-488b-a5da-4753ced64590/download,8–10,Study 2: Design and Sample,"Study 2 recruited 800 MTurk participants and randomized tweet characteristics, then collected quantitative ratings and survey responses. Other studies analyze existing social-media traces; those do not negate this original experiment.",Amazon Mechanical Turk,not stated,not established,,main methods sufficient for eligibility; no external supplement needed
84995899378,10.1509/jmr.14.0170,Journal of Marketing Research,2016,Customer acquisition and retention spending: An analytical model and empirical investigation in wireless telecommunications markets,NO,NO,NO,no eligible quantitative method,primary_ai_fulltext_review,high,Codex independent fulltext reviewer,2026-10-07,false,development,https://ira.lib.polyu.edu.hk/bitstream/10397/97068/1/Zhang_Customer_Acquisition_Retention.pdf,23–25;34–35,Empirical Analysis: Data; validation analysis,"The paper combines a mathematical model with existing telecom operating metrics from Merrill Lynch and additional AT&T accounting/CRM records. Customer costs are inferred from company aggregates, without an author-designed participant measurement procedure.",not stated,not stated,not established,,main methods sufficient for eligibility; no external supplement needed
85049036585,10.1111/jomf.12488,Journal of Marriage and Family,2018,Gender Equality and Restless Sleep Among Partnered Europeans,NO,NO,NO,none eligible,primary_ai_fulltext_review,high,Codex independent fulltext reviewer social,2026-10-07,false,holdout,https://minerva-access.unimelb.edu.au/bitstreams/f2d3812d-d296-5a6c-9a6e-937fa13ddc53/download,12;13;14;15,"Study design, participants and procedures",The accepted manuscript analyzes existing 2006 European Social Survey responses linked with UN macro indicators. No original author-team module or participant collection is described.,not stated,not stated,not applicable,,No supporting resource retrieved in this review; main methods examined.
86000372690,10.1111/jomf.13037,Journal of Marriage and Family,2025,Gender inequality in intergenerational contact after parental separation in the digital era,NO,NO,NO,none,primary_ai_fulltext_review,high,Codex independent fulltext reviewer social,2026-10-07,false,development,https://www.research.unipd.it/bitstream/11577/3532722/1/J%20of%20Marriage%20and%20Family%20-%202024%20-%20Tosi%20-%20Gender%20inequality%20in%20intergenerational%20contact%20after%20parental%20separation%20in%20the.pdf,4,"Study design, participants and procedures",Analysis of external ISTAT Families Social Subjects 2014 survey; no team participant collection.,not stated,not stated,NO,https://osf.io/preprints/socarxiv/y7k68,No supporting resource retrieved in this review; main methods examined.
84994645666,10.1002/job.2128,Journal of Organizational Behavior,2017,The sound of cooperation: Musical influences on cooperative behavior,YES,YES,NO,public-goods games; auditory stimulus-rating pretest,primary_ai_fulltext_review,high,metadata_agent_after_prediction_freeze,2026-10-07,false,development,https://www.ebi.ac.uk/europepmc/webservices/rest/PMC5347889/fullTextXML,"XML Study 1: Participants and procedures, Independent variable, Dependent variables; Study 2: Participants and procedures, Mood; Acknowledgements","XML Study 1: Participants and procedures, Independent variable, Dependent variables; Study 2: Participants and procedures, Mood; Acknowledgements","Two new student laboratory experiments randomly assign music conditions during incentivized public-goods games (78 and 188 participants). A distinct 44-person song pretest rates perceived audio stimuli; it is a stimulus-norming task, while main-study demographics and mood scales are ancillary. Neither is a primary survey. This boundary was independently checked by the prompt-review agent.",not stated,VECON Lab,NO,,Main-text methods sufficient; no separate supporting materials identified in the source.
85119286497,10.1037/pspi0000373,Journal of Personality and Social Psychology,2022,Nonlinear Effect of Social Interaction Quantity on Psychological Well-Being: Diminishing Returns or Inverted U?,YES,YES,YES,see rationale,primary_ai_fulltext_review,high,Codex independent fulltext reviewer,2026-10-07,false,development,https://repository.tilburguniversity.edu/bitstreams/70eafb43-7dd9-4eec-9ebd-b6fce224a6e1/download,"PDF pp. 10–12, 25–26, 30–31, 35–36; Studies 1, 4, 5, 6","PDF pp. 10–12, 25–26, 30–31, 35–36; Studies 1, 4, 5, 6","The paper combines an original randomized career-forecast questionnaire experiment with newly recruited seven-day diary and experience-sampling surveys, as well as external ESS, school-network and LISS data analyses. Own-team collection in Studies 1, 4 and 5 is explicit; mixed external components do not exclude the article.",Amazon Mechanical Turk; Prolific Academic,R 4.0.0; lme4; lmerTest; nlme; SIMR,not stated,,main methods sufficient; no supplemental evidence required
85211828104,10.1037/pspp0000515,Journal of Personality and Social Psychology,2024,Differences in Natural Standing Posture Are Associated With Antisocial and Manipulative Personality Traits,YES,YES,NO,see rationale,primary_ai_fulltext_review,high,Codex independent fulltext reviewer,2026-10-07,false,development,https://mcgill.scholaris.ca/bitstreams/08fd1f77-e7d5-4ae8-ba69-1c4c05547769/download,"PDF pp. 4, 6–12; Studies 1–5 Methods","PDF pp. 4, 6–12; Studies 1–5 Methods","The team recruited participants to personality/posture assessment sessions, obtained original photographs and physiological measurements, and manipulated instructed dominant/submissive poses in Study 3. Personality questionnaire batteries support a multimethod posture assessment rather than a distinct primary survey study. Study 1 includes explicitly acknowledged earlier team data.",not stated,JATOS; jsPsych; JavaScript; PostureScreen; OpenPOSE,"yes, partial Study 1 data previously reported by same authors",,main methods sufficient; no supplemental evidence required
85089134085,10.1086/708856,Journal of Political Economy,2020,Experience of communal conflicts and intergroup lending,NO,NO,NO,none,primary_ai_fulltext_review,high,Codex independent fulltext reviewer social,2026-10-07,false,development,https://lbsresearch.london.edu/id/eprint/1452/1/riots_JPE_main.pdf,8;9;11,"Study design, participants and procedures",The study links existing bank loan and officer records to external riot histories; no team-designed participant collection. Source is repository manuscript.,not stated,not stated,NO,,No supporting resource retrieved in this review; main methods examined.
85107955429,10.1086/714445,Journal of Political Economy,2021,An equilibrium model of the market for bitcoin mining,NO,NO,NO,none eligible,primary_ai_fulltext_review,high,Codex independent fulltext reviewer social,2026-10-07,false,holdout,http://crest.science/RePEc/wpstorage/2017-15.pdf,2;3;4,"Study design, participants and procedures",The archived manuscript models the Bitcoin mining market and calibrates against public transaction/computing-power and exchange-rate records. Calling the market a laboratory does not create a human participant procedure.,not stated,not stated,not applicable,https://github.com/bellaj/Blockchain/blob/master/Information%; https://github.com/bellaj/Blockchain/blob/master/Information%20Propagation%20in%20the%20Bitcoin%20Network.pdf,No supporting resource retrieved in this review; main methods examined.
85151761347,10.1086/722088,Journal of Political Economy,2023,Risk-Sharing Externalities,NO,NO,NO,none,primary_ai_fulltext_review,high,Codex independent fulltext reviewer social,2026-10-07,false,development,https://knowledge.uchicago.edu/records/7vj90-45q91/files/Risk-Sharing-Externalities.pdf,1;4;5;33,"Study design, participants and procedures","The paper develops a theoretical model of risk sharing and optimal policy, with analytical and numerical results, not participant data collection.",not stated,not stated,NO,https://knowledge.uchicago.edu/records/7vj90-45q91/files/20200348Appendix.pdf; https://knowledge.uchicago.edu/records/7vj90-45q91/files/20200348Appendix.pdf?download=1; https://knowledge.uchicago.edu/records/7vj90-45q91/preview/20200348Appendix.pdf?include_deleted=0,No supporting resource retrieved in this review; main methods examined.
85062262291,10.1093/jopart/muy035,Journal of Public Administration Research and Theory,2019,Acceptance or disapproval: Performance information in the eyes of public frontline employees,YES,YES,YES,not needed for eligibility,primary_ai_fulltext_review,high,Codex independent fulltext reviewer,2026-10-07,false,development,https://doi.org/10.1093/jopart/muy035,22–25,Research Design,"The authors emailed 6975 teachers, collected 1988 survey responses and randomized exposure to actual school performance data; official statistics serve as stimuli, alongside original responses.",not stated,not stated,no reuse established,,main methods sufficient for eligibility
85193223068,10.1093/jopart/muac007,Journal of Public Administration Research and Theory,2023,Human-AI Interactions in Public Sector Decision Making: “Automation Bias” and “Selective Adherence” to Algorithmic Advice,YES,YES,YES,none,primary_ai_fulltext_review,high,Codex independent fulltext reviewer social,2026-10-07,false,holdout,https://arxiv.org/pdf/2103.02381,5;6;7;10;11,"Study design, participants and procedures","The authors ran three randomized vignette surveys of Dutch citizens and civil servants, manipulating algorithmic/human advice and scenario information. A hypothetical school-board decision embedded in a questionnaire is a survey experiment.",Dynata; ICTU,Qualtrics,no,http://academic.oup.com/jpart/article-lookup/doi/10.1093/jopart/muac007#supplementary-data; https://aspredicted; https://aspredicted.org/; https://aspredicted.org/5de9d.pdf; https://aspredicted.org/v3u29.pdf,No supporting resource retrieved in this review; main methods examined.
85177437929,10.1093/jopart/muad020,Journal of Public Administration Research and Theory,2024,Assessing the Effects of User Accountability in Contracting Out,NO,NO,NO,none,primary_ai_fulltext_review,high,Codex independent fulltext reviewer social,2026-10-07,false,development,https://digibug.ugr.es/bitstream/10481/85569/1/muad020.pdf,4;5;7,"Study design, participants and procedures","The study analyzes pre-existing municipal water-service, government finance and census records from external public agencies; no author-team collection.",not stated,not stated,NO,,No supporting resource retrieved in this review; main methods examined.
84949499184,10.1007/s11747-015-0468-z,Journal of the Academy of Marketing Science,2016,An offer you can’t refuse: consumer perceptions of sales pressure,YES,NO,YES,not needed for eligibility,primary_ai_fulltext_review,high,Codex independent fulltext reviewer,2026-10-07,false,development,http://link.springer.com/content/pdf/10.1007/s11747-015-0468-z.pdf,4;7–8;10–12,Method; Sample and measures,"Beyond a qualitative exploratory component, the team administered original quantitative scale-development surveys and a final consumer questionnaire. Hypothesized relationships were measured, not experimentally manipulated.",not stated,not stated,not established,,main methods sufficient for eligibility; no external supplement needed
85064119805,10.1007/s11747-017-0551-8,Journal of the Academy of Marketing Science,2017,Effects of offline ad content on online brand search: Insights from super bowl advertising,YES,NO,NO,see rationale,primary_ai_fulltext_review,high,Codex independent fulltext reviewer,2026-10-07,false,development,https://link.springer.com/content/pdf/10.1007/s11747-017-0551-8.pdf,"PDF pp6–9, Method; Independent variables and moderators; Table2","PDF pp6–9, Method; Independent variables and moderators; Table2","The external Google Trends and advertising records alone would not qualify. However, the team recruits 622 students for a defined ad-evaluation procedure, including their own liking and perceived source credibility. This participant-response component qualifies; neither natural Super Bowl exposure nor random assignment of existing ads for rating establishes an imposed treatment. Primary collection is an ad-rating task rather than a survey study.",not stated,not stated,not established,,main methods sufficient; no supplemental evidence required
85018794870,10.1007/s11747-017-0540-y,Journal of the Academy of Marketing Science,2018,Effect of analysts’ earnings pressure on marketing spending and stock market performance,NO,NO,NO,see rationale,primary_ai_fulltext_review,high,Codex independent fulltext reviewer,2026-10-07,false,development,https://link.springer.com/content/pdf/10.1007/s11747-017-0540-y.pdf,"PDF pp8–12, Model; Empirical test: Sample","PDF pp8–12, Model; Empirical test: Sample","All observations come from merged I/B/E/S, COMPUSTAT, CRSP and external financial indicators. Financial analyst expectations are existing commercial records, not a questionnaire commissioned by this article team.",not stated,not stated,not applicable,,main methods sufficient; no supplemental evidence required
85064193755,10.1007/s11747-019-00643-z,Journal of the Academy of Marketing Science,2019,Capabilities for market-shaping: triggering and facilitating increased value creation,NO,NO,NO,see rationale,primary_ai_fulltext_review,high,Codex independent fulltext reviewer,2026-10-07,false,holdout,http://link.springer.com/content/pdf/10.1007/s11747-019-00643-z.pdf,"PDF pp. 4–5 and 17; Research method, Data collection/analysis, Limitations","PDF pp. 4–5 and 17; Research method, Data collection/analysis, Limitations","Grounded-theory research uses open-ended interviews with 82 informants plus qualitative expert discussions, desk research and member checks. Coding produces concepts and case descriptions; counts describe the interview sample, without a quantitative participant response instrument or experimental procedure.",not stated,NVivo,not applicable,,main methods sufficient; no supplemental evidence required
85086363634,10.1007/s11747-020-00725-3,Journal of the Academy of Marketing Science,2020,Consumer arrogance and word-of-mouth,YES,YES,YES,see rationale,primary_ai_fulltext_review,high,Codex independent fulltext reviewer,2026-10-07,false,holdout,https://link.springer.com/content/pdf/10.1007/s11747-020-00725-3.pdf,"PDF pp. 5–6, 10, 12, 14; Pilot and Studies 1a–4 methods","PDF pp. 5–6, 10, 12, 14; Pilot and Studies 1a–4 methods","The team collected a standalone quantitative pilot survey from 1682 consumer-panel members and multiple randomized arrogance/manipulation studies with students, consumer panels and online workers. The primary pilot survey independently establishes survey eligibility even when experiments include writing tasks.",Amazon Mechanical Turk; Qualtrics panel; unnamed automobile/smartphone consumer panels,PROCESS,no,,main methods sufficient; no supplemental evidence required
85089381265,10.1007/s11747-020-00742-2,Journal of the Academy of Marketing Science,2021,We can fix this! Donor activism for nonprofit supply generation,NO,NO,NO,see rationale,primary_ai_fulltext_review,high,Codex independent fulltext reviewer,2026-10-07,false,development,https://link.springer.com/content/pdf/10.1007/s11747-020-00742-2.pdf,"PDF pp4–5, Methods; Data collection; Data analysis; Table1","PDF pp4–5, Methods; Data collection; Data analysis; Table1","The author collects six in-depth interviews, online discussions, field notes and media coverage for interpretive grounded-theory analysis. These qualitative accounts and descriptive counts do not constitute quantitative participant collection.",not stated,not stated,not applicable,,main methods sufficient; no supplemental evidence required
85124740559,10.1007/s11747-022-00842-1,Journal of the Academy of Marketing Science,2022,The boomerang effect of zero pricing: when and why a zero price is less effective than a low price for enhancing consumer demand,YES,YES,YES,see rationale,primary_ai_fulltext_review,high,Codex independent fulltext reviewer,2026-10-07,false,development,https://link.springer.com/content/pdf/10.1007/s11747-022-00842-1.pdf,"PDF pp7–9, Study1 data; Study2 Method; pp11–14 Studies3–5","PDF pp7–9, Study1 data; Study2 Method; pp11–14 Studies3–5","Study1 uses external tutoring-company course records, while Study2 recruits 205 students for an original randomized questionnaire experiment varying course price/format and eliciting enrollment interest. Other newly collected studies also manipulate price/risk. At least one study is primarily a survey experiment.",not stated,not stated,not established,,main methods sufficient; no supplemental evidence required
85126855640,10.1007/s11747-022-00841-2,Journal of the Academy of Marketing Science,2023,The effect of implementing chatbot customer service on stock returns: an event study analysis,YES,YES,YES,see rationale,primary_ai_fulltext_review,high,Codex independent fulltext reviewer,2026-10-07,false,development,https://link.springer.com/content/pdf/10.1007/s11747-022-00841-2.pdf,"PDF pp7,13–15, Method; Supplemental Studies1 and2","PDF pp7,13–15, Method; Supplemental Studies1 and2","The archival stock-return study is supplemented by an original150-person scenario experiment and152-person investor questionnaire, described substantively in the main text. The team recruits TurkPrime participants and elicits chatbot evaluations/expectations; both primary-survey and experimental collection qualify.",TurkPrime,not stated,not established,,main methods sufficient; no supplemental evidence required
85197713572,10.1007/s11747-024-01029-6,Journal of the Academy of Marketing Science,2024,Food and technology: Using digital devices for restaurant orders leads to indulgent outcomes,YES,YES,YES,see rationale,primary_ai_fulltext_review,high,Codex independent fulltext reviewer,2026-10-07,false,development,https://link.springer.com/content/pdf/10.1007/s11747-024-01029-6.pdf,"PDF pp5–7, Study1a Procedure; Study1b Procedure; Table1","PDF pp5–7, Study1a Procedure; Study1b Procedure; Table1",Study1a recruits144 restaurant customers for a standalone questionnaire after naturally chosen orders. Study1b separately imposes digital versus paper questionnaire modes on student classes and elicits hypothetical choices. Original survey and experimental collection are established independently of later field studies.,not stated,not stated,not established,,main methods sufficient; no supplemental evidence required
105004196113,10.1007/s11747-025-01103-7,Journal of the Academy of Marketing Science,2025,Exploring the interaction between television and branded search advertising: Implications for real-time syncing strategies,YES,YES,NO,see rationale,primary_ai_fulltext_review,high,Codex independent fulltext reviewer,2026-10-07,false,development,https://link.springer.com/content/pdf/10.1007/s11747-025-01103-7.pdf,"PDF pp7–8, Research context and method; Experimental variation; Dependent variables","PDF pp7–8, Research context and method; Experimental variation; Dependent variables","The team collaborates with a French retailer to run an11-day field experiment switching advertising conditions across regions and periods, measuring resulting website visits/conversions via Google Analytics. This is human behavior generated under a team-designed intervention rather than mere reuse of external digital traces. No primary survey study is reported.",not stated,Google Analytics,not established,,main methods sufficient; no supplemental evidence required
84989926977,10.1016/j.leaqua.2016.05.003,Leadership Quarterly,2016,A qualitative study investigating the ethical decision making process: A proposed model,NO,NO,NO,no eligible quantitative method,primary_ai_fulltext_review,high,Codex independent fulltext reviewer,2026-10-07,false,development,https://api.elsevier.com/content/article/doi/10.1016/j.leaqua.2016.05.003?view=FULL,XML: Methodology; Data collection; Data analysis; Results,Methodology; Data analysis,The sole study used 25 semi-structured interviews to build a grounded process model. Frequencies of coded themes and coder agreement support qualitative analysis; they do not establish a quantitative participant study under the prompt.,not stated,Atlas.ti 7.0,not established,,main methods sufficient for eligibility; no external supplement needed
85005992374,10.1016/j.leaqua.2016.10.008,Leadership Quarterly,2017,"Complementary person-supervisor fit: An investigation of supplies-values (S-V) fit, leader-member exchange (LMX) and work outcomes",YES,NO,YES,see rationale,primary_ai_fulltext_review,high,Codex independent fulltext reviewer,2026-10-07,false,development,https://api.elsevier.com/content/article/doi/10.1016/j.leaqua.2016.10.008?view=FULL,XML Method: Sample and procedure; Measures,XML Method: Sample and procedure; Measures,The team invited employees to two original online questionnaires and then recruited supervisors for employee-specific ratings with permission. This is original quantitative questionnaire collection with no researcher-imposed condition.,not stated,not stated,not established,,main methods sufficient; no supplemental evidence required
85044502616,10.1016/j.leaqua.2018.03.001,Leadership Quarterly,2018,"Leadership, creativity, and innovation: A critical review and practical recommendations",NO,NO,NO,see rationale,primary_ai_fulltext_review,high,Codex independent fulltext reviewer,2026-10-07,false,development,https://api.elsevier.com/content/article/doi/10.1016/j.leaqua.2018.03.001?view=FULL,XML Search strategy,XML Search strategy,"The authors search databases and synthesize earlier publications and samples. Descriptions of employee/student field studies refer to those earlier reports, not new participant studies by this article team.",not stated,not stated,not applicable,,main methods sufficient; no supplemental evidence required
85058613559,10.1016/j.leaqua.2018.12.002,Leadership Quarterly,2019,Cognitive shifts within leader and follower teams: Where consensus develops in mental models during an organizational crisis,YES,NO,NO,see rationale,primary_ai_fulltext_review,high,Codex independent fulltext reviewer,2026-10-07,false,holdout,https://api.elsevier.com/content/article/doi/10.1016/j.leaqua.2018.12.002?view=FULL,Method: Sample; Cognitive mapping; Eliciting cognitive maps; In-depth interviews,Method: Sample; Cognitive mapping; Eliciting cognitive maps; In-depth interviews,"The team directly elicited repeated cognitive maps from 31 workers using card sorting and numeric relationship-strength ratings, then analyzed distance ratios, alongside qualitative interviews. Quantitative participant measurement qualifies, but this is a structured cognitive-mapping task rather than a primary questionnaire survey or an intervention experiment.",not stated,Cognizer,no,,main methods sufficient; no supplemental evidence required
85068131646,10.1016/j.leaqua.2019.04.003,Leadership Quarterly,2020,What do the followers want? The core functions of leadership,YES,YES,YES,see rationale,primary_ai_fulltext_review,high,Codex independent fulltext reviewer,2026-10-07,false,development,https://api.elsevier.com/content/article/doi/10.1016/j.leaqua.2019.04.003?view=FULL,XML Methods; Coordination and conflict of interest; Governance structure,XML Methods; Coordination and conflict of interest; Governance structure,The team conducts eight laboratory strategic-game experiments with manipulated coordination/cooperation structures. A separate 49-person preliminary questionnaire and post-game surveys elicit perceptions and motivations; computerized simulated leaders do not make the human observations simulated data.,not stated,not stated,not established,,main methods sufficient; no supplemental evidence required
85101709952,10.1016/j.leaqua.2021.101509,Leadership Quarterly,2021,A chronotype circadian model of charismatic leadership expressions and perceptions,YES,YES,NO,see rationale,primary_ai_fulltext_review,high,Codex independent fulltext reviewer,2026-10-07,false,development,https://api.elsevier.com/content/article/doi/10.1016/j.leaqua.2021.101509?view=FULL,XML Study1 and Study2: Participants and procedure; Measures,XML Study1 and Study2: Participants and procedure; Measures,"Original student samples complete chronotype/sleep questionnaires, then laboratory speech production or evaluation with randomized session timing. The measured chronotype is observational, while session timing is experimentally imposed. Questionnaire measures are adjunct to the primary laboratory/classroom intervention, so survey is NO under the user-defined primary-survey rule.",not stated,not stated,not established,,main methods sufficient; no supplemental evidence required
85101686392,10.1016/j.leaqua.2020.101476,Leadership Quarterly,2022,Effect of charismatic signaling in social media settings: Evidence from TED and Twitter,YES,NO,NO,see rationale,primary_ai_fulltext_review,high,Codex independent fulltext reviewer,2026-10-07,false,development,https://api.elsevier.com/content/article/doi/10.1016/j.leaqua.2020.101476?view=FULL,XML Study1: Attractiveness; Data and sample; Study2; Appendix A,XML Study1: Attractiveness; Data and sample; Study2; Appendix A,"Most data are external TED/Twitter traces, but the authors also recruit 244 participants for original attractiveness judgments of speakers. These unmanipulated-photo rating tasks qualify as collection, not an experiment or questionnaire survey. Reanalysis of Antonakis et al. (2011) is described as other researchers data without an explicit own-team collection role.",not stated,not stated,not established,,main methods sufficient; no supplemental evidence required
85120667384,10.1016/j.leaqua.2021.101581,Leadership Quarterly,2023,Where is “behavior” in organizational behavior? A call for a revolution in leadership research and beyond,NO,NO,NO,see rationale,primary_ai_fulltext_review,high,Codex independent fulltext reviewer,2026-10-07,false,development,https://api.elsevier.com/content/article/doi/10.1016/j.leaqua.2021.101581?view=FULL,XML Evidence of the absence of behavioral evidence: Systematic search; Coding; Findings,XML Evidence of the absence of behavioral evidence: Systematic search; Coding; Findings,The empirical component codes methods/variables in published studies and meta-analyses. Participant surveys and tasks elsewhere in the paper are cited examples or recommendations. No completed own-team participant procedure is reported.,not stated,not stated,not applicable,,main methods sufficient; no supplemental evidence required
85194903332,10.1016/j.leaqua.2024.101797,Leadership Quarterly,2024,Advancing Organizational Science With Computational Process Theories,NO,NO,NO,see rationale,primary_ai_fulltext_review,high,Codex independent fulltext reviewer,2026-10-07,false,development,https://api.elsevier.com/content/article/doi/10.1016/j.leaqua.2024.101797?view=FULL,XML Simulate; Empirical Plausibility; Process-Focused Empirical Investigations; Author Note,XML Simulate; Empirical Plausibility; Process-Focused Empirical Investigations; Author Note,"The authors demonstrate a computational process model using generated teams and leaders. Empirical collection is recommended for subsequent work, while comparisons draw on known findings; no actual human sample is measured.",not stated,R; RStudio; Mermaid.js; dplyr; DT; flextable; forcats; fs; furrr; ggplot2; htmltools; knitr; lavaan; magrittr; officer; papaja; purrr; rlang; rmarkdown; scales; tibble; tictoc; tinylabels,not applicable,,main methods sufficient; no supplemental evidence required
105009908654,10.1016/j.leaqua.2025.101883,Leadership Quarterly,2025,Leading with pride: An interdisciplinary integrative review on LGBTIQ + leadership and an agenda for future research,NO,NO,NO,see rationale,primary_ai_fulltext_review,high,Codex independent fulltext reviewer,2026-10-07,false,holdout,https://api.elsevier.com/content/article/doi/10.1016/j.leaqua.2025.101883?view=FULL,"Method: Article search, inclusion, and coding; Emergent themes and methodological assessment","Method: Article search, inclusion, and coding; Emergent themes and methodological assessment","This integrative review searches, codes and synthesizes 101 existing empirical papers. The quantitative and laboratory-study sections assess earlier publications; author coding reliability is a review procedure, not new participant data collection.",not stated,not stated,not applicable,,main methods sufficient; no supplemental evidence required
84977654605,10.1016/j.learninstruc.2016.06.007,Learning and Instruction,2016,Relations between the worked example and generation effects on immediate and delayed tests,YES,YES,NO,see rationale,primary_ai_fulltext_review,high,Codex independent fulltext reviewer,2026-10-07,false,development,https://api.elsevier.com/content/article/doi/10.1016/j.learninstruc.2016.06.007?view=FULL,XML Method: Participants; Procedures,XML Method: Participants; Procedures,"The team administers trigonometry learning procedures with randomized generation/presentation and worked-example/problem-solving conditions, followed by immediate and delayed scored tests. These are original learning experiments without a primary survey study.",not stated,not stated,not established,,main methods sufficient; no supplemental evidence required
85006814764,10.1016/j.learninstruc.2016.12.004,Learning and Instruction,2017,Instructional influences on English language learners' storytelling,YES,YES,NO,see rationale,primary_ai_fulltext_review,high,Codex independent fulltext reviewer,2026-10-07,false,development,https://api.elsevier.com/content/article/doi/10.1016/j.learninstruc.2016.12.004?view=FULL,XML Method: Participants; Post-intervention assessments; Features of language production,XML Method: Participants; Post-intervention assessments; Features of language production,"Classes receive assigned instructional conditions; research assistants administer original storytelling and writing tasks, then code quantitative language/causal-reasoning outcomes. Parent background questionnaires are adjunct to the instructional trial.",not stated,Systematic Analysis of Language Transcripts (SALT),not established,,main methods sufficient; no supplemental evidence required
85030457527,10.1016/j.learninstruc.2017.09.008,Learning and Instruction,2018,Learning by enacting: The role of embodiment in chemistry education,YES,YES,NO,see rationale,primary_ai_fulltext_review,high,Codex independent fulltext reviewer,2026-10-07,false,development,https://api.elsevier.com/content/article/doi/10.1016/j.learninstruc.2017.09.008?view=FULL,XML Experiments1/2: Participants and design; Procedure,XML Experiments1/2: Participants and design; Procedure,Two original chemistry-learning experiments assign model-use versus observation and measure scored learning outcomes. Post-lesson attitudes/demographics are adjunct to the primary instructional experiments.,not stated,not stated,not established,,main methods sufficient; no supplemental evidence required
85060154487,10.1016/j.learninstruc.2018.11.005,Learning and Instruction,2019,"Expectancy of success, attainment value, engagement, and Achievement: A moderated mediation analysis",YES,NO,YES,see rationale,primary_ai_fulltext_review,high,Codex independent fulltext reviewer,2026-10-07,false,development,https://api.elsevier.com/content/article/doi/10.1016/j.learninstruc.2018.11.005?view=FULL,XML Method: Participants; Measures; Procedure,XML Method: Participants; Measures; Procedure,"The team obtains school permission and administers repeated student motivation/engagement questionnaires through teachers using a standardized script, linking them to school achievement records. Questionnaire collection is primary and observational, with no imposed treatment.",not stated,Mplus 8,not established,,main methods sufficient; no supplemental evidence required
85080141781,10.1016/j.learninstruc.2020.101311,Learning and Instruction,2020,Fourth graders’ adaptive strategy use in solving multidigit subtraction problems,YES,YES,NO,see rationale,primary_ai_fulltext_review,high,Codex independent fulltext reviewer,2026-10-07,false,development,https://api.elsevier.com/content/article/doi/10.1016/j.learninstruc.2020.101311?view=FULL,XML Materials and methods: Participants; Design; Procedure,XML Materials and methods: Participants; Design; Procedure,"The team recruits124 pupils and experimentally varies mandatory/free written or mental computation and strategy instructions, measuring task accuracy, timing and verbal explanations. No distinct primary questionnaire survey is present.",not stated,Latent Gold 5.0,not established,,main methods sufficient; no supplemental evidence required
85089951425,10.1016/j.learninstruc.2020.101371,Learning and Instruction,2021,Early science learning: The effects of teacher talk,YES,NO,NO,see rationale,primary_ai_fulltext_review,high,Codex independent fulltext reviewer,2026-10-07,false,development,https://api.elsevier.com/content/article/doi/10.1016/j.learninstruc.2020.101371?view=FULL,XML Method: Sample; Procedure; Measures,XML Method: Sample; Procedure; Measures,"The team recruits teachers/classes, records standardized classroom observations and administers original child pre/post assessments around a common learning unit. The focal teacher-talk exposure is explicitly not manipulated; the shared training is context for an observational relationship. Teacher language ratings are adjunct, not a primary survey study.",not stated,Videograph,not established,,main methods sufficient; no supplemental evidence required
85133709576,10.1016/j.learninstruc.2022.101649,Learning and Instruction,2022,Exploring the within-person contemporaneous network of motivational engagement,YES,NO,YES,see rationale,primary_ai_fulltext_review,high,Codex independent fulltext reviewer,2026-10-07,false,development,https://api.elsevier.com/content/article/doi/10.1016/j.learninstruc.2022.101649?view=FULL,XML Method: Participants; Measures; Procedure,XML Method: Participants; Measures; Procedure,"Four researchers, also coauthors, complete original daily motivational questionnaires over a year using iDialog. A small or self-selected human sample still qualifies. The primary experience-sampling survey is observational without imposed experimental variation.",not stated,iDialog,no: authors explicitly state dataset not previously published,,main methods sufficient; no supplemental evidence required
85147804759,10.1016/j.learninstruc.2023.101734,Learning and Instruction,2023,Differential prospective relationships of social-oriented and individual-oriented achievement motivations with achievement goals and affective wellbeing: A 1-year follow-up study,YES,NO,YES,see rationale,primary_ai_fulltext_review,high,Codex independent fulltext reviewer,2026-10-07,false,holdout,https://api.elsevier.com/content/article/doi/10.1016/j.learninstruc.2023.101734?view=FULL,Section 2.1 Participants and procedures; Measures,Section 2.1 Participants and procedures; Measures,The team recruited 332 university students and collected a baseline and one-year follow-up classroom questionnaire with consent and study incentives. Primary longitudinal surveys qualify; motivation and achievement goals are observed rather than manipulated.,not stated,SPSS 26,no,,main methods sufficient; no supplemental evidence required
85170274931,10.1016/j.learninstruc.2023.101829,Learning and Instruction,2024,Does changing learning environments affect student motivation?,YES,NO,YES,see rationale,primary_ai_fulltext_review,high,Codex independent fulltext reviewer,2026-10-07,false,holdout,https://api.elsevier.com/content/article/doi/10.1016/j.learninstruc.2023.101829?view=FULL,"Sections 3.1, 3.4–3.5; Limitations; Author contributions","Sections 3.1, 3.4–3.5; Limitations; Author contributions",The team collected four student questionnaire waves around schools implementing self-directed-learning intervals. The authors describe observational longitudinal change and explicitly propose quasi/full-experimental future studies; researcher-imposed assignment is not established. The primary collection design is a repeated school survey.,not stated,Mplus 8.1,no,,main methods sufficient; no supplemental evidence required
85215859463,10.1016/j.learninstruc.2025.102083,Learning and Instruction,2025,Enhancing students’ content and language development: Implications for researching multilingualism in CLIL classroom context,NO,NO,NO,see rationale,primary_ai_fulltext_review,high,Codex independent fulltext reviewer,2026-10-07,false,development,https://api.elsevier.com/content/article/doi/10.1016/j.learninstruc.2025.102083?view=FULL,XML Introduction; Contributions to the special issue; Future research,XML Introduction; Contributions to the special issue; Future research,This special-issue introduction synthesizes eight contributed research papers and offers conceptual/methodological recommendations. Descriptions of classroom research belong to those other papers; no own participant data study is reported.,not stated,not stated,not applicable,,main methods sufficient; no supplemental evidence required
84991704813,10.1287/mnsc.2015.2252,Management Science,2016,Discipline or disruption? Stakeholder relationships and the effect of takeover threat,NO,NO,NO,no eligible quantitative method,primary_ai_fulltext_review,high,Codex independent fulltext reviewer,2026-10-07,false,development,https://unsworks.unsw.edu.au/bitstreams/fc423a37-cff1-404a-aac6-4f36637da768/download,10–12,3. Data; 4.1 Primary Empirical Methodology,The empirical analyses link existing Compustat firm and customer records to state antitakeover laws. Manual matching and a policy-based natural experiment do not constitute research-team participant collection.,not stated,not stated,not established,,main methods sufficient for eligibility; no external supplement needed
85105168543,10.1287/mnsc.2020.3744,Management Science,2021,Effectiveness of planning prompts on organizations' likelihood to file their overdue taxes: A multi-wave field experiment,YES,YES,YES,field tax-filing responses,provisional_ai_review,high,root_fulltext,2026-10-07,false,development,https://open.bu.edu/bitstreams/70c9ce5f-f2dc-4f95-bb31-6efc71c20f05/download,PDF pages 6–8 field design and 12 follow-up survey experiment,PDF pages 6–8 field design and 12 follow-up survey experiment,"The team and Ontario government designed randomized tax-notice trials, and the main text also reports a distinct 167-student follow-up survey experiment rating the notices. That supporting study independently establishes quantitative human collection and primary survey eligibility.",not stated,not stated,NO,,"Main-text methods sufficient for stated decision; linked resources recorded in acquisition log, not counted as inspected."
85176322671,10.1287/mnsc.2022.4569,Management Science,2023,Trust in Financial Markets: Evidence from Reactions to Earnings News,NO,NO,NO,see rationale,primary_ai_fulltext_review,high,Codex independent fulltext reviewer,2026-10-07,false,development,http://ira.lib.polyu.edu.hk/bitstream/10397/107869/1/Wei_Trust_Financial_Markets.pdf,"PDF pp13–15, Data and sample selection; p34, Appendix Variable Definitions","PDF pp13–15, Data and sample selection; p34, Appendix Variable Definitions",The authors merge historical World Values Survey responses with commercial firm/market and government regional data. Constructing a trust index from external survey responses is not author-team participant collection.,not stated,not stated,not applicable,,main methods sufficient; no supplemental evidence required
84989885945,10.1016/j.obhdp.2015.11.004,Organizational Behavior and Human Decision Processes,2016,Bounded awareness: Implications for ethical decision making,NO,NO,NO,see rationale,primary_ai_fulltext_review,high,Codex independent fulltext reviewer,2026-10-07,false,holdout,https://api.elsevier.com/content/article/doi/10.1016/j.obhdp.2015.11.004?view=FULL,Bounded awareness; Behavioral ethics; bounded ethicality; Future directions,Bounded awareness; Behavioral ethics; bounded ethicality; Future directions,This conceptual review integrates published bounded-awareness and behavioral-ethics findings and proposes future interventions. Summaries of prior experiments illustrate the literature; there is no new participant collection or empirical reanalysis of an explicitly owned dataset.,not stated,not stated,not applicable,,main methods sufficient; no supplemental evidence required
85033438973,10.1016/j.obhdp.2017.05.002,Organizational Behavior and Human Decision Processes,2017,“I can't pay more” versus “It's not worth more”: Divergent effects of constraint and disparagement rationales in negotiations,YES,YES,YES,not needed for eligibility,primary_ai_fulltext_review,high,Codex independent fulltext reviewer,2026-10-07,false,development,https://api.elsevier.com/content/article/doi/10.1016/j.obhdp.2017.05.002?view=FULL,"XML: Study 2, sections 3.1.1–3.1.2",Study 2: Participants and design; Materials and procedure,"Study 2 recruited paid adults, randomly assigned negotiation rationale conditions and collected numeric counteroffers and Likert judgments. The hypothetical negotiation is a real human survey experiment.",Amazon Mechanical Turk,G*Power,not established,,main methods sufficient for eligibility; no external supplement needed
85045473553,10.1016/j.obhdp.2018.04.001,Organizational Behavior and Human Decision Processes,2018,Effects of group-discussion integrative complexity on intergroup relations in a social dilemma,YES,YES,NO,see rationale,primary_ai_fulltext_review,high,Codex independent fulltext reviewer,2026-10-07,false,development,https://api.elsevier.com/content/article/doi/10.1016/j.obhdp.2018.04.001?view=FULL,"XML Method: Design overview, Participants, Procedure; Measures","XML Method: Design overview, Participants, Procedure; Measures",Original student groups play repeated prisoner-dilemma games under team-imposed discussion/leadership conditions with observed decisions and recorded discussions. Attitude ratings are adjunct game measures; no distinct study primarily designed as a survey is reported.,not stated,not stated,not established,,main methods sufficient; no supplemental evidence required
85072278361,10.1016/j.obhdp.2019.09.003,Organizational Behavior and Human Decision Processes,2019,"Supervisory consequences of abusive supervision: An investigation of sense of power, managerial self-efficacy, and task-oriented leadership behavior",YES,YES,YES,see rationale,primary_ai_fulltext_review,high,Codex independent fulltext reviewer,2026-10-07,false,development,https://api.elsevier.com/content/article/doi/10.1016/j.obhdp.2019.09.003?view=FULL,XML Study1 method; Study2a/2b/3 methods,XML Study1 method; Study2a/2b/3 methods,Study1 recruits supervisors for original repeated daily questionnaires. Separate studies recruit supervisors through Sojump and MTurk and randomize recall or scenario-writing conditions. Primary survey collection and imposed experimental variation are both explicit.,Sojump.com; Amazon Mechanical Turk,WeChat; RMediation,not established,,main methods sufficient; no supplemental evidence required
85084062543,10.1016/j.obhdp.2020.03.011,Organizational Behavior and Human Decision Processes,2020,Conversational receptiveness: Improving engagement with opposing views,YES,YES,YES,see rationale,primary_ai_fulltext_review,high,Codex independent fulltext reviewer,2026-10-07,false,development,https://api.elsevier.com/content/article/doi/10.1016/j.obhdp.2020.03.011?view=FULL,XML Study1A/1B methods; Study2 methods; Study3 methods; Study4A/4B methods,XML Study1A/1B methods; Study2 methods; Study3 methods; Study4A/4B methods,"The team conducts original writing/dialogue experiments with randomized receptiveness interventions. Separate Study1B recruits1322 readers for a questionnaire battery on political views and perceived receptiveness, establishing a distinct primary survey study. Study3 reuses external Wikipedia threads without negating other qualifying components.",Amazon Mechanical Turk,not stated,"earlier team-collected opinion statements reused as stimuli, explicitly described",,main methods sufficient; no supplemental evidence required
85061576567,10.1016/j.obhdp.2019.02.001,Organizational Behavior and Human Decision Processes,2021,"Active choice, implicit defaults, and the incentive to choose",NO,NO,NO,see rationale,primary_ai_fulltext_review,high,Codex independent fulltext reviewer,2026-10-07,false,development,https://api.elsevier.com/content/article/doi/10.1016/j.obhdp.2019.02.001?view=FULL,XML Introduction: The active choice intervention; Materials and methods; Acknowledgement,XML Introduction: The active choice intervention; Materials and methods; Acknowledgement,"The employer and pharmacy-benefit manager implement a benefit-policy change; the authors analyze their existing employment, claim and program-operation records using before/after cohorts. Cooperation and an advisory-board disclosure do not establish an author-designed participant collection procedure. No new survey or researcher-imposed treatment is reported.",not stated,not stated,not applicable,,main methods sufficient; no supplemental evidence required
85137412610,10.1016/j.obhdp.2022.104186,Organizational Behavior and Human Decision Processes,2022,Who do they think they are?: A social-cognitive account of gender differences in social sexual identity and behavior at work,YES,YES,YES,see rationale,primary_ai_fulltext_review,high,Codex independent fulltext reviewer,2026-10-07,false,holdout,https://api.elsevier.com/content/article/doi/10.1016/j.obhdp.2022.104186?view=FULL,Studies 1a–5 Method and Study 4 pretests,Studies 1a–5 Method and Study 4 pretests,"The team recruited online workers and students for original identity/sexual-behavior questionnaires, randomized scenario and identity-salience experiments, and a laboratory power manipulation. Standalone Study 2 is a primary survey; several other questionnaire experiments also qualify.",Prolific Academic; Amazon Mechanical Turk,PROCESS,no,,main methods sufficient; no supplemental evidence required
85144467750,10.1016/j.obhdp.2022.104211,Organizational Behavior and Human Decision Processes,2023,Cheating constraint decisions and discrimination against workers with lower financial standing,YES,YES,YES,see rationale,primary_ai_fulltext_review,high,Codex independent fulltext reviewer,2026-10-07,false,development,https://api.elsevier.com/content/article/doi/10.1016/j.obhdp.2022.104211?view=FULL,XML Studies1–4: Participants and design; Procedure and materials,XML Studies1–4: Participants and design; Procedure and materials,"The team conducts original confederate, scenario and incentivized decision experiments, then recruits Indian supervisors for a distinct observational questionnaire study. Thus at least one primary-survey study and multiple researcher-imposed experiments qualify.",Respondi; Prolific,not stated,not established,,main methods sufficient; no supplemental evidence required
85186540799,10.1016/j.obhdp.2024.104319,Organizational Behavior and Human Decision Processes,2024,But what if I lose the offer? Negotiators’ inflated perception of their likelihood of jeopardizing a deal,YES,YES,YES,see rationale,primary_ai_fulltext_review,high,Codex independent fulltext reviewer,2026-10-07,false,development,https://api.elsevier.com/content/article/doi/10.1016/j.obhdp.2024.104319?view=FULL,XML Studies1B/1C/2/3/4A/4B: Participants and Procedure,XML Studies1B/1C/2/3/4A/4B: Participants and Procedure,"Original quantitative surveys of hiring experience and academic job candidates qualify independently of the qualitative career-advisor interviews. Later recruited participants are randomized to negotiation roles/incentive conditions and interact, establishing experimental collection.",Prolific,not stated,not established,,main methods sufficient; no supplemental evidence required
105005938870,10.1016/j.obhdp.2025.104417,Organizational Behavior and Human Decision Processes,2025,The double-edged sword of endorsing external ideas: Juggling competitive advantage and organizational compatibility concerns,YES,YES,YES,see rationale,primary_ai_fulltext_review,high,Codex independent fulltext reviewer,2026-10-07,false,development,https://api.elsevier.com/content/article/doi/10.1016/j.obhdp.2025.104417?view=FULL,XML Pilot method and Quantitative measures; Studies1–3 Methods,XML Pilot method and Quantitative measures; Studies1–3 Methods,"The mixed-method pilot includes quantitative manager questionnaires, and studies1/3 recruit managers for randomized vignette surveys. A bank field study additionally manipulates attributed idea source in original manager evaluations. At least one study is primarily survey based.",Prolific,G*Power; Mplus 8,not established,,main methods sufficient; no supplemental evidence required
84977110627,10.1017/s0033291716000945,Psychological Medicine,2016,Selective prevention of combat-related post-traumatic stress disorder using attention bias modification training: A randomized controlled trial,YES,YES,NO,clinical interviews; attention tasks; ancillary symptom questionnaires,primary_ai_fulltext_review,high,Codex independent fulltext reviewer social,2026-10-07,false,holdout,https://www.cambridge.org/core/services/aop-cambridge-core/content/view/S0033291716000945,1;2;3;4,"Study design, participants and procedures","The team recruited 719 soldiers and randomly assigned attention-bias training, attention-control training or no training. Diagnostic interviews and symptom questionnaires are trial outcomes, not a primary survey design.",not stated,not stated,no,,No supporting resource retrieved in this review; main methods examined.
85032486275,10.1017/s0033291717001015,Psychological Medicine,2017,State-dependent microstructural white matter changes in drug-naïve patients with first-episode psychosis,YES,UNCLEAR,NO,MRI; repeated clinical measurement; ancillary self-report questionnaires,primary_ai_fulltext_review,moderate,Codex independent fulltext reviewer social,2026-10-07,false,development,https://www.cambridge.org/core/services/aop-cambridge-core/content/view/S0033291717001015,2;3,"Study design, participants and procedures","The team recruited psychosis patients and controls for repeated MRI, clinical assessments and substance-use questionnaires; semi-naturalistic medication treatment leaves researcher-imposed intervention status unclear. Under the user’s primary-design rule, ancillary questionnaires do not make this a survey study.",not stated,DRAMMS,not stated,,No supporting resource retrieved in this review; main methods examined.
85045731955,10.1017/s003329171800034x,Psychological Medicine,2018,Empirical evidence for discrete neurocognitive subgroups in patients with non-psychotic major depressive disorder: Clinical implications,YES,NO,NO,neurocognitive tasks; clinical assessment; ancillary self-report questionnaires,primary_ai_fulltext_review,high,Codex independent fulltext reviewer social,2026-10-07,false,development,https://www.cambridge.org/core/services/aop-cambridge-core/content/view/S003329171800034X,3;4,"Study design, participants and procedures","Patients recruited at the authors’ hospital completed neurocognitive assessments and a self-evaluation scale; cluster analysis and pre-existing medication differences do not establish experimental manipulation. Under the user’s primary-design rule, ancillary questionnaires do not make this a survey study.",not stated,SPSS 22.0,not stated,,No supporting resource retrieved in this review; main methods examined.
85045060009,10.1017/s003329171800079x,Psychological Medicine,2019,Amygdala-prefrontal connectivity during appraisal of symptom-related stimuli in obsessive-compulsive disorder,YES,YES,NO,fMRI; behavioral tasks; clinical assessment; ancillary self-report questionnaires,primary_ai_fulltext_review,high,Codex independent fulltext reviewer social,2026-10-07,false,development,https://www.cambridge.org/core/services/aop-cambridge-core/content/view/2A17AF4D51710E99CBBA8C47E3C07F72/S003329171800079Xa.pdf/div-class-title-amygdala-prefrontal-connectivity-during-appraisal-of-symptom-related-stimuli-in-obsessive-compulsive-disorder-div.pdf,2;4;6,"Study design, participants and procedures","The team explicitly reanalyzed its earlier recruited OCD/control samples, which included manipulated appraisal/distraction tasks, MRI and administered self-report questionnaires. Under the user’s primary-design rule, ancillary questionnaires do not make this a survey study.",not stated,Presentation; SPM8; SPM Anatomy Toolbox,explicit reuse of three earlier team studies,,No supporting resource retrieved in this review; main methods examined.
85073670148,10.1017/s0033291719002915,Psychological Medicine,2020,Improving emotion regulation of social exclusion in depression-prone individuals: a tDCS study targeting right VLPFC,YES,YES,NO,eye tracking; pupil measurement; behavioral task; ancillary self-report questionnaires,primary_ai_fulltext_review,high,Codex independent fulltext reviewer social,2026-10-07,false,development,https://www.cambridge.org/core/services/aop-cambridge-core/content/view/S0033291719002915,2;3;4;5,"Study design, participants and procedures","The team recruited students, administered depression/emotion questionnaires, randomized active versus sham stimulation and collected task ratings and eye-tracking measures. Under the user’s primary-design rule, ancillary questionnaires do not make this a survey study.",not stated,SPSS Statistics 20.0; SimNIBS,not stated,,No supporting resource retrieved in this review; main methods examined.
85080967683,10.1017/s0033291720000203,Psychological Medicine,2021,Experimentally induced and real-world anxiety have no demonstrable effect on goal-directed behaviour,YES,YES,NO,behavioral tasks; physiological measurement; ancillary self-report questionnaires,primary_ai_fulltext_review,high,Codex independent fulltext reviewer social,2026-10-07,false,development,https://www.cambridge.org/core/services/aop-cambridge-core/content/view/3A1BB3C05B8B92A52764BB6468CC3193/S0033291720000203a.pdf/div-class-title-experimentally-induced-and-real-world-anxiety-have-no-demonstrable-effect-on-goal-directed-behaviour-div.pdf,2;3;4;7;9,"Study design, participants and procedures","The authors recruited two laboratory samples for controlled CO2 anxiety induction and explicitly reused their earlier MTurk task/questionnaire data for a third study. Under the user’s primary-design rule, ancillary questionnaires do not make this a survey study.",Amazon Mechanical Turk,R 3.4.3; R 3.5.1; afex; Bayes Factor; brms; tidyverse; lme4,explicit reuse of the team’s earlier online sample alongside new laboratory studies,https://osf.io/w4yfp/,No supporting resource retrieved in this review; main methods examined.
85098106457,10.1017/s0033291720004948,Psychological Medicine,2022,Device-measured sedentary behaviour and anxiety symptoms during adolescence: a 6-year prospective cohort study,YES,NO,NO,clinical diagnostic interview; accelerometry,primary_ai_fulltext_review,high,Codex independent fulltext reviewer social,2026-10-07,false,holdout,https://www.cambridge.org/core/services/aop-cambridge-core/content/view/87525931DA1CFA517AC98449C5395CF9/S0033291720004948a.pdf/div-class-title-device-measured-sedentary-behaviour-and-anxiety-symptoms-during-adolescence-a-6-year-prospective-cohort-study-div.pdf,2;3;8,"Study design, participants and procedures",The main paper reuses ALSPAC clinical and accelerometer data and credits Wellcome grant 08426812/Z/07/Z. The official Bristol grant table p.8 names coauthor Glyn Lewis as PI for the age-17/18 C-ISR assessment. This establishes earlier team-commissioned participant measurements. No intervention is imposed; diagnostic cohort assessment is not a primary survey design.,not stated,Stata 16,yes,https://researchportal.bath.ac.uk/files/212673162/executive_functions_ALSPAC_1_CLEAN.pdf; https://www.bristol.ac.uk/alspac/external/documents/grant-acknowledgements.pdf,"Official Bristol grant table reviewed, p.8: Glyn Lewis PI for C-ISR collection; local hashed PDF and text cache in acquisition receipt."
85163801630,10.1017/s0033291722001490,Psychological Medicine,2023,Reduced fractional anisotropy in bipolar disorder v. major depressive disorder independent of current symptoms,YES,NO,NO,MRI; clinical assessments,primary_ai_fulltext_review,high,Codex independent fulltext reviewer social,2026-10-07,false,development,https://www.cambridge.org/core/services/aop-cambridge-core/content/view/261BD569C3EA107561CE93F61ED0EF0B/S0033291722001490a.pdf/div-class-title-reduced-fractional-anisotropy-in-bipolar-disorder-span-class-italic-v-span-major-depressive-disorder-independent-of-current-symptoms-div.pdf,2;3;5;8,"Study design, participants and procedures","The authors identify their consortium’s recruited cohort and MRI acquisition; diagnoses are naturally occurring, and the listed clinical ratings/interviews do not establish a participant questionnaire.",not stated,DTIPrep; FSL 6.0.1; IBM SPSS Statistics 27; R 4.0.1; MatchIt,earlier FOR2107 cohort measurements reused by the contributing consortium team,,No supporting resource retrieved in this review; main methods examined.
85171594145,10.1017/s0033291723002520,Psychological Medicine,2024,"Depression is associated with reduced outcome sensitivity in a dual valence, magnitude learning task",YES,YES,NO,reinforcement-learning task; ancillary self-report questionnaires,primary_ai_fulltext_review,high,Codex independent fulltext reviewer social,2026-10-07,false,development,https://www.cambridge.org/core/services/aop-cambridge-core/content/view/14920A27D1C668B72967D50F53E6C0A4/S0033291723002520a.pdf/div-class-title-depression-is-associated-with-reduced-outcome-sensitivity-in-a-dual-valence-magnitude-learning-task-div.pdf,2;3;5,"Study design, participants and procedures","The team recruited clinical and healthy groups, administered self-report questionnaires and a task with deliberately varying reward/loss magnitudes; diagnosis itself was not manipulated. Under the user’s primary-design rule, ancillary questionnaires do not make this a survey study.",not stated,not stated,not stated,,No supporting resource retrieved in this review; main methods examined.
85217570385,10.1017/s003329172400223x,Psychological Medicine,2025,New diagnosis in psychiatry: Beyond heuristics,NO,NO,NO,not stated,primary_ai_fulltext_review,high,Codex independent fulltext reviewer social,2026-10-07,false,development,https://www.cambridge.org/core/services/aop-cambridge-core/content/view/8748EE9DA7659360E40D0837D0433944/S003329172400223Xa.pdf/div-class-title-new-diagnosis-in-psychiatry-beyond-heuristics-div.pdf,4;5;6;7;9;11,"Study design, participants and procedures",This is a conceptual review of diagnostic frameworks and proposed research methods; examples and future research recommendations do not report new participant collection.,not stated,not stated,not stated,,No supporting resource retrieved in this review; main methods examined.
85066874835,10.1177/0956797619841265,Psychological Science,2019,Mutualistic Coupling Between Vocabulary and Reasoning in Young Children: A Replication and Extension of the Study by Kievit et al. (2017),YES,NO,NO,see rationale,primary_ai_fulltext_review,high,Codex independent fulltext reviewer,2026-10-07,false,development,https://pure.uva.nl/ws/files/52126603/0956797619841265.pdf,PDF pp. 3 and 8; Method and Author contributions,PDF pp. 3 and 8; Method and Author contributions,"Coauthor K. Nation is explicitly credited with designing and collecting the longitudinal child cohort, whose previously completed testing data were shared with the lead author for this analysis. Repeated vocabulary/matrix reasoning tests qualify as earlier team collection; no imposed intervention or primary survey is described.",not stated,R; lavaan,"yes, coauthor collected cohort before this analysis",,main methods sufficient; no supplemental evidence required
85077630869,10.1177/0956797619890619,Psychological Science,2020,Implicit Gender Bias in Linguistic Descriptions for Expected Events: The Cases of the 2016 United States and 2017 United Kingdom Elections,YES,YES,YES,text completion; self-paced reading,provisional_ai_review,high,root_fulltext,2026-10-07,false,development,https://www.ebi.ac.uk/europepmc/webservices/rest/PMC7197219/fullTextXML,"JATS XML Experiments 1–2 method, participants, apparatus, materials and procedure","JATS XML Experiments 1–2 method, participants, apparatus, materials and procedure","New MTurk and Prolific samples complete distinct belief-estimation questionnaires or language tasks; controlled pronoun versions manipulate the reading stimuli. Survey YES is based on the separate belief-estimation sample, not task demographics.",Amazon Mechanical Turk; Prolific,Qualtrics; Ibex,NO,,"Main-text methods sufficient for stated decision; linked resources recorded in acquisition log, not counted as inspected."
85101100997,10.1177/0956797620963610,Psychological Science,2021,Narratives Shape Cognitive Representations of Immigrants and Immigration-Policy Preferences,YES,YES,YES,see rationale,primary_ai_fulltext_review,high,Codex independent fulltext reviewer,2026-10-07,false,development,https://cdr.lib.unc.edu/downloads/jw827t980,"PDF pp. 4–6; Participants, Materials, Experimental design and Procedure","PDF pp. 4–6; Participants, Materials, Experimental design and Procedure","The team recruited US adults for online narrative questionnaire experiments varying immigrant achievement/criminality/struggle information and eliciting social-trait, ideology and policy judgments. Separate original nation/stimulus-rating pilots are reported. The main design is a primary vignette questionnaire experiment with repeated attitudinal ratings.",Amazon Mechanical Turk,R; pvclust,no,,main methods sufficient; no supplemental evidence required
105021858837,10.1177/09567976251384975,Psychological Science,2025,Mapping the Ecology of Risk: 100 Risky Choices of Modern Life,YES,YES,YES,see rationale,primary_ai_fulltext_review,high,Codex independent fulltext reviewer,2026-10-07,false,development,https://www.zora.uzh.ch/server/api/core/bitstreams/6496846b-4066-4b52-a494-6ed6cbe406dc/content,PDF pp. 4–8; Methods Studies 1–3,PDF pp. 4–8; Methods Studies 1–3,"The team commissioned Swiss general-public online surveys through an unnamed survey company, collecting reported choices, frequencies and risk preferences. Studies 1–2 randomly vary personal/other and risk-taken/not-taken question prompts; Study 3 supplies quantitative follow-up frequency and preference responses.",unnamed external survey company,R 4.2.1; custom web application,no,,main methods sufficient; no supplemental evidence required
84931077293,10.1111/puar.12406,Public Administration Review,2016,Interpreting Performance Information: Motivated Reasoning or Unbiased Comprehension,YES,YES,YES,not needed for eligibility,primary_ai_fulltext_review,high,Codex independent fulltext reviewer,2026-10-07,false,development,https://doi.org/10.1111/puar.12406,10–14,Design: Experiment 1,The authors administered a new internet-panel survey measuring Danish citizens’ interpretations of manipulated hospital performance information.,not stated,not stated,no reuse established; collection in 2014,,main methods sufficient for eligibility
85089974993,10.1111/puar.13263,Public Administration Review,2021,Branding as a Public Governance Strategy: A Q Methodological Analysis of How Companies React to Place Branding Strategies,YES,NO,YES,qualitative follow-up interviews,primary_ai_fulltext_review,high,Codex independent fulltext reviewer social,2026-10-07,false,development,https://repub.eur.nl/pub/129993/Repub_129993_O-A.pdf,4;5,"Study design, participants and procedures",The authors recruited 33 companyowners for structured opinion ranking of 24 statements plus follow-up interviews. Primary design is a ranking questionnaire/Q-sort survey; random statement order alone is not an experimental intervention.,not stated,Ken-Q Analysis,NO,,No supporting resource retrieved in this review; main methods examined.
85175738454,10.1111/puar.13751,Public Administration Review,2025,It's not merely about the content: How rules are communicated matters to administrative burden,YES,YES,YES,not needed for eligibility,primary_ai_fulltext_review,high,Codex independent fulltext reviewer,2026-10-07,false,development,https://doi.org/10.1111/puar.13751,5–7,Research Design and Case Selection; Participants; Outcome Measures,"The authors collected 2243 quantitative responses through YouGov Denmark, assigning participants to four rule-communication variants or a control and measuring administrative burden.",YouGov Denmark,not stated,no reuse established,https://osf.io/vfwc2/,identified in article; main methods sufficient for eligibility; not independently retrieved
85050610435,10.1093/qje/qjx042,Quarterly Journal of Economics,2018,Discretion in hiring,NO,NO,NO,none,primary_ai_fulltext_review,high,Codex independent fulltext reviewer social,2026-10-07,false,development,https://utoronto.scholaris.ca/bitstreams/1c5d57de-8041-4d3c-b8b2-a989b5cf9f00/download,5;10;11;12,"Study design, participants and procedures",The researchers analyze a provider’s applicant testing and employment records and naturally staggered adoption by client firms. No author-designed or commissioned research procedure is established; workplace recruitment is not research recruitment.,not stated,Stata,NO,,No supporting resource retrieved in this review; main methods examined.
85090461304,10.1093/qje/qjaa013,Quarterly Journal of Economics,2020,Workplace Knowledge Flows,YES,YES,NO,workplace performance records collected in field experiment; ancillary questionnaires,primary_ai_fulltext_review,high,Codex independent fulltext reviewer social,2026-10-07,false,development,http://www.nber.org/papers/w26660.pdf,8;11;50;59,"Study design, participants and procedures","The team randomized workplace peer meetings and incentives, measured sales outcomes and administered ancillary pre/post questionnaires. Primary design is a real-world field experiment, so surveyNO despite questionnaire outcomes.",not stated,Qualtrics,NO,,No supporting resource retrieved in this review; main methods examined.
85160229134,10.1093/qje/qjac020,Quarterly Journal of Economics,2022,VALUING THE GLOBAL MORTALITY CONSEQUENCES OF CLIMATE CHANGE ACCOUNTING FOR ADAPTATION COSTS AND BENEFITS,NO,NO,NO,none,primary_ai_fulltext_review,high,Codex independent fulltext reviewer social,2026-10-07,false,development,http://www.nber.org/papers/w27599.pdf,10;11;12,"Study design, participants and procedures",The authors assemble administrative mortality records and external climate/economic data for estimation and projections; no human research procedure. Source is revised working paper.,not stated,not stated,NO,http://www.nber.org/data-appendix/w27599,No supporting resource retrieved in this review; main methods examined.
85014218825,10.1093/sf/sow088,Social Forces,2017,School opportunity hoarding? racial segregation and access to high growth schools,NO,NO,NO,none eligible,primary_ai_fulltext_review,high,Codex independent fulltext reviewer social,2026-10-07,false,development,https://www.ebi.ac.uk/europepmc/webservices/rest/PMC5460617/fullTextXML,1,"Study design, participants and procedures","The authors assemble existing California Department of Education school achievement aggregates, NCES Common Core of Data and census district characteristics. The Stanford tests were routine state assessments, not procedures administered or commissioned by this research team. Their use of collect refers to extracting administrative data.",not stated,not stated,not applicable,,No supporting resource retrieved in this review; main methods examined.
85207136011,10.1093/sf/soae081,Social Forces,2024,Fatherhood and men's working hours in a part-time economy,NO,NO,NO,none,primary_ai_fulltext_review,high,Codex independent fulltext reviewer social,2026-10-07,false,development,https://pure.uva.nl/ws/files/196950866/soae081.pdf,7;8;9,"Study design, participants and procedures","The paper analyzes existing population, household and employment registers, with no author-designed research procedure.",not stated,not stated,NO,https://academic.oup.com/sf/article-lookup/doi/10.1093/sf/soae081#supplementary-data; https://osf.io/q23cs,No supporting resource retrieved in this review; main methods examined.
84987950649,10.1016/j.socscimed.2016.09.007,Social Science and Medicine,2016,First-generation Korean immigrants’ barriers to healthcare and their coping strategies in the US,YES,NO,YES,not stated,primary_ai_fulltext_review,high,Codex independent fulltext reviewer social,2026-10-07,false,development,https://api.elsevier.com/content/article/doi/10.1016/j.socscimed.2016.09.007?view=FULL,1,"Study design, participants and procedures",The author recruited 507 immigrants for a purpose-designed quantitative paper survey; additional qualitative interviews do not negate the eligible survey component.,not stated,Stata 13,not stated,,No supporting resource retrieved in this review; main methods examined.
85032681209,10.1016/j.socscimed.2017.09.043,Social Science and Medicine,2017,"Low birthweight among immigrants in Australia, the United Kingdom, and the United States",NO,NO,NO,none eligible,primary_ai_fulltext_review,high,Codex independent fulltext reviewer social,2026-10-07,false,holdout,https://api.elsevier.com/content/article/doi/10.1016/j.socscimed.2017.09.043?view=FULL,1,"Study design, participants and procedures","Methods analyze existing LSAC, MCS and ECLS-B child cohorts and link WHO/UN country measures. No author-team collection or commissioned module is reported.",not stated,Stata SE 14.0,not applicable,,No supporting resource retrieved in this review; main methods examined.
85052132965,10.1016/j.socscimed.2018.07.051,Social Science and Medicine,2018,The effect of unstable housing on HIV treatment biomarkers: An instrumental variables approach,YES,NO,NO,clinical biomarkers; longitudinal clinical assessments; ancillary interviews,primary_ai_fulltext_review,high,Codex independent fulltext reviewer social,2026-10-07,false,development,https://api.elsevier.com/content/article/doi/10.1016/j.socscimed.2018.07.051?view=FULL,1,"Study design, participants and procedures","Methods use earlier WIHS biomarker/cohort data, and acknowledgments identify several coauthors as the collecting consortium’s PIs; the housing instrument is a natural experiment and the clinical cohort is not primarily a survey.",not stated,Stata,explicit reuse of WIHS data collected by a consortium including coauthor principal investigators,,No supporting resource retrieved in this review; main methods examined.
85058023768,10.1016/j.socscimed.2018.12.003,Social Science and Medicine,2019,Social capital and having a regular family doctor: Evidence from longitudinal data,NO,NO,NO,not stated,primary_ai_fulltext_review,high,Codex independent fulltext reviewer social,2026-10-07,false,development,https://api.elsevier.com/content/article/doi/10.1016/j.socscimed.2018.12.003?view=FULL,1,"Study design, participants and procedures",The authors analyze existing Statistics Canada NPHS master files; secured access and longitudinal modeling do not establish team collection.,not stated,not stated,not stated,,No supporting resource retrieved in this review; main methods examined.
85076526519,10.1016/j.socscimed.2019.112735,Social Science and Medicine,2020,Imperfect biomarkers for adjuvant chemotherapy in early stage breast cancer with good prognosis,NO,NO,NO,not stated,primary_ai_fulltext_review,high,Codex independent fulltext reviewer social,2026-10-07,false,development,https://api.elsevier.com/content/article/doi/10.1016/j.socscimed.2019.112735?view=FULL,1,"Study design, participants and procedures",The team conducted semi-structured clinician interviews and thematic analysis with documentary review; these are solely qualitative and no eligible quantitative collection is reported.,not stated,not stated,not stated,,No supporting resource retrieved in this review; main methods examined.
85114141701,10.1016/j.socscimed.2021.114270,Social Science and Medicine,2021,Macro-level efficiency of health expenditure: Estimates for 15 major economies,NO,NO,NO,not stated,primary_ai_fulltext_review,high,Codex independent fulltext reviewer social,2026-10-07,false,development,https://api.elsevier.com/content/article/doi/10.1016/j.socscimed.2021.114270?view=FULL,1,"Study design, participants and procedures",The paper calibrates a model and country-level estimates with World Bank indicators and existing parameter estimates; it does not collect human participant data.,not stated,not stated,not stated,,No supporting resource retrieved in this review; main methods examined.
85136555473,10.1016/j.socscimed.2022.115269,Social Science and Medicine,2022,Extreme racism-related events and poor sleep in African-American women,YES,NO,YES,measured height and weight,primary_ai_fulltext_review,high,Codex independent fulltext reviewer social,2026-10-07,false,holdout,https://api.elsevier.com/content/article/doi/10.1016/j.socscimed.2022.115269?view=FULL,1,"Study design, participants and procedures","MUSE study staff recruited women for structured interviews; the authors modified the racism questionnaire and Lewis is credited with Investigation and Project administration. The observational interview study primarily measures racism and sleep by scales, with BMI as a covariate, and imposes no condition. Earlier baseline data from the same team qualify.",not stated,not stated,yes,,No supporting resource retrieved in this review; main methods examined.
85142678934,10.1016/j.socscimed.2022.115166,Social Science and Medicine,2023,Attribution for everyday discrimination typologies and mortality risk among older black adults: Evidence from the health and retirement study?,NO,NO,NO,not stated,primary_ai_fulltext_review,high,Codex independent fulltext reviewer social,2026-10-07,false,development,https://api.elsevier.com/content/article/doi/10.1016/j.socscimed.2022.115166?view=FULL,1,"Study design, participants and procedures",The authors analyze existing HRS data and linked mortality records; methods and contribution statements do not establish a team role in participant collection.,not stated,STATA 16,not stated,,No supporting resource retrieved in this review; main methods examined.
85189489684,10.1016/j.socscimed.2024.116735,Social Science and Medicine,2024,"Does volunteering impact refugee women's life satisfaction, empowerment, and wellbeing? Experimental evidence, local knowledge, and causal reasoning",YES,YES,NO,longitudinal outcome questionnaires; participatory net-mapping,primary_ai_fulltext_review,high,Codex independent fulltext reviewer social,2026-10-07,false,development,https://api.elsevier.com/content/article/doi/10.1016/j.socscimed.2024.116735?view=FULL,1,"Study design, participants and procedures","The team recruited women through community partners, randomized a real-world volunteering program and collected three follow-up survey waves; the primary design is a field trial, so the user’s survey rule assigns NO.",Taghyeer; community-based organizations,not stated,not stated,https://osf.io/krba6,No supporting resource retrieved in this review; main methods examined.
85217389345,10.1016/j.socscimed.2025.117807,Social Science and Medicine,2025,“It's a low-key thing of eugenics”: Disability reproductive injustice in barriers to cervical cancer screening during the COVID-19 pandemic,NO,NO,NO,not stated,primary_ai_fulltext_review,high,Codex independent fulltext reviewer social,2026-10-07,false,development,https://api.elsevier.com/content/article/doi/10.1016/j.socscimed.2025.117807?view=FULL,1,"Study design, participants and procedures",This article analyzes only semi-structured qualitative interviews and thematic codes; an umbrella mixed-method project and numerical demographic descriptions do not establish an eligible quantitative study in this paper.,not stated,Zoom; NVivo 12,not stated,,No supporting resource retrieved in this review; main methods examined.
84973560538,10.1016/j.worlddev.2016.05.002,World Development,2016,"Wage Growth, Landholding, and Mechanization in Chinese Agriculture",YES,NO,YES,none,primary_ai_fulltext_review,high,Codex independent fulltext reviewer social,2026-10-07,false,development,https://api.elsevier.com/content/article/doi/10.1016/j.worlddev.2016.05.002?view=FULL,1,"Study design, participants and procedures",The team explicitly describes its two rounds of household surveys and return fieldwork in 2009; these earlier team-collected panel responses qualify. No experimental intervention.,not stated,not stated,YES,,No supporting resource retrieved in this review; main methods examined.
85014740375,10.1016/j.worlddev.2017.02.009,World Development,2017,Qualitative and Quantitative Evidence on the True Local Welfare Costs of Forest Conservation in Madagascar: Are Discrete Choice Experiments a Valid ex ante Tool?,YES,YES,YES,qualitative interviews and debriefing alongside quantitative survey,primary_ai_fulltext_review,high,Codex independent fulltext reviewer social,2026-10-07,false,development,https://api.elsevier.com/content/article/doi/10.1016/j.worlddev.2017.02.009?view=FULL,1,"Study design, participants and procedures",The authors and trained enumerators administered new household questionnaires with discrete-choice scenarios varying conservation and compensation attributes. The embedded DCE qualifies as a survey experiment; external conservation-history variation itself does not. Includes qualitative triangulation.,not stated,not stated,NO,,No supporting resource retrieved in this review; main methods examined.
85044928412,10.1016/j.worlddev.2018.03.014,World Development,2018,"Land-grabbing, land-use transformation and social differentiation: Deconstructing “small-scale” in Ghana's recent gold rush",YES,NO,YES,qualitative interviews; remote-sensing land-use measures,primary_ai_fulltext_review,high,Codex independent fulltext reviewer social,2026-10-07,false,development,https://api.elsevier.com/content/article/doi/10.1016/j.worlddev.2018.03.014?view=FULL,1,"Study design, participants and procedures","Alongside qualitative interviews and remotely sensed land-use measures, the team newly administered 138 household surveys and analyzed quantitative responses. No assigned intervention.",not stated,ATLAS.ti; SPSS; ArcGIS; ENVI,NO,,No supporting resource retrieved in this review; main methods examined.
85060200300,10.1016/j.worlddev.2018.12.015,World Development,2019,A comparative analysis of governance and leadership in agricultural development policy networks,YES,NO,YES,none,primary_ai_fulltext_review,high,Codex independent fulltext reviewer social,2026-10-07,false,development,https://api.elsevier.com/content/article/doi/10.1016/j.worlddev.2018.12.015?view=FULL,1,"Study design, participants and procedures","The article reuses CCAFS organizational questionnaires. Linked Dataverse identifies coauthor Laura Cramer as dataset contact; the 2014 study-methods paper 10.1186/2048-7010-3-13 explicitly credits LC with survey tool development, field testing, training and implementation support. This establishes earlier team collection beyond affiliation alone.",not stated,statnet,YES,https://dataverse.harvard.edu/dataset.xhtml?persistentId=hdl:1902.1/CCAFS-OBS-2012,supporting_provenance_reviewed; supporting_repository_metadata_unreviewed; unavailable
85083525997,10.1016/j.worlddev.2020.104975,World Development,2020,Improved sanitation increases long-term cognitive test scores,YES,YES,NO,cognitive tests; anthropometry; ancillary longitudinal household interviews,primary_ai_fulltext_review,high,Codex independent fulltext reviewer social,2026-10-07,false,development,https://api.elsevier.com/content/article/doi/10.1016/j.worlddev.2020.104975?view=FULL,1,"Study design, participants and procedures","The study follows the team’s randomized village sanitation intervention with household interviews, anthropometry and child cognitive testing. Earlier trial collection and new long-term follow-up qualify; primary design is the field intervention, not a survey.",not stated,not stated,YES,,No supporting resource retrieved in this review; main methods examined.
85099591241,10.1016/j.worlddev.2020.105364,World Development,2021,The impact of an extension of workers’ health insurance on formal employment: Evidence from Ecuador,NO,NO,NO,none,primary_ai_fulltext_review,high,Codex independent fulltext reviewer social,2026-10-07,false,development,https://api.elsevier.com/content/article/doi/10.1016/j.worlddev.2020.105364?view=FULL,1,"Study design, participants and procedures",The study analyzes external ENEMDU household survey waves around a national policy change; neither participant collection nor intervention assignment is by the author team.,not stated,not stated,NO,,No supporting resource retrieved in this review; main methods examined.
85131398770,10.1016/j.worlddev.2022.105950,World Development,2022,Taxing dissent: The impact of a social media tax in Uganda,NO,NO,NO,none eligible,primary_ai_fulltext_review,high,Codex independent fulltext reviewer social,2026-10-07,false,holdout,https://api.elsevier.com/content/article/doi/10.1016/j.worlddev.2022.105950?view=FULL,1,"Study design, participants and procedures","The team downloads existing Twitter traces and uses Google Trends, BuzzSumo, ACLED and ICEWS around a government-imposed tax. Surveys in the background belong to other organizations. This natural policy change involves no author-designed participant collection.",not stated,not stated,not applicable,,No supporting resource retrieved in this review; main methods examined.
85144387774,10.1016/j.worlddev.2022.106122,World Development,2023,The burdens of participation: A mixed-methods study of the effects of a nutrition-sensitive agriculture program on women's time use in Malawi,YES,YES,NO,time-use outcome questionnaires; qualitative interviews,primary_ai_fulltext_review,high,Codex independent fulltext reviewer social,2026-10-07,false,development,https://api.elsevier.com/content/article/doi/10.1016/j.worlddev.2022.106122?view=FULL,1,"Study design, participants and procedures","The authors collected repeated time-use and interview data within their Malawi cluster-randomized nutrition-agriculture program. Study is a field-program trial, so questionnaires are outcomes rather than a primary survey design. Earlier trial data by overlapping Gelli/Margolies team are explicitly reused.",not stated,Nvivo,YES,,No supporting resource retrieved in this review; main methods examined.
85201417200,10.1016/j.worlddev.2024.106758,World Development,2024,The power of mineral: Shock of the global supply chain from resource nationalism,NO,NO,NO,none,primary_ai_fulltext_review,high,Codex independent fulltext reviewer social,2026-10-07,false,development,https://api.elsevier.com/content/article/doi/10.1016/j.worlddev.2024.106758?view=FULL,1,"Study design, participants and procedures",The analysis combines existing commodity prices and EMERGING input-output tables in counterfactual economic models; no author-team participant collection.,not stated,R; MATLAB,NO,,No supporting resource retrieved in this review; main methods examined.
105017440329,10.1016/j.worlddev.2025.107193,World Development,2025,Taxing the wealthy in Haiti: Evidence from a conjoint experiment on property tax preferences,YES,YES,YES,cognitive pretest interviews,primary_ai_fulltext_review,high,Codex independent fulltext reviewer social,2026-10-07,false,holdout,https://doi.org/10.1016/j.worlddev.2025.107193,2;6;7;12,"Study design, participants and procedures","The authors commissioned 2,001 online responses through RIWI, with randomized property-tax conjoint proposals. The later gang uprising is a natural event, but the embedded randomized survey conjoint independently establishes both eligible methods.",RIWI,not stated,no,http://osf.io/4kev; https://doi.org/10.7910/DVN/LMIIRA; https://osf.io/4kev/,supporting_page_unreviewed; supporting_pdf_unreviewed; supporting_repository_metadata_unreviewed
84969866281,10.1017/s0043887115000453,World Politics,2016,Electoral handouts as information: Explaining unmonitored vote buying,YES,YES,YES,none,primary_ai_fulltext_review,high,Codex independent fulltext reviewer social,2026-10-07,false,development,https://www.cambridge.org/core/services/aop-cambridge-core/content/view/S0043887115000453,20;22,"Study design, participants and procedures",The author sampled Kenyan respondents and randomized hypothetical radio campaign recordings before questionnaire responses. This is a vignette survey experiment; no real vote-buying intervention.,not stated,not stated,NO,,No supporting resource retrieved in this review; main methods examined.
85029956092,10.1017/s004388711700017x,World Politics,2017,Religion and the Regime: Cooperation and Conflict in Contemporary Russia and China,NO,NO,NO,qualitative interviews only,primary_ai_fulltext_review,high,Codex independent fulltext reviewer social,2026-10-07,false,development,https://www.cambridge.org/core/services/aop-cambridge-core/content/view/S004388711700017X,3;4;5,"Study design, participants and procedures","Qualitative comparative fieldwork with religious leaders, officials and adherents plus archival research; no quantitative participant data study.",not stated,not stated,NO,,No supporting resource retrieved in this review; main methods examined.
85052962047,10.1017/s0043887118000114,World Politics,2018,Linkage Politics and Complex Governance in Transatlantic Surveillance,NO,NO,NO,qualitative interviews only,primary_ai_fulltext_review,high,Codex independent fulltext reviewer social,2026-10-07,false,development,https://www.cambridge.org/core/services/aop-cambridge-core/content/view/S0043887118000114,3;10;23,"Study design, participants and procedures","Qualitative institutional case study using policy documents and interviews, with no quantitative participant measurement.",not stated,not stated,NO,,No supporting resource retrieved in this review; main methods examined.
85071924822,10.1017/s0043887119000078,World Politics,2019,"Vote Brokers, Clientelist Appeals, and Voter Turnout: Evidence from Russia and Venezuela",YES,YES,YES,none,primary_ai_fulltext_review,high,Codex independent fulltext reviewer social,2026-10-07,false,development,https://www.cambridge.org/core/services/aop-cambridge-core/content/view/S0043887119000078,13;14;15,"Study design, participants and procedures",The authors fielded face-to-face questionnaires in Russia and Venezuela and randomized broker type and mobilization technique in hypothetical scenarios.,not stated,not stated,NO,,No supporting resource retrieved in this review; main methods examined.
85086785215,10.1017/s0043887120000039,World Politics,2020,The Durability of Client Regimes,NO,NO,NO,none,primary_ai_fulltext_review,high,Codex independent fulltext reviewer social,2026-10-07,false,development,https://www.cambridge.org/core/services/aop-cambridge-core/content/view/S0043887120000039,9;10;20,"Study design, participants and procedures",The original autocratic-client regime dataset codes historical documentary sources. Original coding of existing documents is not participant collection.,not stated,not stated,NO,,No supporting resource retrieved in this review; main methods examined.
85102508505,10.1017/s0043887120000258,World Politics,2021,Mobilization Campaigns and Rural Development: The East Asian Model Reconsidered,NO,NO,NO,none eligible,primary_ai_fulltext_review,high,Codex independent fulltext reviewer social,2026-10-07,false,holdout,https://www.cambridge.org/core/services/aop-cambridge-core/content/view/S0043887120000258,1;4;5,"Study design, participants and procedures","The comparative historical study uses archival fieldwork, documents and secondary sources concerning rural development campaigns. It does not collect quantitative participant responses or impose the historical interventions.",not stated,not stated,not applicable,,No supporting resource retrieved in this review; main methods examined.
85141294097,10.1017/s0043887122000107,World Politics,2022,The Political Economy of NGO Service Provision,YES,YES,NO,household outcome questionnaires; village service observations,primary_ai_fulltext_review,high,Codex independent fulltext reviewer social,2026-10-07,false,development,https://www.cambridge.org/core/services/aop-cambridge-core/content/view/S0043887122000107,4;13;14;15,"Study design, participants and procedures",The author newly surveyed households for political outcomes following Living Goods’ earlier randomized health intervention. This is an ancillary field-experiment evaluation; outcome questionnaires do not make its primary design a survey.,not stated,not stated,NO,,No supporting resource retrieved in this review; main methods examined.
105032858895,10.1353/wp.2023.a900711,World Politics,2023,“THIS RALLY IS NOT AUTHORIZED” Preventive Repression and Public Opinion in Electoral Autocracies,YES,YES,YES,none,primary_ai_fulltext_review,high,Codex independent fulltext reviewer social,2026-10-07,false,development,https://muse.jhu.edu/pub/1/article/900711/pdf,21;22;23,"Study design, participants and procedures","The author commissioned a face-to-face 1605 personsurvey and factorially randomized protest-authorization, tactics and police-arrest vignettes.",Levada Market Research,not stated,NO,,No supporting resource retrieved in this review; main methods examined.
cr_e3d33b93350b,10.1353/wp.2024.a933069,World Politics,2024,Industrialization and Democracy,NO,NO,NO,none,primary_ai_fulltext_review,high,Codex independent fulltext reviewer social,2026-10-07,false,development,https://muse.jhu.edu/pub/1/article/933069/pdf,3;15;20,"Study design, participants and procedures","The author digitizes existing historical manufacturing accounts and combines UNIDO, GGDC and V-Dem data. No quantitative participant collection.",not stated,not stated,NO,https://doi.org/10.7910/DVN; https://doi.org/10.7910/DVN/DP1VDW,No supporting resource retrieved in this review; main methods examined.
cr_34f1fcfe0baa,10.1353/wp.2025.a954434,World Politics,2025,Democracy and Economic Growth: Theoretical Debates and Empirical Contributions,NO,NO,NO,none eligible,primary_ai_fulltext_review,high,Codex independent fulltext reviewer social,2026-10-07,false,holdout,https://muse.jhu.edu/pub/1/article/954434/pdf,2;3;4;5;6;7;8;9,"Study design, participants and procedures","The essay reviews theoretical and empirical debates over democracy and growth, describing prior studies rather than conducting participant collection.",not stated,not stated,not applicable,,No supporting resource retrieved in this review; main methods examined.
