journal_id,journal,year,old_article_id,old_doi,new_article_id,new_doi,candidate_rank,frame_n,candidate_order_seed,selection_phase,reason,source_url,source_sha256,format,version_note,selected_at
J01,Academy of Management Journal,2016,84974822838,10.5465/amj.2012.0665,85007379649,10.5465/amj.2016.4007,5,73,score-replacement-20261007-v1,scopus_oa_priority,"Original main text unavailable after documented access attempts. First usable candidate found by the recorded hash-order search, with OA priority only in the second phase.",https://www.repository.cam.ac.uk/bitstreams/86b1fdeb-c3f4-481c-ae22-ca84e6c1fdb3/download,e7e9b0be1790f244a12215364d1b1fe69269d333c241a851e722ae972ad3045d,pdf,"Author manuscript of the Special Research Forum introduction; repository file includes an editorial cover followed by the complete article, references and author biographies. Published-version equivalence is unverified.",2026-10-07T19:14:36.575693+00:00
J01,Academy of Management Journal,2017,85029699854,10.5465/amj.2016.0179,85030466282,10.5465/amj.2015.0809,2,83,score-replacement-20261007-v1,initial_hash_order,"Original main text unavailable after documented access attempts. First usable candidate found by the recorded hash-order search, with OA priority only in the second phase.",https://utoronto.scholaris.ca/bitstreams/d68ea96a-9b53-4452-a12a-47c7727f3c24/download,4dd8be21afb09c8d726818f25432edd7af087af2286161fb57dd7dcf2af95525,pdf,Repository cover identifies a post-print/accepted manuscript and links the selected published DOI. Title and three authors match; published-version equivalence is unverified.,2026-10-07T18:56:06.372270+00:00
J01,Academy of Management Journal,2018,85049836037,10.5465/amj.2016.0448,85042383989,10.5465/amj.2016.0671,2,82,score-replacement-20261007-v1,initial_hash_order,"Original main text unavailable after documented access attempts. First usable candidate found by the recorded hash-order search, with OA priority only in the second phase.",https://www.repository.cam.ac.uk/bitstreams/fa28e139-7fc0-46c9-a47d-b7c46fc6e4c3/download,d6e59d87a23b8695a4d00ca4f43c1d9688c4cd6d2d1c0899522f38c7c9507689,pdf,Repository copy has an Academy of Management Journal submission cover marked Manuscript Type: Revision (AMJ-2016-0671.R2). Title matches; equivalence to the published version is unverified.,2026-10-07T18:56:12.009963+00:00
J01,Academy of Management Journal,2019,85064805006,10.5465/amj.2016.0749,85077240822,10.5465/amj.2017.1417,7,49,score-replacement-20261007-v1,scopus_oa_priority,"Original main text unavailable after documented access attempts. First usable candidate found by the recorded hash-order search, with OA priority only in the second phase.",https://www.repository.cam.ac.uk/bitstreams/40a8d32e-0e35-4575-9d2a-a5ff69c023c4/download,1f0879577680480057871174e45b8bc58ca80d3a14adac8a5d0057dc7f485884,pdf,"Author manuscript dated2019-07-25; main text, references and author biographies present. Published-version equivalence is unverified.",2026-10-07T19:15:05.115547+00:00
J01,Academy of Management Journal,2021,85114886178,10.5465/amj.2019.1228,105012509854,10.5465/amj.2019.0559,3,71,score-replacement-20261007-v1,initial_hash_order,"Original main text unavailable after documented access attempts. First usable candidate found by the recorded hash-order search, with OA priority only in the second phase.",https://content.openalex.org/works/W3044651816.pdf,3e4c06dea07cd59db63480c8d155ff15a8da25e9e0c71b6c54b6b233f3f969d0,pdf,"In-press Academy of Management Journal author manuscript dated2020-07-27 for the selected2021 article, with final DOI on title page. Main text and ending biographies present; published-version equivalence is unverified.",2026-10-07T19:11:05.140327+00:00
J01,Academy of Management Journal,2022,85129175877,10.5465/amj.2020.1657,85141272973,10.5465/amj.2018.1087,2,74,score-replacement-20261007-v1,initial_hash_order,"Original main text unavailable after documented access attempts. First usable candidate found by the recorded hash-order search, with OA priority only in the second phase.",https://www.zora.uzh.ch/server/api/core/bitstreams/d95fd1c2-c440-42ad-ba39-ab82ef9925ab/content,3932d3f7cd1694bf2f1cce84a99710f98cc71127c4ffed2295e905c00f3c61a5,pdf,Zurich repository cover identifies a Journal Article Accepted Version and links the selected DOI. Title and three authors match; published-version equivalence is unverified.,2026-10-07T18:56:14.136246+00:00
J01,Academy of Management Journal,2023,85165736878,10.5465/amj.2021.1022,85151282946,10.5465/amj.2020.0042,7,62,score-replacement-20261007-v1,scopus_oa_priority,"Original main text unavailable after documented access attempts. First usable candidate found by the recorded hash-order search, with OA priority only in the second phase.",http://ira.lib.polyu.edu.hk/bitstream/10397/97795/2/Cudennec_Valuing_Spanners_Nesting.pdf,ec3a5ba9da9dce4fd41629f862a57d2646ac24f3379c3b63d190413053499692,pdf,"Explicit pre-published accepted manuscript linked to AMJ66(2023),335–365 and selected DOI. All62 numbered manuscript pages present; published-version equivalence is unverified.",2026-10-07T19:14:46.392643+00:00
J01,Academy of Management Journal,2024,85203368238,10.5465/amj.2021.1185,85207438503,10.5465/amj.2019.1343,2,53,score-replacement-20261007-v1,initial_hash_order,"Original main text unavailable after documented access attempts. First usable candidate found by the recorded hash-order search, with OA priority only in the second phase.",https://pure.eur.nl/ws/files/136853334/Marti_et_al_2024_-_Constructing_envelopes.pdf,c376273d7877606533629a3a8e0b784e0bb09f5f018347e592eab983d8849848,pdf,,2026-10-07T18:56:08.883058+00:00
J01,Academy of Management Journal,2025,105025554191,10.5465/amj.2023.0625,105025104950,10.5465/amj.2022.1258,13,38,score-replacement-20261007-v1,scopus_oa_priority,"Original main text unavailable after documented access attempts. First usable candidate found by the recorded hash-order search, with OA priority only in the second phase.",https://eprints.soton.ac.uk/497884/1/AMJ-2022-1258.R4_Proof_hi.pdf,412ae181387774ee5e790a46d77977fa689834402d86420ca56ebcfb0c8213e4,pdf,"Revised submission manuscript AMJ-2022-1258.R4 for Academy of Management Journal, with matching title and five authors. Cover plus all70numbered manuscript pages present through tables; final published-version equivalence is unverified.",2026-10-07T19:36:14.042466+00:00
J03,Journal of Management,2019,85059352963,10.1177/0149206318808885,85053446221,10.1177/0149206316672532,19,106,score-replacement-20261007-v1,scopus_oa_priority,"Original main text unavailable after documented access attempts. First usable candidate found by the recorded hash-order search, with OA priority only in the second phase.",https://publications.aston.ac.uk/id/eprint/29991/1/Frontline_employee_creative_performance_and_customer_satisfaction.pdf,2792761ec605021ac24c429822aeb23b3e371c06473bc9db7ae8081ef23a8c13,pdf,"Publisher-formatted online-first article with2016copyright and placeholder volume/issue, for selected2019 Journal of Management publication. Complete24page main text and references; final issue-version equivalence is unverified.",2026-10-07T19:44:56.093319+00:00
J03,Journal of Management,2021,85069802031,10.1177/0149206319862612,85096721306,10.1177/0149206320969791,5,70,score-replacement-20261007-v1,scopus_oa_priority,"Original main text unavailable after documented access attempts. First usable candidate found by the recorded hash-order search, with OA priority only in the second phase.",https://discovery.ucl.ac.uk/10111715/1/Rietveld_0149206320969791.pdf,c1c3d1110993db5ff2cb5eefd9fece5f021790406e005fb0099fbadb30953ffa,pdf,"Publisher-formatted Journal of Management online-first version with2020copyright and placeholder volume/issue, for selected2021 publication. Complete36-page article; final issue-version equivalence is unverified.",2026-10-07T19:14:42.518727+00:00
J03,Journal of Management,2023,85133569461,10.1177/01492063221106420,85133597291,10.1177/01492063221106430,2,72,score-replacement-20261007-v1,initial_hash_order,"Original main text unavailable after documented access attempts. First usable candidate found by the recorded hash-order search, with OA priority only in the second phase.",https://discovery.ucl.ac.uk/10153108/3/Klotz_McClean%20Yim%20Koopman%20Tang%202022%20JOM.pdf,6e122e6dd78cc33411a94347ee9448e90c137fe88a3a449c1e0c453e109ce5d3,pdf,"Repository author manuscript with matching title and five authors, rather than journal issue formatting. Equivalence to the published version is unverified.",2026-10-07T18:56:16.070659+00:00
J03,Journal of Management,2024,85174856012,10.1177/01492063231204869,85174960599,10.1177/01492063231204870,1,83,score-replacement-20261007-v1,initial_hash_order,"Original main text unavailable after documented access attempts. First usable candidate found by the recorded hash-order search, with OA priority only in the second phase.",https://content.openalex.org/works/W4387939656.pdf,46194baa0a5b95636c3376c48e73a0b6b679c3485cafaa0aa303035fa03487ed,pdf,,2026-10-07T18:51:44.052526+00:00
J03,Journal of Management,2025,105021876075,10.1177/01492063251383826,85195149221,10.1177/01492063241252762,2,100,score-replacement-20261007-v1,initial_hash_order,"Original main text unavailable after documented access attempts. First usable candidate found by the recorded hash-order search, with OA priority only in the second phase.",https://udspace.udel.edu/bitstreams/2e0a8de9-c788-42f5-9ece-6336c6c04a1a/download,dea959bf92e8139558128403b3a2d7d82b20e0c69a54501642796934ec33f5fc,pdf,"Publisher-formatted advance article bearing 2024 copyright and placeholder issue fields for the selected 2025 record. Title, authors and DOI match; final issue pagination may differ.",2026-10-07T18:56:22.749772+00:00
J05,Management Science,2017,85032586323,10.1287/mnsc.2016.2545,85032566551,10.1287/mnsc.2016.2525,5,229,score-replacement-20261007-v1,scopus_oa_priority,"Original main text unavailable after documented access attempts. First usable candidate found by the recorded hash-order search, with OA priority only in the second phase.",https://content.openalex.org/works/W2510801419.pdf,288f6894a4a2ce73973cdcadbe67eefa03652eb9bbc95c6cb56976fb704b7a59,pdf,,2026-10-07T19:20:10.860056+00:00
J05,Management Science,2018,85047150197,10.1287/mnsc.2017.2753,85031826118,10.1287/mnsc.2016.2592,2,302,score-replacement-20261007-v1,initial_hash_order,"Original main text unavailable after documented access attempts. First usable candidate found by the recorded hash-order search, with OA priority only in the second phase.",https://shs.hal.science/halshs-00662513/document,69f4f1ef93dad74cabffc0310ecec447d089b1920e6f1232dfb50804095c34aa,pdf,Paris-Jourdan working paper 2012-02 for the selected 2018 journal article. Title and author match; equivalence to the published version is unverified.,2026-10-07T18:56:20.801693+00:00
J05,Management Science,2019,85061188012,10.1287/mnsc.2017.2943,85070472683,10.1287/mnsc.2018.3137,3,302,score-replacement-20261007-v1,initial_hash_order,"Original main text unavailable after documented access attempts. First usable candidate found by the recorded hash-order search, with OA priority only in the second phase.",https://content.openalex.org/works/W3121478879.pdf,c60a63058bf37c88d4753b567de748e90c705d3f201ff46a6f7df6602e5b19c9,pdf,"Publisher-formatted Articles in Advance version published2019-04-01, with repository and INFORMS covers followed by complete16-page article. Final issue pagination is not present.",2026-10-07T19:11:13.000722+00:00
J05,Management Science,2020,85094825536,10.1287/mnsc.2019.3412,85084925765,10.1287/mnsc.2018.3282,11,285,score-replacement-20261007-v1,scopus_oa_priority,"Original main text unavailable after documented access attempts. First usable candidate found by the recorded hash-order search, with OA priority only in the second phase.",https://arxiv.org/pdf/1807.01994,26daf9d851c4d92bf43888a7ef17e1d46eba7fa0e3acdc5920965edfb738f766,pdf,"arXiv preprint1807.01994v2 dated2018-12-26 for selected2020 Management Science article. Same title/authors, main text and mathematical appendix present; published-version equivalence is unverified.",2026-10-07T19:38:36.248728+00:00
J05,Management Science,2022,85132193036,10.1287/mnsc.2021.4149,85144492312,10.1287/mnsc.2022.4301,1,436,score-replacement-20261007-v1,initial_hash_order,"Original main text unavailable after documented access attempts. First usable candidate found by the recorded hash-order search, with OA priority only in the second phase.",https://run.unl.pt/bitstreams/568cb0cc-828f-4c4c-9912-d2cd1f35f0bf/download,de6e47db32146112510dbdccf6703a15ea6533d277746d3c0da3e908f162aae8,pdf,,2026-10-07T18:45:48.568063+00:00
J05,Management Science,2024,85203082702,10.1287/mnsc.2023.4909,85178880932,10.1287/mnsc.2023.4850,14,456,score-replacement-20261007-v1,scopus_oa_priority,"Original main text unavailable after documented access attempts. First usable candidate found by the recorded hash-order search, with OA priority only in the second phase.",http://ira.lib.polyu.edu.hk/bitstream/10397/109430/1/Tang_Impact_Input_Output.pdf,ab5929cdaa66f8d245e7faf943de0b48ba408a89868a72a5da038a986deb6c9b,pdf,,2026-10-07T19:15:36.824219+00:00
J05,Management Science,2025,85217977510,10.1287/mnsc.2022.01831,86000140118,10.1287/mnsc.2022.00807,18,464,score-replacement-20261007-v1,scopus_oa_priority,"Original main text unavailable after documented access attempts. First usable candidate found by the recorded hash-order search, with OA priority only in the second phase.",https://www.zora.uzh.ch/server/api/core/bitstreams/9c097f6a-dfb4-4103-a175-f3acc829b995/content,ba7cab0f3ffd33f66ae9b742f088819bc8dbade96b4ada84131a920f640f24f4,pdf,"Repository identifies Accepted Version for Management Science71(2025),2657–2677; manuscript itself is dated2023-07-30. Main text and supporting materials present; equivalence to final publication is unverified.",2026-10-07T19:15:21.351583+00:00
J06,Organization Science,2016,85009420709,10.1287/orsc.2016.1091,84982833822,10.1287/orsc.2015.1026,10,84,score-replacement-20261007-v1,scopus_oa_priority,"Original main text unavailable after documented access attempts. First usable candidate found by the recorded hash-order search, with OA priority only in the second phase.",https://e-archivo.uc3m.es/bitstreams/f1e39d63-f073-4960-84b8-2e7516b54d49/download,c51e1300ae9145b102fa8a8297ae5a6bc1cf0c544fd39b1cb5ecb69925a3f187,pdf,,2026-10-07T19:30:32.855226+00:00
J06,Organization Science,2017,85039752966,10.1287/orsc.2017.1161,85020549357,10.1287/orsc.2017.1122,8,61,score-replacement-20261007-v1,scopus_oa_priority,"Original main text unavailable after documented access attempts. First usable candidate found by the recorded hash-order search, with OA priority only in the second phase.",https://repository.upenn.edu/bitstreams/863be4ab-67d9-407e-9786-cad9c062d08e/download,01458ccb7a21e511e9be32a7e76573f33e1ab03aec590ef4d06c9de0217632ff,pdf,"Author manuscript dated2016-01-14 for selected2017 Organization Science article. Same exact title/authors, main text and ending tables present; published-version equivalence is unverified.",2026-10-07T19:35:21.940150+00:00
J06,Organization Science,2018,85043375860,10.1287/orsc.2017.1172,85048108756,10.1287/orsc.2017.1189,5,51,score-replacement-20261007-v1,scopus_oa_priority,"Original main text unavailable after documented access attempts. First usable candidate found by the recorded hash-order search, with OA priority only in the second phase.",https://content.openalex.org/works/W2799674983.pdf,0921541c9d41f492d21d85fde91ee714019c347de5da91d63fa2156a653ca9e7,pdf,,2026-10-07T19:20:16.252280+00:00
J06,Organization Science,2019,85071333254,10.1287/orsc.2018.1279,85084860862,10.1287/orsc.2019.1303,4,79,score-replacement-20261007-v1,scopus_oa_priority,"Original main text unavailable after documented access attempts. First usable candidate found by the recorded hash-order search, with OA priority only in the second phase.",https://content.openalex.org/works/W2972307990.pdf,1bbe0ff96552aafa9fd500283789843bff476ac115e0fdb329ba7a98c30bf0ca,pdf,"SSRN author manuscript for the selected Organization Science article; main text, references and survey appendix present across60pages. Equivalence to the published version is unverified.",2026-10-07T19:20:23.387252+00:00
J06,Organization Science,2021,85110499749,10.1287/orsc.2020.1403,85101399235,10.1287/orsc.2020.1377,2,67,score-replacement-20261007-v1,initial_hash_order,"Original main text unavailable after documented access attempts. First usable candidate found by the recorded hash-order search, with OA priority only in the second phase.",https://www.repository.cam.ac.uk/bitstreams/8729a75e-5630-4931-91be-bbdc51706b76/download,8bde9e60255f99f3fd2344c0411281e6a0c43d1ef1cf62a9690caffb8a57f484,pdf,Opening text identifies this copy as accepted for publication in Organization Science. Title and all four authors match; published-version equivalence is unverified.,2026-10-07T18:56:41.818225+00:00
J06,Organization Science,2022,85129326244,10.1287/orsc.2021.1512,85110741591,10.1287/orsc.2021.1462,20,104,score-replacement-20261007-v1,scopus_oa_priority,"Original main text unavailable after documented access attempts. First usable candidate found by the recorded hash-order search, with OA priority only in the second phase.",https://pure.uva.nl/ws/files/115966804/orsc.2021.1462.pdf,2b5951cb819355d1f72f7e6afcb2a1b3b30d4b69ca7b52e24cbc545188867683,pdf,,2026-10-07T19:38:53.929429+00:00
J06,Organization Science,2023,85151983806,10.1287/orsc.2022.1593,85181021553,10.1287/orsc.2021.1502,4,103,score-replacement-20261007-v1,scopus_oa_priority,"Original main text unavailable after documented access attempts. First usable candidate found by the recorded hash-order search, with OA priority only in the second phase.",https://iris.unive.it/bitstream/10278/3748349/1/orsc.2021.1502.pdf,f6abce83332dc7620150dda5415fb5abf38fc33831d8456aa4b61385fcbd2688,pdf,Publisher-formatted Articles in Advance version first published2021-10-21 for selected Scopus2023 article. Complete19-page main text after cover; final issue-version equivalence is unverified.,2026-10-07T19:15:01.407497+00:00
J06,Organization Science,2024,85207860885,10.1287/orsc.2023.17377,85190994134,10.1287/orsc.2020.14743,4,103,score-replacement-20261007-v1,scopus_oa_priority,"Original main text unavailable after documented access attempts. First usable candidate found by the recorded hash-order search, with OA priority only in the second phase.",https://www.econstor.eu/bitstream/10419/328345/1/otto-et-al-2024-finding-creativity-in-predictability-seizing-kairos-in-chronos-through-temporal-work-in-complex.pdf,c07097f0b6eda57ceeb1bf9725f1d50074ab251c89575307c5e9d323770b5802,pdf,,2026-10-07T19:15:24.656118+00:00
J06,Organization Science,2025,105026188849,10.1287/orsc.2021.15661,105020038390,10.1287/orsc.2022.16738,2,108,score-replacement-20261007-v1,initial_hash_order,"Original main text unavailable after documented access attempts. First usable candidate found by the recorded hash-order search, with OA priority only in the second phase.",http://cdr.lib.unc.edu/downloads/rn301j057,750406d68f46b0de429b0b8ca86f777ea628e9098fbdba0c09ac23b0f54b7219,pdf,,2026-10-07T18:56:35.967033+00:00
J08,Journal of Consumer Research,2016,84971668198,10.1093/jcr/ucv091,84978969375,10.1093/jcr/ucw011,9,59,score-replacement-20261007-v1,scopus_oa_priority,"Original main text unavailable after documented access attempts. First usable candidate found by the recorded hash-order search, with OA priority only in the second phase.",https://repository.bilkent.edu.tr/bitstreams/9f114462-9022-4aac-aed1-02cc44225624/download,04d670771710a7bd3c517c6fbb803485d2f6dc028710b16daa67b3d774fcc544,pdf,,2026-10-07T19:15:25.994690+00:00
J08,Journal of Consumer Research,2017,85039734350,10.1093/jcr/ucx096,85026456724,10.1093/jcr/ucx044,5,65,score-replacement-20261007-v1,scopus_oa_priority,"Original main text unavailable after documented access attempts. First usable candidate found by the recorded hash-order search, with OA priority only in the second phase.",https://content.openalex.org/works/W2763918885.pdf,cd85add7781e5ef9f82f58106d3f2bd3abe98e1c2db1147759db071fc558ae7f,pdf,,2026-10-07T19:20:28.308673+00:00
J08,Journal of Consumer Research,2018,85054802325,10.1093/jcr/ucy004,85044869974,10.1093/jcr/ucx106,7,57,score-replacement-20261007-v1,scopus_oa_priority,"Original main text unavailable after documented access attempts. First usable candidate found by the recorded hash-order search, with OA priority only in the second phase.",https://content.openalex.org/works/W2762657208.pdf,e8b93b6eb1128041ee7f2ca2024a286a2e5911e1493046eb2db613ff1ba81dd6,pdf,,2026-10-07T19:20:32.534134+00:00
J08,Journal of Consumer Research,2019,85081103062,10.1093/jcr/ucz002,85059696197,10.1093/jcr/ucy032,2,65,score-replacement-20261007-v1,initial_hash_order,"Original main text unavailable after documented access attempts. First usable candidate found by the recorded hash-order search, with OA priority only in the second phase.",https://content.openalex.org/works/W2797060011.pdf,d4423736e5ac5c70c222371495a8f7cf139ae3475e68084e4314c29f5246bba3,pdf,"Repository copy explicitly identified as the publisher version of record; Journal of Consumer Research 45(5), 988–1012, 2019. 26 PDF pages including cover.",2026-10-07T19:01:58.935437+00:00
J08,Journal of Consumer Research,2020,85082489698,10.1093/jcr/ucz040,85078033732,10.1093/jcr/ucz042,8,37,score-replacement-20261007-v1,scopus_oa_priority,"Original main text unavailable after documented access attempts. First usable candidate found by the recorded hash-order search, with OA priority only in the second phase.",https://utoronto.scholaris.ca/bitstreams/7500dc4a-d927-468a-af0a-c2b47f33cc14/download,b2fcc1945258ac92fcfc63aa8fb785247c898a089c1ee5e5165dcb38d575e06c,pdf,"Explicit accepted/post-print manuscript linked to Journal of Consumer Research46(6),2020 and final DOI. Main text and supporting materials present across94PDFpages; equivalence to the published version is unverified.",2026-10-07T19:15:27.454528+00:00
J08,Journal of Consumer Research,2021,85104119841,10.1093/jcr/ucaa049,85140252379,10.1093/jcr/ucab060,3,58,score-replacement-20261007-v1,initial_hash_order,"Original main text unavailable after documented access attempts. First usable candidate found by the recorded hash-order search, with OA priority only in the second phase.",https://content.openalex.org/works/W4213084082.pdf,bc5429b1ea691d6a683d13b4d8c8946c0d58056fb48488ba7e76669f7b83c56b,pdf,,2026-10-07T19:11:17.579820+00:00
J08,Journal of Consumer Research,2022,85136465085,10.1093/jcr/ucab070,85136498533,10.1093/jcr/ucab059,2,49,score-replacement-20261007-v1,initial_hash_order,"Original main text unavailable after documented access attempts. First usable candidate found by the recorded hash-order search, with OA priority only in the second phase.",https://content.openalex.org/works/W3200073322.pdf,a158781fe0058ca167286ac04be2f456c2fec64a559437632e4b24463464528e,pdf,"Forthcoming JCR manuscript, 61 PDF pages with submission-page labels 1–61 of 88. Main body, discussion, data-collection statement, references and tables are present; the separately referenced web appendix is not included. Final published-version equivalence is unverified.",2026-10-07T19:02:02.008509+00:00
J08,Journal of Consumer Research,2023,85159084986,10.1093/jcr/ucac031,105018947226,10.1093/jcr/ucac022,2,57,score-replacement-20261007-v1,initial_hash_order,"Original main text unavailable after documented access attempts. First usable candidate found by the recorded hash-order search, with OA priority only in the second phase.",https://content.openalex.org/works/W4285189146.pdf,39201cc76037ea355c68c406c7c09290f3a7add6adf9db9e81191369f0096c5c,pdf,"Publisher-formatted Journal of Consumer Research 49(5), 904–925, 2023; 22 PDF pages.",2026-10-07T19:02:05.005590+00:00
J08,Journal of Consumer Research,2024,85193453266,10.1093/jcr/ucad058,85193447895,10.1093/jcr/ucad050,3,73,score-replacement-20261007-v1,initial_hash_order,"Original main text unavailable after documented access attempts. First usable candidate found by the recorded hash-order search, with OA priority only in the second phase.",https://hal.science/hal-04200003/document,95c72a131b92381cab6a45558843fc9697ecd5e55abaa6b2f70853fc29753457,pdf,"Forthcoming author manuscript deposited in HAL on2023-09-08, linked on the repository cover to Journal of Consumer Research51(1),2024 and the selected DOI. Main text and references present; equivalence to the final published version is unverified.",2026-10-07T19:06:14.608499+00:00
J08,Journal of Consumer Research,2025,105005288793,10.1093/jcr/ucae061,105001205733,10.1093/jcr/ucae041,5,57,score-replacement-20261007-v1,scopus_oa_priority,"Original main text unavailable after documented access attempts. First usable candidate found by the recorded hash-order search, with OA priority only in the second phase.",https://pure.eur.nl/ws/files/156522631/Lenkovskaya_Sweldens_HowNumericalCognitionExplainsAA.pdf,3338e2881144129044b2d1589ead4c3ae92c7b0e165c2e8958fcf56d04328e8a,pdf,"Repository identifies peer-reviewed author version for Journal of Consumer Research51(6),2025; manuscript says forthcoming. Main text, appendices and references present; equivalence to the published version is unverified.",2026-10-07T19:15:28.603841+00:00
J09,Journal of Marketing,2016,84994844627,10.1509/jm.15.0413,84973917894,10.1509/jm.15.0153,14,36,score-replacement-20261007-v1,scopus_oa_priority,"Original main text unavailable after documented access attempts. First usable candidate found by the recorded hash-order search, with OA priority only in the second phase.",http://su.diva-portal.org/smash/get/diva2:935083/FULLTEXT01,dce275b9aa715f6cdde4d4dfa89044fd1f2d9f60a630bdabcc68955ffb098d8c,pdf,,2026-10-07T19:38:49.162074+00:00
J09,Journal of Marketing,2017,85033453487,10.1509/jm.14.0305,85012920906,10.1509/jm.15.0282,10,47,score-replacement-20261007-v1,scopus_oa_priority,"Original main text unavailable after documented access attempts. First usable candidate found by the recorded hash-order search, with OA priority only in the second phase.",https://lirias.kuleuven.be/retrieve/d841175f-a318-469d-92dd-24348f12a4ab,f4159ca54b280c94f9dd52085e452c76b6fe3404c096061c64c246ae828f5913,pdf,,2026-10-07T19:38:39.379151+00:00
J09,Journal of Marketing,2018,85059771427,10.1177/0022242918805059,85045923001,10.1509/jm.14.0250,3,52,score-replacement-20261007-v1,initial_hash_order,"Original main text unavailable after documented access attempts. First usable candidate found by the recorded hash-order search, with OA priority only in the second phase.",https://content.openalex.org/works/W2757209552.pdf,a1d56c345c716c9daefcae46224db236b933c9709b48380570fca11bdc29ad25,pdf,,2026-10-07T19:11:22.975391+00:00
J09,Journal of Marketing,2021,85088042986,10.1177/0022242920944384,85105736382,10.1177/0022242921995173,9,55,score-replacement-20261007-v1,scopus_oa_priority,"Original main text unavailable after documented access attempts. First usable candidate found by the recorded hash-order search, with OA priority only in the second phase.",https://content.openalex.org/works/W3128223486.pdf,41e7655d16fdab31f961af5467fe609bd676389f1c0c3174695c8c784b4f1e5d,pdf,"Peer-reviewed author manuscript dated2021-01-19, linked by repository cover to Journal of Marketing85(4) and selected DOI. Article and web appendix present; equivalence to final publication is unverified.",2026-10-07T19:20:37.226912+00:00
J09,Journal of Marketing,2022,85116001425,10.1177/00222429211007517,85116363679,10.1177/00222429211023040,3,51,score-replacement-20261007-v1,initial_hash_order,"Original main text unavailable after documented access attempts. First usable candidate found by the recorded hash-order search, with OA priority only in the second phase.",https://content.openalex.org/works/W3164740973.pdf,43f58ebc417617913b68a73f80384c76e0091d73597464268653eb5401c75910,pdf,,2026-10-07T19:11:29.217205+00:00
J09,Journal of Marketing,2023,85129312905,10.1177/00222429221076840,85141395672,10.1177/00222429221081506,9,47,score-replacement-20261007-v1,scopus_oa_priority,"Original main text unavailable after documented access attempts. First usable candidate found by the recorded hash-order search, with OA priority only in the second phase.",http://ira.lib.polyu.edu.hk/bitstream/10397/101859/1/Wang_Gift_Or_Donation.pdf,c69eb333cf0d3db61c89c050f4d87c6ce1f04ae8929fe6a741422e93fcc4695d,pdf,"Explicit pre-published accepted manuscript linked to Journal of Marketing87(1),2023,133–147 and exact DOI. Main text, references and figures present; low-text final figure visually checked. Published-version equivalence is unverified.",2026-10-07T19:36:15.209428+00:00
J09,Journal of Marketing,2024,85184416585,10.1177/00222429231216910,85185269088,10.1177/00222429231222269,3,46,score-replacement-20261007-v1,initial_hash_order,"Original main text unavailable after documented access attempts. First usable candidate found by the recorded hash-order search, with OA priority only in the second phase.",https://macsphere.mcmaster.ca/bitstream/11375/29534/1/sbv_wp_2023-02.pdf,c5d1a557fdcadfbe8f135948f701f5e79496ddfd0ece9c759a8806cf3f437296,pdf,"McMaster Working Paper Series in Strategic Business Valuation WP2023-02, dated September2023, for the selected2024 article. Main text, references, tables and figures present; equivalence to the final published version is unverified.",2026-10-07T19:06:27.761866+00:00
J09,Journal of Marketing,2025,86000783802,10.1177/00222429241296048,85201058566,10.1177/00222429241260637,3,56,score-replacement-20261007-v1,initial_hash_order,"Original main text unavailable after documented access attempts. First usable candidate found by the recorded hash-order search, with OA priority only in the second phase.",https://hal.science/hal-04604340/document,da87dfd418c755fa725d27acd120a7a4beabc5047fb7a9839b3c5c03f0a44280,pdf,"Author Accepted Manuscript with peer-review formatting, deposited in HAL on2024-06-07 and linked to Journal of Marketing89(1),2025 and selected DOI. Main text, references and tables present; equivalence to the final published version is unverified.",2026-10-07T19:06:30.884660+00:00
J10,Journal of Marketing Research,2017,85016198431,10.1509/jmr.14.0364,85041279634,10.1509/jmr.14.0625,7,61,score-replacement-20261007-v1,scopus_oa_priority,"Original main text unavailable after documented access attempts. First usable candidate found by the recorded hash-order search, with OA priority only in the second phase.",https://pure.rug.nl/ws/files/52632170/jmr.14.0625.pdf,4c1e979820696e52ce2e77418285c0860a5e0c0534f678658a3adefb49851599,pdf,,2026-10-07T19:30:26.388789+00:00
J10,Journal of Marketing Research,2018,85071592256,10.1177/0022243718811848,85049551987,10.1509/jmr.14.0290,10,56,score-replacement-20261007-v1,scopus_oa_priority,"Original main text unavailable after documented access attempts. First usable candidate found by the recorded hash-order search, with OA priority only in the second phase.",https://researchonline.lse.ac.uk/id/eprint/87158/1/Narasimhan_Is_cash_king_AAM.pdf,15e82212df1d544df1bcd27572acba383e79b6eb51ce0671a672aa3a84e27f93,pdf,"Explicit final accepted author manuscript, draftDecember2017, for selected2018 Journal of Marketing Research article. Main text, references and figures present; equivalence to published version is unverified.",2026-10-07T19:30:28.061495+00:00
J10,Journal of Marketing Research,2019,85079506558,10.1177/0022243718823169,85079560224,10.1177/0022243718820570,2,60,score-replacement-20261007-v1,initial_hash_order,"Original main text unavailable after documented access attempts. First usable candidate found by the recorded hash-order search, with OA priority only in the second phase.",https://biblio.ugent.be/publication/8635410/file/8635411.pdf,0e7d973f8194e00c12449af99c5a8b092ab7c1f193a708724f14bd924d97b41e,pdf,,2026-10-07T18:57:01.062753+00:00
J10,Journal of Marketing Research,2020,85083775477,10.1177/0022243719889028,85083800979,10.1177/0022243719881618,2,58,score-replacement-20261007-v1,initial_hash_order,"Original main text unavailable after documented access attempts. First usable candidate found by the recorded hash-order search, with OA priority only in the second phase.",https://opus.lib.uts.edu.au/bitstream/10453/142943/3/A%20Multiattribute%20Benefits-Based%20Choice%20Model%20with%20Multiple%20Mediators%20New%20Insights%20for%20Positioning.pdf,9fc72dd23739e346e65b5303885e282220f1b31c009bf28b204171257d5427c8,pdf,Repository author manuscript with matching title and all three authors. Equivalence to the selected published journal version is unverified.,2026-10-07T18:57:06.103505+00:00
J10,Journal of Marketing Research,2021,85105439697,10.1177/00222437211002818,85109420024,10.1177/00222437211012451,5,59,score-replacement-20261007-v1,scopus_oa_priority,"Original main text unavailable after documented access attempts. First usable candidate found by the recorded hash-order search, with OA priority only in the second phase.",https://research.wu.ac.at/ws/files/18947457/00222437211012451.pdf,53ec2c855ee51d90dbbe1c0dafc8a8c6046970cc073cc6cc371e78b207160f4f,pdf,,2026-10-07T19:15:45.950498+00:00
J10,Journal of Marketing Research,2022,85128452984,10.1177/00222437211059088,85126628630,10.1177/00222437221076160,3,63,score-replacement-20261007-v1,initial_hash_order,"Original main text unavailable after documented access attempts. First usable candidate found by the recorded hash-order search, with OA priority only in the second phase.",http://arxiv.org/pdf/2005.06840,5a4553a4d86c32640f3aebb889505e56b76a2d2b05f8ccf811f915956be90b34,pdf,"arXiv author manuscript dated July2021 for the selected2022 journal article. Main text, appendices and references present; equivalence to the final published version is unverified.",2026-10-07T19:06:35.982787+00:00
J10,Journal of Marketing Research,2023,85161055864,10.1177/00222437221131568,85150929779,10.1177/00222437221141052,8,59,score-replacement-20261007-v1,scopus_oa_priority,"Original main text unavailable after documented access attempts. First usable candidate found by the recorded hash-order search, with OA priority only in the second phase.",https://repositorio.ucp.pt/bitstreams/561e0cc4-c4c3-4327-a562-e0dc8f53841e/download,41068af9a494ba50dd27962daa08ad630c0eda91611546fa33feddeb8e8a4baa,pdf,,2026-10-07T19:16:00.775558+00:00
J10,Journal of Marketing Research,2024,85196254925,10.1177/00222437241255650,85181478411,10.1177/00222437231207323,2,59,score-replacement-20261007-v1,initial_hash_order,"Original main text unavailable after documented access attempts. First usable candidate found by the recorded hash-order search, with OA priority only in the second phase.",https://madoc.bib.uni-mannheim.de/67034/1/lanz-et-al-2024-buying-future-endorsements-from-prospective-influencers-on-user-generated-content-platforms.pdf,03265b924592039ebfe8c33783b29bc786dbaece44fdeca8ae8e408ca52b578f,pdf,,2026-10-07T18:57:07.431951+00:00
J10,Journal of Marketing Research,2025,105019547020,10.1177/00222437251350150,85210583128,10.1177/00222437241275927,6,61,score-replacement-20261007-v1,scopus_oa_priority,"Original main text unavailable after documented access attempts. First usable candidate found by the recorded hash-order search, with OA priority only in the second phase.",https://content.openalex.org/works/W4401448220.pdf,81dacf164f7606d165924f0b43ab96fd3fd67ee4dea815dce37bed2f440557b6,pdf,Publisher-formatted online-first article with2024copyright and1–25pagination for selected2025 Journal of Marketing Research article. Main text and references present; final issue-version equivalence is unverified.,2026-10-07T19:20:45.680819+00:00
J13,American Educational Research Journal,2018,85041632859,10.3102/0002831217746107,85045036347,10.3102/0002831218763587,4,38,score-replacement-20261007-v1,scopus_oa_priority,"Original main text unavailable after documented access attempts. First usable candidate found by the recorded hash-order search, with OA priority only in the second phase.",https://content.openalex.org/works/W2795574430.pdf,237f0760b2a0ba61c55c05b20b83e54dab554e669744010a26dfd475bba29665,pdf,Author manuscript with repository covers linked to selected American Educational Research Journal DOI. Main article and ending appendix tables present; final published-version equivalence is unverified.,2026-10-07T19:20:53.294123+00:00
J13,American Educational Research Journal,2019,85059682760,10.3102/0002831218822066,85059455540,10.3102/0002831218807428,30,73,score-replacement-20261007-v1,scopus_oa_priority,"Original main text unavailable after documented access attempts. First usable candidate found by the recorded hash-order search, with OA priority only in the second phase.",https://vtechworks.lib.vt.edu/bitstreams/d02f26b6-0792-4ef0-b623-34891f8aee9c/download,5b921d322794ee7dfc1d217afd109249d82ac703631885bca6c2157ec3c2e9c4,pdf,"Stanford CEPA working paper18-20, versionOctober2018, for selected2019 American Educational Research Journal article. Same title/author, main text and supporting tables present; published-version equivalence is unverified.",2026-10-07T19:42:00.955163+00:00
J13,American Educational Research Journal,2020,85081615356,10.3102/0002831220908848,85084860081,10.3102/0002831220916840,15,67,score-replacement-20261007-v1,scopus_oa_priority,"Original main text unavailable after documented access attempts. First usable candidate found by the recorded hash-order search, with OA priority only in the second phase.",https://edworkingpapers.com/sites/default/files/ai19-119.pdf,cdf9d2aa1de4461729a04d3c30c1277e85480fd1cec8329c7b4cfac278bf0a3f,pdf,"EdWorkingPaper19-119, versionAugust2019, for selected2020 American Educational Research Journal article. Same title/authors, main text and appendix present; published-version equivalence is unverified.",2026-10-07T19:30:37.470833+00:00
J13,American Educational Research Journal,2021,85092593857,10.3102/0002831220963874,85087692195,10.3102/0002831220937285,2,36,score-replacement-20261007-v1,initial_hash_order,"Original main text unavailable after documented access attempts. First usable candidate found by the recorded hash-order search, with OA priority only in the second phase.",https://edworkingpapers.com/sites/default/files/SchoolsOut_AtteberryMcEachin_2020_0520.pdf,020b537c387117191e79a32a598cfa2153ccbc7362fd2683775f83eded7cea47,pdf,"EdWorkingPaper 19-82, version May 2020, for the selected 2021 journal article. Title and both authors match; working-paper DOI differs from the selected journal DOI and published-version equivalence is unverified.",2026-10-07T18:57:12.995720+00:00
J13,American Educational Research Journal,2022,85125665553,10.3102/00028312221078579,85115082977,10.3102/00028312211042251,2,35,score-replacement-20261007-v1,initial_hash_order,"Original main text unavailable after documented access attempts. First usable candidate found by the recorded hash-order search, with OA priority only in the second phase.",https://files.eric.ed.gov/fulltext/EJ1330767.pdf,37a887ce65f01fc41b4f38e1ce83ee34b10e167a2be9c10b7a38f68907fdeaa6,pdf,"Publisher-formatted AERJ PDF,2022,59(2),284–314; full printed main-article page range. Downloaded from ERIC.",2026-10-07T20:10:35.329661+00:00
J13,American Educational Research Journal,2023,85153598685,10.3102/00028312231165909,85159115314,10.3102/00028312231169243,3,35,score-replacement-20261007-v1,initial_hash_order,"Original main text unavailable after documented access attempts. First usable candidate found by the recorded hash-order search, with OA priority only in the second phase.",https://content.openalex.org/works/W4376136500.pdf,a75ae47024f4eb0cea861c5f51cb2c9a1d962cd45478e6eff294c4b9d275d7a9,pdf,,2026-10-07T19:11:35.121803+00:00
J13,American Educational Research Journal,2024,85185928194,10.3102/00028312241228837,85195386741,10.3102/00028312241251857,6,35,score-replacement-20261007-v1,scopus_oa_priority,"Original main text unavailable after documented access attempts. First usable candidate found by the recorded hash-order search, with OA priority only in the second phase.",https://content.openalex.org/works/W4399245901.pdf,c577d2b4e549319808a53f82dd50d0ef241726ccde7a84469bbb6d3ce8d2c061,pdf,"PMC author manuscript of American Educational Research Journal61(4),2024, linked to final DOI. Main text, references and tables present; final published-version equivalence is unverified.",2026-10-07T19:20:58.857389+00:00
J13,American Educational Research Journal,2025,105002570150,10.3102/00028312241296102,105021882288,10.3102/00028312251388655,2,34,score-replacement-20261007-v1,initial_hash_order,"Original main text unavailable after documented access attempts. First usable candidate found by the recorded hash-order search, with OA priority only in the second phase.",https://content.openalex.org/works/W4416160856.pdf,93db0bbdf337bca9f11d208671c659c54d8668f99579f1a9eab9dd06dc93bcf1,pdf,"Scopus publication-year cell 2025; publisher confirms first online 12 November 2025, assigned February 2026 issue 63(1),72–108. Available PDF is the 2026 issue version. Title, authors and DOI match; retained under the established indexed-year frame.",2026-10-07T19:02:11.790971+00:00
J16,Educational Researcher,2017,85038582228,10.3102/0013189x17738737,85028649359,10.3102/0013189x17725499,20,39,score-replacement-20261007-v1,scopus_oa_priority,"Original main text unavailable after documented access attempts. First usable candidate found by the recorded hash-order search, with OA priority only in the second phase.",https://www.ncbi.nlm.nih.gov/pmc/articles/5589228,2eab7b703277be1b8c468cb8ba8577ee237a953354dfd57ab846f0dd0a2f593e,html,"PMC author manuscript; equivalence to the published version is unverified. Saved as one document segment, not physical pages. Images remain repository links; extracted text includes their captions.",2026-10-07T20:11:54.972428+00:00
J16,Educational Researcher,2023,85143631240,10.3102/0013189x221139292,85150874531,10.3102/0013189x231161318,2,54,score-replacement-20261007-v1,initial_hash_order,"Original main text unavailable after documented access attempts. First usable candidate found by the recorded hash-order search, with OA priority only in the second phase.",https://content.openalex.org/works/W4327950904.pdf,4cd547f4e6520561e9942004c9f8cad23ab8ff4106ba1a22f7004f91e19dbbc6,pdf,,2026-10-07T19:02:18.299230+00:00
J16,Educational Researcher,2024,85186452943,10.3102/0013189x241228824,85192608397,10.3102/0013189x241261336,2,40,score-replacement-20261007-v1,initial_hash_order,"Original main text unavailable after documented access attempts. First usable candidate found by the recorded hash-order search, with OA priority only in the second phase.",https://content.openalex.org/works/W4401193273.pdf,86ba418d0ab47d4994e8c646cf6fad40d622e7e4a7daa9af383361b06557dcff,pdf,,2026-10-07T19:02:14.484528+00:00
J16,Educational Researcher,2025,105003188868,10.3102/0013189x251321448,105001081943,10.3102/0013189x251314808,7,41,score-replacement-20261007-v1,scopus_oa_priority,"Original main text unavailable after documented access attempts. First usable candidate found by the recorded hash-order search, with OA priority only in the second phase.",https://esh.diva-portal.org/smash/get/diva2:1939636/FULLTEXT01,3c2bf3979b2e785c4aabffe55b21db8bb2c2915cb4ceaefe1438e62fd26a7d58,pdf,Publisher-formatted Educational Researcher online-first version with2025DOI and placeholderMONTHXXXX/1–9pagination. Complete main article and references; final issue-version pagination is not shown.,2026-10-07T19:30:48.121685+00:00
J17,Exceptional Children,2022,85126000043,10.1177/00144029221081092,85128207286,10.1177/00144029211073524,4,22,score-replacement-20261007-v1,scopus_oa_priority,"Original main text unavailable after documented access attempts. First usable candidate found by the recorded hash-order search, with OA priority only in the second phase.",https://lirias.kuleuven.be/retrieve/d6cc61ec-e118-4ed1-9879-e96292b740c8,a06d99dc3d01f70ef6cb37b948cae0a92e337cb8689be2ab18f4e572a0f4b52b,pdf,Publisher-formatted online-first Exceptional Children article with1–18pagination and2022copyright. Main text and references present; final issue pagination is not shown.,2026-10-07T19:16:14.453478+00:00
J17,Exceptional Children,2025,105001087073,10.1177/00144029251317014,85212278265,10.1177/00144029241300518,1,17,score-replacement-20261007-v1,initial_hash_order,"Original main text unavailable after documented access attempts. First usable candidate found by the recorded hash-order search, with OA priority only in the second phase.",https://content.openalex.org/works/W4405443141.pdf,fc89296616db9ae51b73a1135b719726f97f2759a5a4ba3c25593c2d8018526c,pdf,,2026-10-07T18:51:54.948655+00:00
J18,Journal of Educational Psychology,2017,85000961913,10.1037/edu0000153,84981719130,10.1037/edu0000148,1,71,score-replacement-20261007-v1,initial_hash_order,"Original main text unavailable after documented access attempts. First usable candidate found by the recorded hash-order search, with OA priority only in the second phase.",https://eprints.whiterose.ac.uk/id/eprint/103138/1/Decimal_DOE_MS_with_tables_7_14_16.pdf,9d862b5fb7440e63ee8ffe7b5a7172e70c1d61b2188b214bf39d6a9d1c444374,pdf,"Repository cover identifies an accepted version of the selected article. Title, authors and published DOI match; equivalence to the published version is unverified.",2026-10-07T18:46:39.457933+00:00
J18,Journal of Educational Psychology,2022,85140772410,10.1037/edu0000764,85119276460,10.1037/edu0000675,3,102,score-replacement-20261007-v1,initial_hash_order,"Original main text unavailable after documented access attempts. First usable candidate found by the recorded hash-order search, with OA priority only in the second phase.",https://content.openalex.org/works/W3204545365.pdf,ced6bf497aae718e43a814866df7153cc71e57da4b5276b87a60ce66bbf4fc4a,pdf,Publisher-formatted advance online Journal of Educational Psychology version dated2021-10-07 for selected2022 article. Main text and references present; final issue-version equivalence is unverified.,2026-10-07T19:11:43.425348+00:00
J18,Journal of Educational Psychology,2024,85189334970,10.1037/edu0000821,85205389736,10.1037/edu0000863,7,75,score-replacement-20261007-v1,scopus_oa_priority,"Original main text unavailable after documented access attempts. First usable candidate found by the recorded hash-order search, with OA priority only in the second phase.",https://repository.essex.ac.uk/40067/1/Lavelle-Hill%20et%20al%20JEP%202024%20Predictors%20of%20Math%20Achievement.pdf,21c004597737c7e2b7b9eeffb16b72f4cc805cbf458db586e384a8cf0694701b,pdf,,2026-10-07T19:32:16.486403+00:00
J21,Clinical Psychological Science,2017,85024089653,10.1177/2167702616689086,85016277843,10.1177/2167702616687292,8,74,score-replacement-20261007-v1,scopus_oa_priority,"Original main text unavailable after documented access attempts. First usable candidate found by the recorded hash-order search, with OA priority only in the second phase.",https://dspace.library.uu.nl/bitstreams/568c60d3-280b-4db0-bdbd-3a5273d59506/download,d572189b0cb9c55a0cf8bbe44f7a9623bf3ed97050185c4eb98e8d7bdcdbc847,pdf,,2026-10-07T19:31:14.319922+00:00
J21,Clinical Psychological Science,2018,85053311287,10.1177/2167702618788863,85046879179,10.1177/2167702617741381,7,60,score-replacement-20261007-v1,scopus_oa_priority,"Original main text unavailable after documented access attempts. First usable candidate found by the recorded hash-order search, with OA priority only in the second phase.",https://www.ebi.ac.uk/europepmc/webservices/rest/PMC5952301/fullTextXML,b0fc88b1a8ff17d64b55fc4265fe6ac67ef8d9a720d60608e94ab63eea689435,xml,"Publisher full-text JATS XML from Europe PMC, Clinical Psychological Science 6(3), 2018, pages 352–371. XML is stored as one text segment, not one physical page.",2026-10-07T19:38:50.672784+00:00
J21,Clinical Psychological Science,2023,85150432318,10.1177/21677026221097618,85146083158,10.1177/21677026221133295,1,73,score-replacement-20261007-v1,initial_hash_order,"Original main text unavailable after documented access attempts. First usable candidate found by the recorded hash-order search, with OA priority only in the second phase.",https://content.openalex.org/works/W4313909068.pdf,de99d8cc7ec7d5e7ad24437b07d0759af5398711fdd81d9f1ee32c8ccb556bf9,pdf,HHS/PMC author manuscript with the selected published DOI and matching title/authors; equivalence to the final edited journal version is unverified.,2026-10-07T18:52:04.095258+00:00
J21,Clinical Psychological Science,2024,85170839026,10.1177/21677026231192271,85163027876,10.1177/21677026231162814,2,67,score-replacement-20261007-v1,initial_hash_order,"Original main text unavailable after documented access attempts. First usable candidate found by the recorded hash-order search, with OA priority only in the second phase.",https://www.ebi.ac.uk/europepmc/webservices/rest/PMC11136614/fullTextXML,4ad4a4bf79b951056a62bf178882de4031995fa6161cb527e6ee718670b101c2,xml,"Publisher JATS XML from EuropePMC, Clinical Psychological Science 12(3), 380–402, 2024; online publication 2023.",2026-10-07T18:57:54.421334+00:00
J21,Clinical Psychological Science,2025,105012277877,10.1177/09567976251349815,105004455067,10.1177/21677026251332931,1,69,score-replacement-20261007-v1,initial_hash_order,"Original Scopus record assigned to the wrong journal; publisher journal of replacement verified. First usable candidate found by the recorded hash-order search, with OA priority only in the second phase.",https://content.openalex.org/works/W4410092559.pdf,a1339c01f74f0bdcfdf6096270a7ae93e9c9e2486db7688494d9d204a629fc91,pdf,,2026-10-07T18:52:09.347549+00:00
J23,European Journal of Personality,2022,85116640293,10.1177/08902070211016260,85136938788,10.1177/08902070211015583,4,49,score-replacement-20261007-v1,scopus_oa_priority,"Original main text unavailable after documented access attempts. First usable candidate found by the recorded hash-order search, with OA priority only in the second phase.",https://biblio.ugent.be/publication/8722366/file/8722369.pdf,8b9c918e21acc553770c1bb70f80c31d8a7ebc6ba2a297d7f4a4fc5e098131fe,pdf,"Explicit accepted author version, repository citation dated2021 for selected2022 European Journal of Personality article. Main text and references present; equivalence to the final published version is unverified.",2026-10-07T19:16:31.192822+00:00
J23,European Journal of Personality,2023,85145408758,10.1177/08902070211040978,85147724343,10.1177/08902070211072745,1,43,score-replacement-20261007-v1,initial_hash_order,"Original main text unavailable after documented access attempts. First usable candidate found by the recorded hash-order search, with OA priority only in the second phase.",https://repository.tilburguniversity.edu/bitstreams/99eaa403-b7e8-499d-b6d8-77452d33ec67/download,1a0f15db066d97a8a1d528133db20c4d72fd4342b6b2beebe83ceffb1a6dd957,pdf,,2026-10-07T18:47:28.588329+00:00
J25,Journal of Applied Psychology,2017,85017115981,10.1037/apl0000219,85029581651,10.1037/apl0000260,7,108,score-replacement-20261007-v1,scopus_oa_priority,"Original main text unavailable after documented access attempts. First usable candidate found by the recorded hash-order search, with OA priority only in the second phase.",https://www.repository.cam.ac.uk/bitstreams/6c2c7516-a018-466f-a1df-f6d00aa3b5e8/download,12ac927a80c470692d1ef51d1e69d035f5538d4fb51546d0641488d321e27fbc,pdf,"Anonymized author manuscript from Cambridge repository; exact title matches selected DOI-linked metadata, but author names are absent from its title page. Main text, references and figures present across55pages; equivalence to the published version is unverified.",2026-10-07T19:16:52.102608+00:00
J25,Journal of Applied Psychology,2018,85037726668,10.1037/apl0000279,85049007770,10.1037/apl0000326,2,76,score-replacement-20261007-v1,initial_hash_order,"Original main text unavailable after documented access attempts. First usable candidate found by the recorded hash-order search, with OA priority only in the second phase.",http://ira.lib.polyu.edu.hk/bitstream/10397/80206/2/Huang_Nonlinear_consequences_promotive.pdf,76d348831d871eea77fce5bdcd5242287fcb169843f267938b25614c7d66461a,pdf,Repository copy marked Pre-Published Version; 61-page author manuscript. Equivalence to the final published article is unverified.,2026-10-07T18:58:02.971304+00:00
J25,Journal of Applied Psychology,2023,85183375884,10.1037/apl0001160,85183185776,10.1037/apl0001157,5,84,score-replacement-20261007-v1,scopus_oa_priority,"Original main text unavailable after documented access attempts. First usable candidate found by the recorded hash-order search, with OA priority only in the second phase.",https://biblio.ugent.be/publication/01HR7Q63VSSV79W8R7MJSK7FCX/file/01HR7QAAM6501D1X2E7FBZMK69.pdf,165b841cc2a6ffd698e49e24533575884839ad3f7b3d519edc63eb63dfd126f8,pdf,"In-press author manuscript dated2023-09-27, explicitly not the APA copy of record and linked to selected DOI. Main text, references and figures present; final published-version equivalence is unverified.",2026-10-07T19:16:49.986849+00:00
J25,Journal of Applied Psychology,2024,85195595396,10.1037/apl0001190,85211581062,10.1037/apl0001204,38,91,score-replacement-20261007-v1,scopus_oa_priority,"Original main text unavailable after documented access attempts. First usable candidate found by the recorded hash-order search, with OA priority only in the second phase.",https://jyx.jyu.fi/bitstreams/7c643e6e-8f74-4858-a493-352720b2c9e7/download,af5dff3dbd0549726a8daa97b00d8af8bc33b88688c6b6edd2a264165256a387,pdf,"Explicit accepted final-draft author version linked to selected2024 Journal of Applied Psychology DOI. Repository cover substitutes for author-title page, main text starts manuscriptpage2 and continues through figures; all main text present, published-version equivalence is unverified.",2026-10-07T19:40:51.772641+00:00
J25,Journal of Applied Psychology,2025,105000392144,10.1037/apl0001268,105000391098,10.1037/apl0001274,3,55,score-replacement-20261007-v1,initial_hash_order,"Original main text unavailable after documented access attempts. First usable candidate found by the recorded hash-order search, with OA priority only in the second phase.",https://discovery.ucl.ac.uk/id/eprint/10204255/1/After%20Shocks%20-%20Accepted%20Pre-Proof%20Version.pdf,b57f0bc6d622e0cdecd588a56a1e100955f91b029a6e86339585cb4479446b5a,pdf,"Accepted pre-proof author manuscript, explicitly not the APA copy of record, linking final DOI10.1037/apl0001274. Main text, references, tables and figures present; equivalence to the final published version is unverified.",2026-10-07T19:07:47.856784+00:00
J26,Journal of Consulting and Clinical Psychology,2022,85124623159,10.1037/ccp0000707,85140727199,10.1037/ccp0000757,1,74,score-replacement-20261007-v1,initial_hash_order,"Original main text unavailable after documented access attempts. First usable candidate found by the recorded hash-order search, with OA priority only in the second phase.",https://mcgill.scholaris.ca/bitstreams/0d591a86-73f9-4b7c-9849-15e108414f95/download,f4dcd2f68143c7085b3de0950cd4cfb8b40f40f0178fbe56e96f4edf589b6b98,pdf,"The opening notice states that this is not the copy of record and may not exactly replicate the published APA article. Title, authors and published DOI match; published-version equivalence is unverified.",2026-10-07T18:48:06.357191+00:00
J26,Journal of Consulting and Clinical Psychology,2023,85147044113,10.1037/ccp0000793,85160456581,10.1037/ccp0000812,19,76,score-replacement-20261007-v1,scopus_oa_priority,"Original main text unavailable after documented access attempts. First usable candidate found by the recorded hash-order search, with OA priority only in the second phase.",https://lirias.kuleuven.be/retrieve/b6f017f1-02b4-4b4f-bb1a-086d48797a52,0d5d40f9e571b67d032400b1d420ff123c28a1f8edc32c7dbfea95bd22775c8d,pdf,"Author manuscript linked by title-page citation to selected2023 Journal of Consulting and Clinical Psychology DOI. Same title/authors, main text, references and figures present; final figure visually checked. Published-version equivalence is unverified.",2026-10-07T19:52:33.536156+00:00
J26,Journal of Consulting and Clinical Psychology,2025,105010177233,10.1037/ccp0000963,105005821326,10.1037/ccp0000954,9,64,score-replacement-20261007-v1,scopus_oa_priority,"Original main text unavailable after documented access attempts. First usable candidate found by the recorded hash-order search, with OA priority only in the second phase.",https://academica-e.unavarra.es/bitstreams/1096f3ec-b3c4-45b5-9d6a-794ef0111c1c/download,0624da439677e8536989bee070b40481173138f71b442e5b53818145c358f8cc,pdf,,2026-10-07T19:40:59.790267+00:00
J28,Journal of Experimental Psychology: General,2017,85011026067,10.1037/xge0000259,85041566197,10.1037/xge0000371,10,118,score-replacement-20261007-v1,scopus_oa_priority,"Original main text unavailable after documented access attempts. First usable candidate found by the recorded hash-order search, with OA priority only in the second phase.",https://biblio.ugent.be/publication/8529555/file/8529556.pdf,56ac156491590725b9810d6786520d72ec36138f4e67d20a952c78c5496aefef,pdf,"In-press Journal of Experimental Psychology: General manuscript dated August 16, 2017; final-version equivalence has not been checked.",2026-10-07T19:37:09.825633+00:00
J28,Journal of Experimental Psychology: General,2018,85057892556,10.1037/xge0000524,85051957497,10.1037/xge0000471,4,112,score-replacement-20261007-v1,scopus_oa_priority,"Original main text unavailable after documented access attempts. First usable candidate found by the recorded hash-order search, with OA priority only in the second phase.",https://www.ebi.ac.uk/europepmc/webservices/rest/PMC6166527/fullTextXML,c53dabde70f4f474f21166811117ad8199f23fbba1513d9f0d0908a22ffb3127,xml,,2026-10-07T19:17:35.402250+00:00
J28,Journal of Experimental Psychology: General,2020,85082721697,10.1037/xge0000753,85068891006,10.1037/xge0000648,13,170,score-replacement-20261007-v1,scopus_oa_priority,"Original main text unavailable after documented access attempts. First usable candidate found by the recorded hash-order search, with OA priority only in the second phase.",https://www.ebi.ac.uk/europepmc/webservices/rest/PMC6951107/fullTextXML,01ba1db109b079635e3c4613cc6c331f714bde2d501285fc8432557449820359,xml,,2026-10-07T19:44:30.668228+00:00
J28,Journal of Experimental Psychology: General,2025,105006802067,10.1037/xge0001780,105023452818,10.1037/xge0001870,20,168,score-replacement-20261007-v1,scopus_oa_priority,"Original main text unavailable after documented access attempts. First usable candidate found by the recorded hash-order search, with OA priority only in the second phase.",https://pure.uva.nl/ws/files/319156588/2026-94726-003.pdf,8502d04092c03499f576f486ca199a3ecad8fa016e2d9a54513c3ed048431db3,pdf,,2026-10-07T19:50:38.864991+00:00
J30,Journal of Personality and Social Psychology,2016,84978069387,10.1037/pspi0000072,84955243799,10.1037/pspi0000045,1,105,score-replacement-20261007-v1,initial_hash_order,"Original main text unavailable after documented access attempts. First usable candidate found by the recorded hash-order search, with OA priority only in the second phase.",https://content.openalex.org/works/W1814948719.pdf,95943e965038b838b87f1f2a3431c1c22618e2cfbb128f59c5097a3035d1fdc3,pdf,UC Berkeley Working Paper Series copy dated 1 November 2014 for the selected 2016 journal article. Title and both authors match; published-version equivalence is unverified.,2026-10-07T18:52:14.959600+00:00
J30,Journal of Personality and Social Psychology,2017,85008466055,10.1037/pspa0000073,85036536195,10.1037/pspi0000104,3,96,score-replacement-20261007-v1,initial_hash_order,"Original main text unavailable after documented access attempts. First usable candidate found by the recorded hash-order search, with OA priority only in the second phase.",https://content.openalex.org/works/W2697407365.pdf,8e168c7a1a61a1ee32d9b2f44861d18b6b26f6dd5d8983dfe378620b041b1dc4,pdf,,2026-10-07T19:11:54.096966+00:00
J30,Journal of Personality and Social Psychology,2018,85050498510,10.1037/pspa0000125,85050494156,10.1037/pspa0000128,2,105,score-replacement-20261007-v1,initial_hash_order,"Original main text unavailable after documented access attempts. First usable candidate found by the recorded hash-order search, with OA priority only in the second phase.",https://content.openalex.org/works/W2884373753.pdf,a26f143133ae18db847beab103ba8f7b7199174d0300c13da38e5be47b3e5195,pdf,"Repository notice explicitly states this is not the copy of record and may differ from the published APA article. Title, three authors and DOI match; published-version equivalence is unverified.",2026-10-07T19:02:26.000812+00:00
J30,Journal of Personality and Social Psychology,2019,85049052968,10.1037/pspp0000197,85054801786,10.1037/pspi0000158,1,113,score-replacement-20261007-v1,initial_hash_order,"Original main text unavailable after documented access attempts. First usable candidate found by the recorded hash-order search, with OA priority only in the second phase.",https://content.openalex.org/works/W2896487499.pdf,676a27c4707ac8f327ea9a4dfc8b42433b383f0f82b109cfcf6be92e105acace,pdf,HHS/PMC author manuscript with the selected published DOI and matching title/authors; equivalence to the final edited journal version is unverified.,2026-10-07T18:52:17.967352+00:00
J30,Journal of Personality and Social Psychology,2023,85183393084,10.1037/pspa0000364,85158872907,10.1037/pspp0000464,9,102,score-replacement-20261007-v1,scopus_oa_priority,"Original main text unavailable after documented access attempts. First usable candidate found by the recorded hash-order search, with OA priority only in the second phase.",https://pure.uva.nl/ws/files/209734018/2023-64747-001.pdf,b32ba776d1dd66e210ce6cced7cfdbed7f52d2991a4f5edc4001dec90b10efce,pdf,"Publisher version of record, Journal of Personality and Social Psychology 126(1), 2024, pages 105–127. Publisher page 105 explicitly gives Online First April 20, 2023, supporting the established Scopus 2023 sampling-year convention.",2026-10-07T19:39:27.497759+00:00
J30,Journal of Personality and Social Psychology,2025,105000327046,10.1037/pspa0000441,105004382280,10.1037/pspp0000556,16,110,score-replacement-20261007-v1,scopus_oa_priority,"Original main text unavailable after documented access attempts. First usable candidate found by the recorded hash-order search, with OA priority only in the second phase.",https://www.zora.uzh.ch/server/api/core/bitstreams/8bf61a90-fc58-4142-8981-3c0cb6f8360c/content,346af32f6b65c97d2c007f981b80c174d221b22bf320ed0831ffd3427466a69b,pdf,"Explicit accepted preprint, not the APA copy of record, linked to JPSP129(2025),363–383 and exact DOI. Main text, references and figures present; final forest plot visually checked. Published-version equivalence is unverified.",2026-10-07T19:53:40.956010+00:00
J31,Psychological Science,2017,85019183029,10.1177/0956797616688885,85009458347,10.1177/0956797616673193,2,159,score-replacement-20261007-v1,initial_hash_order,"Original main text unavailable after documented access attempts. First usable candidate found by the recorded hash-order search, with OA priority only in the second phase.",https://content.openalex.org/works/W2560177006.pdf,742b4ff04c8e7019f8f1e89df4769ec60dcbda661e6de52c88ac403a40421508,pdf,"Kent repository cover identifies an Author Accepted Manuscript, dated 2016 for the selected 2017 issue-year article. Title, both authors and published DOI match; published-version equivalence is unverified.",2026-10-07T19:02:28.966470+00:00
J31,Psychological Science,2018,85049046868,10.1177/0956797618771081,85043700102,10.1177/0956797617741719,4,165,score-replacement-20261007-v1,scopus_oa_priority,"Original main text unavailable after documented access attempts. First usable candidate found by the recorded hash-order search, with OA priority only in the second phase.",https://eprints.leedsbeckett.ac.uk/id/eprint/4753/6/symplectic-version.pdf,bd9017911187b171c3840be14737905df67a392dfccbd4c601e1914061d70339,pdf,"Repository says Accepted Version, but actual manuscript explicitly warns it is an earlier preprint and directs readers to the proof-corrected version. Shortened manuscript title matches selected published article through DOI/repository metadata; published-version equivalence is unverified.",2026-10-07T19:17:48.446658+00:00
J31,Psychological Science,2022,85133906582,10.1177/09567976211072814,85124714025,10.1177/09567976211040491,4,146,score-replacement-20261007-v1,scopus_oa_priority,"Original main text unavailable after documented access attempts. First usable candidate found by the recorded hash-order search, with OA priority only in the second phase.",https://content.openalex.org/works/W4212844647.pdf,b0a0723091be3996e49909652f12352f1feef4ef7a314edb1d6f3c5bfcb9a1d8,pdf,,2026-10-07T19:21:22.837568+00:00
J31,Psychological Science,2023,85141021460,10.1177/09567976221106349,85162664173,10.1177/09567976231170560,2,89,score-replacement-20261007-v1,initial_hash_order,"Original main text unavailable after documented access attempts. First usable candidate found by the recorded hash-order search, with OA priority only in the second phase.",https://utoronto.scholaris.ca/bitstreams/43426ac2-9948-4239-93be-82036bb272d7/download,69cd749c06d98868473acdc512134f52fa64348a3aef6f94e90745a625b65fbc,pdf,28-page author manuscript with the published Psychological Science DOI and copyright citation. Equivalence to the final published article is unverified.,2026-10-07T18:59:32.259085+00:00
J32,Health Psychology,2016,84996636526,10.1037/hea0000407,84946434332,10.1037/hea0000286,2,159,score-replacement-20261007-v1,initial_hash_order,"Original main text unavailable after documented access attempts. First usable candidate found by the recorded hash-order search, with OA priority only in the second phase.",https://aura.abdn.ac.uk/bitstream/2164/5970/1/Scholz_Stadler_et_al_2015_Examining_the_relationship_between_daily_changes_in_support_and_smoking_around_a_self_set_quit_date.pdf,2378ac7f9200eb6ce8293bba586935a7e6f952d0b40d879bd751d8c94a088c54,pdf,"14-page submission-format author manuscript. Same author set but author order differs from the bibliographic record. Main text and references are present; last page is a link stub for Appendix.docx, not that supplement. Final published-version equivalence is unverified.",2026-10-07T18:59:33.397095+00:00
J32,Health Psychology,2017,85016791183,10.1037/hea0000497,85014675408,10.1037/hea0000466,4,127,score-replacement-20261007-v1,scopus_oa_priority,"Original main text unavailable after documented access attempts. First usable candidate found by the recorded hash-order search, with OA priority only in the second phase.",https://content.openalex.org/works/W2591989609.pdf,a4ba598e21b35e479af07064284b76f626c9afc10c16ec3918ea9157ee6e2429,pdf,,2026-10-07T19:21:27.043178+00:00
J32,Health Psychology,2021,85114918297,10.1037/hea0001103,85121869038,10.1037/hea0001132,3,100,score-replacement-20261007-v1,initial_hash_order,"Original main text unavailable after documented access attempts. First usable candidate found by the recorded hash-order search, with OA priority only in the second phase.",https://www.ncbi.nlm.nih.gov/pmc/articles/9809178,f174554907ad4d25d64b07772b0d3b50040e71387acd7c99eb97c051064eb003,html,"PMC author manuscript; equivalence to the published version is unverified. Saved as one document segment, not physical pages. Images remain repository links; extracted text includes their captions. Scopus indexed 2021; PMC states first online 2021-12-02 and final issue April 2022. Retained using indexed publication year.",2026-10-07T20:10:35.371137+00:00
J32,Health Psychology,2022,85125885187,10.1037/hea0001166,85149625307,10.1037/hea0001245,2,113,score-replacement-20261007-v1,initial_hash_order,"Original main text unavailable after documented access attempts. First usable candidate found by the recorded hash-order search, with OA priority only in the second phase.",https://www.ncbi.nlm.nih.gov/pmc/articles/10169542,ca8f88497c87cdd2517c8fd7b9267d8433b6b58876d9e0e54bf2ad53f490209e,html,"PMC author manuscript; equivalence to the published version is unverified. Saved as one document segment, not physical pages. Images remain repository links; extracted text includes their captions. Scopus indexed 2022; PMC states first online 2022-11-10 and final issue December 2023. Retained using indexed publication year.",2026-10-07T20:10:35.374774+00:00
J32,Health Psychology,2023,85170582459,10.1037/hea0001313,85151864291,10.1037/hea0001268,7,83,score-replacement-20261007-v1,scopus_oa_priority,"Original main text unavailable after documented access attempts. First usable candidate found by the recorded hash-order search, with OA priority only in the second phase.",https://biblio.ugent.be/publication/01H3HMR92M6K7YKH2ZJNR44FT3/file/01H3HNC14SEACHNPFR5HWK0CGY.pdf,84b4925894b6194e770bf8f01603b925de2c9649110a972f9f6b9e43d037736b,pdf,Author manuscript of the Health Psychology 2023 article with explicit publisher not-copy-of-record disclaimer and matching DOI; final-version equivalence has not been checked.,2026-10-07T19:37:32.555344+00:00
J32,Health Psychology,2025,105004446929,10.1037/hea0001431,105002593954,10.1037/hea0001496,17,93,score-replacement-20261007-v1,scopus_oa_priority,"Original main text unavailable after documented access attempts. First usable candidate found by the recorded hash-order search, with OA priority only in the second phase.",https://madoc.bib.uni-mannheim.de/69591/1/Manuscript_Emmer%20et%20al_Long-term%20discrimination%20effects%20on%20adolescent%20health%20behaviors%20and%20well-being%20in%20four%20countries_2025.pdf,a453c179fcc9d936b0896effbb36183672fce7ed53a946dabb3e5cd7fd795c67,pdf,"APA author manuscript explicitly not the copy of record and linking selected2025 DOI. Same title/authors, main text, references and figure present; published-version equivalence is unverified.",2026-10-07T19:52:50.022629+00:00
J35,American Economic Journal: Applied Economics,2016,84963726768,10.1257/app.20140473,84953719515,10.1257/app.20130346,1,37,score-replacement-20261007-v1,initial_hash_order,"Original main text unavailable after documented access attempts. First usable candidate found by the recorded hash-order search, with OA priority only in the second phase.",https://content.openalex.org/works/W1581900294.pdf,1932370bc3137eced8ebe5fe228bee391d930278d2ecc0785cfc35f37fa9ac94,pdf,,2026-10-07T18:52:22.583030+00:00
J35,American Economic Journal: Applied Economics,2018,85049192153,10.1257/app.20150360,85041090691,10.1257/app.20160031,4,46,score-replacement-20261007-v1,scopus_oa_priority,"Original main text unavailable after documented access attempts. First usable candidate found by the recorded hash-order search, with OA priority only in the second phase.",https://doi.org/10.3386/w21828,4dff4c211260b0718b54ac5e4c5a621deb75541af93968012a40e83581cabc9b,pdf,"NBER working paper21828 datedDecember2015 for selected2018 journal article. Same title/authors, main text and appendix figures present; published-version equivalence is unverified.",2026-10-07T19:18:20.299194+00:00
J35,American Economic Journal: Applied Economics,2019,85068110708,10.1257/app.20170430,85068985445,10.1257/app.20160350,1,46,score-replacement-20261007-v1,initial_hash_order,"Original main text unavailable after documented access attempts. First usable candidate found by the recorded hash-order search, with OA priority only in the second phase.",https://content.openalex.org/works/W3121336391.pdf,31062e6fa9fa4f458af5620ed13c53d988087f4f879f2c3c75f77c6a96da14c1,pdf,HHS/PMC author manuscript with the selected published DOI and matching title/authors; equivalence to the final edited journal version is unverified.,2026-10-07T18:52:25.875524+00:00
J35,American Economic Journal: Applied Economics,2020,85088842121,10.1257/app.20180666,85078878427,10.1257/app.20180256,4,43,score-replacement-20261007-v1,scopus_oa_priority,"Original main text unavailable after documented access attempts. First usable candidate found by the recorded hash-order search, with OA priority only in the second phase.",https://deryugina.com/wp-content/uploads/2020/01/electricity_demand_final_manuscript.pdf,d703cf6b34ed4cbf5e9551664e7a97adc4c6adac22e8cf2fd28faa13a80ff7db,pdf,"Author-hosted final manuscript,37pages, linked by the author to the selected2020 journal article. Published-version equivalence is unverified. The previously obtained Grobid XML contains only the online appendix and is retained separately as supporting material.",2026-10-07T19:21:34.610429+00:00
J35,American Economic Journal: Applied Economics,2021,85125068681,10.1257/app.20170604,85118621818,10.1257/app.20190220,3,38,score-replacement-20261007-v1,initial_hash_order,"Original main text unavailable after documented access attempts. First usable candidate found by the recorded hash-order search, with OA priority only in the second phase.",http://www.nber.org/papers/w25499.pdf,89d19b6f13a926f51f4c9ebc1e9cd19112971fe4eacd278fbda0eecc8394a723,pdf,"NBER working paper25499 datedJanuary2019 for selected2021 journal article. Same title/authors, main text and supporting tables present; published-version equivalence is unverified.",2026-10-07T19:09:18.470237+00:00
J35,American Economic Journal: Applied Economics,2022,85125070683,10.1257/app.20190568,85125061320,10.1257/app.20200482,3,59,score-replacement-20261007-v1,initial_hash_order,"Original main text unavailable after documented access attempts. First usable candidate found by the recorded hash-order search, with OA priority only in the second phase.",https://repositori.upf.edu/bitstreams/abf11d23-6ffa-43e2-8497-5c46278c4c2c/download,10e10c648d9acaeb7329dd5be4de4dab31c56a9e5b42f98234b04e19d78e42c3,pdf,,2026-10-07T19:09:45.606869+00:00
J35,American Economic Journal: Applied Economics,2025,105001197482,10.1257/app.20210117,105001183449,10.1257/app.20230344,7,40,score-replacement-20261007-v1,scopus_oa_priority,"Original main text unavailable after documented access attempts. First usable candidate found by the recorded hash-order search, with OA priority only in the second phase.",https://sciencespo.hal.science/hal-03380333/document,a12212fc6f7145322b6a793ba17c5d0b1d20e2487dc930850df40eb9d59b7293,pdf,"LIEPP working paper125/SciencesPoHALpreprint dated2021-10-15 for selected2025 journal article. Same title/author, main text and extensive appendices present; published-version equivalence is unverified.",2026-10-07T19:18:48.857492+00:00
J36,American Economic Review,2019,85076024460,10.1257/aer.20170263,85063751582,10.1257/aer.20151317,1,82,score-replacement-20261007-v1,initial_hash_order,"Original main text unavailable after documented access attempts. First usable candidate found by the recorded hash-order search, with OA priority only in the second phase.",https://econ-papers.upf.edu/papers/1481.pdf,57296434e33989fd2d219352965f8496d6937a83bf6297f8fc24fef4b7cf7acc,pdf,Author manuscript dated 7 April 2015 for the selected 2019 article. Title and both authors match; equivalence to the published version is unverified.,2026-10-07T18:49:32.527348+00:00
J36,American Economic Review,2023,85164317394,10.1257/aer.20201479,85163039779,10.1257/aer.20210937,4,83,score-replacement-20261007-v1,scopus_oa_priority,"Original main text unavailable after documented access attempts. First usable candidate found by the recorded hash-order search, with OA priority only in the second phase.",https://content.openalex.org/works/W3123321870.pdf,211383ff1bd29a419473420b95c1b12dfeadbc4ee26d8efa0ec0fb6ba4c4d4bc,pdf,"PMC author manuscript linked to American Economic Review113(1),2023,98–135 and exact DOI. Main text, references and tables present; published-version equivalence is unverified.",2026-10-07T19:21:38.987994+00:00
J36,American Economic Review,2024,86000758604,10.1257/aer.20210039,85185474899,10.1257/aer.20191068,12,107,score-replacement-20261007-v1,scopus_oa_priority,"Original main text unavailable after documented access attempts. First usable candidate found by the recorded hash-order search, with OA priority only in the second phase.",https://access.archive-ouverte.unige.ch/access/metadata/fbdf970c-bd2f-413d-af02-5b35054f3884/download,d6db923f94b0a6a712123c6e2d4b7ef2c3a6d6d5f987041f1bfa245468dc3a16,pdf,"Publisher version of record, American Economic Review 114(4), April 2024, pages 926–960, with Geneva repository cover.",2026-10-07T19:37:30.585432+00:00
J36,American Economic Review,2025,86000523785,10.1257/aer.20230496,86000362103,10.1257/aer.20211229,7,120,score-replacement-20261007-v1,scopus_oa_priority,"Original main text unavailable after documented access attempts. First usable candidate found by the recorded hash-order search, with OA priority only in the second phase.",https://researchonline.lse.ac.uk/id/eprint/126188/1/BGS_WP.pdf,1939a572be98b03e3a51a75bba8dd59f3304b0486d62122d09d127c7561a9d44,pdf,LSE repository labels this an accepted version. Manuscript dated June 2024 for American Economic Review 2025; equivalence to the final published version has not been checked.,2026-10-07T19:18:32.072615+00:00
J41,Journal of Labor Economics,2017,85021732724,10.1086/691280,85021737467,10.1086/691278,1,37,score-replacement-20261007-v1,initial_hash_order,"Original main text unavailable after documented access attempts. First usable candidate found by the recorded hash-order search, with OA priority only in the second phase.",https://pure.uva.nl/ws/files/19123670/The_Impact_of_Expanding_Access.pdf,4ddac3c650a5b40779cf8fae7b624b443414003b02d2e2bcaaddade5ac2aeee3,pdf,,2026-10-07T18:49:43.840242+00:00
J41,Journal of Labor Economics,2018,85044131744,10.1086/694468,85050586954,10.1086/697524,9,37,score-replacement-20261007-v1,scopus_oa_priority,"Original main text unavailable after documented access attempts. First usable candidate found by the recorded hash-order search, with OA priority only in the second phase.",https://cris.unibo.it/bitstream/11585/665651/7/TOWER%20OF%20BABEL.pdf,76f90ba8a7fdc5ff9d090d85ff9ff01e15c243df4b28cdcfdf83f2629a70858b,pdf,"Author accepted manuscript, explicitly identified by the Bologna repository and second-page publisher statement as the Journal of Labor Economics 2018 article. Final-version equivalence has not been checked.",2026-10-07T19:32:41.312110+00:00
J41,Journal of Labor Economics,2019,85055247869,10.1086/698898,85055466464,10.1086/698899,4,49,score-replacement-20261007-v1,scopus_oa_priority,"Original main text unavailable after documented access attempts. First usable candidate found by the recorded hash-order search, with OA priority only in the second phase.",http://www.nber.org/papers/w23824.pdf,f635746c8d710eed244d3eaeff3dc7f21aa28e6ec3f16ac3af9f4c57be3f6fc9,pdf,"NBER Working Paper 23824, September/October 2017 version of the Journal of Labor Economics 2019 article; equivalence to the final published version has not been checked.",2026-10-07T19:18:44.407844+00:00
J41,Journal of Labor Economics,2020,85075738910,10.1086/706091,85075448018,10.1086/704609,3,32,score-replacement-20261007-v1,initial_hash_order,"Original main text unavailable after documented access attempts. First usable candidate found by the recorded hash-order search, with OA priority only in the second phase.",https://www.federalreserve.gov/econres/feds/files/2016010r1pap.pdf,2747b8aae14f75089c577b3fe52fe62b6e6fdd84fd6f4c5f2676eb5e857ec6b5,pdf,"Federal Reserve FEDS 2016-010 revised manuscript, internally dated June 2017, preceding the Journal of Labor Economics 2020 article; final-version equivalence has not been checked.",2026-10-07T19:09:27.059335+00:00
J41,Journal of Labor Economics,2021,85104416050,10.1086/713114,85112248634,10.1086/712611,6,49,score-replacement-20261007-v1,scopus_oa_priority,"Original main text unavailable after documented access attempts. First usable candidate found by the recorded hash-order search, with OA priority only in the second phase.",https://docs.iza.org/dp9167.pdf,85a92191f2987c9c8880fabd26a7334f1b052477dde035b0af7ed6587fad14bc,pdf,"IZA Discussion Paper 9167, July 2015, preceding the Journal of Labor Economics 2021 article; final-version equivalence has not been checked.",2026-10-07T19:33:05.603901+00:00
J41,Journal of Labor Economics,2023,85175037294,10.1086/726701,85175027786,10.1086/721655,2,41,score-replacement-20261007-v1,initial_hash_order,"Original main text unavailable after documented access attempts. First usable candidate found by the recorded hash-order search, with OA priority only in the second phase.",https://wrap.warwick.ac.uk/id/eprint/165552/1/WRAP-searching-with-friends-Caria-2022.pdf,5202e9cc46acc8675402faa25c76e3b3ca983a8e8e5321cdcec99f58cd6be568,pdf,"Repository copy explicitly identified as author accepted manuscript, dated 27 April 2022; 94 PDF pages including cover and appendices. Equivalence to final published text is unverified.",2026-10-07T19:00:15.040457+00:00
J41,Journal of Labor Economics,2024,85191227262,10.1086/728431,85202863989,10.1086/725554,4,50,score-replacement-20261007-v1,scopus_oa_priority,"Original main text unavailable after documented access attempts. First usable candidate found by the recorded hash-order search, with OA priority only in the second phase.",http://www.nber.org/papers/w26622.pdf,b6962ded1849d90150fb0f4a05cc1f0eba8959209bc7aad42fe8d957ad315731,pdf,"NBER Working Paper 26622, January 2020 revised June 2020, preceding the Journal of Labor Economics 2024 article; final-version equivalence has not been checked.",2026-10-07T19:18:51.722528+00:00
J41,Journal of Labor Economics,2025,105012965708,10.1086/726385,105013550176,10.1086/730542,2,48,score-replacement-20261007-v1,initial_hash_order,"Original main text unavailable after documented access attempts. First usable candidate found by the recorded hash-order search, with OA priority only in the second phase.",https://hit-u.repo.nii.ac.jp/record/2062585/files/0102601601.pdf,5444886d9cfda7562e76103aba73c324c43f2ebd27f5bb92044653b53bc724f3,pdf,"Author manuscript dated 1 March 2024; 101 PDF pages including main paper and appendices, preceding the 2025 journal publication. Final-version equivalence is unverified.",2026-10-07T19:00:14.147761+00:00
J42,Journal of Political Economy,2016,84969835224,10.1086/686035,84969835266,10.1086/686034,3,39,score-replacement-20261007-v1,initial_hash_order,"Original main text unavailable after documented access attempts. First usable candidate found by the recorded hash-order search, with OA priority only in the second phase.",http://eprints.lse.ac.uk/90484/1/Sutton__capabilities-wealth-trade.pdf,7704cc44a7ce27056dcb4984f11f39711427bae9f07332ff50f4e3538ccaf19f,pdf,LSE cover labels the file an accepted version of the Journal of Political Economy 2016 article. The body has journal typesetting; the repository version label is retained.,2026-10-07T19:09:38.126244+00:00
J42,Journal of Political Economy,2017,85010000255,10.1086/689774,85019912592,10.1086/691465,3,46,score-replacement-20261007-v1,initial_hash_order,"Original main text unavailable after documented access attempts. First usable candidate found by the recorded hash-order search, with OA priority only in the second phase.",http://www.nber.org/papers/w19858.pdf,eab853d4eff8847532d8e045aa0783daa09dec783ead5e0924e6ae971dc01587,pdf,"NBER Working Paper 19858, January 2014 revised September 2014, preceding the Journal of Political Economy 2017 article; final-version equivalence has not been checked.",2026-10-07T19:09:37.963146+00:00
J42,Journal of Political Economy,2018,85043788570,10.1086/696280,85056573749,10.1086/699980,5,67,score-replacement-20261007-v1,scopus_oa_priority,"Original main text unavailable after documented access attempts. First usable candidate found by the recorded hash-order search, with OA priority only in the second phase.",http://www.nber.org/papers/w20640.pdf,10384ba37ce523ca0676146bf6b18dd5ece47bff293a23f1d92c1ff229698531,pdf,"NBER Working Paper 20640, October 2014 revised February 2017, preceding the Journal of Political Economy 2018 article; final-version equivalence has not been checked.",2026-10-07T19:32:47.356505+00:00
J42,Journal of Political Economy,2019,85063995711,10.1086/701421,85069930527,10.1086/701810,1,68,score-replacement-20261007-v1,initial_hash_order,"Original main text unavailable after documented access attempts. First usable candidate found by the recorded hash-order search, with OA priority only in the second phase.",https://researchonline.lse.ac.uk/id/eprint/88177/1/Bryan_Morten_Indonesia2018_v3.pdf,4db4df03bf120826e1f0e2b6e2c6e44ab9ed1ecea1a0ba80910807c736c8be98,pdf,Author manuscript dated 9 May 2018 for the selected 2019 article. Title and both authors match; equivalence to the published version is unverified.,2026-10-07T18:49:45.374472+00:00
J42,Journal of Political Economy,2022,85119289478,10.1086/717041,85123834851,10.1086/717892,5,71,score-replacement-20261007-v1,scopus_oa_priority,"Original main text unavailable after documented access attempts. First usable candidate found by the recorded hash-order search, with OA priority only in the second phase.",https://discovery.ucl.ac.uk/10138344/8/Lechene_717892.pdf,8247b41eea0fa077e5687c3a09088889f462d5f4810e5a0093c13435a8d96ef8,pdf,"Publisher version of record, Journal of Political Economy 130(3), 2022, pages 681–731.",2026-10-07T19:18:50.425441+00:00
J42,Journal of Political Economy,2024,85197183097,10.1086/726230,85204208583,10.1086/729581,1,94,score-replacement-20261007-v1,initial_hash_order,"Original main text unavailable after documented access attempts. First usable candidate found by the recorded hash-order search, with OA priority only in the second phase.",http://eprints.lse.ac.uk/120833/1/tauctionx.pdf,5f098e99e34b6f24a159017457fd469e3088a3c95fef256424fc3121fa27ccce,pdf,"LSE repository cover identifies the accepted version and warns of possible differences from publication. Title, authors and selected DOI match; published-version equivalence is unverified.",2026-10-07T18:49:51.621164+00:00
J42,Journal of Political Economy,2025,105016122277,10.1086/736766,105011141122,10.1086/732886,3,90,score-replacement-20261007-v1,initial_hash_order,"Original main text unavailable after documented access attempts. First usable candidate found by the recorded hash-order search, with OA priority only in the second phase.",https://hal.science/hal-04960480v1/file/wp_tse_1196.pdf,cad37365fdc5237fcf39d64bdfb2b20b651f0a43c9e1879b706e16aeb92850d1,pdf,"Toulouse School of Economics Working Paper 1196, May 2024, deposited in HAL with a 2025 Journal of Political Economy citation; final-version equivalence has not been checked.",2026-10-07T19:09:42.090396+00:00
J43,Quarterly Journal of Economics,2016,84960330813,10.1093/qje/qjv036,84997585966,10.1093/qje/qjw021,1,40,score-replacement-20261007-v1,initial_hash_order,"Original main text unavailable after documented access attempts. First usable candidate found by the recorded hash-order search, with OA priority only in the second phase.",https://content.openalex.org/works/W2184014039.pdf,e1f94c632b2b9ba7c8fdace7bae24ab5c78f0bff2bb23b0513e7d0282dee34f6,pdf,"Repository cover identifies a pre-copyedited accepted author version linked to the selected DOI. Main text ends on numbered page 22, followed by references 35–40; pages 23–34 and the cited Appendix are absent. Main body is available, but Appendix retrieval and published-version comparison remain necessary.",2026-10-07T18:52:35.420237+00:00
J43,Quarterly Journal of Economics,2017,85017352278,10.1093/qje/qjw039,85017357573,10.1093/qje/qjw036,2,40,score-replacement-20261007-v1,initial_hash_order,"Original main text unavailable after documented access attempts. First usable candidate found by the recorded hash-order search, with OA priority only in the second phase.",https://doi.org/10.3386/w21323,8c3b1fae352139516b5aa7cfbf722292f6cdd3f21ff4ad4e7f1c448e1cacfb2d,pdf,"NBER Working Paper 21323, July 2015; 68 PDF pages, preceding the 2017 journal publication. The working paper has its own DOI 10.3386/w21323; final-version equivalence is unverified.",2026-10-07T19:00:15.624091+00:00
J43,Quarterly Journal of Economics,2019,85063530686,10.1093/qje/qjy022,85072233273,10.1093/qje/qjz003,1,36,score-replacement-20261007-v1,initial_hash_order,"Original main text unavailable after documented access attempts. First usable candidate found by the recorded hash-order search, with OA priority only in the second phase.",https://doi.org/10.3386/w22538,c9c5162ef2a7fc025fad9d95eb70f7c1936c6d4cbfbe38fbe89a95937287406e,pdf,"NBER Working Paper 22538, dated August 2016, for the selected 2019 journal article. Title and all four authors match; working-paper DOI differs from the selected journal DOI and published-version equivalence is unverified.",2026-10-07T18:49:55.227028+00:00
J43,Quarterly Journal of Economics,2021,85100301573,10.1093/qje/qjaa025,85100299389,10.1093/qje/qjaa023,1,38,score-replacement-20261007-v1,initial_hash_order,"Original main text unavailable after documented access attempts. First usable candidate found by the recorded hash-order search, with OA priority only in the second phase.",https://researchonline.lse.ac.uk/id/eprint/105091/4/Bryan_randomizing_religion_published.pdf,48fae79568503ad6688456f888785ab350874daacd777c8a2f88cebfcd260021,pdf,,2026-10-07T18:49:53.497059+00:00
J43,Quarterly Journal of Economics,2023,85164359693,10.1093/qje/qjad013,85164304864,10.1093/qje/qjad012,9,46,score-replacement-20261007-v1,scopus_oa_priority,"Original main text unavailable after documented access attempts. First usable candidate found by the recorded hash-order search, with OA priority only in the second phase.",https://researchonline.lse.ac.uk/id/eprint/118187/1/aitocracy_20230126.pdf,b44d573fe626ec71b493299a1126b277cf01e2b555eb7a825c8aafbe00b1fc1a,pdf,"LSE repository labels this an accepted version; manuscript dated February 1, 2023 for Quarterly Journal of Economics 2023. Final-version equivalence has not been checked.",2026-10-07T19:19:42.985736+00:00
J44,Review of Financial Studies,2016,84959908541,10.1093/rfs/hhv041,84966473178,10.1093/rfs/hhv130,1,32,score-replacement-20261007-v1,initial_hash_order,"Original main text unavailable after documented access attempts. First usable candidate found by the recorded hash-order search, with OA priority only in the second phase.",https://content.openalex.org/works/W3124560959.pdf,a5840f2a78e039c5a335effb373284e1d91f6d400aad6657668a935de04d7c26,pdf,,2026-10-07T18:52:39.480076+00:00
J44,Review of Financial Studies,2017,85027014860,10.1093/rfs/hhw087,85020639381,10.1093/rfs/hhx037,3,87,score-replacement-20261007-v1,initial_hash_order,"Original main text unavailable after documented access attempts. First usable candidate found by the recorded hash-order search, with OA priority only in the second phase.",https://content.openalex.org/works/W3124843136.pdf,b37b10abd374d363c61f176f2e099273c70d96f31a56f1fc3ca70e3ed7804e27,pdf,"UC Irvine/eScholarship author manuscript dated July 2016, linked through OpenAlex to the Review of Financial Studies 2017 article; final-version equivalence has not been checked.",2026-10-07T19:12:02.609351+00:00
J44,Review of Financial Studies,2019,85066954529,10.1093/rfs/hhy057,85076716034,10.1093/rfs/hhz046,2,109,score-replacement-20261007-v1,initial_hash_order,"Original main text unavailable after documented access attempts. First usable candidate found by the recorded hash-order search, with OA priority only in the second phase.",https://utoronto.scholaris.ca/bitstreams/9685378d-1fed-43be-aaef-25d4576b8504/download,c30dab735b2c34e2b2f4537950d9fa75867c0fb97f501029362305f5e794caaa,pdf,"Repository cover identifies Post-print or Accepted version for Review of Financial Studies 32(12), 4767–4809, 2019; 73 PDF pages including cover and appendices. Final-version equivalence is unverified.",2026-10-07T19:00:15.707235+00:00
J44,Review of Financial Studies,2020,85089399390,10.1093/rfs/hhz106,85097828501,10.1093/rfs/hhz095,8,87,score-replacement-20261007-v1,scopus_oa_priority,"Original main text unavailable after documented access attempts. First usable candidate found by the recorded hash-order search, with OA priority only in the second phase.",http://www.nber.org/papers/w22697.pdf,a052e42bf72a09657fe35dbd7d89adc74f3013a3acfe9d1a944997fe3421974c,pdf,"NBER Working Paper 22697, September 2016, preceding the Review of Financial Studies 2020 article; final-version equivalence has not been checked.",2026-10-07T19:18:55.876226+00:00
J44,Review of Financial Studies,2022,85127333500,10.1093/rfs/hhab137,85144082387,10.1093/rfs/hhab067,1,92,score-replacement-20261007-v1,initial_hash_order,"Original main text unavailable after documented access attempts. First usable candidate found by the recorded hash-order search, with OA priority only in the second phase.",https://utoronto.scholaris.ca/bitstreams/5c530340-f282-4a35-a281-76336e3757b1/download,36a0c587df7c8976bbaddc3ee50cb58d714e1349f18bf2a88aaf3e0dc53e84d3,pdf,University of Toronto repository cover identifies a post-print/accepted version and links the selected published DOI. Title and four authors match; equivalence to the published version is unverified.,2026-10-07T18:50:01.922643+00:00
J44,Review of Financial Studies,2023,85163648473,10.1093/rfs/hhac094,85163399499,10.1093/rfs/hhac075,4,76,score-replacement-20261007-v1,scopus_oa_priority,"Original main text unavailable after documented access attempts. First usable candidate found by the recorded hash-order search, with OA priority only in the second phase.",https://pure.uva.nl/ws/files/162685028/hhac075.pdf,80c30139027e8770e1a331bed314c46edd1df85c32e4b0b1293218d047439385,pdf,"Final published version, Review of Financial Studies 36(6), 2023, pages 2431–2467, with UvA repository cover.",2026-10-07T19:18:57.108270+00:00
J44,Review of Financial Studies,2024,85180569574,10.1093/rfs/hhad065,85204621262,10.1093/rfs/hhae032,2,83,score-replacement-20261007-v1,initial_hash_order,"Original main text unavailable after documented access attempts. First usable candidate found by the recorded hash-order search, with OA priority only in the second phase.",https://www.federalreserve.gov/econres/feds/files/2017014r1pap.pdf,e22bb08ae5f9d47093294e82ee1d4cfa86b5888718b6458dad842e82e5d1a126,pdf,"Federal Reserve FEDS 2017-014 working paper, revised 1 February 2018; 80 PDF pages, preceding the 2024 journal article by several years. The working-paper DOI is 10.17016/FEDS.2017.014r1. Final-version equivalence is unverified.",2026-10-07T19:00:21.418271+00:00
J49,Comparative Political Studies,2016,84977564547,10.1177/0010414015621081,84991670836,10.1177/0010414016633228,1,63,score-replacement-20261007-v1,initial_hash_order,"Original main text unavailable after documented access attempts. First usable candidate found by the recorded hash-order search, with OA priority only in the second phase.",https://content.openalex.org/works/W2332915654.pdf,9a9732149b048dfb83ff843b2c5bb24aa8b1c7ab246ee30bd23f3e58012d2ceb,pdf,,2026-10-07T18:52:42.963175+00:00
J49,Comparative Political Studies,2017,85028984905,10.1177/0010414016679179,85002410843,10.1177/0010414016655533,7,64,score-replacement-20261007-v1,scopus_oa_priority,"Original main text unavailable after documented access attempts. First usable candidate found by the recorded hash-order search, with OA priority only in the second phase.",https://www.econstor.eu/bitstream/10419/180109/1/f-20381-full-text-Koopmans-et_al-States-v3.pdf,593ed85bf0372b7e5a1e23de84b2ee9d4c50296c235ab395afa24557d2a846f9,pdf,"Published version, Comparative Political Studies 50(1),2017, pages 41–74, with EconStor repository cover.",2026-10-07T19:19:02.470964+00:00
J49,Comparative Political Studies,2019,85059619341,10.1177/0010414018797939,85059661266,10.1177/0010414018806540,6,68,score-replacement-20261007-v1,scopus_oa_priority,"Original main text unavailable after documented access attempts. First usable candidate found by the recorded hash-order search, with OA priority only in the second phase.",https://discovery.ucl.ac.uk/10064745/3/Harris_CPS_final_identified.pdf,a1878a8fd6d62ea165e649ac1f09a4de8fd590794e6d5c17737289e39d0d069e,pdf,"UCL-hosted author manuscript of the Comparative Political Studies 2019 article; the PDF does not itself specify acceptance/version date, so final-version equivalence remains unverified.",2026-10-07T19:19:00.025815+00:00
J49,Comparative Political Studies,2020,85070334220,10.1177/0010414019858958,85078074613,10.1177/0010414019897418,3,69,score-replacement-20261007-v1,initial_hash_order,"Original main text unavailable after documented access attempts. First usable candidate found by the recorded hash-order search, with OA priority only in the second phase.",http://eprints.lse.ac.uk/102749/4/Chwieroth_great_expectations_financialization_bank_bailouts_published.pdf,f472d1ffa8ac6a7aa793506047e67123d3b0da5da443488918825091874716da,pdf,"Publisher-formatted online-first version with1–39pagination, repository linked to final Comparative Political Studies53(8),2020. Complete main text and references; final issue pagination is not in the PDF.",2026-10-07T19:09:58.923505+00:00
J49,Comparative Political Studies,2021,85091061709,10.1177/0010414020957667,85092558614,10.1177/0010414020957680,4,80,score-replacement-20261007-v1,scopus_oa_priority,"Original main text unavailable after documented access attempts. First usable candidate found by the recorded hash-order search, with OA priority only in the second phase.",https://kclpure.kcl.ac.uk/ws/files/131751929/PureCPS.pdf,8f402c52c238c03fad5d7a7dd710b7c23350bc1c33a85eb126e9d520281d816e,pdf,"Accepted peer-reviewed author manuscript, repository citation dated2020 for selected2021 article. Main text and extensive appendix present; final published-version equivalence is unverified.",2026-10-07T19:19:01.209560+00:00
J49,Comparative Political Studies,2025,105002979767,10.1177/00104140241269956,105002974001,10.1177/00104140241271085,7,95,score-replacement-20261007-v1,scopus_oa_priority,"Original main text unavailable after documented access attempts. First usable candidate found by the recorded hash-order search, with OA priority only in the second phase.",https://cadmus.eui.eu/bitstreams/7d4d2e79-6736-5f89-97db-f4a4aff42603/download,1e6472f248ec7c1583cf7c85146977c8ad7ac9b43a86e96139604f107b1c7a69,pdf,"European University Institute RSC Working Paper 2024/07, preceding the Comparative Political Studies 2025 article; final-version equivalence has not been checked.",2026-10-07T19:38:16.591444+00:00
J50,Journal of Conflict Resolution,2016,84984796627,10.1177/0022002714567951,84954561257,10.1177/0022002714540471,3,54,score-replacement-20261007-v1,initial_hash_order,"Original main text unavailable after documented access attempts. First usable candidate found by the recorded hash-order search, with OA priority only in the second phase.",http://uu.diva-portal.org/smash/get/diva2:617821/FULLTEXT02,c740ead3e2480313f44122153fb79d8282317fe5b5cb7863f2c79e099c9d6a3a,pdf,"Explicit author-produced preprint; repository cover names JonathanHall and exact article title. Full main argument and references present, with manuscript pagination ending93; final published-version equivalence is unverified.",2026-10-07T19:10:07.938730+00:00
J50,Journal of Conflict Resolution,2019,85052552201,10.1177/0022002718789738,85042078392,10.1177/0022002717750450,23,89,score-replacement-20261007-v1,scopus_oa_priority,"Original main text unavailable after documented access attempts. First usable candidate found by the recorded hash-order search, with OA priority only in the second phase.",https://dspace.library.uu.nl/bitstreams/9a01cc29-dc00-421d-b1c7-f77bc9c6cbf3/download,af79190663c28f08c8593623204078e049e70689578434338e2f3bc2ac3111f9,pdf,"Publisher version of record, Journal of Conflict Resolution 63(2), 2019, pages 502–527, with Utrecht repository cover.",2026-10-07T19:33:28.536672+00:00
J50,Journal of Conflict Resolution,2020,85077360242,10.1177/0022002719889665,85068854306,10.1177/0022002719861707,11,71,score-replacement-20261007-v1,scopus_oa_priority,"Original main text unavailable after documented access attempts. First usable candidate found by the recorded hash-order search, with OA priority only in the second phase.",https://repository.arizona.edu/bitstreams/c494b0f8-1d88-4a92-86d5-8e711b3b15a2/download,88ba043555fbde201d90782ba44a277fb4ccc8e5c08243d3d589245ecb002595,pdf,"Explicit final accepted manuscript, repository citation dated2019 for selected2020 article. Main text, references and figures present; final published-version equivalence is unverified.",2026-10-07T19:19:36.030281+00:00
J50,Journal of Conflict Resolution,2023,85138250666,10.1177/00220027221121139,85134579438,10.1177/00220027221114868,2,73,score-replacement-20261007-v1,initial_hash_order,"Original main text unavailable after documented access attempts. First usable candidate found by the recorded hash-order search, with OA priority only in the second phase.",https://repository.bilkent.edu.tr/bitstreams/06b00667-6799-4c37-a458-d12e164a0ccb/download,6a8f3d68677b51929b06ca8b88f6e4535f2c05d1c9e66a0f47fdf552fdb44a9c,pdf,"Publisher-formatted Journal of Conflict Resolution 67(2–3), 210–234, 2023; 25 PDF pages.",2026-10-07T19:00:41.535858+00:00
J50,Journal of Conflict Resolution,2025,85201261913,10.1177/00220027241267839,85211146683,10.1177/00220027241298890,1,67,score-replacement-20261007-v1,initial_hash_order,"Original main text unavailable after documented access attempts. First usable candidate found by the recorded hash-order search, with OA priority only in the second phase.",https://pure.uva.nl/ws/files/304287732/Voter_Intimidation_as_a_Tool_of_Mobilization_or_Demobilization.pdf,9d10c400a9dc83196c24ad88821d7bbd230863552bd2220479126b17b09d13a8,pdf,,2026-10-07T18:50:20.981949+00:00
J53,Journal of Public Administration Research and Theory,2018,85048552230,10.1093/jopart/muy004,85044157457,10.1093/jopart/mux030,1,28,score-replacement-20261007-v1,initial_hash_order,"Original main text unavailable after documented access attempts. First usable candidate found by the recorded hash-order search, with OA priority only in the second phase.",https://content.openalex.org/works/W2761004239.pdf,63b3a6b6d3002384291027533f088ca4f6f908cd09f1203c782dbe1af5bedca6,pdf,,2026-10-07T18:52:47.236815+00:00
J53,Journal of Public Administration Research and Theory,2020,85092704586,10.1093/jopart/muaa016,85074760282,10.1093/jopart/muz013,1,34,score-replacement-20261007-v1,initial_hash_order,"Original main text unavailable after documented access attempts. First usable candidate found by the recorded hash-order search, with OA priority only in the second phase.",https://scholarlypublications.universiteitleiden.nl/access/item%3A2910804/view,6021150d3b99f9de02b00d4e94bc51188b58e2ec98d5914fe4de8126bc81a8a7,pdf,"Publisher-formatted advance article dated 2019, corresponding to the selected 2020 issue-year record. Title, author and DOI match; final issue pagination may differ.",2026-10-07T18:50:30.089861+00:00
J53,Journal of Public Administration Research and Theory,2021,85127203151,10.1093/jopart/muaa028,85115853028,10.1093/jopart/muab003,4,44,score-replacement-20261007-v1,scopus_oa_priority,"Original main text unavailable after documented access attempts. First usable candidate found by the recorded hash-order search, with OA priority only in the second phase.",https://arxiv.org/pdf/2006.08019,60dc95320e98f712fb0bdf6dd3b7253c3f08790acec519003a298ed63bf02b1d,pdf,Accepted author manuscript for Journal of Public Administration Research and Theory. Main text and supporting tables present; final published-version equivalence is unverified.,2026-10-07T19:19:08.776105+00:00
J53,Journal of Public Administration Research and Theory,2022,85132790153,10.1093/jopart/muab042,85131426088,10.1093/jopart/muab053,28,45,score-replacement-20261007-v1,scopus_oa_priority,"Original main text unavailable after documented access attempts. First usable candidate found by the recorded hash-order search, with OA priority only in the second phase.",https://kops.uni-konstanz.de/server/api/core/bitstreams/e1eddba1-d35e-4e5e-84bc-07cd07fc17b0/content,a229ba0993d4cd8781d9b8c47ce3cd6b7b3b6df98cdaa892b6ed749cefcb309f,pdf,,2026-10-07T19:51:14.935955+00:00
J55,American Journal of Sociology,2017,85021713114,10.1086/692248,85028870859,10.1086/693678,3,36,score-replacement-20261007-v1,initial_hash_order,"Original main text unavailable after documented access attempts. First usable candidate found by the recorded hash-order search, with OA priority only in the second phase.",http://www.lisdatacenter.org/wps/liswps/693.pdf,ecef5e3bce34e7106d13dc3cd26e57a5474ec9e829104b984439e7ecf05ac668,pdf,"Luxembourg Income Study working paper693, April2017, with manuscript datedDecember2016. Cover explicitly says a revised version was published in American Journal of Sociology123(3),2017. Main text and appendices present; equivalence to revised final publication is unverified.",2026-10-07T19:10:03.293287+00:00
J55,American Journal of Sociology,2018,85047661576,10.1086/696263,85048260986,10.1086/696938,1,34,score-replacement-20261007-v1,initial_hash_order,"Original main text unavailable after documented access attempts. First usable candidate found by the recorded hash-order search, with OA priority only in the second phase.",http://eprints.lse.ac.uk/100167/1/696938.pdf,c7857ced5e48509b65f39a36a9a002ea4258a43bbb6b9ffc96b72c398df7b0db,pdf,,2026-10-07T18:50:22.624199+00:00
J55,American Journal of Sociology,2019,85062722672,10.1086/701703,85062684616,10.1086/700678,3,30,score-replacement-20261007-v1,initial_hash_order,"Original main text unavailable after documented access attempts. First usable candidate found by the recorded hash-order search, with OA priority only in the second phase.",https://vtechworks.lib.vt.edu/bitstreams/6d50288b-75c0-443b-8283-8cc12a95d1ba/download,946fb906570cbaa552496a54050151f5892a911990655d1fd8b5b00b6ab1aa5f,pdf,"Stanford CEPA working paper16-10, versionMarch2018, marked forthcoming in American Journal of Sociology for selected2019 article. Main text and supporting tables present; final published-version equivalence is unverified.",2026-10-07T19:10:06.885254+00:00
J55,American Journal of Sociology,2020,85097097573,10.1086/711015,85089734472,10.1086/709778,25,26,score-replacement-20261007-v1,scopus_oa_priority,"Original main text unavailable after documented access attempts. First usable candidate found by the recorded hash-order search, with OA priority only in the second phase.",https://knowledge.uchicago.edu/records/8smzt-kjn95/files/On-the-Other-Side-of-Values.pdf,275ccc5ef5ecbe51afa7e4815c536611ba95a4dba60fab1c53a5e6218b63cb4d,pdf,"Publisher version of record, American Journal of Sociology 126(1), July 2020, pages 52–98, hosted by the University of Chicago repository.",2026-10-07T19:37:52.416357+00:00
J55,American Journal of Sociology,2022,85126677663,10.1086/719001,85126681627,10.1086/718279,1,35,score-replacement-20261007-v1,initial_hash_order,"Original main text unavailable after documented access attempts. First usable candidate found by the recorded hash-order search, with OA priority only in the second phase.",https://content.openalex.org/works/W4226487944.pdf,1b32625439d7f976ab6730318d2ba6960472f6398b52be847741012e21b775cd,pdf,HHS/PMC author manuscript with the selected published DOI and matching title/authors; equivalence to the final edited journal version is unverified.,2026-10-07T18:52:50.742382+00:00
J55,American Journal of Sociology,2023,85178888486,10.1086/726582,85178329628,10.1086/724817,1,36,score-replacement-20261007-v1,initial_hash_order,"Original main text unavailable after documented access attempts. First usable candidate found by the recorded hash-order search, with OA priority only in the second phase.",https://content.openalex.org/works/W4381487806.pdf,33867137365fce3079c394eca1765163f1de4eb328ff9342a27f851549f81d25,pdf,HHS/PMC author manuscript with the selected published DOI and matching title/author; equivalence to the final edited journal version is unverified.,2026-10-07T18:52:53.717923+00:00
J55,American Journal of Sociology,2024,85188245857,10.1086/728786,85194894176,10.1086/729819,10,29,score-replacement-20261007-v1,scopus_oa_priority,"Original main text unavailable after documented access attempts. First usable candidate found by the recorded hash-order search, with OA priority only in the second phase.",https://content.openalex.org/works/W4391467275.pdf,6ea1332cfdb2efe1b11357dbefded6cc6402491ef017f3730ffa03862c23c7f5,pdf,"PMC author manuscript linked to American Journal of Sociology129(6),2024,1763–1791 and exact DOI. Main text, references and tables present; final published-version equivalence is unverified.",2026-10-07T19:21:44.156977+00:00
J56,American Sociological Review,2018,85047483387,10.1177/0003122418773775,85047452166,10.1177/0003122418773353,14,42,score-replacement-20261007-v1,scopus_oa_priority,"Original main text unavailable after documented access attempts. First usable candidate found by the recorded hash-order search, with OA priority only in the second phase.",https://cdr.lib.unc.edu/downloads/3x817350z,a4a653ad62ac82801190a7170c7bbc78b0ea86f4f042d333193641ae8e13a9e7,pdf,,2026-10-07T19:39:48.886197+00:00
J56,American Sociological Review,2019,85074210557,10.1177/0003122419871957,85075052322,10.1177/0003122419885094,9,40,score-replacement-20261007-v1,scopus_oa_priority,"Original main text unavailable after documented access attempts. First usable candidate found by the recorded hash-order search, with OA priority only in the second phase.",https://www.ssoar.info/ssoar/bitstream/document/74706/1/ssoar-asr-2019-6-hertel_et_al-The_Relation_between_Inequality_and.pdf,af15fac2dfc427283d378bb52f4bcfaff450176aa60460972e1eb8d04ef8a034,pdf,"Published version, American Sociological Review 84(6), 2019, pages 1099–1133, with SSOAR repository cover.",2026-10-07T19:34:10.233819+00:00
J56,American Sociological Review,2020,85078743824,10.1177/0003122419897873,85083468966,10.1177/0003122420912941,7,38,score-replacement-20261007-v1,scopus_oa_priority,"Original main text unavailable after documented access attempts. First usable candidate found by the recorded hash-order search, with OA priority only in the second phase.",http://eprints.lse.ac.uk/105199/1/FROM_.pdf,8a4bb390668b759acdbff4102a841b4333f2bd4a12f831b5f5c7b1deaf915b19,pdf,"Published version, American Sociological Review 85(2), 2020, pages 323–350, with LSE repository cover.",2026-10-07T19:33:11.530221+00:00
J56,American Sociological Review,2021,85100852124,10.1177/0003122420987199,85112858951,10.1177/00031224211033582,4,40,score-replacement-20261007-v1,scopus_oa_priority,"Original main text unavailable after documented access attempts. First usable candidate found by the recorded hash-order search, with OA priority only in the second phase.",https://digital.library.unt.edu/ark:/67531/metadc1863626/m2/1/high_res_d/Intersection_of_Gender_and_Race_Attitudes_PrePrint.pdf,a9cb969c5e78ed8a6ded99419fd4b91bae57eacc1fad5723881a494fdaf99bd2,pdf,"Author manuscript explicitly linking the final American Sociological Review article and selected DOI. Same title/authors, main text and references present; published-version equivalence is unverified.",2026-10-07T19:19:37.140951+00:00
J56,American Sociological Review,2022,85134620869,10.1177/00031224221108196,85141403925,10.1177/00031224221132295,16,37,score-replacement-20261007-v1,scopus_oa_priority,"Original main text unavailable after documented access attempts. First usable candidate found by the recorded hash-order search, with OA priority only in the second phase.",https://researchonline.lse.ac.uk/id/eprint/116883/1/Rao_relational_work_in_the_family_published.pdf,a7e5cb825c133773383b961f8ad3ff6c9decfb6c35a50bca8f2da3bc6df5725a,pdf,"Published version, American Sociological Review 87(6), 2022, pages 1094–1120, with LSE repository cover.",2026-10-07T19:39:47.544784+00:00
J56,American Sociological Review,2023,85176462448,10.1177/00031224231207395,85150867732,10.1177/00031224231156456,2,36,score-replacement-20261007-v1,initial_hash_order,"Original main text unavailable after documented access attempts. First usable candidate found by the recorded hash-order search, with OA priority only in the second phase.",https://edoc.hu-berlin.de/bitstreams/14fa0453-c7e9-4dd3-82d2-0be79b57d430/download,dc843f94442403a1e9aa21d85e3b284c3e6451c5eed54398362d6f8f73bee339,pdf,,2026-10-07T19:00:58.956325+00:00
J56,American Sociological Review,2024,85194934624,10.1177/00031224241245706,85189804718,10.1177/00031224241240497,2,37,score-replacement-20261007-v1,initial_hash_order,"Original main text unavailable after documented access attempts. First usable candidate found by the recorded hash-order search, with OA priority only in the second phase.",https://content.openalex.org/works/W4393946936.pdf,eb6318f6fbff1ef64fe0503776e07e5f563a727575818540f1ad239f6584e1b8,pdf,,2026-10-07T19:02:50.166296+00:00
J57,Demography,2024,85190176123,10.1215/00703370-11232676,85184299075,10.1215/00703370-11123969,1,91,score-replacement-20261007-v1,initial_hash_order,"Original main text unavailable after documented access attempts. First usable candidate found by the recorded hash-order search, with OA priority only in the second phase.",https://discovery.ucl.ac.uk/id/eprint/10181569/1/Research%20Note%20-%20Defining%20and%20Identifying%20Only%20Children%20-%20final%20manuscript%20%28RPS%29.pdf,33621b2691a4603c709a5f8c5fbb1e1349e9db87bc443498521a2b9985f4be83,pdf,Repository file is described in its filename as a final manuscript; the opening is an author manuscript without journal formatting. Title and both authors match; equivalence to the published version is unverified.,2026-10-07T18:50:46.932460+00:00
J58,European Sociological Review,2016,84992316517,10.1093/esr/jcw008,84992416994,10.1093/esr/jcw023,4,51,score-replacement-20261007-v1,scopus_oa_priority,"Original main text unavailable after documented access attempts. First usable candidate found by the recorded hash-order search, with OA priority only in the second phase.",https://lirias.kuleuven.be/retrieve/bd011b47-cbf1-4536-8d4c-54e267cc31e6,78207cf2e02296c8c0e3d3d3b2546dda0c576572e121f4ddaecf6e91c8c37e70,pdf,,2026-10-07T19:19:44.109214+00:00
J58,European Sociological Review,2017,85016218828,10.1093/esr/jcw049,85030616903,10.1093/esr/jcx043,3,55,score-replacement-20261007-v1,initial_hash_order,"Original main text unavailable after documented access attempts. First usable candidate found by the recorded hash-order search, with OA priority only in the second phase.",https://repub.eur.nl/pub/120671/Repub_120671_O-A.pdf,5a97bdf8f3bf1abb46a678b28d2a2b945ac51d26b8655a14fc6a508e766a6229,pdf,,2026-10-07T19:10:28.817928+00:00
J58,European Sociological Review,2019,85083990444,10.1093/esr/jcz010,85064151100,10.1093/esr/jcy049,1,51,score-replacement-20261007-v1,initial_hash_order,"Original main text unavailable after documented access attempts. First usable candidate found by the recorded hash-order search, with OA priority only in the second phase.",https://dspace.library.uu.nl/bitstreams/e97d9d34-1a7b-4f9e-b8a1-25e823e2092e/download,205a7f11f04259cd7722d3366d85070c46b2c450f7c2ddfa12a7daa34a3c6a54,pdf,,2026-10-07T18:51:19.217242+00:00
J58,European Sociological Review,2020,85084699025,10.1093/esr/jcz041,85089502197,10.1093/esr/jcz059,1,57,score-replacement-20261007-v1,initial_hash_order,"Original main text unavailable after documented access attempts. First usable candidate found by the recorded hash-order search, with OA priority only in the second phase.",https://repositori.upf.edu/bitstreams/cb775604-a42d-4af5-a451-3f8ff746e020/download,98ab89ca92500d0a1421e42124d3794ff7da907582665b46a0606b666b3adc23,pdf,,2026-10-07T18:51:18.918209+00:00
J58,European Sociological Review,2021,85112395366,10.1093/esr/jcaa069,85140285765,10.1093/esr/jcaa049,2,59,score-replacement-20261007-v1,initial_hash_order,"Original main text unavailable after documented access attempts. First usable candidate found by the recorded hash-order search, with OA priority only in the second phase.",https://www.ssoar.info/ssoar/bitstream/document/73910/1/ssoar-eursociolrev-2021-2-luijkx_et_al-The_European_Values_Study_2017.pdf,af495b31c966e55c40706f6b53357b06195cce6703edda8ee64eeae44c966033,pdf,,2026-10-07T19:01:08.287658+00:00
J58,European Sociological Review,2024,85173974617,10.1093/esr/jcad026,85177832794,10.1093/esr/jcad006,1,68,score-replacement-20261007-v1,initial_hash_order,"Original main text unavailable after documented access attempts. First usable candidate found by the recorded hash-order search, with OA priority only in the second phase.",https://content.openalex.org/works/W4321371680.pdf,86408aab7d51dad4c21231e3ed3c6a62919fba125055b3817fa26961b4239678,pdf,"Publisher-formatted advance-access article dated 20 February 2023 for the selected 2024 issue-year record. Title, both authors and DOI match; final issue formatting/pagination may differ.",2026-10-07T18:53:08.308797+00:00
J60,Social Forces,2016,84975044355,10.1093/sf/sow031,84959901135,10.1093/sf/sov106,2,66,score-replacement-20261007-v1,initial_hash_order,"Original main text unavailable after documented access attempts. First usable candidate found by the recorded hash-order search, with OA priority only in the second phase.",https://dspace.library.uu.nl/bitstreams/08aeea92-5f8d-4d6f-9b86-3d1fa66ecff8/download,758b82152c913be00892d6196c9fabeafe4f356a045f97fc6977ea87db051050,pdf,,2026-10-07T19:01:18.625171+00:00
J60,Social Forces,2018,85048125432,10.1093/sf/sox091,85048068104,10.1093/sf/soy022,1,62,score-replacement-20261007-v1,initial_hash_order,"Original main text unavailable after documented access attempts. First usable candidate found by the recorded hash-order search, with OA priority only in the second phase.",https://content.openalex.org/works/W2797545131.pdf,c24262028d693eed8c31f66197bd6c71de65d62003cac403dbf1ab57dbe37d5b,pdf,,2026-10-07T18:53:12.016211+00:00
J60,Social Forces,2020,85090143580,10.1093/sf/soaa018,85142678055,10.1093/sf/soz126,2,48,score-replacement-20261007-v1,initial_hash_order,"Original main text unavailable after documented access attempts. First usable candidate found by the recorded hash-order search, with OA priority only in the second phase.",https://content.openalex.org/works/W2982406676.pdf,aaea44cca54e974df987ccf6e845f3b2374ffefadd6edba3bf3ff38f41e615f1,pdf,,2026-10-07T19:02:53.693833+00:00
J60,Social Forces,2023,85166424093,10.1093/sf/soad008,85160261071,10.1093/sf/soad034,2,70,score-replacement-20261007-v1,initial_hash_order,"Original main text unavailable after documented access attempts. First usable candidate found by the recorded hash-order search, with OA priority only in the second phase.",https://content.openalex.org/works/W4366124519.pdf,2b1c3ffff5d3dec897b56db1a35a544e4ba4d656e9519d2635ad989695039b7e,pdf,,2026-10-07T19:02:58.505671+00:00
J62,Law and Human Behavior,2017,85012202652,10.1037/lhb0000235,85007228158,10.1037/lhb0000203,17,47,score-replacement-20261007-v1,scopus_oa_priority,"Original main text unavailable after documented access attempts. First usable candidate found by the recorded hash-order search, with OA priority only in the second phase.",https://eresearch.qmu.ac.uk/bitstream/20.500.12289/4364/1/eResearch%25204364%2520aam.pdf,dfe3e11c6ffef074362ebf29a27cf52ba5857ce1227e190bed89ffc000697df8,pdf,"Author manuscript explicitly not the APA copy of record and linking its official2016APArecord for selected2017 publication. Same title/authors, main text, references and figures present; published-version equivalence is unverified.",2026-10-07T19:43:58.752360+00:00
J62,Law and Human Behavior,2018,85042231531,10.1037/lhb0000273,85054259821,10.1037/lhb0000305,1,42,score-replacement-20261007-v1,initial_hash_order,"Original main text unavailable after documented access attempts. First usable candidate found by the recorded hash-order search, with OA priority only in the second phase.",https://pure.uva.nl/ws/files/30095538/00011272_201810000_00007.pdf,6b92912aa2f67acfcb6d50f8b0b722a273b7d194db6773bee9a4647555e280e3,pdf,,2026-10-07T18:51:21.666690+00:00
J62,Law and Human Behavior,2019,85064560562,10.1037/lhb0000328,85053506571,10.1037/lhb0000303,3,41,score-replacement-20261007-v1,initial_hash_order,"Original main text unavailable after documented access attempts. First usable candidate found by the recorded hash-order search, with OA priority only in the second phase.",https://www.repository.cam.ac.uk/bitstreams/01b028b1-ce73-48ff-9a66-8134f0acabd0/download,ec3a79253d5688c8127103caca29051118aadb44239997fef67b3485a19fa3c4,pdf,"Author manuscript marked “To appear in” Law and Human Behavior. Main text, references and tables present; final published-version equivalence is unverified.",2026-10-07T19:10:35.184300+00:00
J62,Law and Human Behavior,2020,85094145365,10.1037/lhb0000413,85100080978,10.1037/lhb0000427,4,35,score-replacement-20261007-v1,scopus_oa_priority,"Original main text unavailable after documented access attempts. First usable candidate found by the recorded hash-order search, with OA priority only in the second phase.",https://eresearch.qmu.ac.uk/bitstream/20.500.12289/11458/1/11458.pdf,3de210d0a38b6b4bdbf4af23e1006a725388513b857a22c3c5df72614d70cf48,pdf,"APA author manuscript explicitly not the copy of record and linking selected DOI. Main text, references and tables present; final published-version equivalence is unverified.",2026-10-07T19:19:52.708386+00:00
J62,Law and Human Behavior,2022,85135565816,10.1037/lhb0000490,85130590942,10.1037/lhb0000483,18,33,score-replacement-20261007-v1,scopus_oa_priority,"Original main text unavailable after documented access attempts. First usable candidate found by the recorded hash-order search, with OA priority only in the second phase.",https://summit.sfu.ca/_flysystem/fedora/2022-12/Shaffer-et-al_2022-Adolescent_IPV_and_Risk_Assessment.pdf,62f6252d307f5f812fd8196b86a168324b5d46679e649a67e63847fc00c44ea3,pdf,"Author manuscript explicitly not the APA copy of record and linked to selected2022 Law and Human Behavior DOI. Same title/authors, main text, references and figures present; final ROC figure visually checked. Published-version equivalence is unverified.",2026-10-07T19:51:13.291062+00:00
J62,Law and Human Behavior,2023,85150666286,10.1037/lhb0000500,85152410500,10.1037/lhb0000528,5,44,score-replacement-20261007-v1,scopus_oa_priority,"Original main text unavailable after documented access attempts. First usable candidate found by the recorded hash-order search, with OA priority only in the second phase.",https://www.ncbi.nlm.nih.gov/pmc/articles/10102975,91817a5f23ae56c36ddf40fa5ef08559e5c808c4eaa18d9a5823d3a974afeafe,html,"PMC author manuscript; equivalence to the published version is unverified. Saved as one document segment, not physical pages. Images remain repository links; extracted text includes their captions.",2026-10-07T20:10:36.822676+00:00
J62,Law and Human Behavior,2025,105013819893,10.1037/lhb0000609,105021029145,10.1037/lhb0000620,6,38,score-replacement-20261007-v1,scopus_oa_priority,"Original main text unavailable after documented access attempts. First usable candidate found by the recorded hash-order search, with OA priority only in the second phase.",https://centaur.reading.ac.uk/122859/1/LLM%20as%20Juror_Manuscript.pdf,22b23492157d1dd876f18c332e3064bf1d4fe33b36d981af9df2796e254a75cd,pdf,"Accepted manuscript, explicitly accepted May 22, 2025 in Law and Human Behavior; repository cover links the final 2025 article and DOI. Final copyediting/version equivalence has not been checked.",2026-10-07T19:33:58.120632+00:00
